YEAR,GEO_ID,TRACT,CITY,COUNTY,STATE,ABBREV_NAME,B19013_001E,B19013_001M,B19013A_001E,B19013A_001M,B19013B_001E,B19013B_001M,B19013C_001E,B19013C_001M,B19013D_001E,B19013D_001M,B19013E_001E,B19013E_001M,B19013F_001E,B19013F_001M,B19013G_001E,B19013G_001M,B19013H_001E,B19013H_001M,B19013I_001E,B19013I_001M,B19013_001E_string,B19013_001M_string,B19013A_001E_string,B19013A_001M_string,B19013B_001E_string,B19013B_001M_string,B19013C_001E_string,B19013C_001M_string,B19013D_001E_string,B19013D_001M_string,B19013E_001E_string,B19013E_001M_string,B19013F_001E_string,B19013F_001M_string,B19013G_001E_string,B19013G_001M_string,B19013H_001E_string,B19013H_001M_string,B19013I_001E_string,B19013I_001M_string
2010,6037123103,Census Tract 1231.03,Burbank (Los Angeles County),Los Angeles County,California,Burbank(LosAngelesCounty),72337.0,7288.0,69011.0,25568.0,152112.0,82808.0,,,108041.0,124491.0,,,59561.0,23442.0,171182.0,109333.0,72402.0,24581.0,58137.0,16331.0,$72337,$7288,$69011,$25568,$152112,$82808,,,$108041,$124491,,,$59561,$23442,$171182,$109333,$72402,$24581,$58137,$16331
2010,6037310100,Census Tract 3101,Burbank (Los Angeles County),Los Angeles County,California,Burbank(LosAngelesCounty),150682.0,26531.0,147399.0,28927.0,,,,,223561.0,75240.0,,,,,,,127448.0,38937.0,167183.0,192683.0,$150682,$26531,$147399,$28927,,,,,$223561,$75240,,,,,,,$127448,$38937,$167183,$192683
2010,6037310201,Census Tract 3102.01,Burbank (Los Angeles County),Los Angeles County,California,Burbank(LosAngelesCounty),101688.0,8638.0,99316.0,8638.0,,,,,167378.0,119430.0,,,,,,,99066.0,7987.0,76731.0,116338.0,$101688,$8638,$99316,$8638,,,,,$167378,$119430,,,,,,,$99066,$7987,$76731,$116338
2010,6037310202,Census Tract 3102.02,Burbank (Los Angeles County),Los Angeles County,California,Burbank(LosAngelesCounty),93712.0,10837.0,91040.0,17052.0,68153.0,42642.0,,,286266.0,228714.0,,,10500.0,261145.0,,,87595.0,16156.0,151337.0,64342.0,$93712,$10837,$91040,$17052,$68153,$42642,,,$286266,$228714,,,$10500,$261145,,,$87595,$16156,$151337,$64342
2010,6037310300,Census Tract 3103,Burbank (Los Angeles County),Los Angeles County,California,Burbank(LosAngelesCounty),116048.0,21432.0,119879.0,18697.0,,,,,96113.0,5444.0,,,285948.0,25083.0,,,116398.0,20124.0,206689.0,139053.0,$116048,$21432,$119879,$18697,,,,,$96113,$5444,,,$285948,$25083,,,$116398,$20124,$206689,$139053
2010,6037310400,Census Tract 3104,Burbank (Los Angeles County),Los Angeles County,California,Burbank(LosAngelesCounty),110015.0,19755.0,111809.0,22600.0,,,,,145426.0,78696.0,,,31636.0,39388.0,,,111644.0,20873.0,57684.0,105930.0,$110015,$19755,$111809,$22600,,,,,$145426,$78696,,,$31636,$39388,,,$111644,$20873,$57684,$105930
2010,6037310501,Census Tract 3105.01,Burbank (Los Angeles County),Los Angeles County,California,Burbank(LosAngelesCounty),64935.0,20085.0,63430.0,22038.0,91809.0,21933.0,,,55525.0,35027.0,,,80024.0,45920.0,,,76544.0,23638.0,59807.0,30496.0,$64935,$20085,$63430,$22038,$91809,$21933,,,$55525,$35027,,,$80024,$45920,,,$76544,$23638,$59807,$30496
2010,6037310601,Census Tract 3106.01,Burbank (Los Angeles County),Los Angeles County,California,Burbank(LosAngelesCounty),78470.0,20954.0,68528.0,16533.0,70189.0,33648.0,,,174484.0,139379.0,,,89199.0,13804.0,118409.0,22907.0,68782.0,15318.0,88238.0,19387.0,$78470,$20954,$68528,$16533,$70189,$33648,,,$174484,$139379,,,$89199,$13804,$118409,$22907,$68782,$15318,$88238,$19387
2010,6037310602,Census Tract 3106.02,Burbank (Los Angeles County),Los Angeles County,California,Burbank(LosAngelesCounty),104563.0,29510.0,146791.0,36002.0,192356.0,171992.0,,,62067.0,77836.0,,,76398.0,15301.0,,,156438.0,30281.0,76988.0,16076.0,$104563,$29510,$146791,$36002,$192356,$171992,,,$62067,$77836,,,$76398,$15301,,,$156438,$30281,$76988,$16076
2010,6037310701,Census Tract 3107.01,Burbank (Los Angeles County),Los Angeles County,California,Burbank(LosAngelesCounty),54032.0,13648.0,46412.0,9275.0,,,,,119514.0,61493.0,,,152018.0,61952.0,,,46448.0,8936.0,124736.0,63236.0,$54032,$13648,$46412,$9275,,,,,$119514,$61493,,,$152018,$61952,,,$46448,$8936,$124736,$63236
2010,6037310702,Census Tract 3107.02,Burbank (Los Angeles County),Los Angeles County,California,Burbank(LosAngelesCounty),54969.0,9168.0,49386.0,5653.0,42679.0,64166.0,,,80377.0,64566.0,,,73626.0,74937.0,81169.0,427821.0,51961.0,7808.0,42483.0,19537.0,$54969,$9168,$49386,$5653,$42679,$64166,,,$80377,$64566,,,$73626,$74937,$81169,$427821,$51961,$7808,$42483,$19537
2010,6037310703,Census Tract 3107.03,Burbank (Los Angeles County),Los Angeles County,California,Burbank(LosAngelesCounty),70573.0,14699.0,74489.0,16325.0,90050.0,83648.0,,,61071.0,28760.0,,,55001.0,10345.0,93884.0,62378.0,75639.0,15164.0,54640.0,12870.0,$70573,$14699,$74489,$16325,$90050,$83648,,,$61071,$28760,,,$55001,$10345,$93884,$62378,$75639,$15164,$54640,$12870
2010,6037310800,Census Tract 3108,Burbank (Los Angeles County),Los Angeles County,California,Burbank(LosAngelesCounty),76329.0,10735.0,73064.0,15145.0,62257.0,6816.0,,,129169.0,67013.0,,,76408.0,36759.0,137271.0,277600.0,75188.0,18918.0,68802.0,20707.0,$76329,$10735,$73064,$15145,$62257,$6816,,,$129169,$67013,,,$76408,$36759,$137271,$277600,$75188,$18918,$68802,$20707
2010,6037310900,Census Tract 3109,Burbank (Los Angeles County),Los Angeles County,California,Burbank(LosAngelesCounty),116836.0,10111.0,116395.0,12565.0,,,,,127707.0,93394.0,,,152826.0,195860.0,145179.0,125684.0,115246.0,17275.0,149629.0,75163.0,$116836,$10111,$116395,$12565,,,,,$127707,$93394,,,$152826,$195860,$145179,$125684,$115246,$17275,$149629,$75163
2010,6037311000,Census Tract 3110,Burbank (Los Angeles County),Los Angeles County,California,Burbank(LosAngelesCounty),102187.0,18137.0,89560.0,25537.0,,,97342.0,9555.0,157729.0,29733.0,,,108971.0,69601.0,28222.0,28841.0,99428.0,26577.0,74972.0,37116.0,$102187,$18137,$89560,$25537,,,$97342,$9555,$157729,$29733,,,$108971,$69601,$28222,$28841,$99428,$26577,$74972,$37116
2010,6037311100,Census Tract 3111,Burbank (Los Angeles County),Los Angeles County,California,Burbank(LosAngelesCounty),93187.0,13106.0,100332.0,15204.0,,,235854.0,177382.0,105574.0,55823.0,,,78227.0,21784.0,76091.0,32689.0,93617.0,12621.0,88788.0,38627.0,$93187,$13106,$100332,$15204,,,$235854,$177382,$105574,$55823,,,$78227,$21784,$76091,$32689,$93617,$12621,$88788,$38627
2010,6037311200,Census Tract 3112,Burbank (Los Angeles County),Los Angeles County,California,Burbank(LosAngelesCounty),102877.0,5744.0,101328.0,26230.0,113890.0,25273.0,,,178970.0,54145.0,,,80118.0,15995.0,75525.0,57544.0,75717.0,32703.0,132193.0,69089.0,$102877,$5744,$101328,$26230,$113890,$25273,,,$178970,$54145,,,$80118,$15995,$75525,$57544,$75717,$32703,$132193,$69089
2010,6037311300,Census Tract 3113,Burbank (Los Angeles County),Los Angeles County,California,Burbank(LosAngelesCounty),110452.0,9309.0,111019.0,16520.0,,,323141.0,392459.0,106086.0,127659.0,,,117973.0,86428.0,210360.0,317066.0,111799.0,16212.0,116688.0,78670.0,$110452,$9309,$111019,$16520,,,$323141,$392459,$106086,$127659,,,$117973,$86428,$210360,$317066,$111799,$16212,$116688,$78670
2010,6037311400,Census Tract 3114,Burbank (Los Angeles County),Los Angeles County,California,Burbank(LosAngelesCounty),96054.0,27876.0,94847.0,22445.0,,,,,221840.0,210730.0,,,39363.0,221859.0,,,96354.0,29582.0,72612.0,63443.0,$96054,$27876,$94847,$22445,,,,,$221840,$210730,,,$39363,$221859,,,$96354,$29582,$72612,$63443
2010,6037311500,Census Tract 3115,Burbank (Los Angeles County),Los Angeles County,California,Burbank(LosAngelesCounty),96190.0,9953.0,96999.0,8915.0,145448.0,75840.0,,,75092.0,28854.0,,,148355.0,157571.0,102440.0,603460.0,99212.0,15408.0,60741.0,71727.0,$96190,$9953,$96999,$8915,$145448,$75840,,,$75092,$28854,,,$148355,$157571,$102440,$603460,$99212,$15408,$60741,$71727
2010,6037311600,Census Tract 3116,Burbank (Los Angeles County),Los Angeles County,California,Burbank(LosAngelesCounty),99043.0,5384.0,97967.0,7924.0,45333.0,81988.0,,,131460.0,30906.0,,,94727.0,8378.0,143115.0,119144.0,98246.0,7859.0,87858.0,29013.0,$99043,$5384,$97967,$7924,$45333,$81988,,,$131460,$30906,,,$94727,$8378,$143115,$119144,$98246,$7859,$87858,$29013
2010,6037311700,Census Tract 3117,Burbank (Los Angeles County),Los Angeles County,California,Burbank(LosAngelesCounty),107800.0,29853.0,105473.0,30703.0,149771.0,8686.0,,,102674.0,55763.0,,,108322.0,220512.0,145104.0,235414.0,102914.0,28112.0,118590.0,203127.0,$107800,$29853,$105473,$30703,$149771,$8686,,,$102674,$55763,,,$108322,$220512,$145104,$235414,$102914,$28112,$118590,$203127
2010,6037311801,Census Tract 3118.01,Burbank (Los Angeles County),Los Angeles County,California,Burbank(LosAngelesCounty),90389.0,27598.0,74978.0,21076.0,24243.0,89317.0,,,109310.0,98287.0,,,116030.0,105364.0,102914.0,263805.0,85644.0,25390.0,67562.0,73092.0,$90389,$27598,$74978,$21076,$24243,$89317,,,$109310,$98287,,,$116030,$105364,$102914,$263805,$85644,$25390,$67562,$73092
2010,6037311802,Census Tract 3118.02,Burbank (Los Angeles County),Los Angeles County,California,Burbank(LosAngelesCounty),62997.0,12601.0,58983.0,13247.0,80392.0,149908.0,,,74119.0,157521.0,,,88743.0,47325.0,73516.0,35246.0,58278.0,16822.0,71545.0,19378.0,$62997,$12601,$58983,$13247,$80392,$149908,,,$74119,$157521,,,$88743,$47325,$73516,$35246,$58278,$16822,$71545,$19378
2010,6037980001,Census Tract 9800.01,Burbank (Los Angeles County),Los Angeles County,California,Burbank(LosAngelesCounty),,,,,,,,,,,,,,,,,,,,,,,,,,,,,,,,,,,,,,,,
2011,6037123103,Census Tract 1231.03,Burbank (Los Angeles County),Los Angeles County,California,Burbank(LosAngelesCounty),76112.0,9565.0,70190.0,21632.0,151102.0,105428.0,,,107742.0,76934.0,,,72047.0,37695.0,169309.0,97809.0,82865.0,24660.0,56202.0,17031.0,$76112,$9565,$70190,$21632,$151102,$105428,,,$107742,$76934,,,$72047,$37695,$169309,$97809,$82865,$24660,$56202,$17031
2011,6037310100,Census Tract 3101,Burbank (Los Angeles County),Los Angeles County,California,Burbank(LosAngelesCounty),119480.0,43231.0,114644.0,38479.0,,,,,211980.0,67850.0,,,,,,,111166.0,23457.0,145248.0,102643.0,$119480,$43231,$114644,$38479,,,,,$211980,$67850,,,,,,,$111166,$23457,$145248,$102643
2011,6037310201,Census Tract 3102.01,Burbank (Los Angeles County),Los Angeles County,California,Burbank(LosAngelesCounty),92824.0,12078.0,89507.0,18714.0,,,,,164758.0,135861.0,,,72100.0,32489.0,,,83767.0,18665.0,153416.0,138741.0,$92824,$12078,$89507,$18714,,,,,$164758,$135861,,,$72100,$32489,,,$83767,$18665,$153416,$138741
2011,6037310202,Census Tract 3102.02,Burbank (Los Angeles County),Los Angeles County,California,Burbank(LosAngelesCounty),92464.0,7125.0,92329.0,13003.0,66310.0,45851.0,,,94059.0,190412.0,,,10059.0,274231.0,221477.0,211189.0,92140.0,15422.0,87435.0,90524.0,$92464,$7125,$92329,$13003,$66310,$45851,,,$94059,$190412,,,$10059,$274231,$221477,$211189,$92140,$15422,$87435,$90524
2011,6037310300,Census Tract 3103,Burbank (Los Angeles County),Los Angeles County,California,Burbank(LosAngelesCounty),119687.0,24998.0,121837.0,27063.0,,,,,96540.0,4364.0,,,276163.0,35409.0,,,117557.0,21096.0,206919.0,99954.0,$119687,$24998,$121837,$27063,,,,,$96540,$4364,,,$276163,$35409,,,$117557,$21096,$206919,$99954
2011,6037310400,Census Tract 3104,Burbank (Los Angeles County),Los Angeles County,California,Burbank(LosAngelesCounty),91537.0,20144.0,92559.0,21711.0,,,,,199935.0,89329.0,,,29977.0,38005.0,,,90870.0,26668.0,58827.0,72464.0,$91537,$20144,$92559,$21711,,,,,$199935,$89329,,,$29977,$38005,,,$90870,$26668,$58827,$72464
2011,6037310501,Census Tract 3105.01,Burbank (Los Angeles County),Los Angeles County,California,Burbank(LosAngelesCounty),63344.0,17355.0,58980.0,17694.0,98902.0,75297.0,,,54677.0,30322.0,,,70554.0,32562.0,,,68033.0,13867.0,55685.0,24651.0,$63344,$17355,$58980,$17694,$98902,$75297,,,$54677,$30322,,,$70554,$32562,,,$68033,$13867,$55685,$24651
2011,6037310601,Census Tract 3106.01,Burbank (Los Angeles County),Los Angeles County,California,Burbank(LosAngelesCounty),74034.0,23817.0,62006.0,16880.0,87913.0,81819.0,,,172437.0,103228.0,,,109007.0,51345.0,126449.0,26040.0,67253.0,17253.0,74178.0,34657.0,$74034,$23817,$62006,$16880,$87913,$81819,,,$172437,$103228,,,$109007,$51345,$126449,$26040,$67253,$17253,$74178,$34657
2011,6037310602,Census Tract 3106.02,Burbank (Los Angeles County),Los Angeles County,California,Burbank(LosAngelesCounty),126637.0,52857.0,156504.0,29153.0,193159.0,190315.0,,,98858.0,101456.0,,,77557.0,16672.0,,,157152.0,27815.0,79166.0,27131.0,$126637,$52857,$156504,$29153,$193159,$190315,,,$98858,$101456,,,$77557,$16672,,,$157152,$27815,$79166,$27131
2011,6037310701,Census Tract 3107.01,Burbank (Los Angeles County),Los Angeles County,California,Burbank(LosAngelesCounty),54114.0,16538.0,45768.0,10314.0,,,,,119830.0,52504.0,,,125358.0,157734.0,54309.0,60777.0,47135.0,15448.0,114049.0,123250.0,$54114,$16538,$45768,$10314,,,,,$119830,$52504,,,$125358,$157734,$54309,$60777,$47135,$15448,$114049,$123250
2011,6037310702,Census Tract 3107.02,Burbank (Los Angeles County),Los Angeles County,California,Burbank(LosAngelesCounty),57663.0,4943.0,53575.0,7626.0,43390.0,23841.0,,,59267.0,69175.0,,,108059.0,31362.0,43422.0,76393.0,56146.0,7717.0,47383.0,29025.0,$57663,$4943,$53575,$7626,$43390,$23841,,,$59267,$69175,,,$108059,$31362,$43422,$76393,$56146,$7717,$47383,$29025
2011,6037310703,Census Tract 3107.03,Burbank (Los Angeles County),Los Angeles County,California,Burbank(LosAngelesCounty),75417.0,4988.0,76125.0,4814.0,87128.0,85226.0,,,71693.0,57073.0,,,54205.0,13477.0,87999.0,112009.0,76432.0,6035.0,54567.0,21625.0,$75417,$4988,$76125,$4814,$87128,$85226,,,$71693,$57073,,,$54205,$13477,$87999,$112009,$76432,$6035,$54567,$21625
2011,6037310800,Census Tract 3108,Burbank (Los Angeles County),Los Angeles County,California,Burbank(LosAngelesCounty),82137.0,15312.0,75332.0,15358.0,,,,,144678.0,83315.0,,,61511.0,33739.0,154167.0,82712.0,78353.0,14098.0,62211.0,22970.0,$82137,$15312,$75332,$15358,,,,,$144678,$83315,,,$61511,$33739,$154167,$82712,$78353,$14098,$62211,$22970
2011,6037310900,Census Tract 3109,Burbank (Los Angeles County),Los Angeles County,California,Burbank(LosAngelesCounty),111652.0,9144.0,111027.0,12115.0,,,,,128570.0,54584.0,,,110799.0,85501.0,144281.0,114901.0,110206.0,12563.0,111460.0,47401.0,$111652,$9144,$111027,$12115,,,,,$128570,$54584,,,$110799,$85501,$144281,$114901,$110206,$12563,$111460,$47401
2011,6037311000,Census Tract 3110,Burbank (Los Angeles County),Los Angeles County,California,Burbank(LosAngelesCounty),94939.0,15952.0,85615.0,21920.0,,,97449.0,7874.0,151978.0,29575.0,,,109574.0,62143.0,30392.0,21093.0,93945.0,33531.0,78585.0,27669.0,$94939,$15952,$85615,$21920,,,$97449,$7874,$151978,$29575,,,$109574,$62143,$30392,$21093,$93945,$33531,$78585,$27669
2011,6037311100,Census Tract 3111,Burbank (Los Angeles County),Los Angeles County,California,Burbank(LosAngelesCounty),100308.0,13619.0,97628.0,16881.0,,,235046.0,259358.0,115976.0,33128.0,,,77925.0,60534.0,62893.0,31642.0,92901.0,12385.0,107917.0,70470.0,$100308,$13619,$97628,$16881,,,$235046,$259358,$115976,$33128,,,$77925,$60534,$62893,$31642,$92901,$12385,$107917,$70470
2011,6037311200,Census Tract 3112,Burbank (Los Angeles County),Los Angeles County,California,Burbank(LosAngelesCounty),104447.0,15080.0,95603.0,26206.0,112413.0,61511.0,126332.0,185550.0,188531.0,78889.0,,,47886.0,204974.0,73969.0,108587.0,76499.0,30634.0,140476.0,47562.0,$104447,$15080,$95603,$26206,$112413,$61511,$126332,$185550,$188531,$78889,,,$47886,$204974,$73969,$108587,$76499,$30634,$140476,$47562
2011,6037311300,Census Tract 3113,Burbank (Los Angeles County),Los Angeles County,California,Burbank(LosAngelesCounty),106333.0,19708.0,106866.0,29810.0,,,,,103362.0,170611.0,,,80150.0,103829.0,243514.0,147361.0,108123.0,19089.0,72813.0,16441.0,$106333,$19708,$106866,$29810,,,,,$103362,$170611,,,$80150,$103829,$243514,$147361,$108123,$19089,$72813,$16441
2011,6037311400,Census Tract 3114,Burbank (Los Angeles County),Los Angeles County,California,Burbank(LosAngelesCounty),94853.0,20532.0,94077.0,22417.0,,,,,301781.0,317605.0,,,,,,,93376.0,22515.0,80806.0,51586.0,$94853,$20532,$94077,$22417,,,,,$301781,$317605,,,,,,,$93376,$22515,$80806,$51586
2011,6037311500,Census Tract 3115,Burbank (Los Angeles County),Los Angeles County,California,Burbank(LosAngelesCounty),98405.0,15752.0,97900.0,20452.0,144591.0,85019.0,,,85697.0,41904.0,,,80254.0,145802.0,99079.0,413874.0,108618.0,23094.0,59478.0,70553.0,$98405,$15752,$97900,$20452,$144591,$85019,,,$85697,$41904,,,$80254,$145802,$99079,$413874,$108618,$23094,$59478,$70553
2011,6037311600,Census Tract 3116,Burbank (Los Angeles County),Los Angeles County,California,Burbank(LosAngelesCounty),105680.0,14511.0,103607.0,16218.0,35981.0,24326.0,,,132193.0,33269.0,,,179938.0,78862.0,75969.0,121969.0,102594.0,16133.0,96354.0,44950.0,$105680,$14511,$103607,$16218,$35981,$24326,,,$132193,$33269,,,$179938,$78862,$75969,$121969,$102594,$16133,$96354,$44950
2011,6037311700,Census Tract 3117,Burbank (Los Angeles County),Los Angeles County,California,Burbank(LosAngelesCounty),106787.0,28426.0,107131.0,33168.0,151443.0,19955.0,,,101313.0,53381.0,,,86828.0,21652.0,89814.0,123094.0,106759.0,31374.0,87595.0,48236.0,$106787,$28426,$107131,$33168,$151443,$19955,,,$101313,$53381,,,$86828,$21652,$89814,$123094,$106759,$31374,$87595,$48236
2011,6037311801,Census Tract 3118.01,Burbank (Los Angeles County),Los Angeles County,California,Burbank(LosAngelesCounty),75794.0,17012.0,73580.0,11501.0,91358.0,136500.0,,,109590.0,112427.0,,,63944.0,111642.0,103362.0,268367.0,76290.0,8137.0,63555.0,38954.0,$75794,$17012,$73580,$11501,$91358,$136500,,,$109590,$112427,,,$63944,$111642,$103362,$268367,$76290,$8137,$63555,$38954
2011,6037311802,Census Tract 3118.02,Burbank (Los Angeles County),Los Angeles County,California,Burbank(LosAngelesCounty),67381.0,19327.0,60226.0,9315.0,31492.0,187020.0,,,130662.0,186710.0,,,89347.0,13748.0,75466.0,32759.0,58268.0,12151.0,75456.0,12497.0,$67381,$19327,$60226,$9315,$31492,$187020,,,$130662,$186710,,,$89347,$13748,$75466,$32759,$58268,$12151,$75456,$12497
2011,6037980001,Census Tract 9800.01,Burbank (Los Angeles County),Los Angeles County,California,Burbank(LosAngelesCounty),,,,,,,,,,,,,,,,,,,,,,,,,,,,,,,,,,,,,,,,
2012,6037123103,Census Tract 1231.03,Burbank (Los Angeles County),Los Angeles County,California,Burbank(LosAngelesCounty),71444.0,7549.0,66161.0,9114.0,126270.0,107724.0,,,82654.0,32014.0,,,73032.0,19711.0,83773.0,131105.0,80438.0,24501.0,63429.0,7177.0,$71444,$7549,$66161,$9114,$126270,$107724,,,$82654,$32014,,,$73032,$19711,$83773,$131105,$80438,$24501,$63429,$7177
2012,6037310100,Census Tract 3101,Burbank (Los Angeles County),Los Angeles County,California,Burbank(LosAngelesCounty),128701.0,24553.0,118933.0,33689.0,,,,,180181.0,90382.0,,,,,,,112662.0,19166.0,148668.0,36136.0,$128701,$24553,$118933,$33689,,,,,$180181,$90382,,,,,,,$112662,$19166,$148668,$36136
2012,6037310201,Census Tract 3102.01,Burbank (Los Angeles County),Los Angeles County,California,Burbank(LosAngelesCounty),81653.0,19267.0,78446.0,22089.0,,,,,109296.0,146619.0,,,70786.0,75614.0,79737.0,65780.0,76033.0,21167.0,111541.0,105127.0,$81653,$19267,$78446,$22089,,,,,$109296,$146619,,,$70786,$75614,$79737,$65780,$76033,$21167,$111541,$105127
2012,6037310202,Census Tract 3102.02,Burbank (Los Angeles County),Los Angeles County,California,Burbank(LosAngelesCounty),94046.0,15036.0,94326.0,18155.0,,,,,162640.0,165311.0,,,21450.0,165024.0,220433.0,207832.0,94103.0,19708.0,88565.0,31157.0,$94046,$15036,$94326,$18155,,,,,$162640,$165311,,,$21450,$165024,$220433,$207832,$94103,$19708,$88565,$31157
2012,6037310300,Census Tract 3103,Burbank (Los Angeles County),Los Angeles County,California,Burbank(LosAngelesCounty),142086.0,19790.0,142772.0,20743.0,,,,,93568.0,13902.0,,,285794.0,231972.0,,,138017.0,34409.0,185258.0,71320.0,$142086,$19790,$142772,$20743,,,,,$93568,$13902,,,$285794,$231972,,,$138017,$34409,$185258,$71320
2012,6037310400,Census Tract 3104,Burbank (Los Angeles County),Los Angeles County,California,Burbank(LosAngelesCounty),82226.0,31824.0,83894.0,34598.0,,,,,169600.0,71328.0,,,43587.0,45772.0,12698.0,237352.0,74754.0,34123.0,73246.0,44673.0,$82226,$31824,$83894,$34598,,,,,$169600,$71328,,,$43587,$45772,$12698,$237352,$74754,$34123,$73246,$44673
2012,6037310501,Census Tract 3105.01,Burbank (Los Angeles County),Los Angeles County,California,Burbank(LosAngelesCounty),69225.0,16400.0,64046.0,16157.0,97298.0,83717.0,,,117625.0,63313.0,,,46888.0,34231.0,,,71120.0,33247.0,54741.0,21237.0,$69225,$16400,$64046,$16157,$97298,$83717,,,$117625,$63313,,,$46888,$34231,,,$71120,$33247,$54741,$21237
2012,6037310601,Census Tract 3106.01,Burbank (Los Angeles County),Los Angeles County,California,Burbank(LosAngelesCounty),73725.0,19212.0,58475.0,7627.0,44494.0,84841.0,,,194570.0,44711.0,,,98918.0,40417.0,94861.0,40797.0,60391.0,9803.0,75558.0,46168.0,$73725,$19212,$58475,$7627,$44494,$84841,,,$194570,$44711,,,$98918,$40417,$94861,$40797,$60391,$9803,$75558,$46168
2012,6037310602,Census Tract 3106.02,Burbank (Los Angeles County),Los Angeles County,California,Burbank(LosAngelesCounty),121613.0,38306.0,139789.0,49726.0,193782.0,229826.0,,,121837.0,78927.0,,,68355.0,63108.0,145003.0,119885.0,139261.0,46873.0,68546.0,64603.0,$121613,$38306,$139789,$49726,$193782,$229826,,,$121837,$78927,,,$68355,$63108,$145003,$119885,$139261,$46873,$68546,$64603
2012,6037310701,Census Tract 3107.01,Burbank (Los Angeles County),Los Angeles County,California,Burbank(LosAngelesCounty),43790.0,9486.0,41692.0,12181.0,,,78157.0,7376.0,118405.0,39654.0,,,90376.0,40009.0,29515.0,15212.0,41407.0,12359.0,77064.0,56315.0,$43790,$9486,$41692,$12181,,,$78157,$7376,$118405,$39654,,,$90376,$40009,$29515,$15212,$41407,$12359,$77064,$56315
2012,6037310702,Census Tract 3107.02,Burbank (Los Angeles County),Los Angeles County,California,Burbank(LosAngelesCounty),54652.0,8581.0,50146.0,10506.0,29774.0,33980.0,,,57876.0,25905.0,,,105617.0,15001.0,40814.0,99861.0,53769.0,10785.0,46983.0,29863.0,$54652,$8581,$50146,$10506,$29774,$33980,,,$57876,$25905,,,$105617,$15001,$40814,$99861,$53769,$10785,$46983,$29863
2012,6037310703,Census Tract 3107.03,Burbank (Los Angeles County),Los Angeles County,California,Burbank(LosAngelesCounty),75727.0,12641.0,76835.0,6526.0,,,,,60394.0,11707.0,,,47013.0,31798.0,3431.0,,76891.0,5454.0,63064.0,41025.0,$75727,$12641,$76835,$6526,,,,,$60394,$11707,,,$47013,$31798,$3431,,$76891,$5454,$63064,$41025
2012,6037310800,Census Tract 3108,Burbank (Los Angeles County),Los Angeles County,California,Burbank(LosAngelesCounty),89197.0,11378.0,87302.0,26984.0,85972.0,89260.0,,,95729.0,47711.0,,,63233.0,34458.0,136301.0,92809.0,82231.0,26513.0,73666.0,33604.0,$89197,$11378,$87302,$26984,$85972,$89260,,,$95729,$47711,,,$63233,$34458,$136301,$92809,$82231,$26513,$73666,$33604
2012,6037310900,Census Tract 3109,Burbank (Los Angeles County),Los Angeles County,California,Burbank(LosAngelesCounty),110333.0,11543.0,109825.0,13640.0,,,,,176749.0,54045.0,,,59090.0,35296.0,92092.0,104571.0,107233.0,13134.0,76505.0,79466.0,$110333,$11543,$109825,$13640,,,,,$176749,$54045,,,$59090,$35296,$92092,$104571,$107233,$13134,$76505,$79466
2012,6037311000,Census Tract 3110,Burbank (Los Angeles County),Los Angeles County,California,Burbank(LosAngelesCounty),93715.0,13440.0,86144.0,16317.0,,,95524.0,13999.0,151696.0,85957.0,,,112185.0,97413.0,29244.0,32264.0,87311.0,23848.0,93226.0,24760.0,$93715,$13440,$86144,$16317,,,$95524,$13999,$151696,$85957,,,$112185,$97413,$29244,$32264,$87311,$23848,$93226,$24760
2012,6037311100,Census Tract 3111,Burbank (Los Angeles County),Los Angeles County,California,Burbank(LosAngelesCounty),106431.0,11854.0,101363.0,17270.0,,,237602.0,211292.0,133658.0,49549.0,,,131961.0,33860.0,75816.0,12460.0,93361.0,11157.0,131275.0,26778.0,$106431,$11854,$101363,$17270,,,$237602,$211292,$133658,$49549,,,$131961,$33860,$75816,$12460,$93361,$11157,$131275,$26778
2012,6037311200,Census Tract 3112,Burbank (Los Angeles County),Los Angeles County,California,Burbank(LosAngelesCounty),101996.0,17326.0,100458.0,16582.0,114074.0,73865.0,127453.0,180891.0,181652.0,49604.0,,,151207.0,229539.0,21965.0,56952.0,81121.0,27425.0,139291.0,9368.0,$101996,$17326,$100458,$16582,$114074,$73865,$127453,$180891,$181652,$49604,,,$151207,$229539,$21965,$56952,$81121,$27425,$139291,$9368
2012,6037311300,Census Tract 3113,Burbank (Los Angeles County),Los Angeles County,California,Burbank(LosAngelesCounty),105840.0,27423.0,99338.0,43161.0,,,,,104290.0,68583.0,,,80843.0,168364.0,209926.0,159224.0,96860.0,43419.0,79127.0,84179.0,$105840,$27423,$99338,$43161,,,,,$104290,$68583,,,$80843,$168364,$209926,$159224,$96860,$43419,$79127,$84179
2012,6037311400,Census Tract 3114,Burbank (Los Angeles County),Los Angeles County,California,Burbank(LosAngelesCounty),95117.0,22850.0,94666.0,19594.0,,,,,125870.0,30166.0,,,37262.0,63628.0,110071.0,161072.0,93605.0,15561.0,108967.0,38708.0,$95117,$22850,$94666,$19594,,,,,$125870,$30166,,,$37262,$63628,$110071,$161072,$93605,$15561,$108967,$38708
2012,6037311500,Census Tract 3115,Burbank (Los Angeles County),Los Angeles County,California,Burbank(LosAngelesCounty),99186.0,20046.0,99478.0,23951.0,144844.0,80422.0,,,83638.0,38131.0,,,147768.0,138442.0,,,107210.0,26972.0,79999.0,53827.0,$99186,$20046,$99478,$23951,$144844,$80422,,,$83638,$38131,,,$147768,$138442,,,$107210,$26972,$79999,$53827
2012,6037311600,Census Tract 3116,Burbank (Los Angeles County),Los Angeles County,California,Burbank(LosAngelesCounty),112553.0,12107.0,108824.0,13098.0,99250.0,42300.0,,,137672.0,13073.0,,,179625.0,94872.0,54422.0,80278.0,110254.0,13806.0,88877.0,36698.0,$112553,$12107,$108824,$13098,$99250,$42300,,,$137672,$13073,,,$179625,$94872,$54422,$80278,$110254,$13806,$88877,$36698
2012,6037311700,Census Tract 3117,Burbank (Los Angeles County),Los Angeles County,California,Burbank(LosAngelesCounty),105009.0,22632.0,107251.0,31649.0,151045.0,26880.0,,,102056.0,40869.0,,,78150.0,20312.0,87746.0,78501.0,106115.0,33681.0,78471.0,36778.0,$105009,$22632,$107251,$31649,$151045,$26880,,,$102056,$40869,,,$78150,$20312,$87746,$78501,$106115,$33681,$78471,$36778
2012,6037311801,Census Tract 3118.01,Burbank (Los Angeles County),Los Angeles County,California,Burbank(LosAngelesCounty),79795.0,12715.0,72645.0,13401.0,94031.0,6345.0,,,100329.0,13227.0,,,63229.0,39809.0,100744.0,141446.0,80265.0,11066.0,63405.0,9124.0,$79795,$12715,$72645,$13401,$94031,$6345,,,$100329,$13227,,,$63229,$39809,$100744,$141446,$80265,$11066,$63405,$9124
2012,6037311802,Census Tract 3118.02,Burbank (Los Angeles County),Los Angeles County,California,Burbank(LosAngelesCounty),69777.0,8437.0,65467.0,8315.0,82226.0,80765.0,,,57253.0,166659.0,,,89465.0,32994.0,73646.0,31967.0,63341.0,23725.0,70605.0,3549.0,$69777,$8437,$65467,$8315,$82226,$80765,,,$57253,$166659,,,$89465,$32994,$73646,$31967,$63341,$23725,$70605,$3549
2012,6037980001,Census Tract 9800.01,Burbank (Los Angeles County),Los Angeles County,California,Burbank(LosAngelesCounty),,,,,,,,,,,,,,,,,,,,,,,,,,,,,,,,,,,,,,,,
2013,6037123103,Census Tract 1231.03,Burbank (Los Angeles County),Los Angeles County,California,Burbank(LosAngelesCounty),64028.0,11013.0,60055.0,9642.0,152533.0,163319.0,,,105144.0,36482.0,,,61957.0,15895.0,67617.0,70779.0,57369.0,37460.0,60907.0,5839.0,$64028,$11013,$60055,$9642,$152533,$163319,,,$105144,$36482,,,$61957,$15895,$67617,$70779,$57369,$37460,$60907,$5839
2013,6037310100,Census Tract 3101,Burbank (Los Angeles County),Los Angeles County,California,Burbank(LosAngelesCounty),143092.0,30086.0,138420.0,34681.0,,,,,159851.0,141463.0,,,,,,,142864.0,54737.0,137184.0,44151.0,$143092,$30086,$138420,$34681,,,,,$159851,$141463,,,,,,,$142864,$54737,$137184,$44151
2013,6037310201,Census Tract 3102.01,Burbank (Los Angeles County),Los Angeles County,California,Burbank(LosAngelesCounty),80990.0,25697.0,79190.0,35446.0,,,,,105432.0,61724.0,,,,,132698.0,72081.0,60479.0,27920.0,152621.0,88500.0,$80990,$25697,$79190,$35446,,,,,$105432,$61724,,,,,$132698,$72081,$60479,$27920,$152621,$88500
2013,6037310202,Census Tract 3102.02,Burbank (Los Angeles County),Los Angeles County,California,Burbank(LosAngelesCounty),88519.0,9368.0,85133.0,14118.0,64016.0,52739.0,,,111085.0,142749.0,,,20814.0,83266.0,220072.0,247668.0,83431.0,23835.0,84301.0,19932.0,$88519,$9368,$85133,$14118,$64016,$52739,,,$111085,$142749,,,$20814,$83266,$220072,$247668,$83431,$23835,$84301,$19932
2013,6037310300,Census Tract 3103,Burbank (Los Angeles County),Los Angeles County,California,Burbank(LosAngelesCounty),136248.0,27458.0,129599.0,27317.0,,,,,151173.0,114991.0,,,,,,,119006.0,27148.0,206908.0,64765.0,$136248,$27458,$129599,$27317,,,,,$151173,$114991,,,,,,,$119006,$27148,$206908,$64765
2013,6037310400,Census Tract 3104,Burbank (Los Angeles County),Los Angeles County,California,Burbank(LosAngelesCounty),80464.0,22130.0,77716.0,21298.0,,,,,182566.0,87118.0,,,54614.0,44419.0,13126.0,90012.0,85633.0,30256.0,56824.0,26605.0,$80464,$22130,$77716,$21298,,,,,$182566,$87118,,,$54614,$44419,$13126,$90012,$85633,$30256,$56824,$26605
2013,6037310501,Census Tract 3105.01,Burbank (Los Angeles County),Los Angeles County,California,Burbank(LosAngelesCounty),70001.0,14684.0,61829.0,16432.0,98721.0,87456.0,,,133315.0,22742.0,,,46205.0,22802.0,,,67617.0,24260.0,53838.0,10550.0,$70001,$14684,$61829,$16432,$98721,$87456,,,$133315,$22742,,,$46205,$22802,,,$67617,$24260,$53838,$10550
2013,6037310601,Census Tract 3106.01,Burbank (Los Angeles County),Los Angeles County,California,Burbank(LosAngelesCounty),65004.0,8706.0,57111.0,4563.0,,,,,127094.0,54517.0,,,101313.0,55723.0,93324.0,34628.0,59530.0,7468.0,56793.0,15653.0,$65004,$8706,$57111,$4563,,,,,$127094,$54517,,,$101313,$55723,$93324,$34628,$59530,$7468,$56793,$15653
2013,6037310602,Census Tract 3106.02,Burbank (Los Angeles County),Los Angeles County,California,Burbank(LosAngelesCounty),110843.0,24074.0,115171.0,23872.0,194023.0,202897.0,,,98287.0,126386.0,,,122303.0,85372.0,,,109636.0,21394.0,122714.0,50859.0,$110843,$24074,$115171,$23872,$194023,$202897,,,$98287,$126386,,,$122303,$85372,,,$109636,$21394,$122714,$50859
2013,6037310701,Census Tract 3107.01,Burbank (Los Angeles County),Los Angeles County,California,Burbank(LosAngelesCounty),40678.0,12270.0,35963.0,8805.0,,,,,212994.0,299957.0,,,89660.0,11599.0,28737.0,21140.0,36228.0,9368.0,75393.0,67466.0,$40678,$12270,$35963,$8805,,,,,$212994,$299957,,,$89660,$11599,$28737,$21140,$36228,$9368,$75393,$67466
2013,6037310702,Census Tract 3107.02,Burbank (Los Angeles County),Los Angeles County,California,Burbank(LosAngelesCounty),58464.0,7624.0,53718.0,10827.0,31696.0,2141.0,,,59193.0,13316.0,,,104910.0,7520.0,39798.0,68328.0,53411.0,10517.0,95087.0,58295.0,$58464,$7624,$53718,$10827,$31696,$2141,,,$59193,$13316,,,$104910,$7520,$39798,$68328,$53411,$10517,$95087,$58295
2013,6037310703,Census Tract 3107.03,Burbank (Los Angeles County),Los Angeles County,California,Burbank(LosAngelesCounty),74423.0,13951.0,75393.0,10184.0,,,,,59464.0,9305.0,,,48987.0,1658.0,88824.0,105902.0,76407.0,8840.0,49897.0,34051.0,$74423,$13951,$75393,$10184,,,,,$59464,$9305,,,$48987,$1658,$88824,$105902,$76407,$8840,$49897,$34051
2013,6037310800,Census Tract 3108,Burbank (Los Angeles County),Los Angeles County,California,Burbank(LosAngelesCounty),87381.0,12684.0,93414.0,22849.0,87419.0,121849.0,,,108447.0,55465.0,,,61158.0,9815.0,167287.0,60216.0,85836.0,21744.0,79208.0,37365.0,$87381,$12684,$93414,$22849,$87419,$121849,,,$108447,$55465,,,$61158,$9815,$167287,$60216,$85836,$21744,$79208,$37365
2013,6037310900,Census Tract 3109,Burbank (Los Angeles County),Los Angeles County,California,Burbank(LosAngelesCounty),108532.0,15475.0,109934.0,12763.0,,,,,175562.0,41457.0,,,57065.0,7078.0,145579.0,123957.0,106075.0,15902.0,78725.0,65428.0,$108532,$15475,$109934,$12763,,,,,$175562,$41457,,,$57065,$7078,$145579,$123957,$106075,$15902,$78725,$65428
2013,6037311000,Census Tract 3110,Burbank (Los Angeles County),Los Angeles County,California,Burbank(LosAngelesCounty),91939.0,14451.0,86804.0,13599.0,,,,,109540.0,52413.0,,,125655.0,20052.0,28223.0,11709.0,88841.0,26829.0,92785.0,20057.0,$91939,$14451,$86804,$13599,,,,,$109540,$52413,,,$125655,$20052,$28223,$11709,$88841,$26829,$92785,$20057
2013,6037311100,Census Tract 3111,Burbank (Los Angeles County),Los Angeles County,California,Burbank(LosAngelesCounty),114819.0,12335.0,111445.0,13338.0,,,,,117485.0,55597.0,,,134517.0,39757.0,75344.0,69483.0,109590.0,14945.0,133799.0,21477.0,$114819,$12335,$111445,$13338,,,,,$117485,$55597,,,$134517,$39757,$75344,$69483,$109590,$14945,$133799,$21477
2013,6037311200,Census Tract 3112,Burbank (Los Angeles County),Los Angeles County,California,Burbank(LosAngelesCounty),102459.0,34283.0,97016.0,37951.0,,,,,182686.0,41966.0,,,149127.0,140894.0,,,95325.0,44626.0,130888.0,62388.0,$102459,$34283,$97016,$37951,,,,,$182686,$41966,,,$149127,$140894,,,$95325,$44626,$130888,$62388
2013,6037311300,Census Tract 3113,Burbank (Los Angeles County),Los Angeles County,California,Burbank(LosAngelesCounty),87198.0,34024.0,87480.0,42818.0,,,,,59690.0,61976.0,,,70515.0,111890.0,210458.0,161006.0,95720.0,36862.0,72350.0,61487.0,$87198,$34024,$87480,$42818,,,,,$59690,$61976,,,$70515,$111890,$210458,$161006,$95720,$36862,$72350,$61487
2013,6037311400,Census Tract 3114,Burbank (Los Angeles County),Los Angeles County,California,Burbank(LosAngelesCounty),98045.0,22930.0,97143.0,15594.0,,,,,124097.0,56090.0,,,68825.0,19095.0,153829.0,118392.0,95790.0,12090.0,77083.0,69002.0,$98045,$22930,$97143,$15594,,,,,$124097,$56090,,,$68825,$19095,$153829,$118392,$95790,$12090,$77083,$69002
2013,6037311500,Census Tract 3115,Burbank (Los Angeles County),Los Angeles County,California,Burbank(LosAngelesCounty),96837.0,22919.0,96419.0,22845.0,147293.0,62064.0,,,95932.0,101703.0,,,149020.0,145479.0,,,97459.0,25094.0,80802.0,66814.0,$96837,$22919,$96419,$22845,$147293,$62064,,,$95932,$101703,,,$149020,$145479,,,$97459,$25094,$80802,$66814
2013,6037311600,Census Tract 3116,Burbank (Los Angeles County),Los Angeles County,California,Burbank(LosAngelesCounty),112684.0,8623.0,108905.0,16985.0,119061.0,48476.0,,,137069.0,35503.0,,,,,110018.0,101638.0,108692.0,18994.0,97417.0,33786.0,$112684,$8623,$108905,$16985,$119061,$48476,,,$137069,$35503,,,,,$110018,$101638,$108692,$18994,$97417,$33786
2013,6037311700,Census Tract 3117,Burbank (Los Angeles County),Los Angeles County,California,Burbank(LosAngelesCounty),100626.0,18270.0,94242.0,37368.0,,,,,115198.0,38452.0,,,89982.0,52882.0,73619.0,71014.0,105282.0,39340.0,76376.0,20142.0,$100626,$18270,$94242,$37368,,,,,$115198,$38452,,,$89982,$52882,$73619,$71014,$105282,$39340,$76376,$20142
2013,6037311801,Census Tract 3118.01,Burbank (Los Angeles County),Los Angeles County,California,Burbank(LosAngelesCounty),68583.0,10501.0,65537.0,10298.0,,,,,101087.0,15702.0,,,62400.0,5538.0,56629.0,144447.0,78766.0,15294.0,60694.0,7205.0,$68583,$10501,$65537,$10298,,,,,$101087,$15702,,,$62400,$5538,$56629,$144447,$78766,$15294,$60694,$7205
2013,6037311802,Census Tract 3118.02,Burbank (Los Angeles County),Los Angeles County,California,Burbank(LosAngelesCounty),61676.0,16566.0,62352.0,16233.0,,,,,54614.0,116491.0,,,51123.0,13676.0,79450.0,24686.0,61774.0,13095.0,51788.0,23358.0,$61676,$16566,$62352,$16233,,,,,$54614,$116491,,,$51123,$13676,$79450,$24686,$61774,$13095,$51788,$23358
2013,6037980001,Census Tract 9800.01,Burbank (Los Angeles County),Los Angeles County,California,Burbank(LosAngelesCounty),,,,,,,,,,,,,,,,,,,,,,,,,,,,,,,,,,,,,,,,
2014,6037123103,Census Tract 1231.03,Burbank (Los Angeles County),Los Angeles County,California,Burbank(LosAngelesCounty),62573.0,6415.0,60944.0,9472.0,72196.0,104446.0,,,100095.0,24994.0,,,61592.0,25723.0,52918.0,78543.0,56083.0,19935.0,61741.0,7174.0,$62573,$6415,$60944,$9472,$72196,$104446,,,$100095,$24994,,,$61592,$25723,$52918,$78543,$56083,$19935,$61741,$7174
2014,6037310100,Census Tract 3101,Burbank (Los Angeles County),Los Angeles County,California,Burbank(LosAngelesCounty),156452.0,38889.0,146406.0,36052.0,,,,,160452.0,124950.0,,,,,,,149206.0,40528.0,134825.0,79436.0,$156452,$38889,$146406,$36052,,,,,$160452,$124950,,,,,,,$149206,$40528,$134825,$79436
2014,6037310201,Census Tract 3102.01,Burbank (Los Angeles County),Los Angeles County,California,Burbank(LosAngelesCounty),87985.0,21591.0,82304.0,30531.0,,,,,127863.0,79542.0,,,110890.0,100903.0,94552.0,67704.0,81235.0,33990.0,85566.0,84798.0,$87985,$21591,$82304,$30531,,,,,$127863,$79542,,,$110890,$100903,$94552,$67704,$81235,$33990,$85566,$84798
2014,6037310202,Census Tract 3102.02,Burbank (Los Angeles County),Los Angeles County,California,Burbank(LosAngelesCounty),89912.0,10923.0,87859.0,11878.0,62075.0,43507.0,,,114589.0,116330.0,,,20784.0,82552.0,223790.0,165554.0,85172.0,15938.0,89720.0,58501.0,$89912,$10923,$87859,$11878,$62075,$43507,,,$114589,$116330,,,$20784,$82552,$223790,$165554,$85172,$15938,$89720,$58501
2014,6037310300,Census Tract 3103,Burbank (Los Angeles County),Los Angeles County,California,Burbank(LosAngelesCounty),134846.0,33951.0,121116.0,35425.0,,,,,206236.0,104654.0,,,,,,,117270.0,31521.0,184457.0,56693.0,$134846,$33951,$121116,$35425,,,,,$206236,$104654,,,,,,,$117270,$31521,$184457,$56693
2014,6037310400,Census Tract 3104,Burbank (Los Angeles County),Los Angeles County,California,Burbank(LosAngelesCounty),80503.0,29164.0,84212.0,33116.0,,,,,135603.0,49121.0,,,53445.0,42845.0,61520.0,146381.0,98590.0,35598.0,55773.0,18396.0,$80503,$29164,$84212,$33116,,,,,$135603,$49121,,,$53445,$42845,$61520,$146381,$98590,$35598,$55773,$18396
2014,6037310501,Census Tract 3105.01,Burbank (Los Angeles County),Los Angeles County,California,Burbank(LosAngelesCounty),71873.0,14110.0,62779.0,17360.0,98856.0,140985.0,,,133848.0,21263.0,,,41644.0,14454.0,,,65677.0,28905.0,54945.0,13594.0,$71873,$14110,$62779,$17360,$98856,$140985,,,$133848,$21263,,,$41644,$14454,,,$65677,$28905,$54945,$13594
2014,6037310601,Census Tract 3106.01,Burbank (Los Angeles County),Los Angeles County,California,Burbank(LosAngelesCounty),65873.0,9737.0,60004.0,10096.0,,,,,113481.0,57877.0,,,42975.0,48807.0,90526.0,64654.0,60470.0,9908.0,54834.0,13675.0,$65873,$9737,$60004,$10096,,,,,$113481,$57877,,,$42975,$48807,$90526,$64654,$60470,$9908,$54834,$13675
2014,6037310602,Census Tract 3106.02,Burbank (Los Angeles County),Los Angeles County,California,Burbank(LosAngelesCounty),92810.0,26074.0,96105.0,35811.0,,,,,50487.0,107597.0,,,52019.0,51718.0,144656.0,96119.0,114357.0,43063.0,68541.0,39463.0,$92810,$26074,$96105,$35811,,,,,$50487,$107597,,,$52019,$51718,$144656,$96119,$114357,$43063,$68541,$39463
2014,6037310701,Census Tract 3107.01,Burbank (Los Angeles County),Los Angeles County,California,Burbank(LosAngelesCounty),33913.0,8864.0,32019.0,6868.0,,,,,107037.0,95485.0,,,91641.0,16397.0,16257.0,20815.0,32189.0,6546.0,49480.0,68307.0,$33913,$8864,$32019,$6868,,,,,$107037,$95485,,,$91641,$16397,$16257,$20815,$32189,$6546,$49480,$68307
2014,6037310702,Census Tract 3107.02,Burbank (Los Angeles County),Los Angeles County,California,Burbank(LosAngelesCounty),57757.0,9936.0,52345.0,10475.0,,,,,61429.0,43684.0,,,106332.0,8165.0,87519.0,125498.0,49417.0,12973.0,98475.0,12025.0,$57757,$9936,$52345,$10475,,,,,$61429,$43684,,,$106332,$8165,$87519,$125498,$49417,$12973,$98475,$12025
2014,6037310703,Census Tract 3107.03,Burbank (Los Angeles County),Los Angeles County,California,Burbank(LosAngelesCounty),73298.0,15332.0,70012.0,16505.0,,,,,59346.0,12792.0,,,96582.0,63615.0,83008.0,93558.0,71082.0,17798.0,79395.0,46533.0,$73298,$15332,$70012,$16505,,,,,$59346,$12792,,,$96582,$63615,$83008,$93558,$71082,$17798,$79395,$46533
2014,6037310800,Census Tract 3108,Burbank (Los Angeles County),Los Angeles County,California,Burbank(LosAngelesCounty),88709.0,11405.0,87519.0,17748.0,97685.0,208669.0,,,99208.0,38483.0,,,64408.0,35932.0,137493.0,126273.0,80897.0,20966.0,87750.0,20321.0,$88709,$11405,$87519,$17748,$97685,$208669,,,$99208,$38483,,,$64408,$35932,$137493,$126273,$80897,$20966,$87750,$20321
2014,6037310900,Census Tract 3109,Burbank (Los Angeles County),Los Angeles County,California,Burbank(LosAngelesCounty),104593.0,25126.0,96310.0,29826.0,,,,,185734.0,17184.0,,,56937.0,20751.0,143916.0,148094.0,103761.0,35803.0,81351.0,42623.0,$104593,$25126,$96310,$29826,,,,,$185734,$17184,,,$56937,$20751,$143916,$148094,$103761,$35803,$81351,$42623
2014,6037311000,Census Tract 3110,Burbank (Los Angeles County),Los Angeles County,California,Burbank(LosAngelesCounty),95202.0,9197.0,93494.0,12405.0,,,,,98813.0,49533.0,,,124205.0,13848.0,16904.0,49518.0,84244.0,21085.0,108378.0,21005.0,$95202,$9197,$93494,$12405,,,,,$98813,$49533,,,$124205,$13848,$16904,$49518,$84244,$21085,$108378,$21005
2014,6037311100,Census Tract 3111,Burbank (Los Angeles County),Los Angeles County,California,Burbank(LosAngelesCounty),119836.0,10482.0,118551.0,17307.0,,,,,102769.0,39096.0,,,157958.0,70692.0,121378.0,41880.0,120331.0,15578.0,131926.0,28200.0,$119836,$10482,$118551,$17307,,,,,$102769,$39096,,,$157958,$70692,$121378,$41880,$120331,$15578,$131926,$28200
2014,6037311200,Census Tract 3112,Burbank (Los Angeles County),Los Angeles County,California,Burbank(LosAngelesCounty),83037.0,29257.0,81473.0,25784.0,,,,,122566.0,66395.0,,,108243.0,132135.0,102165.0,194962.0,82255.0,31969.0,79555.0,48815.0,$83037,$29257,$81473,$25784,,,,,$122566,$66395,,,$108243,$132135,$102165,$194962,$82255,$31969,$79555,$48815
2014,6037311300,Census Tract 3113,Burbank (Los Angeles County),Los Angeles County,California,Burbank(LosAngelesCounty),118053.0,20981.0,121903.0,24280.0,,,,,58261.0,82993.0,,,81473.0,189833.0,146111.0,281569.0,119977.0,22933.0,113303.0,93257.0,$118053,$20981,$121903,$24280,,,,,$58261,$82993,,,$81473,$189833,$146111,$281569,$119977,$22933,$113303,$93257
2014,6037311400,Census Tract 3114,Burbank (Los Angeles County),Los Angeles County,California,Burbank(LosAngelesCounty),94815.0,10792.0,93436.0,10510.0,,,,,144490.0,92339.0,,,70873.0,24534.0,116806.0,94149.0,93395.0,12066.0,72964.0,53275.0,$94815,$10792,$93436,$10510,,,,,$144490,$92339,,,$70873,$24534,$116806,$94149,$93395,$12066,$72964,$53275
2014,6037311500,Census Tract 3115,Burbank (Los Angeles County),Los Angeles County,California,Burbank(LosAngelesCounty),106658.0,11978.0,105348.0,12360.0,99469.0,114822.0,,,153857.0,57121.0,,,60043.0,99059.0,136571.0,104301.0,104581.0,14027.0,66421.0,56966.0,$106658,$11978,$105348,$12360,$99469,$114822,,,$153857,$57121,,,$60043,$99059,$136571,$104301,$104581,$14027,$66421,$56966
2014,6037311600,Census Tract 3116,Burbank (Los Angeles County),Los Angeles County,California,Burbank(LosAngelesCounty),101455.0,12107.0,97126.0,12400.0,117727.0,60773.0,,,137232.0,49139.0,,,120467.0,32616.0,108076.0,90253.0,97674.0,11465.0,97646.0,57215.0,$101455,$12107,$97126,$12400,$117727,$60773,,,$137232,$49139,,,$120467,$32616,$108076,$90253,$97674,$11465,$97646,$57215
2014,6037311700,Census Tract 3117,Burbank (Los Angeles County),Los Angeles County,California,Burbank(LosAngelesCounty),100681.0,18774.0,93611.0,25636.0,,,,,101449.0,49272.0,,,108284.0,124185.0,88803.0,30961.0,100387.0,27230.0,58195.0,46207.0,$100681,$18774,$93611,$25636,,,,,$101449,$49272,,,$108284,$124185,$88803,$30961,$100387,$27230,$58195,$46207
2014,6037311801,Census Tract 3118.01,Burbank (Los Angeles County),Los Angeles County,California,Burbank(LosAngelesCounty),67221.0,12482.0,71156.0,18437.0,,,,,107019.0,73455.0,,,60988.0,19577.0,36303.0,39040.0,80882.0,14966.0,60315.0,25559.0,$67221,$12482,$71156,$18437,,,,,$107019,$73455,,,$60988,$19577,$36303,$39040,$80882,$14966,$60315,$25559
2014,6037311802,Census Tract 3118.02,Burbank (Los Angeles County),Los Angeles County,California,Burbank(LosAngelesCounty),56593.0,17317.0,58195.0,21819.0,82028.0,64399.0,,,58774.0,56428.0,,,48785.0,7200.0,75832.0,19792.0,63368.0,18927.0,49212.0,12186.0,$56593,$17317,$58195,$21819,$82028,$64399,,,$58774,$56428,,,$48785,$7200,$75832,$19792,$63368,$18927,$49212,$12186
2014,6037980001,Census Tract 9800.01,Burbank (Los Angeles County),Los Angeles County,California,Burbank(LosAngelesCounty),,,,,,,,,,,,,,,,,,,,,,,,,,,,,,,,,,,,,,,,
2015,6037123103,Census Tract 1231.03,Burbank (Los Angeles County),Los Angeles County,California,Burbank(LosAngelesCounty),54945.0,6415.0,53148.0,5414.0,,,,,91956.0,42883.0,,,60619.0,18416.0,50734.0,31779.0,53236.0,6932.0,59768.0,15713.0,$54945,$6415,$53148,$5414,,,,,$91956,$42883,,,$60619,$18416,$50734,$31779,$53236,$6932,$59768,$15713
2015,6037310100,Census Tract 3101,Burbank (Los Angeles County),Los Angeles County,California,Burbank(LosAngelesCounty),159270.0,41483.0,147651.0,31461.0,,,,,127840.0,96287.0,,,,,320443.0,91657.0,156252.0,33087.0,134967.0,111298.0,$159270,$41483,$147651,$31461,,,,,$127840,$96287,,,,,$320443,$91657,$156252,$33087,$134967,$111298
2015,6037310201,Census Tract 3102.01,Burbank (Los Angeles County),Los Angeles County,California,Burbank(LosAngelesCounty),75479.0,22278.0,74781.0,31082.0,,,,,78251.0,42221.0,,,,,81978.0,43491.0,73251.0,26734.0,110203.0,85460.0,$75479,$22278,$74781,$31082,,,,,$78251,$42221,,,,,$81978,$43491,$73251,$26734,$110203,$85460
2015,6037310202,Census Tract 3102.02,Burbank (Los Angeles County),Los Angeles County,California,Burbank(LosAngelesCounty),93601.0,11798.0,92423.0,12651.0,61760.0,37037.0,,,,,,,,,223719.0,100560.0,91745.0,15779.0,88647.0,18184.0,$93601,$11798,$92423,$12651,$61760,$37037,,,,,,,,,$223719,$100560,$91745,$15779,$88647,$18184
2015,6037310300,Census Tract 3103,Burbank (Los Angeles County),Los Angeles County,California,Burbank(LosAngelesCounty),150344.0,22549.0,148142.0,44977.0,,,,,177604.0,57544.0,,,,,,,121169.0,52600.0,185349.0,39142.0,$150344,$22549,$148142,$44977,,,,,$177604,$57544,,,,,,,$121169,$52600,$185349,$39142
2015,6037310400,Census Tract 3104,Burbank (Los Angeles County),Los Angeles County,California,Burbank(LosAngelesCounty),89218.0,23823.0,86036.0,21160.0,,,,,192912.0,98756.0,,,46476.0,34539.0,,,97931.0,25558.0,61566.0,20564.0,$89218,$23823,$86036,$21160,,,,,$192912,$98756,,,$46476,$34539,,,$97931,$25558,$61566,$20564
2015,6037310501,Census Tract 3105.01,Burbank (Los Angeles County),Los Angeles County,California,Burbank(LosAngelesCounty),70751.0,16510.0,64180.0,17833.0,,,,,118381.0,47639.0,,,54111.0,28891.0,,,63259.0,23768.0,62837.0,20889.0,$70751,$16510,$64180,$17833,,,,,$118381,$47639,,,$54111,$28891,,,$63259,$23768,$62837,$20889
2015,6037310601,Census Tract 3106.01,Burbank (Los Angeles County),Los Angeles County,California,Burbank(LosAngelesCounty),67512.0,4822.0,63074.0,9457.0,,,,,93296.0,37533.0,,,55454.0,20165.0,,,62841.0,10828.0,55897.0,16263.0,$67512,$4822,$63074,$9457,,,,,$93296,$37533,,,$55454,$20165,,,$62841,$10828,$55897,$16263
2015,6037310602,Census Tract 3106.02,Burbank (Los Angeles County),Los Angeles County,California,Burbank(LosAngelesCounty),103309.0,20522.0,111874.0,24417.0,,,,,,,,,66394.0,46660.0,144407.0,75556.0,116632.0,21476.0,74878.0,49278.0,$103309,$20522,$111874,$24417,,,,,,,,,$66394,$46660,$144407,$75556,$116632,$21476,$74878,$49278
2015,6037310701,Census Tract 3107.01,Burbank (Los Angeles County),Los Angeles County,California,Burbank(LosAngelesCounty),34424.0,12911.0,32763.0,8193.0,,,,,101013.0,46327.0,,,90462.0,61433.0,,,32801.0,8971.0,74969.0,63756.0,$34424,$12911,$32763,$8193,,,,,$101013,$46327,,,$90462,$61433,,,$32801,$8971,$74969,$63756
2015,6037310702,Census Tract 3107.02,Burbank (Los Angeles County),Los Angeles County,California,Burbank(LosAngelesCounty),54584.0,14372.0,47685.0,14345.0,,,,,61525.0,55609.0,,,107179.0,15284.0,,,42154.0,12540.0,99425.0,20979.0,$54584,$14372,$47685,$14345,,,,,$61525,$55609,,,$107179,$15284,,,$42154,$12540,$99425,$20979
2015,6037310703,Census Tract 3107.03,Burbank (Los Angeles County),Los Angeles County,California,Burbank(LosAngelesCounty),63425.0,13684.0,56577.0,18790.0,285877.0,237664.0,,,,,,,72701.0,49608.0,,,56297.0,18670.0,71830.0,33858.0,$63425,$13684,$56577,$18790,$285877,$237664,,,,,,,$72701,$49608,,,$56297,$18670,$71830,$33858
2015,6037310800,Census Tract 3108,Burbank (Los Angeles County),Los Angeles County,California,Burbank(LosAngelesCounty),88859.0,9833.0,89977.0,16146.0,,,,,91140.0,30851.0,,,59493.0,28067.0,127808.0,116624.0,88846.0,17191.0,86610.0,31238.0,$88859,$9833,$89977,$16146,,,,,$91140,$30851,,,$59493,$28067,$127808,$116624,$88846,$17191,$86610,$31238
2015,6037310900,Census Tract 3109,Burbank (Los Angeles County),Los Angeles County,California,Burbank(LosAngelesCounty),94872.0,21411.0,86904.0,25461.0,,,,,186276.0,41310.0,,,57383.0,13088.0,219355.0,202287.0,88738.0,35782.0,80888.0,26061.0,$94872,$21411,$86904,$25461,,,,,$186276,$41310,,,$57383,$13088,$219355,$202287,$88738,$35782,$80888,$26061
2015,6037311000,Census Tract 3110,Burbank (Los Angeles County),Los Angeles County,California,Burbank(LosAngelesCounty),99493.0,17873.0,95777.0,17282.0,,,,,98761.0,56669.0,,,115828.0,16634.0,,,91845.0,37143.0,109844.0,20336.0,$99493,$17873,$95777,$17282,,,,,$98761,$56669,,,$115828,$16634,,,$91845,$37143,$109844,$20336
2015,6037311100,Census Tract 3111,Burbank (Los Angeles County),Los Angeles County,California,Burbank(LosAngelesCounty),122914.0,13327.0,124446.0,19444.0,,,,,119272.0,56557.0,,,132696.0,69585.0,121376.0,51364.0,124829.0,13919.0,131246.0,29985.0,$122914,$13327,$124446,$19444,,,,,$119272,$56557,,,$132696,$69585,$121376,$51364,$124829,$13919,$131246,$29985
2015,6037311200,Census Tract 3112,Burbank (Los Angeles County),Los Angeles County,California,Burbank(LosAngelesCounty),82439.0,20289.0,89494.0,25470.0,,,,,,,,,,,79328.0,50693.0,95234.0,32362.0,78429.0,28644.0,$82439,$20289,$89494,$25470,,,,,,,,,,,$79328,$50693,$95234,$32362,$78429,$28644
2015,6037311300,Census Tract 3113,Burbank (Los Angeles County),Los Angeles County,California,Burbank(LosAngelesCounty),106536.0,24288.0,107060.0,31904.0,,,,,161669.0,93663.0,,,,,102357.0,51570.0,98979.0,30816.0,99177.0,79043.0,$106536,$24288,$107060,$31904,,,,,$161669,$93663,,,,,$102357,$51570,$98979,$30816,$99177,$79043
2015,6037311400,Census Tract 3114,Burbank (Los Angeles County),Los Angeles County,California,Burbank(LosAngelesCounty),101725.0,14750.0,96640.0,14364.0,,,,,162333.0,145384.0,,,70885.0,10312.0,114530.0,71818.0,96640.0,14430.0,72832.0,48340.0,$101725,$14750,$96640,$14364,,,,,$162333,$145384,,,$70885,$10312,$114530,$71818,$96640,$14430,$72832,$48340
2015,6037311500,Census Tract 3115,Burbank (Los Angeles County),Los Angeles County,California,Burbank(LosAngelesCounty),103824.0,14020.0,103533.0,16892.0,,,,,166286.0,40277.0,,,,,,,103948.0,15211.0,63738.0,32078.0,$103824,$14020,$103533,$16892,,,,,$166286,$40277,,,,,,,$103948,$15211,$63738,$32078
2015,6037311600,Census Tract 3116,Burbank (Los Angeles County),Los Angeles County,California,Burbank(LosAngelesCounty),101005.0,9763.0,98364.0,12895.0,117272.0,47117.0,,,121320.0,49475.0,,,115284.0,58093.0,,,99037.0,11927.0,96825.0,69546.0,$101005,$9763,$98364,$12895,$117272,$47117,,,$121320,$49475,,,$115284,$58093,,,$99037,$11927,$96825,$69546
2015,6037311700,Census Tract 3117,Burbank (Los Angeles County),Los Angeles County,California,Burbank(LosAngelesCounty),97611.0,10347.0,95773.0,18163.0,,,,,108000.0,45471.0,,,160839.0,137934.0,97821.0,21180.0,96862.0,14891.0,84192.0,57040.0,$97611,$10347,$95773,$18163,,,,,$108000,$45471,,,$160839,$137934,$97821,$21180,$96862,$14891,$84192,$57040
2015,6037311801,Census Tract 3118.01,Burbank (Los Angeles County),Los Angeles County,California,Burbank(LosAngelesCounty),70820.0,12202.0,80264.0,15463.0,64801.0,11294.0,,,72065.0,58996.0,,,63259.0,3373.0,,,82439.0,12145.0,62756.0,4462.0,$70820,$12202,$80264,$15463,$64801,$11294,,,$72065,$58996,,,$63259,$3373,,,$82439,$12145,$62756,$4462
2015,6037311802,Census Tract 3118.02,Burbank (Los Angeles County),Los Angeles County,California,Burbank(LosAngelesCounty),69849.0,16369.0,69768.0,11377.0,,,,,,,,,50817.0,48253.0,,,73772.0,15625.0,48696.0,12699.0,$69849,$16369,$69768,$11377,,,,,,,,,$50817,$48253,,,$73772,$15625,$48696,$12699
2015,6037980001,Census Tract 9800.01,Burbank (Los Angeles County),Los Angeles County,California,Burbank(LosAngelesCounty),,,,,,,,,,,,,,,,,,,,,,,,,,,,,,,,,,,,,,,,
2016,6037123103,Census Tract 1231.03,Burbank (Los Angeles County),Los Angeles County,California,Burbank(LosAngelesCounty),54394.0,7070.0,54556.0,7569.0,,,,,88761.0,41275.0,,,59948.0,41563.0,,,52574.0,12109.0,59551.0,9698.0,$54394,$7070,$54556,$7569,,,,,$88761,$41275,,,$59948,$41563,,,$52574,$12109,$59551,$9698
2016,6037310100,Census Tract 3101,Burbank (Los Angeles County),Los Angeles County,California,Burbank(LosAngelesCounty),171754.0,57200.0,161069.0,42953.0,,,,,127370.0,34322.0,,,,,318248.0,169860.0,163048.0,60900.0,187264.0,115384.0,$171754,$57200,$161069,$42953,,,,,$127370,$34322,,,,,$318248,$169860,$163048,$60900,$187264,$115384
2016,6037310201,Census Tract 3102.01,Burbank (Los Angeles County),Los Angeles County,California,Burbank(LosAngelesCounty),93073.0,9423.0,94019.0,10634.0,,,,,80220.0,57224.0,,,,,94143.0,67294.0,95165.0,14343.0,79008.0,55175.0,$93073,$9423,$94019,$10634,,,,,$80220,$57224,,,,,$94143,$67294,$95165,$14343,$79008,$55175
2016,6037310202,Census Tract 3102.02,Burbank (Los Angeles County),Los Angeles County,California,Burbank(LosAngelesCounty),90168.0,10414.0,89449.0,21075.0,61056.0,26733.0,,,213964.0,186005.0,,,,,,,84351.0,23847.0,83482.0,35832.0,$90168,$10414,$89449,$21075,$61056,$26733,,,$213964,$186005,,,,,,,$84351,$23847,$83482,$35832
2016,6037310300,Census Tract 3103,Burbank (Los Angeles County),Los Angeles County,California,Burbank(LosAngelesCounty),177913.0,18840.0,176321.0,35142.0,,,,,208112.0,43392.0,,,,,149324.0,114817.0,169135.0,40874.0,182712.0,70775.0,$177913,$18840,$176321,$35142,,,,,$208112,$43392,,,,,$149324,$114817,$169135,$40874,$182712,$70775
2016,6037310400,Census Tract 3104,Burbank (Los Angeles County),Los Angeles County,California,Burbank(LosAngelesCounty),94326.0,29541.0,96955.0,23788.0,,,,,137485.0,50520.0,,,53283.0,37254.0,204470.0,133278.0,107880.0,27152.0,65984.0,20394.0,$94326,$29541,$96955,$23788,,,,,$137485,$50520,,,$53283,$37254,$204470,$133278,$107880,$27152,$65984,$20394
2016,6037310501,Census Tract 3105.01,Burbank (Los Angeles County),Los Angeles County,California,Burbank(LosAngelesCounty),70519.0,20633.0,68620.0,15886.0,,,,,115222.0,39669.0,,,51782.0,12551.0,,,61661.0,14571.0,65017.0,20405.0,$70519,$20633,$68620,$15886,,,,,$115222,$39669,,,$51782,$12551,,,$61661,$14571,$65017,$20405
2016,6037310601,Census Tract 3106.01,Burbank (Los Angeles County),Los Angeles County,California,Burbank(LosAngelesCounty),67970.0,12075.0,66512.0,10813.0,,,,,93132.0,29617.0,,,55470.0,26940.0,,,63818.0,19172.0,65752.0,22320.0,$67970,$12075,$66512,$10813,,,,,$93132,$29617,,,$55470,$26940,,,$63818,$19172,$65752,$22320
2016,6037310602,Census Tract 3106.02,Burbank (Los Angeles County),Los Angeles County,California,Burbank(LosAngelesCounty),113888.0,23565.0,115904.0,11548.0,,,,,,,,,67186.0,48073.0,145678.0,96548.0,116976.0,12664.0,68415.0,44898.0,$113888,$23565,$115904,$11548,,,,,,,,,$67186,$48073,$145678,$96548,$116976,$12664,$68415,$44898
2016,6037310701,Census Tract 3107.01,Burbank (Los Angeles County),Los Angeles County,California,Burbank(LosAngelesCounty),32417.0,11873.0,29853.0,6820.0,,,,,99833.0,50446.0,,,,,,,28554.0,6451.0,108255.0,57757.0,$32417,$11873,$29853,$6820,,,,,$99833,$50446,,,,,,,$28554,$6451,$108255,$57757
2016,6037310702,Census Tract 3107.02,Burbank (Los Angeles County),Los Angeles County,California,Burbank(LosAngelesCounty),52969.0,10948.0,44244.0,11827.0,,,,,59282.0,32482.0,,,103313.0,45705.0,,,40817.0,8908.0,96907.0,60202.0,$52969,$10948,$44244,$11827,,,,,$59282,$32482,,,$103313,$45705,,,$40817,$8908,$96907,$60202
2016,6037310703,Census Tract 3107.03,Burbank (Los Angeles County),Los Angeles County,California,Burbank(LosAngelesCounty),49160.0,16775.0,42241.0,23344.0,285625.0,227457.0,,,95130.0,86287.0,,,73945.0,27898.0,,,39693.0,22695.0,72757.0,27403.0,$49160,$16775,$42241,$23344,$285625,$227457,,,$95130,$86287,,,$73945,$27898,,,$39693,$22695,$72757,$27403
2016,6037310800,Census Tract 3108,Burbank (Los Angeles County),Los Angeles County,California,Burbank(LosAngelesCounty),85962.0,12603.0,86850.0,15567.0,,,,,88761.0,49197.0,,,63726.0,18139.0,134782.0,110882.0,89542.0,19543.0,72648.0,26869.0,$85962,$12603,$86850,$15567,,,,,$88761,$49197,,,$63726,$18139,$134782,$110882,$89542,$19543,$72648,$26869
2016,6037310900,Census Tract 3109,Burbank (Los Angeles County),Los Angeles County,California,Burbank(LosAngelesCounty),97884.0,22030.0,88315.0,26316.0,,,,,176834.0,34372.0,,,55193.0,9013.0,183909.0,104304.0,81046.0,37992.0,83327.0,26250.0,$97884,$22030,$88315,$26316,,,,,$176834,$34372,,,$55193,$9013,$183909,$104304,$81046,$37992,$83327,$26250
2016,6037311000,Census Tract 3110,Burbank (Los Angeles County),Los Angeles County,California,Burbank(LosAngelesCounty),110338.0,9867.0,108204.0,13252.0,,,,,123681.0,32524.0,,,125382.0,71779.0,,,105757.0,28539.0,112547.0,26135.0,$110338,$9867,$108204,$13252,,,,,$123681,$32524,,,$125382,$71779,,,$105757,$28539,$112547,$26135
2016,6037311100,Census Tract 3111,Burbank (Los Angeles County),Los Angeles County,California,Burbank(LosAngelesCounty),128463.0,15878.0,129681.0,18105.0,,,,,120279.0,64918.0,,,201172.0,30187.0,118993.0,70441.0,127176.0,19191.0,146517.0,24773.0,$128463,$15878,$129681,$18105,,,,,$120279,$64918,,,$201172,$30187,$118993,$70441,$127176,$19191,$146517,$24773
2016,6037311200,Census Tract 3112,Burbank (Los Angeles County),Los Angeles County,California,Burbank(LosAngelesCounty),100227.0,18714.0,100883.0,27220.0,,,,,81205.0,76657.0,,,88284.0,59265.0,100451.0,31019.0,112846.0,22586.0,92585.0,24866.0,$100227,$18714,$100883,$27220,,,,,$81205,$76657,,,$88284,$59265,$100451,$31019,$112846,$22586,$92585,$24866
2016,6037311300,Census Tract 3113,Burbank (Los Angeles County),Los Angeles County,California,Burbank(LosAngelesCounty),119404.0,24469.0,113724.0,27502.0,225373.0,128032.0,,,197344.0,38498.0,,,,,118713.0,37933.0,107424.0,24563.0,113396.0,47061.0,$119404,$24469,$113724,$27502,$225373,$128032,,,$197344,$38498,,,,,$118713,$37933,$107424,$24563,$113396,$47061
2016,6037311400,Census Tract 3114,Burbank (Los Angeles County),Los Angeles County,California,Burbank(LosAngelesCounty),108897.0,15510.0,104875.0,16631.0,,,,,159771.0,144775.0,,,69819.0,23210.0,155674.0,119826.0,105632.0,17648.0,74199.0,28006.0,$108897,$15510,$104875,$16631,,,,,$159771,$144775,,,$69819,$23210,$155674,$119826,$105632,$17648,$74199,$28006
2016,6037311500,Census Tract 3115,Burbank (Los Angeles County),Los Angeles County,California,Burbank(LosAngelesCounty),102690.0,18142.0,95207.0,23305.0,175338.0,174881.0,,,115968.0,72756.0,,,,,134699.0,94181.0,97993.0,21670.0,58071.0,25380.0,$102690,$18142,$95207,$23305,$175338,$174881,,,$115968,$72756,,,,,$134699,$94181,$97993,$21670,$58071,$25380
2016,6037311600,Census Tract 3116,Burbank (Los Angeles County),Los Angeles County,California,Burbank(LosAngelesCounty),98064.0,16773.0,93507.0,25502.0,110848.0,16895.0,,,97969.0,50445.0,,,61520.0,56214.0,,,100489.0,22483.0,,,$98064,$16773,$93507,$25502,$110848,$16895,,,$97969,$50445,,,$61520,$56214,,,$100489,$22483,,
2016,6037311700,Census Tract 3117,Burbank (Los Angeles County),Los Angeles County,California,Burbank(LosAngelesCounty),104637.0,14513.0,106878.0,20751.0,,,,,105923.0,88715.0,,,,,,,102632.0,24095.0,108728.0,41405.0,$104637,$14513,$106878,$20751,,,,,$105923,$88715,,,,,,,$102632,$24095,$108728,$41405
2016,6037311801,Census Tract 3118.01,Burbank (Los Angeles County),Los Angeles County,California,Burbank(LosAngelesCounty),74134.0,11456.0,81337.0,7647.0,58758.0,34855.0,,,71130.0,66437.0,,,63434.0,12139.0,,,88533.0,16159.0,65374.0,15328.0,$74134,$11456,$81337,$7647,$58758,$34855,,,$71130,$66437,,,$63434,$12139,,,$88533,$16159,$65374,$15328
2016,6037311802,Census Tract 3118.02,Burbank (Los Angeles County),Los Angeles County,California,Burbank(LosAngelesCounty),66993.0,13474.0,66286.0,14250.0,,,,,98757.0,76897.0,,,54076.0,33788.0,,,69321.0,9715.0,48485.0,12521.0,$66993,$13474,$66286,$14250,,,,,$98757,$76897,,,$54076,$33788,,,$69321,$9715,$48485,$12521
2016,6037980001,Census Tract 9800.01,Burbank (Los Angeles County),Los Angeles County,California,Burbank(LosAngelesCounty),,,,,,,,,,,,,,,,,,,,,,,,,,,,,,,,,,,,,,,,
2017,6037123103,Census Tract 1231.03,Burbank (Los Angeles County),Los Angeles County,California,Burbank(LosAngelesCounty),53600.0,3290.0,52359.0,3961.0,,,,,91350.0,47754.0,,,52630.0,46942.0,65131.0,29227.0,54074.0,7785.0,52820.0,6532.0,$53600,$3290,$52359,$3961,,,,,$91350,$47754,,,$52630,$46942,$65131,$29227,$54074,$7785,$52820,$6532
2017,6037310100,Census Tract 3101,Burbank (Los Angeles County),Los Angeles County,California,Burbank(LosAngelesCounty),162061.0,47733.0,144090.0,40106.0,,,,,161723.0,117564.0,,,,,236017.0,93854.0,157188.0,45688.0,,,$162061,$47733,$144090,$40106,,,,,$161723,$117564,,,,,$236017,$93854,$157188,$45688,,
2017,6037310201,Census Tract 3102.01,Burbank (Los Angeles County),Los Angeles County,California,Burbank(LosAngelesCounty),95267.0,14249.0,94407.0,15030.0,,,,,,,,,112784.0,112538.0,132817.0,37839.0,97509.0,18141.0,85042.0,59415.0,$95267,$14249,$94407,$15030,,,,,,,,,$112784,$112538,$132817,$37839,$97509,$18141,$85042,$59415
2017,6037310202,Census Tract 3102.02,Burbank (Los Angeles County),Los Angeles County,California,Burbank(LosAngelesCounty),91248.0,9258.0,83237.0,24637.0,,,,,215868.0,189704.0,,,69317.0,42584.0,92715.0,48373.0,74746.0,26892.0,85644.0,41509.0,$91248,$9258,$83237,$24637,,,,,$215868,$189704,,,$69317,$42584,$92715,$48373,$74746,$26892,$85644,$41509
2017,6037310300,Census Tract 3103,Burbank (Los Angeles County),Los Angeles County,California,Burbank(LosAngelesCounty),170084.0,28511.0,151872.0,46822.0,,,,,210042.0,33084.0,,,,,,,136846.0,44206.0,182179.0,98399.0,$170084,$28511,$151872,$46822,,,,,$210042,$33084,,,,,,,$136846,$44206,$182179,$98399
2017,6037310400,Census Tract 3104,Burbank (Los Angeles County),Los Angeles County,California,Burbank(LosAngelesCounty),104899.0,32973.0,101379.0,27634.0,,,,,147850.0,52642.0,,,,,,,108346.0,27470.0,50632.0,22411.0,$104899,$32973,$101379,$27634,,,,,$147850,$52642,,,,,,,$108346,$27470,$50632,$22411
2017,6037310501,Census Tract 3105.01,Burbank (Los Angeles County),Los Angeles County,California,Burbank(LosAngelesCounty),73023.0,19809.0,81917.0,14186.0,,,,,102781.0,19007.0,,,49984.0,10436.0,,,71367.0,11174.0,81775.0,34268.0,$73023,$19809,$81917,$14186,,,,,$102781,$19007,,,$49984,$10436,,,$71367,$11174,$81775,$34268
2017,6037310601,Census Tract 3106.01,Burbank (Los Angeles County),Los Angeles County,California,Burbank(LosAngelesCounty),68125.0,11394.0,66103.0,8363.0,,,,,93644.0,31696.0,,,59827.0,31912.0,,,64562.0,16795.0,66813.0,19639.0,$68125,$11394,$66103,$8363,,,,,$93644,$31696,,,$59827,$31912,,,$64562,$16795,$66813,$19639
2017,6037310602,Census Tract 3106.02,Burbank (Los Angeles County),Los Angeles County,California,Burbank(LosAngelesCounty),99774.0,16916.0,103013.0,23609.0,,,,,104832.0,93149.0,,,93306.0,81577.0,165270.0,139109.0,106503.0,25806.0,85137.0,56013.0,$99774,$16916,$103013,$23609,,,,,$104832,$93149,,,$93306,$81577,$165270,$139109,$106503,$25806,$85137,$56013
2017,6037310701,Census Tract 3107.01,Burbank (Los Angeles County),Los Angeles County,California,Burbank(LosAngelesCounty),33123.0,16643.0,28370.0,8988.0,,,,,,,,,,,,,27790.0,8494.0,,,$33123,$16643,$28370,$8988,,,,,,,,,,,,,$27790,$8494,,
2017,6037310702,Census Tract 3107.02,Burbank (Los Angeles County),Los Angeles County,California,Burbank(LosAngelesCounty),52785.0,8303.0,47124.0,10925.0,,,,,81654.0,14468.0,,,,,142770.0,74337.0,44341.0,11229.0,,,$52785,$8303,$47124,$10925,,,,,$81654,$14468,,,,,$142770,$74337,$44341,$11229,,
2017,6037310703,Census Tract 3107.03,Burbank (Los Angeles County),Los Angeles County,California,Burbank(LosAngelesCounty),59171.0,15758.0,49741.0,13410.0,286168.0,204324.0,,,,,,,70750.0,31915.0,110945.0,61271.0,48414.0,13540.0,68152.0,28474.0,$59171,$15758,$49741,$13410,$286168,$204324,,,,,,,$70750,$31915,$110945,$61271,$48414,$13540,$68152,$28474
2017,6037310800,Census Tract 3108,Burbank (Los Angeles County),Los Angeles County,California,Burbank(LosAngelesCounty),80187.0,14870.0,81590.0,17116.0,200972.0,96068.0,,,,,,,56465.0,30814.0,,,89253.0,22573.0,54967.0,17432.0,$80187,$14870,$81590,$17116,$200972,$96068,,,,,,,$56465,$30814,,,$89253,$22573,$54967,$17432
2017,6037310900,Census Tract 3109,Burbank (Los Angeles County),Los Angeles County,California,Burbank(LosAngelesCounty),86745.0,16438.0,74580.0,13908.0,,,,,154440.0,47222.0,,,61375.0,49161.0,185729.0,157569.0,76473.0,34683.0,63247.0,35026.0,$86745,$16438,$74580,$13908,,,,,$154440,$47222,,,$61375,$49161,$185729,$157569,$76473,$34683,$63247,$35026
2017,6037311000,Census Tract 3110,Burbank (Los Angeles County),Los Angeles County,California,Burbank(LosAngelesCounty),116491.0,21682.0,111784.0,26610.0,,,,,123798.0,45907.0,,,126939.0,44720.0,,,104769.0,22755.0,127153.0,39920.0,$116491,$21682,$111784,$26610,,,,,$123798,$45907,,,$126939,$44720,,,$104769,$22755,$127153,$39920
2017,6037311100,Census Tract 3111,Burbank (Los Angeles County),Los Angeles County,California,Burbank(LosAngelesCounty),136050.0,21649.0,137063.0,25935.0,,,,,141870.0,53302.0,,,200158.0,28746.0,115528.0,20854.0,126225.0,28099.0,179069.0,49790.0,$136050,$21649,$137063,$25935,,,,,$141870,$53302,,,$200158,$28746,$115528,$20854,$126225,$28099,$179069,$49790
2017,6037311200,Census Tract 3112,Burbank (Los Angeles County),Los Angeles County,California,Burbank(LosAngelesCounty),100510.0,22274.0,100158.0,31503.0,,,,,111117.0,67306.0,,,106615.0,51331.0,102425.0,15128.0,90524.0,46720.0,102176.0,35745.0,$100510,$22274,$100158,$31503,,,,,$111117,$67306,,,$106615,$51331,$102425,$15128,$90524,$46720,$102176,$35745
2017,6037311300,Census Tract 3113,Burbank (Los Angeles County),Los Angeles County,California,Burbank(LosAngelesCounty),112045.0,21908.0,118537.0,23039.0,266558.0,179413.0,,,199076.0,49677.0,,,,,101890.0,57552.0,110046.0,21528.0,102585.0,74434.0,$112045,$21908,$118537,$23039,$266558,$179413,,,$199076,$49677,,,,,$101890,$57552,$110046,$21528,$102585,$74434
2017,6037311400,Census Tract 3114,Burbank (Los Angeles County),Los Angeles County,California,Burbank(LosAngelesCounty),106784.0,16830.0,103494.0,14173.0,,,,,168479.0,108412.0,,,,,190713.0,32757.0,108789.0,22089.0,72108.0,5159.0,$106784,$16830,$103494,$14173,,,,,$168479,$108412,,,,,$190713,$32757,$108789,$22089,$72108,$5159
2017,6037311500,Census Tract 3115,Burbank (Los Angeles County),Los Angeles County,California,Burbank(LosAngelesCounty),107605.0,7051.0,107097.0,8982.0,,,,,115930.0,64177.0,,,40616.0,21772.0,135328.0,86250.0,109289.0,13545.0,50780.0,27958.0,$107605,$7051,$107097,$8982,,,,,$115930,$64177,,,$40616,$21772,$135328,$86250,$109289,$13545,$50780,$27958
2017,6037311600,Census Tract 3116,Burbank (Los Angeles County),Los Angeles County,California,Burbank(LosAngelesCounty),95391.0,19599.0,99376.0,15250.0,,,,,78875.0,16885.0,,,63921.0,62673.0,,,100858.0,14822.0,89564.0,55993.0,$95391,$19599,$99376,$15250,,,,,$78875,$16885,,,$63921,$62673,,,$100858,$14822,$89564,$55993
2017,6037311700,Census Tract 3117,Burbank (Los Angeles County),Los Angeles County,California,Burbank(LosAngelesCounty),102751.0,14442.0,105999.0,20712.0,,,,,,,,,162493.0,57370.0,,,105474.0,21704.0,110893.0,59484.0,$102751,$14442,$105999,$20712,,,,,,,,,$162493,$57370,,,$105474,$21704,$110893,$59484
2017,6037311801,Census Tract 3118.01,Burbank (Los Angeles County),Los Angeles County,California,Burbank(LosAngelesCounty),74707.0,11575.0,80283.0,7915.0,64331.0,33153.0,,,183923.0,114425.0,,,64182.0,17166.0,,,81390.0,12539.0,66881.0,15232.0,$74707,$11575,$80283,$7915,$64331,$33153,,,$183923,$114425,,,$64182,$17166,,,$81390,$12539,$66881,$15232
2017,6037311802,Census Tract 3118.02,Burbank (Los Angeles County),Los Angeles County,California,Burbank(LosAngelesCounty),69317.0,18951.0,61909.0,26696.0,,,,,99643.0,51680.0,,,66750.0,36646.0,,,71403.0,9007.0,47507.0,14811.0,$69317,$18951,$61909,$26696,,,,,$99643,$51680,,,$66750,$36646,,,$71403,$9007,$47507,$14811
2017,6037980001,Census Tract 9800.01,Burbank (Los Angeles County),Los Angeles County,California,Burbank(LosAngelesCounty),,,,,,,,,,,,,,,,,,,,,,,,,,,,,,,,,,,,,,,,
2018,6037123103,Census Tract 1231.03,Burbank (Los Angeles County),Los Angeles County,California,Burbank(LosAngelesCounty),56387.0,13457.0,51603.0,9428.0,,,,,67874.0,58684.0,,,75467.0,18035.0,100691.0,61051.0,68135.0,30536.0,54079.0,10970.0,$56387,$13457,$51603,$9428,,,,,$67874,$58684,,,$75467,$18035,$100691,$61051,$68135,$30536,$54079,$10970
2018,6037310100,Census Tract 3101,Burbank (Los Angeles County),Los Angeles County,California,Burbank(LosAngelesCounty),164336.0,35465.0,149620.0,35057.0,,,,,163027.0,36721.0,,,,,233958.0,149803.0,154144.0,27583.0,187767.0,50582.0,$164336,$35465,$149620,$35057,,,,,$163027,$36721,,,,,$233958,$149803,$154144,$27583,$187767,$50582
2018,6037310201,Census Tract 3102.01,Burbank (Los Angeles County),Los Angeles County,California,Burbank(LosAngelesCounty),98006.0,20933.0,93211.0,18560.0,,,,,116719.0,102567.0,,,114893.0,107936.0,117026.0,103801.0,94516.0,21935.0,115585.0,9695.0,$98006,$20933,$93211,$18560,,,,,$116719,$102567,,,$114893,$107936,$117026,$103801,$94516,$21935,$115585,$9695
2018,6037310202,Census Tract 3102.02,Burbank (Los Angeles County),Los Angeles County,California,Burbank(LosAngelesCounty),100614.0,10712.0,100719.0,16070.0,101047.0,18417.0,,,,,,,66457.0,55387.0,109746.0,47154.0,100576.0,16366.0,86408.0,47818.0,$100614,$10712,$100719,$16070,$101047,$18417,,,,,,,$66457,$55387,$109746,$47154,$100576,$16366,$86408,$47818
2018,6037310300,Census Tract 3103,Burbank (Los Angeles County),Los Angeles County,California,Burbank(LosAngelesCounty),185451.0,23175.0,180306.0,37613.0,,,,,232545.0,56784.0,,,,,,,155908.0,56039.0,190431.0,48107.0,$185451,$23175,$180306,$37613,,,,,$232545,$56784,,,,,,,$155908,$56039,$190431,$48107
2018,6037310400,Census Tract 3104,Burbank (Los Angeles County),Los Angeles County,California,Burbank(LosAngelesCounty),105227.0,47769.0,85103.0,40754.0,,,,,144101.0,98143.0,,,,,,,112879.0,49136.0,,,$105227,$47769,$85103,$40754,,,,,$144101,$98143,,,,,,,$112879,$49136,,
2018,6037310501,Census Tract 3105.01,Burbank (Los Angeles County),Los Angeles County,California,Burbank(LosAngelesCounty),81738.0,17647.0,83858.0,12861.0,,,,,103519.0,18281.0,,,51404.0,11721.0,,,72050.0,11622.0,83421.0,19343.0,$81738,$17647,$83858,$12861,,,,,$103519,$18281,,,$51404,$11721,,,$72050,$11622,$83421,$19343
2018,6037310601,Census Tract 3106.01,Burbank (Los Angeles County),Los Angeles County,California,Burbank(LosAngelesCounty),77010.0,18396.0,66816.0,15379.0,,,,,96283.0,25579.0,,,70484.0,27200.0,,,65424.0,25298.0,70484.0,20071.0,$77010,$18396,$66816,$15379,,,,,$96283,$25579,,,$70484,$27200,,,$65424,$25298,$70484,$20071
2018,6037310602,Census Tract 3106.02,Burbank (Los Angeles County),Los Angeles County,California,Burbank(LosAngelesCounty),105465.0,21629.0,95330.0,15919.0,,,,,106148.0,82650.0,,,136269.0,67374.0,,,109054.0,28621.0,82303.0,39591.0,$105465,$21629,$95330,$15919,,,,,$106148,$82650,,,$136269,$67374,,,$109054,$28621,$82303,$39591
2018,6037310701,Census Tract 3107.01,Burbank (Los Angeles County),Los Angeles County,California,Burbank(LosAngelesCounty),39294.0,21708.0,27685.0,11708.0,,,,,,,,,198796.0,64695.0,,,28076.0,21668.0,,,$39294,$21708,$27685,$11708,,,,,,,,,$198796,$64695,,,$28076,$21668,,
2018,6037310702,Census Tract 3107.02,Burbank (Los Angeles County),Los Angeles County,California,Burbank(LosAngelesCounty),51213.0,10721.0,38525.0,7587.0,67516.0,613.0,,,80059.0,10013.0,,,,,142863.0,58301.0,39000.0,10019.0,44213.0,23689.0,$51213,$10721,$38525,$7587,$67516,$613,,,$80059,$10013,,,,,$142863,$58301,$39000,$10019,$44213,$23689
2018,6037310703,Census Tract 3107.03,Burbank (Los Angeles County),Los Angeles County,California,Burbank(LosAngelesCounty),49650.0,12697.0,44459.0,17515.0,,,,,,,,,74419.0,22561.0,,,41116.0,19239.0,72889.0,24030.0,$49650,$12697,$44459,$17515,,,,,,,,,$74419,$22561,,,$41116,$19239,$72889,$24030
2018,6037310800,Census Tract 3108,Burbank (Los Angeles County),Los Angeles County,California,Burbank(LosAngelesCounty),85531.0,22930.0,81021.0,21752.0,,,,,160461.0,104954.0,,,72216.0,47097.0,,,98195.0,26481.0,56680.0,22906.0,$85531,$22930,$81021,$21752,,,,,$160461,$104954,,,$72216,$47097,,,$98195,$26481,$56680,$22906
2018,6037310900,Census Tract 3109,Burbank (Los Angeles County),Los Angeles County,California,Burbank(LosAngelesCounty),92412.0,19051.0,82964.0,17231.0,,,,,152089.0,27404.0,,,63175.0,51335.0,250803.0,165669.0,88218.0,34375.0,82251.0,21263.0,$92412,$19051,$82964,$17231,,,,,$152089,$27404,,,$63175,$51335,$250803,$165669,$88218,$34375,$82251,$21263
2018,6037311000,Census Tract 3110,Burbank (Los Angeles County),Los Angeles County,California,Burbank(LosAngelesCounty),124648.0,25790.0,122293.0,33440.0,,,,,125044.0,40937.0,,,155378.0,151377.0,,,106082.0,55820.0,149813.0,60804.0,$124648,$25790,$122293,$33440,,,,,$125044,$40937,,,$155378,$151377,,,$106082,$55820,$149813,$60804
2018,6037311100,Census Tract 3111,Burbank (Los Angeles County),Los Angeles County,California,Burbank(LosAngelesCounty),139249.0,16935.0,140731.0,18756.0,,,,,120771.0,35673.0,,,201271.0,53740.0,119457.0,55043.0,137661.0,27969.0,152872.0,53983.0,$139249,$16935,$140731,$18756,,,,,$120771,$35673,,,$201271,$53740,$119457,$55043,$137661,$27969,$152872,$53983
2018,6037311200,Census Tract 3112,Burbank (Los Angeles County),Los Angeles County,California,Burbank(LosAngelesCounty),95292.0,6012.0,94712.0,5789.0,,,,,82819.0,74566.0,,,137933.0,117244.0,101570.0,29249.0,89707.0,24401.0,119408.0,43949.0,$95292,$6012,$94712,$5789,,,,,$82819,$74566,,,$137933,$117244,$101570,$29249,$89707,$24401,$119408,$43949
2018,6037311300,Census Tract 3113,Burbank (Los Angeles County),Los Angeles County,California,Burbank(LosAngelesCounty),131286.0,16823.0,128773.0,17045.0,,,,,197912.0,44328.0,,,,,117822.0,64486.0,112172.0,22124.0,143137.0,36951.0,$131286,$16823,$128773,$17045,,,,,$197912,$44328,,,,,$117822,$64486,$112172,$22124,$143137,$36951
2018,6037311400,Census Tract 3114,Burbank (Los Angeles County),Los Angeles County,California,Burbank(LosAngelesCounty),108672.0,19712.0,100204.0,24718.0,,,,,158981.0,130792.0,,,,,189524.0,50651.0,120010.0,21690.0,68435.0,10137.0,$108672,$19712,$100204,$24718,,,,,$158981,$130792,,,,,$189524,$50651,$120010,$21690,$68435,$10137
2018,6037311500,Census Tract 3115,Burbank (Los Angeles County),Los Angeles County,California,Burbank(LosAngelesCounty),109874.0,15773.0,108647.0,15438.0,,,,,118126.0,45293.0,,,39648.0,24407.0,135521.0,78853.0,118517.0,38217.0,48754.0,6401.0,$109874,$15773,$108647,$15438,,,,,$118126,$45293,,,$39648,$24407,$135521,$78853,$118517,$38217,$48754,$6401
2018,6037311600,Census Tract 3116,Burbank (Los Angeles County),Los Angeles County,California,Burbank(LosAngelesCounty),88839.0,17050.0,98190.0,15424.0,,,,,80188.0,17445.0,,,102398.0,78090.0,60192.0,59520.0,98524.0,13842.0,104719.0,35516.0,$88839,$17050,$98190,$15424,,,,,$80188,$17445,,,$102398,$78090,$60192,$59520,$98524,$13842,$104719,$35516
2018,6037311700,Census Tract 3117,Burbank (Los Angeles County),Los Angeles County,California,Burbank(LosAngelesCounty),114051.0,14913.0,115618.0,13193.0,,,,,,,,,159820.0,136605.0,,,117630.0,14780.0,95402.0,67442.0,$114051,$14913,$115618,$13193,,,,,,,,,$159820,$136605,,,$117630,$14780,$95402,$67442
2018,6037311801,Census Tract 3118.01,Burbank (Los Angeles County),Los Angeles County,California,Burbank(LosAngelesCounty),78807.0,7390.0,81448.0,9971.0,57431.0,36940.0,,,186023.0,115347.0,,,78743.0,37797.0,84190.0,77074.0,80470.0,18341.0,78838.0,9451.0,$78807,$7390,$81448,$9971,$57431,$36940,,,$186023,$115347,,,$78743,$37797,$84190,$77074,$80470,$18341,$78838,$9451
2018,6037311802,Census Tract 3118.02,Burbank (Los Angeles County),Los Angeles County,California,Burbank(LosAngelesCounty),78725.0,12608.0,67526.0,20747.0,,,,,99641.0,52771.0,,,95343.0,20116.0,,,75771.0,19613.0,49388.0,37386.0,$78725,$12608,$67526,$20747,,,,,$99641,$52771,,,$95343,$20116,,,$75771,$19613,$49388,$37386
2018,6037980001,Census Tract 9800.01,Burbank (Los Angeles County),Los Angeles County,California,Burbank(LosAngelesCounty),,,,,,,,,,,,,,,,,,,,,,,,,,,,,,,,,,,,,,,,
2019,6037123103,Census Tract 1231.03,Burbank (Los Angeles County),Los Angeles County,California,Burbank(LosAngelesCounty),60184.0,10147.0,55419.0,9915.0,31622.0,24004.0,,,90345.0,41628.0,,,76919.0,22456.0,65711.0,23717.0,96149.0,21619.0,52305.0,12431.0,$60184,$10147,$55419,$9915,$31622,$24004,,,$90345,$41628,,,$76919,$22456,$65711,$23717,$96149,$21619,$52305,$12431
2019,6037310100,Census Tract 3101,Burbank (Los Angeles County),Los Angeles County,California,Burbank(LosAngelesCounty),167377.0,48276.0,162727.0,49536.0,,,,,162120.0,25030.0,,,,,,,161702.0,44313.0,198504.0,79392.0,$167377,$48276,$162727,$49536,,,,,$162120,$25030,,,,,,,$161702,$44313,$198504,$79392
2019,6037310201,Census Tract 3102.01,Burbank (Los Angeles County),Los Angeles County,California,Burbank(LosAngelesCounty),92702.0,17299.0,88801.0,11518.0,,,,,114175.0,113982.0,,,,,,,88052.0,9868.0,,,$92702,$17299,$88801,$11518,,,,,$114175,$113982,,,,,,,$88052,$9868,,
2019,6037310202,Census Tract 3102.02,Burbank (Los Angeles County),Los Angeles County,California,Burbank(LosAngelesCounty),91534.0,7013.0,92765.0,15263.0,,,,,95722.0,52815.0,,,70077.0,37336.0,91399.0,32214.0,92649.0,21406.0,69970.0,39864.0,$91534,$7013,$92765,$15263,,,,,$95722,$52815,,,$70077,$37336,$91399,$32214,$92649,$21406,$69970,$39864
2019,6037310300,Census Tract 3103,Burbank (Los Angeles County),Los Angeles County,California,Burbank(LosAngelesCounty),186285.0,32530.0,174117.0,49750.0,,,,,241966.0,83400.0,,,,,,,152471.0,45905.0,190100.0,49873.0,$186285,$32530,$174117,$49750,,,,,$241966,$83400,,,,,,,$152471,$45905,$190100,$49873
2019,6037310400,Census Tract 3104,Burbank (Los Angeles County),Los Angeles County,California,Burbank(LosAngelesCounty),114401.0,41954.0,91425.0,42723.0,,,,,152108.0,62196.0,,,,,,,112845.0,56968.0,63316.0,57128.0,$114401,$41954,$91425,$42723,,,,,$152108,$62196,,,,,,,$112845,$56968,$63316,$57128
2019,6037310501,Census Tract 3105.01,Burbank (Los Angeles County),Los Angeles County,California,Burbank(LosAngelesCounty),76188.0,12716.0,80972.0,10667.0,,,,,94541.0,35243.0,,,60836.0,25183.0,,,73238.0,13143.0,87111.0,14888.0,$76188,$12716,$80972,$10667,,,,,$94541,$35243,,,$60836,$25183,,,$73238,$13143,$87111,$14888
2019,6037310601,Census Tract 3106.01,Burbank (Los Angeles County),Los Angeles County,California,Burbank(LosAngelesCounty),85260.0,12253.0,68362.0,30047.0,,,,,112751.0,45827.0,,,83738.0,39820.0,99795.0,65845.0,66067.0,26738.0,83626.0,30065.0,$85260,$12253,$68362,$30047,,,,,$112751,$45827,,,$83738,$39820,$99795,$65845,$66067,$26738,$83626,$30065
2019,6037310602,Census Tract 3106.02,Burbank (Los Angeles County),Los Angeles County,California,Burbank(LosAngelesCounty),106833.0,17834.0,97338.0,21025.0,,,,,103243.0,56343.0,,,153729.0,42548.0,,,97617.0,24852.0,150982.0,53928.0,$106833,$17834,$97338,$21025,,,,,$103243,$56343,,,$153729,$42548,,,$97617,$24852,$150982,$53928
2019,6037310701,Census Tract 3107.01,Burbank (Los Angeles County),Los Angeles County,California,Burbank(LosAngelesCounty),37378.0,12295.0,26988.0,11821.0,,,,,38130.0,24028.0,,,198778.0,65272.0,73459.0,24044.0,26922.0,16189.0,,,$37378,$12295,$26988,$11821,,,,,$38130,$24028,,,$198778,$65272,$73459,$24044,$26922,$16189,,
2019,6037310702,Census Tract 3107.02,Burbank (Los Angeles County),Los Angeles County,California,Burbank(LosAngelesCounty),56160.0,9383.0,43998.0,18079.0,66377.0,740.0,,,77329.0,19040.0,,,102638.0,63688.0,118704.0,54634.0,47075.0,18511.0,39137.0,18742.0,$56160,$9383,$43998,$18079,$66377,$740,,,$77329,$19040,,,$102638,$63688,$118704,$54634,$47075,$18511,$39137,$18742
2019,6037310703,Census Tract 3107.03,Burbank (Los Angeles County),Los Angeles County,California,Burbank(LosAngelesCounty),52113.0,17459.0,45995.0,21409.0,,,,,,,,,71096.0,26438.0,136916.0,104804.0,43413.0,19124.0,71718.0,23439.0,$52113,$17459,$45995,$21409,,,,,,,,,$71096,$26438,$136916,$104804,$43413,$19124,$71718,$23439
2019,6037310800,Census Tract 3108,Burbank (Los Angeles County),Los Angeles County,California,Burbank(LosAngelesCounty),81755.0,26933.0,80710.0,29692.0,,,,,152999.0,150330.0,,,59997.0,32924.0,,,98102.0,23652.0,57573.0,8608.0,$81755,$26933,$80710,$29692,,,,,$152999,$150330,,,$59997,$32924,,,$98102,$23652,$57573,$8608
2019,6037310900,Census Tract 3109,Burbank (Los Angeles County),Los Angeles County,California,Burbank(LosAngelesCounty),100347.0,14122.0,99034.0,16407.0,,,,,137888.0,30821.0,,,74640.0,8514.0,,,96517.0,29323.0,81535.0,24709.0,$100347,$14122,$99034,$16407,,,,,$137888,$30821,,,$74640,$8514,,,$96517,$29323,$81535,$24709
2019,6037311000,Census Tract 3110,Burbank (Los Angeles County),Los Angeles County,California,Burbank(LosAngelesCounty),129071.0,14259.0,129225.0,16014.0,,,,,129994.0,36721.0,,,82945.0,82432.0,,,127071.0,42276.0,134016.0,31005.0,$129071,$14259,$129225,$16014,,,,,$129994,$36721,,,$82945,$82432,,,$127071,$42276,$134016,$31005
2019,6037311100,Census Tract 3111,Burbank (Los Angeles County),Los Angeles County,California,Burbank(LosAngelesCounty),130850.0,26110.0,130301.0,31128.0,,,,,140249.0,61330.0,,,,,,,121277.0,39193.0,147957.0,43871.0,$130850,$26110,$130301,$31128,,,,,$140249,$61330,,,,,,,$121277,$39193,$147957,$43871
2019,6037311200,Census Tract 3112,Burbank (Los Angeles County),Los Angeles County,California,Burbank(LosAngelesCounty),94946.0,10248.0,96653.0,10564.0,,,,,85490.0,53060.0,,,,,79415.0,39337.0,94477.0,13078.0,120763.0,51586.0,$94946,$10248,$96653,$10564,,,,,$85490,$53060,,,,,$79415,$39337,$94477,$13078,$120763,$51586
2019,6037311300,Census Tract 3113,Burbank (Los Angeles County),Los Angeles County,California,Burbank(LosAngelesCounty),120525.0,14061.0,109226.0,21512.0,264976.0,143107.0,,,197263.0,36936.0,,,,,116697.0,38876.0,107386.0,17615.0,101191.0,69902.0,$120525,$14061,$109226,$21512,$264976,$143107,,,$197263,$36936,,,,,$116697,$38876,$107386,$17615,$101191,$69902
2019,6037311400,Census Tract 3114,Burbank (Los Angeles County),Los Angeles County,California,Burbank(LosAngelesCounty),129225.0,29307.0,118969.0,33207.0,,,,,159736.0,141477.0,,,,,,,133669.0,31317.0,75073.0,17847.0,$129225,$29307,$118969,$33207,,,,,$159736,$141477,,,,,,,$133669,$31317,$75073,$17847
2019,6037311500,Census Tract 3115,Burbank (Los Angeles County),Los Angeles County,California,Burbank(LosAngelesCounty),114610.0,18345.0,110434.0,23684.0,232406.0,210336.0,,,139831.0,39650.0,,,,,,,118549.0,37500.0,52278.0,51398.0,$114610,$18345,$110434,$23684,$232406,$210336,,,$139831,$39650,,,,,,,$118549,$37500,$52278,$51398
2019,6037311600,Census Tract 3116,Burbank (Los Angeles County),Los Angeles County,California,Burbank(LosAngelesCounty),88030.0,16807.0,98300.0,17930.0,57484.0,23809.0,,,79901.0,27157.0,,,,,,,97310.0,18272.0,101020.0,33654.0,$88030,$16807,$98300,$17930,$57484,$23809,,,$79901,$27157,,,,,,,$97310,$18272,$101020,$33654
2019,6037311700,Census Tract 3117,Burbank (Los Angeles County),Los Angeles County,California,Burbank(LosAngelesCounty),115379.0,16313.0,115953.0,14285.0,,,,,250661.0,177679.0,,,160126.0,119422.0,,,118158.0,14959.0,97510.0,62649.0,$115379,$16313,$115953,$14285,,,,,$250661,$177679,,,$160126,$119422,,,$118158,$14959,$97510,$62649
2019,6037311801,Census Tract 3118.01,Burbank (Los Angeles County),Los Angeles County,California,Burbank(LosAngelesCounty),77585.0,13107.0,82304.0,12269.0,49228.0,37625.0,,,,,,,75894.0,16592.0,,,79815.0,18621.0,78836.0,6973.0,$77585,$13107,$82304,$12269,$49228,$37625,,,,,,,$75894,$16592,,,$79815,$18621,$78836,$6973
2019,6037311802,Census Tract 3118.02,Burbank (Los Angeles County),Los Angeles County,California,Burbank(LosAngelesCounty),89832.0,10604.0,82252.0,14921.0,,,,,133420.0,30209.0,,,92676.0,22212.0,,,83415.0,28328.0,80875.0,12870.0,$89832,$10604,$82252,$14921,,,,,$133420,$30209,,,$92676,$22212,,,$83415,$28328,$80875,$12870
2019,6037980001,Census Tract 9800.01,Burbank (Los Angeles County),Los Angeles County,California,Burbank(LosAngelesCounty),,,,,,,,,,,,,,,,,,,,,,,,,,,,,,,,,,,,,,,,
2020,6037310100,Census Tract 3101,Burbank (Los Angeles County),Los Angeles County,California,Burbank(LosAngelesCounty),162673.0,15963.0,162982.0,33256.0,,,,,162684.0,4664.0,,,,,101567.0,51205.0,168771.0,29562.0,235319.0,196367.0,$162673,$15963,$162982,$33256,,,,,$162684,$4664,,,,,$101567,$51205,$168771,$29562,$235319,$196367
2020,6037310201,Census Tract 3102.01,Burbank (Los Angeles County),Los Angeles County,California,Burbank(LosAngelesCounty),117442.0,21181.0,93173.0,16075.0,,,,,117424.0,52299.0,,,,,,,92671.0,16726.0,115840.0,40728.0,$117442,$21181,$93173,$16075,,,,,$117424,$52299,,,,,,,$92671,$16726,$115840,$40728
2020,6037310202,Census Tract 3102.02,Burbank (Los Angeles County),Los Angeles County,California,Burbank(LosAngelesCounty),91759.0,12793.0,93520.0,28039.0,,,,,112760.0,40794.0,,,69482.0,39825.0,89181.0,28162.0,93885.0,30331.0,69027.0,33392.0,$91759,$12793,$93520,$28039,,,,,$112760,$40794,,,$69482,$39825,$89181,$28162,$93885,$30331,$69027,$33392
2020,6037310300,Census Tract 3103,Burbank (Los Angeles County),Los Angeles County,California,Burbank(LosAngelesCounty),134486.0,52373.0,116722.0,35749.0,,,,,,,,,,,,,116186.0,34174.0,74951.0,30557.0,$134486,$52373,$116722,$35749,,,,,,,,,,,,,$116186,$34174,$74951,$30557
2020,6037310400,Census Tract 3104,Burbank (Los Angeles County),Los Angeles County,California,Burbank(LosAngelesCounty),119704.0,58745.0,83968.0,29041.0,,,,,,,,,,,144491.0,2876.0,90560.0,55102.0,62089.0,49379.0,$119704,$58745,$83968,$29041,,,,,,,,,,,$144491,$2876,$90560,$55102,$62089,$49379
2020,6037310501,Census Tract 3105.01,Burbank (Los Angeles County),Los Angeles County,California,Burbank(LosAngelesCounty),76464.0,6401.0,83175.0,14644.0,,,,,98682.0,27308.0,,,49531.0,40857.0,77000.0,26595.0,76213.0,21523.0,76807.0,24686.0,$76464,$6401,$83175,$14644,,,,,$98682,$27308,,,$49531,$40857,$77000,$26595,$76213,$21523,$76807,$24686
2020,6037310601,Census Tract 3106.01,Burbank (Los Angeles County),Los Angeles County,California,Burbank(LosAngelesCounty),87483.0,13785.0,82506.0,22017.0,,,,,96896.0,80057.0,,,131782.0,4411.0,99725.0,97381.0,82010.0,48146.0,125706.0,16904.0,$87483,$13785,$82506,$22017,,,,,$96896,$80057,,,$131782,$4411,$99725,$97381,$82010,$48146,$125706,$16904
2020,6037310602,Census Tract 3106.02,Burbank (Los Angeles County),Los Angeles County,California,Burbank(LosAngelesCounty),116268.0,22996.0,99347.0,27343.0,,,,,105997.0,68445.0,,,156602.0,11663.0,,,104565.0,28724.0,154271.0,22475.0,$116268,$22996,$99347,$27343,,,,,$105997,$68445,,,$156602,$11663,,,$104565,$28724,$154271,$22475
2020,6037310701,Census Tract 3107.01,Burbank (Los Angeles County),Los Angeles County,California,Burbank(LosAngelesCounty),25648.0,11733.0,22339.0,7093.0,,,,,37159.0,22851.0,,,199693.0,73910.0,,,22258.0,5984.0,,,$25648,$11733,$22339,$7093,,,,,$37159,$22851,,,$199693,$73910,,,$22258,$5984,,
2020,6037310703,Census Tract 3107.03,Burbank (Los Angeles County),Los Angeles County,California,Burbank(LosAngelesCounty),67559.0,28190.0,70444.0,32601.0,,,,,,,,,,,,,68050.0,42034.0,88178.0,50749.0,$67559,$28190,$70444,$32601,,,,,,,,,,,,,$68050,$42034,$88178,$50749
2020,6037310704,Census Tract 3107.04,Burbank (Los Angeles County),Los Angeles County,California,Burbank(LosAngelesCounty),64091.0,7613.0,62099.0,15772.0,,,,,79957.0,38023.0,,,100453.0,85425.0,187307.0,98358.0,62099.0,14940.0,48105.0,35719.0,$64091,$7613,$62099,$15772,,,,,$79957,$38023,,,$100453,$85425,$187307,$98358,$62099,$14940,$48105,$35719
2020,6037310705,Census Tract 3107.05,Burbank (Los Angeles County),Los Angeles County,California,Burbank(LosAngelesCounty),46305.0,37373.0,22055.0,5756.0,,,,,,,,,,,,,21965.0,6624.0,,,$46305,$37373,$22055,$5756,,,,,,,,,,,,,$21965,$6624,,
2020,6037310800,Census Tract 3108,Burbank (Los Angeles County),Los Angeles County,California,Burbank(LosAngelesCounty),78986.0,40130.0,73610.0,39683.0,114550.0,52082.0,,,,,,,59115.0,26743.0,,,80904.0,51760.0,57985.0,4465.0,$78986,$40130,$73610,$39683,$114550,$52082,,,,,,,$59115,$26743,,,$80904,$51760,$57985,$4465
2020,6037310900,Census Tract 3109,Burbank (Los Angeles County),Los Angeles County,California,Burbank(LosAngelesCounty),97346.0,16260.0,93637.0,14764.0,,,,,136299.0,40548.0,,,85990.0,24994.0,184598.0,101516.0,91895.0,13863.0,92509.0,20414.0,$97346,$16260,$93637,$14764,,,,,$136299,$40548,,,$85990,$24994,$184598,$101516,$91895,$13863,$92509,$20414
2020,6037311000,Census Tract 3110,Burbank (Los Angeles County),Los Angeles County,California,Burbank(LosAngelesCounty),114003.0,29539.0,126010.0,30519.0,,,,,122594.0,62040.0,,,133926.0,113650.0,,,126010.0,39062.0,115014.0,41610.0,$114003,$29539,$126010,$30519,,,,,$122594,$62040,,,$133926,$113650,,,$126010,$39062,$115014,$41610
2020,6037311100,Census Tract 3111,Burbank (Los Angeles County),Los Angeles County,California,Burbank(LosAngelesCounty),108757.0,31748.0,99377.0,17839.0,,,,,170841.0,124517.0,,,,,195234.0,10417.0,99344.0,19033.0,183075.0,100238.0,$108757,$31748,$99377,$17839,,,,,$170841,$124517,,,,,$195234,$10417,$99344,$19033,$183075,$100238
2020,6037311200,Census Tract 3112,Burbank (Los Angeles County),Los Angeles County,California,Burbank(LosAngelesCounty),94248.0,13486.0,94317.0,17084.0,,,,,84398.0,22549.0,,,,,105189.0,81296.0,94266.0,18772.0,141394.0,65207.0,$94248,$13486,$94317,$17084,,,,,$84398,$22549,,,,,$105189,$81296,$94266,$18772,$141394,$65207
2020,6037311300,Census Tract 3113,Burbank (Los Angeles County),Los Angeles County,California,Burbank(LosAngelesCounty),131639.0,25639.0,120696.0,13413.0,,,,,168519.0,100488.0,,,,,159255.0,14695.0,118267.0,15607.0,157916.0,38949.0,$131639,$25639,$120696,$13413,,,,,$168519,$100488,,,,,$159255,$14695,$118267,$15607,$157916,$38949
2020,6037311400,Census Tract 3114,Burbank (Los Angeles County),Los Angeles County,California,Burbank(LosAngelesCounty),137351.0,23565.0,138602.0,22017.0,,,,,209778.0,189364.0,,,,,,,140812.0,27871.0,68951.0,32970.0,$137351,$23565,$138602,$22017,,,,,$209778,$189364,,,,,,,$140812,$27871,$68951,$32970
2020,6037311500,Census Tract 3115,Burbank (Los Angeles County),Los Angeles County,California,Burbank(LosAngelesCounty),126010.0,21674.0,114623.0,19734.0,232586.0,229075.0,,,143114.0,56722.0,,,,,,,123423.0,28269.0,83868.0,31944.0,$126010,$21674,$114623,$19734,$232586,$229075,,,$143114,$56722,,,,,,,$123423,$28269,$83868,$31944
2020,6037311601,Census Tract 3116.01,Burbank (Los Angeles County),Los Angeles County,California,Burbank(LosAngelesCounty),105362.0,60709.0,106259.0,89071.0,,,,,,,,,,,75150.0,18717.0,105229.0,83823.0,194409.0,188768.0,$105362,$60709,$106259,$89071,,,,,,,,,,,$75150,$18717,$105229,$83823,$194409,$188768
2020,6037311602,Census Tract 3116.02,Burbank (Los Angeles County),Los Angeles County,California,Burbank(LosAngelesCounty),80041.0,26297.0,82972.0,26821.0,57502.0,37417.0,,,80572.0,64806.0,,,,,127807.0,112534.0,86385.0,23051.0,,,$80041,$26297,$82972,$26821,$57502,$37417,,,$80572,$64806,,,,,$127807,$112534,$86385,$23051,,
2020,6037311700,Census Tract 3117,Burbank (Los Angeles County),Los Angeles County,California,Burbank(LosAngelesCounty),128006.0,15292.0,115059.0,21408.0,,,,,292099.0,86920.0,,,,,,,116192.0,17740.0,128973.0,1653.0,$128006,$15292,$115059,$21408,,,,,$292099,$86920,,,,,,,$116192,$17740,$128973,$1653
2020,6037311801,Census Tract 3118.01,Burbank (Los Angeles County),Los Angeles County,California,Burbank(LosAngelesCounty),75711.0,22090.0,80107.0,29148.0,,,,,,,,,73632.0,25142.0,83248.0,44119.0,60497.0,37911.0,82786.0,12673.0,$75711,$22090,$80107,$29148,,,,,,,,,$73632,$25142,$83248,$44119,$60497,$37911,$82786,$12673
2020,6037311802,Census Tract 3118.02,Burbank (Los Angeles County),Los Angeles County,California,Burbank(LosAngelesCounty),99776.0,19735.0,98998.0,28989.0,,,,,135654.0,54616.0,,,86663.0,20641.0,,,136890.0,107739.0,81485.0,10956.0,$99776,$19735,$98998,$28989,,,,,$135654,$54616,,,$86663,$20641,,,$136890,$107739,$81485,$10956
2020,6037980001,Census Tract 9800.01,Burbank (Los Angeles County),Los Angeles County,California,Burbank(LosAngelesCounty),,,,,,,,,,,,,,,,,,,,,,,,,,,,,,,,,,,,,,,,
2021,6037310100,Census Tract 3101,Burbank (Los Angeles County),Los Angeles County,California,Burbank(LosAngelesCounty),169247.0,22021.0,169271.0,33410.0,,,,,168439.0,82805.0,,,,,,,169697.0,28939.0,,,$169247,$22021,$169271,$33410,,,,,$168439,$82805,,,,,,,$169697,$28939,,
2021,6037310201,Census Tract 3102.01,Burbank (Los Angeles County),Los Angeles County,California,Burbank(LosAngelesCounty),115974.0,28756.0,91147.0,23851.0,,,,,114469.0,77995.0,,,,,117800.0,27138.0,89880.0,22118.0,116722.0,34953.0,$115974,$28756,$91147,$23851,,,,,$114469,$77995,,,,,$117800,$27138,$89880,$22118,$116722,$34953
2021,6037310202,Census Tract 3102.02,Burbank (Los Angeles County),Los Angeles County,California,Burbank(LosAngelesCounty),101833.0,16394.0,104126.0,26368.0,103567.0,20196.0,,,110643.0,90835.0,,,,,73135.0,46876.0,105285.0,28370.0,87617.0,76907.0,$101833,$16394,$104126,$26368,$103567,$20196,,,$110643,$90835,,,,,$73135,$46876,$105285,$28370,$87617,$76907
2021,6037310300,Census Tract 3103,Burbank (Los Angeles County),Los Angeles County,California,Burbank(LosAngelesCounty),120527.0,25920.0,117420.0,12806.0,,,,,,,,,,,139843.0,106597.0,116238.0,15233.0,176561.0,122346.0,$120527,$25920,$117420,$12806,,,,,,,,,,,$139843,$106597,$116238,$15233,$176561,$122346
2021,6037310400,Census Tract 3104,Burbank (Los Angeles County),Los Angeles County,California,Burbank(LosAngelesCounty),100373.0,50232.0,75057.0,26866.0,,,,,,,,,160544.0,102648.0,143313.0,618.0,86732.0,20881.0,63083.0,57405.0,$100373,$50232,$75057,$26866,,,,,,,,,$160544,$102648,$143313,$618,$86732,$20881,$63083,$57405
2021,6037310501,Census Tract 3105.01,Burbank (Los Angeles County),Los Angeles County,California,Burbank(LosAngelesCounty),76542.0,3362.0,87506.0,18499.0,,,,,102235.0,54237.0,,,,,76147.0,48872.0,92975.0,38628.0,76256.0,22086.0,$76542,$3362,$87506,$18499,,,,,$102235,$54237,,,,,$76147,$48872,$92975,$38628,$76256,$22086
2021,6037310601,Census Tract 3106.01,Burbank (Los Angeles County),Los Angeles County,California,Burbank(LosAngelesCounty),84550.0,11676.0,82749.0,13019.0,19565.0,8337.0,,,116107.0,35558.0,,,136298.0,8644.0,119889.0,24632.0,82844.0,40347.0,88078.0,65793.0,$84550,$11676,$82749,$13019,$19565,$8337,,,$116107,$35558,,,$136298,$8644,$119889,$24632,$82844,$40347,$88078,$65793
2021,6037310602,Census Tract 3106.02,Burbank (Los Angeles County),Los Angeles County,California,Burbank(LosAngelesCounty),120978.0,30523.0,111657.0,40385.0,,,,,139673.0,73760.0,,,152545.0,103334.0,,,118095.0,41030.0,,,$120978,$30523,$111657,$40385,,,,,$139673,$73760,,,$152545,$103334,,,$118095,$41030,,
2021,6037310701,Census Tract 3107.01,Burbank (Los Angeles County),Los Angeles County,California,Burbank(LosAngelesCounty),22540.0,8763.0,18453.0,9511.0,,,,,37943.0,28965.0,,,244541.0,191368.0,119840.0,93903.0,21607.0,9527.0,,,$22540,$8763,$18453,$9511,,,,,$37943,$28965,,,$244541,$191368,$119840,$93903,$21607,$9527,,
2021,6037310703,Census Tract 3107.03,Burbank (Los Angeles County),Los Angeles County,California,Burbank(LosAngelesCounty),84437.0,26948.0,91886.0,34068.0,,,,,,,,,84437.0,60365.0,,,77637.0,46869.0,104104.0,22270.0,$84437,$26948,$91886,$34068,,,,,,,,,$84437,$60365,,,$77637,$46869,$104104,$22270
2021,6037310704,Census Tract 3107.04,Burbank (Los Angeles County),Los Angeles County,California,Burbank(LosAngelesCounty),61453.0,16990.0,45481.0,30241.0,,,,,115973.0,54629.0,,,,,,,44825.0,29862.0,63268.0,30788.0,$61453,$16990,$45481,$30241,,,,,$115973,$54629,,,,,,,$44825,$29862,$63268,$30788
2021,6037310705,Census Tract 3107.05,Burbank (Los Angeles County),Los Angeles County,California,Burbank(LosAngelesCounty),42288.0,26378.0,22733.0,11505.0,,,,,142364.0,116837.0,,,,,,,22228.0,10351.0,,,$42288,$26378,$22733,$11505,,,,,$142364,$116837,,,,,,,$22228,$10351,,
2021,6037310800,Census Tract 3108,Burbank (Los Angeles County),Los Angeles County,California,Burbank(LosAngelesCounty),95025.0,42671.0,76755.0,43858.0,160241.0,8827.0,,,189628.0,146475.0,,,58691.0,51884.0,,,81056.0,48369.0,60141.0,9360.0,$95025,$42671,$76755,$43858,$160241,$8827,,,$189628,$146475,,,$58691,$51884,,,$81056,$48369,$60141,$9360
2021,6037310900,Census Tract 3109,Burbank (Los Angeles County),Los Angeles County,California,Burbank(LosAngelesCounty),97532.0,19934.0,90333.0,18884.0,,,,,135006.0,40283.0,,,87149.0,57638.0,,,87672.0,18722.0,104584.0,36281.0,$97532,$19934,$90333,$18884,,,,,$135006,$40283,,,$87149,$57638,,,$87672,$18722,$104584,$36281
2021,6037311000,Census Tract 3110,Burbank (Los Angeles County),Los Angeles County,California,Burbank(LosAngelesCounty),108214.0,27141.0,124960.0,29385.0,,,,,99581.0,38441.0,,,155215.0,91871.0,,,128635.0,29882.0,92004.0,56362.0,$108214,$27141,$124960,$29385,,,,,$99581,$38441,,,$155215,$91871,,,$128635,$29882,$92004,$56362
2021,6037311100,Census Tract 3111,Burbank (Los Angeles County),Los Angeles County,California,Burbank(LosAngelesCounty),106892.0,23542.0,97325.0,8966.0,,,,,186095.0,29376.0,,,81490.0,46335.0,144188.0,85793.0,97211.0,8834.0,108879.0,58119.0,$106892,$23542,$97325,$8966,,,,,$186095,$29376,,,$81490,$46335,$144188,$85793,$97211,$8834,$108879,$58119
2021,6037311200,Census Tract 3112,Burbank (Los Angeles County),Los Angeles County,California,Burbank(LosAngelesCounty),90491.0,16309.0,78856.0,20317.0,105575.0,76824.0,,,,,,,,,124546.0,91676.0,80014.0,22294.0,140424.0,80160.0,$90491,$16309,$78856,$20317,$105575,$76824,,,,,,,,,$124546,$91676,$80014,$22294,$140424,$80160
2021,6037311300,Census Tract 3113,Burbank (Los Angeles County),Los Angeles County,California,Burbank(LosAngelesCounty),132934.0,25764.0,121439.0,15905.0,,,,,117064.0,56077.0,,,,,157729.0,6189.0,120202.0,8188.0,156867.0,24008.0,$132934,$25764,$121439,$15905,,,,,$117064,$56077,,,,,$157729,$6189,$120202,$8188,$156867,$24008
2021,6037311400,Census Tract 3114,Burbank (Los Angeles County),Los Angeles County,California,Burbank(LosAngelesCounty),141925.0,36172.0,153957.0,31533.0,,,,,176103.0,145955.0,,,,,,,154379.0,33802.0,133699.0,42108.0,$141925,$36172,$153957,$31533,,,,,$176103,$145955,,,,,,,$154379,$33802,$133699,$42108
2021,6037311500,Census Tract 3115,Burbank (Los Angeles County),Los Angeles County,California,Burbank(LosAngelesCounty),130696.0,18427.0,115730.0,26661.0,,,,,,,,,220336.0,179918.0,,,124047.0,27231.0,84780.0,26915.0,$130696,$18427,$115730,$26661,,,,,,,,,$220336,$179918,,,$124047,$27231,$84780,$26915
2021,6037311601,Census Tract 3116.01,Burbank (Los Angeles County),Los Angeles County,California,Burbank(LosAngelesCounty),105720.0,84729.0,,,,,,,,,,,,,74254.0,14796.0,104782.0,91519.0,195072.0,78162.0,$105720,$84729,,,,,,,,,,,,,$74254,$14796,$104782,$91519,$195072,$78162
2021,6037311602,Census Tract 3116.02,Burbank (Los Angeles County),Los Angeles County,California,Burbank(LosAngelesCounty),83430.0,20788.0,93015.0,20477.0,57239.0,12022.0,,,88863.0,76018.0,,,,,,,93097.0,20456.0,,,$83430,$20788,$93015,$20477,$57239,$12022,,,$88863,$76018,,,,,,,$93097,$20456,,
2021,6037311700,Census Tract 3117,Burbank (Los Angeles County),Los Angeles County,California,Burbank(LosAngelesCounty),106667.0,33327.0,85790.0,27606.0,,,,,262815.0,135257.0,,,,,129372.0,62665.0,86617.0,23124.0,129131.0,22036.0,$106667,$33327,$85790,$27606,,,,,$262815,$135257,,,,,$129372,$62665,$86617,$23124,$129131,$22036
2021,6037311801,Census Tract 3118.01,Burbank (Los Angeles County),Los Angeles County,California,Burbank(LosAngelesCounty),58875.0,12618.0,59345.0,28278.0,,,,,95462.0,81957.0,,,50639.0,17038.0,,,56756.0,15504.0,72591.0,35414.0,$58875,$12618,$59345,$28278,,,,,$95462,$81957,,,$50639,$17038,,,$56756,$15504,$72591,$35414
2021,6037311802,Census Tract 3118.02,Burbank (Los Angeles County),Los Angeles County,California,Burbank(LosAngelesCounty),109944.0,20248.0,112808.0,34794.0,105720.0,77441.0,,,138695.0,62377.0,,,93732.0,18371.0,60139.0,13198.0,155187.0,104467.0,84665.0,14530.0,$109944,$20248,$112808,$34794,$105720,$77441,,,$138695,$62377,,,$93732,$18371,$60139,$13198,$155187,$104467,$84665,$14530
2021,6037980001,Census Tract 9800.01,Burbank (Los Angeles County),Los Angeles County,California,Burbank(LosAngelesCounty),,,,,,,,,,,,,,,,,,,,,,,,,,,,,,,,,,,,,,,,
2022,6037310100,Census Tract 3101,Burbank (Los Angeles County),Los Angeles County,California,Burbank(LosAngelesCounty),172966.0,32318.0,171819.0,33887.0,,,,,191278.0,127046.0,,,,,,,166927.0,50353.0,,,$172966,$32318,$171819,$33887,,,,,$191278,$127046,,,,,,,$166927,$50353,,
2022,6037310201,Census Tract 3102.01,Burbank (Los Angeles County),Los Angeles County,California,Burbank(LosAngelesCounty),99145.0,36492.0,86250.0,19794.0,,,,,123903.0,80442.0,,,,,116850.0,46695.0,78480.0,17625.0,115510.0,31679.0,$99145,$36492,$86250,$19794,,,,,$123903,$80442,,,,,$116850,$46695,$78480,$17625,$115510,$31679
2022,6037310202,Census Tract 3102.02,Burbank (Los Angeles County),Los Angeles County,California,Burbank(LosAngelesCounty),100314.0,23273.0,101340.0,28514.0,,,,,144771.0,66767.0,,,,,87891.0,23689.0,101974.0,30916.0,,,$100314,$23273,$101340,$28514,,,,,$144771,$66767,,,,,$87891,$23689,$101974,$30916,,
2022,6037310300,Census Tract 3103,Burbank (Los Angeles County),Los Angeles County,California,Burbank(LosAngelesCounty),140518.0,50292.0,120917.0,39416.0,,,,,,,,,,,140679.0,133677.0,120382.0,34295.0,,,$140518,$50292,$120917,$39416,,,,,,,,,,,$140679,$133677,$120382,$34295,,
2022,6037310400,Census Tract 3104,Burbank (Los Angeles County),Los Angeles County,California,Burbank(LosAngelesCounty),113376.0,31639.0,88204.0,31135.0,,,,,168693.0,140125.0,,,,,143275.0,18243.0,92829.0,41403.0,,,$113376,$31639,$88204,$31135,,,,,$168693,$140125,,,,,$143275,$18243,$92829,$41403,,
2022,6037310501,Census Tract 3105.01,Burbank (Los Angeles County),Los Angeles County,California,Burbank(LosAngelesCounty),77534.0,17788.0,87852.0,23204.0,,,,,,,,,41662.0,7187.0,78641.0,27452.0,100534.0,29606.0,75067.0,47680.0,$77534,$17788,$87852,$23204,,,,,,,,,$41662,$7187,$78641,$27452,$100534,$29606,$75067,$47680
2022,6037310601,Census Tract 3106.01,Burbank (Los Angeles County),Los Angeles County,California,Burbank(LosAngelesCounty),85507.0,17313.0,68257.0,37341.0,,,,,100667.0,33075.0,,,132673.0,50163.0,122309.0,35469.0,67098.0,38941.0,91007.0,81954.0,$85507,$17313,$68257,$37341,,,,,$100667,$33075,,,$132673,$50163,$122309,$35469,$67098,$38941,$91007,$81954
2022,6037310602,Census Tract 3106.02,Burbank (Los Angeles County),Los Angeles County,California,Burbank(LosAngelesCounty),118218.0,23058.0,106850.0,32404.0,,,,,151520.0,45297.0,,,,,,,114458.0,33650.0,,,$118218,$23058,$106850,$32404,,,,,$151520,$45297,,,,,,,$114458,$33650,,
2022,6037310701,Census Tract 3107.01,Burbank (Los Angeles County),Los Angeles County,California,Burbank(LosAngelesCounty),22202.0,8829.0,16836.0,5537.0,,,,,,,,,,,150160.0,107224.0,17953.0,7368.0,,,$22202,$8829,$16836,$5537,,,,,,,,,,,$150160,$107224,$17953,$7368,,
2022,6037310703,Census Tract 3107.03,Burbank (Los Angeles County),Los Angeles County,California,Burbank(LosAngelesCounty),75739.0,16830.0,75891.0,18458.0,,,,,,,,,84834.0,39192.0,,,72318.0,26368.0,104616.0,17190.0,$75739,$16830,$75891,$18458,,,,,,,,,$84834,$39192,,,$72318,$26368,$104616,$17190
2022,6037310704,Census Tract 3107.04,Burbank (Los Angeles County),Los Angeles County,California,Burbank(LosAngelesCounty),63203.0,13787.0,43889.0,29242.0,,,,,122190.0,14985.0,,,102434.0,51561.0,83387.0,67641.0,39060.0,27513.0,68082.0,26478.0,$63203,$13787,$43889,$29242,,,,,$122190,$14985,,,$102434,$51561,$83387,$67641,$39060,$27513,$68082,$26478
2022,6037310705,Census Tract 3107.05,Burbank (Los Angeles County),Los Angeles County,California,Burbank(LosAngelesCounty),35698.0,24064.0,21662.0,6092.0,,,,,136351.0,132258.0,,,,,,,20767.0,6267.0,,,$35698,$24064,$21662,$6092,,,,,$136351,$132258,,,,,,,$20767,$6267,,
2022,6037310800,Census Tract 3108,Burbank (Los Angeles County),Los Angeles County,California,Burbank(LosAngelesCounty),105232.0,30764.0,99326.0,47381.0,,,,,175216.0,118371.0,,,,,107854.0,72680.0,100703.0,44770.0,,,$105232,$30764,$99326,$47381,,,,,$175216,$118371,,,,,$107854,$72680,$100703,$44770,,
2022,6037310900,Census Tract 3109,Burbank (Los Angeles County),Los Angeles County,California,Burbank(LosAngelesCounty),105973.0,19867.0,96987.0,27133.0,,,,,116802.0,97402.0,,,86444.0,36828.0,,,93931.0,24183.0,106101.0,44189.0,$105973,$19867,$96987,$27133,,,,,$116802,$97402,,,$86444,$36828,,,$93931,$24183,$106101,$44189
2022,6037311000,Census Tract 3110,Burbank (Los Angeles County),Los Angeles County,California,Burbank(LosAngelesCounty),115074.0,23470.0,130535.0,21711.0,,,,,119912.0,43442.0,,,,,67353.0,56223.0,131429.0,22667.0,83929.0,51335.0,$115074,$23470,$130535,$21711,,,,,$119912,$43442,,,,,$67353,$56223,$131429,$22667,$83929,$51335
2022,6037311100,Census Tract 3111,Burbank (Los Angeles County),Los Angeles County,California,Burbank(LosAngelesCounty),98570.0,23108.0,98114.0,12126.0,,,,,185270.0,117312.0,,,81930.0,16996.0,183636.0,107812.0,98234.0,15067.0,83935.0,51732.0,$98570,$23108,$98114,$12126,,,,,$185270,$117312,,,$81930,$16996,$183636,$107812,$98234,$15067,$83935,$51732
2022,6037311200,Census Tract 3112,Burbank (Los Angeles County),Los Angeles County,California,Burbank(LosAngelesCounty),94318.0,19077.0,89655.0,26066.0,105727.0,87695.0,,,177341.0,131892.0,,,,,185041.0,81223.0,94488.0,22694.0,73647.0,72379.0,$94318,$19077,$89655,$26066,$105727,$87695,,,$177341,$131892,,,,,$185041,$81223,$94488,$22694,$73647,$72379
2022,6037311300,Census Tract 3113,Burbank (Los Angeles County),Los Angeles County,California,Burbank(LosAngelesCounty),125353.0,23821.0,123304.0,16960.0,,,,,123798.0,113319.0,,,,,159458.0,34124.0,122348.0,12028.0,158820.0,30247.0,$125353,$23821,$123304,$16960,,,,,$123798,$113319,,,,,$159458,$34124,$122348,$12028,$158820,$30247
2022,6037311400,Census Tract 3114,Burbank (Los Angeles County),Los Angeles County,California,Burbank(LosAngelesCounty),139339.0,25746.0,138957.0,34495.0,,,,,212358.0,101528.0,,,45219.0,33091.0,152737.0,63689.0,139711.0,34978.0,135481.0,28124.0,$139339,$25746,$138957,$34495,,,,,$212358,$101528,,,$45219,$33091,$152737,$63689,$139711,$34978,$135481,$28124
2022,6037311500,Census Tract 3115,Burbank (Los Angeles County),Los Angeles County,California,Burbank(LosAngelesCounty),134754.0,14485.0,129419.0,19245.0,157339.0,32266.0,,,136739.0,100669.0,,,101155.0,28851.0,,,134673.0,17370.0,93504.0,17806.0,$134754,$14485,$129419,$19245,$157339,$32266,,,$136739,$100669,,,$101155,$28851,,,$134673,$17370,$93504,$17806
2022,6037311601,Census Tract 3116.01,Burbank (Los Angeles County),Los Angeles County,California,Burbank(LosAngelesCounty),101742.0,66173.0,105472.0,73220.0,,,,,,,,,,,76369.0,15473.0,107607.0,92329.0,220086.0,218393.0,$101742,$66173,$105472,$73220,,,,,,,,,,,$76369,$15473,$107607,$92329,$220086,$218393
2022,6037311602,Census Tract 3116.02,Burbank (Los Angeles County),Los Angeles County,California,Burbank(LosAngelesCounty),86209.0,11247.0,93250.0,16066.0,60986.0,42234.0,,,88695.0,47002.0,,,,,,,92568.0,13215.0,,,$86209,$11247,$93250,$16066,$60986,$42234,,,$88695,$47002,,,,,,,$92568,$13215,,
2022,6037311700,Census Tract 3117,Burbank (Los Angeles County),Los Angeles County,California,Burbank(LosAngelesCounty),128746.0,18335.0,104951.0,31895.0,,,,,262754.0,215086.0,,,113913.0,35593.0,130245.0,5726.0,104876.0,30956.0,129677.0,30440.0,$128746,$18335,$104951,$31895,,,,,$262754,$215086,,,$113913,$35593,$130245,$5726,$104876,$30956,$129677,$30440
2022,6037311801,Census Tract 3118.01,Burbank (Los Angeles County),Los Angeles County,California,Burbank(LosAngelesCounty),78439.0,30514.0,85747.0,27661.0,,,,,97197.0,77046.0,,,49930.0,22017.0,,,85939.0,41334.0,62097.0,38828.0,$78439,$30514,$85747,$27661,,,,,$97197,$77046,,,$49930,$22017,,,$85939,$41334,$62097,$38828
2022,6037311802,Census Tract 3118.02,Burbank (Los Angeles County),Los Angeles County,California,Burbank(LosAngelesCounty),109194.0,16587.0,115605.0,33653.0,104577.0,8570.0,,,160106.0,86457.0,,,95969.0,18690.0,56880.0,14202.0,143470.0,90358.0,89622.0,12725.0,$109194,$16587,$115605,$33653,$104577,$8570,,,$160106,$86457,,,$95969,$18690,$56880,$14202,$143470,$90358,$89622,$12725
2022,6037980001,Census Tract 9800.01,Burbank (Los Angeles County),Los Angeles County,California,Burbank(LosAngelesCounty),,,,,,,,,,,,,,,,,,,,,,,,,,,,,,,,,,,,,,,,
2023,6037310100,Census Tract 3101,Burbank (Los Angeles County),Los Angeles County,California,Burbank(LosAngelesCounty),174691.0,55642.0,173951.0,29349.0,,,,,,,,,,,243676.0,85177.0,173283.0,12436.0,,,$174691,$55642,$173951,$29349,,,,,,,,,,,$243676,$85177,$173283,$12436,,
2023,6037310201,Census Tract 3102.01,Burbank (Los Angeles County),Los Angeles County,California,Burbank(LosAngelesCounty),104664.0,40140.0,90941.0,26054.0,,,,,124888.0,63868.0,,,,,112530.0,105902.0,90593.0,29584.0,94382.0,15509.0,$104664,$40140,$90941,$26054,,,,,$124888,$63868,,,,,$112530,$105902,$90593,$29584,$94382,$15509
2023,6037310202,Census Tract 3102.02,Burbank (Los Angeles County),Los Angeles County,California,Burbank(LosAngelesCounty),107924.0,27284.0,101302.0,34875.0,,,,,145842.0,56887.0,,,89489.0,46171.0,,,101571.0,34112.0,,,$107924,$27284,$101302,$34875,,,,,$145842,$56887,,,$89489,$46171,,,$101571,$34112,,
2023,6037310300,Census Tract 3103,Burbank (Los Angeles County),Los Angeles County,California,Burbank(LosAngelesCounty),142008.0,66739.0,123147.0,61191.0,,,,,,,,,,,140333.0,129952.0,122882.0,58791.0,,,$142008,$66739,$123147,$61191,,,,,,,,,,,$140333,$129952,$122882,$58791,,
2023,6037310400,Census Tract 3104,Burbank (Los Angeles County),Los Angeles County,California,Burbank(LosAngelesCounty),113435.0,34696.0,89213.0,25003.0,142987.0,89475.0,,,189210.0,95980.0,,,,,145186.0,19506.0,93196.0,38886.0,62631.0,30065.0,$113435,$34696,$89213,$25003,$142987,$89475,,,$189210,$95980,,,,,$145186,$19506,$93196,$38886,$62631,$30065
2023,6037310501,Census Tract 3105.01,Burbank (Los Angeles County),Los Angeles County,California,Burbank(LosAngelesCounty),75478.0,27702.0,77112.0,36708.0,,,,,,,,,42488.0,5335.0,78788.0,20860.0,82289.0,47305.0,57903.0,38105.0,$75478,$27702,$77112,$36708,,,,,,,,,$42488,$5335,$78788,$20860,$82289,$47305,$57903,$38105
2023,6037310601,Census Tract 3106.01,Burbank (Los Angeles County),Los Angeles County,California,Burbank(LosAngelesCounty),87591.0,10857.0,85073.0,30171.0,,,,,98735.0,14209.0,,,131939.0,74400.0,121219.0,75369.0,68504.0,41647.0,90821.0,82099.0,$87591,$10857,$85073,$30171,,,,,$98735,$14209,,,$131939,$74400,$121219,$75369,$68504,$41647,$90821,$82099
2023,6037310602,Census Tract 3106.02,Burbank (Los Angeles County),Los Angeles County,California,Burbank(LosAngelesCounty),96953.0,30890.0,93931.0,24845.0,,,,,175330.0,90371.0,,,,,117092.0,88108.0,94027.0,24553.0,119298.0,62478.0,$96953,$30890,$93931,$24845,,,,,$175330,$90371,,,,,$117092,$88108,$94027,$24553,$119298,$62478
2023,6037310701,Census Tract 3107.01,Burbank (Los Angeles County),Los Angeles County,California,Burbank(LosAngelesCounty),26418.0,13067.0,18060.0,10093.0,124772.0,35227.0,,,40473.0,10919.0,,,,,149429.0,83733.0,19025.0,10439.0,,,$26418,$13067,$18060,$10093,$124772,$35227,,,$40473,$10919,,,,,$149429,$83733,$19025,$10439,,
2023,6037310703,Census Tract 3107.03,Burbank (Los Angeles County),Los Angeles County,California,Burbank(LosAngelesCounty),76284.0,29593.0,87637.0,34271.0,,,,,,,,,50207.0,18191.0,92878.0,36894.0,76683.0,32200.0,86486.0,50670.0,$76284,$29593,$87637,$34271,,,,,,,,,$50207,$18191,$92878,$36894,$76683,$32200,$86486,$50670
2023,6037310704,Census Tract 3107.04,Burbank (Los Angeles County),Los Angeles County,California,Burbank(LosAngelesCounty),62637.0,12338.0,56288.0,18440.0,,,,,106283.0,43502.0,,,,,,,54900.0,19900.0,67461.0,24498.0,$62637,$12338,$56288,$18440,,,,,$106283,$43502,,,,,,,$54900,$19900,$67461,$24498
2023,6037310705,Census Tract 3107.05,Burbank (Los Angeles County),Los Angeles County,California,Burbank(LosAngelesCounty),47502.0,37899.0,20386.0,6050.0,,,,,142593.0,105175.0,,,,,,,20184.0,5996.0,,,$47502,$37899,$20386,$6050,,,,,$142593,$105175,,,,,,,$20184,$5996,,
2023,6037310800,Census Tract 3108,Burbank (Los Angeles County),Los Angeles County,California,Burbank(LosAngelesCounty),101371.0,34972.0,104572.0,45604.0,,,,,,,,,90781.0,45024.0,,,103980.0,47570.0,90839.0,30932.0,$101371,$34972,$104572,$45604,,,,,,,,,$90781,$45024,,,$103980,$47570,$90839,$30932
2023,6037310900,Census Tract 3109,Burbank (Los Angeles County),Los Angeles County,California,Burbank(LosAngelesCounty),116200.0,15401.0,103984.0,28938.0,,,,,157813.0,110532.0,,,87387.0,42148.0,193461.0,69544.0,95082.0,35282.0,114636.0,76936.0,$116200,$15401,$103984,$28938,,,,,$157813,$110532,,,$87387,$42148,$193461,$69544,$95082,$35282,$114636,$76936
2023,6037311000,Census Tract 3110,Burbank (Los Angeles County),Los Angeles County,California,Burbank(LosAngelesCounty),117880.0,22093.0,134742.0,21962.0,,,,,106982.0,85057.0,,,,,,,134620.0,24025.0,115962.0,44500.0,$117880,$22093,$134742,$21962,,,,,$106982,$85057,,,,,,,$134620,$24025,$115962,$44500
2023,6037311100,Census Tract 3111,Burbank (Los Angeles County),Los Angeles County,California,Burbank(LosAngelesCounty),102394.0,21282.0,98568.0,7034.0,,,,,186018.0,41574.0,,,82825.0,68530.0,122153.0,47857.0,98313.0,15909.0,107267.0,22096.0,$102394,$21282,$98568,$7034,,,,,$186018,$41574,,,$82825,$68530,$122153,$47857,$98313,$15909,$107267,$22096
2023,6037311200,Census Tract 3112,Burbank (Los Angeles County),Los Angeles County,California,Burbank(LosAngelesCounty),91357.0,24303.0,91055.0,21152.0,,,,,178712.0,161019.0,,,57278.0,55192.0,148296.0,65833.0,95475.0,23221.0,72174.0,57391.0,$91357,$24303,$91055,$21152,,,,,$178712,$161019,,,$57278,$55192,$148296,$65833,$95475,$23221,$72174,$57391
2023,6037311300,Census Tract 3113,Burbank (Los Angeles County),Los Angeles County,California,Burbank(LosAngelesCounty),119177.0,13000.0,115337.0,16602.0,,,,,125070.0,114708.0,,,,,158066.0,966.0,113973.0,17762.0,157582.0,41590.0,$119177,$13000,$115337,$16602,,,,,$125070,$114708,,,,,$158066,$966,$113973,$17762,$157582,$41590
2023,6037311400,Census Tract 3114,Burbank (Los Angeles County),Los Angeles County,California,Burbank(LosAngelesCounty),140360.0,22758.0,138194.0,28698.0,,,,,211737.0,88153.0,,,,,151834.0,78816.0,133390.0,28451.0,154959.0,55981.0,$140360,$22758,$138194,$28698,,,,,$211737,$88153,,,,,$151834,$78816,$133390,$28451,$154959,$55981
2023,6037311500,Census Tract 3115,Burbank (Los Angeles County),Los Angeles County,California,Burbank(LosAngelesCounty),134922.0,25929.0,122710.0,20698.0,158285.0,34991.0,,,223706.0,158535.0,,,99748.0,55351.0,,,129019.0,21817.0,102968.0,12898.0,$134922,$25929,$122710,$20698,$158285,$34991,,,$223706,$158535,,,$99748,$55351,,,$129019,$21817,$102968,$12898
2023,6037311601,Census Tract 3116.01,Burbank (Los Angeles County),Los Angeles County,California,Burbank(LosAngelesCounty),108183.0,18264.0,106931.0,40785.0,,,,,,,,,181249.0,92927.0,75614.0,6053.0,109187.0,67397.0,106189.0,104106.0,$108183,$18264,$106931,$40785,,,,,,,,,$181249,$92927,$75614,$6053,$109187,$67397,$106189,$104106
2023,6037311602,Census Tract 3116.02,Burbank (Los Angeles County),Los Angeles County,California,Burbank(LosAngelesCounty),87019.0,12487.0,94201.0,9310.0,86735.0,27544.0,,,,,,,,,66803.0,46202.0,93832.0,11253.0,72543.0,38504.0,$87019,$12487,$94201,$9310,$86735,$27544,,,,,,,,,$66803,$46202,$93832,$11253,$72543,$38504
2023,6037311700,Census Tract 3117,Burbank (Los Angeles County),Los Angeles County,California,Burbank(LosAngelesCounty),118379.0,24610.0,86324.0,24828.0,,,,,,,,,114720.0,33330.0,130141.0,51441.0,90071.0,30309.0,129153.0,53921.0,$118379,$24610,$86324,$24828,,,,,,,,,$114720,$33330,$130141,$51441,$90071,$30309,$129153,$53921
2023,6037311801,Census Tract 3118.01,Burbank (Los Angeles County),Los Angeles County,California,Burbank(LosAngelesCounty),88199.0,21631.0,87313.0,26611.0,,,,,95920.0,60183.0,,,,,163245.0,1128.0,82136.0,29160.0,105752.0,50145.0,$88199,$21631,$87313,$26611,,,,,$95920,$60183,,,,,$163245,$1128,$82136,$29160,$105752,$50145
2023,6037311802,Census Tract 3118.02,Burbank (Los Angeles County),Los Angeles County,California,Burbank(LosAngelesCounty),106357.0,21341.0,117582.0,40247.0,100035.0,31474.0,,,137680.0,127698.0,,,98230.0,24710.0,58136.0,9865.0,130544.0,107441.0,91524.0,13374.0,$106357,$21341,$117582,$40247,$100035,$31474,,,$137680,$127698,,,$98230,$24710,$58136,$9865,$130544,$107441,$91524,$13374
2023,6037980001,Census Tract 9800.01,Burbank (Los Angeles County),Los Angeles County,California,Burbank(LosAngelesCounty),,,,,,,,,,,,,,,,,,,,,,,,,,,,,,,,,,,,,,,,
2024,6037310100,Census Tract 3101,Burbank (Los Angeles County),Los Angeles County,California,Burbank(LosAngelesCounty),171991.0,17701.0,171427.0,18051.0,,,,,244125.0,162259.0,,,,,230642.0,57091.0,171427.0,18051.0,,,$171991,$17701,$171427,$18051,,,,,$244125,$162259,,,,,$230642,$57091,$171427,$18051,,
2024,6037310201,Census Tract 3102.01,Burbank (Los Angeles County),Los Angeles County,California,Burbank(LosAngelesCounty),133608.0,20828.0,133047.0,18529.0,,,,,124141.0,43864.0,,,,,110069.0,60262.0,133555.0,14662.0,93863.0,8531.0,$133608,$20828,$133047,$18529,,,,,$124141,$43864,,,,,$110069,$60262,$133555,$14662,$93863,$8531
2024,6037310202,Census Tract 3102.02,Burbank (Los Angeles County),Los Angeles County,California,Burbank(LosAngelesCounty),101917.0,19231.0,96250.0,32730.0,,,,,172632.0,68036.0,,,74493.0,62053.0,99250.0,72035.0,100389.0,33309.0,93750.0,41303.0,$101917,$19231,$96250,$32730,,,,,$172632,$68036,,,$74493,$62053,$99250,$72035,$100389,$33309,$93750,$41303
2024,6037310300,Census Tract 3103,Burbank (Los Angeles County),Los Angeles County,California,Burbank(LosAngelesCounty),139625.0,33622.0,121053.0,37814.0,,,,,182679.0,114144.0,,,,,190333.0,153387.0,121053.0,37814.0,,,$139625,$33622,$121053,$37814,,,,,$182679,$114144,,,,,$190333,$153387,$121053,$37814,,
2024,6037310400,Census Tract 3104,Burbank (Los Angeles County),Los Angeles County,California,Burbank(LosAngelesCounty),110313.0,33680.0,90385.0,28131.0,140357.0,127960.0,,,187823.0,31814.0,,,,,142899.0,89035.0,90288.0,32277.0,65625.0,29011.0,$110313,$33680,$90385,$28131,$140357,$127960,,,$187823,$31814,,,,,$142899,$89035,$90288,$32277,$65625,$29011
2024,6037310501,Census Tract 3105.01,Burbank (Los Angeles County),Los Angeles County,California,Burbank(LosAngelesCounty),77753.0,14039.0,104750.0,71856.0,75341.0,67443.0,,,,,,,43750.0,24366.0,78889.0,4590.0,114141.0,60761.0,59464.0,39249.0,$77753,$14039,$104750,$71856,$75341,$67443,,,,,,,$43750,$24366,$78889,$4590,$114141,$60761,$59464,$39249
2024,6037310601,Census Tract 3106.01,Burbank (Los Angeles County),Los Angeles County,California,Burbank(LosAngelesCounty),67500.0,21040.0,64732.0,31902.0,18980.0,1765.0,,,99261.0,20897.0,,,132688.0,121061.0,64671.0,16723.0,59074.0,36132.0,83750.0,32585.0,$67500,$21040,$64732,$31902,$18980,$1765,,,$99261,$20897,,,$132688,$121061,$64671,$16723,$59074,$36132,$83750,$32585
2024,6037310602,Census Tract 3106.02,Burbank (Los Angeles County),Los Angeles County,California,Burbank(LosAngelesCounty),113917.0,44098.0,98214.0,65752.0,,,,,176724.0,127615.0,,,46848.0,31522.0,116250.0,91549.0,99196.0,77161.0,59327.0,56636.0,$113917,$44098,$98214,$65752,,,,,$176724,$127615,,,$46848,$31522,$116250,$91549,$99196,$77161,$59327,$56636
2024,6037310701,Census Tract 3107.01,Burbank (Los Angeles County),Los Angeles County,California,Burbank(LosAngelesCounty),29815.0,24168.0,20298.0,10553.0,122933.0,65359.0,,,130667.0,117198.0,,,,,67321.0,56364.0,21071.0,10546.0,,,$29815,$24168,$20298,$10553,$122933,$65359,,,$130667,$117198,,,,,$67321,$56364,$21071,$10546,,
2024,6037310703,Census Tract 3107.03,Burbank (Los Angeles County),Los Angeles County,California,Burbank(LosAngelesCounty),67075.0,22880.0,76458.0,25076.0,,,,,,,,,50996.0,13592.0,93194.0,15036.0,76220.0,25643.0,63527.0,29353.0,$67075,$22880,$76458,$25076,,,,,,,,,$50996,$13592,$93194,$15036,$76220,$25643,$63527,$29353
2024,6037310704,Census Tract 3107.04,Burbank (Los Angeles County),Los Angeles County,California,Burbank(LosAngelesCounty),63625.0,14225.0,52850.0,21425.0,107417.0,66164.0,,,101161.0,42585.0,,,83056.0,22549.0,,,52850.0,21425.0,84357.0,8854.0,$63625,$14225,$52850,$21425,$107417,$66164,,,$101161,$42585,,,$83056,$22549,,,$52850,$21425,$84357,$8854
2024,6037310705,Census Tract 3107.05,Burbank (Los Angeles County),Los Angeles County,California,Burbank(LosAngelesCounty),42639.0,33449.0,21036.0,10326.0,,,,,181118.0,43999.0,,,,,,,20607.0,8019.0,,,$42639,$33449,$21036,$10326,,,,,$181118,$43999,,,,,,,$20607,$8019,,
2024,6037310800,Census Tract 3108,Burbank (Los Angeles County),Los Angeles County,California,Burbank(LosAngelesCounty),85185.0,42319.0,70956.0,61716.0,,,,,126797.0,101072.0,,,,,76125.0,48085.0,70809.0,60688.0,,,$85185,$42319,$70956,$61716,,,,,$126797,$101072,,,,,$76125,$48085,$70809,$60688,,
2024,6037310900,Census Tract 3109,Burbank (Los Angeles County),Los Angeles County,California,Burbank(LosAngelesCounty),117292.0,37724.0,93638.0,33681.0,,,,,194301.0,44805.0,,,89668.0,88060.0,192588.0,50472.0,92761.0,43392.0,135033.0,67391.0,$117292,$37724,$93638,$33681,,,,,$194301,$44805,,,$89668,$88060,$192588,$50472,$92761,$43392,$135033,$67391
2024,6037311000,Census Tract 3110,Burbank (Los Angeles County),Los Angeles County,California,Burbank(LosAngelesCounty),121000.0,23244.0,134884.0,23042.0,,,,,117857.0,112007.0,,,153438.0,107329.0,69022.0,40411.0,134838.0,23120.0,116750.0,45826.0,$121000,$23244,$134884,$23042,,,,,$117857,$112007,,,$153438,$107329,$69022,$40411,$134838,$23120,$116750,$45826
2024,6037311100,Census Tract 3111,Burbank (Los Angeles County),Los Angeles County,California,Burbank(LosAngelesCounty),99806.0,19780.0,98216.0,12717.0,,,,,185607.0,73160.0,,,60385.0,49504.0,104007.0,20942.0,97779.0,26722.0,104081.0,24757.0,$99806,$19780,$98216,$12717,,,,,$185607,$73160,,,$60385,$49504,$104007,$20942,$97779,$26722,$104081,$24757
2024,6037311200,Census Tract 3112,Burbank (Los Angeles County),Los Angeles County,California,Burbank(LosAngelesCounty),96848.0,26817.0,95272.0,25719.0,,,,,,,,,,,185556.0,116369.0,95380.0,28830.0,,,$96848,$26817,$95272,$25719,,,,,,,,,,,$185556,$116369,$95380,$28830,,
2024,6037311300,Census Tract 3113,Burbank (Los Angeles County),Los Angeles County,California,Burbank(LosAngelesCounty),119477.0,22554.0,116484.0,23183.0,,,,,109076.0,95414.0,,,118000.0,98695.0,158002.0,38495.0,109432.0,23014.0,157838.0,46788.0,$119477,$22554,$116484,$23183,,,,,$109076,$95414,,,$118000,$98695,$158002,$38495,$109432,$23014,$157838,$46788
2024,6037311400,Census Tract 3114,Burbank (Los Angeles County),Los Angeles County,California,Burbank(LosAngelesCounty),133542.0,34558.0,139583.0,50497.0,,,,,156838.0,101128.0,,,,,134844.0,82477.0,136607.0,52151.0,134948.0,90312.0,$133542,$34558,$139583,$50497,,,,,$156838,$101128,,,,,$134844,$82477,$136607,$52151,$134948,$90312
2024,6037311500,Census Tract 3115,Burbank (Los Angeles County),Los Angeles County,California,Burbank(LosAngelesCounty),137589.0,20781.0,129063.0,21794.0,158188.0,112445.0,,,134712.0,21781.0,,,99137.0,31808.0,,,133412.0,14924.0,99018.0,13979.0,$137589,$20781,$129063,$21794,$158188,$112445,,,$134712,$21781,,,$99137,$31808,,,$133412,$14924,$99018,$13979
2024,6037311601,Census Tract 3116.01,Burbank (Los Angeles County),Los Angeles County,California,Burbank(LosAngelesCounty),108563.0,36380.0,93807.0,72566.0,,,,,130572.0,61110.0,,,180481.0,164426.0,75972.0,22891.0,92670.0,76528.0,,,$108563,$36380,$93807,$72566,,,,,$130572,$61110,,,$180481,$164426,$75972,$22891,$92670,$76528,,
2024,6037311602,Census Tract 3116.02,Burbank (Los Angeles County),Los Angeles County,California,Burbank(LosAngelesCounty),94646.0,13655.0,98333.0,13560.0,105086.0,40825.0,,,136026.0,86914.0,,,,,85779.0,29893.0,98125.0,15832.0,85181.0,33384.0,$94646,$13655,$98333,$13560,$105086,$40825,,,$136026,$86914,,,,,$85779,$29893,$98125,$15832,$85181,$33384
2024,6037311700,Census Tract 3117,Burbank (Los Angeles County),Los Angeles County,California,Burbank(LosAngelesCounty),112917.0,18683.0,83504.0,33240.0,,,,,,,,,113558.0,34900.0,127902.0,27362.0,84018.0,34352.0,114750.0,31104.0,$112917,$18683,$83504,$33240,,,,,,,,,$113558,$34900,$127902,$27362,$84018,$34352,$114750,$31104
2024,6037311801,Census Tract 3118.01,Burbank (Los Angeles County),Los Angeles County,California,Burbank(LosAngelesCounty),75772.0,11969.0,78802.0,34918.0,74904.0,39302.0,,,116250.0,66283.0,,,37083.0,33020.0,162830.0,2493.0,78229.0,35452.0,63750.0,28769.0,$75772,$11969,$78802,$34918,$74904,$39302,,,$116250,$66283,,,$37083,$33020,$162830,$2493,$78229,$35452,$63750,$28769
2024,6037311802,Census Tract 3118.02,Burbank (Los Angeles County),Los Angeles County,California,Burbank(LosAngelesCounty),98626.0,10209.0,118590.0,68745.0,99972.0,20641.0,,,,,,,92820.0,28789.0,60057.0,43440.0,117788.0,81642.0,94099.0,7982.0,$98626,$10209,$118590,$68745,$99972,$20641,,,,,,,$92820,$28789,$60057,$43440,$117788,$81642,$94099,$7982
2024,6037980001,Census Tract 9800.01,Burbank (Los Angeles County),Los Angeles County,California,Burbank(LosAngelesCounty),,,,,,,,,,,,,,,,,,,,,,,,,,,,,,,,,,,,,,,,
