YEAR,GEO_ID,TRACT,CITY,COUNTY,STATE,ABBREV_NAME,B19013_001E,B19013_001M,B19013A_001E,B19013A_001M,B19013B_001E,B19013B_001M,B19013C_001E,B19013C_001M,B19013D_001E,B19013D_001M,B19013E_001E,B19013E_001M,B19013F_001E,B19013F_001M,B19013G_001E,B19013G_001M,B19013H_001E,B19013H_001M,B19013I_001E,B19013I_001M,B19013_001E_string,B19013_001M_string,B19013A_001E_string,B19013A_001M_string,B19013B_001E_string,B19013B_001M_string,B19013C_001E_string,B19013C_001M_string,B19013D_001E_string,B19013D_001M_string,B19013E_001E_string,B19013E_001M_string,B19013F_001E_string,B19013F_001M_string,B19013G_001E_string,B19013G_001M_string,B19013H_001E_string,B19013H_001M_string,B19013I_001E_string,B19013I_001M_string
2010,6037541100,Census Tract 5411,Compton,Los Angeles County,California,Compton,74420.0,12970.0,76687.0,17501.0,59957.0,31567.0,,,,,,,102754.0,22980.0,108869.0,53656.0,,,80546.0,14569.0,$74420,$12970,$76687,$17501,$59957,$31567,,,,,,,$102754,$22980,$108869,$53656,,,$80546,$14569
2010,6037541200,Census Tract 5412,Compton,Los Angeles County,California,Compton,86795.0,17456.0,87764.0,58608.0,81350.0,16736.0,,,,,,,119916.0,107607.0,115040.0,103088.0,,,78614.0,28000.0,$86795,$17456,$87764,$58608,$81350,$16736,,,,,,,$119916,$107607,$115040,$103088,,,$78614,$28000
2010,6037541300,Census Tract 5413,Compton,Los Angeles County,California,Compton,75927.0,23427.0,99523.0,4128.0,76663.0,20363.0,,,,,,,57736.0,35829.0,59305.0,1108.0,,,91249.0,50395.0,$75927,$23427,$99523,$4128,$76663,$20363,,,,,,,$57736,$35829,$59305,$1108,,,$91249,$50395
2010,6037541603,Census Tract 5416.03,Compton,Los Angeles County,California,Compton,59205.0,16250.0,72853.0,18622.0,28716.0,45719.0,,,,,,,55266.0,61741.0,,,,,67290.0,15315.0,$59205,$16250,$72853,$18622,$28716,$45719,,,,,,,$55266,$61741,,,,,$67290,$15315
2010,6037541604,Census Tract 5416.04,Compton,Los Angeles County,California,Compton,51490.0,8589.0,58177.0,9003.0,27840.0,15088.0,,,,,,,43387.0,31121.0,17324.0,195523.0,,,56664.0,6475.0,$51490,$8589,$58177,$9003,$27840,$15088,,,,,,,$43387,$31121,$17324,$195523,,,$56664,$6475
2010,6037541605,Census Tract 5416.05,Compton,Los Angeles County,California,Compton,56631.0,12783.0,46492.0,20091.0,62896.0,30008.0,,,,,,,60899.0,15564.0,10144.0,77824.0,,,56779.0,12411.0,$56631,$12783,$46492,$20091,$62896,$30008,,,,,,,$60899,$15564,$10144,$77824,,,$56779,$12411
2010,6037541606,Census Tract 5416.06,Compton,Los Angeles County,California,Compton,50819.0,30486.0,84226.0,47724.0,65080.0,102822.0,,,,,,,29418.0,21356.0,,,,,50819.0,25819.0,$50819,$30486,$84226,$47724,$65080,$102822,,,,,,,$29418,$21356,,,,,$50819,$25819
2010,6037541801,Census Tract 5418.01,Compton,Los Angeles County,California,Compton,72503.0,16193.0,86838.0,28485.0,71835.0,46299.0,,,,,,,53205.0,21567.0,,,,,72464.0,22659.0,$72503,$16193,$86838,$28485,$71835,$46299,,,,,,,$53205,$21567,,,,,$72464,$22659
2010,6037541802,Census Tract 5418.02,Compton,Los Angeles County,California,Compton,70765.0,14266.0,70917.0,16815.0,58999.0,33251.0,,,,,,,74586.0,38323.0,,,39671.0,37927.0,74075.0,17117.0,$70765,$14266,$70917,$16815,$58999,$33251,,,,,,,$74586,$38323,,,$39671,$37927,$74075,$17117
2010,6037542000,Census Tract 5420,Compton,Los Angeles County,California,Compton,70364.0,15875.0,71268.0,23498.0,64527.0,31938.0,,,,,,,63489.0,17330.0,39168.0,158642.0,,,64921.0,17742.0,$70364,$15875,$71268,$23498,$64527,$31938,,,,,,,$63489,$17330,$39168,$158642,,,$64921,$17742
2010,6037542103,Census Tract 5421.03,Compton,Los Angeles County,California,Compton,58301.0,25449.0,71213.0,7280.0,26885.0,6392.0,,,,,,,51702.0,14373.0,87638.0,19592.0,,,70454.0,9924.0,$58301,$25449,$71213,$7280,$26885,$6392,,,,,,,$51702,$14373,$87638,$19592,,,$70454,$9924
2010,6037542104,Census Tract 5421.04,Compton,Los Angeles County,California,Compton,65533.0,16130.0,58633.0,19469.0,91460.0,16623.0,60417.0,6136.0,,,,,71967.0,104040.0,,,,,60680.0,17071.0,$65533,$16130,$58633,$19469,$91460,$16623,$60417,$6136,,,,,$71967,$104040,,,,,$60680,$17071
2010,6037542105,Census Tract 5421.05,Compton,Los Angeles County,California,Compton,65557.0,8854.0,68004.0,31880.0,65080.0,40798.0,,,,,,,60173.0,13275.0,,,17585.0,215264.0,65606.0,6294.0,$65557,$8854,$68004,$31880,$65080,$40798,,,,,,,$60173,$13275,,,$17585,$215264,$65606,$6294
2010,6037542106,Census Tract 5421.06,Compton,Los Angeles County,California,Compton,73495.0,10945.0,76556.0,34874.0,79711.0,20578.0,,,,,,,74119.0,13551.0,,,,,76398.0,12870.0,$73495,$10945,$76556,$34874,$79711,$20578,,,,,,,$74119,$13551,,,,,$76398,$12870
2010,6037542200,Census Tract 5422,Compton,Los Angeles County,California,Compton,68419.0,11534.0,81350.0,25400.0,68846.0,27041.0,,,,,,,64685.0,13674.0,,,91745.0,38425.0,67848.0,11066.0,$68419,$11534,$81350,$25400,$68846,$27041,,,,,,,$64685,$13674,,,$91745,$38425,$67848,$11066
2010,6037542401,Census Tract 5424.01,Compton,Los Angeles County,California,Compton,57340.0,12357.0,59240.0,23735.0,70123.0,15755.0,,,,,45050.0,12870.0,50946.0,20264.0,,,17123.0,1578.0,56719.0,10381.0,$57340,$12357,$59240,$23735,$70123,$15755,,,,,$45050,$12870,$50946,$20264,,,$17123,$1578,$56719,$10381
2010,6037542402,Census Tract 5424.02,Compton,Los Angeles County,California,Compton,67598.0,14961.0,57978.0,28878.0,94521.0,37856.0,,,,,56041.0,171347.0,65230.0,57169.0,,,,,59269.0,27600.0,$67598,$14961,$57978,$28878,$94521,$37856,,,,,$56041,$171347,$65230,$57169,,,,,$59269,$27600
2010,6037542501,Census Tract 5425.01,Compton,Los Angeles County,California,Compton,66617.0,15560.0,25587.0,9072.0,98524.0,36903.0,,,,,40546.0,19310.0,34047.0,19350.0,,,,,29326.0,9395.0,$66617,$15560,$25587,$9072,$98524,$36903,,,,,$40546,$19310,$34047,$19350,,,,,$29326,$9395
2010,6037542502,Census Tract 5425.02,Compton,Los Angeles County,California,Compton,43721.0,14514.0,50333.0,57217.0,33013.0,11923.0,,,,,,,52339.0,26571.0,,,,,60067.0,17767.0,$43721,$14514,$50333,$57217,$33013,$11923,,,,,,,$52339,$26571,,,,,$60067,$17767
2010,6037542601,Census Tract 5426.01,Compton,Los Angeles County,California,Compton,60761.0,13570.0,76608.0,11308.0,38296.0,15349.0,,,,,,,84965.0,37291.0,23570.0,14192.0,,,75997.0,16859.0,$60761,$13570,$76608,$11308,$38296,$15349,,,,,,,$84965,$37291,$23570,$14192,,,$75997,$16859
2010,6037542602,Census Tract 5426.02,Compton,Los Angeles County,California,Compton,48056.0,9872.0,41969.0,10481.0,42072.0,38185.0,,,,,,,47605.0,21379.0,84077.0,14999.0,,,47579.0,7383.0,$48056,$9872,$41969,$10481,$42072,$38185,,,,,,,$47605,$21379,$84077,$14999,,,$47579,$7383
2010,6037542700,Census Tract 5427,Compton,Los Angeles County,California,Compton,54035.0,10946.0,73681.0,21025.0,38128.0,19674.0,,,,,,,53782.0,24781.0,72728.0,23721.0,,,62576.0,17559.0,$54035,$10946,$73681,$21025,$38128,$19674,,,,,,,$53782,$24781,$72728,$23721,,,$62576,$17559
2010,6037542800,Census Tract 5428,Compton,Los Angeles County,California,Compton,77811.0,24451.0,70781.0,21972.0,108015.0,41822.0,,,,,,,67972.0,62007.0,,,,,70133.0,16013.0,$77811,$24451,$70781,$21972,$108015,$41822,,,,,,,$67972,$62007,,,,,$70133,$16013
2010,6037542900,Census Tract 5429,Compton,Los Angeles County,California,Compton,57095.0,16403.0,49468.0,41233.0,54514.0,44980.0,,,,,,,73818.0,43186.0,,,,,66059.0,21191.0,$57095,$16403,$49468,$41233,$54514,$44980,,,,,,,$73818,$43186,,,,,$66059,$21191
2010,6037543000,Census Tract 5430,Compton,Los Angeles County,California,Compton,66260.0,6498.0,45272.0,29901.0,67874.0,8699.0,,,,,,,61255.0,31397.0,,,,,59900.0,12915.0,$66260,$6498,$45272,$29901,$67874,$8699,,,,,,,$61255,$31397,,,,,$59900,$12915
2010,6037543100,Census Tract 5431,Compton,Los Angeles County,California,Compton,70202.0,11845.0,73999.0,10128.0,72865.0,14461.0,,,,,,,64128.0,24461.0,42893.0,7836.0,,,66801.0,13094.0,$70202,$11845,$73999,$10128,$72865,$14461,,,,,,,$64128,$24461,$42893,$7836,,,$66801,$13094
2010,6037543201,Census Tract 5432.01,Compton,Los Angeles County,California,Compton,69456.0,16523.0,53974.0,116674.0,70503.0,29911.0,,,,,,,66775.0,29318.0,58822.0,75546.0,,,65984.0,32083.0,$69456,$16523,$53974,$116674,$70503,$29911,,,,,,,$66775,$29318,$58822,$75546,,,$65984,$32083
2010,6037543202,Census Tract 5432.02,Compton,Los Angeles County,California,Compton,68586.0,12151.0,82876.0,8595.0,65152.0,36163.0,,,,,,,60915.0,17347.0,,,,,73238.0,15480.0,$68586,$12151,$82876,$8595,$65152,$36163,,,,,,,$60915,$17347,,,,,$73238,$15480
2010,6037543305,Census Tract 5433.05,Compton,Los Angeles County,California,Compton,81658.0,17655.0,64387.0,25164.0,107075.0,62260.0,,,135433.0,123436.0,,,64809.0,81989.0,,,60260.0,19204.0,89786.0,37048.0,$81658,$17655,$64387,$25164,$107075,$62260,,,$135433,$123436,,,$64809,$81989,,,$60260,$19204,$89786,$37048
2010,6037543321,Census Tract 5433.21,Compton,Los Angeles County,California,Compton,107075.0,22142.0,87677.0,53890.0,108050.0,33899.0,,,157729.0,104108.0,,,80880.0,57113.0,257005.0,369391.0,73999.0,46658.0,82037.0,52807.0,$107075,$22142,$87677,$53890,$108050,$33899,,,$157729,$104108,,,$80880,$57113,$257005,$369391,$73999,$46658,$82037,$52807
2011,6037541100,Census Tract 5411,Compton,Los Angeles County,California,Compton,63387.0,22899.0,73798.0,21663.0,47461.0,23177.0,,,,,,,102778.0,52984.0,109202.0,77854.0,,,74237.0,27426.0,$63387,$22899,$73798,$21663,$47461,$23177,,,,,,,$102778,$52984,$109202,$77854,,,$74237,$27426
2011,6037541200,Census Tract 5412,Compton,Los Angeles County,California,Compton,90817.0,11701.0,52732.0,75199.0,91683.0,12231.0,,,,,,,120068.0,58023.0,94125.0,53970.0,196797.0,297398.0,85697.0,81752.0,$90817,$11701,$52732,$75199,$91683,$12231,,,,,,,$120068,$58023,$94125,$53970,$196797,$297398,$85697,$81752
2011,6037541300,Census Tract 5413,Compton,Los Angeles County,California,Compton,69815.0,11528.0,90573.0,32145.0,71019.0,8708.0,,,,,,,63736.0,30192.0,55423.0,25112.0,,,81148.0,37585.0,$69815,$11528,$90573,$32145,$71019,$8708,,,,,,,$63736,$30192,$55423,$25112,,,$81148,$37585
2011,6037541603,Census Tract 5416.03,Compton,Los Angeles County,California,Compton,46943.0,8671.0,59064.0,21379.0,27885.0,39582.0,,,,,,,31159.0,20989.0,3502.0,,,,52746.0,15833.0,$46943,$8671,$59064,$21379,$27885,$39582,,,,,,,$31159,$20989,$3502,,,,$52746,$15833
2011,6037541604,Census Tract 5416.04,Compton,Los Angeles County,California,Compton,54071.0,5568.0,59331.0,6701.0,29328.0,11839.0,,,,,,,56017.0,14901.0,43645.0,19792.0,,,58455.0,5544.0,$54071,$5568,$59331,$6701,$29328,$11839,,,,,,,$56017,$14901,$43645,$19792,,,$58455,$5544
2011,6037541605,Census Tract 5416.05,Compton,Los Angeles County,California,Compton,58725.0,6624.0,51255.0,6482.0,58498.0,13771.0,,,,,,,63047.0,4907.0,51056.0,22543.0,31388.0,95778.0,59495.0,8247.0,$58725,$6624,$51255,$6482,$58498,$13771,,,,,,,$63047,$4907,$51056,$22543,$31388,$95778,$59495,$8247
2011,6037541606,Census Tract 5416.06,Compton,Los Angeles County,California,Compton,45213.0,5099.0,50881.0,13464.0,37884.0,16968.0,,,,,,,44109.0,5574.0,,,,,45320.0,10940.0,$45213,$5099,$50881,$13464,$37884,$16968,,,,,,,$44109,$5574,,,,,$45320,$10940
2011,6037541801,Census Tract 5418.01,Compton,Los Angeles County,California,Compton,67773.0,11947.0,73022.0,19467.0,66672.0,23801.0,,,,,,,54864.0,18546.0,133224.0,77405.0,,,71151.0,18405.0,$67773,$11947,$73022,$19467,$66672,$23801,,,,,,,$54864,$18546,$133224,$77405,,,$71151,$18405
2011,6037541802,Census Tract 5418.02,Compton,Los Angeles County,California,Compton,69082.0,6639.0,63005.0,13333.0,88943.0,61808.0,,,,,,,70310.0,16672.0,52382.0,72718.0,,,68768.0,5909.0,$69082,$6639,$63005,$13333,$88943,$61808,,,,,,,$70310,$16672,$52382,$72718,,,$68768,$5909
2011,6037542000,Census Tract 5420,Compton,Los Angeles County,California,Compton,61712.0,10912.0,54309.0,26138.0,64561.0,21565.0,,,,,,,61108.0,23525.0,40453.0,111967.0,3502.0,,60107.0,18021.0,$61712,$10912,$54309,$26138,$64561,$21565,,,,,,,$61108,$23525,$40453,$111967,$3502,,$60107,$18021
2011,6037542103,Census Tract 5421.03,Compton,Los Angeles County,California,Compton,55624.0,27452.0,70268.0,35387.0,25035.0,5550.0,,,,,,,74105.0,49444.0,89141.0,31300.0,,,71447.0,14067.0,$55624,$27452,$70268,$35387,$25035,$5550,,,,,,,$74105,$49444,$89141,$31300,,,$71447,$14067
2011,6037542104,Census Tract 5421.04,Compton,Los Angeles County,California,Compton,70861.0,20933.0,50187.0,17380.0,76733.0,44201.0,58267.0,6795.0,,,,,117377.0,54630.0,,,,,67073.0,20084.0,$70861,$20933,$50187,$17380,$76733,$44201,$58267,$6795,,,,,$117377,$54630,,,,,$67073,$20084
2011,6037542105,Census Tract 5421.05,Compton,Los Angeles County,California,Compton,65911.0,8481.0,65940.0,21729.0,87853.0,75735.0,,,,,,,64511.0,10670.0,,,105788.0,163627.0,65580.0,7401.0,$65911,$8481,$65940,$21729,$87853,$75735,,,,,,,$64511,$10670,,,$105788,$163627,$65580,$7401
2011,6037542106,Census Tract 5421.06,Compton,Los Angeles County,California,Compton,71140.0,8427.0,79711.0,32130.0,73898.0,50572.0,,,,,,,71171.0,2673.0,,,,,72673.0,11222.0,$71140,$8427,$79711,$32130,$73898,$50572,,,,,,,$71171,$2673,,,,,$72673,$11222
2011,6037542200,Census Tract 5422,Compton,Los Angeles County,California,Compton,66335.0,12581.0,71147.0,14374.0,53524.0,21902.0,,,,,,,67623.0,15113.0,,,,,69229.0,9194.0,$66335,$12581,$71147,$14374,$53524,$21902,,,,,,,$67623,$15113,,,,,$69229,$9194
2011,6037542401,Census Tract 5424.01,Compton,Los Angeles County,California,Compton,61380.0,10195.0,58663.0,12433.0,73329.0,15481.0,,,,,,,50327.0,14738.0,,,20522.0,92980.0,55604.0,10353.0,$61380,$10195,$58663,$12433,$73329,$15481,,,,,,,$50327,$14738,,,$20522,$92980,$55604,$10353
2011,6037542402,Census Tract 5424.02,Compton,Los Angeles County,California,Compton,69740.0,13455.0,70789.0,18741.0,71626.0,42763.0,,,,,31034.0,364032.0,66669.0,58195.0,,,38396.0,306864.0,68931.0,16430.0,$69740,$13455,$70789,$18741,$71626,$42763,,,,,$31034,$364032,$66669,$58195,,,$38396,$306864,$68931,$16430
2011,6037542501,Census Tract 5425.01,Compton,Los Angeles County,California,Compton,64236.0,16811.0,29502.0,31922.0,89187.0,33506.0,,,,,27540.0,27557.0,40532.0,23047.0,,,,,38702.0,24887.0,$64236,$16811,$29502,$31922,$89187,$33506,,,,,$27540,$27557,$40532,$23047,,,,,$38702,$24887
2011,6037542502,Census Tract 5425.02,Compton,Los Angeles County,California,Compton,34986.0,6324.0,74376.0,66991.0,32477.0,5572.0,,,,,,,20259.0,23464.0,,,,,38152.0,28084.0,$34986,$6324,$74376,$66991,$32477,$5572,,,,,,,$20259,$23464,,,,,$38152,$28084
2011,6037542601,Census Tract 5426.01,Compton,Los Angeles County,California,Compton,63608.0,15080.0,74018.0,17321.0,35564.0,5952.0,,,,,,,86255.0,42104.0,84639.0,90392.0,,,75332.0,17398.0,$63608,$15080,$74018,$17321,$35564,$5952,,,,,,,$86255,$42104,$84639,$90392,,,$75332,$17398
2011,6037542602,Census Tract 5426.02,Compton,Los Angeles County,California,Compton,48302.0,12232.0,40720.0,7813.0,53097.0,41692.0,,,,,,,52791.0,19738.0,69712.0,37346.0,,,47552.0,10724.0,$48302,$12232,$40720,$7813,$53097,$41692,,,,,,,$52791,$19738,$69712,$37346,,,$47552,$10724
2011,6037542700,Census Tract 5427,Compton,Los Angeles County,California,Compton,64428.0,7420.0,73665.0,19087.0,49304.0,20071.0,,,,,,,65179.0,30894.0,,,,,68616.0,17237.0,$64428,$7420,$73665,$19087,$49304,$20071,,,,,,,$65179,$30894,,,,,$68616,$17237
2011,6037542800,Census Tract 5428,Compton,Los Angeles County,California,Compton,72063.0,10911.0,73510.0,25743.0,92439.0,37754.0,,,,,,,67112.0,32888.0,101610.0,122597.0,,,69730.0,13962.0,$72063,$10911,$73510,$25743,$92439,$37754,,,,,,,$67112,$32888,$101610,$122597,,,$69730,$13962
2011,6037542900,Census Tract 5429,Compton,Los Angeles County,California,Compton,54840.0,15184.0,44308.0,7446.0,46983.0,35687.0,,,,,,,73204.0,34986.0,53141.0,37915.0,,,54522.0,14296.0,$54840,$15184,$44308,$7446,$46983,$35687,,,,,,,$73204,$34986,$53141,$37915,,,$54522,$14296
2011,6037543000,Census Tract 5430,Compton,Los Angeles County,California,Compton,60522.0,7327.0,63653.0,29264.0,59799.0,10329.0,,,,,,,61274.0,23045.0,51390.0,13054.0,,,61720.0,9279.0,$60522,$7327,$63653,$29264,$59799,$10329,,,,,,,$61274,$23045,$51390,$13054,,,$61720,$9279
2011,6037543100,Census Tract 5431,Compton,Los Angeles County,California,Compton,73902.0,14898.0,76672.0,49945.0,74976.0,14555.0,,,,,,,55785.0,34762.0,46637.0,68459.0,161272.0,92852.0,67011.0,25522.0,$73902,$14898,$76672,$49945,$74976,$14555,,,,,,,$55785,$34762,$46637,$68459,$161272,$92852,$67011,$25522
2011,6037543201,Census Tract 5432.01,Compton,Los Angeles County,California,Compton,58848.0,20507.0,51174.0,9040.0,58980.0,42322.0,,,,,,,55638.0,30208.0,57139.0,69658.0,,,54941.0,14912.0,$58848,$20507,$51174,$9040,$58980,$42322,,,,,,,$55638,$30208,$57139,$69658,,,$54941,$14912
2011,6037543202,Census Tract 5432.02,Compton,Los Angeles County,California,Compton,58397.0,18496.0,80879.0,26712.0,40689.0,18179.0,,,,,,,48743.0,13581.0,,,,,63901.0,17806.0,$58397,$18496,$80879,$26712,$40689,$18179,,,,,,,$48743,$13581,,,,,$63901,$17806
2011,6037543305,Census Tract 5433.05,Compton,Los Angeles County,California,Compton,62967.0,11410.0,60707.0,5047.0,77644.0,34696.0,,,133350.0,202496.0,,,84383.0,91734.0,,,57653.0,15145.0,64502.0,35379.0,$62967,$11410,$60707,$5047,$77644,$34696,,,$133350,$202496,,,$84383,$91734,,,$57653,$15145,$64502,$35379
2011,6037543321,Census Tract 5433.21,Compton,Los Angeles County,California,Compton,103862.0,24407.0,58947.0,43327.0,113714.0,30636.0,,,157511.0,76457.0,,,82140.0,18223.0,117523.0,120566.0,57916.0,37945.0,80627.0,60391.0,$103862,$24407,$58947,$43327,$113714,$30636,,,$157511,$76457,,,$82140,$18223,$117523,$120566,$57916,$37945,$80627,$60391
2012,6037541100,Census Tract 5411,Compton,Los Angeles County,California,Compton,68251.0,9810.0,75695.0,23855.0,65915.0,28210.0,,,,,,,64923.0,38348.0,111084.0,19099.0,,,70357.0,18177.0,$68251,$9810,$75695,$23855,$65915,$28210,,,,,,,$64923,$38348,$111084,$19099,,,$70357,$18177
2012,6037541200,Census Tract 5412,Compton,Los Angeles County,California,Compton,83799.0,18661.0,55676.0,77796.0,75676.0,30529.0,,,71337.0,22067.0,,,121317.0,41954.0,75109.0,38485.0,196198.0,211608.0,86429.0,38874.0,$83799,$18661,$55676,$77796,$75676,$30529,,,$71337,$22067,,,$121317,$41954,$75109,$38485,$196198,$211608,$86429,$38874
2012,6037541300,Census Tract 5413,Compton,Los Angeles County,California,Compton,69564.0,10734.0,97884.0,17424.0,66661.0,15738.0,,,,,,,66778.0,43275.0,58712.0,57614.0,,,97240.0,28791.0,$69564,$10734,$97884,$17424,$66661,$15738,,,,,,,$66778,$43275,$58712,$57614,,,$97240,$28791
2012,6037541603,Census Tract 5416.03,Compton,Los Angeles County,California,Compton,41895.0,8833.0,52216.0,17954.0,43880.0,26881.0,,,,,,,36227.0,9162.0,3431.0,,29745.0,65845.0,41689.0,10037.0,$41895,$8833,$52216,$17954,$43880,$26881,,,,,,,$36227,$9162,$3431,,$29745,$65845,$41689,$10037
2012,6037541604,Census Tract 5416.04,Compton,Los Angeles County,California,Compton,51174.0,5795.0,63089.0,10739.0,28618.0,10940.0,,,,,,,51970.0,8237.0,42300.0,22996.0,,,54787.0,5980.0,$51174,$5795,$63089,$10739,$28618,$10940,,,,,,,$51970,$8237,$42300,$22996,,,$54787,$5980
2012,6037541605,Census Tract 5416.05,Compton,Los Angeles County,California,Compton,56891.0,3656.0,48131.0,19752.0,53644.0,18917.0,,,,,,,61511.0,7253.0,48563.0,73340.0,30244.0,79072.0,58174.0,3486.0,$56891,$3656,$48131,$19752,$53644,$18917,,,,,,,$61511,$7253,$48563,$73340,$30244,$79072,$58174,$3486
2012,6037541606,Census Tract 5416.06,Compton,Los Angeles County,California,Compton,47166.0,12207.0,51704.0,13419.0,46905.0,27278.0,,,,,,,44371.0,19410.0,,,,,46578.0,13441.0,$47166,$12207,$51704,$13419,$46905,$27278,,,,,,,$44371,$19410,,,,,$46578,$13441
2012,6037541801,Census Tract 5418.01,Compton,Los Angeles County,California,Compton,69560.0,15984.0,72407.0,12552.0,93457.0,40411.0,,,,,,,52870.0,17100.0,119496.0,31299.0,,,63035.0,19642.0,$69560,$15984,$72407,$12552,$93457,$40411,,,,,,,$52870,$17100,$119496,$31299,,,$63035,$19642
2012,6037541802,Census Tract 5418.02,Compton,Los Angeles County,California,Compton,69321.0,7997.0,70678.0,17787.0,72759.0,58355.0,,,,,,,68355.0,7055.0,134474.0,62834.0,,,69297.0,6922.0,$69321,$7997,$70678,$17787,$72759,$58355,,,,,,,$68355,$7055,$134474,$62834,,,$69297,$6922
2012,6037542000,Census Tract 5420,Compton,Los Angeles County,California,Compton,59749.0,9817.0,47656.0,29261.0,58942.0,18482.0,,,,,,,60824.0,16229.0,,,3431.0,,59775.0,13010.0,$59749,$9817,$47656,$29261,$58942,$18482,,,,,,,$60824,$16229,,,$3431,,$59775,$13010
2012,6037542103,Census Tract 5421.03,Compton,Los Angeles County,California,Compton,59488.0,21994.0,61776.0,31012.0,25128.0,6366.0,,,,,,,72287.0,23041.0,90622.0,7821.0,,,69360.0,14464.0,$59488,$21994,$61776,$31012,$25128,$6366,,,,,,,$72287,$23041,$90622,$7821,,,$69360,$14464
2012,6037542104,Census Tract 5421.04,Compton,Los Angeles County,California,Compton,65208.0,16089.0,49461.0,18151.0,64350.0,50791.0,61286.0,8908.0,,,,,90045.0,35734.0,6204.0,306271.0,,,64136.0,16684.0,$65208,$16089,$49461,$18151,$64350,$50791,$61286,$8908,,,,,$90045,$35734,$6204,$306271,,,$64136,$16684
2012,6037542105,Census Tract 5421.05,Compton,Los Angeles County,California,Compton,65472.0,8612.0,66097.0,11013.0,50856.0,61091.0,,,,,,,65469.0,10295.0,,,103533.0,169440.0,65918.0,4110.0,$65472,$8612,$66097,$11013,$50856,$61091,,,,,,,$65469,$10295,,,$103533,$169440,$65918,$4110
2012,6037542106,Census Tract 5421.06,Compton,Los Angeles County,California,Compton,61967.0,21185.0,54465.0,38178.0,35210.0,17963.0,,,,,,,69971.0,14866.0,,,,,70013.0,12414.0,$61967,$21185,$54465,$38178,$35210,$17963,,,,,,,$69971,$14866,,,,,$70013,$12414
2012,6037542200,Census Tract 5422,Compton,Los Angeles County,California,Compton,68640.0,8395.0,69407.0,8533.0,57058.0,23599.0,,,,,,,69044.0,13813.0,126794.0,35932.0,,,69499.0,4209.0,$68640,$8395,$69407,$8533,$57058,$23599,,,,,,,$69044,$13813,$126794,$35932,,,$69499,$4209
2012,6037542401,Census Tract 5424.01,Compton,Los Angeles County,California,Compton,60357.0,6183.0,58452.0,10911.0,61308.0,28699.0,,,,,,,59108.0,12159.0,,,53196.0,73979.0,59349.0,5664.0,$60357,$6183,$58452,$10911,$61308,$28699,,,,,,,$59108,$12159,,,$53196,$73979,$59349,$5664
2012,6037542402,Census Tract 5424.02,Compton,Los Angeles County,California,Compton,69379.0,11032.0,67954.0,20315.0,71795.0,41368.0,,,,,,,53196.0,41324.0,,,39336.0,13142.0,67782.0,11565.0,$69379,$11032,$67954,$20315,$71795,$41368,,,,,,,$53196,$41324,,,$39336,$13142,$67782,$11565
2012,6037542501,Census Tract 5425.01,Compton,Los Angeles County,California,Compton,66924.0,18294.0,44913.0,30316.0,95321.0,21467.0,,,,,,,44126.0,16928.0,,,,,44534.0,17914.0,$66924,$18294,$44913,$30316,$95321,$21467,,,,,,,$44126,$16928,,,,,$44534,$17914
2012,6037542502,Census Tract 5425.02,Compton,Los Angeles County,California,Compton,37874.0,18788.0,76114.0,58564.0,37162.0,20168.0,79108.0,124206.0,,,,,35178.0,22229.0,,,134231.0,165565.0,42505.0,22990.0,$37874,$18788,$76114,$58564,$37162,$20168,$79108,$124206,,,,,$35178,$22229,,,$134231,$165565,$42505,$22990
2012,6037542601,Census Tract 5426.01,Compton,Los Angeles County,California,Compton,53025.0,12670.0,76363.0,16428.0,32818.0,9125.0,,,,,,,51957.0,17985.0,86291.0,116509.0,,,64534.0,14328.0,$53025,$12670,$76363,$16428,$32818,$9125,,,,,,,$51957,$17985,$86291,$116509,,,$64534,$14328
2012,6037542602,Census Tract 5426.02,Compton,Los Angeles County,California,Compton,48735.0,11902.0,41659.0,13384.0,48906.0,25066.0,,,,,,,52148.0,30942.0,86099.0,25780.0,,,47405.0,10825.0,$48735,$11902,$41659,$13384,$48906,$25066,,,,,,,$52148,$30942,$86099,$25780,,,$47405,$10825
2012,6037542700,Census Tract 5427,Compton,Los Angeles County,California,Compton,61415.0,8472.0,64816.0,20217.0,52926.0,11123.0,,,,,,,58280.0,10529.0,75275.0,157836.0,,,63549.0,8565.0,$61415,$8472,$64816,$20217,$52926,$11123,,,,,,,$58280,$10529,$75275,$157836,,,$63549,$8565
2012,6037542800,Census Tract 5428,Compton,Los Angeles County,California,Compton,72034.0,14016.0,71990.0,29209.0,90835.0,32930.0,,,,,,,65530.0,21112.0,96097.0,116685.0,,,70465.0,9367.0,$72034,$14016,$71990,$29209,$90835,$32930,,,,,,,$65530,$21112,$96097,$116685,,,$70465,$9367
2012,6037542900,Census Tract 5429,Compton,Los Angeles County,California,Compton,55639.0,11588.0,43286.0,8432.0,63778.0,17685.0,,,,,,,80653.0,29776.0,52853.0,28880.0,,,52410.0,11886.0,$55639,$11588,$43286,$8432,$63778,$17685,,,,,,,$80653,$29776,$52853,$28880,,,$52410,$11886
2012,6037543000,Census Tract 5430,Compton,Los Angeles County,California,Compton,60884.0,8406.0,70357.0,13786.0,58498.0,15547.0,,,,,,,78280.0,21007.0,,,,,76766.0,15296.0,$60884,$8406,$70357,$13786,$58498,$15547,,,,,,,$78280,$21007,,,,,$76766,$15296
2012,6037543100,Census Tract 5431,Compton,Los Angeles County,California,Compton,62120.0,10723.0,74717.0,29363.0,58325.0,18029.0,,,,,,,49764.0,25519.0,46625.0,89536.0,126739.0,125605.0,64000.0,15719.0,$62120,$10723,$74717,$29363,$58325,$18029,,,,,,,$49764,$25519,$46625,$89536,$126739,$125605,$64000,$15719
2012,6037543201,Census Tract 5432.01,Compton,Los Angeles County,California,Compton,69070.0,18856.0,52117.0,15378.0,72210.0,26773.0,,,,,,,66189.0,36761.0,76534.0,35528.0,3431.0,,58813.0,23767.0,$69070,$18856,$52117,$15378,$72210,$26773,,,,,,,$66189,$36761,$76534,$35528,$3431,,$58813,$23767
2012,6037543202,Census Tract 5432.02,Compton,Los Angeles County,California,Compton,49240.0,8899.0,66639.0,26701.0,38182.0,13662.0,,,,,,,49097.0,9785.0,,,,,64021.0,24155.0,$49240,$8899,$66639,$26701,$38182,$13662,,,,,,,$49097,$9785,,,,,$64021,$24155
2012,6037543305,Census Tract 5433.05,Compton,Los Angeles County,California,Compton,64156.0,12215.0,60060.0,18843.0,89529.0,49118.0,,,130147.0,10103.0,,,86753.0,94298.0,,,48467.0,10915.0,68395.0,39342.0,$64156,$12215,$60060,$18843,$89529,$49118,,,$130147,$10103,,,$86753,$94298,,,$48467,$10915,$68395,$39342
2012,6037543321,Census Tract 5433.21,Compton,Los Angeles County,California,Compton,116929.0,15386.0,62920.0,24749.0,141571.0,40623.0,,,186760.0,105963.0,,,80771.0,19580.0,117261.0,70273.0,69961.0,28500.0,53339.0,19965.0,$116929,$15386,$62920,$24749,$141571,$40623,,,$186760,$105963,,,$80771,$19580,$117261,$70273,$69961,$28500,$53339,$19965
2013,6037541100,Census Tract 5411,Compton,Los Angeles County,California,Compton,61097.0,15816.0,87057.0,80886.0,61043.0,22516.0,,,,,,,56798.0,27017.0,108751.0,79501.0,,,62208.0,22768.0,$61097,$15816,$87057,$80886,$61043,$22516,,,,,,,$56798,$27017,$108751,$79501,,,$62208,$22768
2013,6037541200,Census Tract 5412,Compton,Los Angeles County,California,Compton,75140.0,22320.0,67805.0,69279.0,68012.0,30686.0,,,,,,,121765.0,71877.0,92903.0,109548.0,,,87193.0,24975.0,$75140,$22320,$67805,$69279,$68012,$30686,,,,,,,$121765,$71877,$92903,$109548,,,$87193,$24975
2013,6037541300,Census Tract 5413,Compton,Los Angeles County,California,Compton,61999.0,7868.0,82291.0,49052.0,57773.0,11810.0,,,,,,,64697.0,17152.0,59395.0,49724.0,,,66465.0,25548.0,$61999,$7868,$82291,$49052,$57773,$11810,,,,,,,$64697,$17152,$59395,$49724,,,$66465,$25548
2013,6037541603,Census Tract 5416.03,Compton,Los Angeles County,California,Compton,39624.0,7408.0,50149.0,19629.0,42261.0,24092.0,,,,,,,37189.0,6556.0,,,,,38969.0,9139.0,$39624,$7408,$50149,$19629,$42261,$24092,,,,,,,$37189,$6556,,,,,$38969,$9139
2013,6037541604,Census Tract 5416.04,Compton,Los Angeles County,California,Compton,41820.0,9775.0,53089.0,14342.0,27858.0,12140.0,,,,,,,47332.0,8890.0,36707.0,27223.0,,,50613.0,9896.0,$41820,$9775,$53089,$14342,$27858,$12140,,,,,,,$47332,$8890,$36707,$27223,,,$50613,$9896
2013,6037541605,Census Tract 5416.05,Compton,Los Angeles County,California,Compton,54294.0,4756.0,50304.0,9001.0,53119.0,20756.0,,,,,,,57227.0,9047.0,,,,,54463.0,4827.0,$54294,$4756,$50304,$9001,$53119,$20756,,,,,,,$57227,$9047,,,,,$54463,$4827
2013,6037541606,Census Tract 5416.06,Compton,Los Angeles County,California,Compton,48107.0,7186.0,48372.0,13005.0,46381.0,20050.0,,,,,,,49022.0,15548.0,,,,,48671.0,9238.0,$48107,$7186,$48372,$13005,$46381,$20050,,,,,,,$49022,$15548,,,,,$48671,$9238
2013,6037541801,Census Tract 5418.01,Compton,Los Angeles County,California,Compton,68489.0,9480.0,68305.0,19744.0,63795.0,29796.0,,,,,,,60386.0,43760.0,118176.0,45662.0,,,69871.0,16047.0,$68489,$9480,$68305,$19744,$63795,$29796,,,,,,,$60386,$43760,$118176,$45662,,,$69871,$16047
2013,6037541802,Census Tract 5418.02,Compton,Los Angeles County,California,Compton,69251.0,6817.0,60807.0,35907.0,71279.0,29988.0,,,,,,,68857.0,5787.0,,,,,68688.0,6417.0,$69251,$6817,$60807,$35907,$71279,$29988,,,,,,,$68857,$5787,,,,,$68688,$6417
2013,6037542000,Census Tract 5420,Compton,Los Angeles County,California,Compton,60450.0,6169.0,45498.0,14317.0,63684.0,23763.0,,,,,,,60164.0,12221.0,,,,,57898.0,19467.0,$60450,$6169,$45498,$14317,$63684,$23763,,,,,,,$60164,$12221,,,,,$57898,$19467
2013,6037542103,Census Tract 5421.03,Compton,Los Angeles County,California,Compton,62862.0,19790.0,55925.0,25435.0,45220.0,60965.0,,,,,,,69984.0,34590.0,88325.0,22535.0,,,65927.0,19390.0,$62862,$19790,$55925,$25435,$45220,$60965,,,,,,,$69984,$34590,$88325,$22535,,,$65927,$19390
2013,6037542104,Census Tract 5421.04,Compton,Los Angeles County,California,Compton,61586.0,10610.0,52602.0,21444.0,47670.0,25049.0,,,,,,,74553.0,22569.0,,,,,62425.0,19606.0,$61586,$10610,$52602,$21444,$47670,$25049,,,,,,,$74553,$22569,,,,,$62425,$19606
2013,6037542105,Census Tract 5421.05,Compton,Los Angeles County,California,Compton,58894.0,19978.0,48553.0,17794.0,99735.0,92653.0,,,,,,,60112.0,17951.0,,,,,53852.0,18834.0,$58894,$19978,$48553,$17794,$99735,$92653,,,,,,,$60112,$17951,,,,,$53852,$18834
2013,6037542106,Census Tract 5421.06,Compton,Los Angeles County,California,Compton,47275.0,11938.0,51742.0,11247.0,33808.0,13384.0,,,34935.0,28951.0,,,61552.0,29052.0,,,51788.0,19406.0,52192.0,16148.0,$47275,$11938,$51742,$11247,$33808,$13384,,,$34935,$28951,,,$61552,$29052,,,$51788,$19406,$52192,$16148
2013,6037542200,Census Tract 5422,Compton,Los Angeles County,California,Compton,69783.0,11637.0,69307.0,39845.0,67687.0,34395.0,,,,,,,69965.0,16194.0,136502.0,44057.0,,,70527.0,11264.0,$69783,$11637,$69307,$39845,$67687,$34395,,,,,,,$69965,$16194,$136502,$44057,,,$70527,$11264
2013,6037542401,Census Tract 5424.01,Compton,Los Angeles County,California,Compton,64317.0,13821.0,59331.0,10375.0,62546.0,23827.0,,,,,,,74184.0,8068.0,,,,,70059.0,14616.0,$64317,$13821,$59331,$10375,$62546,$23827,,,,,,,$74184,$8068,,,,,$70059,$14616
2013,6037542402,Census Tract 5424.02,Compton,Los Angeles County,California,Compton,71448.0,10754.0,68673.0,9799.0,89593.0,28469.0,,,,,,,69307.0,11500.0,,,28737.0,19514.0,69917.0,6946.0,$71448,$10754,$68673,$9799,$89593,$28469,,,,,,,$69307,$11500,,,$28737,$19514,$69917,$6946
2013,6037542501,Census Tract 5425.01,Compton,Los Angeles County,California,Compton,67357.0,14497.0,45884.0,28952.0,77453.0,24893.0,,,,,,,54029.0,34786.0,,,,,52859.0,18864.0,$67357,$14497,$45884,$28952,$77453,$24893,,,,,,,$54029,$34786,,,,,$52859,$18864
2013,6037542502,Census Tract 5425.02,Compton,Los Angeles County,California,Compton,35479.0,5554.0,49378.0,56965.0,36646.0,23532.0,,,,,,,23608.0,9332.0,,,,,35114.0,13845.0,$35479,$5554,$49378,$56965,$36646,$23532,,,,,,,$23608,$9332,,,,,$35114,$13845
2013,6037542601,Census Tract 5426.01,Compton,Los Angeles County,California,Compton,50847.0,7474.0,63436.0,23849.0,29371.0,31124.0,,,,,,,48897.0,4117.0,,,,,51603.0,8175.0,$50847,$7474,$63436,$23849,$29371,$31124,,,,,,,$48897,$4117,,,,,$51603,$8175
2013,6037542602,Census Tract 5426.02,Compton,Los Angeles County,California,Compton,50100.0,12496.0,43290.0,17023.0,47793.0,24114.0,,,,,,,63110.0,32871.0,69044.0,38613.0,,,50051.0,14469.0,$50100,$12496,$43290,$17023,$47793,$24114,,,,,,,$63110,$32871,$69044,$38613,,,$50051,$14469
2013,6037542700,Census Tract 5427,Compton,Los Angeles County,California,Compton,61468.0,5228.0,62358.0,10519.0,61265.0,16753.0,,,,,,,57692.0,6234.0,,,,,60754.0,5642.0,$61468,$5228,$62358,$10519,$61265,$16753,,,,,,,$57692,$6234,,,,,$60754,$5642
2013,6037542800,Census Tract 5428,Compton,Los Angeles County,California,Compton,79385.0,26975.0,70681.0,25343.0,79710.0,24943.0,,,,,,,97481.0,24337.0,133544.0,46673.0,,,92692.0,39874.0,$79385,$26975,$70681,$25343,$79710,$24943,,,,,,,$97481,$24337,$133544,$46673,,,$92692,$39874
2013,6037542900,Census Tract 5429,Compton,Los Angeles County,California,Compton,56142.0,8898.0,42584.0,7415.0,50375.0,21271.0,,,,,,,91892.0,15632.0,92973.0,105364.0,,,54094.0,15805.0,$56142,$8898,$42584,$7415,$50375,$21271,,,,,,,$91892,$15632,$92973,$105364,,,$54094,$15805
2013,6037543000,Census Tract 5430,Compton,Los Angeles County,California,Compton,62337.0,9826.0,62392.0,53427.0,52645.0,17145.0,,,,,,,91886.0,11986.0,,,,,85548.0,11062.0,$62337,$9826,$62392,$53427,$52645,$17145,,,,,,,$91886,$11986,,,,,$85548,$11062
2013,6037543100,Census Tract 5431,Compton,Los Angeles County,California,Compton,71855.0,10719.0,73782.0,17864.0,74802.0,12496.0,,,,,,,47543.0,32194.0,40796.0,79079.0,42261.0,75159.0,64109.0,20239.0,$71855,$10719,$73782,$17864,$74802,$12496,,,,,,,$47543,$32194,$40796,$79079,$42261,$75159,$64109,$20239
2013,6037543201,Census Tract 5432.01,Compton,Los Angeles County,California,Compton,54010.0,21303.0,49868.0,7873.0,58179.0,30733.0,,,,,,,67563.0,32414.0,72829.0,43540.0,,,52684.0,11058.0,$54010,$21303,$49868,$7873,$58179,$30733,,,,,,,$67563,$32414,$72829,$43540,,,$52684,$11058
2013,6037543202,Census Tract 5432.02,Compton,Los Angeles County,California,Compton,47205.0,8750.0,77910.0,51999.0,33492.0,16069.0,,,,,,,50097.0,33332.0,,,,,78027.0,39718.0,$47205,$8750,$77910,$51999,$33492,$16069,,,,,,,$50097,$33332,,,,,$78027,$39718
2013,6037543305,Census Tract 5433.05,Compton,Los Angeles County,California,Compton,61028.0,7846.0,49314.0,14196.0,88077.0,45102.0,,,132529.0,91042.0,,,86550.0,43184.0,,,41839.0,18588.0,63645.0,7024.0,$61028,$7846,$49314,$14196,$88077,$45102,,,$132529,$91042,,,$86550,$43184,,,$41839,$18588,$63645,$7024
2013,6037543321,Census Tract 5433.21,Compton,Los Angeles County,California,Compton,115710.0,20804.0,62788.0,18812.0,130290.0,14455.0,,,120654.0,129996.0,,,97481.0,109510.0,83833.0,82563.0,75344.0,21847.0,46882.0,6681.0,$115710,$20804,$62788,$18812,$130290,$14455,,,$120654,$129996,,,$97481,$109510,$83833,$82563,$75344,$21847,$46882,$6681
2014,6037541100,Census Tract 5411,Compton,Los Angeles County,California,Compton,57059.0,8469.0,63802.0,16321.0,55657.0,10989.0,,,,,,,58402.0,29624.0,110662.0,93577.0,,,63379.0,13662.0,$57059,$8469,$63802,$16321,$55657,$10989,,,,,,,$58402,$29624,$110662,$93577,,,$63379,$13662
2014,6037541200,Census Tract 5412,Compton,Los Angeles County,California,Compton,63738.0,14738.0,85215.0,48225.0,56532.0,13622.0,,,,,,,83967.0,27682.0,,,,,87439.0,13927.0,$63738,$14738,$85215,$48225,$56532,$13622,,,,,,,$83967,$27682,,,,,$87439,$13927
2014,6037541300,Census Tract 5413,Compton,Los Angeles County,California,Compton,59365.0,8755.0,80550.0,44617.0,47804.0,18247.0,,,,,,,64000.0,22480.0,61520.0,79056.0,,,65254.0,15769.0,$59365,$8755,$80550,$44617,$47804,$18247,,,,,,,$64000,$22480,$61520,$79056,,,$65254,$15769
2014,6037541603,Census Tract 5416.03,Compton,Los Angeles County,California,Compton,39192.0,5806.0,53414.0,26658.0,26413.0,24265.0,,,,,,,37543.0,8094.0,11749.0,32596.0,,,40627.0,7958.0,$39192,$5806,$53414,$26658,$26413,$24265,,,,,,,$37543,$8094,$11749,$32596,,,$40627,$7958
2014,6037541604,Census Tract 5416.04,Compton,Los Angeles County,California,Compton,39350.0,5721.0,50110.0,14196.0,19664.0,15076.0,,,,,,,45843.0,12073.0,41568.0,6177.0,,,44703.0,11076.0,$39350,$5721,$50110,$14196,$19664,$15076,,,,,,,$45843,$12073,$41568,$6177,,,$44703,$11076
2014,6037541605,Census Tract 5416.05,Compton,Los Angeles County,California,Compton,55130.0,2905.0,50920.0,8734.0,59193.0,29790.0,,,,,,,58195.0,12907.0,,,,,54627.0,3098.0,$55130,$2905,$50920,$8734,$59193,$29790,,,,,,,$58195,$12907,,,,,$54627,$3098
2014,6037541606,Census Tract 5416.06,Compton,Los Angeles County,California,Compton,44861.0,4053.0,42161.0,9058.0,44154.0,8032.0,,,,,,,47010.0,11128.0,,,,,43934.0,7154.0,$44861,$4053,$42161,$9058,$44154,$8032,,,,,,,$47010,$11128,,,,,$43934,$7154
2014,6037541801,Census Tract 5418.01,Compton,Los Angeles County,California,Compton,62440.0,7880.0,63183.0,30288.0,44893.0,32616.0,,,,,,,60668.0,18767.0,119413.0,38889.0,,,62051.0,8405.0,$62440,$7880,$63183,$30288,$44893,$32616,,,,,,,$60668,$18767,$119413,$38889,,,$62051,$8405
2014,6037541802,Census Tract 5418.02,Compton,Los Angeles County,California,Compton,64980.0,10712.0,58091.0,16372.0,79419.0,21978.0,,,,,,,64936.0,13799.0,,,,,60915.0,11336.0,$64980,$10712,$58091,$16372,$79419,$21978,,,,,,,$64936,$13799,,,,,$60915,$11336
2014,6037542000,Census Tract 5420,Compton,Los Angeles County,California,Compton,60564.0,10863.0,38057.0,44960.0,61422.0,9058.0,,,,,,,62220.0,16942.0,,,,,60580.0,22862.0,$60564,$10863,$38057,$44960,$61422,$9058,,,,,,,$62220,$16942,,,,,$60580,$22862
2014,6037542103,Census Tract 5421.03,Compton,Los Angeles County,California,Compton,53321.0,8572.0,45874.0,8920.0,51242.0,30865.0,,,,,,,66878.0,35047.0,88041.0,18432.0,,,52930.0,11223.0,$53321,$8572,$45874,$8920,$51242,$30865,,,,,,,$66878,$35047,$88041,$18432,,,$52930,$11223
2014,6037542104,Census Tract 5421.04,Compton,Los Angeles County,California,Compton,65451.0,22061.0,52941.0,16644.0,64222.0,31101.0,,,,,,,72236.0,21147.0,,,,,62881.0,17694.0,$65451,$22061,$52941,$16644,$64222,$31101,,,,,,,$72236,$21147,,,,,$62881,$17694
2014,6037542105,Census Tract 5421.05,Compton,Los Angeles County,California,Compton,60576.0,19684.0,48773.0,20446.0,105582.0,78147.0,,,,,,,68171.0,29751.0,,,,,53660.0,19514.0,$60576,$19684,$48773,$20446,$105582,$78147,,,,,,,$68171,$29751,,,,,$53660,$19514
2014,6037542106,Census Tract 5421.06,Compton,Los Angeles County,California,Compton,43970.0,10374.0,46249.0,9705.0,28942.0,8467.0,,,34086.0,27552.0,,,49258.0,32645.0,,,,,48280.0,7440.0,$43970,$10374,$46249,$9705,$28942,$8467,,,$34086,$27552,,,$49258,$32645,,,,,$48280,$7440
2014,6037542200,Census Tract 5422,Compton,Los Angeles County,California,Compton,60942.0,13322.0,54870.0,22981.0,57031.0,26336.0,,,,,,,67827.0,14524.0,71497.0,171983.0,,,67385.0,13875.0,$60942,$13322,$54870,$22981,$57031,$26336,,,,,,,$67827,$14524,$71497,$171983,,,$67385,$13875
2014,6037542401,Census Tract 5424.01,Compton,Los Angeles County,California,Compton,72113.0,15226.0,59155.0,16422.0,81938.0,29724.0,,,,,,,83552.0,20897.0,,,,,68856.0,12841.0,$72113,$15226,$59155,$16422,$81938,$29724,,,,,,,$83552,$20897,,,,,$68856,$12841
2014,6037542402,Census Tract 5424.02,Compton,Los Angeles County,California,Compton,78539.0,12420.0,69834.0,7630.0,96022.0,17359.0,,,,,,,74637.0,24644.0,,,33587.0,23122.0,71846.0,9218.0,$78539,$12420,$69834,$7630,$96022,$17359,,,,,,,$74637,$24644,,,$33587,$23122,$71846,$9218
2014,6037542501,Census Tract 5425.01,Compton,Los Angeles County,California,Compton,59778.0,13624.0,46390.0,29828.0,68959.0,16267.0,,,,,,,51729.0,23211.0,,,,,50805.0,14818.0,$59778,$13624,$46390,$29828,$68959,$16267,,,,,,,$51729,$23211,,,,,$50805,$14818
2014,6037542502,Census Tract 5425.02,Compton,Los Angeles County,California,Compton,38171.0,10430.0,49719.0,54944.0,34732.0,16344.0,,,,,,,34584.0,22540.0,,,,,43023.0,12688.0,$38171,$10430,$49719,$54944,$34732,$16344,,,,,,,$34584,$22540,,,,,$43023,$12688
2014,6037542601,Census Tract 5426.01,Compton,Los Angeles County,California,Compton,45787.0,4098.0,47387.0,28528.0,28394.0,16557.0,,,,,,,47873.0,5621.0,,,,,47327.0,4476.0,$45787,$4098,$47387,$28528,$28394,$16557,,,,,,,$47873,$5621,,,,,$47327,$4476
2014,6037542602,Census Tract 5426.02,Compton,Los Angeles County,California,Compton,52955.0,11100.0,49361.0,19866.0,43107.0,21742.0,,,,,,,65053.0,13949.0,80840.0,78951.0,,,57596.0,13460.0,$52955,$11100,$49361,$19866,$43107,$21742,,,,,,,$65053,$13949,$80840,$78951,,,$57596,$13460
2014,6037542700,Census Tract 5427,Compton,Los Angeles County,California,Compton,62497.0,6731.0,61143.0,11495.0,62940.0,25724.0,,,,,,,59141.0,8085.0,,,,,59792.0,7280.0,$62497,$6731,$61143,$11495,$62940,$25724,,,,,,,$59141,$8085,,,,,$59792,$7280
2014,6037542800,Census Tract 5428,Compton,Los Angeles County,California,Compton,73060.0,12059.0,70974.0,11332.0,74822.0,14375.0,,,,,,,96161.0,27719.0,52209.0,175271.0,,,72067.0,22481.0,$73060,$12059,$70974,$11332,$74822,$14375,,,,,,,$96161,$27719,$52209,$175271,,,$72067,$22481
2014,6037542900,Census Tract 5429,Compton,Los Angeles County,California,Compton,56422.0,10627.0,43647.0,18814.0,55765.0,15470.0,,,,,,,82443.0,16730.0,52652.0,86317.0,,,57022.0,15365.0,$56422,$10627,$43647,$18814,$55765,$15470,,,,,,,$82443,$16730,$52652,$86317,,,$57022,$15365
2014,6037543000,Census Tract 5430,Compton,Los Angeles County,California,Compton,67372.0,14609.0,75084.0,24613.0,54122.0,23545.0,,,,,,,93637.0,34417.0,,,,,86641.0,23716.0,$67372,$14609,$75084,$24613,$54122,$23545,,,,,,,$93637,$34417,,,,,$86641,$23716
2014,6037543100,Census Tract 5431,Compton,Los Angeles County,California,Compton,77236.0,8231.0,83670.0,20373.0,77206.0,13315.0,,,,,,,67869.0,47186.0,40840.0,61064.0,41568.0,50251.0,84264.0,17557.0,$77236,$8231,$83670,$20373,$77206,$13315,,,,,,,$67869,$47186,$40840,$61064,$41568,$50251,$84264,$17557
2014,6037543201,Census Tract 5432.01,Compton,Los Angeles County,California,Compton,53900.0,9791.0,50158.0,3351.0,49001.0,20000.0,,,,,,,81601.0,9346.0,74822.0,65863.0,,,54069.0,14541.0,$53900,$9791,$50158,$3351,$49001,$20000,,,,,,,$81601,$9346,$74822,$65863,,,$54069,$14541
2014,6037543202,Census Tract 5432.02,Compton,Los Angeles County,California,Compton,48998.0,9826.0,66270.0,17577.0,30418.0,15495.0,,,,,,,46432.0,13455.0,,,,,64371.0,12699.0,$48998,$9826,$66270,$17577,$30418,$15495,,,,,,,$46432,$13455,,,,,$64371,$12699
2014,6037543305,Census Tract 5433.05,Compton,Los Angeles County,California,Compton,62179.0,10667.0,58497.0,21543.0,84293.0,44309.0,,,127336.0,90116.0,,,87070.0,47954.0,,,41171.0,15975.0,62628.0,16197.0,$62179,$10667,$58497,$21543,$84293,$44309,,,$127336,$90116,,,$87070,$47954,,,$41171,$15975,$62628,$16197
2014,6037543321,Census Tract 5433.21,Compton,Los Angeles County,California,Compton,120106.0,19029.0,75986.0,34328.0,131599.0,15494.0,,,184354.0,98172.0,,,163316.0,221864.0,82803.0,65394.0,94841.0,31576.0,50621.0,11827.0,$120106,$19029,$75986,$34328,$131599,$15494,,,$184354,$98172,,,$163316,$221864,$82803,$65394,$94841,$31576,$50621,$11827
2015,6037541100,Census Tract 5411,Compton,Los Angeles County,California,Compton,63162.0,7063.0,66182.0,11773.0,59663.0,13645.0,,,48800.0,12831.0,,,49464.0,20160.0,,,,,65300.0,6833.0,$63162,$7063,$66182,$11773,$59663,$13645,,,$48800,$12831,,,$49464,$20160,,,,,$65300,$6833
2015,6037541200,Census Tract 5412,Compton,Los Angeles County,California,Compton,63686.0,15435.0,68924.0,48053.0,54377.0,15520.0,,,,,,,83565.0,24347.0,,,,,84184.0,18031.0,$63686,$15435,$68924,$48053,$54377,$15520,,,,,,,$83565,$24347,,,,,$84184,$18031
2015,6037541300,Census Tract 5413,Compton,Los Angeles County,California,Compton,56694.0,7533.0,58457.0,6193.0,48966.0,11668.0,,,,,,,64346.0,16000.0,,,,,62037.0,5463.0,$56694,$7533,$58457,$6193,$48966,$11668,,,,,,,$64346,$16000,,,,,$62037,$5463
2015,6037541603,Census Tract 5416.03,Compton,Los Angeles County,California,Compton,40079.0,5238.0,48429.0,21615.0,38903.0,12319.0,,,,,,,36023.0,4899.0,,,,,40289.0,8638.0,$40079,$5238,$48429,$21615,$38903,$12319,,,,,,,$36023,$4899,,,,,$40289,$8638
2015,6037541604,Census Tract 5416.04,Compton,Los Angeles County,California,Compton,40005.0,4946.0,46909.0,18371.0,27279.0,15905.0,,,,,,,44503.0,9622.0,41140.0,6720.0,,,42362.0,6987.0,$40005,$4946,$46909,$18371,$27279,$15905,,,,,,,$44503,$9622,$41140,$6720,,,$42362,$6987
2015,6037541605,Census Tract 5416.05,Compton,Los Angeles County,California,Compton,55033.0,6372.0,54037.0,10583.0,38927.0,18967.0,,,,,,,60932.0,11336.0,,,,,55359.0,7706.0,$55033,$6372,$54037,$10583,$38927,$18967,,,,,,,$60932,$11336,,,,,$55359,$7706
2015,6037541606,Census Tract 5416.06,Compton,Los Angeles County,California,Compton,48181.0,6168.0,46769.0,11276.0,35411.0,18188.0,,,,,,,49381.0,7528.0,,,,,48136.0,5440.0,$48181,$6168,$46769,$11276,$35411,$18188,,,,,,,$49381,$7528,,,,,$48136,$5440
2015,6037541801,Census Tract 5418.01,Compton,Los Angeles County,California,Compton,60154.0,7059.0,57751.0,12868.0,42531.0,33505.0,,,,,,,62177.0,39769.0,,,,,61527.0,10288.0,$60154,$7059,$57751,$12868,$42531,$33505,,,,,,,$62177,$39769,,,,,$61527,$10288
2015,6037541802,Census Tract 5418.02,Compton,Los Angeles County,California,Compton,69459.0,7224.0,75964.0,8475.0,87777.0,19310.0,,,,,,,55569.0,14445.0,,,,,65130.0,11207.0,$69459,$7224,$75964,$8475,$87777,$19310,,,,,,,$55569,$14445,,,,,$65130,$11207
2015,6037542000,Census Tract 5420,Compton,Los Angeles County,California,Compton,55069.0,9918.0,49862.0,24659.0,55634.0,10109.0,,,,,,,61104.0,25779.0,,,,,52783.0,20176.0,$55069,$9918,$49862,$24659,$55634,$10109,,,,,,,$61104,$25779,,,,,$52783,$20176
2015,6037542103,Census Tract 5421.03,Compton,Los Angeles County,California,Compton,52038.0,8704.0,50178.0,11125.0,50400.0,23930.0,,,,,,,66726.0,35180.0,124074.0,40803.0,,,52860.0,11211.0,$52038,$8704,$50178,$11125,$50400,$23930,,,,,,,$66726,$35180,$124074,$40803,,,$52860,$11211
2015,6037542104,Census Tract 5421.04,Compton,Los Angeles County,California,Compton,77275.0,15479.0,70129.0,39778.0,84376.0,24105.0,,,,,,,71472.0,16355.0,,,,,72954.0,14628.0,$77275,$15479,$70129,$39778,$84376,$24105,,,,,,,$71472,$16355,,,,,$72954,$14628
2015,6037542105,Census Tract 5421.05,Compton,Los Angeles County,California,Compton,59340.0,20558.0,46425.0,20275.0,,,,,,,,,71465.0,11372.0,,,,,59201.0,21023.0,$59340,$20558,$46425,$20275,,,,,,,,,$71465,$11372,,,,,$59201,$21023
2015,6037542106,Census Tract 5421.06,Compton,Los Angeles County,California,Compton,42088.0,8768.0,46046.0,15293.0,28494.0,5892.0,,,,,,,49321.0,22510.0,,,,,47624.0,10748.0,$42088,$8768,$46046,$15293,$28494,$5892,,,,,,,$49321,$22510,,,,,$47624,$10748
2015,6037542200,Census Tract 5422,Compton,Los Angeles County,California,Compton,57109.0,11756.0,49258.0,6897.0,58182.0,21797.0,,,,,,,66753.0,18771.0,125319.0,120246.0,,,56951.0,12679.0,$57109,$11756,$49258,$6897,$58182,$21797,,,,,,,$66753,$18771,$125319,$120246,,,$56951,$12679
2015,6037542401,Census Tract 5424.01,Compton,Los Angeles County,California,Compton,62600.0,10347.0,59043.0,8488.0,63490.0,20334.0,,,,,,,74260.0,28069.0,,,,,63300.0,11557.0,$62600,$10347,$59043,$8488,$63490,$20334,,,,,,,$74260,$28069,,,,,$63300,$11557
2015,6037542402,Census Tract 5424.02,Compton,Los Angeles County,California,Compton,76406.0,11311.0,68864.0,6038.0,83362.0,25574.0,,,,,,,79357.0,26959.0,,,35272.0,20684.0,75879.0,9894.0,$76406,$11311,$68864,$6038,$83362,$25574,,,,,,,$79357,$26959,,,$35272,$20684,$75879,$9894
2015,6037542501,Census Tract 5425.01,Compton,Los Angeles County,California,Compton,59281.0,15160.0,,,68450.0,11088.0,,,,,,,51337.0,16312.0,,,,,50388.0,13232.0,$59281,$15160,,,$68450,$11088,,,,,,,$51337,$16312,,,,,$50388,$13232
2015,6037542502,Census Tract 5425.02,Compton,Los Angeles County,California,Compton,40074.0,10320.0,74078.0,13266.0,33768.0,23106.0,,,,,,,38805.0,9298.0,,,,,44759.0,8949.0,$40074,$10320,$74078,$13266,$33768,$23106,,,,,,,$38805,$9298,,,,,$44759,$8949
2015,6037542601,Census Tract 5426.01,Compton,Los Angeles County,California,Compton,43768.0,6679.0,43378.0,16884.0,29475.0,29047.0,,,,,,,47381.0,7562.0,,,,,44698.0,6647.0,$43768,$6679,$43378,$16884,$29475,$29047,,,,,,,$47381,$7562,,,,,$44698,$6647
2015,6037542602,Census Tract 5426.02,Compton,Los Angeles County,California,Compton,60008.0,7504.0,60429.0,9452.0,53645.0,17544.0,,,,,,,68054.0,15261.0,80880.0,73405.0,,,62652.0,4949.0,$60008,$7504,$60429,$9452,$53645,$17544,,,,,,,$68054,$15261,$80880,$73405,,,$62652,$4949
2015,6037542700,Census Tract 5427,Compton,Los Angeles County,California,Compton,64422.0,5128.0,63605.0,18779.0,65741.0,14085.0,,,,,,,59716.0,11697.0,,,,,62684.0,7941.0,$64422,$5128,$63605,$18779,$65741,$14085,,,,,,,$59716,$11697,,,,,$62684,$7941
2015,6037542800,Census Tract 5428,Compton,Los Angeles County,California,Compton,71164.0,6582.0,70299.0,33366.0,72282.0,9640.0,,,,,,,59091.0,12636.0,,,,,65398.0,17695.0,$71164,$6582,$70299,$33366,$72282,$9640,,,,,,,$59091,$12636,,,,,$65398,$17695
2015,6037542900,Census Tract 5429,Compton,Los Angeles County,California,Compton,55982.0,9559.0,32643.0,25741.0,69160.0,35085.0,,,,,,,75689.0,32303.0,,,,,48758.0,15025.0,$55982,$9559,$32643,$25741,$69160,$35085,,,,,,,$75689,$32303,,,,,$48758,$15025
2015,6037543000,Census Tract 5430,Compton,Los Angeles County,California,Compton,74465.0,15840.0,75768.0,23480.0,61494.0,15464.0,,,,,,,93035.0,30910.0,,,,,87491.0,16340.0,$74465,$15840,$75768,$23480,$61494,$15464,,,,,,,$93035,$30910,,,,,$87491,$16340
2015,6037543100,Census Tract 5431,Compton,Los Angeles County,California,Compton,78128.0,13198.0,85068.0,22555.0,83242.0,18969.0,,,,,,,61728.0,16925.0,,,,,78705.0,22883.0,$78128,$13198,$85068,$22555,$83242,$18969,,,,,,,$61728,$16925,,,,,$78705,$22883
2015,6037543201,Census Tract 5432.01,Compton,Los Angeles County,California,Compton,61138.0,14166.0,54240.0,10230.0,54361.0,20242.0,,,,,,,81511.0,6515.0,56250.0,43491.0,,,67539.0,14287.0,$61138,$14166,$54240,$10230,$54361,$20242,,,,,,,$81511,$6515,$56250,$43491,,,$67539,$14287
2015,6037543202,Census Tract 5432.02,Compton,Los Angeles County,California,Compton,54033.0,13461.0,66330.0,9385.0,26069.0,20731.0,,,,,,,48320.0,33974.0,,,,,65883.0,13077.0,$54033,$13461,$66330,$9385,$26069,$20731,,,,,,,$48320,$33974,,,,,$65883,$13077
2015,6037543305,Census Tract 5433.05,Compton,Los Angeles County,California,Compton,73335.0,20279.0,59306.0,12132.0,84215.0,36098.0,,,111210.0,60254.0,,,87972.0,46549.0,,,49381.0,40107.0,67017.0,38600.0,$73335,$20279,$59306,$12132,$84215,$36098,,,$111210,$60254,,,$87972,$46549,,,$49381,$40107,$67017,$38600
2015,6037543321,Census Tract 5433.21,Compton,Los Angeles County,California,Compton,118570.0,17567.0,83822.0,38872.0,139807.0,17110.0,,,109328.0,62809.0,,,106646.0,59674.0,82630.0,68041.0,93682.0,35758.0,54970.0,12706.0,$118570,$17567,$83822,$38872,$139807,$17110,,,$109328,$62809,,,$106646,$59674,$82630,$68041,$93682,$35758,$54970,$12706
2016,6037541100,Census Tract 5411,Compton,Los Angeles County,California,Compton,63865.0,7720.0,66707.0,11134.0,61286.0,18427.0,,,64319.0,59286.0,,,60959.0,19925.0,,,92381.0,82162.0,65425.0,6080.0,$63865,$7720,$66707,$11134,$61286,$18427,,,$64319,$59286,,,$60959,$19925,,,$92381,$82162,$65425,$6080
2016,6037541200,Census Tract 5412,Compton,Los Angeles County,California,Compton,67001.0,11924.0,87396.0,80399.0,58657.0,14883.0,,,,,,,81984.0,32722.0,181106.0,151673.0,,,84069.0,26623.0,$67001,$11924,$87396,$80399,$58657,$14883,,,,,,,$81984,$32722,$181106,$151673,,,$84069,$26623
2016,6037541300,Census Tract 5413,Compton,Los Angeles County,California,Compton,55766.0,10806.0,58224.0,6313.0,38165.0,32682.0,,,,,,,64641.0,17375.0,,,,,62881.0,4510.0,$55766,$10806,$58224,$6313,$38165,$32682,,,,,,,$64641,$17375,,,,,$62881,$4510
2016,6037541603,Census Tract 5416.03,Compton,Los Angeles County,California,Compton,39701.0,8647.0,47932.0,36300.0,36933.0,22022.0,,,,,,,35723.0,26182.0,,,,,39000.0,15241.0,$39701,$8647,$47932,$36300,$36933,$22022,,,,,,,$35723,$26182,,,,,$39000,$15241
2016,6037541604,Census Tract 5416.04,Compton,Los Angeles County,California,Compton,41946.0,4837.0,48380.0,13100.0,29261.0,21962.0,,,,,,,43640.0,7686.0,,,,,43104.0,7470.0,$41946,$4837,$48380,$13100,$29261,$21962,,,,,,,$43640,$7686,,,,,$43104,$7470
2016,6037541605,Census Tract 5416.05,Compton,Los Angeles County,California,Compton,53956.0,9152.0,65729.0,14613.0,38907.0,5286.0,,,,,,,49251.0,17412.0,,,,,55330.0,11729.0,$53956,$9152,$65729,$14613,$38907,$5286,,,,,,,$49251,$17412,,,,,$55330,$11729
2016,6037541606,Census Tract 5416.06,Compton,Los Angeles County,California,Compton,53257.0,7938.0,52186.0,24998.0,46538.0,12433.0,,,,,,,55771.0,9710.0,,,61723.0,52501.0,54623.0,9684.0,$53257,$7938,$52186,$24998,$46538,$12433,,,,,,,$55771,$9710,,,$61723,$52501,$54623,$9684
2016,6037541801,Census Tract 5418.01,Compton,Los Angeles County,California,Compton,60084.0,6644.0,59490.0,12635.0,62348.0,17986.0,,,,,,,61265.0,26320.0,,,,,60813.0,11597.0,$60084,$6644,$59490,$12635,$62348,$17986,,,,,,,$61265,$26320,,,,,$60813,$11597
2016,6037541802,Census Tract 5418.02,Compton,Los Angeles County,California,Compton,68084.0,13314.0,67368.0,23040.0,88284.0,13740.0,,,,,,,60631.0,15595.0,137284.0,118657.0,,,65614.0,15714.0,$68084,$13314,$67368,$23040,$88284,$13740,,,,,,,$60631,$15595,$137284,$118657,,,$65614,$15714
2016,6037542000,Census Tract 5420,Compton,Los Angeles County,California,Compton,54464.0,9397.0,62419.0,42080.0,53654.0,4677.0,,,,,,,54404.0,22405.0,,,,,57354.0,16760.0,$54464,$9397,$62419,$42080,$53654,$4677,,,,,,,$54404,$22405,,,,,$57354,$16760
2016,6037542103,Census Tract 5421.03,Compton,Los Angeles County,California,Compton,53379.0,6886.0,51584.0,3688.0,54076.0,23062.0,,,,,,,68948.0,40714.0,139287.0,62031.0,,,53038.0,9831.0,$53379,$6886,$51584,$3688,$54076,$23062,,,,,,,$68948,$40714,$139287,$62031,,,$53038,$9831
2016,6037542104,Census Tract 5421.04,Compton,Los Angeles County,California,Compton,80295.0,18876.0,61838.0,44596.0,88103.0,22154.0,,,,,,,72374.0,21107.0,,,,,73650.0,17201.0,$80295,$18876,$61838,$44596,$88103,$22154,,,,,,,$72374,$21107,,,,,$73650,$17201
2016,6037542105,Census Tract 5421.05,Compton,Los Angeles County,California,Compton,52802.0,17332.0,45761.0,9021.0,115643.0,78536.0,,,,,,,65000.0,19243.0,,,,,48950.0,18691.0,$52802,$17332,$45761,$9021,$115643,$78536,,,,,,,$65000,$19243,,,,,$48950,$18691
2016,6037542106,Census Tract 5421.06,Compton,Los Angeles County,California,Compton,45293.0,12057.0,51384.0,21418.0,,,,,,,,,46628.0,18184.0,12290.0,8242.0,,,50448.0,14905.0,$45293,$12057,$51384,$21418,,,,,,,,,$46628,$18184,$12290,$8242,,,$50448,$14905
2016,6037542200,Census Tract 5422,Compton,Los Angeles County,California,Compton,59952.0,8880.0,50261.0,7308.0,78984.0,26717.0,,,,,,,59442.0,7872.0,,,,,56418.0,11345.0,$59952,$8880,$50261,$7308,$78984,$26717,,,,,,,$59442,$7872,,,,,$56418,$11345
2016,6037542401,Census Tract 5424.01,Compton,Los Angeles County,California,Compton,57841.0,4805.0,56200.0,10900.0,58474.0,7602.0,,,,,,,53927.0,45269.0,,,,,56504.0,14621.0,$57841,$4805,$56200,$10900,$58474,$7602,,,,,,,$53927,$45269,,,,,$56504,$14621
2016,6037542402,Census Tract 5424.02,Compton,Los Angeles County,California,Compton,77794.0,10060.0,66366.0,7943.0,86245.0,14770.0,,,,,,,95216.0,25152.0,,,,,72757.0,11227.0,$77794,$10060,$66366,$7943,$86245,$14770,,,,,,,$95216,$25152,,,,,$72757,$11227
2016,6037542501,Census Tract 5425.01,Compton,Los Angeles County,California,Compton,64483.0,12139.0,38837.0,23370.0,71766.0,24690.0,,,,,,,52081.0,23227.0,,,,,48329.0,7159.0,$64483,$12139,$38837,$23370,$71766,$24690,,,,,,,$52081,$23227,,,,,$48329,$7159
2016,6037542502,Census Tract 5425.02,Compton,Los Angeles County,California,Compton,50799.0,12986.0,73495.0,14162.0,29119.0,18171.0,,,,,,,50307.0,16382.0,,,,,63059.0,15640.0,$50799,$12986,$73495,$14162,$29119,$18171,,,,,,,$50307,$16382,,,,,$63059,$15640
2016,6037542601,Census Tract 5426.01,Compton,Los Angeles County,California,Compton,43781.0,5073.0,43797.0,9318.0,,,,,,,,,46173.0,6345.0,,,,,44426.0,4594.0,$43781,$5073,$43797,$9318,,,,,,,,,$46173,$6345,,,,,$44426,$4594
2016,6037542602,Census Tract 5426.02,Compton,Los Angeles County,California,Compton,62061.0,8222.0,59767.0,7374.0,54539.0,16960.0,,,,,,,77222.0,15898.0,,,,,63908.0,14036.0,$62061,$8222,$59767,$7374,$54539,$16960,,,,,,,$77222,$15898,,,,,$63908,$14036
2016,6037542700,Census Tract 5427,Compton,Los Angeles County,California,Compton,63856.0,12274.0,66202.0,30928.0,63663.0,20746.0,,,,,,,61972.0,18596.0,,,,,61669.0,13981.0,$63856,$12274,$66202,$30928,$63663,$20746,,,,,,,$61972,$18596,,,,,$61669,$13981
2016,6037542800,Census Tract 5428,Compton,Los Angeles County,California,Compton,70032.0,11746.0,66230.0,33530.0,71843.0,10410.0,,,,,,,58843.0,32239.0,,,,,56757.0,17786.0,$70032,$11746,$66230,$33530,$71843,$10410,,,,,,,$58843,$32239,,,,,$56757,$17786
2016,6037542900,Census Tract 5429,Compton,Los Angeles County,California,Compton,61913.0,15448.0,42001.0,22616.0,80295.0,30761.0,,,,,,,77673.0,33886.0,,,,,51953.0,14884.0,$61913,$15448,$42001,$22616,$80295,$30761,,,,,,,$77673,$33886,,,,,$51953,$14884
2016,6037543000,Census Tract 5430,Compton,Los Angeles County,California,Compton,85956.0,17276.0,74151.0,39059.0,79938.0,39871.0,,,,,,,91831.0,22227.0,,,,,87636.0,19833.0,$85956,$17276,$74151,$39059,$79938,$39871,,,,,,,$91831,$22227,,,,,$87636,$19833
2016,6037543100,Census Tract 5431,Compton,Los Angeles County,California,Compton,74124.0,9647.0,82153.0,26880.0,74100.0,11260.0,,,,,,,61752.0,24950.0,,,,,76198.0,20423.0,$74124,$9647,$82153,$26880,$74100,$11260,,,,,,,$61752,$24950,,,,,$76198,$20423
2016,6037543201,Census Tract 5432.01,Compton,Los Angeles County,California,Compton,66874.0,12689.0,56875.0,9552.0,62452.0,17709.0,,,,,,,83641.0,5343.0,54441.0,46200.0,,,66874.0,14486.0,$66874,$12689,$56875,$9552,$62452,$17709,,,,,,,$83641,$5343,$54441,$46200,,,$66874,$14486
2016,6037543202,Census Tract 5432.02,Compton,Los Angeles County,California,Compton,59976.0,10073.0,67426.0,7347.0,45883.0,20550.0,,,,,,,49079.0,26564.0,,,,,64962.0,6469.0,$59976,$10073,$67426,$7347,$45883,$20550,,,,,,,$49079,$26564,,,,,$64962,$6469
2016,6037543305,Census Tract 5433.05,Compton,Los Angeles County,California,Compton,89799.0,16302.0,,,93032.0,16794.0,,,128227.0,75637.0,,,87122.0,45007.0,,,,,81319.0,39930.0,$89799,$16302,,,$93032,$16794,,,$128227,$75637,,,$87122,$45007,,,,,$81319,$39930
2016,6037543321,Census Tract 5433.21,Compton,Los Angeles County,California,Compton,131094.0,12619.0,90455.0,29069.0,141373.0,18063.0,,,108059.0,41736.0,,,174929.0,91810.0,,,92517.0,44152.0,95371.0,80344.0,$131094,$12619,$90455,$29069,$141373,$18063,,,$108059,$41736,,,$174929,$91810,,,$92517,$44152,$95371,$80344
2017,6037541100,Census Tract 5411,Compton,Los Angeles County,California,Compton,62348.0,8693.0,64628.0,9900.0,59299.0,11793.0,,,65145.0,41203.0,,,94439.0,32675.0,,,,,67213.0,17179.0,$62348,$8693,$64628,$9900,$59299,$11793,,,$65145,$41203,,,$94439,$32675,,,,,$67213,$17179
2017,6037541200,Census Tract 5412,Compton,Los Angeles County,California,Compton,72014.0,14110.0,89053.0,64058.0,71442.0,14478.0,,,,,,,65570.0,20807.0,,,,,87248.0,37009.0,$72014,$14110,$89053,$64058,$71442,$14478,,,,,,,$65570,$20807,,,,,$87248,$37009
2017,6037541300,Census Tract 5413,Compton,Los Angeles County,California,Compton,55319.0,18904.0,61215.0,23695.0,32430.0,15382.0,,,,,,,71747.0,15351.0,63453.0,56063.0,,,66268.0,17856.0,$55319,$18904,$61215,$23695,$32430,$15382,,,,,,,$71747,$15351,$63453,$56063,,,$66268,$17856
2017,6037541603,Census Tract 5416.03,Compton,Los Angeles County,California,Compton,42254.0,9654.0,51881.0,49834.0,35300.0,21192.0,,,,,,,49988.0,22617.0,,,,,46025.0,10340.0,$42254,$9654,$51881,$49834,$35300,$21192,,,,,,,$49988,$22617,,,,,$46025,$10340
2017,6037541604,Census Tract 5416.04,Compton,Los Angeles County,California,Compton,45974.0,8481.0,52101.0,20570.0,39615.0,15555.0,,,,,,,49147.0,13689.0,,,,,49254.0,9019.0,$45974,$8481,$52101,$20570,$39615,$15555,,,,,,,$49147,$13689,,,,,$49254,$9019
2017,6037541605,Census Tract 5416.05,Compton,Los Angeles County,California,Compton,60733.0,13765.0,65091.0,13739.0,39522.0,31764.0,,,,,,,59841.0,27795.0,,,,,64560.0,11870.0,$60733,$13765,$65091,$13739,$39522,$31764,,,,,,,$59841,$27795,,,,,$64560,$11870
2017,6037541606,Census Tract 5416.06,Compton,Los Angeles County,California,Compton,50394.0,7902.0,59713.0,28342.0,40114.0,14996.0,,,,,,,50865.0,12907.0,,,60652.0,55484.0,55400.0,11146.0,$50394,$7902,$59713,$28342,$40114,$14996,,,,,,,$50865,$12907,,,$60652,$55484,$55400,$11146
2017,6037541801,Census Tract 5418.01,Compton,Los Angeles County,California,Compton,60923.0,8048.0,57819.0,14111.0,62145.0,30883.0,,,,,,,83781.0,37214.0,,,,,63380.0,9621.0,$60923,$8048,$57819,$14111,$62145,$30883,,,,,,,$83781,$37214,,,,,$63380,$9621
2017,6037541802,Census Tract 5418.02,Compton,Los Angeles County,California,Compton,66643.0,17838.0,59280.0,2673.0,99736.0,17936.0,,,,,,,65360.0,48451.0,,,,,60225.0,7010.0,$66643,$17838,$59280,$2673,$99736,$17936,,,,,,,$65360,$48451,,,,,$60225,$7010
2017,6037542000,Census Tract 5420,Compton,Los Angeles County,California,Compton,57709.0,12567.0,68523.0,20750.0,54514.0,6197.0,,,,,,,53687.0,18359.0,,,,,62378.0,19211.0,$57709,$12567,$68523,$20750,$54514,$6197,,,,,,,$53687,$18359,,,,,$62378,$19211
2017,6037542103,Census Tract 5421.03,Compton,Los Angeles County,California,Compton,53686.0,7054.0,52324.0,5543.0,72643.0,37208.0,,,,,,,54912.0,22950.0,140311.0,52454.0,,,52997.0,6506.0,$53686,$7054,$52324,$5543,$72643,$37208,,,,,,,$54912,$22950,$140311,$52454,,,$52997,$6506
2017,6037542104,Census Tract 5421.04,Compton,Los Angeles County,California,Compton,81231.0,16707.0,,,92835.0,33248.0,,,,,,,67340.0,17278.0,,,,,75014.0,20682.0,$81231,$16707,,,$92835,$33248,,,,,,,$67340,$17278,,,,,$75014,$20682
2017,6037542105,Census Tract 5421.05,Compton,Los Angeles County,California,Compton,50062.0,11484.0,45765.0,9847.0,,,,,,,,,75058.0,27543.0,,,,,54269.0,14207.0,$50062,$11484,$45765,$9847,,,,,,,,,$75058,$27543,,,,,$54269,$14207
2017,6037542106,Census Tract 5421.06,Compton,Los Angeles County,California,Compton,58348.0,8668.0,73122.0,13523.0,43553.0,27515.0,,,,,,,57395.0,12816.0,11874.0,6690.0,,,64668.0,7371.0,$58348,$8668,$73122,$13523,$43553,$27515,,,,,,,$57395,$12816,$11874,$6690,,,$64668,$7371
2017,6037542200,Census Tract 5422,Compton,Los Angeles County,California,Compton,60213.0,9753.0,51055.0,20826.0,65578.0,23938.0,,,,,,,61233.0,13863.0,,,,,58777.0,10600.0,$60213,$9753,$51055,$20826,$65578,$23938,,,,,,,$61233,$13863,,,,,$58777,$10600
2017,6037542401,Census Tract 5424.01,Compton,Los Angeles County,California,Compton,59654.0,9608.0,66991.0,18155.0,62378.0,23572.0,,,,,,,53304.0,13546.0,28032.0,8055.0,,,57810.0,13580.0,$59654,$9608,$66991,$18155,$62378,$23572,,,,,,,$53304,$13546,$28032,$8055,,,$57810,$13580
2017,6037542402,Census Tract 5424.02,Compton,Los Angeles County,California,Compton,74077.0,14382.0,65728.0,8027.0,68354.0,31837.0,,,,,,,93065.0,17806.0,,,,,71403.0,12224.0,$74077,$14382,$65728,$8027,$68354,$31837,,,,,,,$93065,$17806,,,,,$71403,$12224
2017,6037542501,Census Tract 5425.01,Compton,Los Angeles County,California,Compton,63307.0,13066.0,,,68091.0,14637.0,,,,,,,65609.0,34402.0,,,,,47858.0,42663.0,$63307,$13066,,,$68091,$14637,,,,,,,$65609,$34402,,,,,$47858,$42663
2017,6037542502,Census Tract 5425.02,Compton,Los Angeles County,California,Compton,45514.0,11623.0,73472.0,11598.0,22318.0,17066.0,,,,,,,40952.0,14613.0,,,,,65598.0,18178.0,$45514,$11623,$73472,$11598,$22318,$17066,,,,,,,$40952,$14613,,,,,$65598,$18178
2017,6037542601,Census Tract 5426.01,Compton,Los Angeles County,California,Compton,41281.0,8268.0,42855.0,14987.0,27615.0,17309.0,,,,,,,54198.0,18609.0,,,,,44253.0,12636.0,$41281,$8268,$42855,$14987,$27615,$17309,,,,,,,$54198,$18609,,,,,$44253,$12636
2017,6037542602,Census Tract 5426.02,Compton,Los Angeles County,California,Compton,73810.0,23074.0,62824.0,29369.0,58708.0,55365.0,,,,,,,84507.0,15654.0,,,,,75058.0,22635.0,$73810,$23074,$62824,$29369,$58708,$55365,,,,,,,$84507,$15654,,,,,$75058,$22635
2017,6037542700,Census Tract 5427,Compton,Los Angeles County,California,Compton,68652.0,10602.0,61107.0,21807.0,67469.0,12285.0,,,,,,,80228.0,30456.0,,,,,71159.0,16078.0,$68652,$10602,$61107,$21807,$67469,$12285,,,,,,,$80228,$30456,,,,,$71159,$16078
2017,6037542800,Census Tract 5428,Compton,Los Angeles County,California,Compton,71427.0,9677.0,51292.0,35021.0,81011.0,14329.0,,,,,,,74565.0,34516.0,,,,,56848.0,22760.0,$71427,$9677,$51292,$35021,$81011,$14329,,,,,,,$74565,$34516,,,,,$56848,$22760
2017,6037542900,Census Tract 5429,Compton,Los Angeles County,California,Compton,66164.0,15014.0,53197.0,14668.0,92077.0,35933.0,,,,,,,77779.0,13362.0,,,,,58655.0,15748.0,$66164,$15014,$53197,$14668,$92077,$35933,,,,,,,$77779,$13362,,,,,$58655,$15748
2017,6037543000,Census Tract 5430,Compton,Los Angeles County,California,Compton,87770.0,20826.0,88678.0,25134.0,90464.0,42025.0,,,,,,,45023.0,27186.0,136548.0,128221.0,,,82368.0,26957.0,$87770,$20826,$88678,$25134,$90464,$42025,,,,,,,$45023,$27186,$136548,$128221,,,$82368,$26957
2017,6037543100,Census Tract 5431,Compton,Los Angeles County,California,Compton,85933.0,13156.0,92463.0,38176.0,85825.0,23572.0,,,,,,,70868.0,34137.0,,,,,90147.0,27070.0,$85933,$13156,$92463,$38176,$85825,$23572,,,,,,,$70868,$34137,,,,,$90147,$27070
2017,6037543201,Census Tract 5432.01,Compton,Los Angeles County,California,Compton,64182.0,7832.0,61642.0,11893.0,62408.0,17428.0,,,,,,,82768.0,32743.0,53432.0,31687.0,,,64182.0,6988.0,$64182,$7832,$61642,$11893,$62408,$17428,,,,,,,$82768,$32743,$53432,$31687,,,$64182,$6988
2017,6037543202,Census Tract 5432.02,Compton,Los Angeles County,California,Compton,62491.0,9576.0,67891.0,6581.0,54866.0,21433.0,,,,,,,45730.0,28873.0,,,,,65070.0,6631.0,$62491,$9576,$67891,$6581,$54866,$21433,,,,,,,$45730,$28873,,,,,$65070,$6631
2017,6037543305,Census Tract 5433.05,Compton,Los Angeles County,California,Compton,85626.0,14193.0,109803.0,67238.0,81993.0,14517.0,,,73226.0,69623.0,,,88073.0,30802.0,,,111371.0,57229.0,75137.0,19622.0,$85626,$14193,$109803,$67238,$81993,$14517,,,$73226,$69623,,,$88073,$30802,,,$111371,$57229,$75137,$19622
2017,6037543321,Census Tract 5433.21,Compton,Los Angeles County,California,Compton,109070.0,21663.0,84685.0,27696.0,126760.0,28048.0,,,101569.0,12812.0,,,179253.0,158981.0,,,92744.0,19060.0,,,$109070,$21663,$84685,$27696,$126760,$28048,,,$101569,$12812,,,$179253,$158981,,,$92744,$19060,,
2018,6037541100,Census Tract 5411,Compton,Los Angeles County,California,Compton,64516.0,11297.0,65002.0,10823.0,59184.0,19697.0,,,91238.0,49880.0,,,98504.0,34510.0,,,91671.0,78858.0,65785.0,20783.0,$64516,$11297,$65002,$10823,$59184,$19697,,,$91238,$49880,,,$98504,$34510,,,$91671,$78858,$65785,$20783
2018,6037541200,Census Tract 5412,Compton,Los Angeles County,California,Compton,84434.0,12062.0,120159.0,18608.0,71790.0,16791.0,,,,,,,110920.0,41317.0,,,,,111905.0,16958.0,$84434,$12062,$120159,$18608,$71790,$16791,,,,,,,$110920,$41317,,,,,$111905,$16958
2018,6037541300,Census Tract 5413,Compton,Los Angeles County,California,Compton,60189.0,5987.0,64349.0,24082.0,35090.0,6290.0,,,,,,,79203.0,8342.0,62026.0,54850.0,,,76579.0,10661.0,$60189,$5987,$64349,$24082,$35090,$6290,,,,,,,$79203,$8342,$62026,$54850,,,$76579,$10661
2018,6037541603,Census Tract 5416.03,Compton,Los Angeles County,California,Compton,43965.0,11096.0,45239.0,24317.0,29536.0,13787.0,,,,,,,56835.0,21497.0,,,,,46017.0,10858.0,$43965,$11096,$45239,$24317,$29536,$13787,,,,,,,$56835,$21497,,,,,$46017,$10858
2018,6037541604,Census Tract 5416.04,Compton,Los Angeles County,California,Compton,50160.0,9137.0,55716.0,34101.0,32893.0,23690.0,,,,,,,51688.0,12041.0,111382.0,80413.0,119966.0,61228.0,52453.0,8568.0,$50160,$9137,$55716,$34101,$32893,$23690,,,,,,,$51688,$12041,$111382,$80413,$119966,$61228,$52453,$8568
2018,6037541605,Census Tract 5416.05,Compton,Los Angeles County,California,Compton,65205.0,4139.0,66432.0,10864.0,,,,,,,,,64912.0,5476.0,,,,,65853.0,3827.0,$65205,$4139,$66432,$10864,,,,,,,,,$64912,$5476,,,,,$65853,$3827
2018,6037541606,Census Tract 5416.06,Compton,Los Angeles County,California,Compton,49850.0,10474.0,57563.0,28714.0,27933.0,19827.0,,,,,,,46932.0,27925.0,,,84973.0,66146.0,55399.0,12691.0,$49850,$10474,$57563,$28714,$27933,$19827,,,,,,,$46932,$27925,,,$84973,$66146,$55399,$12691
2018,6037541801,Census Tract 5418.01,Compton,Los Angeles County,California,Compton,59856.0,9113.0,63075.0,6587.0,52989.0,24889.0,,,,,,,62304.0,23344.0,,,,,63144.0,7047.0,$59856,$9113,$63075,$6587,$52989,$24889,,,,,,,$62304,$23344,,,,,$63144,$7047
2018,6037541802,Census Tract 5418.02,Compton,Los Angeles County,California,Compton,66261.0,14619.0,58410.0,9575.0,113471.0,39943.0,,,,,,,62080.0,7397.0,,,,,60093.0,6694.0,$66261,$14619,$58410,$9575,$113471,$39943,,,,,,,$62080,$7397,,,,,$60093,$6694
2018,6037542000,Census Tract 5420,Compton,Los Angeles County,California,Compton,62056.0,5704.0,67009.0,10488.0,55529.0,13799.0,,,,,,,53027.0,17561.0,,,,,62542.0,6082.0,$62056,$5704,$67009,$10488,$55529,$13799,,,,,,,$53027,$17561,,,,,$62542,$6082
2018,6037542103,Census Tract 5421.03,Compton,Los Angeles County,California,Compton,57291.0,10711.0,52628.0,5609.0,52425.0,27968.0,,,,,,,68918.0,14752.0,148409.0,22945.0,,,57351.0,10950.0,$57291,$10711,$52628,$5609,$52425,$27968,,,,,,,$68918,$14752,$148409,$22945,,,$57351,$10950
2018,6037542104,Census Tract 5421.04,Compton,Los Angeles County,California,Compton,77925.0,13811.0,60090.0,35882.0,89906.0,32906.0,,,,,,,77272.0,11285.0,,,,,75966.0,12975.0,$77925,$13811,$60090,$35882,$89906,$32906,,,,,,,$77272,$11285,,,,,$75966,$12975
2018,6037542105,Census Tract 5421.05,Compton,Los Angeles County,California,Compton,54186.0,12804.0,55409.0,13835.0,,,,,,,,,61556.0,22222.0,,,,,57797.0,11118.0,$54186,$12804,$55409,$13835,,,,,,,,,$61556,$22222,,,,,$57797,$11118
2018,6037542106,Census Tract 5421.06,Compton,Los Angeles County,California,Compton,61399.0,10016.0,73094.0,14901.0,46676.0,17746.0,,,65002.0,40326.0,,,60303.0,17924.0,11591.0,7617.0,,,63507.0,7205.0,$61399,$10016,$73094,$14901,$46676,$17746,,,$65002,$40326,,,$60303,$17924,$11591,$7617,,,$63507,$7205
2018,6037542200,Census Tract 5422,Compton,Los Angeles County,California,Compton,57622.0,5873.0,53108.0,24891.0,59606.0,27535.0,,,,,,,57954.0,3913.0,,,,,57913.0,7001.0,$57622,$5873,$53108,$24891,$59606,$27535,,,,,,,$57954,$3913,,,,,$57913,$7001
2018,6037542401,Census Tract 5424.01,Compton,Los Angeles County,California,Compton,60094.0,6840.0,49373.0,19207.0,78779.0,28269.0,,,,,,,56763.0,21496.0,27020.0,5909.0,,,55657.0,7839.0,$60094,$6840,$49373,$19207,$78779,$28269,,,,,,,$56763,$21496,$27020,$5909,,,$55657,$7839
2018,6037542402,Census Tract 5424.02,Compton,Los Angeles County,California,Compton,77500.0,13010.0,76923.0,18999.0,65159.0,20353.0,,,,,,,87266.0,14653.0,,,,,84749.0,16614.0,$77500,$13010,$76923,$18999,$65159,$20353,,,,,,,$87266,$14653,,,,,$84749,$16614
2018,6037542501,Census Tract 5425.01,Compton,Los Angeles County,California,Compton,63353.0,13804.0,30767.0,13069.0,70419.0,14272.0,,,,,,,44472.0,27601.0,,,,,31700.0,19440.0,$63353,$13804,$30767,$13069,$70419,$14272,,,,,,,$44472,$27601,,,,,$31700,$19440
2018,6037542502,Census Tract 5425.02,Compton,Los Angeles County,California,Compton,45041.0,6393.0,66177.0,19149.0,23669.0,12093.0,,,,,,,48556.0,15847.0,,,,,63736.0,15218.0,$45041,$6393,$66177,$19149,$23669,$12093,,,,,,,$48556,$15847,,,,,$63736,$15218
2018,6037542601,Census Tract 5426.01,Compton,Los Angeles County,California,Compton,44996.0,13449.0,50718.0,17838.0,25688.0,8036.0,,,,,,,62183.0,16308.0,,,,,53070.0,14898.0,$44996,$13449,$50718,$17838,$25688,$8036,,,,,,,$62183,$16308,,,,,$53070,$14898
2018,6037542602,Census Tract 5426.02,Compton,Los Angeles County,California,Compton,69440.0,18429.0,75308.0,27373.0,63870.0,50718.0,,,,,,,68272.0,21601.0,77846.0,22022.0,,,68181.0,18655.0,$69440,$18429,$75308,$27373,$63870,$50718,,,,,,,$68272,$21601,$77846,$22022,,,$68181,$18655
2018,6037542700,Census Tract 5427,Compton,Los Angeles County,California,Compton,80343.0,16550.0,86648.0,20936.0,71953.0,14940.0,,,,,,,87800.0,32259.0,,,,,87800.0,11635.0,$80343,$16550,$86648,$20936,$71953,$14940,,,,,,,$87800,$32259,,,,,$87800,$11635
2018,6037542800,Census Tract 5428,Compton,Los Angeles County,California,Compton,68876.0,7144.0,68375.0,13629.0,70680.0,10641.0,,,,,,,76619.0,39913.0,,,,,67412.0,16597.0,$68876,$7144,$68375,$13629,$70680,$10641,,,,,,,$76619,$39913,,,,,$67412,$16597
2018,6037542900,Census Tract 5429,Compton,Los Angeles County,California,Compton,67605.0,11398.0,57139.0,9111.0,101810.0,23062.0,,,,,,,76619.0,34629.0,,,,,58392.0,17006.0,$67605,$11398,$57139,$9111,$101810,$23062,,,,,,,$76619,$34629,,,,,$58392,$17006
2018,6037543000,Census Tract 5430,Compton,Los Angeles County,California,Compton,84755.0,21169.0,89685.0,26209.0,85538.0,39614.0,,,,,,,36297.0,22539.0,136554.0,123736.0,,,74577.0,32690.0,$84755,$21169,$89685,$26209,$85538,$39614,,,,,,,$36297,$22539,$136554,$123736,,,$74577,$32690
2018,6037543100,Census Tract 5431,Compton,Los Angeles County,California,Compton,74080.0,18100.0,91020.0,56045.0,72964.0,26878.0,,,,,,,71780.0,25793.0,,,,,72468.0,31119.0,$74080,$18100,$91020,$56045,$72964,$26878,,,,,,,$71780,$25793,,,,,$72468,$31119
2018,6037543201,Census Tract 5432.01,Compton,Los Angeles County,California,Compton,66813.0,7825.0,66062.0,12628.0,63792.0,24740.0,,,,,,,99461.0,47538.0,63305.0,20499.0,75040.0,38058.0,64872.0,8443.0,$66813,$7825,$66062,$12628,$63792,$24740,,,,,,,$99461,$47538,$63305,$20499,$75040,$38058,$64872,$8443
2018,6037543202,Census Tract 5432.02,Compton,Los Angeles County,California,Compton,59606.0,12924.0,67206.0,6161.0,38531.0,33000.0,,,,,,,45345.0,22166.0,,,,,64571.0,9479.0,$59606,$12924,$67206,$6161,$38531,$33000,,,,,,,$45345,$22166,,,,,$64571,$9479
2018,6037543305,Census Tract 5433.05,Compton,Los Angeles County,California,Compton,79847.0,11185.0,91070.0,41446.0,78258.0,17519.0,,,,,,,86147.0,46031.0,,,102203.0,41673.0,77793.0,19705.0,$79847,$11185,$91070,$41446,$78258,$17519,,,,,,,$86147,$46031,,,$102203,$41673,$77793,$19705
2018,6037543321,Census Tract 5433.21,Compton,Los Angeles County,California,Compton,107092.0,18347.0,91849.0,8615.0,114461.0,32267.0,,,107385.0,23433.0,,,178142.0,113380.0,161270.0,106214.0,89168.0,10261.0,95605.0,41569.0,$107092,$18347,$91849,$8615,$114461,$32267,,,$107385,$23433,,,$178142,$113380,$161270,$106214,$89168,$10261,$95605,$41569
2019,6037541100,Census Tract 5411,Compton,Los Angeles County,California,Compton,73073.0,20651.0,76510.0,27186.0,59280.0,24289.0,,,93458.0,45235.0,,,100422.0,37039.0,,,,,87526.0,28315.0,$73073,$20651,$76510,$27186,$59280,$24289,,,$93458,$45235,,,$100422,$37039,,,,,$87526,$28315
2019,6037541200,Census Tract 5412,Compton,Los Angeles County,California,Compton,101072.0,18528.0,111502.0,16751.0,89151.0,13988.0,,,,,,,112918.0,37526.0,,,,,112331.0,18708.0,$101072,$18528,$111502,$16751,$89151,$13988,,,,,,,$112918,$37526,,,,,$112331,$18708
2019,6037541300,Census Tract 5413,Compton,Los Angeles County,California,Compton,59937.0,11263.0,59767.0,29903.0,36164.0,29455.0,,,,,,,90098.0,12538.0,,,,,79170.0,15650.0,$59937,$11263,$59767,$29903,$36164,$29455,,,,,,,$90098,$12538,,,,,$79170,$15650
2019,6037541603,Census Tract 5416.03,Compton,Los Angeles County,California,Compton,45569.0,12271.0,43524.0,18773.0,30768.0,15013.0,,,,,,,63928.0,25340.0,,,,,49008.0,17342.0,$45569,$12271,$43524,$18773,$30768,$15013,,,,,,,$63928,$25340,,,,,$49008,$17342
2019,6037541604,Census Tract 5416.04,Compton,Los Angeles County,California,Compton,51921.0,11994.0,54962.0,23347.0,39321.0,32414.0,,,,,,,59228.0,18656.0,111742.0,89798.0,117450.0,79410.0,54404.0,11213.0,$51921,$11994,$54962,$23347,$39321,$32414,,,,,,,$59228,$18656,$111742,$89798,$117450,$79410,$54404,$11213
2019,6037541605,Census Tract 5416.05,Compton,Los Angeles County,California,Compton,62523.0,21828.0,65821.0,18295.0,39261.0,15100.0,,,,,,,65108.0,6486.0,,,,,65525.0,6883.0,$62523,$21828,$65821,$18295,$39261,$15100,,,,,,,$65108,$6486,,,,,$65525,$6883
2019,6037541606,Census Tract 5416.06,Compton,Los Angeles County,California,Compton,49855.0,9715.0,57406.0,46346.0,35932.0,25479.0,,,,,,,50218.0,11103.0,,,,,55797.0,11471.0,$49855,$9715,$57406,$46346,$35932,$25479,,,,,,,$50218,$11103,,,,,$55797,$11471
2019,6037541801,Census Tract 5418.01,Compton,Los Angeles County,California,Compton,62414.0,8818.0,62587.0,11855.0,61382.0,25614.0,,,,,,,74868.0,42452.0,,,,,64217.0,19582.0,$62414,$8818,$62587,$11855,$61382,$25614,,,,,,,$74868,$42452,,,,,$64217,$19582
2019,6037541802,Census Tract 5418.02,Compton,Los Angeles County,California,Compton,69605.0,12402.0,57768.0,8599.0,116917.0,72538.0,,,,,,,66864.0,23791.0,,,,,64949.0,7966.0,$69605,$12402,$57768,$8599,$116917,$72538,,,,,,,$66864,$23791,,,,,$64949,$7966
2019,6037542000,Census Tract 5420,Compton,Los Angeles County,California,Compton,68281.0,12006.0,73305.0,10892.0,54564.0,22188.0,,,,,,,71240.0,42256.0,,,,,70832.0,13082.0,$68281,$12006,$73305,$10892,$54564,$22188,,,,,,,$71240,$42256,,,,,$70832,$13082
2019,6037542103,Census Tract 5421.03,Compton,Los Angeles County,California,Compton,69029.0,14628.0,74035.0,25351.0,61536.0,43720.0,,,,,,,68318.0,17246.0,,,,,68979.0,14810.0,$69029,$14628,$74035,$25351,$61536,$43720,,,,,,,$68318,$17246,,,,,$68979,$14810
2019,6037542104,Census Tract 5421.04,Compton,Los Angeles County,California,Compton,81706.0,21248.0,,,91688.0,74592.0,,,,,,,81535.0,14513.0,,,39742.0,9396.0,82219.0,20308.0,$81706,$21248,,,$91688,$74592,,,,,,,$81535,$14513,,,$39742,$9396,$82219,$20308
2019,6037542105,Census Tract 5421.05,Compton,Los Angeles County,California,Compton,59228.0,11843.0,55624.0,12509.0,,,,,,,,,71381.0,20750.0,,,,,62289.0,13260.0,$59228,$11843,$55624,$12509,,,,,,,,,$71381,$20750,,,,,$62289,$13260
2019,6037542106,Census Tract 5421.06,Compton,Los Angeles County,California,Compton,63377.0,3687.0,78150.0,11026.0,63902.0,28896.0,,,62956.0,44788.0,,,59399.0,16953.0,11282.0,6642.0,,,63921.0,4632.0,$63377,$3687,$78150,$11026,$63902,$28896,,,$62956,$44788,,,$59399,$16953,$11282,$6642,,,$63921,$4632
2019,6037542200,Census Tract 5422,Compton,Los Angeles County,California,Compton,62989.0,5869.0,65637.0,26780.0,68778.0,22239.0,,,,,,,58258.0,7954.0,,,,,61912.0,9996.0,$62989,$5869,$65637,$26780,$68778,$22239,,,,,,,$58258,$7954,,,,,$61912,$9996
2019,6037542401,Census Tract 5424.01,Compton,Los Angeles County,California,Compton,60228.0,6177.0,57213.0,19546.0,68266.0,20933.0,,,,,,,58766.0,14500.0,26885.0,7877.0,,,56920.0,9451.0,$60228,$6177,$57213,$19546,$68266,$20933,,,,,,,$58766,$14500,$26885,$7877,,,$56920,$9451
2019,6037542402,Census Tract 5424.02,Compton,Los Angeles County,California,Compton,83938.0,10452.0,80612.0,24743.0,83147.0,35101.0,,,,,,,86386.0,20646.0,,,,,84919.0,12157.0,$83938,$10452,$80612,$24743,$83147,$35101,,,,,,,$86386,$20646,,,,,$84919,$12157
2019,6037542501,Census Tract 5425.01,Compton,Los Angeles County,California,Compton,72531.0,9106.0,,,71851.0,24593.0,,,,,,,,,,,,,48560.0,43935.0,$72531,$9106,,,$71851,$24593,,,,,,,,,,,,,$48560,$43935
2019,6037542502,Census Tract 5425.02,Compton,Los Angeles County,California,Compton,46830.0,9889.0,60851.0,17872.0,23475.0,19823.0,,,,,,,48408.0,18302.0,,,,,57176.0,15768.0,$46830,$9889,$60851,$17872,$23475,$19823,,,,,,,$48408,$18302,,,,,$57176,$15768
2019,6037542601,Census Tract 5426.01,Compton,Los Angeles County,California,Compton,46261.0,8897.0,51408.0,18363.0,25561.0,14686.0,,,,,,,58972.0,21278.0,,,,,51904.0,14127.0,$46261,$8897,$51408,$18363,$25561,$14686,,,,,,,$58972,$21278,,,,,$51904,$14127
2019,6037542602,Census Tract 5426.02,Compton,Los Angeles County,California,Compton,73905.0,17706.0,86882.0,11883.0,57989.0,9643.0,,,,,,,54459.0,35234.0,,,,,75834.0,13859.0,$73905,$17706,$86882,$11883,$57989,$9643,,,,,,,$54459,$35234,,,,,$75834,$13859
2019,6037542700,Census Tract 5427,Compton,Los Angeles County,California,Compton,75779.0,15301.0,85016.0,17223.0,70825.0,6533.0,,,,,,,89666.0,24611.0,,,,,88978.0,10393.0,$75779,$15301,$85016,$17223,$70825,$6533,,,,,,,$89666,$24611,,,,,$88978,$10393
2019,6037542800,Census Tract 5428,Compton,Los Angeles County,California,Compton,70483.0,6807.0,74553.0,10824.0,66664.0,12799.0,,,,,,,75381.0,30139.0,,,,,74902.0,7353.0,$70483,$6807,$74553,$10824,$66664,$12799,,,,,,,$75381,$30139,,,,,$74902,$7353
2019,6037542900,Census Tract 5429,Compton,Los Angeles County,California,Compton,65905.0,11972.0,59001.0,10093.0,95790.0,63543.0,,,,,,,72714.0,31248.0,,,,,60812.0,14260.0,$65905,$11972,$59001,$10093,$95790,$63543,,,,,,,$72714,$31248,,,,,$60812,$14260
2019,6037543000,Census Tract 5430,Compton,Los Angeles County,California,Compton,64407.0,35143.0,99164.0,50522.0,83622.0,38030.0,,,,,,,46513.0,25713.0,,,,,59147.0,20182.0,$64407,$35143,$99164,$50522,$83622,$38030,,,,,,,$46513,$25713,,,,,$59147,$20182
2019,6037543100,Census Tract 5431,Compton,Los Angeles County,California,Compton,70698.0,14257.0,67789.0,14414.0,67396.0,26222.0,,,,,,,77666.0,15522.0,,,,,70426.0,13689.0,$70698,$14257,$67789,$14414,$67396,$26222,,,,,,,$77666,$15522,,,,,$70426,$13689
2019,6037543201,Census Tract 5432.01,Compton,Los Angeles County,California,Compton,71141.0,5354.0,70182.0,6770.0,68991.0,32554.0,,,,,,,84611.0,38514.0,55228.0,21792.0,73329.0,52858.0,69280.0,6478.0,$71141,$5354,$70182,$6770,$68991,$32554,,,,,,,$84611,$38514,$55228,$21792,$73329,$52858,$69280,$6478
2019,6037543202,Census Tract 5432.02,Compton,Los Angeles County,California,Compton,56920.0,15406.0,58731.0,19672.0,39075.0,28797.0,,,,,,,62934.0,41327.0,,,,,64472.0,17531.0,$56920,$15406,$58731,$19672,$39075,$28797,,,,,,,$62934,$41327,,,,,$64472,$17531
2019,6037543305,Census Tract 5433.05,Compton,Los Angeles County,California,Compton,88303.0,11220.0,104996.0,29291.0,76048.0,18569.0,,,92611.0,45711.0,,,90765.0,19909.0,,,107110.0,26263.0,79557.0,19421.0,$88303,$11220,$104996,$29291,$76048,$18569,,,$92611,$45711,,,$90765,$19909,,,$107110,$26263,$79557,$19421
2019,6037543321,Census Tract 5433.21,Compton,Los Angeles County,California,Compton,110791.0,24618.0,81082.0,43520.0,113327.0,32743.0,,,94132.0,39621.0,,,176513.0,84261.0,161992.0,118340.0,,,96918.0,53205.0,$110791,$24618,$81082,$43520,$113327,$32743,,,$94132,$39621,,,$176513,$84261,$161992,$118340,,,$96918,$53205
2020,6037541100,Census Tract 5411,Compton,Los Angeles County,California,Compton,78295.0,28997.0,91281.0,53501.0,66800.0,30631.0,,,,,,,96085.0,21391.0,,,,,96365.0,15243.0,$78295,$28997,$91281,$53501,$66800,$30631,,,,,,,$96085,$21391,,,,,$96365,$15243
2020,6037541200,Census Tract 5412,Compton,Los Angeles County,California,Compton,109708.0,11634.0,111605.0,15482.0,107488.0,19981.0,,,,,,,112220.0,45476.0,,,,,112088.0,26335.0,$109708,$11634,$111605,$15482,$107488,$19981,,,,,,,$112220,$45476,,,,,$112088,$26335
2020,6037541300,Census Tract 5413,Compton,Los Angeles County,California,Compton,76758.0,15435.0,70704.0,55430.0,50100.0,33507.0,,,75302.0,67916.0,,,90727.0,8090.0,90699.0,53539.0,,,89925.0,10273.0,$76758,$15435,$70704,$55430,$50100,$33507,,,$75302,$67916,,,$90727,$8090,$90699,$53539,,,$89925,$10273
2020,6037541603,Census Tract 5416.03,Compton,Los Angeles County,California,Compton,51199.0,14762.0,38889.0,28555.0,39726.0,34537.0,,,,,,,65889.0,38011.0,,,,,49996.0,16733.0,$51199,$14762,$38889,$28555,$39726,$34537,,,,,,,$65889,$38011,,,,,$49996,$16733
2020,6037541604,Census Tract 5416.04,Compton,Los Angeles County,California,Compton,52494.0,11719.0,57553.0,25457.0,38107.0,22861.0,,,,,,,57781.0,19325.0,,,,,59388.0,12164.0,$52494,$11719,$57553,$25457,$38107,$22861,,,,,,,$57781,$19325,,,,,$59388,$12164
2020,6037541605,Census Tract 5416.05,Compton,Los Angeles County,California,Compton,61283.0,14502.0,68255.0,16430.0,44422.0,17002.0,,,,,,,,,60992.0,17570.0,,,61986.0,16337.0,$61283,$14502,$68255,$16430,$44422,$17002,,,,,,,,,$60992,$17570,,,$61986,$16337
2020,6037541606,Census Tract 5416.06,Compton,Los Angeles County,California,Compton,48745.0,11654.0,83302.0,34394.0,31550.0,11289.0,,,,,,,61297.0,26965.0,,,,,59361.0,17305.0,$48745,$11654,$83302,$34394,$31550,$11289,,,,,,,$61297,$26965,,,,,$59361,$17305
2020,6037541801,Census Tract 5418.01,Compton,Los Angeles County,California,Compton,64348.0,5260.0,62077.0,9421.0,67120.0,22639.0,,,,,,,74729.0,41289.0,,,,,66070.0,16568.0,$64348,$5260,$62077,$9421,$67120,$22639,,,,,,,$74729,$41289,,,,,$66070,$16568
2020,6037541802,Census Tract 5418.02,Compton,Los Angeles County,California,Compton,69679.0,33379.0,58795.0,8952.0,116625.0,1309.0,,,,,,,69376.0,58705.0,,,,,67763.0,3810.0,$69679,$33379,$58795,$8952,$116625,$1309,,,,,,,$69376,$58705,,,,,$67763,$3810
2020,6037542000,Census Tract 5420,Compton,Los Angeles County,California,Compton,77328.0,8543.0,76155.0,6023.0,77428.0,35426.0,,,,,,,71804.0,64813.0,,,,,76056.0,8903.0,$77328,$8543,$76155,$6023,$77428,$35426,,,,,,,$71804,$64813,,,,,$76056,$8903
2020,6037542103,Census Tract 5421.03,Compton,Los Angeles County,California,Compton,62526.0,13792.0,68774.0,22758.0,49233.0,36822.0,,,,,,,62798.0,17352.0,,,,,67037.0,15589.0,$62526,$13792,$68774,$22758,$49233,$36822,,,,,,,$62798,$17352,,,,,$67037,$15589
2020,6037542104,Census Tract 5421.04,Compton,Los Angeles County,California,Compton,86715.0,20715.0,98325.0,51730.0,57881.0,24575.0,,,,,,,77934.0,19735.0,89725.0,65815.0,37854.0,1091.0,88911.0,10666.0,$86715,$20715,$98325,$51730,$57881,$24575,,,,,,,$77934,$19735,$89725,$65815,$37854,$1091,$88911,$10666
2020,6037542105,Census Tract 5421.05,Compton,Los Angeles County,California,Compton,54532.0,16671.0,52815.0,12583.0,,,,,,,,,72114.0,17558.0,,,,,61896.0,11769.0,$54532,$16671,$52815,$12583,,,,,,,,,$72114,$17558,,,,,$61896,$11769
2020,6037542106,Census Tract 5421.06,Compton,Los Angeles County,California,Compton,60151.0,3740.0,73052.0,12947.0,59023.0,11631.0,,,65872.0,2870.0,,,58748.0,14706.0,30364.0,28265.0,,,61072.0,8606.0,$60151,$3740,$73052,$12947,$59023,$11631,,,$65872,$2870,,,$58748,$14706,$30364,$28265,,,$61072,$8606
2020,6037542200,Census Tract 5422,Compton,Los Angeles County,California,Compton,71086.0,12313.0,76356.0,41251.0,67835.0,18750.0,,,,,,,62694.0,16642.0,152879.0,42025.0,,,76445.0,24191.0,$71086,$12313,$76356,$41251,$67835,$18750,,,,,,,$62694,$16642,$152879,$42025,,,$76445,$24191
2020,6037542401,Census Tract 5424.01,Compton,Los Angeles County,California,Compton,66041.0,17347.0,63186.0,37394.0,90823.0,37351.0,,,,,,,58483.0,14797.0,40322.0,14735.0,,,54980.0,16032.0,$66041,$17347,$63186,$37394,$90823,$37351,,,,,,,$58483,$14797,$40322,$14735,,,$54980,$16032
2020,6037542402,Census Tract 5424.02,Compton,Los Angeles County,California,Compton,85018.0,11746.0,109364.0,48249.0,84041.0,31235.0,,,,,,,64032.0,48813.0,110235.0,57737.0,,,87740.0,27098.0,$85018,$11746,$109364,$48249,$84041,$31235,,,,,,,$64032,$48813,$110235,$57737,,,$87740,$27098
2020,6037542501,Census Tract 5425.01,Compton,Los Angeles County,California,Compton,81319.0,26939.0,80055.0,54273.0,99948.0,34064.0,,,,,,,,,,,,,32484.0,28832.0,$81319,$26939,$80055,$54273,$99948,$34064,,,,,,,,,,,,,$32484,$28832
2020,6037542502,Census Tract 5425.02,Compton,Los Angeles County,California,Compton,57084.0,18828.0,55262.0,21654.0,47497.0,42569.0,,,,,,,50369.0,27256.0,77469.0,1013.0,,,64120.0,18785.0,$57084,$18828,$55262,$21654,$47497,$42569,,,,,,,$50369,$27256,$77469,$1013,,,$64120,$18785
2020,6037542601,Census Tract 5426.01,Compton,Los Angeles County,California,Compton,55130.0,16471.0,49436.0,20397.0,20344.0,19483.0,,,,,,,86958.0,48037.0,,,,,67749.0,23631.0,$55130,$16471,$49436,$20397,$20344,$19483,,,,,,,$86958,$48037,,,,,$67749,$23631
2020,6037542602,Census Tract 5426.02,Compton,Los Angeles County,California,Compton,77428.0,14743.0,102174.0,23307.0,63625.0,9397.0,,,,,,,51505.0,21697.0,88628.0,17508.0,,,84563.0,14073.0,$77428,$14743,$102174,$23307,$63625,$9397,,,,,,,$51505,$21697,$88628,$17508,,,$84563,$14073
2020,6037542700,Census Tract 5427,Compton,Los Angeles County,California,Compton,77984.0,4743.0,80239.0,4098.0,70094.0,15314.0,,,,,,,78572.0,21426.0,,,,,80380.0,10513.0,$77984,$4743,$80239,$4098,$70094,$15314,,,,,,,$78572,$21426,,,,,$80380,$10513
2020,6037542800,Census Tract 5428,Compton,Los Angeles County,California,Compton,68276.0,9789.0,79705.0,19260.0,52852.0,35076.0,,,,,,,75826.0,29974.0,,,,,75428.0,17158.0,$68276,$9789,$79705,$19260,$52852,$35076,,,,,,,$75826,$29974,,,,,$75428,$17158
2020,6037542900,Census Tract 5429,Compton,Los Angeles County,California,Compton,82483.0,10739.0,68029.0,9269.0,97992.0,71441.0,,,,,,,84217.0,3828.0,,,,,82569.0,9657.0,$82483,$10739,$68029,$9269,$97992,$71441,,,,,,,$84217,$3828,,,,,$82569,$9657
2020,6037543000,Census Tract 5430,Compton,Los Angeles County,California,Compton,84368.0,23376.0,100459.0,35777.0,92436.0,29838.0,,,,,,,46685.0,8086.0,,,,,,,$84368,$23376,$100459,$35777,$92436,$29838,,,,,,,$46685,$8086,,,,,,
2020,6037543100,Census Tract 5431,Compton,Los Angeles County,California,Compton,82724.0,18636.0,85179.0,42295.0,64804.0,16976.0,,,,,,,88538.0,17049.0,128297.0,99960.0,,,86457.0,15484.0,$82724,$18636,$85179,$42295,$64804,$16976,,,,,,,$88538,$17049,$128297,$99960,,,$86457,$15484
2020,6037543201,Census Tract 5432.01,Compton,Los Angeles County,California,Compton,85687.0,14787.0,62679.0,13981.0,106165.0,18940.0,,,,,,,81657.0,33400.0,66421.0,14711.0,,,71265.0,15125.0,$85687,$14787,$62679,$13981,$106165,$18940,,,,,,,$81657,$33400,$66421,$14711,,,$71265,$15125
2020,6037543203,Census Tract 5432.03,Compton,Los Angeles County,California,Compton,50339.0,10773.0,65282.0,42649.0,38562.0,29963.0,,,,,,,61638.0,35664.0,51185.0,38736.0,,,61856.0,19908.0,$50339,$10773,$65282,$42649,$38562,$29963,,,,,,,$61638,$35664,$51185,$38736,,,$61856,$19908
2020,6037543305,Census Tract 5433.05,Compton,Los Angeles County,California,Compton,79813.0,16551.0,98897.0,5042.0,78048.0,12241.0,,,,,,,87929.0,51627.0,68039.0,5311.0,101018.0,32807.0,77344.0,23084.0,$79813,$16551,$98897,$5042,$78048,$12241,,,,,,,$87929,$51627,$68039,$5311,$101018,$32807,$77344,$23084
2021,6037541100,Census Tract 5411,Compton,Los Angeles County,California,Compton,73955.0,27145.0,90368.0,67293.0,57060.0,43280.0,,,,,,,94315.0,27756.0,,,,,93917.0,24579.0,$73955,$27145,$90368,$67293,$57060,$43280,,,,,,,$94315,$27756,,,,,$93917,$24579
2021,6037541200,Census Tract 5412,Compton,Los Angeles County,California,Compton,102270.0,22667.0,109801.0,23373.0,103394.0,26210.0,,,,,,,90079.0,43836.0,71252.0,47801.0,,,104101.0,25575.0,$102270,$22667,$109801,$23373,$103394,$26210,,,,,,,$90079,$43836,$71252,$47801,,,$104101,$25575
2021,6037541300,Census Tract 5413,Compton,Los Angeles County,California,Compton,90434.0,6508.0,72733.0,46332.0,68307.0,38393.0,,,77479.0,63230.0,,,94134.0,18324.0,130816.0,77459.0,79652.0,59045.0,98686.0,24459.0,$90434,$6508,$72733,$46332,$68307,$38393,,,$77479,$63230,,,$94134,$18324,$130816,$77459,$79652,$59045,$98686,$24459
2021,6037541603,Census Tract 5416.03,Compton,Los Angeles County,California,Compton,68307.0,20488.0,,,40067.0,28129.0,,,,,,,82187.0,11949.0,93361.0,67466.0,,,79089.0,20313.0,$68307,$20488,,,$40067,$28129,,,,,,,$82187,$11949,$93361,$67466,,,$79089,$20313
2021,6037541604,Census Tract 5416.04,Compton,Los Angeles County,California,Compton,50545.0,9734.0,56546.0,21457.0,,,,,,,,,58497.0,17696.0,44411.0,13885.0,,,54912.0,11512.0,$50545,$9734,$56546,$21457,,,,,,,,,$58497,$17696,$44411,$13885,,,$54912,$11512
2021,6037541605,Census Tract 5416.05,Compton,Los Angeles County,California,Compton,63872.0,10513.0,,,50687.0,13787.0,,,,,,,66618.0,57679.0,65528.0,30284.0,,,64673.0,18339.0,$63872,$10513,,,$50687,$13787,,,,,,,$66618,$57679,$65528,$30284,,,$64673,$18339
2021,6037541606,Census Tract 5416.06,Compton,Los Angeles County,California,Compton,42239.0,14299.0,82307.0,40292.0,32060.0,24485.0,,,,,,,49360.0,20539.0,32223.0,26250.0,,,51033.0,19720.0,$42239,$14299,$82307,$40292,$32060,$24485,,,,,,,$49360,$20539,$32223,$26250,,,$51033,$19720
2021,6037541801,Census Tract 5418.01,Compton,Los Angeles County,California,Compton,68141.0,10208.0,65828.0,13163.0,68790.0,16886.0,,,,,,,81643.0,29692.0,68204.0,17694.0,,,68831.0,16825.0,$68141,$10208,$65828,$13163,$68790,$16886,,,,,,,$81643,$29692,$68204,$17694,,,$68831,$16825
2021,6037541802,Census Tract 5418.02,Compton,Los Angeles County,California,Compton,73803.0,15901.0,59603.0,25311.0,116787.0,26140.0,,,,,,,,,73334.0,17297.0,,,72756.0,12185.0,$73803,$15901,$59603,$25311,$116787,$26140,,,,,,,,,$73334,$17297,,,$72756,$12185
2021,6037542000,Census Tract 5420,Compton,Los Angeles County,California,Compton,83310.0,15567.0,76851.0,9475.0,77036.0,30952.0,,,,,,,104271.0,42704.0,177165.0,154326.0,,,80997.0,19960.0,$83310,$15567,$76851,$9475,$77036,$30952,,,,,,,$104271,$42704,$177165,$154326,,,$80997,$19960
2021,6037542103,Census Tract 5421.03,Compton,Los Angeles County,California,Compton,62563.0,22516.0,76755.0,18013.0,,,,,,,,,65170.0,27601.0,41593.0,11143.0,,,68549.0,22474.0,$62563,$22516,$76755,$18013,,,,,,,,,$65170,$27601,$41593,$11143,,,$68549,$22474
2021,6037542104,Census Tract 5421.04,Compton,Los Angeles County,California,Compton,84498.0,21254.0,101954.0,63424.0,75548.0,36641.0,,,,,,,72543.0,22886.0,91292.0,40176.0,38970.0,6253.0,86057.0,20152.0,$84498,$21254,$101954,$63424,$75548,$36641,,,,,,,$72543,$22886,$91292,$40176,$38970,$6253,$86057,$20152
2021,6037542105,Census Tract 5421.05,Compton,Los Angeles County,California,Compton,65623.0,18509.0,61749.0,12843.0,,,,,,,,,76031.0,19794.0,,,,,69742.0,18449.0,$65623,$18509,$61749,$12843,,,,,,,,,$76031,$19794,,,,,$69742,$18449
2021,6037542106,Census Tract 5421.06,Compton,Los Angeles County,California,Compton,58261.0,11484.0,70528.0,17156.0,58468.0,14111.0,,,63962.0,12765.0,,,50910.0,18421.0,29833.0,18290.0,,,52024.0,19042.0,$58261,$11484,$70528,$17156,$58468,$14111,,,$63962,$12765,,,$50910,$18421,$29833,$18290,,,$52024,$19042
2021,6037542200,Census Tract 5422,Compton,Los Angeles County,California,Compton,76183.0,12807.0,78127.0,67647.0,61332.0,31059.0,,,,,,,93019.0,40083.0,,,,,88341.0,28919.0,$76183,$12807,$78127,$67647,$61332,$31059,,,,,,,$93019,$40083,,,,,$88341,$28919
2021,6037542401,Census Tract 5424.01,Compton,Los Angeles County,California,Compton,71965.0,20683.0,63661.0,41049.0,97258.0,21298.0,,,,,,,64511.0,25760.0,58865.0,11994.0,,,60012.0,5007.0,$71965,$20683,$63661,$41049,$97258,$21298,,,,,,,$64511,$25760,$58865,$11994,,,$60012,$5007
2021,6037542402,Census Tract 5424.02,Compton,Los Angeles County,California,Compton,86269.0,10636.0,110263.0,52271.0,85511.0,41636.0,,,,,,,64976.0,47295.0,111578.0,7955.0,,,89403.0,33442.0,$86269,$10636,$110263,$52271,$85511,$41636,,,,,,,$64976,$47295,$111578,$7955,,,$89403,$33442
2021,6037542501,Census Tract 5425.01,Compton,Los Angeles County,California,Compton,79605.0,42362.0,,,90102.0,44841.0,,,,,,,,,,,,,,,$79605,$42362,,,$90102,$44841,,,,,,,,,,,,,,
2021,6037542502,Census Tract 5425.02,Compton,Los Angeles County,California,Compton,48872.0,11905.0,49151.0,43202.0,47841.0,21525.0,,,,,,,39807.0,22129.0,75650.0,51865.0,,,49101.0,24516.0,$48872,$11905,$49151,$43202,$47841,$21525,,,,,,,$39807,$22129,$75650,$51865,,,$49101,$24516
2021,6037542601,Census Tract 5426.01,Compton,Los Angeles County,California,Compton,55946.0,12811.0,68549.0,33484.0,23358.0,8849.0,,,,,,,87295.0,54120.0,,,,,69997.0,21106.0,$55946,$12811,$68549,$33484,$23358,$8849,,,,,,,$87295,$54120,,,,,$69997,$21106
2021,6037542602,Census Tract 5426.02,Compton,Los Angeles County,California,Compton,77602.0,18684.0,124960.0,34455.0,61771.0,9693.0,,,,,,,83237.0,38893.0,76631.0,48571.0,,,88262.0,12166.0,$77602,$18684,$124960,$34455,$61771,$9693,,,,,,,$83237,$38893,$76631,$48571,,,$88262,$12166
2021,6037542700,Census Tract 5427,Compton,Los Angeles County,California,Compton,78677.0,10723.0,81643.0,19316.0,70093.0,16860.0,,,,,,,87138.0,21505.0,,,,,84479.0,13872.0,$78677,$10723,$81643,$19316,$70093,$16860,,,,,,,$87138,$21505,,,,,$84479,$13872
2021,6037542800,Census Tract 5428,Compton,Los Angeles County,California,Compton,70148.0,10398.0,77082.0,20592.0,54453.0,37629.0,,,,,,,95982.0,29764.0,72159.0,53944.0,,,87376.0,19887.0,$70148,$10398,$77082,$20592,$54453,$37629,,,,,,,$95982,$29764,$72159,$53944,,,$87376,$19887
2021,6037542900,Census Tract 5429,Compton,Los Angeles County,California,Compton,82889.0,4882.0,69133.0,12986.0,97754.0,34556.0,,,,,,,83346.0,3647.0,,,,,82271.0,6831.0,$82889,$4882,$69133,$12986,$97754,$34556,,,,,,,$83346,$3647,,,,,$82271,$6831
2021,6037543000,Census Tract 5430,Compton,Los Angeles County,California,Compton,84640.0,18580.0,,,105254.0,28101.0,,,,,,,46797.0,27407.0,,,,,40007.0,18908.0,$84640,$18580,,,$105254,$28101,,,,,,,$46797,$27407,,,,,$40007,$18908
2021,6037543100,Census Tract 5431,Compton,Los Angeles County,California,Compton,85573.0,14966.0,85377.0,23678.0,69264.0,33078.0,,,,,,,87646.0,17694.0,127819.0,107869.0,,,85887.0,14233.0,$85573,$14966,$85377,$23678,$69264,$33078,,,,,,,$87646,$17694,$127819,$107869,,,$85887,$14233
2021,6037543201,Census Tract 5432.01,Compton,Los Angeles County,California,Compton,80591.0,16890.0,69877.0,16522.0,102513.0,28887.0,,,,,,,82838.0,40799.0,79556.0,57761.0,,,79231.0,12296.0,$80591,$16890,$69877,$16522,$102513,$28887,,,,,,,$82838,$40799,$79556,$57761,,,$79231,$12296
2021,6037543203,Census Tract 5432.03,Compton,Los Angeles County,California,Compton,44874.0,5221.0,49739.0,17716.0,,,,,,,,,64135.0,53251.0,42667.0,9418.0,,,47501.0,8013.0,$44874,$5221,$49739,$17716,,,,,,,,,$64135,$53251,$42667,$9418,,,$47501,$8013
2021,6037543305,Census Tract 5433.05,Compton,Los Angeles County,California,Compton,92726.0,11872.0,96398.0,9843.0,76929.0,15879.0,,,72350.0,39361.0,,,89866.0,47333.0,150795.0,53374.0,90346.0,27122.0,95982.0,11499.0,$92726,$11872,$96398,$9843,$76929,$15879,,,$72350,$39361,,,$89866,$47333,$150795,$53374,$90346,$27122,$95982,$11499
2022,6037541100,Census Tract 5411,Compton,Los Angeles County,California,Compton,92279.0,26206.0,95489.0,34781.0,,,,,,,,,95025.0,44756.0,91190.0,68320.0,,,95278.0,5600.0,$92279,$26206,$95489,$34781,,,,,,,,,$95025,$44756,$91190,$68320,,,$95278,$5600
2022,6037541200,Census Tract 5412,Compton,Los Angeles County,California,Compton,104078.0,27273.0,121157.0,62543.0,106484.0,28442.0,,,,,,,82666.0,25269.0,97805.0,57335.0,,,99860.0,29207.0,$104078,$27273,$121157,$62543,$106484,$28442,,,,,,,$82666,$25269,$97805,$57335,,,$99860,$29207
2022,6037541300,Census Tract 5413,Compton,Los Angeles County,California,Compton,90608.0,11857.0,70914.0,37838.0,75311.0,38922.0,,,76751.0,58722.0,,,129185.0,36718.0,111203.0,96906.0,79048.0,71186.0,106514.0,35683.0,$90608,$11857,$70914,$37838,$75311,$38922,,,$76751,$58722,,,$129185,$36718,$111203,$96906,$79048,$71186,$106514,$35683
2022,6037541603,Census Tract 5416.03,Compton,Los Angeles County,California,Compton,62971.0,19845.0,,,42740.0,20160.0,,,,,,,80137.0,17053.0,55124.0,21255.0,,,70464.0,20859.0,$62971,$19845,,,$42740,$20160,,,,,,,$80137,$17053,$55124,$21255,,,$70464,$20859
2022,6037541604,Census Tract 5416.04,Compton,Los Angeles County,California,Compton,53096.0,9018.0,55521.0,21650.0,,,,,,,,,57769.0,20414.0,50394.0,37088.0,,,56902.0,13918.0,$53096,$9018,$55521,$21650,,,,,,,,,$57769,$20414,$50394,$37088,,,$56902,$13918
2022,6037541605,Census Tract 5416.05,Compton,Los Angeles County,California,Compton,64607.0,4709.0,73475.0,23004.0,49980.0,9952.0,,,,,,,73370.0,69374.0,65358.0,9778.0,,,65788.0,11850.0,$64607,$4709,$73475,$23004,$49980,$9952,,,,,,,$73370,$69374,$65358,$9778,,,$65788,$11850
2022,6037541606,Census Tract 5416.06,Compton,Los Angeles County,California,Compton,42159.0,13748.0,80835.0,52423.0,19990.0,15162.0,,,,,,,55334.0,19380.0,,,,,53227.0,17592.0,$42159,$13748,$80835,$52423,$19990,$15162,,,,,,,$55334,$19380,,,,,$53227,$17592
2022,6037541801,Census Tract 5418.01,Compton,Los Angeles County,California,Compton,68546.0,5655.0,67349.0,15560.0,72581.0,7753.0,,,,,,,72768.0,31976.0,57734.0,28702.0,,,68397.0,9044.0,$68546,$5655,$67349,$15560,$72581,$7753,,,,,,,$72768,$31976,$57734,$28702,,,$68397,$9044
2022,6037541802,Census Tract 5418.02,Compton,Los Angeles County,California,Compton,74029.0,21862.0,50147.0,48640.0,116123.0,19799.0,,,,,,,85432.0,34932.0,73014.0,23261.0,,,73019.0,8943.0,$74029,$21862,$50147,$48640,$116123,$19799,,,,,,,$85432,$34932,$73014,$23261,,,$73019,$8943
2022,6037542000,Census Tract 5420,Compton,Los Angeles County,California,Compton,90606.0,20541.0,74637.0,10358.0,88834.0,33642.0,,,,,,,90570.0,37614.0,111639.0,26983.0,,,92446.0,30141.0,$90606,$20541,$74637,$10358,$88834,$33642,,,,,,,$90570,$37614,$111639,$26983,,,$92446,$30141
2022,6037542103,Census Tract 5421.03,Compton,Los Angeles County,California,Compton,75596.0,14515.0,74837.0,16574.0,63540.0,17247.0,,,,,,,77586.0,26585.0,101722.0,58912.0,,,79048.0,10313.0,$75596,$14515,$74837,$16574,$63540,$17247,,,,,,,$77586,$26585,$101722,$58912,,,$79048,$10313
2022,6037542104,Census Tract 5421.04,Compton,Los Angeles County,California,Compton,74359.0,16817.0,102687.0,54724.0,40667.0,15118.0,,,,,,,83184.0,28780.0,73944.0,30364.0,,,77038.0,20598.0,$74359,$16817,$102687,$54724,$40667,$15118,,,,,,,$83184,$28780,$73944,$30364,,,$77038,$20598
2022,6037542105,Census Tract 5421.05,Compton,Los Angeles County,California,Compton,64910.0,9122.0,62396.0,8865.0,,,,,,,,,65193.0,23266.0,,,,,64997.0,5697.0,$64910,$9122,$62396,$8865,,,,,,,,,$65193,$23266,,,,,$64997,$5697
2022,6037542106,Census Tract 5421.06,Compton,Los Angeles County,California,Compton,56669.0,14887.0,50817.0,44005.0,57511.0,23368.0,,,58951.0,13655.0,,,,,39524.0,36923.0,,,50051.0,24782.0,$56669,$14887,$50817,$44005,$57511,$23368,,,$58951,$13655,,,,,$39524,$36923,,,$50051,$24782
2022,6037542200,Census Tract 5422,Compton,Los Angeles County,California,Compton,71702.0,16500.0,,,60595.0,42172.0,,,,,,,71822.0,40834.0,83515.0,18650.0,,,82504.0,19744.0,$71702,$16500,,,$60595,$42172,,,,,,,$71822,$40834,$83515,$18650,,,$82504,$19744
2022,6037542401,Census Tract 5424.01,Compton,Los Angeles County,California,Compton,75146.0,18056.0,58084.0,30168.0,94934.0,32276.0,,,,,,,90397.0,28532.0,59788.0,9078.0,,,61547.0,10558.0,$75146,$18056,$58084,$30168,$94934,$32276,,,,,,,$90397,$28532,$59788,$9078,,,$61547,$10558
2022,6037542402,Census Tract 5424.02,Compton,Los Angeles County,California,Compton,86582.0,10855.0,90659.0,43898.0,87645.0,68282.0,,,,,,,73724.0,19614.0,101060.0,41853.0,,,86938.0,17142.0,$86582,$10855,$90659,$43898,$87645,$68282,,,,,,,$73724,$19614,$101060,$41853,,,$86938,$17142
2022,6037542501,Census Tract 5425.01,Compton,Los Angeles County,California,Compton,85908.0,19064.0,78561.0,53299.0,116060.0,55252.0,,,,,,,,,,,,,,,$85908,$19064,$78561,$53299,$116060,$55252,,,,,,,,,,,,,,
2022,6037542502,Census Tract 5425.02,Compton,Los Angeles County,California,Compton,59174.0,23016.0,56674.0,29778.0,72349.0,43849.0,,,,,,,45948.0,33067.0,65817.0,37667.0,,,49834.0,22474.0,$59174,$23016,$56674,$29778,$72349,$43849,,,,,,,$45948,$33067,$65817,$37667,,,$49834,$22474
2022,6037542601,Census Tract 5426.01,Compton,Los Angeles County,California,Compton,62971.0,16442.0,70583.0,38258.0,33495.0,28276.0,,,,,,,87013.0,24469.0,,,,,70827.0,20760.0,$62971,$16442,$70583,$38258,$33495,$28276,,,,,,,$87013,$24469,,,,,$70827,$20760
2022,6037542602,Census Tract 5426.02,Compton,Los Angeles County,California,Compton,76391.0,14882.0,103588.0,28632.0,62329.0,10590.0,,,,,,,81259.0,50212.0,77673.0,31344.0,,,86787.0,12967.0,$76391,$14882,$103588,$28632,$62329,$10590,,,,,,,$81259,$50212,$77673,$31344,,,$86787,$12967
2022,6037542700,Census Tract 5427,Compton,Los Angeles County,California,Compton,76480.0,10651.0,83546.0,29442.0,66990.0,48608.0,,,,,,,95264.0,41784.0,,,,,79852.0,23466.0,$76480,$10651,$83546,$29442,$66990,$48608,,,,,,,$95264,$41784,,,,,$79852,$23466
2022,6037542800,Census Tract 5428,Compton,Los Angeles County,California,Compton,70240.0,5718.0,88923.0,25906.0,64630.0,44960.0,,,,,,,69491.0,36947.0,71584.0,55634.0,,,89129.0,19691.0,$70240,$5718,$88923,$25906,$64630,$44960,,,,,,,$69491,$36947,$71584,$55634,,,$89129,$19691
2022,6037542900,Census Tract 5429,Compton,Los Angeles County,California,Compton,84291.0,6628.0,69278.0,20704.0,98212.0,22060.0,67660.0,12371.0,,,,,84630.0,4120.0,,,,,83825.0,13824.0,$84291,$6628,$69278,$20704,$98212,$22060,$67660,$12371,,,,,$84630,$4120,,,,,$83825,$13824
2022,6037543000,Census Tract 5430,Compton,Los Angeles County,California,Compton,63612.0,36389.0,,,91776.0,26146.0,,,,,,,46893.0,42144.0,30923.0,29298.0,,,43124.0,11101.0,$63612,$36389,,,$91776,$26146,,,,,,,$46893,$42144,$30923,$29298,,,$43124,$11101
2022,6037543100,Census Tract 5431,Compton,Los Angeles County,California,Compton,79197.0,16687.0,64757.0,48365.0,69170.0,26415.0,,,,,,,85613.0,21071.0,109417.0,78450.0,,,79532.0,17626.0,$79197,$16687,$64757,$48365,$69170,$26415,,,,,,,$85613,$21071,$109417,$78450,,,$79532,$17626
2022,6037543201,Census Tract 5432.01,Compton,Los Angeles County,California,Compton,82188.0,14976.0,68163.0,35306.0,87919.0,30598.0,,,,,,,81230.0,10289.0,128956.0,81224.0,,,81652.0,21798.0,$82188,$14976,$68163,$35306,$87919,$30598,,,,,,,$81230,$10289,$128956,$81224,,,$81652,$21798
2022,6037543203,Census Tract 5432.03,Compton,Los Angeles County,California,Compton,50075.0,8505.0,45330.0,22698.0,,,,,,,,,66767.0,32669.0,48694.0,7143.0,,,51248.0,5968.0,$50075,$8505,$45330,$22698,,,,,,,,,$66767,$32669,$48694,$7143,,,$51248,$5968
2022,6037543305,Census Tract 5433.05,Compton,Los Angeles County,California,Compton,88245.0,19993.0,97790.0,3265.0,59926.0,57054.0,,,86113.0,31496.0,,,61006.0,59861.0,144364.0,90229.0,91959.0,24107.0,96974.0,13469.0,$88245,$19993,$97790,$3265,$59926,$57054,,,$86113,$31496,,,$61006,$59861,$144364,$90229,$91959,$24107,$96974,$13469
2023,6037541100,Census Tract 5411,Compton,Los Angeles County,California,Compton,93964.0,25129.0,97019.0,58045.0,89813.0,62117.0,,,,,,,94096.0,22859.0,,,,,95990.0,18367.0,$93964,$25129,$97019,$58045,$89813,$62117,,,,,,,$94096,$22859,,,,,$95990,$18367
2023,6037541200,Census Tract 5412,Compton,Los Angeles County,California,Compton,88716.0,27402.0,,,103084.0,38008.0,,,,,,,81200.0,27570.0,108330.0,65079.0,,,82148.0,33123.0,$88716,$27402,,,$103084,$38008,,,,,,,$81200,$27570,$108330,$65079,,,$82148,$33123
2023,6037541300,Census Tract 5413,Compton,Los Angeles County,California,Compton,96816.0,20274.0,37149.0,29497.0,91680.0,21631.0,,,,,,,134849.0,22282.0,87819.0,57462.0,,,112659.0,43648.0,$96816,$20274,$37149,$29497,$91680,$21631,,,,,,,$134849,$22282,$87819,$57462,,,$112659,$43648
2023,6037541603,Census Tract 5416.03,Compton,Los Angeles County,California,Compton,71333.0,11736.0,,,54933.0,18153.0,,,,,,,83423.0,7583.0,55027.0,7225.0,,,72003.0,18147.0,$71333,$11736,,,$54933,$18153,,,,,,,$83423,$7583,$55027,$7225,,,$72003,$18147
2023,6037541604,Census Tract 5416.04,Compton,Los Angeles County,California,Compton,54782.0,10161.0,55480.0,14692.0,70287.0,56525.0,,,,,,,50986.0,27966.0,46965.0,12188.0,,,55102.0,11285.0,$54782,$10161,$55480,$14692,$70287,$56525,,,,,,,$50986,$27966,$46965,$12188,,,$55102,$11285
2023,6037541605,Census Tract 5416.05,Compton,Los Angeles County,California,Compton,65035.0,6963.0,81727.0,16006.0,46751.0,6725.0,,,,,,,89873.0,74247.0,65595.0,16847.0,,,73121.0,23588.0,$65035,$6963,$81727,$16006,$46751,$6725,,,,,,,$89873,$74247,$65595,$16847,,,$73121,$23588
2023,6037541606,Census Tract 5416.06,Compton,Los Angeles County,California,Compton,43349.0,17692.0,80527.0,49569.0,32704.0,23929.0,,,,,,,53613.0,29850.0,,,,,49687.0,17063.0,$43349,$17692,$80527,$49569,$32704,$23929,,,,,,,$53613,$29850,,,,,$49687,$17063
2023,6037541801,Census Tract 5418.01,Compton,Los Angeles County,California,Compton,71872.0,12699.0,68231.0,17476.0,74487.0,16316.0,,,,,,,84519.0,35672.0,59061.0,37556.0,,,76362.0,14231.0,$71872,$12699,$68231,$17476,$74487,$16316,,,,,,,$84519,$35672,$59061,$37556,,,$76362,$14231
2023,6037541802,Census Tract 5418.02,Compton,Los Angeles County,California,Compton,74563.0,34587.0,47793.0,32561.0,116459.0,31141.0,,,,,,,99109.0,25161.0,73475.0,5248.0,,,73462.0,7484.0,$74563,$34587,$47793,$32561,$116459,$31141,,,,,,,$99109,$25161,$73475,$5248,,,$73462,$7484
2023,6037542000,Census Tract 5420,Compton,Los Angeles County,California,Compton,101297.0,19602.0,102938.0,52755.0,88045.0,45328.0,,,,,,,89402.0,14998.0,110801.0,16818.0,,,101780.0,19732.0,$101297,$19602,$102938,$52755,$88045,$45328,,,,,,,$89402,$14998,$110801,$16818,,,$101780,$19732
2023,6037542103,Census Tract 5421.03,Compton,Los Angeles County,California,Compton,74898.0,21225.0,58689.0,35386.0,62596.0,23259.0,,,,,,,76774.0,27483.0,98025.0,48297.0,,,77603.0,13254.0,$74898,$21225,$58689,$35386,$62596,$23259,,,,,,,$76774,$27483,$98025,$48297,,,$77603,$13254
2023,6037542104,Census Tract 5421.04,Compton,Los Angeles County,California,Compton,73377.0,13797.0,70770.0,51314.0,39486.0,28493.0,,,,,,,50182.0,39104.0,75596.0,26081.0,,,73716.0,16527.0,$73377,$13797,$70770,$51314,$39486,$28493,,,,,,,$50182,$39104,$75596,$26081,,,$73716,$16527
2023,6037542105,Census Tract 5421.05,Compton,Los Angeles County,California,Compton,65040.0,9030.0,62840.0,25160.0,53506.0,30923.0,,,,,,,71494.0,16287.0,72581.0,64481.0,,,66715.0,13198.0,$65040,$9030,$62840,$25160,$53506,$30923,,,,,,,$71494,$16287,$72581,$64481,,,$66715,$13198
2023,6037542106,Census Tract 5421.06,Compton,Los Angeles County,California,Compton,54257.0,17539.0,,,57705.0,14983.0,,,,,,,59766.0,36396.0,39531.0,14693.0,,,48703.0,28415.0,$54257,$17539,,,$57705,$14983,,,,,,,$59766,$36396,$39531,$14693,,,$48703,$28415
2023,6037542200,Census Tract 5422,Compton,Los Angeles County,California,Compton,74036.0,19027.0,,,64274.0,49800.0,,,,,,,69952.0,60181.0,82412.0,26241.0,,,82639.0,23200.0,$74036,$19027,,,$64274,$49800,,,,,,,$69952,$60181,$82412,$26241,,,$82639,$23200
2023,6037542401,Census Tract 5424.01,Compton,Los Angeles County,California,Compton,67277.0,14659.0,62177.0,28084.0,87682.0,30625.0,,,,,,,98949.0,48577.0,52547.0,9987.0,,,61039.0,7117.0,$67277,$14659,$62177,$28084,$87682,$30625,,,,,,,$98949,$48577,$52547,$9987,,,$61039,$7117
2023,6037542402,Census Tract 5424.02,Compton,Los Angeles County,California,Compton,90328.0,26218.0,108218.0,98632.0,105696.0,66063.0,,,,,,,73102.0,27881.0,108643.0,30174.0,,,98757.0,27708.0,$90328,$26218,$108218,$98632,$105696,$66063,,,,,,,$73102,$27881,$108643,$30174,,,$98757,$27708
2023,6037542501,Census Tract 5425.01,Compton,Los Angeles County,California,Compton,85753.0,11994.0,78655.0,37445.0,96036.0,61013.0,,,,,,,91304.0,24093.0,,,,,78028.0,73998.0,$85753,$11994,$78655,$37445,$96036,$61013,,,,,,,$91304,$24093,,,,,$78028,$73998
2023,6037542502,Census Tract 5425.02,Compton,Los Angeles County,California,Compton,63802.0,18582.0,77364.0,53759.0,82603.0,44332.0,,,,,,,40843.0,29223.0,66316.0,32176.0,,,57473.0,27676.0,$63802,$18582,$77364,$53759,$82603,$44332,,,,,,,$40843,$29223,$66316,$32176,,,$57473,$27676
2023,6037542601,Census Tract 5426.01,Compton,Los Angeles County,California,Compton,69084.0,14186.0,65945.0,22653.0,,,,,,,,,86811.0,27367.0,,,,,71998.0,21058.0,$69084,$14186,$65945,$22653,,,,,,,,,$86811,$27367,,,,,$71998,$21058
2023,6037542602,Census Tract 5426.02,Compton,Los Angeles County,California,Compton,64079.0,13818.0,120493.0,30045.0,50151.0,19722.0,,,,,,,53920.0,35680.0,89064.0,36849.0,,,87693.0,23096.0,$64079,$13818,$120493,$30045,$50151,$19722,,,,,,,$53920,$35680,$89064,$36849,,,$87693,$23096
2023,6037542700,Census Tract 5427,Compton,Los Angeles County,California,Compton,82210.0,12831.0,83744.0,28320.0,70449.0,11838.0,,,,,,,88957.0,35010.0,,,,,88021.0,13334.0,$82210,$12831,$83744,$28320,$70449,$11838,,,,,,,$88957,$35010,,,,,$88021,$13334
2023,6037542800,Census Tract 5428,Compton,Los Angeles County,California,Compton,71767.0,19271.0,,,69556.0,29043.0,,,,,,,104040.0,55804.0,84324.0,23310.0,,,96963.0,14005.0,$71767,$19271,,,$69556,$29043,,,,,,,$104040,$55804,$84324,$23310,,,$96963,$14005
2023,6037542900,Census Tract 5429,Compton,Los Angeles County,California,Compton,84298.0,13089.0,72914.0,12284.0,96689.0,63486.0,67737.0,16302.0,,,,,86245.0,8846.0,,,,,84124.0,14035.0,$84298,$13089,$72914,$12284,$96689,$63486,$67737,$16302,,,,,$86245,$8846,,,,,$84124,$14035
2023,6037543000,Census Tract 5430,Compton,Los Angeles County,California,Compton,90446.0,40932.0,,,110614.0,26729.0,,,,,,,135621.0,123670.0,,,,,50826.0,34686.0,$90446,$40932,,,$110614,$26729,,,,,,,$135621,$123670,,,,,$50826,$34686
2023,6037543100,Census Tract 5431,Compton,Los Angeles County,California,Compton,84409.0,18672.0,62980.0,46836.0,78210.0,40838.0,,,,,,,89972.0,77525.0,109269.0,80061.0,,,84569.0,18894.0,$84409,$18672,$62980,$46836,$78210,$40838,,,,,,,$89972,$77525,$109269,$80061,,,$84569,$18894
2023,6037543201,Census Tract 5432.01,Compton,Los Angeles County,California,Compton,97557.0,37862.0,68420.0,36877.0,118691.0,50995.0,,,,,,,97791.0,89092.0,129173.0,97676.0,,,96665.0,53218.0,$97557,$37862,$68420,$36877,$118691,$50995,,,,,,,$97791,$89092,$129173,$97676,,,$96665,$53218
2023,6037543203,Census Tract 5432.03,Compton,Los Angeles County,California,Compton,44810.0,3691.0,,,44593.0,16006.0,,,,,,,75037.0,35265.0,48662.0,12305.0,,,49129.0,13820.0,$44810,$3691,,,$44593,$16006,,,,,,,$75037,$35265,$48662,$12305,,,$49129,$13820
2023,6037543305,Census Tract 5433.05,Compton,Los Angeles County,California,Compton,96882.0,15310.0,97337.0,40964.0,59288.0,44344.0,,,86112.0,54629.0,,,,,128286.0,73895.0,112974.0,83955.0,116633.0,40853.0,$96882,$15310,$97337,$40964,$59288,$44344,,,$86112,$54629,,,,,$128286,$73895,$112974,$83955,$116633,$40853
2024,6037541100,Census Tract 5411,Compton,Los Angeles County,California,Compton,93782.0,24547.0,96473.0,16606.0,,,,,,,,,93301.0,39973.0,92143.0,39580.0,,,95223.0,11023.0,$93782,$24547,$96473,$16606,,,,,,,,,$93301,$39973,$92143,$39580,,,$95223,$11023
2024,6037541200,Census Tract 5412,Compton,Los Angeles County,California,Compton,82414.0,24640.0,,,103940.0,35985.0,,,,,,,61637.0,29287.0,68125.0,41838.0,,,62083.0,16165.0,$82414,$24640,,,$103940,$35985,,,,,,,$61637,$29287,$68125,$41838,,,$62083,$16165
2024,6037541300,Census Tract 5413,Compton,Los Angeles County,California,Compton,100882.0,15192.0,95521.0,41821.0,97197.0,20687.0,,,,,,,130667.0,48304.0,88804.0,32238.0,,,103938.0,34383.0,$100882,$15192,$95521,$41821,$97197,$20687,,,,,,,$130667,$48304,$88804,$32238,,,$103938,$34383
2024,6037541603,Census Tract 5416.03,Compton,Los Angeles County,California,Compton,69405.0,15356.0,,,41484.0,14348.0,,,,,,,80268.0,13649.0,57000.0,25907.0,,,71289.0,14222.0,$69405,$15356,,,$41484,$14348,,,,,,,$80268,$13649,$57000,$25907,,,$71289,$14222
2024,6037541604,Census Tract 5416.04,Compton,Los Angeles County,California,Compton,60804.0,21721.0,79833.0,2649.0,72132.0,31500.0,,,,,,,48542.0,25681.0,56000.0,27287.0,,,65000.0,25096.0,$60804,$21721,$79833,$2649,$72132,$31500,,,,,,,$48542,$25681,$56000,$27287,,,$65000,$25096
2024,6037541605,Census Tract 5416.05,Compton,Los Angeles County,California,Compton,68805.0,15298.0,103317.0,30832.0,44931.0,10264.0,101406.0,88235.0,,,,,98333.0,33425.0,64688.0,26545.0,,,89405.0,26095.0,$68805,$15298,$103317,$30832,$44931,$10264,$101406,$88235,,,,,$98333,$33425,$64688,$26545,,,$89405,$26095
2024,6037541606,Census Tract 5416.06,Compton,Los Angeles County,California,Compton,51667.0,25805.0,81902.0,54071.0,34618.0,19844.0,33553.0,23290.0,,,,,54150.0,15322.0,,,,,51736.0,27401.0,$51667,$25805,$81902,$54071,$34618,$19844,$33553,$23290,,,,,$54150,$15322,,,,,$51736,$27401
2024,6037541801,Census Tract 5418.01,Compton,Los Angeles County,California,Compton,67188.0,15869.0,,,73750.0,33850.0,,,,,,,79042.0,29311.0,60729.0,18940.0,,,72750.0,19516.0,$67188,$15869,,,$73750,$33850,,,,,,,$79042,$29311,$60729,$18940,,,$72750,$19516
2024,6037541802,Census Tract 5418.02,Compton,Los Angeles County,California,Compton,84010.0,31174.0,,,106250.0,72758.0,,,,,,,127778.0,75367.0,73750.0,9928.0,,,83333.0,25361.0,$84010,$31174,,,$106250,$72758,,,,,,,$127778,$75367,$73750,$9928,,,$83333,$25361
2024,6037542000,Census Tract 5420,Compton,Los Angeles County,California,Compton,100256.0,19726.0,111183.0,25613.0,89049.0,38103.0,,,178693.0,70522.0,,,86034.0,3713.0,103490.0,24910.0,,,94659.0,18513.0,$100256,$19726,$111183,$25613,$89049,$38103,,,$178693,$70522,,,$86034,$3713,$103490,$24910,,,$94659,$18513
2024,6037542103,Census Tract 5421.03,Compton,Los Angeles County,California,Compton,69950.0,27402.0,55750.0,33089.0,60250.0,46661.0,,,,,,,77083.0,22701.0,92386.0,41399.0,,,89250.0,27121.0,$69950,$27402,$55750,$33089,$60250,$46661,,,,,,,$77083,$22701,$92386,$41399,,,$89250,$27121
2024,6037542104,Census Tract 5421.04,Compton,Los Angeles County,California,Compton,74099.0,14925.0,,,41310.0,35543.0,,,,,,,,,74913.0,17176.0,,,74826.0,15169.0,$74099,$14925,,,$41310,$35543,,,,,,,,,$74913,$17176,,,$74826,$15169
2024,6037542105,Census Tract 5421.05,Compton,Los Angeles County,California,Compton,64202.0,17508.0,63958.0,62720.0,53036.0,24197.0,,,,,,,49375.0,44242.0,82750.0,44937.0,,,73226.0,27574.0,$64202,$17508,$63958,$62720,$53036,$24197,,,,,,,$49375,$44242,$82750,$44937,,,$73226,$27574
2024,6037542106,Census Tract 5421.06,Compton,Los Angeles County,California,Compton,55625.0,9976.0,,,58413.0,7859.0,,,14250.0,4571.0,,,56438.0,15640.0,49500.0,22231.0,,,56250.0,13400.0,$55625,$9976,,,$58413,$7859,,,$14250,$4571,,,$56438,$15640,$49500,$22231,,,$56250,$13400
2024,6037542200,Census Tract 5422,Compton,Los Angeles County,California,Compton,78203.0,13276.0,,,,,,,,,,,62708.0,54648.0,83395.0,10636.0,,,83141.0,14026.0,$78203,$13276,,,,,,,,,,,$62708,$54648,$83395,$10636,,,$83141,$14026
2024,6037542401,Census Tract 5424.01,Compton,Los Angeles County,California,Compton,59960.0,16769.0,59310.0,49252.0,,,,,,,,,91786.0,49628.0,53403.0,8753.0,,,63603.0,21988.0,$59960,$16769,$59310,$49252,,,,,,,,,$91786,$49628,$53403,$8753,,,$63603,$21988
2024,6037542402,Census Tract 5424.02,Compton,Los Angeles County,California,Compton,88705.0,12880.0,88594.0,71967.0,88125.0,23735.0,,,,,,,87941.0,22470.0,108897.0,31185.0,,,98833.0,29867.0,$88705,$12880,$88594,$71967,$88125,$23735,,,,,,,$87941,$22470,$108897,$31185,,,$98833,$29867
2024,6037542501,Census Tract 5425.01,Compton,Los Angeles County,California,Compton,90281.0,22139.0,,,118462.0,52857.0,,,,,,,,,,,,,,,$90281,$22139,,,$118462,$52857,,,,,,,,,,,,,,
2024,6037542502,Census Tract 5425.02,Compton,Los Angeles County,California,Compton,65917.0,18702.0,93565.0,74576.0,64145.0,30152.0,,,,,,,63523.0,51538.0,67125.0,20180.0,,,66417.0,21742.0,$65917,$18702,$93565,$74576,$64145,$30152,,,,,,,$63523,$51538,$67125,$20180,,,$66417,$21742
2024,6037542601,Census Tract 5426.01,Compton,Los Angeles County,California,Compton,73281.0,15768.0,,,23462.0,20513.0,,,,,,,89375.0,24817.0,91979.0,39473.0,,,79563.0,17982.0,$73281,$15768,,,$23462,$20513,,,,,,,$89375,$24817,$91979,$39473,,,$79563,$17982
2024,6037542602,Census Tract 5426.02,Compton,Los Angeles County,California,Compton,59469.0,9470.0,,,41442.0,21671.0,,,,,,,64022.0,51811.0,89750.0,38942.0,,,76838.0,32893.0,$59469,$9470,,,$41442,$21671,,,,,,,$64022,$51811,$89750,$38942,,,$76838,$32893
2024,6037542700,Census Tract 5427,Compton,Los Angeles County,California,Compton,80523.0,13178.0,82136.0,82051.0,85524.0,83821.0,,,,,,,75729.0,27145.0,89231.0,76821.0,,,80432.0,13769.0,$80523,$13178,$82136,$82051,$85524,$83821,,,,,,,$75729,$27145,$89231,$76821,,,$80432,$13769
2024,6037542800,Census Tract 5428,Compton,Los Angeles County,California,Compton,71528.0,12389.0,,,70208.0,25569.0,,,,,,,76250.0,62645.0,72303.0,31657.0,,,89063.0,23897.0,$71528,$12389,,,$70208,$25569,,,,,,,$76250,$62645,$72303,$31657,,,$89063,$23897
2024,6037542900,Census Tract 5429,Compton,Los Angeles County,California,Compton,97936.0,23580.0,,,69917.0,58066.0,,,,,,,99680.0,15332.0,,,,,98924.0,19318.0,$97936,$23580,,,$69917,$58066,,,,,,,$99680,$15332,,,,,$98924,$19318
2024,6037543000,Census Tract 5430,Compton,Los Angeles County,California,Compton,84786.0,25030.0,,,120409.0,43851.0,,,,,,,136339.0,120413.0,37465.0,29224.0,,,57431.0,54083.0,$84786,$25030,,,$120409,$43851,,,,,,,$136339,$120413,$37465,$29224,,,$57431,$54083
2024,6037543100,Census Tract 5431,Compton,Los Angeles County,California,Compton,107552.0,26819.0,,,94893.0,29519.0,,,,,,,119844.0,59984.0,109688.0,64136.0,,,108255.0,39644.0,$107552,$26819,,,$94893,$29519,,,,,,,$119844,$59984,$109688,$64136,,,$108255,$39644
2024,6037543201,Census Tract 5432.01,Compton,Los Angeles County,California,Compton,103850.0,38450.0,69079.0,33957.0,104700.0,45071.0,,,,,,,114286.0,91558.0,130912.0,68070.0,,,112857.0,62048.0,$103850,$38450,$69079,$33957,$104700,$45071,,,,,,,$114286,$91558,$130912,$68070,,,$112857,$62048
2024,6037543203,Census Tract 5432.03,Compton,Los Angeles County,California,Compton,46144.0,7983.0,2499.0,,44688.0,28220.0,,,,,,,65000.0,37907.0,49813.0,7711.0,,,50238.0,14058.0,$46144,$7983,$2499,,$44688,$28220,,,,,,,$65000,$37907,$49813,$7711,,,$50238,$14058
2024,6037543305,Census Tract 5433.05,Compton,Los Angeles County,California,Compton,97195.0,23989.0,96744.0,20749.0,74180.0,45032.0,,,,,,,,,125893.0,84312.0,113250.0,99925.0,118136.0,39427.0,$97195,$23989,$96744,$20749,$74180,$45032,,,,,,,,,$125893,$84312,$113250,$99925,$118136,$39427
