YEAR,GEO_ID,TRACT,CITY,COUNTY,STATE,ABBREV_NAME,B19013_001E,B19013_001M,B19013A_001E,B19013A_001M,B19013B_001E,B19013B_001M,B19013C_001E,B19013C_001M,B19013D_001E,B19013D_001M,B19013E_001E,B19013E_001M,B19013F_001E,B19013F_001M,B19013G_001E,B19013G_001M,B19013H_001E,B19013H_001M,B19013I_001E,B19013I_001M,B19013_001E_string,B19013_001M_string,B19013A_001E_string,B19013A_001M_string,B19013B_001E_string,B19013B_001M_string,B19013C_001E_string,B19013C_001M_string,B19013D_001E_string,B19013D_001M_string,B19013E_001E_string,B19013E_001M_string,B19013F_001E_string,B19013F_001M_string,B19013G_001E_string,B19013G_001M_string,B19013H_001E_string,B19013H_001M_string,B19013I_001E_string,B19013I_001M_string
2010,6037502801,Census Tract 5028.01,Downey,Los Angeles County,California,Downey,105454.0,14053.0,97237.0,8974.0,,,150045.0,59195.0,116301.0,84385.0,,,163773.0,55703.0,65408.0,35586.0,99037.0,36772.0,105285.0,14413.0,$105454,$14053,$97237,$8974,,,$150045,$59195,$116301,$84385,,,$163773,$55703,$65408,$35586,$99037,$36772,$105285,$14413
2010,6037534203,Census Tract 5342.03,Downey,Los Angeles County,California,Downey,54686.0,7986.0,53862.0,17923.0,,,,,,,,,55646.0,14229.0,,,88581.0,92946.0,54159.0,8893.0,$54686,$7986,$53862,$17923,,,,,,,,,$55646,$14229,,,$88581,$92946,$54159,$8893
2010,6037550300,Census Tract 5503,Downey,Los Angeles County,California,Downey,103565.0,5092.0,103590.0,8215.0,170589.0,87039.0,61205.0,110846.0,106552.0,30494.0,,,96866.0,23646.0,,,105574.0,34566.0,102106.0,5350.0,$103565,$5092,$103590,$8215,$170589,$87039,$61205,$110846,$106552,$30494,,,$96866,$23646,,,$105574,$34566,$102106,$5350
2010,6037550400,Census Tract 5504,Downey,Los Angeles County,California,Downey,142435.0,16992.0,142761.0,43361.0,297229.0,212983.0,,,139764.0,44667.0,,,107317.0,71578.0,,,181019.0,79789.0,99428.0,40124.0,$142435,$16992,$142761,$43361,$297229,$212983,,,$139764,$44667,,,$107317,$71578,,,$181019,$79789,$99428,$40124
2010,6037550500,Census Tract 5505,Downey,Los Angeles County,California,Downey,90711.0,15447.0,86488.0,13415.0,69194.0,66509.0,,,108338.0,19168.0,,,113823.0,47932.0,,,92535.0,27471.0,85998.0,20400.0,$90711,$15447,$86488,$13415,$69194,$66509,,,$108338,$19168,,,$113823,$47932,,,$92535,$27471,$85998,$20400
2010,6037550601,Census Tract 5506.01,Downey,Los Angeles County,California,Downey,83946.0,19930.0,72673.0,34592.0,65984.0,85574.0,,,121617.0,106368.0,,,85376.0,56651.0,,,89485.0,29293.0,60560.0,34319.0,$83946,$19930,$72673,$34592,$65984,$85574,,,$121617,$106368,,,$85376,$56651,,,$89485,$29293,$60560,$34319
2010,6037550602,Census Tract 5506.02,Downey,Los Angeles County,California,Downey,149684.0,18992.0,125740.0,54670.0,,,,,145383.0,59615.0,,,170654.0,35904.0,,,86540.0,70735.0,165759.0,24651.0,$149684,$18992,$125740,$54670,,,,,$145383,$59615,,,$170654,$35904,,,$86540,$70735,$165759,$24651
2010,6037550700,Census Tract 5507,Downey,Los Angeles County,California,Downey,113852.0,13240.0,114940.0,21491.0,,,,,84436.0,42108.0,,,145075.0,165501.0,149620.0,60329.0,138909.0,57902.0,114390.0,24231.0,$113852,$13240,$114940,$21491,,,,,$84436,$42108,,,$145075,$165501,$149620,$60329,$138909,$57902,$114390,$24231
2010,6037550800,Census Tract 5508,Downey,Los Angeles County,California,Downey,94969.0,16517.0,93876.0,15508.0,68695.0,220661.0,,,208497.0,247558.0,,,101959.0,34394.0,50298.0,37976.0,105596.0,26551.0,86031.0,18147.0,$94969,$16517,$93876,$15508,$68695,$220661,,,$208497,$247558,,,$101959,$34394,$50298,$37976,$105596,$26551,$86031,$18147
2010,6037550901,Census Tract 5509.01,Downey,Los Angeles County,California,Downey,74916.0,10790.0,78786.0,9211.0,52425.0,67429.0,,,116285.0,129159.0,,,65080.0,36750.0,64752.0,62795.0,89731.0,26376.0,69177.0,17959.0,$74916,$10790,$78786,$9211,$52425,$67429,,,$116285,$129159,,,$65080,$36750,$64752,$62795,$89731,$26376,$69177,$17959
2010,6037550902,Census Tract 5509.02,Downey,Los Angeles County,California,Downey,73413.0,15652.0,70894.0,13435.0,84086.0,77357.0,27795.0,75714.0,91436.0,53191.0,,,81159.0,23763.0,61088.0,70957.0,80988.0,23756.0,70661.0,14741.0,$73413,$15652,$70894,$13435,$84086,$77357,$27795,$75714,$91436,$53191,,,$81159,$23763,$61088,$70957,$80988,$23756,$70661,$14741
2010,6037551000,Census Tract 5510,Downey,Los Angeles County,California,Downey,121763.0,14430.0,129859.0,16069.0,,,,,121190.0,50456.0,,,94547.0,39395.0,168774.0,95396.0,124204.0,28116.0,121688.0,38948.0,$121763,$14430,$129859,$16069,,,,,$121190,$50456,,,$94547,$39395,$168774,$95396,$124204,$28116,$121688,$38948
2010,6037551101,Census Tract 5511.01,Downey,Los Angeles County,California,Downey,66852.0,8797.0,73333.0,46276.0,97720.0,91022.0,,,124048.0,79182.0,3614.0,,67262.0,22059.0,27117.0,385131.0,72639.0,55999.0,68072.0,16656.0,$66852,$8797,$73333,$46276,$97720,$91022,,,$124048,$79182,$3614,,$67262,$22059,$27117,$385131,$72639,$55999,$68072,$16656
2010,6037551102,Census Tract 5511.02,Downey,Los Angeles County,California,Downey,58466.0,9746.0,51925.0,15232.0,109732.0,71754.0,,,80692.0,158374.0,,,59988.0,13934.0,,,43551.0,13846.0,58731.0,8929.0,$58466,$9746,$51925,$15232,$109732,$71754,,,$80692,$158374,,,$59988,$13934,,,$43551,$13846,$58731,$8929
2010,6037551201,Census Tract 5512.01,Downey,Los Angeles County,California,Downey,90389.0,24819.0,94155.0,20891.0,56644.0,23286.0,101160.0,119705.0,150768.0,126374.0,,,68406.0,28560.0,28924.0,11872.0,93832.0,30938.0,74019.0,25001.0,$90389,$24819,$94155,$20891,$56644,$23286,$101160,$119705,$150768,$126374,,,$68406,$28560,$28924,$11872,$93832,$30938,$74019,$25001
2010,6037551202,Census Tract 5512.02,Downey,Los Angeles County,California,Downey,90645.0,11372.0,79111.0,18169.0,131642.0,53551.0,,,160150.0,14578.0,,,91954.0,34569.0,,,77415.0,28554.0,87340.0,22643.0,$90645,$11372,$79111,$18169,$131642,$53551,,,$160150,$14578,,,$91954,$34569,,,$77415,$28554,$87340,$22643
2010,6037551300,Census Tract 5513,Downey,Los Angeles County,California,Downey,65713.0,7367.0,68017.0,10844.0,23727.0,52444.0,,,55876.0,41738.0,,,61414.0,24998.0,64111.0,28015.0,72191.0,10340.0,65514.0,13794.0,$65713,$7367,$68017,$10844,$23727,$52444,,,$55876,$41738,,,$61414,$24998,$64111,$28015,$72191,$10340,$65514,$13794
2010,6037551401,Census Tract 5514.01,Downey,Los Angeles County,California,Downey,68315.0,27096.0,58929.0,12469.0,82215.0,98580.0,,,111751.0,104806.0,,,83645.0,81114.0,,,79196.0,33633.0,53201.0,7844.0,$68315,$27096,$58929,$12469,$82215,$98580,,,$111751,$104806,,,$83645,$81114,,,$79196,$33633,$53201,$7844
2010,6037551402,Census Tract 5514.02,Downey,Los Angeles County,California,Downey,103263.0,12487.0,101235.0,21011.0,,,,,136668.0,25076.0,,,86856.0,64001.0,,,93918.0,26992.0,101986.0,23330.0,$103263,$12487,$101235,$21011,,,,,$136668,$25076,,,$86856,$64001,,,$93918,$26992,$101986,$23330
2010,6037551501,Census Tract 5515.01,Downey,Los Angeles County,California,Downey,78118.0,15023.0,78457.0,25993.0,47692.0,3543.0,,,125769.0,114892.0,,,78929.0,25887.0,108692.0,189121.0,77011.0,30959.0,78735.0,19466.0,$78118,$15023,$78457,$25993,$47692,$3543,,,$125769,$114892,,,$78929,$25887,$108692,$189121,$77011,$30959,$78735,$19466
2010,6037551502,Census Tract 5515.02,Downey,Los Angeles County,California,Downey,84062.0,26046.0,73532.0,24054.0,,,,,93579.0,88630.0,,,103020.0,28797.0,,,73757.0,28679.0,84643.0,32423.0,$84062,$26046,$73532,$24054,,,,,$93579,$88630,,,$103020,$28797,,,$73757,$28679,$84643,$32423
2010,6037551600,Census Tract 5516,Downey,Los Angeles County,California,Downey,,,,,,,,,,,,,,,,,,,,,,,,,,,,,,,,,,,,,,,,
2010,6037551700,Census Tract 5517,Downey,Los Angeles County,California,Downey,74764.0,9565.0,72699.0,11422.0,125821.0,45763.0,,,113468.0,77311.0,,,64123.0,19287.0,117280.0,145928.0,77830.0,20607.0,71351.0,8191.0,$74764,$9565,$72699,$11422,$125821,$45763,,,$113468,$77311,,,$64123,$19287,$117280,$145928,$77830,$20607,$71351,$8191
2010,6037551800,Census Tract 5518,Downey,Los Angeles County,California,Downey,95532.0,8549.0,102682.0,35930.0,33315.0,28933.0,,,77406.0,15028.0,,,96916.0,13761.0,186450.0,63453.0,85382.0,39337.0,102846.0,24762.0,$95532,$8549,$102682,$35930,$33315,$28933,,,$77406,$15028,,,$96916,$13761,$186450,$63453,$85382,$39337,$102846,$24762
2010,6037553400,Census Tract 5534,Downey,Los Angeles County,California,Downey,75063.0,12079.0,69374.0,26301.0,92197.0,232097.0,,,197047.0,371969.0,,,74420.0,17645.0,121121.0,77506.0,79361.0,18201.0,71536.0,16219.0,$75063,$12079,$69374,$26301,$92197,$232097,,,$197047,$371969,,,$74420,$17645,$121121,$77506,$79361,$18201,$71536,$16219
2011,6037502801,Census Tract 5028.01,Downey,Los Angeles County,California,Downey,101515.0,11984.0,99574.0,7813.0,,,148097.0,36376.0,115976.0,57970.0,,,145315.0,66958.0,48201.0,26395.0,80048.0,30661.0,106797.0,8666.0,$101515,$11984,$99574,$7813,,,$148097,$36376,$115976,$57970,,,$145315,$66958,$48201,$26395,$80048,$30661,$106797,$8666
2011,6037534203,Census Tract 5342.03,Downey,Los Angeles County,California,Downey,52285.0,5989.0,51046.0,3081.0,,,,,,,,,55977.0,20850.0,,,57813.0,9184.0,51621.0,6406.0,$52285,$5989,$51046,$3081,,,,,,,,,$55977,$20850,,,$57813,$9184,$51621,$6406
2011,6037550300,Census Tract 5503,Downey,Los Angeles County,California,Downey,83361.0,22318.0,98231.0,34669.0,,,,,78557.0,41478.0,,,68470.0,45460.0,,,84530.0,40755.0,84208.0,30323.0,$83361,$22318,$98231,$34669,,,,,$78557,$41478,,,$68470,$45460,,,$84530,$40755,$84208,$30323
2011,6037550400,Census Tract 5504,Downey,Los Angeles County,California,Downey,136823.0,46950.0,113698.0,48065.0,298990.0,80187.0,,,83924.0,112337.0,,,148036.0,75426.0,,,153667.0,63855.0,103044.0,35936.0,$136823,$46950,$113698,$48065,$298990,$80187,,,$83924,$112337,,,$148036,$75426,,,$153667,$63855,$103044,$35936
2011,6037550500,Census Tract 5505,Downey,Los Angeles County,California,Downey,85892.0,15659.0,84251.0,15101.0,72108.0,45493.0,,,105406.0,33943.0,,,109462.0,94454.0,,,82514.0,39757.0,84861.0,24430.0,$85892,$15659,$84251,$15101,$72108,$45493,,,$105406,$33943,,,$109462,$94454,,,$82514,$39757,$84861,$24430
2011,6037550601,Census Tract 5506.01,Downey,Los Angeles County,California,Downey,86719.0,17474.0,75273.0,16615.0,65545.0,109347.0,,,119830.0,147454.0,,,113009.0,37617.0,,,86660.0,51530.0,87055.0,34264.0,$86719,$17474,$75273,$16615,$65545,$109347,,,$119830,$147454,,,$113009,$37617,,,$86660,$51530,$87055,$34264
2011,6037550602,Census Tract 5506.02,Downey,Los Angeles County,California,Downey,125845.0,41541.0,85791.0,51844.0,,,,,130633.0,77539.0,,,170810.0,33086.0,,,105698.0,75238.0,138181.0,50905.0,$125845,$41541,$85791,$51844,,,,,$130633,$77539,,,$170810,$33086,,,$105698,$75238,$138181,$50905
2011,6037550700,Census Tract 5507,Downey,Los Angeles County,California,Downey,113554.0,6980.0,114937.0,15494.0,154401.0,72111.0,,,85727.0,13106.0,,,106706.0,59293.0,149203.0,144816.0,113241.0,30824.0,114458.0,13164.0,$113554,$6980,$114937,$15494,$154401,$72111,,,$85727,$13106,,,$106706,$59293,$149203,$144816,$113241,$30824,$114458,$13164
2011,6037550800,Census Tract 5508,Downey,Los Angeles County,California,Downey,94419.0,14089.0,94552.0,19265.0,,,,,92713.0,109988.0,,,103783.0,33826.0,58438.0,23104.0,78335.0,35453.0,102628.0,15497.0,$94419,$14089,$94552,$19265,,,,,$92713,$109988,,,$103783,$33826,$58438,$23104,$78335,$35453,$102628,$15497
2011,6037550901,Census Tract 5509.01,Downey,Los Angeles County,California,Downey,75099.0,8619.0,69955.0,17738.0,74237.0,45520.0,,,116026.0,179514.0,,,74424.0,31271.0,105910.0,26421.0,80032.0,12391.0,73609.0,12133.0,$75099,$8619,$69955,$17738,$74237,$45520,,,$116026,$179514,,,$74424,$31271,$105910,$26421,$80032,$12391,$73609,$12133
2011,6037550902,Census Tract 5509.02,Downey,Los Angeles County,California,Downey,66836.0,10465.0,64079.0,10733.0,83333.0,120183.0,,,93312.0,41464.0,,,71442.0,23498.0,,,75714.0,20209.0,62862.0,9841.0,$66836,$10465,$64079,$10733,$83333,$120183,,,$93312,$41464,,,$71442,$23498,,,$75714,$20209,$62862,$9841
2011,6037551000,Census Tract 5510,Downey,Los Angeles County,California,Downey,123412.0,27715.0,130767.0,22895.0,,,,,121648.0,44682.0,,,95665.0,58883.0,170743.0,114633.0,123258.0,31552.0,140470.0,78621.0,$123412,$27715,$130767,$22895,,,,,$121648,$44682,,,$95665,$58883,$170743,$114633,$123258,$31552,$140470,$78621
2011,6037551101,Census Tract 5511.01,Downey,Los Angeles County,California,Downey,68656.0,7078.0,58251.0,39648.0,99902.0,1275.0,,,124566.0,112625.0,3502.0,,68233.0,6905.0,305100.0,531176.0,109456.0,31900.0,64960.0,12542.0,$68656,$7078,$58251,$39648,$99902,$1275,,,$124566,$112625,$3502,,$68233,$6905,$305100,$531176,$109456,$31900,$64960,$12542
2011,6037551102,Census Tract 5511.02,Downey,Los Angeles County,California,Downey,56205.0,8460.0,50805.0,7808.0,113152.0,79961.0,,,16935.0,118699.0,,,57636.0,6244.0,,,49569.0,50469.0,56387.0,7680.0,$56205,$8460,$50805,$7808,$113152,$79961,,,$16935,$118699,,,$57636,$6244,,,$49569,$50469,$56387,$7680
2011,6037551201,Census Tract 5512.01,Downey,Los Angeles County,California,Downey,86622.0,15020.0,86038.0,31121.0,80782.0,88011.0,101518.0,124664.0,136473.0,83668.0,,,72289.0,15337.0,60441.0,154090.0,92851.0,27360.0,72436.0,11669.0,$86622,$15020,$86038,$31121,$80782,$88011,$101518,$124664,$136473,$83668,,,$72289,$15337,$60441,$154090,$92851,$27360,$72436,$11669
2011,6037551202,Census Tract 5512.02,Downey,Los Angeles County,California,Downey,86435.0,10895.0,80856.0,16792.0,130948.0,33896.0,,,162529.0,99357.0,,,86812.0,25784.0,,,74908.0,24479.0,86556.0,11239.0,$86435,$10895,$80856,$16792,$130948,$33896,,,$162529,$99357,,,$86812,$25784,,,$74908,$24479,$86556,$11239
2011,6037551300,Census Tract 5513,Downey,Los Angeles County,California,Downey,69098.0,9236.0,74304.0,14793.0,,,,,67221.0,24827.0,,,69168.0,15413.0,65871.0,31578.0,69238.0,17321.0,74084.0,12744.0,$69098,$9236,$74304,$14793,,,,,$67221,$24827,,,$69168,$15413,$65871,$31578,$69238,$17321,$74084,$12744
2011,6037551401,Census Tract 5514.01,Downey,Los Angeles County,California,Downey,69630.0,25892.0,57813.0,17089.0,70076.0,36661.0,,,122196.0,294293.0,,,83916.0,87351.0,,,77850.0,18269.0,53408.0,21684.0,$69630,$25892,$57813,$17089,$70076,$36661,,,$122196,$294293,,,$83916,$87351,,,$77850,$18269,$53408,$21684
2011,6037551402,Census Tract 5514.02,Downey,Los Angeles County,California,Downey,92915.0,11579.0,89644.0,8839.0,,,,,135059.0,19638.0,,,74310.0,35306.0,,,83274.0,17628.0,89231.0,9613.0,$92915,$11579,$89644,$8839,,,,,$135059,$19638,,,$74310,$35306,,,$83274,$17628,$89231,$9613
2011,6037551501,Census Tract 5515.01,Downey,Los Angeles County,California,Downey,88806.0,14225.0,92328.0,11525.0,45823.0,5878.0,,,123217.0,52086.0,,,79988.0,17498.0,,,92359.0,21603.0,88213.0,18548.0,$88806,$14225,$92328,$11525,$45823,$5878,,,$123217,$52086,,,$79988,$17498,,,$92359,$21603,$88213,$18548
2011,6037551502,Census Tract 5515.02,Downey,Los Angeles County,California,Downey,86500.0,25918.0,75245.0,22828.0,,,,,137505.0,63895.0,,,98335.0,74236.0,,,75726.0,27268.0,72829.0,26975.0,$86500,$25918,$75245,$22828,,,,,$137505,$63895,,,$98335,$74236,,,$75726,$27268,$72829,$26975
2011,6037551600,Census Tract 5516,Downey,Los Angeles County,California,Downey,,,,,,,,,,,,,,,,,,,,,,,,,,,,,,,,,,,,,,,,
2011,6037551700,Census Tract 5517,Downey,Los Angeles County,California,Downey,73772.0,9045.0,71036.0,13968.0,125402.0,42106.0,,,51097.0,101973.0,,,72446.0,15491.0,116626.0,165948.0,76663.0,22332.0,71449.0,11928.0,$73772,$9045,$71036,$13968,$125402,$42106,,,$51097,$101973,,,$72446,$15491,$116626,$165948,$76663,$22332,$71449,$11928
2011,6037551800,Census Tract 5518,Downey,Los Angeles County,California,Downey,93305.0,9855.0,77821.0,18640.0,89507.0,71194.0,,,79420.0,17017.0,,,102523.0,48608.0,180446.0,19871.0,72226.0,16942.0,98832.0,15707.0,$93305,$9855,$77821,$18640,$89507,$71194,,,$79420,$17017,,,$102523,$48608,$180446,$19871,$72226,$16942,$98832,$15707
2011,6037553400,Census Tract 5534,Downey,Los Angeles County,California,Downey,73262.0,10017.0,75332.0,21059.0,,,,,76111.0,339958.0,,,70076.0,27271.0,120747.0,57992.0,64820.0,48278.0,72704.0,12535.0,$73262,$10017,$75332,$21059,,,,,$76111,$339958,,,$70076,$27271,$120747,$57992,$64820,$48278,$72704,$12535
2012,6037502801,Census Tract 5028.01,Downey,Los Angeles County,California,Downey,104988.0,13287.0,97885.0,11854.0,179807.0,22599.0,,,182025.0,115319.0,,,121150.0,59565.0,46741.0,18934.0,82690.0,26657.0,103741.0,17906.0,$104988,$13287,$97885,$11854,$179807,$22599,,,$182025,$115319,,,$121150,$59565,$46741,$18934,$82690,$26657,$103741,$17906
2012,6037534203,Census Tract 5342.03,Downey,Los Angeles County,California,Downey,51808.0,11680.0,51123.0,11426.0,,,,,,,,,55770.0,20533.0,,,53500.0,57871.0,51338.0,14189.0,$51808,$11680,$51123,$11426,,,,,,,,,$55770,$20533,,,$53500,$57871,$51338,$14189
2012,6037550300,Census Tract 5503,Downey,Los Angeles County,California,Downey,100200.0,16081.0,103760.0,8639.0,,,,,120836.0,46129.0,,,84323.0,31334.0,40612.0,239193.0,103684.0,21136.0,96473.0,23132.0,$100200,$16081,$103760,$8639,,,,,$120836,$46129,,,$84323,$31334,$40612,$239193,$103684,$21136,$96473,$23132
2012,6037550400,Census Tract 5504,Downey,Los Angeles County,California,Downey,108681.0,27327.0,96440.0,25709.0,,,,,140713.0,53677.0,,,130417.0,40775.0,142429.0,17656.0,108394.0,44873.0,104868.0,24345.0,$108681,$27327,$96440,$25709,,,,,$140713,$53677,,,$130417,$40775,$142429,$17656,$108394,$44873,$104868,$24345
2012,6037550500,Census Tract 5505,Downey,Los Angeles County,California,Downey,91557.0,18883.0,86527.0,14813.0,,,,,108831.0,25138.0,,,112829.0,91134.0,,,86944.0,32520.0,90817.0,24233.0,$91557,$18883,$86527,$14813,,,,,$108831,$25138,,,$112829,$91134,,,$86944,$32520,$90817,$24233
2012,6037550601,Census Tract 5506.01,Downey,Los Angeles County,California,Downey,86626.0,15463.0,76012.0,17576.0,66352.0,38141.0,,,240374.0,257392.0,,,85651.0,48948.0,102644.0,235983.0,53196.0,60943.0,84892.0,30173.0,$86626,$15463,$76012,$17576,$66352,$38141,,,$240374,$257392,,,$85651,$48948,$102644,$235983,$53196,$60943,$84892,$30173
2012,6037550602,Census Tract 5506.02,Downey,Los Angeles County,California,Downey,99026.0,29057.0,87401.0,12572.0,,,,,131591.0,75321.0,,,158874.0,40869.0,,,70678.0,33525.0,114451.0,34650.0,$99026,$29057,$87401,$12572,,,,,$131591,$75321,,,$158874,$40869,,,$70678,$33525,$114451,$34650
2012,6037550700,Census Tract 5507,Downey,Los Angeles County,California,Downey,111029.0,5499.0,112691.0,14141.0,157015.0,57167.0,,,75036.0,96062.0,,,107019.0,67810.0,148435.0,118581.0,107812.0,15263.0,113132.0,22673.0,$111029,$5499,$112691,$14141,$157015,$57167,,,$75036,$96062,,,$107019,$67810,$148435,$118581,$107812,$15263,$113132,$22673
2012,6037550800,Census Tract 5508,Downey,Los Angeles County,California,Downey,84888.0,18872.0,94953.0,16758.0,,,,,57466.0,32998.0,,,79340.0,24226.0,69022.0,80452.0,84370.0,35512.0,86030.0,22909.0,$84888,$18872,$94953,$16758,,,,,$57466,$32998,,,$79340,$24226,$69022,$80452,$84370,$35512,$86030,$22909
2012,6037550901,Census Tract 5509.01,Downey,Los Angeles County,California,Downey,61459.0,20221.0,57300.0,24197.0,72399.0,57532.0,,,17086.0,18452.0,,,74475.0,29227.0,95560.0,35694.0,77907.0,16255.0,61105.0,19925.0,$61459,$20221,$57300,$24197,$72399,$57532,,,$17086,$18452,,,$74475,$29227,$95560,$35694,$77907,$16255,$61105,$19925
2012,6037550902,Census Tract 5509.02,Downey,Los Angeles County,California,Downey,71425.0,8936.0,62932.0,19111.0,145407.0,77551.0,,,91717.0,48748.0,,,71004.0,14640.0,117146.0,117362.0,75178.0,37272.0,64687.0,11921.0,$71425,$8936,$62932,$19111,$145407,$77551,,,$91717,$48748,,,$71004,$14640,$117146,$117362,$75178,$37272,$64687,$11921
2012,6037551000,Census Tract 5510,Downey,Los Angeles County,California,Downey,125198.0,34165.0,133202.0,25338.0,,,,,104988.0,58548.0,,,96207.0,85963.0,171173.0,48096.0,131710.0,27772.0,105745.0,75511.0,$125198,$34165,$133202,$25338,,,,,$104988,$58548,,,$96207,$85963,$171173,$48096,$131710,$27772,$105745,$75511
2012,6037551101,Census Tract 5511.01,Downey,Los Angeles County,California,Downey,66574.0,17658.0,51811.0,12476.0,96478.0,73292.0,,,125973.0,91052.0,3431.0,,70357.0,18390.0,97323.0,166644.0,103533.0,25936.0,55740.0,14802.0,$66574,$17658,$51811,$12476,$96478,$73292,,,$125973,$91052,$3431,,$70357,$18390,$97323,$166644,$103533,$25936,$55740,$14802
2012,6037551102,Census Tract 5511.02,Downey,Los Angeles County,California,Downey,54601.0,11722.0,49315.0,12941.0,42900.0,62998.0,,,15927.0,81792.0,,,59827.0,7666.0,,,70989.0,55792.0,53665.0,12013.0,$54601,$11722,$49315,$12941,$42900,$62998,,,$15927,$81792,,,$59827,$7666,,,$70989,$55792,$53665,$12013
2012,6037551201,Census Tract 5512.01,Downey,Los Angeles County,California,Downey,87604.0,15115.0,89772.0,27793.0,46250.0,75233.0,,,150323.0,97977.0,,,75144.0,25183.0,30316.0,339781.0,90229.0,22820.0,75053.0,20580.0,$87604,$15115,$89772,$27793,$46250,$75233,,,$150323,$97977,,,$75144,$25183,$30316,$339781,$90229,$22820,$75053,$20580
2012,6037551202,Census Tract 5512.02,Downey,Los Angeles County,California,Downey,85857.0,10588.0,86222.0,13804.0,93727.0,77274.0,,,148513.0,61838.0,,,79465.0,40129.0,,,77488.0,19911.0,85128.0,12148.0,$85857,$10588,$86222,$13804,$93727,$77274,,,$148513,$61838,,,$79465,$40129,,,$77488,$19911,$85128,$12148
2012,6037551300,Census Tract 5513,Downey,Los Angeles County,California,Downey,65936.0,8573.0,67549.0,14296.0,3431.0,,,,65208.0,29686.0,,,60918.0,22967.0,64746.0,36093.0,51235.0,43467.0,67611.0,15462.0,$65936,$8573,$67549,$14296,$3431,,,,$65208,$29686,,,$60918,$22967,$64746,$36093,$51235,$43467,$67611,$15462
2012,6037551401,Census Tract 5514.01,Downey,Los Angeles County,California,Downey,52010.0,6911.0,46218.0,7312.0,26656.0,44421.0,,,119344.0,164007.0,,,54275.0,95699.0,,,77171.0,18403.0,42951.0,24623.0,$52010,$6911,$46218,$7312,$26656,$44421,,,$119344,$164007,,,$54275,$95699,,,$77171,$18403,$42951,$24623
2012,6037551402,Census Tract 5514.02,Downey,Los Angeles County,California,Downey,87006.0,7965.0,87064.0,7243.0,186513.0,155372.0,,,100057.0,22655.0,,,65208.0,19088.0,108355.0,189854.0,78157.0,38971.0,87648.0,11935.0,$87006,$7965,$87064,$7243,$186513,$155372,,,$100057,$22655,,,$65208,$19088,$108355,$189854,$78157,$38971,$87648,$11935
2012,6037551501,Census Tract 5515.01,Downey,Los Angeles County,California,Downey,84954.0,9011.0,84617.0,11133.0,46762.0,50394.0,,,109482.0,39941.0,,,77729.0,15697.0,107302.0,115554.0,74949.0,25908.0,82960.0,11451.0,$84954,$9011,$84617,$11133,$46762,$50394,,,$109482,$39941,,,$77729,$15697,$107302,$115554,$74949,$25908,$82960,$11451
2012,6037551502,Census Tract 5515.02,Downey,Los Angeles County,California,Downey,74707.0,23562.0,63904.0,23139.0,,,,,134253.0,107022.0,,,101766.0,32154.0,,,54186.0,36053.0,75123.0,27305.0,$74707,$23562,$63904,$23139,,,,,$134253,$107022,,,$101766,$32154,,,$54186,$36053,$75123,$27305
2012,6037551600,Census Tract 5516,Downey,Los Angeles County,California,Downey,,,,,,,,,,,,,,,,,,,,,,,,,,,,,,,,,,,,,,,,
2012,6037551700,Census Tract 5517,Downey,Los Angeles County,California,Downey,74760.0,12033.0,72563.0,16647.0,124913.0,37099.0,,,83579.0,58581.0,,,63321.0,21847.0,114181.0,85477.0,76305.0,20522.0,70488.0,15266.0,$74760,$12033,$72563,$16647,$124913,$37099,,,$83579,$58581,,,$63321,$21847,$114181,$85477,$76305,$20522,$70488,$15266
2012,6037551800,Census Tract 5518,Downey,Los Angeles County,California,Downey,83240.0,11570.0,71515.0,12409.0,38516.0,60416.0,,,54781.0,35174.0,,,100910.0,34073.0,173699.0,48132.0,74854.0,12567.0,92788.0,8466.0,$83240,$11570,$71515,$12409,$38516,$60416,,,$54781,$35174,,,$100910,$34073,$173699,$48132,$74854,$12567,$92788,$8466
2012,6037553400,Census Tract 5534,Downey,Los Angeles County,California,Downey,84085.0,24269.0,90481.0,4058.0,3431.0,,,,44331.0,63211.0,,,69187.0,42188.0,120921.0,123455.0,78013.0,35560.0,88718.0,28792.0,$84085,$24269,$90481,$4058,$3431,,,,$44331,$63211,,,$69187,$42188,$120921,$123455,$78013,$35560,$88718,$28792
2013,6037502801,Census Tract 5028.01,Downey,Los Angeles County,California,Downey,109153.0,12544.0,98407.0,23962.0,182454.0,406670.0,,,,,,,111500.0,145974.0,45685.0,20692.0,66542.0,28611.0,109757.0,10563.0,$109153,$12544,$98407,$23962,$182454,$406670,,,,,,,$111500,$145974,$45685,$20692,$66542,$28611,$109757,$10563
2013,6037534203,Census Tract 5342.03,Downey,Los Angeles County,California,Downey,50179.0,8664.0,51163.0,9242.0,,,,,,,,,53672.0,19382.0,,,42261.0,40284.0,50802.0,8356.0,$50179,$8664,$51163,$9242,,,,,,,,,$53672,$19382,,,$42261,$40284,$50802,$8356
2013,6037550300,Census Tract 5503,Downey,Los Angeles County,California,Downey,92785.0,14333.0,90788.0,13615.0,,,,,139306.0,64734.0,,,87703.0,25832.0,,,84391.0,30699.0,94414.0,15463.0,$92785,$14333,$90788,$13615,,,,,$139306,$64734,,,$87703,$25832,,,$84391,$30699,$94414,$15463
2013,6037550400,Census Tract 5504,Downey,Los Angeles County,California,Downey,97697.0,14239.0,83845.0,25521.0,,,,,136173.0,94814.0,,,103454.0,25693.0,,,104384.0,36803.0,96185.0,18470.0,$97697,$14239,$83845,$25521,,,,,$136173,$94814,,,$103454,$25693,,,$104384,$36803,$96185,$18470
2013,6037550500,Census Tract 5505,Downey,Los Angeles County,California,Downey,90397.0,18177.0,83706.0,17584.0,321857.0,408123.0,,,110402.0,40734.0,,,69984.0,184678.0,,,86212.0,28648.0,83277.0,21820.0,$90397,$18177,$83706,$17584,$321857,$408123,,,$110402,$40734,,,$69984,$184678,,,$86212,$28648,$83277,$21820
2013,6037550601,Census Tract 5506.01,Downey,Los Angeles County,California,Downey,85411.0,12738.0,73297.0,11138.0,96717.0,51918.0,,,121542.0,226944.0,,,112438.0,42357.0,100970.0,224855.0,46688.0,38619.0,83957.0,19985.0,$85411,$12738,$73297,$11138,$96717,$51918,,,$121542,$226944,,,$112438,$42357,$100970,$224855,$46688,$38619,$83957,$19985
2013,6037550602,Census Tract 5506.02,Downey,Los Angeles County,California,Downey,107888.0,37486.0,87445.0,34025.0,,,,,134670.0,44117.0,,,143203.0,31108.0,,,83073.0,61326.0,119754.0,37728.0,$107888,$37486,$87445,$34025,,,,,$134670,$44117,,,$143203,$31108,,,$83073,$61326,$119754,$37728
2013,6037550700,Census Tract 5507,Downey,Los Angeles County,California,Downey,113893.0,5830.0,114248.0,6605.0,,,,,86024.0,69998.0,,,162603.0,126801.0,101538.0,86776.0,97720.0,17804.0,116911.0,10597.0,$113893,$5830,$114248,$6605,,,,,$86024,$69998,,,$162603,$126801,$101538,$86776,$97720,$17804,$116911,$10597
2013,6037550800,Census Tract 5508,Downey,Los Angeles County,California,Downey,82752.0,24277.0,94804.0,25953.0,,,,,71992.0,28346.0,,,81827.0,37898.0,74605.0,118143.0,74003.0,52498.0,90113.0,30202.0,$82752,$24277,$94804,$25953,,,,,$71992,$28346,,,$81827,$37898,$74605,$118143,$74003,$52498,$90113,$30202
2013,6037550901,Census Tract 5509.01,Downey,Los Angeles County,California,Downey,66243.0,15808.0,54798.0,25502.0,53611.0,33255.0,,,25531.0,282655.0,,,76199.0,35208.0,135334.0,131629.0,74759.0,31120.0,64131.0,16705.0,$66243,$15808,$54798,$25502,$53611,$33255,,,$25531,$282655,,,$76199,$35208,$135334,$131629,$74759,$31120,$64131,$16705
2013,6037550902,Census Tract 5509.02,Downey,Los Angeles County,California,Downey,71855.0,5941.0,66898.0,10570.0,147135.0,69885.0,,,138373.0,124172.0,,,69655.0,9057.0,116739.0,35978.0,69871.0,46030.0,68959.0,4130.0,$71855,$5941,$66898,$10570,$147135,$69885,,,$138373,$124172,,,$69655,$9057,$116739,$35978,$69871,$46030,$68959,$4130
2013,6037551000,Census Tract 5510,Downey,Los Angeles County,California,Downey,107234.0,19096.0,107757.0,23819.0,,,,,103911.0,71746.0,,,101507.0,131646.0,,,110466.0,19593.0,105881.0,45955.0,$107234,$19096,$107757,$23819,,,,,$103911,$71746,,,$101507,$131646,,,$110466,$19593,$105881,$45955
2013,6037551101,Census Tract 5511.01,Downey,Los Angeles County,California,Downey,56271.0,15963.0,51108.0,13331.0,56140.0,66113.0,,,123597.0,24345.0,,,70189.0,38379.0,98609.0,296955.0,103285.0,43725.0,53902.0,10774.0,$56271,$15963,$51108,$13331,$56140,$66113,,,$123597,$24345,,,$70189,$38379,$98609,$296955,$103285,$43725,$53902,$10774
2013,6037551102,Census Tract 5511.02,Downey,Los Angeles County,California,Downey,57790.0,11550.0,49139.0,12451.0,99078.0,77348.0,,,,,,,57547.0,13467.0,,,60327.0,19145.0,50340.0,10976.0,$57790,$11550,$49139,$12451,$99078,$77348,,,,,,,$57547,$13467,,,$60327,$19145,$50340,$10976
2013,6037551201,Census Tract 5512.01,Downey,Los Angeles County,California,Downey,91138.0,14885.0,84279.0,28801.0,45727.0,112242.0,,,80658.0,275073.0,,,92316.0,53945.0,,,91982.0,31834.0,90800.0,11028.0,$91138,$14885,$84279,$28801,$45727,$112242,,,$80658,$275073,,,$92316,$53945,,,$91982,$31834,$90800,$11028
2013,6037551202,Census Tract 5512.02,Downey,Los Angeles County,California,Downey,87110.0,14914.0,96185.0,29459.0,76684.0,67466.0,,,150348.0,67230.0,,,86079.0,32197.0,,,85822.0,30647.0,86013.0,19978.0,$87110,$14914,$96185,$29459,$76684,$67466,,,$150348,$67230,,,$86079,$32197,,,$85822,$30647,$86013,$19978
2013,6037551300,Census Tract 5513,Downey,Los Angeles County,California,Downey,66626.0,12327.0,64620.0,23193.0,103246.0,126725.0,,,65927.0,11861.0,,,71481.0,35906.0,66842.0,24879.0,50315.0,33285.0,72291.0,22763.0,$66626,$12327,$64620,$23193,$103246,$126725,,,$65927,$11861,,,$71481,$35906,$66842,$24879,$50315,$33285,$72291,$22763
2013,6037551401,Census Tract 5514.01,Downey,Los Angeles County,California,Downey,61575.0,11801.0,64800.0,8590.0,26244.0,45953.0,,,121594.0,290082.0,,,53518.0,88599.0,,,78484.0,44861.0,53735.0,10301.0,$61575,$11801,$64800,$8590,$26244,$45953,,,$121594,$290082,,,$53518,$88599,,,$78484,$44861,$53735,$10301
2013,6037551402,Census Tract 5514.02,Downey,Los Angeles County,California,Downey,84389.0,6370.0,86248.0,3692.0,,,,,91002.0,7157.0,,,65126.0,16051.0,59165.0,86213.0,81538.0,25658.0,85157.0,12005.0,$84389,$6370,$86248,$3692,,,,,$91002,$7157,,,$65126,$16051,$59165,$86213,$81538,$25658,$85157,$12005
2013,6037551501,Census Tract 5515.01,Downey,Los Angeles County,California,Downey,82669.0,6844.0,82197.0,12263.0,50502.0,46169.0,,,126299.0,53676.0,,,75872.0,10375.0,109757.0,90551.0,72477.0,15045.0,81304.0,11308.0,$82669,$6844,$82197,$12263,$50502,$46169,,,$126299,$53676,,,$75872,$10375,$109757,$90551,$72477,$15045,$81304,$11308
2013,6037551502,Census Tract 5515.02,Downey,Los Angeles County,California,Downey,73175.0,25778.0,70153.0,17387.0,,,,,115963.0,61444.0,,,99498.0,67322.0,,,71601.0,52276.0,71876.0,35050.0,$73175,$25778,$70153,$17387,,,,,$115963,$61444,,,$99498,$67322,,,$71601,$52276,$71876,$35050
2013,6037551600,Census Tract 5516,Downey,Los Angeles County,California,Downey,,,,,,,,,,,,,,,,,,,,,,,,,,,,,,,,,,,,,,,,
2013,6037551700,Census Tract 5517,Downey,Los Angeles County,California,Downey,81923.0,9753.0,83303.0,17529.0,123565.0,31534.0,,,53079.0,60650.0,,,57216.0,38067.0,60151.0,89276.0,99044.0,30407.0,77500.0,22813.0,$81923,$9753,$83303,$17529,$123565,$31534,,,$53079,$60650,,,$57216,$38067,$60151,$89276,$99044,$30407,$77500,$22813
2013,6037551800,Census Tract 5518,Downey,Los Angeles County,California,Downey,88554.0,11920.0,70802.0,7980.0,72534.0,82500.0,,,93725.0,42608.0,,,98008.0,31725.0,173526.0,48488.0,73382.0,16657.0,90148.0,11695.0,$88554,$11920,$70802,$7980,$72534,$82500,,,$93725,$42608,,,$98008,$31725,$173526,$48488,$73382,$16657,$90148,$11695
2013,6037553400,Census Tract 5534,Downey,Los Angeles County,California,Downey,68094.0,16301.0,73815.0,23945.0,72012.0,139405.0,,,157210.0,257752.0,,,43183.0,34303.0,50825.0,39771.0,57215.0,72926.0,68224.0,15975.0,$68094,$16301,$73815,$23945,$72012,$139405,,,$157210,$257752,,,$43183,$34303,$50825,$39771,$57215,$72926,$68224,$15975
2014,6037502801,Census Tract 5028.01,Downey,Los Angeles County,California,Downey,105582.0,26278.0,89655.0,28547.0,178785.0,207671.0,,,,,,,89211.0,50689.0,47256.0,39219.0,62248.0,13811.0,110378.0,13030.0,$105582,$26278,$89655,$28547,$178785,$207671,,,,,,,$89211,$50689,$47256,$39219,$62248,$13811,$110378,$13030
2014,6037534203,Census Tract 5342.03,Downey,Los Angeles County,California,Downey,47919.0,3266.0,49583.0,3619.0,,,,,,,,,35621.0,14615.0,,,28599.0,25386.0,47994.0,3083.0,$47919,$3266,$49583,$3619,,,,,,,,,$35621,$14615,,,$28599,$25386,$47994,$3083
2014,6037550300,Census Tract 5503,Downey,Los Angeles County,California,Downey,83017.0,18235.0,90562.0,18525.0,,,,,103876.0,83282.0,,,79748.0,16541.0,70346.0,115718.0,91242.0,37627.0,81780.0,10777.0,$83017,$18235,$90562,$18525,,,,,$103876,$83282,,,$79748,$16541,$70346,$115718,$91242,$37627,$81780,$10777
2014,6037550400,Census Tract 5504,Downey,Los Angeles County,California,Downey,97823.0,8489.0,94498.0,22142.0,,,,,81938.0,37615.0,,,98931.0,24927.0,,,100428.0,27122.0,98433.0,11630.0,$97823,$8489,$94498,$22142,,,,,$81938,$37615,,,$98931,$24927,,,$100428,$27122,$98433,$11630
2014,6037550500,Census Tract 5505,Downey,Los Angeles County,California,Downey,98793.0,22399.0,93186.0,22290.0,,,,,117868.0,66449.0,,,128029.0,141325.0,,,93817.0,15905.0,93805.0,49646.0,$98793,$22399,$93186,$22290,,,,,$117868,$66449,,,$128029,$141325,,,$93817,$15905,$93805,$49646
2014,6037550601,Census Tract 5506.01,Downey,Los Angeles County,California,Downey,83967.0,10824.0,75060.0,6765.0,98516.0,95836.0,,,82138.0,44767.0,,,96622.0,30215.0,134297.0,137927.0,74082.0,43378.0,85445.0,11477.0,$83967,$10824,$75060,$6765,$98516,$95836,,,$82138,$44767,,,$96622,$30215,$134297,$137927,$74082,$43378,$85445,$11477
2014,6037550602,Census Tract 5506.02,Downey,Los Angeles County,California,Downey,96437.0,39409.0,93907.0,17154.0,,,,,143934.0,84153.0,,,122949.0,44098.0,,,81151.0,52616.0,111194.0,34813.0,$96437,$39409,$93907,$17154,,,,,$143934,$84153,,,$122949,$44098,,,$81151,$52616,$111194,$34813
2014,6037550700,Census Tract 5507,Downey,Los Angeles County,California,Downey,112332.0,8230.0,115037.0,8060.0,,,,,86117.0,43397.0,,,108639.0,22183.0,,,94991.0,19773.0,117092.0,9380.0,$112332,$8230,$115037,$8060,,,,,$86117,$43397,,,$108639,$22183,,,$94991,$19773,$117092,$9380
2014,6037550800,Census Tract 5508,Downey,Los Angeles County,California,Downey,83967.0,25128.0,91449.0,34707.0,,,,,72261.0,25723.0,,,67288.0,44852.0,113244.0,70883.0,71642.0,35794.0,90813.0,29221.0,$83967,$25128,$91449,$34707,,,,,$72261,$25723,,,$67288,$44852,$113244,$70883,$71642,$35794,$90813,$29221
2014,6037550901,Census Tract 5509.01,Downey,Los Angeles County,California,Downey,62148.0,13052.0,58849.0,16797.0,50455.0,17593.0,,,26437.0,66454.0,,,76055.0,69882.0,94082.0,57683.0,61335.0,28101.0,73828.0,19551.0,$62148,$13052,$58849,$16797,$50455,$17593,,,$26437,$66454,,,$76055,$69882,$94082,$57683,$61335,$28101,$73828,$19551
2014,6037550902,Census Tract 5509.02,Downey,Los Angeles County,California,Downey,68848.0,4963.0,69311.0,7823.0,81735.0,66216.0,,,121877.0,61500.0,,,56849.0,20862.0,117498.0,32316.0,75051.0,21788.0,64507.0,7539.0,$68848,$4963,$69311,$7823,$81735,$66216,,,$121877,$61500,,,$56849,$20862,$117498,$32316,$75051,$21788,$64507,$7539
2014,6037551000,Census Tract 5510,Downey,Los Angeles County,California,Downey,100159.0,14423.0,102105.0,13981.0,,,,,148166.0,43727.0,,,67194.0,53241.0,,,95698.0,23364.0,89437.0,24379.0,$100159,$14423,$102105,$13981,,,,,$148166,$43727,,,$67194,$53241,,,$95698,$23364,$89437,$24379
2014,6037551101,Census Tract 5511.01,Downey,Los Angeles County,California,Downey,52926.0,5817.0,49674.0,15054.0,53974.0,4379.0,,,190173.0,113956.0,,,66925.0,31576.0,26049.0,170558.0,81288.0,104495.0,51295.0,9477.0,$52926,$5817,$49674,$15054,$53974,$4379,,,$190173,$113956,,,$66925,$31576,$26049,$170558,$81288,$104495,$51295,$9477
2014,6037551102,Census Tract 5511.02,Downey,Los Angeles County,California,Downey,49682.0,13753.0,47923.0,8665.0,98164.0,49573.0,,,,,,,47822.0,11293.0,,,68818.0,47112.0,46710.0,6595.0,$49682,$13753,$47923,$8665,$98164,$49573,,,,,,,$47822,$11293,,,$68818,$47112,$46710,$6595
2014,6037551201,Census Tract 5512.01,Downey,Los Angeles County,California,Downey,76841.0,15191.0,78609.0,21332.0,44969.0,33695.0,,,72913.0,22254.0,,,87569.0,20032.0,,,69509.0,33697.0,80974.0,18742.0,$76841,$15191,$78609,$21332,$44969,$33695,,,$72913,$22254,,,$87569,$20032,,,$69509,$33697,$80974,$18742
2014,6037551202,Census Tract 5512.02,Downey,Los Angeles County,California,Downey,80490.0,10444.0,88124.0,25813.0,45101.0,39716.0,,,149810.0,86502.0,,,75554.0,29995.0,68541.0,43635.0,71615.0,46206.0,81889.0,11107.0,$80490,$10444,$88124,$25813,$45101,$39716,,,$149810,$86502,,,$75554,$29995,$68541,$43635,$71615,$46206,$81889,$11107
2014,6037551300,Census Tract 5513,Downey,Los Angeles County,California,Downey,61494.0,8181.0,52542.0,10879.0,101601.0,101254.0,,,62559.0,23378.0,,,76152.0,25416.0,,,49216.0,24603.0,60511.0,13568.0,$61494,$8181,$52542,$10879,$101601,$101254,,,$62559,$23378,,,$76152,$25416,,,$49216,$24603,$60511,$13568
2014,6037551401,Census Tract 5514.01,Downey,Los Angeles County,California,Downey,67519.0,8484.0,74109.0,20874.0,43231.0,47010.0,,,54038.0,67595.0,,,52627.0,25225.0,,,90736.0,71281.0,63932.0,14545.0,$67519,$8484,$74109,$20874,$43231,$47010,,,$54038,$67595,,,$52627,$25225,,,$90736,$71281,$63932,$14545
2014,6037551402,Census Tract 5514.02,Downey,Los Angeles County,California,Downey,84210.0,6833.0,87096.0,4577.0,183090.0,276404.0,,,89417.0,10180.0,,,60658.0,45231.0,79427.0,85040.0,49498.0,59871.0,87278.0,6451.0,$84210,$6833,$87096,$4577,$183090,$276404,,,$89417,$10180,,,$60658,$45231,$79427,$85040,$49498,$59871,$87278,$6451
2014,6037551501,Census Tract 5515.01,Downey,Los Angeles County,California,Downey,83098.0,9356.0,88245.0,13610.0,94775.0,81696.0,,,126723.0,79804.0,,,68856.0,11140.0,107127.0,62893.0,76433.0,13593.0,78989.0,9979.0,$83098,$9356,$88245,$13610,$94775,$81696,,,$126723,$79804,,,$68856,$11140,$107127,$62893,$76433,$13593,$78989,$9979
2014,6037551502,Census Tract 5515.02,Downey,Los Angeles County,California,Downey,96860.0,32485.0,94775.0,51600.0,,,,,97982.0,41296.0,,,100114.0,107730.0,,,62876.0,61230.0,102385.0,31017.0,$96860,$32485,$94775,$51600,,,,,$97982,$41296,,,$100114,$107730,,,$62876,$61230,$102385,$31017
2014,6037551600,Census Tract 5516,Downey,Los Angeles County,California,Downey,,,,,,,,,,,,,,,,,,,,,,,,,,,,,,,,,,,,,,,,
2014,6037551700,Census Tract 5517,Downey,Los Angeles County,California,Downey,81247.0,6768.0,80929.0,11265.0,124205.0,44730.0,,,84798.0,64194.0,,,80531.0,18793.0,67458.0,51192.0,86046.0,28655.0,80898.0,8698.0,$81247,$6768,$80929,$11265,$124205,$44730,,,$84798,$64194,,,$80531,$18793,$67458,$51192,$86046,$28655,$80898,$8698
2014,6037551800,Census Tract 5518,Downey,Los Angeles County,California,Downey,77763.0,7887.0,69049.0,6155.0,81030.0,23926.0,,,119195.0,25382.0,,,77263.0,15264.0,171387.0,94510.0,75745.0,25555.0,68764.0,6862.0,$77763,$7887,$69049,$6155,$81030,$23926,,,$119195,$25382,,,$77263,$15264,$171387,$94510,$75745,$25555,$68764,$6862
2014,6037553400,Census Tract 5534,Downey,Los Angeles County,California,Downey,70406.0,7416.0,83321.0,19520.0,69279.0,5230.0,,,164941.0,199061.0,,,55927.0,32994.0,,,91298.0,34850.0,70025.0,9722.0,$70406,$7416,$83321,$19520,$69279,$5230,,,$164941,$199061,,,$55927,$32994,,,$91298,$34850,$70025,$9722
2015,6037502801,Census Tract 5028.01,Downey,Los Angeles County,California,Downey,102750.0,31232.0,97137.0,24961.0,,,,,,,,,94611.0,66021.0,15573.0,9079.0,62452.0,19592.0,112576.0,16917.0,$102750,$31232,$97137,$24961,,,,,,,,,$94611,$66021,$15573,$9079,$62452,$19592,$112576,$16917
2015,6037534203,Census Tract 5342.03,Downey,Los Angeles County,California,Downey,53492.0,7186.0,55212.0,9561.0,,,,,,,,,48689.0,10660.0,,,28079.0,2885.0,53901.0,7236.0,$53492,$7186,$55212,$9561,,,,,,,,,$48689,$10660,,,$28079,$2885,$53901,$7236
2015,6037550300,Census Tract 5503,Downey,Los Angeles County,California,Downey,76443.0,8225.0,75352.0,12352.0,,,,,67462.0,47164.0,,,79184.0,18585.0,,,77502.0,16842.0,77134.0,10571.0,$76443,$8225,$75352,$12352,,,,,$67462,$47164,,,$79184,$18585,,,$77502,$16842,$77134,$10571
2015,6037550400,Census Tract 5504,Downey,Los Angeles County,California,Downey,97101.0,22254.0,87308.0,24895.0,,,,,81775.0,1101.0,,,128563.0,47273.0,,,88968.0,28247.0,104903.0,29334.0,$97101,$22254,$87308,$24895,,,,,$81775,$1101,,,$128563,$47273,,,$88968,$28247,$104903,$29334
2015,6037550500,Census Tract 5505,Downey,Los Angeles County,California,Downey,102287.0,43488.0,102137.0,34694.0,,,,,132076.0,95423.0,,,,,,,98462.0,27090.0,101563.0,39932.0,$102287,$43488,$102137,$34694,,,,,$132076,$95423,,,,,,,$98462,$27090,$101563,$39932
2015,6037550601,Census Tract 5506.01,Downey,Los Angeles County,California,Downey,87640.0,7100.0,80503.0,15604.0,,,,,95386.0,69914.0,,,88710.0,30495.0,186319.0,130973.0,59281.0,47028.0,88858.0,13013.0,$87640,$7100,$80503,$15604,,,,,$95386,$69914,,,$88710,$30495,$186319,$130973,$59281,$47028,$88858,$13013
2015,6037550602,Census Tract 5506.02,Downey,Los Angeles County,California,Downey,101975.0,19803.0,102656.0,24348.0,,,,,110878.0,59923.0,,,91452.0,36545.0,,,86644.0,57825.0,102081.0,25761.0,$101975,$19803,$102656,$24348,,,,,$110878,$59923,,,$91452,$36545,,,$86644,$57825,$102081,$25761
2015,6037550700,Census Tract 5507,Downey,Los Angeles County,California,Downey,117965.0,6129.0,118817.0,8382.0,,,,,,,,,109461.0,67707.0,,,93690.0,11943.0,128810.0,15900.0,$117965,$6129,$118817,$8382,,,,,,,,,$109461,$67707,,,$93690,$11943,$128810,$15900
2015,6037550800,Census Tract 5508,Downey,Los Angeles County,California,Downey,90285.0,20935.0,101251.0,36379.0,,,,,90766.0,31613.0,,,63024.0,44700.0,113260.0,60323.0,71374.0,56767.0,92806.0,27917.0,$90285,$20935,$101251,$36379,,,,,$90766,$31613,,,$63024,$44700,$113260,$60323,$71374,$56767,$92806,$27917
2015,6037550901,Census Tract 5509.01,Downey,Los Angeles County,California,Downey,60506.0,12193.0,71374.0,25039.0,45212.0,36130.0,,,,,,,,,,,42180.0,34083.0,74657.0,25324.0,$60506,$12193,$71374,$25039,$45212,$36130,,,,,,,,,,,$42180,$34083,$74657,$25324
2015,6037550902,Census Tract 5509.02,Downey,Los Angeles County,California,Downey,68386.0,4766.0,71457.0,10581.0,80447.0,56021.0,,,95096.0,43863.0,,,53794.0,12865.0,117968.0,21287.0,75523.0,14223.0,65223.0,5960.0,$68386,$4766,$71457,$10581,$80447,$56021,,,$95096,$43863,,,$53794,$12865,$117968,$21287,$75523,$14223,$65223,$5960
2015,6037551000,Census Tract 5510,Downey,Los Angeles County,California,Downey,96838.0,14376.0,91517.0,16622.0,,,,,146655.0,84227.0,,,80987.0,70485.0,,,91140.0,31048.0,88810.0,22784.0,$96838,$14376,$91517,$16622,,,,,$146655,$84227,,,$80987,$70485,,,$91140,$31048,$88810,$22784
2015,6037551101,Census Tract 5511.01,Downey,Los Angeles County,California,Downey,50042.0,9016.0,42497.0,12534.0,47721.0,36612.0,,,170490.0,97324.0,,,64550.0,38794.0,,,,,48689.0,11177.0,$50042,$9016,$42497,$12534,$47721,$36612,,,$170490,$97324,,,$64550,$38794,,,,,$48689,$11177
2015,6037551102,Census Tract 5511.02,Downey,Los Angeles County,California,Downey,57994.0,11952.0,48630.0,15623.0,99102.0,22003.0,,,79673.0,21833.0,,,,,,,69438.0,40398.0,44562.0,10308.0,$57994,$11952,$48630,$15623,$99102,$22003,,,$79673,$21833,,,,,,,$69438,$40398,$44562,$10308
2015,6037551201,Census Tract 5512.01,Downey,Los Angeles County,California,Downey,82412.0,12478.0,86312.0,15743.0,55572.0,54994.0,,,76353.0,15206.0,,,87750.0,21188.0,,,92582.0,32256.0,86754.0,12114.0,$82412,$12478,$86312,$15743,$55572,$54994,,,$76353,$15206,,,$87750,$21188,,,$92582,$32256,$86754,$12114
2015,6037551202,Census Tract 5512.02,Downey,Los Angeles County,California,Downey,90706.0,11448.0,96547.0,16677.0,42552.0,22064.0,,,151685.0,52245.0,,,86198.0,11991.0,67902.0,39887.0,88611.0,59249.0,92122.0,15338.0,$90706,$11448,$96547,$16677,$42552,$22064,,,$151685,$52245,,,$86198,$11991,$67902,$39887,$88611,$59249,$92122,$15338
2015,6037551300,Census Tract 5513,Downey,Los Angeles County,California,Downey,57282.0,8769.0,53972.0,8866.0,,,,,,,,,80385.0,27187.0,,,40214.0,13474.0,63628.0,15046.0,$57282,$8769,$53972,$8866,,,,,,,,,$80385,$27187,,,$40214,$13474,$63628,$15046
2015,6037551401,Census Tract 5514.01,Downey,Los Angeles County,California,Downey,69403.0,27523.0,86914.0,26677.0,57621.0,49458.0,,,53779.0,4977.0,,,,,,,94699.0,43396.0,69678.0,29816.0,$69403,$27523,$86914,$26677,$57621,$49458,,,$53779,$4977,,,,,,,$94699,$43396,$69678,$29816
2015,6037551402,Census Tract 5514.02,Downey,Los Angeles County,California,Downey,84616.0,6613.0,85712.0,6078.0,,,,,88222.0,20468.0,,,74491.0,34075.0,92952.0,74987.0,46548.0,28780.0,88325.0,8969.0,$84616,$6613,$85712,$6078,,,,,$88222,$20468,,,$74491,$34075,$92952,$74987,$46548,$28780,$88325,$8969
2015,6037551501,Census Tract 5515.01,Downey,Los Angeles County,California,Downey,80608.0,9148.0,87109.0,13333.0,66969.0,13340.0,,,126702.0,113074.0,,,55796.0,31819.0,,,86478.0,54837.0,80381.0,9759.0,$80608,$9148,$87109,$13333,$66969,$13340,,,$126702,$113074,,,$55796,$31819,,,$86478,$54837,$80381,$9759
2015,6037551502,Census Tract 5515.02,Downey,Los Angeles County,California,Downey,89682.0,35777.0,91241.0,37639.0,,,,,82731.0,33459.0,,,78013.0,77504.0,,,62503.0,41256.0,99725.0,52186.0,$89682,$35777,$91241,$37639,,,,,$82731,$33459,,,$78013,$77504,,,$62503,$41256,$99725,$52186
2015,6037551600,Census Tract 5516,Downey,Los Angeles County,California,Downey,,,,,,,,,,,,,,,,,,,,,,,,,,,,,,,,,,,,,,,,
2015,6037551700,Census Tract 5517,Downey,Los Angeles County,California,Downey,80969.0,7415.0,82661.0,11353.0,89218.0,81759.0,,,84963.0,37926.0,,,76560.0,24899.0,66492.0,28134.0,83822.0,23448.0,80448.0,10172.0,$80969,$7415,$82661,$11353,$89218,$81759,,,$84963,$37926,,,$76560,$24899,$66492,$28134,$83822,$23448,$80448,$10172
2015,6037551800,Census Tract 5518,Downey,Los Angeles County,California,Downey,80767.0,5597.0,67545.0,4405.0,83676.0,9737.0,,,121169.0,23065.0,,,82844.0,17686.0,171334.0,86857.0,75025.0,26980.0,72796.0,14951.0,$80767,$5597,$67545,$4405,$83676,$9737,,,$121169,$23065,,,$82844,$17686,$171334,$86857,$75025,$26980,$72796,$14951
2015,6037553400,Census Tract 5534,Downey,Los Angeles County,California,Downey,74320.0,7048.0,75328.0,13848.0,69610.0,12592.0,,,120173.0,106546.0,,,72643.0,24576.0,,,90264.0,32140.0,73683.0,10437.0,$74320,$7048,$75328,$13848,$69610,$12592,,,$120173,$106546,,,$72643,$24576,,,$90264,$32140,$73683,$10437
2016,6037502801,Census Tract 5028.01,Downey,Los Angeles County,California,Downey,106691.0,19395.0,96726.0,15527.0,,,,,,,,,123993.0,57152.0,,,61532.0,8035.0,109370.0,16169.0,$106691,$19395,$96726,$15527,,,,,,,,,$123993,$57152,,,$61532,$8035,$109370,$16169
2016,6037534203,Census Tract 5342.03,Downey,Los Angeles County,California,Downey,49061.0,8275.0,52620.0,10952.0,,,,,,,,,47671.0,11064.0,,,,,49061.0,8736.0,$49061,$8275,$52620,$10952,,,,,,,,,$47671,$11064,,,,,$49061,$8736
2016,6037550300,Census Tract 5503,Downey,Los Angeles County,California,Downey,83242.0,7208.0,84088.0,15927.0,62752.0,58864.0,,,,,,,82723.0,24557.0,132186.0,91378.0,83081.0,9744.0,84270.0,22348.0,$83242,$7208,$84088,$15927,$62752,$58864,,,,,,,$82723,$24557,$132186,$91378,$83081,$9744,$84270,$22348
2016,6037550400,Census Tract 5504,Downey,Los Angeles County,California,Downey,87942.0,25123.0,80022.0,27210.0,,,,,81114.0,20961.0,,,126178.0,50277.0,,,74469.0,31916.0,97297.0,33394.0,$87942,$25123,$80022,$27210,,,,,$81114,$20961,,,$126178,$50277,,,$74469,$31916,$97297,$33394
2016,6037550500,Census Tract 5505,Downey,Los Angeles County,California,Downey,101073.0,18170.0,99881.0,6442.0,,,,,92366.0,52423.0,,,167242.0,121721.0,,,94019.0,30722.0,101458.0,26910.0,$101073,$18170,$99881,$6442,,,,,$92366,$52423,,,$167242,$121721,,,$94019,$30722,$101458,$26910
2016,6037550601,Census Tract 5506.01,Downey,Los Angeles County,California,Downey,86681.0,7168.0,86572.0,9964.0,,,,,94149.0,76430.0,,,65138.0,38400.0,219939.0,74236.0,84187.0,38333.0,86105.0,11878.0,$86681,$7168,$86572,$9964,,,,,$94149,$76430,,,$65138,$38400,$219939,$74236,$84187,$38333,$86105,$11878
2016,6037550602,Census Tract 5506.02,Downey,Los Angeles County,California,Downey,107061.0,17762.0,118040.0,27974.0,,,,,164777.0,120281.0,,,88625.0,19325.0,,,104173.0,54181.0,104938.0,17122.0,$107061,$17762,$118040,$27974,,,,,$164777,$120281,,,$88625,$19325,,,$104173,$54181,$104938,$17122
2016,6037550700,Census Tract 5507,Downey,Los Angeles County,California,Downey,116704.0,9496.0,116090.0,7181.0,,,,,,,,,139287.0,30394.0,,,95429.0,18791.0,127731.0,17244.0,$116704,$9496,$116090,$7181,,,,,,,,,$139287,$30394,,,$95429,$18791,$127731,$17244
2016,6037550800,Census Tract 5508,Downey,Los Angeles County,California,Downey,104031.0,9878.0,106186.0,14694.0,,,,,,,,,66162.0,51622.0,115919.0,47789.0,103465.0,21928.0,104732.0,20329.0,$104031,$9878,$106186,$14694,,,,,,,,,$66162,$51622,$115919,$47789,$103465,$21928,$104732,$20329
2016,6037550901,Census Tract 5509.01,Downey,Los Angeles County,California,Downey,65268.0,15401.0,73397.0,18472.0,,,,,,,,,,,,,41542.0,8187.0,75247.0,26172.0,$65268,$15401,$73397,$18472,,,,,,,,,,,,,$41542,$8187,$75247,$26172
2016,6037550902,Census Tract 5509.02,Downey,Los Angeles County,California,Downey,74436.0,10558.0,80459.0,13075.0,64844.0,54639.0,,,121388.0,40827.0,,,62167.0,20102.0,116443.0,19203.0,78984.0,13201.0,70492.0,10714.0,$74436,$10558,$80459,$13075,$64844,$54639,,,$121388,$40827,,,$62167,$20102,$116443,$19203,$78984,$13201,$70492,$10714
2016,6037551000,Census Tract 5510,Downey,Los Angeles County,California,Downey,90409.0,10286.0,89405.0,12740.0,,,,,148944.0,68510.0,,,67288.0,50197.0,,,89913.0,23476.0,87931.0,17868.0,$90409,$10286,$89405,$12740,,,,,$148944,$68510,,,$67288,$50197,,,$89913,$23476,$87931,$17868
2016,6037551101,Census Tract 5511.01,Downey,Los Angeles County,California,Downey,52501.0,5439.0,47794.0,8478.0,48956.0,25989.0,,,126443.0,7065.0,,,66542.0,23944.0,,,30234.0,7183.0,51912.0,5313.0,$52501,$5439,$47794,$8478,$48956,$25989,,,$126443,$7065,,,$66542,$23944,,,$30234,$7183,$51912,$5313
2016,6037551102,Census Tract 5511.02,Downey,Los Angeles County,California,Downey,61533.0,15143.0,57858.0,27144.0,99413.0,52605.0,,,75106.0,23248.0,,,55324.0,47750.0,111807.0,89314.0,70099.0,8201.0,48708.0,17588.0,$61533,$15143,$57858,$27144,$99413,$52605,,,$75106,$23248,,,$55324,$47750,$111807,$89314,$70099,$8201,$48708,$17588
2016,6037551201,Census Tract 5512.01,Downey,Los Angeles County,California,Downey,68005.0,17425.0,80542.0,15818.0,52651.0,42377.0,,,44244.0,35579.0,,,46351.0,30920.0,,,84556.0,32157.0,75593.0,28641.0,$68005,$17425,$80542,$15818,$52651,$42377,,,$44244,$35579,,,$46351,$30920,,,$84556,$32157,$75593,$28641
2016,6037551202,Census Tract 5512.02,Downey,Los Angeles County,California,Downey,92328.0,11636.0,93113.0,14738.0,42539.0,30852.0,,,149119.0,64893.0,,,94224.0,18956.0,70463.0,41887.0,85501.0,60128.0,94427.0,12559.0,$92328,$11636,$93113,$14738,$42539,$30852,,,$149119,$64893,,,$94224,$18956,$70463,$41887,$85501,$60128,$94427,$12559
2016,6037551300,Census Tract 5513,Downey,Los Angeles County,California,Downey,57321.0,14512.0,54152.0,7763.0,,,,,,,,,79368.0,17295.0,,,39328.0,19942.0,60631.0,22015.0,$57321,$14512,$54152,$7763,,,,,,,,,$79368,$17295,,,$39328,$19942,$60631,$22015
2016,6037551401,Census Tract 5514.01,Downey,Los Angeles County,California,Downey,77896.0,11894.0,86030.0,16973.0,,,,,53093.0,10199.0,,,67186.0,43584.0,,,93702.0,55817.0,78072.0,11645.0,$77896,$11894,$86030,$16973,,,,,$53093,$10199,,,$67186,$43584,,,$93702,$55817,$78072,$11645
2016,6037551402,Census Tract 5514.02,Downey,Los Angeles County,California,Downey,91986.0,10077.0,92105.0,34895.0,,,,,86850.0,21987.0,,,93457.0,47006.0,106842.0,36997.0,48306.0,31106.0,109955.0,43913.0,$91986,$10077,$92105,$34895,,,,,$86850,$21987,,,$93457,$47006,$106842,$36997,$48306,$31106,$109955,$43913
2016,6037551501,Census Tract 5515.01,Downey,Los Angeles County,California,Downey,80008.0,11025.0,84482.0,14129.0,66441.0,27490.0,,,105110.0,85733.0,,,55566.0,50004.0,,,74860.0,25496.0,81114.0,14380.0,$80008,$11025,$84482,$14129,$66441,$27490,,,$105110,$85733,,,$55566,$50004,,,$74860,$25496,$81114,$14380
2016,6037551502,Census Tract 5515.02,Downey,Los Angeles County,California,Downey,92981.0,35137.0,93457.0,35842.0,,,,,,,,,,,,,88161.0,45896.0,74469.0,62613.0,$92981,$35137,$93457,$35842,,,,,,,,,,,,,$88161,$45896,$74469,$62613
2016,6037551600,Census Tract 5516,Downey,Los Angeles County,California,Downey,,,,,,,,,,,,,,,,,,,,,,,,,,,,,,,,,,,,,,,,
2016,6037551700,Census Tract 5517,Downey,Los Angeles County,California,Downey,83884.0,14026.0,82917.0,18159.0,134497.0,62285.0,,,124357.0,37911.0,,,82123.0,36027.0,66162.0,14618.0,71078.0,10771.0,83637.0,21986.0,$83884,$14026,$82917,$18159,$134497,$62285,,,$124357,$37911,,,$82123,$36027,$66162,$14618,$71078,$10771,$83637,$21986
2016,6037551800,Census Tract 5518,Downey,Los Angeles County,California,Downey,80859.0,8677.0,77264.0,18381.0,72429.0,18078.0,,,110064.0,34353.0,,,86194.0,16721.0,114052.0,109589.0,106574.0,27079.0,76881.0,16944.0,$80859,$8677,$77264,$18381,$72429,$18078,,,$110064,$34353,,,$86194,$16721,$114052,$109589,$106574,$27079,$76881,$16944
2016,6037553400,Census Tract 5534,Downey,Los Angeles County,California,Downey,79777.0,11899.0,81278.0,16557.0,68320.0,9898.0,,,121590.0,76213.0,,,89067.0,26065.0,,,63908.0,48009.0,83245.0,9761.0,$79777,$11899,$81278,$16557,$68320,$9898,,,$121590,$76213,,,$89067,$26065,,,$63908,$48009,$83245,$9761
2017,6037502801,Census Tract 5028.01,Downey,Los Angeles County,California,Downey,103783.0,18256.0,103334.0,19112.0,,,,,,,,,95344.0,46522.0,,,68412.0,10356.0,110657.0,18101.0,$103783,$18256,$103334,$19112,,,,,,,,,$95344,$46522,,,$68412,$10356,$110657,$18101
2017,6037534203,Census Tract 5342.03,Downey,Los Angeles County,California,Downey,46593.0,5264.0,46804.0,5203.0,,,,,,,,,52060.0,18895.0,,,31449.0,28245.0,46715.0,5599.0,$46593,$5264,$46804,$5203,,,,,,,,,$52060,$18895,,,$31449,$28245,$46715,$5599
2017,6037550300,Census Tract 5503,Downey,Los Angeles County,California,Downey,86062.0,26153.0,84604.0,15644.0,61311.0,42226.0,,,,,,,106703.0,35904.0,133408.0,121825.0,84838.0,44145.0,98039.0,33460.0,$86062,$26153,$84604,$15644,$61311,$42226,,,,,,,$106703,$35904,$133408,$121825,$84838,$44145,$98039,$33460
2017,6037550400,Census Tract 5504,Downey,Los Angeles County,California,Downey,90257.0,28620.0,76458.0,20090.0,,,,,96595.0,17301.0,,,124239.0,43511.0,,,73970.0,57255.0,115208.0,40231.0,$90257,$28620,$76458,$20090,,,,,$96595,$17301,,,$124239,$43511,,,$73970,$57255,$115208,$40231
2017,6037550500,Census Tract 5505,Downey,Los Angeles County,California,Downey,125807.0,36750.0,126826.0,32014.0,,,,,87667.0,57803.0,,,,,,,95925.0,17189.0,127650.0,25023.0,$125807,$36750,$126826,$32014,,,,,$87667,$57803,,,,,,,$95925,$17189,$127650,$25023
2017,6037550601,Census Tract 5506.01,Downey,Los Angeles County,California,Downey,88541.0,3865.0,87748.0,10291.0,46711.0,25981.0,,,101087.0,64682.0,,,88305.0,16138.0,,,87254.0,6530.0,88861.0,10405.0,$88541,$3865,$87748,$10291,$46711,$25981,,,$101087,$64682,,,$88305,$16138,,,$87254,$6530,$88861,$10405
2017,6037550602,Census Tract 5506.02,Downey,Los Angeles County,California,Downey,114047.0,18772.0,123016.0,28719.0,,,,,110924.0,44996.0,,,86780.0,18523.0,,,101729.0,44726.0,121947.0,30102.0,$114047,$18772,$123016,$28719,,,,,$110924,$44996,,,$86780,$18523,,,$101729,$44726,$121947,$30102
2017,6037550700,Census Tract 5507,Downey,Los Angeles County,California,Downey,118259.0,12024.0,116541.0,10897.0,,,,,,,,,127988.0,43466.0,,,102265.0,21395.0,126703.0,11504.0,$118259,$12024,$116541,$10897,,,,,,,,,$127988,$43466,,,$102265,$21395,$126703,$11504
2017,6037550800,Census Tract 5508,Downey,Los Angeles County,California,Downey,101087.0,13048.0,103430.0,13260.0,,,,,217200.0,145309.0,,,61818.0,29348.0,116627.0,32076.0,103186.0,8228.0,91438.0,14956.0,$101087,$13048,$103430,$13260,,,,,$217200,$145309,,,$61818,$29348,$116627,$32076,$103186,$8228,$91438,$14956
2017,6037550901,Census Tract 5509.01,Downey,Los Angeles County,California,Downey,74394.0,11575.0,75045.0,11785.0,,,,,,,,,,,74977.0,63894.0,52951.0,31244.0,78142.0,16663.0,$74394,$11575,$75045,$11785,,,,,,,,,,,$74977,$63894,$52951,$31244,$78142,$16663
2017,6037550902,Census Tract 5509.02,Downey,Los Angeles County,California,Downey,70804.0,7923.0,80039.0,13039.0,59529.0,29998.0,,,123721.0,38255.0,,,50103.0,9428.0,94669.0,55726.0,77363.0,9078.0,66520.0,8815.0,$70804,$7923,$80039,$13039,$59529,$29998,,,$123721,$38255,,,$50103,$9428,$94669,$55726,$77363,$9078,$66520,$8815
2017,6037551000,Census Tract 5510,Downey,Los Angeles County,California,Downey,100429.0,23946.0,87689.0,11799.0,,,,,,,,,107175.0,28233.0,,,111160.0,33945.0,87641.0,9604.0,$100429,$23946,$87689,$11799,,,,,,,,,$107175,$28233,,,$111160,$33945,$87641,$9604
2017,6037551101,Census Tract 5511.01,Downey,Los Angeles County,California,Downey,54198.0,10689.0,49741.0,7131.0,,,,,122184.0,83612.0,,,70178.0,15976.0,,,29845.0,7391.0,55407.0,18143.0,$54198,$10689,$49741,$7131,,,,,$122184,$83612,,,$70178,$15976,,,$29845,$7391,$55407,$18143
2017,6037551102,Census Tract 5511.02,Downey,Los Angeles County,California,Downey,74977.0,17119.0,58493.0,19126.0,98681.0,32005.0,,,81104.0,23188.0,,,79097.0,18891.0,133179.0,81883.0,65787.0,33288.0,66429.0,25972.0,$74977,$17119,$58493,$19126,$98681,$32005,,,$81104,$23188,,,$79097,$18891,$133179,$81883,$65787,$33288,$66429,$25972
2017,6037551201,Census Tract 5512.01,Downey,Los Angeles County,California,Downey,67879.0,15056.0,76484.0,19586.0,56839.0,24495.0,,,,,,,61375.0,35913.0,,,82902.0,36406.0,74015.0,22456.0,$67879,$15056,$76484,$19586,$56839,$24495,,,,,,,$61375,$35913,,,$82902,$36406,$74015,$22456
2017,6037551202,Census Tract 5512.02,Downey,Los Angeles County,California,Downey,92980.0,6348.0,99262.0,10629.0,43081.0,42586.0,,,179753.0,25289.0,,,90140.0,18074.0,69638.0,10120.0,90604.0,64614.0,93004.0,10178.0,$92980,$6348,$99262,$10629,$43081,$42586,,,$179753,$25289,,,$90140,$18074,$69638,$10120,$90604,$64614,$93004,$10178
2017,6037551300,Census Tract 5513,Downey,Los Angeles County,California,Downey,62319.0,10181.0,54535.0,12415.0,,,,,81833.0,33175.0,,,77360.0,29275.0,,,46733.0,29027.0,64957.0,13499.0,$62319,$10181,$54535,$12415,,,,,$81833,$33175,,,$77360,$29275,,,$46733,$29027,$64957,$13499
2017,6037551401,Census Tract 5514.01,Downey,Los Angeles County,California,Downey,80825.0,12937.0,87284.0,18558.0,,,,,53664.0,38225.0,,,81684.0,13268.0,,,92351.0,22165.0,80100.0,14618.0,$80825,$12937,$87284,$18558,,,,,$53664,$38225,,,$81684,$13268,,,$92351,$22165,$80100,$14618
2017,6037551402,Census Tract 5514.02,Downey,Los Angeles County,California,Downey,90694.0,11982.0,86111.0,23224.0,,,,,69999.0,54936.0,,,92382.0,38746.0,110893.0,31784.0,43476.0,13600.0,95344.0,41336.0,$90694,$11982,$86111,$23224,,,,,$69999,$54936,,,$92382,$38746,$110893,$31784,$43476,$13600,$95344,$41336
2017,6037551501,Census Tract 5515.01,Downey,Los Angeles County,California,Downey,72488.0,7285.0,80195.0,19990.0,65615.0,7688.0,,,66339.0,62568.0,,,57229.0,28035.0,,,94848.0,80993.0,72031.0,9081.0,$72488,$7285,$80195,$19990,$65615,$7688,,,$66339,$62568,,,$57229,$28035,,,$94848,$80993,$72031,$9081
2017,6037551502,Census Tract 5515.02,Downey,Los Angeles County,California,Downey,102892.0,16078.0,94134.0,16784.0,,,,,,,,,103548.0,60468.0,,,90827.0,11777.0,103415.0,35126.0,$102892,$16078,$94134,$16784,,,,,,,,,$103548,$60468,,,$90827,$11777,$103415,$35126
2017,6037551600,Census Tract 5516,Downey,Los Angeles County,California,Downey,,,,,,,,,,,,,,,,,,,,,,,,,,,,,,,,,,,,,,,,
2017,6037551700,Census Tract 5517,Downey,Los Angeles County,California,Downey,80870.0,15432.0,85589.0,17474.0,137320.0,104721.0,,,123428.0,62790.0,,,65787.0,2884.0,68502.0,5456.0,71330.0,9715.0,81016.0,19408.0,$80870,$15432,$85589,$17474,$137320,$104721,,,$123428,$62790,,,$65787,$2884,$68502,$5456,$71330,$9715,$81016,$19408
2017,6037551800,Census Tract 5518,Downey,Los Angeles County,California,Downey,83664.0,7419.0,78431.0,23111.0,77363.0,28031.0,,,119347.0,14526.0,,,79392.0,24011.0,,,95471.0,49101.0,78892.0,5667.0,$83664,$7419,$78431,$23111,$77363,$28031,,,$119347,$14526,,,$79392,$24011,,,$95471,$49101,$78892,$5667
2017,6037553400,Census Tract 5534,Downey,Los Angeles County,California,Downey,77821.0,9070.0,78853.0,12622.0,,,,,148903.0,82489.0,,,75681.0,22622.0,,,74498.0,45879.0,79134.0,11250.0,$77821,$9070,$78853,$12622,,,,,$148903,$82489,,,$75681,$22622,,,$74498,$45879,$79134,$11250
2018,6037502801,Census Tract 5028.01,Downey,Los Angeles County,California,Downey,99095.0,15713.0,100244.0,19173.0,,,,,,,,,95154.0,37654.0,,,73014.0,27808.0,105138.0,22377.0,$99095,$15713,$100244,$19173,,,,,,,,,$95154,$37654,,,$73014,$27808,$105138,$22377
2018,6037534203,Census Tract 5342.03,Downey,Los Angeles County,California,Downey,44270.0,4260.0,44270.0,4253.0,,,,,,,,,54597.0,29957.0,,,,,44418.0,4270.0,$44270,$4260,$44270,$4253,,,,,,,,,$54597,$29957,,,,,$44418,$4270
2018,6037550300,Census Tract 5503,Downey,Los Angeles County,California,Downey,85570.0,23557.0,83085.0,36602.0,,,,,65204.0,32710.0,,,106594.0,20814.0,,,80214.0,24037.0,104444.0,17252.0,$85570,$23557,$83085,$36602,,,,,$65204,$32710,,,$106594,$20814,,,$80214,$24037,$104444,$17252
2018,6037550400,Census Tract 5504,Downey,Los Angeles County,California,Downey,102203.0,22570.0,102789.0,33223.0,,,,,99931.0,13391.0,,,109816.0,67027.0,,,39605.0,31697.0,114341.0,16395.0,$102203,$22570,$102789,$33223,,,,,$99931,$13391,,,$109816,$67027,,,$39605,$31697,$114341,$16395
2018,6037550500,Census Tract 5505,Downey,Los Angeles County,California,Downey,105651.0,33817.0,128517.0,20708.0,,,,,90569.0,28828.0,,,161210.0,148335.0,,,132175.0,64190.0,122884.0,40474.0,$105651,$33817,$128517,$20708,,,,,$90569,$28828,,,$161210,$148335,,,$132175,$64190,$122884,$40474
2018,6037550601,Census Tract 5506.01,Downey,Los Angeles County,California,Downey,90547.0,6074.0,94148.0,10541.0,,,,,93922.0,62135.0,,,87714.0,39916.0,133606.0,112983.0,82231.0,47167.0,91174.0,10249.0,$90547,$6074,$94148,$10541,,,,,$93922,$62135,,,$87714,$39916,$133606,$112983,$82231,$47167,$91174,$10249
2018,6037550602,Census Tract 5506.02,Downey,Los Angeles County,California,Downey,111208.0,21858.0,120867.0,30405.0,,,,,110212.0,76861.0,,,90324.0,28293.0,,,99461.0,60691.0,119333.0,33047.0,$111208,$21858,$120867,$30405,,,,,$110212,$76861,,,$90324,$28293,,,$99461,$60691,$119333,$33047
2018,6037550700,Census Tract 5507,Downey,Los Angeles County,California,Downey,123194.0,19901.0,115505.0,28630.0,,,,,,,,,126145.0,51743.0,,,115169.0,35084.0,127163.0,31643.0,$123194,$19901,$115505,$28630,,,,,,,,,$126145,$51743,,,$115169,$35084,$127163,$31643
2018,6037550800,Census Tract 5508,Downey,Los Angeles County,California,Downey,101753.0,11532.0,104823.0,20842.0,,,,,,,,,60288.0,21001.0,114689.0,25365.0,103028.0,23100.0,95858.0,16563.0,$101753,$11532,$104823,$20842,,,,,,,,,$60288,$21001,$114689,$25365,$103028,$23100,$95858,$16563
2018,6037550901,Census Tract 5509.01,Downey,Los Angeles County,California,Downey,75810.0,16456.0,77846.0,17226.0,,,,,,,,,,,55960.0,42531.0,46794.0,14037.0,87714.0,11366.0,$75810,$16456,$77846,$17226,,,,,,,,,,,$55960,$42531,$46794,$14037,$87714,$11366
2018,6037550902,Census Tract 5509.02,Downey,Los Angeles County,California,Downey,71469.0,12747.0,89977.0,21739.0,62827.0,29729.0,,,104943.0,47838.0,,,49423.0,15201.0,127028.0,67898.0,83015.0,28752.0,68004.0,10989.0,$71469,$12747,$89977,$21739,$62827,$29729,,,$104943,$47838,,,$49423,$15201,$127028,$67898,$83015,$28752,$68004,$10989
2018,6037551000,Census Tract 5510,Downey,Los Angeles County,California,Downey,107848.0,17874.0,92722.0,16445.0,,,,,,,,,108592.0,37341.0,,,94188.0,36990.0,101517.0,26611.0,$107848,$17874,$92722,$16445,,,,,,,,,$108592,$37341,,,$94188,$36990,$101517,$26611
2018,6037551101,Census Tract 5511.01,Downey,Los Angeles County,California,Downey,63601.0,14558.0,49163.0,5873.0,,,,,124023.0,35845.0,,,68042.0,10676.0,,,33589.0,11083.0,61086.0,15218.0,$63601,$14558,$49163,$5873,,,,,$124023,$35845,,,$68042,$10676,,,$33589,$11083,$61086,$15218
2018,6037551102,Census Tract 5511.02,Downey,Los Angeles County,California,Downey,75288.0,5918.0,65785.0,13233.0,,,,,77142.0,13559.0,,,77593.0,16381.0,109978.0,49949.0,82872.0,28280.0,72376.0,15679.0,$75288,$5918,$65785,$13233,,,,,$77142,$13559,,,$77593,$16381,$109978,$49949,$82872,$28280,$72376,$15679
2018,6037551201,Census Tract 5512.01,Downey,Los Angeles County,California,Downey,76198.0,11043.0,81644.0,20134.0,55632.0,26849.0,,,,,,,76647.0,12062.0,,,82231.0,33534.0,77070.0,15153.0,$76198,$11043,$81644,$20134,$55632,$26849,,,,,,,$76647,$12062,,,$82231,$33534,$77070,$15153
2018,6037551202,Census Tract 5512.02,Downey,Los Angeles County,California,Downey,90332.0,11336.0,98727.0,10092.0,38777.0,4690.0,,,162831.0,45508.0,,,80693.0,14251.0,,,70093.0,56967.0,94303.0,10487.0,$90332,$11336,$98727,$10092,$38777,$4690,,,$162831,$45508,,,$80693,$14251,,,$70093,$56967,$94303,$10487
2018,6037551300,Census Tract 5513,Downey,Los Angeles County,California,Downey,64899.0,13816.0,54696.0,12317.0,74118.0,70208.0,,,79552.0,19425.0,,,77177.0,15276.0,,,45374.0,18262.0,66628.0,14394.0,$64899,$13816,$54696,$12317,$74118,$70208,,,$79552,$19425,,,$77177,$15276,,,$45374,$18262,$66628,$14394
2018,6037551401,Census Tract 5514.01,Downey,Los Angeles County,California,Downey,76892.0,16864.0,75396.0,22170.0,,,,,87923.0,87320.0,,,83304.0,18960.0,,,75183.0,28526.0,76704.0,16564.0,$76892,$16864,$75396,$22170,,,,,$87923,$87320,,,$83304,$18960,,,$75183,$28526,$76704,$16564
2018,6037551402,Census Tract 5514.02,Downey,Los Angeles County,California,Downey,95303.0,5705.0,95068.0,15191.0,103859.0,81557.0,,,106957.0,100788.0,,,92925.0,34387.0,111991.0,52220.0,71623.0,37087.0,96541.0,42393.0,$95303,$5705,$95068,$15191,$103859,$81557,,,$106957,$100788,,,$92925,$34387,$111991,$52220,$71623,$37087,$96541,$42393
2018,6037551501,Census Tract 5515.01,Downey,Los Angeles County,California,Downey,88812.0,18995.0,97254.0,23118.0,68835.0,3747.0,,,,,,,88810.0,36795.0,,,124717.0,66042.0,87752.0,26003.0,$88812,$18995,$97254,$23118,$68835,$3747,,,,,,,$88810,$36795,,,$124717,$66042,$87752,$26003
2018,6037551502,Census Tract 5515.02,Downey,Los Angeles County,California,Downey,103888.0,7736.0,89616.0,14267.0,,,,,,,,,106153.0,12903.0,,,87126.0,22010.0,104117.0,11343.0,$103888,$7736,$89616,$14267,,,,,,,,,$106153,$12903,,,$87126,$22010,$104117,$11343
2018,6037551600,Census Tract 5516,Downey,Los Angeles County,California,Downey,,,,,,,,,,,,,,,,,,,,,,,,,,,,,,,,,,,,,,,,
2018,6037551700,Census Tract 5517,Downey,Los Angeles County,California,Downey,81506.0,11126.0,94147.0,22569.0,,,,,122956.0,37749.0,,,67677.0,6461.0,,,71901.0,15136.0,82461.0,10920.0,$81506,$11126,$94147,$22569,,,,,$122956,$37749,,,$67677,$6461,,,$71901,$15136,$82461,$10920
2018,6037551800,Census Tract 5518,Downey,Los Angeles County,California,Downey,87443.0,16340.0,93886.0,29805.0,46507.0,45796.0,,,119333.0,12047.0,,,89448.0,45860.0,,,111635.0,47498.0,86689.0,24408.0,$87443,$16340,$93886,$29805,$46507,$45796,,,$119333,$12047,,,$89448,$45860,,,$111635,$47498,$86689,$24408
2018,6037553400,Census Tract 5534,Downey,Los Angeles County,California,Downey,82492.0,9123.0,83421.0,10646.0,,,,,120432.0,118164.0,,,77244.0,20139.0,194483.0,93876.0,72478.0,34330.0,84117.0,11703.0,$82492,$9123,$83421,$10646,,,,,$120432,$118164,,,$77244,$20139,$194483,$93876,$72478,$34330,$84117,$11703
2019,6037502801,Census Tract 5028.01,Downey,Los Angeles County,California,Downey,104807.0,12244.0,107525.0,16032.0,,,,,,,,,93923.0,31886.0,103072.0,64116.0,104610.0,35858.0,104050.0,16082.0,$104807,$12244,$107525,$16032,,,,,,,,,$93923,$31886,$103072,$64116,$104610,$35858,$104050,$16082
2019,6037534203,Census Tract 5342.03,Downey,Los Angeles County,California,Downey,42528.0,5875.0,41106.0,6235.0,,,,,,,,,65637.0,19744.0,,,,,42975.0,5712.0,$42528,$5875,$41106,$6235,,,,,,,,,$65637,$19744,,,,,$42975,$5712
2019,6037550300,Census Tract 5503,Downey,Los Angeles County,California,Downey,98058.0,18568.0,83866.0,23301.0,105450.0,59745.0,,,66711.0,60694.0,,,122632.0,22379.0,,,73158.0,11899.0,120340.0,22789.0,$98058,$18568,$83866,$23301,$105450,$59745,,,$66711,$60694,,,$122632,$22379,,,$73158,$11899,$120340,$22789
2019,6037550400,Census Tract 5504,Downey,Los Angeles County,California,Downey,96479.0,27570.0,103072.0,32562.0,,,,,101534.0,20422.0,,,79634.0,56450.0,,,37581.0,24635.0,109226.0,28431.0,$96479,$27570,$103072,$32562,,,,,$101534,$20422,,,$79634,$56450,,,$37581,$24635,$109226,$28431
2019,6037550500,Census Tract 5505,Downey,Los Angeles County,California,Downey,106671.0,17598.0,127260.0,18639.0,,,,,,,,,,,103664.0,70024.0,134155.0,32326.0,104610.0,29115.0,$106671,$17598,$127260,$18639,,,,,,,,,,,$103664,$70024,$134155,$32326,$104610,$29115
2019,6037550601,Census Tract 5506.01,Downey,Los Angeles County,California,Downey,95124.0,7616.0,96891.0,12108.0,,,,,136029.0,64631.0,,,90893.0,30470.0,,,88777.0,33689.0,94009.0,8224.0,$95124,$7616,$96891,$12108,,,,,$136029,$64631,,,$90893,$30470,,,$88777,$33689,$94009,$8224
2019,6037550602,Census Tract 5506.02,Downey,Los Angeles County,California,Downey,107687.0,27748.0,117879.0,35134.0,,,,,85870.0,47609.0,,,,,189222.0,78720.0,95033.0,27892.0,138856.0,31786.0,$107687,$27748,$117879,$35134,,,,,$85870,$47609,,,,,$189222,$78720,$95033,$27892,$138856,$31786
2019,6037550700,Census Tract 5507,Downey,Los Angeles County,California,Downey,124110.0,17887.0,113144.0,18210.0,,,,,,,,,143902.0,7977.0,,,112948.0,26025.0,129724.0,23984.0,$124110,$17887,$113144,$18210,,,,,,,,,$143902,$7977,,,$112948,$26025,$129724,$23984
2019,6037550800,Census Tract 5508,Downey,Los Angeles County,California,Downey,101508.0,11823.0,101072.0,15082.0,,,,,217004.0,123181.0,,,59895.0,20303.0,118969.0,81112.0,103156.0,21370.0,88542.0,25115.0,$101508,$11823,$101072,$15082,,,,,$217004,$123181,,,$59895,$20303,$118969,$81112,$103156,$21370,$88542,$25115
2019,6037550901,Census Tract 5509.01,Downey,Los Angeles County,California,Downey,84166.0,13790.0,80765.0,18171.0,,,,,145927.0,109558.0,,,87128.0,53559.0,,,43556.0,7287.0,90445.0,8713.0,$84166,$13790,$80765,$18171,,,,,$145927,$109558,,,$87128,$53559,,,$43556,$7287,$90445,$8713
2019,6037550902,Census Tract 5509.02,Downey,Los Angeles County,California,Downey,77787.0,17567.0,93710.0,20170.0,,,,,107687.0,44095.0,,,51819.0,22598.0,127481.0,87741.0,79117.0,34126.0,73018.0,24777.0,$77787,$17567,$93710,$20170,,,,,$107687,$44095,,,$51819,$22598,$127481,$87741,$79117,$34126,$73018,$24777
2019,6037551000,Census Tract 5510,Downey,Los Angeles County,California,Downey,118781.0,17608.0,104362.0,37041.0,,,,,117952.0,42159.0,,,126046.0,60476.0,,,107003.0,42290.0,117509.0,28357.0,$118781,$17608,$104362,$37041,,,,,$117952,$42159,,,$126046,$60476,,,$107003,$42290,$117509,$28357
2019,6037551101,Census Tract 5511.01,Downey,Los Angeles County,California,Downey,67134.0,7932.0,48040.0,7559.0,,,,,124438.0,39953.0,,,77858.0,10338.0,,,39119.0,20479.0,67583.0,9565.0,$67134,$7932,$48040,$7559,,,,,$124438,$39953,,,$77858,$10338,,,$39119,$20479,$67583,$9565
2019,6037551102,Census Tract 5511.02,Downey,Los Angeles County,California,Downey,73113.0,8840.0,63596.0,14501.0,36358.0,28704.0,,,77305.0,21494.0,,,78299.0,9139.0,111379.0,36735.0,52177.0,38548.0,75022.0,16615.0,$73113,$8840,$63596,$14501,$36358,$28704,,,$77305,$21494,,,$78299,$9139,$111379,$36735,$52177,$38548,$75022,$16615
2019,6037551201,Census Tract 5512.01,Downey,Los Angeles County,California,Downey,75077.0,9383.0,76517.0,25682.0,,,,,,,,,74982.0,20484.0,59997.0,40269.0,82304.0,39849.0,75333.0,6032.0,$75077,$9383,$76517,$25682,,,,,,,,,$74982,$20484,$59997,$40269,$82304,$39849,$75333,$6032
2019,6037551202,Census Tract 5512.02,Downey,Los Angeles County,California,Downey,90031.0,19524.0,95150.0,18003.0,38206.0,917.0,,,161897.0,105157.0,,,90216.0,28848.0,,,89786.0,62007.0,93034.0,15468.0,$90031,$19524,$95150,$18003,$38206,$917,,,$161897,$105157,,,$90216,$28848,,,$89786,$62007,$93034,$15468
2019,6037551300,Census Tract 5513,Downey,Los Angeles County,California,Downey,71535.0,14286.0,68699.0,14333.0,,,,,81192.0,27234.0,,,65796.0,24676.0,,,44948.0,16334.0,72016.0,14978.0,$71535,$14286,$68699,$14333,,,,,$81192,$27234,,,$65796,$24676,,,$44948,$16334,$72016,$14978
2019,6037551401,Census Tract 5514.01,Downey,Los Angeles County,California,Downey,81079.0,13066.0,73707.0,17019.0,,,,,125612.0,47819.0,,,82666.0,25271.0,,,75535.0,18149.0,77548.0,16748.0,$81079,$13066,$73707,$17019,,,,,$125612,$47819,,,$82666,$25271,,,$75535,$18149,$77548,$16748
2019,6037551402,Census Tract 5514.02,Downey,Los Angeles County,California,Downey,97661.0,12147.0,97178.0,22612.0,105585.0,80906.0,,,,,,,96383.0,23542.0,,,79688.0,40652.0,111463.0,36545.0,$97661,$12147,$97178,$22612,$105585,$80906,,,,,,,$96383,$23542,,,$79688,$40652,$111463,$36545
2019,6037551501,Census Tract 5515.01,Downey,Los Angeles County,California,Downey,88188.0,15079.0,92247.0,21867.0,66846.0,2652.0,,,174703.0,118960.0,,,87352.0,29110.0,,,119408.0,44901.0,79336.0,16862.0,$88188,$15079,$92247,$21867,$66846,$2652,,,$174703,$118960,,,$87352,$29110,,,$119408,$44901,$79336,$16862
2019,6037551502,Census Tract 5515.02,Downey,Los Angeles County,California,Downey,105553.0,5768.0,91073.0,18857.0,,,,,,,,,113071.0,34427.0,,,91482.0,40085.0,106264.0,8099.0,$105553,$5768,$91073,$18857,,,,,,,,,$113071,$34427,,,$91482,$40085,$106264,$8099
2019,6037551600,Census Tract 5516,Downey,Los Angeles County,California,Downey,,,,,,,,,,,,,,,,,,,,,,,,,,,,,,,,,,,,,,,,
2019,6037551700,Census Tract 5517,Downey,Los Angeles County,California,Downey,91357.0,14058.0,97965.0,13715.0,,,,,128263.0,76833.0,,,66887.0,3565.0,145891.0,141781.0,78586.0,28672.0,92008.0,13338.0,$91357,$14058,$97965,$13715,,,,,$128263,$76833,,,$66887,$3565,$145891,$141781,$78586,$28672,$92008,$13338
2019,6037551800,Census Tract 5518,Downey,Los Angeles County,California,Downey,97389.0,10818.0,91919.0,16242.0,64847.0,49487.0,,,115178.0,62482.0,,,118082.0,22696.0,,,105606.0,42002.0,100329.0,13241.0,$97389,$10818,$91919,$16242,$64847,$49487,,,$115178,$62482,,,$118082,$22696,,,$105606,$42002,$100329,$13241
2019,6037553400,Census Tract 5534,Downey,Los Angeles County,California,Downey,86964.0,9366.0,84611.0,16496.0,,,,,85381.0,83162.0,,,81920.0,17877.0,187991.0,181013.0,47306.0,17636.0,93048.0,9908.0,$86964,$9366,$84611,$16496,,,,,$85381,$83162,,,$81920,$17877,$187991,$181013,$47306,$17636,$93048,$9908
2020,6037550501,Census Tract 5505.01,Downey,Los Angeles County,California,Downey,77165.0,13107.0,53933.0,36967.0,,,,,,,,,78406.0,63229.0,,,67234.0,60834.0,78496.0,12663.0,$77165,$13107,$53933,$36967,,,,,,,,,$78406,$63229,,,$67234,$60834,$78496,$12663
2020,6037550502,Census Tract 5505.02,Downey,Los Angeles County,California,Downey,147264.0,53944.0,176435.0,64363.0,,,,,,,,,,,,,144076.0,74957.0,149458.0,83844.0,$147264,$53944,$176435,$64363,,,,,,,,,,,,,$144076,$74957,$149458,$83844
2020,6037550601,Census Tract 5506.01,Downey,Los Angeles County,California,Downey,97650.0,7595.0,124491.0,43551.0,,,,,93597.0,67105.0,,,97358.0,19169.0,,,132386.0,57012.0,97232.0,8157.0,$97650,$7595,$124491,$43551,,,,,$93597,$67105,,,$97358,$19169,,,$132386,$57012,$97232,$8157
2020,6037550602,Census Tract 5506.02,Downey,Los Angeles County,California,Downey,109499.0,23950.0,121117.0,30218.0,,,,,53474.0,16831.0,,,200300.0,99594.0,,,102858.0,48300.0,138106.0,23135.0,$109499,$23950,$121117,$30218,,,,,$53474,$16831,,,$200300,$99594,,,$102858,$48300,$138106,$23135
2020,6037550700,Census Tract 5507,Downey,Los Angeles County,California,Downey,135073.0,15674.0,122169.0,19228.0,,,,,122908.0,17191.0,,,142710.0,32476.0,212804.0,102999.0,135845.0,33140.0,136809.0,30660.0,$135073,$15674,$122169,$19228,,,,,$122908,$17191,,,$142710,$32476,$212804,$102999,$135845,$33140,$136809,$30660
2020,6037550801,Census Tract 5508.01,Downey,Los Angeles County,California,Downey,95920.0,24064.0,99254.0,28594.0,,,,,247530.0,68873.0,,,65711.0,39581.0,,,118868.0,41583.0,69889.0,25233.0,$95920,$24064,$99254,$28594,,,,,$247530,$68873,,,$65711,$39581,,,$118868,$41583,$69889,$25233
2020,6037550802,Census Tract 5508.02,Downey,Los Angeles County,California,Downey,103257.0,24836.0,93387.0,28413.0,,,,,,,,,84876.0,43398.0,,,136975.0,48221.0,84640.0,26155.0,$103257,$24836,$93387,$28413,,,,,,,,,$84876,$43398,,,$136975,$48221,$84640,$26155
2020,6037550901,Census Tract 5509.01,Downey,Los Angeles County,California,Downey,80464.0,15505.0,57509.0,20436.0,,,,,143279.0,84133.0,,,92453.0,23529.0,,,46511.0,10297.0,81982.0,15261.0,$80464,$15505,$57509,$20436,,,,,$143279,$84133,,,$92453,$23529,,,$46511,$10297,$81982,$15261
2020,6037550902,Census Tract 5509.02,Downey,Los Angeles County,California,Downey,81087.0,16061.0,89573.0,19225.0,85995.0,60724.0,,,111776.0,95732.0,,,60248.0,23495.0,103938.0,102915.0,96191.0,7412.0,71719.0,15012.0,$81087,$16061,$89573,$19225,$85995,$60724,,,$111776,$95732,,,$60248,$23495,$103938,$102915,$96191,$7412,$71719,$15012
2020,6037551001,Census Tract 5510.01,Downey,Los Angeles County,California,Downey,106780.0,35863.0,121551.0,49685.0,,,,,,,,,93706.0,70107.0,,,96375.0,49469.0,99514.0,34807.0,$106780,$35863,$121551,$49685,,,,,,,,,$93706,$70107,,,$96375,$49469,$99514,$34807
2020,6037551002,Census Tract 5510.02,Downey,Los Angeles County,California,Downey,116605.0,37765.0,84318.0,66826.0,,,,,116367.0,35358.0,,,151786.0,40446.0,,,70107.0,36757.0,140420.0,24076.0,$116605,$37765,$84318,$66826,,,,,$116367,$35358,,,$151786,$40446,,,$70107,$36757,$140420,$24076
2020,6037551101,Census Tract 5511.01,Downey,Los Angeles County,California,Downey,60811.0,24756.0,49879.0,9144.0,86385.0,79899.0,,,125413.0,53730.0,,,70444.0,12730.0,35094.0,729.0,40485.0,15987.0,60728.0,26463.0,$60811,$24756,$49879,$9144,$86385,$79899,,,$125413,$53730,,,$70444,$12730,$35094,$729,$40485,$15987,$60728,$26463
2020,6037551102,Census Tract 5511.02,Downey,Los Angeles County,California,Downey,71810.0,8660.0,61773.0,14567.0,34593.0,28201.0,,,74239.0,33446.0,,,73126.0,10316.0,135492.0,29752.0,,,72194.0,10839.0,$71810,$8660,$61773,$14567,$34593,$28201,,,$74239,$33446,,,$73126,$10316,$135492,$29752,,,$72194,$10839
2020,6037551201,Census Tract 5512.01,Downey,Los Angeles County,California,Downey,72449.0,5377.0,71355.0,21975.0,71029.0,26231.0,,,,,,,77889.0,11358.0,69161.0,20248.0,58298.0,18184.0,75736.0,5514.0,$72449,$5377,$71355,$21975,$71029,$26231,,,,,,,$77889,$11358,$69161,$20248,$58298,$18184,$75736,$5514
2020,6037551203,Census Tract 5512.03,Downey,Los Angeles County,California,Downey,93653.0,17072.0,101269.0,35969.0,,,,,,,,,88510.0,21421.0,92759.0,1099.0,103797.0,92240.0,92460.0,6209.0,$93653,$17072,$101269,$35969,,,,,,,,,$88510,$21421,$92759,$1099,$103797,$92240,$92460,$6209
2020,6037551204,Census Tract 5512.04,Downey,Los Angeles County,California,Downey,81491.0,23164.0,97923.0,25886.0,27092.0,25106.0,,,,,,,81313.0,33660.0,,,,,81937.0,23219.0,$81491,$23164,$97923,$25886,$27092,$25106,,,,,,,$81313,$33660,,,,,$81937,$23219
2020,6037551300,Census Tract 5513,Downey,Los Angeles County,California,Downey,73548.0,11796.0,67268.0,27418.0,,,,,85651.0,37112.0,,,76724.0,11594.0,53169.0,1071.0,45242.0,32178.0,71843.0,13352.0,$73548,$11796,$67268,$27418,,,,,$85651,$37112,,,$76724,$11594,$53169,$1071,$45242,$32178,$71843,$13352
2020,6037551401,Census Tract 5514.01,Downey,Los Angeles County,California,Downey,74609.0,8747.0,71631.0,7412.0,,,,,121855.0,85523.0,,,79526.0,18394.0,,,77428.0,26316.0,71409.0,8448.0,$74609,$8747,$71631,$7412,,,,,$121855,$85523,,,$79526,$18394,,,$77428,$26316,$71409,$8448
2020,6037551402,Census Tract 5514.02,Downey,Los Angeles County,California,Downey,96658.0,21268.0,96966.0,38460.0,,,189065.0,123480.0,196497.0,123961.0,,,94064.0,31907.0,,,73557.0,18139.0,112346.0,35113.0,$96658,$21268,$96966,$38460,,,$189065,$123480,$196497,$123961,,,$94064,$31907,,,$73557,$18139,$112346,$35113
2020,6037551501,Census Tract 5515.01,Downey,Los Angeles County,California,Downey,94854.0,13767.0,99821.0,19606.0,70771.0,45028.0,,,174288.0,83887.0,,,68318.0,46059.0,,,90427.0,26148.0,95863.0,19693.0,$94854,$13767,$99821,$19606,$70771,$45028,,,$174288,$83887,,,$68318,$46059,,,$90427,$26148,$95863,$19693
2020,6037551502,Census Tract 5515.02,Downey,Los Angeles County,California,Downey,105305.0,15122.0,83432.0,10630.0,,,,,108165.0,8684.0,,,155159.0,58320.0,,,102099.0,46894.0,103663.0,35308.0,$105305,$15122,$83432,$10630,,,,,$108165,$8684,,,$155159,$58320,,,$102099,$46894,$103663,$35308
2020,6037551700,Census Tract 5517,Downey,Los Angeles County,California,Downey,88835.0,17383.0,94408.0,11760.0,,,,,97019.0,74135.0,,,68649.0,18674.0,,,70512.0,27767.0,89163.0,16831.0,$88835,$17383,$94408,$11760,,,,,$97019,$74135,,,$68649,$18674,,,$70512,$27767,$89163,$16831
2020,6037551801,Census Tract 5518.01,Downey,Los Angeles County,California,Downey,107241.0,19871.0,108288.0,16658.0,,,,,162446.0,151158.0,,,96716.0,44026.0,,,107608.0,29392.0,112686.0,30151.0,$107241,$19871,$108288,$16658,,,,,$162446,$151158,,,$96716,$44026,,,$107608,$29392,$112686,$30151
2020,6037551802,Census Tract 5518.02,Downey,Los Angeles County,California,Downey,87694.0,15411.0,85405.0,14129.0,,,,,115176.0,53722.0,,,96815.0,26291.0,225257.0,194709.0,79530.0,32370.0,95913.0,14715.0,$87694,$15411,$85405,$14129,,,,,$115176,$53722,,,$96815,$26291,$225257,$194709,$79530,$32370,$95913,$14715
2020,6037553400,Census Tract 5534,Downey,Los Angeles County,California,Downey,102394.0,9048.0,97074.0,15445.0,53947.0,46923.0,,,152738.0,25145.0,,,104248.0,19826.0,,,52630.0,23647.0,103345.0,9550.0,$102394,$9048,$97074,$15445,$53947,$46923,,,$152738,$25145,,,$104248,$19826,,,$52630,$23647,$103345,$9550
2020,6037577800,Census Tract 5778,Downey,Los Angeles County,California,Downey,118419.0,28739.0,109076.0,35213.0,,,,,156795.0,24123.0,,,125672.0,41823.0,,,137465.0,137236.0,114244.0,25978.0,$118419,$28739,$109076,$35213,,,,,$156795,$24123,,,$125672,$41823,,,$137465,$137236,$114244,$25978
2020,6037980012,Census Tract 9800.12,Downey,Los Angeles County,California,Downey,,,,,,,,,,,,,,,,,,,,,,,,,,,,,,,,,,,,,,,,
2021,6037550501,Census Tract 5505.01,Downey,Los Angeles County,California,Downey,69238.0,22381.0,48667.0,36697.0,,,,,2895.0,,,,76623.0,31793.0,75670.0,49537.0,44895.0,44443.0,76957.0,15892.0,$69238,$22381,$48667,$36697,,,,,$2895,,,,$76623,$31793,$75670,$49537,$44895,$44443,$76957,$15892
2021,6037550502,Census Tract 5505.02,Downey,Los Angeles County,California,Downey,149949.0,37517.0,177740.0,57785.0,,,,,,,,,,,,,160607.0,66290.0,150223.0,62174.0,$149949,$37517,$177740,$57785,,,,,,,,,,,,,$160607,$66290,$150223,$62174
2021,6037550601,Census Tract 5506.01,Downey,Los Angeles County,California,Downey,100116.0,15560.0,130558.0,24776.0,,,,,153097.0,100325.0,,,96716.0,16039.0,85659.0,61264.0,132216.0,106388.0,97414.0,13157.0,$100116,$15560,$130558,$24776,,,,,$153097,$100325,,,$96716,$16039,$85659,$61264,$132216,$106388,$97414,$13157
2021,6037550602,Census Tract 5506.02,Downey,Los Angeles County,California,Downey,119551.0,23126.0,125705.0,46155.0,,,,,57929.0,34021.0,,,168717.0,69527.0,119261.0,43063.0,114570.0,74311.0,128891.0,30838.0,$119551,$23126,$125705,$46155,,,,,$57929,$34021,,,$168717,$69527,$119261,$43063,$114570,$74311,$128891,$30838
2021,6037550700,Census Tract 5507,Downey,Los Angeles County,California,Downey,118663.0,20142.0,111351.0,13354.0,,,,,,,,,141256.0,78151.0,143212.0,52262.0,111553.0,21977.0,125772.0,29321.0,$118663,$20142,$111351,$13354,,,,,,,,,$141256,$78151,$143212,$52262,$111553,$21977,$125772,$29321
2021,6037550801,Census Tract 5508.01,Downey,Los Angeles County,California,Downey,97155.0,21736.0,97886.0,41868.0,,,,,,,,,96013.0,56576.0,,,117902.0,55650.0,94985.0,24043.0,$97155,$21736,$97886,$41868,,,,,,,,,$96013,$56576,,,$117902,$55650,$94985,$24043
2021,6037550802,Census Tract 5508.02,Downey,Los Angeles County,California,Downey,91046.0,19844.0,92324.0,29639.0,,,,,,,,,80255.0,37808.0,,,137821.0,39742.0,82855.0,26137.0,$91046,$19844,$92324,$29639,,,,,,,,,$80255,$37808,,,$137821,$39742,$82855,$26137
2021,6037550901,Census Tract 5509.01,Downey,Los Angeles County,California,Downey,84534.0,6788.0,59657.0,21635.0,85865.0,58259.0,,,135611.0,117411.0,,,134845.0,41982.0,77201.0,39420.0,69587.0,40708.0,83430.0,8184.0,$84534,$6788,$59657,$21635,$85865,$58259,,,$135611,$117411,,,$134845,$41982,$77201,$39420,$69587,$40708,$83430,$8184
2021,6037550902,Census Tract 5509.02,Downey,Los Angeles County,California,Downey,83651.0,17290.0,95705.0,16476.0,,,,,92028.0,40672.0,,,70304.0,18853.0,71376.0,65462.0,97539.0,8916.0,76978.0,16961.0,$83651,$17290,$95705,$16476,,,,,$92028,$40672,,,$70304,$18853,$71376,$65462,$97539,$8916,$76978,$16961
2021,6037551001,Census Tract 5510.01,Downey,Los Angeles County,California,Downey,97030.0,31284.0,97852.0,43632.0,,,,,,,,,108133.0,63628.0,84111.0,37241.0,122625.0,42152.0,96663.0,26315.0,$97030,$31284,$97852,$43632,,,,,,,,,$108133,$63628,$84111,$37241,$122625,$42152,$96663,$26315
2021,6037551002,Census Tract 5510.02,Downey,Los Angeles County,California,Downey,115374.0,21551.0,84720.0,53151.0,,,,,116681.0,53921.0,,,150904.0,40558.0,,,54156.0,19929.0,139564.0,49547.0,$115374,$21551,$84720,$53151,,,,,$116681,$53921,,,$150904,$40558,,,$54156,$19929,$139564,$49547
2021,6037551101,Census Tract 5511.01,Downey,Los Angeles County,California,Downey,63651.0,19236.0,50687.0,19842.0,,,,,52860.0,21021.0,,,79569.0,18397.0,33524.0,905.0,49480.0,3040.0,66999.0,20832.0,$63651,$19236,$50687,$19842,,,,,$52860,$21021,,,$79569,$18397,$33524,$905,$49480,$3040,$66999,$20832
2021,6037551102,Census Tract 5511.02,Downey,Los Angeles County,California,Downey,70307.0,8517.0,53733.0,11550.0,32344.0,31257.0,,,89145.0,22153.0,,,75509.0,9391.0,100107.0,63463.0,,,71376.0,9804.0,$70307,$8517,$53733,$11550,$32344,$31257,,,$89145,$22153,,,$75509,$9391,$100107,$63463,,,$71376,$9804
2021,6037551201,Census Tract 5512.01,Downey,Los Angeles County,California,Downey,75133.0,9632.0,83755.0,26324.0,64997.0,22874.0,,,,,,,77682.0,13064.0,74358.0,60769.0,82789.0,51210.0,77132.0,12240.0,$75133,$9632,$83755,$26324,$64997,$22874,,,,,,,$77682,$13064,$74358,$60769,$82789,$51210,$77132,$12240
2021,6037551203,Census Tract 5512.03,Downey,Los Angeles County,California,Downey,97116.0,21605.0,101463.0,41344.0,,,,,,,,,90497.0,42472.0,,,,,92177.0,13598.0,$97116,$21605,$101463,$41344,,,,,,,,,$90497,$42472,,,,,$92177,$13598
2021,6037551204,Census Tract 5512.04,Downey,Los Angeles County,California,Downey,69131.0,14912.0,99848.0,28799.0,,,,,,,,,,,54286.0,10528.0,,,59245.0,17173.0,$69131,$14912,$99848,$28799,,,,,,,,,,,$54286,$10528,,,$59245,$17173
2021,6037551300,Census Tract 5513,Downey,Los Angeles County,California,Downey,71611.0,12745.0,63178.0,29351.0,141822.0,66168.0,,,81010.0,44727.0,,,72121.0,11763.0,58230.0,13211.0,43516.0,12374.0,71849.0,12922.0,$71611,$12745,$63178,$29351,$141822,$66168,,,$81010,$44727,,,$72121,$11763,$58230,$13211,$43516,$12374,$71849,$12922
2021,6037551401,Census Tract 5514.01,Downey,Los Angeles County,California,Downey,73156.0,12926.0,71575.0,11543.0,,,,,121705.0,91879.0,,,78687.0,23262.0,119297.0,73422.0,76887.0,26378.0,70657.0,12874.0,$73156,$12926,$71575,$11543,,,,,$121705,$91879,,,$78687,$23262,$119297,$73422,$76887,$26378,$70657,$12874
2021,6037551402,Census Tract 5514.02,Downey,Los Angeles County,California,Downey,97552.0,17504.0,97852.0,38510.0,,,188027.0,117019.0,196233.0,128275.0,,,92408.0,31112.0,,,75501.0,29663.0,113865.0,39913.0,$97552,$17504,$97852,$38510,,,$188027,$117019,$196233,$128275,,,$92408,$31112,,,$75501,$29663,$113865,$39913
2021,6037551501,Census Tract 5515.01,Downey,Los Angeles County,California,Downey,88407.0,17576.0,88573.0,25368.0,,,,,187854.0,52993.0,,,70158.0,46408.0,173979.0,159598.0,88384.0,5592.0,87409.0,35572.0,$88407,$17576,$88573,$25368,,,,,$187854,$52993,,,$70158,$46408,$173979,$159598,$88384,$5592,$87409,$35572
2021,6037551502,Census Tract 5515.02,Downey,Los Angeles County,California,Downey,102367.0,18405.0,86101.0,23230.0,,,,,107742.0,9695.0,,,127389.0,34575.0,44447.0,2574.0,128445.0,89502.0,101501.0,27376.0,$102367,$18405,$86101,$23230,,,,,$107742,$9695,,,$127389,$34575,$44447,$2574,$128445,$89502,$101501,$27376
2021,6037551700,Census Tract 5517,Downey,Los Angeles County,California,Downey,81450.0,16521.0,94384.0,12111.0,,,,,,,,,70294.0,23832.0,76327.0,32436.0,75928.0,72521.0,81799.0,16189.0,$81450,$16521,$94384,$12111,,,,,,,,,$70294,$23832,$76327,$32436,$75928,$72521,$81799,$16189
2021,6037551801,Census Tract 5518.01,Downey,Los Angeles County,California,Downey,95473.0,18946.0,108341.0,11998.0,,,,,,,,,117167.0,48917.0,50555.0,8761.0,108017.0,50281.0,99110.0,20921.0,$95473,$18946,$108341,$11998,,,,,,,,,$117167,$48917,$50555,$8761,$108017,$50281,$99110,$20921
2021,6037551802,Census Tract 5518.02,Downey,Los Angeles County,California,Downey,85310.0,13802.0,87182.0,18191.0,,,,,101574.0,31371.0,,,97459.0,47534.0,,,80407.0,28164.0,87231.0,38667.0,$85310,$13802,$87182,$18191,,,,,$101574,$31371,,,$97459,$47534,,,$80407,$28164,$87231,$38667
2021,6037553400,Census Tract 5534,Downey,Los Angeles County,California,Downey,99058.0,15700.0,93500.0,16328.0,85031.0,67826.0,,,151441.0,16468.0,,,106632.0,10228.0,68204.0,28764.0,92106.0,54288.0,102061.0,19494.0,$99058,$15700,$93500,$16328,$85031,$67826,,,$151441,$16468,,,$106632,$10228,$68204,$28764,$92106,$54288,$102061,$19494
2021,6037577800,Census Tract 5778,Downey,Los Angeles County,California,Downey,123356.0,36239.0,121071.0,72011.0,,,,,168504.0,46442.0,,,111029.0,34195.0,164011.0,53907.0,141244.0,126738.0,121753.0,28337.0,$123356,$36239,$121071,$72011,,,,,$168504,$46442,,,$111029,$34195,$164011,$53907,$141244,$126738,$121753,$28337
2021,6037980012,Census Tract 9800.12,Downey,Los Angeles County,California,Downey,,,,,,,,,,,,,,,,,,,,,,,,,,,,,,,,,,,,,,,,
2022,6037550501,Census Tract 5505.01,Downey,Los Angeles County,California,Downey,77398.0,12951.0,68976.0,67386.0,,,,,,,,,,,44944.0,42867.0,,,81441.0,9712.0,$77398,$12951,$68976,$67386,,,,,,,,,,,$44944,$42867,,,$81441,$9712
2022,6037550502,Census Tract 5505.02,Downey,Los Angeles County,California,Downey,162585.0,35177.0,183652.0,35031.0,,,,,,,,,77102.0,72617.0,194003.0,46957.0,182853.0,54865.0,156757.0,77043.0,$162585,$35177,$183652,$35031,,,,,,,,,$77102,$72617,$194003,$46957,$182853,$54865,$156757,$77043
2022,6037550601,Census Tract 5506.01,Downey,Los Angeles County,California,Downey,99770.0,11727.0,108691.0,64557.0,,,,,166805.0,135028.0,,,97547.0,15547.0,84994.0,41901.0,164030.0,87863.0,90596.0,18042.0,$99770,$11727,$108691,$64557,,,,,$166805,$135028,,,$97547,$15547,$84994,$41901,$164030,$87863,$90596,$18042
2022,6037550602,Census Tract 5506.02,Downey,Los Angeles County,California,Downey,114851.0,20784.0,109098.0,34746.0,,,,,84790.0,57353.0,,,136338.0,29145.0,106850.0,44318.0,114840.0,95344.0,122592.0,14631.0,$114851,$20784,$109098,$34746,,,,,$84790,$57353,,,$136338,$29145,$106850,$44318,$114840,$95344,$122592,$14631
2022,6037550700,Census Tract 5507,Downey,Los Angeles County,California,Downey,124522.0,30993.0,115081.0,14069.0,,,,,161031.0,117942.0,,,,,143558.0,17400.0,125271.0,41703.0,128852.0,39482.0,$124522,$30993,$115081,$14069,,,,,$161031,$117942,,,,,$143558,$17400,$125271,$41703,$128852,$39482
2022,6037550801,Census Tract 5508.01,Downey,Los Angeles County,California,Downey,97611.0,14335.0,97029.0,28262.0,,,137832.0,23077.0,235135.0,119581.0,,,97457.0,37485.0,,,118100.0,49523.0,96444.0,14634.0,$97611,$14335,$97029,$28262,,,$137832,$23077,$235135,$119581,,,$97457,$37485,,,$118100,$49523,$96444,$14634
2022,6037550802,Census Tract 5508.02,Downey,Los Angeles County,California,Downey,82149.0,63965.0,145732.0,35679.0,,,,,,,,,81881.0,31971.0,,,197201.0,161441.0,81996.0,62426.0,$82149,$63965,$145732,$35679,,,,,,,,,$81881,$31971,,,$197201,$161441,$81996,$62426
2022,6037550901,Census Tract 5509.01,Downey,Los Angeles County,California,Downey,87439.0,2811.0,60528.0,17682.0,154300.0,25470.0,,,87422.0,1041.0,,,141368.0,63931.0,80548.0,26619.0,62569.0,28921.0,89167.0,12192.0,$87439,$2811,$60528,$17682,$154300,$25470,,,$87422,$1041,,,$141368,$63931,$80548,$26619,$62569,$28921,$89167,$12192
2022,6037550902,Census Tract 5509.02,Downey,Los Angeles County,California,Downey,88427.0,13266.0,88030.0,26365.0,96868.0,40048.0,86343.0,2192.0,85382.0,37706.0,,,78155.0,32421.0,109031.0,15946.0,98385.0,29300.0,88253.0,14933.0,$88427,$13266,$88030,$26365,$96868,$40048,$86343,$2192,$85382,$37706,,,$78155,$32421,$109031,$15946,$98385,$29300,$88253,$14933
2022,6037551001,Census Tract 5510.01,Downey,Los Angeles County,California,Downey,86322.0,13639.0,97446.0,13190.0,,,,,,,,,93021.0,53356.0,74403.0,8147.0,93908.0,36675.0,83528.0,12323.0,$86322,$13639,$97446,$13190,,,,,,,,,$93021,$53356,$74403,$8147,$93908,$36675,$83528,$12323
2022,6037551002,Census Tract 5510.02,Downey,Los Angeles County,California,Downey,112735.0,30163.0,74298.0,50589.0,,,,,88057.0,38183.0,,,149005.0,54259.0,213183.0,152163.0,55501.0,22564.0,140273.0,47241.0,$112735,$30163,$74298,$50589,,,,,$88057,$38183,,,$149005,$54259,$213183,$152163,$55501,$22564,$140273,$47241
2022,6037551101,Census Tract 5511.01,Downey,Los Angeles County,California,Downey,60534.0,18368.0,50644.0,6143.0,,,,,,,,,75151.0,18931.0,,,51606.0,3474.0,63263.0,23623.0,$60534,$18368,$50644,$6143,,,,,,,,,$75151,$18931,,,$51606,$3474,$63263,$23623
2022,6037551102,Census Tract 5511.02,Downey,Los Angeles County,California,Downey,68302.0,9462.0,60043.0,19912.0,,,,,89097.0,18394.0,,,68288.0,15940.0,86250.0,56248.0,,,67101.0,9953.0,$68302,$9462,$60043,$19912,,,,,$89097,$18394,,,$68288,$15940,$86250,$56248,,,$67101,$9953
2022,6037551201,Census Tract 5512.01,Downey,Los Angeles County,California,Downey,73229.0,9506.0,73372.0,9488.0,62390.0,17880.0,64422.0,14590.0,165032.0,30746.0,,,76856.0,41084.0,113192.0,67806.0,71417.0,34759.0,74849.0,14706.0,$73229,$9506,$73372,$9488,$62390,$17880,$64422,$14590,$165032,$30746,,,$76856,$41084,$113192,$67806,$71417,$34759,$74849,$14706
2022,6037551203,Census Tract 5512.03,Downey,Los Angeles County,California,Downey,92145.0,21826.0,98007.0,41625.0,,,,,,,,,62602.0,50021.0,93038.0,84157.0,,,91609.0,26731.0,$92145,$21826,$98007,$41625,,,,,,,,,$62602,$50021,$93038,$84157,,,$91609,$26731
2022,6037551204,Census Tract 5512.04,Downey,Los Angeles County,California,Downey,73717.0,16496.0,107829.0,52397.0,,,,,,,,,58383.0,57278.0,,,109441.0,33283.0,64822.0,24110.0,$73717,$16496,$107829,$52397,,,,,,,,,$58383,$57278,,,$109441,$33283,$64822,$24110
2022,6037551300,Census Tract 5513,Downey,Los Angeles County,California,Downey,72081.0,14501.0,61714.0,26287.0,141732.0,38732.0,,,80686.0,51329.0,,,78254.0,14472.0,57003.0,25578.0,43543.0,18117.0,72102.0,14682.0,$72081,$14501,$61714,$26287,$141732,$38732,,,$80686,$51329,,,$78254,$14472,$57003,$25578,$43543,$18117,$72102,$14682
2022,6037551401,Census Tract 5514.01,Downey,Los Angeles County,California,Downey,83477.0,18083.0,70258.0,22964.0,,,150992.0,61319.0,123300.0,56354.0,,,69074.0,39009.0,120528.0,18977.0,,,74324.0,21410.0,$83477,$18083,$70258,$22964,,,$150992,$61319,$123300,$56354,,,$69074,$39009,$120528,$18977,,,$74324,$21410
2022,6037551402,Census Tract 5514.02,Downey,Los Angeles County,California,Downey,95796.0,15185.0,95555.0,7858.0,,,241658.0,77253.0,,,,,101546.0,90680.0,,,94247.0,35445.0,105844.0,44896.0,$95796,$15185,$95555,$7858,,,$241658,$77253,,,,,$101546,$90680,,,$94247,$35445,$105844,$44896
2022,6037551501,Census Tract 5515.01,Downey,Los Angeles County,California,Downey,101760.0,27004.0,113200.0,22720.0,,,,,,,,,85843.0,56702.0,,,87980.0,11176.0,106453.0,27334.0,$101760,$27004,$113200,$22720,,,,,,,,,$85843,$56702,,,$87980,$11176,$106453,$27334
2022,6037551502,Census Tract 5515.02,Downey,Los Angeles County,California,Downey,93935.0,22676.0,86640.0,32138.0,,,,,104057.0,39893.0,,,134248.0,74149.0,45785.0,9991.0,145429.0,89850.0,91321.0,23345.0,$93935,$22676,$86640,$32138,,,,,$104057,$39893,,,$134248,$74149,$45785,$9991,$145429,$89850,$91321,$23345
2022,6037551700,Census Tract 5517,Downey,Los Angeles County,California,Downey,89737.0,14675.0,103834.0,22039.0,111036.0,97633.0,,,,,,,81939.0,25885.0,96298.0,31903.0,,,89462.0,15077.0,$89737,$14675,$103834,$22039,$111036,$97633,,,,,,,$81939,$25885,$96298,$31903,,,$89462,$15077
2022,6037551801,Census Tract 5518.01,Downey,Los Angeles County,California,Downey,100749.0,15223.0,108408.0,10962.0,,,,,,,,,96172.0,53330.0,,,108224.0,62442.0,101144.0,24041.0,$100749,$15223,$108408,$10962,,,,,,,,,$96172,$53330,,,$108224,$62442,$101144,$24041
2022,6037551802,Census Tract 5518.02,Downey,Los Angeles County,California,Downey,84783.0,14005.0,81137.0,17816.0,,,,,91361.0,13160.0,,,95149.0,34415.0,67131.0,25044.0,79184.0,22557.0,81452.0,25547.0,$84783,$14005,$81137,$17816,,,,,$91361,$13160,,,$95149,$34415,$67131,$25044,$79184,$22557,$81452,$25547
2022,6037553400,Census Tract 5534,Downey,Los Angeles County,California,Downey,110550.0,7368.0,101490.0,40463.0,,,,,153646.0,60055.0,,,107060.0,9821.0,111650.0,87024.0,90363.0,46902.0,110516.0,10410.0,$110550,$7368,$101490,$40463,,,,,$153646,$60055,,,$107060,$9821,$111650,$87024,$90363,$46902,$110516,$10410
2022,6037577800,Census Tract 5778,Downey,Los Angeles County,California,Downey,107003.0,16407.0,109529.0,57920.0,,,,,2679.0,,,,97555.0,35786.0,135743.0,90602.0,,,110591.0,15384.0,$107003,$16407,$109529,$57920,,,,,$2679,,,,$97555,$35786,$135743,$90602,,,$110591,$15384
2022,6037980012,Census Tract 9800.12,Downey,Los Angeles County,California,Downey,,,,,,,,,,,,,,,,,,,,,,,,,,,,,,,,,,,,,,,,
2023,6037550501,Census Tract 5505.01,Downey,Los Angeles County,California,Downey,78651.0,27425.0,124029.0,57412.0,,,50420.0,850.0,,,,,111711.0,73475.0,58546.0,32168.0,,,78410.0,30294.0,$78651,$27425,$124029,$57412,,,$50420,$850,,,,,$111711,$73475,$58546,$32168,,,$78410,$30294
2023,6037550502,Census Tract 5505.02,Downey,Los Angeles County,California,Downey,134230.0,46130.0,160494.0,50831.0,,,,,,,,,80661.0,67174.0,176097.0,71396.0,109991.0,73731.0,135088.0,56563.0,$134230,$46130,$160494,$50831,,,,,,,,,$80661,$67174,$176097,$71396,$109991,$73731,$135088,$56563
2023,6037550601,Census Tract 5506.01,Downey,Los Angeles County,California,Downey,103381.0,10831.0,132462.0,49472.0,,,,,103813.0,74723.0,,,98426.0,24382.0,106240.0,75185.0,135340.0,57704.0,98580.0,20227.0,$103381,$10831,$132462,$49472,,,,,$103813,$74723,,,$98426,$24382,$106240,$75185,$135340,$57704,$98580,$20227
2023,6037550602,Census Tract 5506.02,Downey,Los Angeles County,California,Downey,117092.0,21960.0,101413.0,16098.0,,,,,91197.0,60419.0,,,134106.0,30630.0,111945.0,60555.0,100525.0,33255.0,122582.0,17516.0,$117092,$21960,$101413,$16098,,,,,$91197,$60419,,,$134106,$30630,$111945,$60555,$100525,$33255,$122582,$17516
2023,6037550700,Census Tract 5507,Downey,Los Angeles County,California,Downey,138463.0,26648.0,117970.0,28225.0,,,,,173065.0,95691.0,,,,,142834.0,25401.0,140253.0,61391.0,137908.0,33829.0,$138463,$26648,$117970,$28225,,,,,$173065,$95691,,,,,$142834,$25401,$140253,$61391,$137908,$33829
2023,6037550801,Census Tract 5508.01,Downey,Los Angeles County,California,Downey,99634.0,44063.0,81181.0,70989.0,,,,,233004.0,24377.0,,,154821.0,109238.0,110899.0,82345.0,138442.0,50901.0,90827.0,45612.0,$99634,$44063,$81181,$70989,,,,,$233004,$24377,,,$154821,$109238,$110899,$82345,$138442,$50901,$90827,$45612
2023,6037550802,Census Tract 5508.02,Downey,Los Angeles County,California,Downey,79510.0,25248.0,119236.0,110067.0,,,,,,,,,83980.0,36121.0,,,128467.0,121251.0,79555.0,26466.0,$79510,$25248,$119236,$110067,,,,,,,,,$83980,$36121,,,$128467,$121251,$79555,$26466
2023,6037550901,Census Tract 5509.01,Downey,Los Angeles County,California,Downey,90622.0,15113.0,63148.0,19318.0,155488.0,32426.0,,,87375.0,82000.0,,,164869.0,75883.0,,,70255.0,23529.0,90686.0,18723.0,$90622,$15113,$63148,$19318,$155488,$32426,,,$87375,$82000,,,$164869,$75883,,,$70255,$23529,$90686,$18723
2023,6037550902,Census Tract 5509.02,Downey,Los Angeles County,California,Downey,90612.0,10736.0,72608.0,37356.0,98025.0,39268.0,85460.0,1948.0,103991.0,47939.0,,,78368.0,29023.0,118428.0,20412.0,91930.0,20091.0,87497.0,19646.0,$90612,$10736,$72608,$37356,$98025,$39268,$85460,$1948,$103991,$47939,,,$78368,$29023,$118428,$20412,$91930,$20091,$87497,$19646
2023,6037551001,Census Tract 5510.01,Downey,Los Angeles County,California,Downey,84613.0,10028.0,90843.0,59067.0,,,87744.0,37273.0,,,,,152982.0,71371.0,74177.0,11087.0,,,87943.0,8315.0,$84613,$10028,$90843,$59067,,,$87744,$37273,,,,,$152982,$71371,$74177,$11087,,,$87943,$8315
2023,6037551002,Census Tract 5510.02,Downey,Los Angeles County,California,Downey,107344.0,29635.0,74748.0,47742.0,,,,,98542.0,30365.0,,,117735.0,84243.0,178597.0,139124.0,55396.0,14638.0,122974.0,39650.0,$107344,$29635,$74748,$47742,,,,,$98542,$30365,,,$117735,$84243,$178597,$139124,$55396,$14638,$122974,$39650
2023,6037551101,Census Tract 5511.01,Downey,Los Angeles County,California,Downey,64193.0,37696.0,93166.0,69800.0,,,,,,,,,93038.0,18630.0,,,51710.0,17678.0,79579.0,30538.0,$64193,$37696,$93166,$69800,,,,,,,,,$93038,$18630,,,$51710,$17678,$79579,$30538
2023,6037551102,Census Tract 5511.02,Downey,Los Angeles County,California,Downey,60983.0,8539.0,38344.0,23569.0,132268.0,40921.0,,,89018.0,42356.0,,,55754.0,6988.0,76060.0,67297.0,,,59557.0,9025.0,$60983,$8539,$38344,$23569,$132268,$40921,,,$89018,$42356,,,$55754,$6988,$76060,$67297,,,$59557,$9025
2023,6037551201,Census Tract 5512.01,Downey,Los Angeles County,California,Downey,68939.0,10326.0,75202.0,15224.0,62156.0,25529.0,63050.0,21036.0,,,,,81648.0,39588.0,74201.0,40269.0,70246.0,21305.0,76406.0,14695.0,$68939,$10326,$75202,$15224,$62156,$25529,$63050,$21036,,,,,$81648,$39588,$74201,$40269,$70246,$21305,$76406,$14695
2023,6037551203,Census Tract 5512.03,Downey,Los Angeles County,California,Downey,100732.0,55288.0,105004.0,63180.0,,,,,,,,,69539.0,23708.0,92136.0,86732.0,,,91876.0,23057.0,$100732,$55288,$105004,$63180,,,,,,,,,$69539,$23708,$92136,$86732,,,$91876,$23057
2023,6037551204,Census Tract 5512.04,Downey,Los Angeles County,California,Downey,71388.0,21265.0,,,,,,,,,,,65029.0,44300.0,95498.0,60795.0,121552.0,68182.0,59053.0,29233.0,$71388,$21265,,,,,,,,,,,$65029,$44300,$95498,$60795,$121552,$68182,$59053,$29233
2023,6037551300,Census Tract 5513,Downey,Los Angeles County,California,Downey,70480.0,17933.0,59155.0,8472.0,155638.0,40000.0,135216.0,1254.0,114143.0,54464.0,,,70867.0,26376.0,57998.0,21546.0,52613.0,32358.0,63050.0,18085.0,$70480,$17933,$59155,$8472,$155638,$40000,$135216,$1254,$114143,$54464,,,$70867,$26376,$57998,$21546,$52613,$32358,$63050,$18085
2023,6037551401,Census Tract 5514.01,Downey,Los Angeles County,California,Downey,88463.0,28041.0,109489.0,54394.0,,,150240.0,76986.0,123728.0,43734.0,,,68290.0,28795.0,119398.0,40455.0,,,84257.0,21624.0,$88463,$28041,$109489,$54394,,,$150240,$76986,$123728,$43734,,,$68290,$28795,$119398,$40455,,,$84257,$21624
2023,6037551402,Census Tract 5514.02,Downey,Los Angeles County,California,Downey,84125.0,25879.0,97005.0,20903.0,,,,,,,,,102528.0,79711.0,,,79692.0,30975.0,102461.0,45155.0,$84125,$25879,$97005,$20903,,,,,,,,,$102528,$79711,,,$79692,$30975,$102461,$45155
2023,6037551501,Census Tract 5515.01,Downey,Los Angeles County,California,Downey,111459.0,34053.0,111775.0,33209.0,,,,,,,,,129423.0,52392.0,,,85158.0,15977.0,122574.0,19862.0,$111459,$34053,$111775,$33209,,,,,,,,,$129423,$52392,,,$85158,$15977,$122574,$19862
2023,6037551502,Census Tract 5515.02,Downey,Los Angeles County,California,Downey,90617.0,18156.0,105610.0,63790.0,,,96307.0,67267.0,104225.0,32977.0,,,104587.0,47233.0,44280.0,7695.0,182179.0,38168.0,87086.0,19259.0,$90617,$18156,$105610,$63790,,,$96307,$67267,$104225,$32977,,,$104587,$47233,$44280,$7695,$182179,$38168,$87086,$19259
2023,6037551700,Census Tract 5517,Downey,Los Angeles County,California,Downey,93784.0,19075.0,114886.0,50509.0,,,,,53445.0,34606.0,,,82846.0,32617.0,106032.0,15812.0,,,98906.0,18127.0,$93784,$19075,$114886,$50509,,,,,$53445,$34606,,,$82846,$32617,$106032,$15812,,,$98906,$18127
2023,6037551801,Census Tract 5518.01,Downey,Los Angeles County,California,Downey,106434.0,13966.0,107077.0,7263.0,,,,,147973.0,128069.0,,,127386.0,33770.0,57849.0,32984.0,107034.0,31476.0,99461.0,19212.0,$106434,$13966,$107077,$7263,,,,,$147973,$128069,,,$127386,$33770,$57849,$32984,$107034,$31476,$99461,$19212
2023,6037551802,Census Tract 5518.02,Downey,Los Angeles County,California,Downey,79033.0,8189.0,78726.0,13651.0,,,,,87124.0,7146.0,,,93756.0,47245.0,59036.0,30153.0,77766.0,28659.0,76674.0,17458.0,$79033,$8189,$78726,$13651,,,,,$87124,$7146,,,$93756,$47245,$59036,$30153,$77766,$28659,$76674,$17458
2023,6037553400,Census Tract 5534,Downey,Los Angeles County,California,Downey,106595.0,12317.0,92730.0,27211.0,,,,,153076.0,50053.0,,,110736.0,14286.0,85781.0,59260.0,91117.0,69654.0,107001.0,11344.0,$106595,$12317,$92730,$27211,,,,,$153076,$50053,,,$110736,$14286,$85781,$59260,$91117,$69654,$107001,$11344
2023,6037577800,Census Tract 5778,Downey,Los Angeles County,California,Downey,116562.0,28598.0,106410.0,41624.0,,,,,,,,,117425.0,39686.0,140847.0,92413.0,104734.0,76694.0,124732.0,32315.0,$116562,$28598,$106410,$41624,,,,,,,,,$117425,$39686,$140847,$92413,$104734,$76694,$124732,$32315
2023,6037980012,Census Tract 9800.12,Downey,Los Angeles County,California,Downey,,,,,,,,,,,,,,,,,,,,,,,,,,,,,,,,,,,,,,,,
2024,6037550501,Census Tract 5505.01,Downey,Los Angeles County,California,Downey,78902.0,32440.0,139531.0,61590.0,,,51587.0,23157.0,,,,,79129.0,49059.0,67266.0,55738.0,227708.0,221033.0,79508.0,29773.0,$78902,$32440,$139531,$61590,,,$51587,$23157,,,,,$79129,$49059,$67266,$55738,$227708,$221033,$79508,$29773
2024,6037550502,Census Tract 5505.02,Downey,Los Angeles County,California,Downey,136349.0,36959.0,127308.0,76198.0,,,,,,,,,100400.0,83683.0,183750.0,29128.0,148194.0,88806.0,136711.0,42435.0,$136349,$36959,$127308,$76198,,,,,,,,,$100400,$83683,$183750,$29128,$148194,$88806,$136711,$42435
2024,6037550601,Census Tract 5506.01,Downey,Los Angeles County,California,Downey,97579.0,8375.0,97813.0,51621.0,196010.0,151372.0,,,102647.0,67361.0,,,97575.0,25372.0,96771.0,39365.0,115455.0,55413.0,96806.0,13217.0,$97579,$8375,$97813,$51621,$196010,$151372,,,$102647,$67361,,,$97575,$25372,$96771,$39365,$115455,$55413,$96806,$13217
2024,6037550602,Census Tract 5506.02,Downey,Los Angeles County,California,Downey,128393.0,16546.0,126131.0,45538.0,,,,,,,,,134028.0,26858.0,106558.0,11176.0,156118.0,54134.0,126131.0,15990.0,$128393,$16546,$126131,$45538,,,,,,,,,$134028,$26858,$106558,$11176,$156118,$54134,$126131,$15990
2024,6037550700,Census Tract 5507,Downey,Los Angeles County,California,Downey,94327.0,44666.0,,,,,,,163233.0,67647.0,,,85125.0,62556.0,140802.0,71025.0,,,97961.0,67688.0,$94327,$44666,,,,,,,$163233,$67647,,,$85125,$62556,$140802,$71025,,,$97961,$67688
2024,6037550801,Census Tract 5508.01,Downey,Los Angeles County,California,Downey,113889.0,68736.0,86875.0,54808.0,,,,,214625.0,77448.0,,,192872.0,83312.0,107500.0,107340.0,111513.0,66177.0,113102.0,93178.0,$113889,$68736,$86875,$54808,,,,,$214625,$77448,,,$192872,$83312,$107500,$107340,$111513,$66177,$113102,$93178
2024,6037550802,Census Tract 5508.02,Downey,Los Angeles County,California,Downey,84361.0,35578.0,180417.0,112772.0,,,132794.0,118776.0,,,,,83444.0,16587.0,,,127143.0,108968.0,83389.0,24848.0,$84361,$35578,$180417,$112772,,,$132794,$118776,,,,,$83444,$16587,,,$127143,$108968,$83389,$24848
2024,6037550901,Census Tract 5509.01,Downey,Los Angeles County,California,Downey,90200.0,16025.0,74038.0,33343.0,153421.0,31838.0,,,86477.0,10825.0,,,165278.0,85906.0,,,67875.0,18563.0,98625.0,22859.0,$90200,$16025,$74038,$33343,$153421,$31838,,,$86477,$10825,,,$165278,$85906,,,$67875,$18563,$98625,$22859
2024,6037550902,Census Tract 5509.02,Downey,Los Angeles County,California,Downey,84181.0,11354.0,72946.0,48977.0,127929.0,51092.0,135031.0,111186.0,73780.0,19572.0,,,71452.0,20936.0,109153.0,17279.0,86364.0,27073.0,84073.0,16071.0,$84181,$11354,$72946,$48977,$127929,$51092,$135031,$111186,$73780,$19572,,,$71452,$20936,$109153,$17279,$86364,$27073,$84073,$16071
2024,6037551001,Census Tract 5510.01,Downey,Los Angeles County,California,Downey,83895.0,10343.0,61525.0,5211.0,,,88517.0,9128.0,,,,,149827.0,35217.0,74630.0,13237.0,67813.0,27620.0,85917.0,19782.0,$83895,$10343,$61525,$5211,,,$88517,$9128,,,,,$149827,$35217,$74630,$13237,$67813,$27620,$85917,$19782
2024,6037551002,Census Tract 5510.02,Downey,Los Angeles County,California,Downey,107400.0,33740.0,54489.0,47434.0,,,,,110772.0,8861.0,,,152500.0,99031.0,122273.0,76879.0,53609.0,10284.0,116645.0,41795.0,$107400,$33740,$54489,$47434,,,,,$110772,$8861,,,$152500,$99031,$122273,$76879,$53609,$10284,$116645,$41795
2024,6037551101,Census Tract 5511.01,Downey,Los Angeles County,California,Downey,76552.0,41664.0,99922.0,44414.0,,,,,,,,,94777.0,26781.0,,,,,82875.0,42560.0,$76552,$41664,$99922,$44414,,,,,,,,,$94777,$26781,,,,,$82875,$42560
2024,6037551102,Census Tract 5511.02,Downey,Los Angeles County,California,Downey,61713.0,7712.0,57955.0,33830.0,130463.0,104990.0,,,88365.0,36564.0,,,56054.0,4583.0,81250.0,30697.0,,,59266.0,5401.0,$61713,$7712,$57955,$33830,$130463,$104990,,,$88365,$36564,,,$56054,$4583,$81250,$30697,,,$59266,$5401
2024,6037551201,Census Tract 5512.01,Downey,Los Angeles County,California,Downey,80833.0,24503.0,70417.0,29283.0,63000.0,25310.0,64000.0,19774.0,214375.0,155135.0,,,93077.0,42806.0,114007.0,31552.0,72222.0,33609.0,92361.0,23429.0,$80833,$24503,$70417,$29283,$63000,$25310,$64000,$19774,$214375,$155135,,,$93077,$42806,$114007,$31552,$72222,$33609,$92361,$23429
2024,6037551203,Census Tract 5512.03,Downey,Los Angeles County,California,Downey,91845.0,41967.0,159028.0,67520.0,65129.0,15137.0,,,,,,,71076.0,22310.0,,,,,91105.0,7367.0,$91845,$41967,$159028,$67520,$65129,$15137,,,,,,,$71076,$22310,,,,,$91105,$7367
2024,6037551204,Census Tract 5512.04,Downey,Los Angeles County,California,Downey,72531.0,14755.0,76417.0,58462.0,,,,,,,,,65417.0,48568.0,71100.0,37126.0,90000.0,51028.0,65469.0,26124.0,$72531,$14755,$76417,$58462,,,,,,,,,$65417,$48568,$71100,$37126,$90000,$51028,$65469,$26124
2024,6037551300,Census Tract 5513,Downey,Los Angeles County,California,Downey,71741.0,17396.0,59888.0,33018.0,106860.0,67040.0,136500.0,8799.0,,,,,71987.0,20728.0,65192.0,25843.0,82375.0,80587.0,65529.0,16571.0,$71741,$17396,$59888,$33018,$106860,$67040,$136500,$8799,,,,,$71987,$20728,$65192,$25843,$82375,$80587,$65529,$16571
2024,6037551401,Census Tract 5514.01,Downey,Los Angeles County,California,Downey,97463.0,40087.0,117904.0,83245.0,115888.0,67947.0,150893.0,61416.0,,,,,87672.0,27164.0,122244.0,21831.0,,,97463.0,50928.0,$97463,$40087,$117904,$83245,$115888,$67947,$150893,$61416,,,,,$87672,$27164,$122244,$21831,,,$97463,$50928
2024,6037551402,Census Tract 5514.02,Downey,Los Angeles County,California,Downey,94643.0,23346.0,96667.0,27377.0,2499.0,,,,,,,,155262.0,66628.0,88676.0,84599.0,88611.0,29973.0,123092.0,40636.0,$94643,$23346,$96667,$27377,$2499,,,,,,,,$155262,$66628,$88676,$84599,$88611,$29973,$123092,$40636
2024,6037551501,Census Tract 5515.01,Downey,Los Angeles County,California,Downey,101094.0,29032.0,112981.0,41803.0,97048.0,61327.0,,,39730.0,31095.0,,,104886.0,81571.0,109063.0,69729.0,86203.0,2338.0,114519.0,21880.0,$101094,$29032,$112981,$41803,$97048,$61327,,,$39730,$31095,,,$104886,$81571,$109063,$69729,$86203,$2338,$114519,$21880
2024,6037551502,Census Tract 5515.02,Downey,Los Angeles County,California,Downey,95655.0,18085.0,84507.0,36036.0,,,98333.0,89132.0,109006.0,11113.0,,,103388.0,42476.0,45766.0,6880.0,98125.0,97793.0,87917.0,17350.0,$95655,$18085,$84507,$36036,,,$98333,$89132,$109006,$11113,,,$103388,$42476,$45766,$6880,$98125,$97793,$87917,$17350
2024,6037551700,Census Tract 5517,Downey,Los Angeles County,California,Downey,87471.0,26454.0,117750.0,62168.0,,,,,54727.0,29098.0,,,76875.0,42862.0,105750.0,12316.0,80938.0,25750.0,99063.0,21210.0,$87471,$26454,$117750,$62168,,,,,$54727,$29098,,,$76875,$42862,$105750,$12316,$80938,$25750,$99063,$21210
2024,6037551801,Census Tract 5518.01,Downey,Los Angeles County,California,Downey,96090.0,14048.0,108979.0,5575.0,,,,,,,,,96410.0,37399.0,55588.0,32745.0,109000.0,29442.0,89063.0,23571.0,$96090,$14048,$108979,$5575,,,,,,,,,$96410,$37399,$55588,$32745,$109000,$29442,$89063,$23571
2024,6037551802,Census Tract 5518.02,Downey,Los Angeles County,California,Downey,85772.0,11094.0,80300.0,19707.0,,,,,88750.0,33170.0,,,140927.0,100340.0,67813.0,22040.0,78856.0,15815.0,88750.0,26229.0,$85772,$11094,$80300,$19707,,,,,$88750,$33170,,,$140927,$100340,$67813,$22040,$78856,$15815,$88750,$26229
2024,6037553400,Census Tract 5534,Downey,Los Angeles County,California,Downey,111400.0,19495.0,,,,,,,153664.0,82311.0,,,110938.0,11383.0,90350.0,31902.0,91417.0,85783.0,110933.0,14957.0,$111400,$19495,,,,,,,$153664,$82311,,,$110938,$11383,$90350,$31902,$91417,$85783,$110933,$14957
2024,6037577800,Census Tract 5778,Downey,Los Angeles County,California,Downey,121250.0,31774.0,107329.0,72908.0,,,,,,,,,125000.0,25002.0,137500.0,52914.0,135313.0,81949.0,132574.0,35061.0,$121250,$31774,$107329,$72908,,,,,,,,,$125000,$25002,$137500,$52914,$135313,$81949,$132574,$35061
2024,6037980012,Census Tract 9800.12,Downey,Los Angeles County,California,Downey,,,,,,,,,,,,,,,,,,,,,,,,,,,,,,,,,,,,,,,,
