YEAR,GEO_ID,TRACT,CITY,COUNTY,STATE,ABBREV_NAME,B19013_001E,B19013_001M,B19013A_001E,B19013A_001M,B19013B_001E,B19013B_001M,B19013C_001E,B19013C_001M,B19013D_001E,B19013D_001M,B19013E_001E,B19013E_001M,B19013F_001E,B19013F_001M,B19013G_001E,B19013G_001M,B19013H_001E,B19013H_001M,B19013I_001E,B19013I_001M,B19013_001E_string,B19013_001M_string,B19013A_001E_string,B19013A_001M_string,B19013B_001E_string,B19013B_001M_string,B19013C_001E_string,B19013C_001M_string,B19013D_001E_string,B19013D_001M_string,B19013E_001E_string,B19013E_001M_string,B19013F_001E_string,B19013F_001M_string,B19013G_001E_string,B19013G_001M_string,B19013H_001E_string,B19013H_001M_string,B19013I_001E_string,B19013I_001M_string
2010,6037404701,Census Tract 4047.01,El Monte,Los Angeles County,California,ElMonte,83538.0,10695.0,80035.0,23140.0,,,,,108647.0,34721.0,,,80058.0,29561.0,97319.0,31347.0,38773.0,65037.0,83380.0,13605.0,$83538,$10695,$80035,$23140,,,,,$108647,$34721,,,$80058,$29561,$97319,$31347,$38773,$65037,$83380,$13605
2010,6037431501,Census Tract 4315.01,El Monte,Los Angeles County,California,ElMonte,115168.0,35281.0,82676.0,54217.0,,,,,124736.0,14587.0,,,90188.0,62682.0,32444.0,216645.0,81267.0,59928.0,108942.0,55623.0,$115168,$35281,$82676,$54217,,,,,$124736,$14587,,,$90188,$62682,$32444,$216645,$81267,$59928,$108942,$55623
2010,6037431502,Census Tract 4315.02,El Monte,Los Angeles County,California,ElMonte,102375.0,8596.0,92920.0,30750.0,,,,,106997.0,39347.0,,,94542.0,62789.0,53329.0,376280.0,88581.0,47194.0,94891.0,47704.0,$102375,$8596,$92920,$30750,,,,,$106997,$39347,,,$94542,$62789,$53329,$376280,$88581,$47194,$94891,$47704
2010,6037432101,Census Tract 4321.01,El Monte,Los Angeles County,California,ElMonte,123915.0,44581.0,137391.0,19750.0,84965.0,30203.0,,,101235.0,43935.0,,,46801.0,191639.0,35753.0,2913.0,146744.0,18977.0,55499.0,61298.0,$123915,$44581,$137391,$19750,$84965,$30203,,,$101235,$43935,,,$46801,$191639,$35753,$2913,$146744,$18977,$55499,$61298
2010,6037432102,Census Tract 4321.02,El Monte,Los Angeles County,California,ElMonte,112010.0,11885.0,106659.0,23416.0,,,57153.0,184166.0,113498.0,10854.0,,,112551.0,43630.0,,,105473.0,14801.0,113086.0,58118.0,$112010,$11885,$106659,$23416,,,$57153,$184166,$113498,$10854,,,$112551,$43630,,,$105473,$14801,$113086,$58118
2010,6037432300,Census Tract 4323,El Monte,Los Angeles County,California,ElMonte,86357.0,10356.0,76152.0,28450.0,,,,,80988.0,17501.0,,,104128.0,22380.0,86170.0,14325.0,94179.0,26676.0,96942.0,38981.0,$86357,$10356,$76152,$28450,,,,,$80988,$17501,,,$104128,$22380,$86170,$14325,$94179,$26676,$96942,$38981
2010,6037432401,Census Tract 4324.01,El Monte,Los Angeles County,California,ElMonte,61809.0,14636.0,52867.0,16892.0,,,,,63047.0,15081.0,,,69449.0,34566.0,79649.0,17783.0,74506.0,14111.0,56792.0,20675.0,$61809,$14636,$52867,$16892,,,,,$63047,$15081,,,$69449,$34566,$79649,$17783,$74506,$14111,$56792,$20675
2010,6037432402,Census Tract 4324.02,El Monte,Los Angeles County,California,ElMonte,48317.0,18789.0,53974.0,30441.0,3614.0,,83574.0,122943.0,44646.0,32586.0,,,45819.0,25244.0,57720.0,10382.0,65758.0,37560.0,50453.0,19764.0,$48317,$18789,$53974,$30441,$3614,,$83574,$122943,$44646,$32586,,,$45819,$25244,$57720,$10382,$65758,$37560,$50453,$19764
2010,6037432500,Census Tract 4325,El Monte,Los Angeles County,California,ElMonte,78489.0,9396.0,73649.0,16675.0,92197.0,81476.0,,,80705.0,28282.0,,,105596.0,49218.0,,,72709.0,24221.0,80654.0,21326.0,$78489,$9396,$73649,$16675,$92197,$81476,,,$80705,$28282,,,$105596,$49218,,,$72709,$24221,$80654,$21326
2010,6037432601,Census Tract 4326.01,El Monte,Los Angeles County,California,ElMonte,77671.0,13143.0,71407.0,16066.0,57104.0,407182.0,,,89900.0,39729.0,,,77185.0,30246.0,,,67744.0,20502.0,76216.0,22995.0,$77671,$13143,$71407,$16066,$57104,$407182,,,$89900,$39729,,,$77185,$30246,,,$67744,$20502,$76216,$22995
2010,6037432602,Census Tract 4326.02,El Monte,Los Angeles County,California,ElMonte,72528.0,13499.0,85138.0,31944.0,,,,,69171.0,11285.0,,,46837.0,84537.0,55639.0,69861.0,56786.0,80335.0,81137.0,23732.0,$72528,$13499,$85138,$31944,,,,,$69171,$11285,,,$46837,$84537,$55639,$69861,$56786,$80335,$81137,$23732
2010,6037432700,Census Tract 4327,El Monte,Los Angeles County,California,ElMonte,70126.0,11603.0,70088.0,10163.0,,,,,110335.0,11160.0,,,53170.0,38011.0,,,49585.0,77830.0,68993.0,16566.0,$70126,$11603,$70088,$10163,,,,,$110335,$11160,,,$53170,$38011,,,$49585,$77830,$68993,$16566
2010,6037432801,Census Tract 4328.01,El Monte,Los Angeles County,California,ElMonte,43011.0,16227.0,55815.0,26313.0,,,,,24405.0,3569.0,,,66606.0,5555.0,,,21492.0,53707.0,65459.0,9934.0,$43011,$16227,$55815,$26313,,,,,$24405,$3569,,,$66606,$5555,,,$21492,$53707,$65459,$9934
2010,6037432802,Census Tract 4328.02,El Monte,Los Angeles County,California,ElMonte,53643.0,12669.0,52657.0,12741.0,,,,,47906.0,17219.0,,,61728.0,33523.0,,,47303.0,26188.0,55104.0,15518.0,$53643,$12669,$52657,$12741,,,,,$47906,$17219,,,$61728,$33523,,,$47303,$26188,$55104,$15518
2010,6037432902,Census Tract 4329.02,El Monte,Los Angeles County,California,ElMonte,94440.0,13505.0,131064.0,55867.0,,,,,96288.0,14964.0,,,63272.0,60633.0,,,131787.0,56418.0,70638.0,48110.0,$94440,$13505,$131064,$55867,,,,,$96288,$14964,,,$63272,$60633,,,$131787,$56418,$70638,$48110
2010,6037433101,Census Tract 4331.01,El Monte,Los Angeles County,California,ElMonte,80371.0,24691.0,48810.0,38037.0,,,,,81230.0,70473.0,,,126699.0,54019.0,,,40976.0,23757.0,95539.0,25319.0,$80371,$24691,$48810,$38037,,,,,$81230,$70473,,,$126699,$54019,,,$40976,$23757,$95539,$25319
2010,6037433102,Census Tract 4331.02,El Monte,Los Angeles County,California,ElMonte,43880.0,5714.0,42154.0,2903.0,,,,,52670.0,14555.0,,,51890.0,17469.0,,,65758.0,29649.0,42643.0,3192.0,$43880,$5714,$42154,$2903,,,,,$52670,$14555,,,$51890,$17469,,,$65758,$29649,$42643,$3192
2010,6037433200,Census Tract 4332,El Monte,Los Angeles County,California,ElMonte,68695.0,12249.0,56041.0,20121.0,,,73187.0,89695.0,73938.0,26697.0,,,67155.0,16076.0,275686.0,292358.0,87548.0,44280.0,59252.0,9601.0,$68695,$12249,$56041,$20121,,,$73187,$89695,$73938,$26697,,,$67155,$16076,$275686,$292358,$87548,$44280,$59252,$9601
2010,6037433302,Census Tract 4333.02,El Monte,Los Angeles County,California,ElMonte,62934.0,28318.0,49036.0,36063.0,,,,,138295.0,42007.0,,,65936.0,44619.0,,,48697.0,46526.0,62368.0,37004.0,$62934,$28318,$49036,$36063,,,,,$138295,$42007,,,$65936,$44619,,,$48697,$46526,$62368,$37004
2010,6037433304,Census Tract 4333.04,El Monte,Los Angeles County,California,ElMonte,63483.0,27063.0,42565.0,36140.0,,,,,79876.0,71027.0,,,62279.0,33269.0,,,,,62459.0,29253.0,$63483,$27063,$42565,$36140,,,,,$79876,$71027,,,$62279,$33269,,,,,$62459,$29253
2010,6037433305,Census Tract 4333.05,El Monte,Los Angeles County,California,ElMonte,45099.0,7350.0,39093.0,16565.0,,,,,51439.0,22279.0,,,45635.0,13259.0,,,69103.0,57434.0,44798.0,8071.0,$45099,$7350,$39093,$16565,,,,,$51439,$22279,,,$45635,$13259,,,$69103,$57434,$44798,$8071
2010,6037433306,Census Tract 4333.06,El Monte,Los Angeles County,California,ElMonte,62368.0,18315.0,61803.0,30295.0,53125.0,48861.0,,,69406.0,23034.0,,,79995.0,41551.0,101536.0,155124.0,,,62030.0,30186.0,$62368,$18315,$61803,$30295,$53125,$48861,,,$69406,$23034,,,$79995,$41551,$101536,$155124,,,$62030,$30186
2010,6037433307,Census Tract 4333.07,El Monte,Los Angeles County,California,ElMonte,92124.0,24762.0,82354.0,27954.0,,,,,105607.0,24211.0,,,77396.0,48780.0,,,95705.0,27053.0,78073.0,29237.0,$92124,$24762,$82354,$27954,,,,,$105607,$24211,,,$77396,$48780,,,$95705,$27053,$78073,$29237
2010,6037433401,Census Tract 4334.01,El Monte,Los Angeles County,California,ElMonte,57003.0,4369.0,59025.0,3506.0,,,,,60786.0,44847.0,,,35510.0,25261.0,53329.0,56871.0,62779.0,12397.0,53932.0,4397.0,$57003,$4369,$59025,$3506,,,,,$60786,$44847,,,$35510,$25261,$53329,$56871,$62779,$12397,$53932,$4397
2010,6037433402,Census Tract 4334.02,El Monte,Los Angeles County,California,ElMonte,55207.0,9295.0,52045.0,11301.0,,,,,62255.0,19368.0,,,65577.0,19985.0,,,36156.0,77138.0,54042.0,8768.0,$55207,$9295,$52045,$11301,,,,,$62255,$19368,,,$65577,$19985,,,$36156,$77138,$54042,$8768
2010,6037433403,Census Tract 4334.03,El Monte,Los Angeles County,California,ElMonte,52386.0,12798.0,42311.0,12093.0,,,,,102217.0,14830.0,,,54778.0,19294.0,,,141048.0,194762.0,43216.0,10868.0,$52386,$12798,$42311,$12093,,,,,$102217,$14830,,,$54778,$19294,,,$141048,$194762,$43216,$10868
2010,6037433504,Census Tract 4335.04,El Monte,Los Angeles County,California,ElMonte,53211.0,3921.0,51838.0,9977.0,,,,,77232.0,45842.0,,,54859.0,29763.0,,,,,52425.0,4029.0,$53211,$3921,$51838,$9977,,,,,$77232,$45842,,,$54859,$29763,,,,,$52425,$4029
2010,6037433601,Census Tract 4336.01,El Monte,Los Angeles County,California,ElMonte,74606.0,23400.0,68827.0,8494.0,,,,,89034.0,32060.0,,,117750.0,66256.0,,,69479.0,15020.0,71653.0,70596.0,$74606,$23400,$68827,$8494,,,,,$89034,$32060,,,$117750,$66256,,,$69479,$15020,$71653,$70596
2010,6037433801,Census Tract 4338.01,El Monte,Los Angeles County,California,ElMonte,53593.0,7341.0,54311.0,7519.0,,,35704.0,45557.0,128517.0,89347.0,,,34122.0,20087.0,,,33590.0,8113.0,51189.0,7713.0,$53593,$7341,$54311,$7519,,,$35704,$45557,$128517,$89347,,,$34122,$20087,,,$33590,$8113,$51189,$7713
2010,6037433901,Census Tract 4339.01,El Monte,Los Angeles County,California,ElMonte,48192.0,6710.0,56719.0,11129.0,,,,,46526.0,35113.0,,,43823.0,6697.0,,,20940.0,63674.0,49604.0,6881.0,$48192,$6710,$56719,$11129,,,,,$46526,$35113,,,$43823,$6697,,,$20940,$63674,$49604,$6881
2010,6037433902,Census Tract 4339.02,El Monte,Los Angeles County,California,ElMonte,55639.0,15759.0,69481.0,14161.0,,,,,41929.0,9759.0,,,45388.0,15035.0,74797.0,413548.0,53662.0,49520.0,59957.0,17550.0,$55639,$15759,$69481,$14161,,,,,$41929,$9759,,,$45388,$15035,$74797,$413548,$53662,$49520,$59957,$17550
2010,6037434001,Census Tract 4340.01,El Monte,Los Angeles County,California,ElMonte,68839.0,15716.0,77475.0,31530.0,,,,,35299.0,83311.0,,,60349.0,19303.0,,,70403.0,26405.0,61407.0,19255.0,$68839,$15716,$77475,$31530,,,,,$35299,$83311,,,$60349,$19303,,,$70403,$26405,$61407,$19255
2010,6037434003,Census Tract 4340.03,El Monte,Los Angeles County,California,ElMonte,63339.0,30705.0,54131.0,19797.0,,,,,52425.0,22885.0,,,88160.0,31758.0,,,31862.0,74020.0,77085.0,38086.0,$63339,$30705,$54131,$19797,,,,,$52425,$22885,,,$88160,$31758,,,$31862,$74020,$77085,$38086
2011,6037404701,Census Tract 4047.01,El Monte,Los Angeles County,California,ElMonte,86383.0,15411.0,84495.0,10795.0,,,,,99858.0,23824.0,,,59281.0,31055.0,114541.0,21400.0,82088.0,76484.0,84315.0,17654.0,$86383,$15411,$84495,$10795,,,,,$99858,$23824,,,$59281,$31055,$114541,$21400,$82088,$76484,$84315,$17654
2011,6037431501,Census Tract 4315.01,El Monte,Los Angeles County,California,ElMonte,85734.0,29297.0,85082.0,50809.0,,,,,120284.0,27994.0,,,50805.0,47687.0,30812.0,159871.0,71974.0,82674.0,82953.0,41981.0,$85734,$29297,$85082,$50809,,,,,$120284,$27994,,,$50805,$47687,$30812,$159871,$71974,$82674,$82953,$41981
2011,6037431502,Census Tract 4315.02,El Monte,Los Angeles County,California,ElMonte,96287.0,16335.0,79800.0,23799.0,,,,,100872.0,23282.0,,,71962.0,122228.0,200593.0,216919.0,78775.0,28388.0,85843.0,64111.0,$96287,$16335,$79800,$23799,,,,,$100872,$23282,,,$71962,$122228,$200593,$216919,$78775,$28388,$85843,$64111
2011,6037432101,Census Tract 4321.01,El Monte,Los Angeles County,California,ElMonte,121056.0,38081.0,132123.0,15976.0,85788.0,67883.0,,,100980.0,34880.0,,,72529.0,97495.0,34454.0,2761.0,132707.0,20700.0,81755.0,56542.0,$121056,$38081,$132123,$15976,$85788,$67883,,,$100980,$34880,,,$72529,$97495,$34454,$2761,$132707,$20700,$81755,$56542
2011,6037432102,Census Tract 4321.02,El Monte,Los Angeles County,California,ElMonte,99773.0,12318.0,102895.0,27110.0,,,,,100259.0,13575.0,,,68512.0,45133.0,,,102661.0,25516.0,68261.0,36351.0,$99773,$12318,$102895,$27110,,,,,$100259,$13575,,,$68512,$45133,,,$102661,$25516,$68261,$36351
2011,6037432300,Census Tract 4323,El Monte,Los Angeles County,California,ElMonte,88482.0,9094.0,77960.0,24431.0,,,,,87655.0,11721.0,,,104664.0,43335.0,87420.0,15710.0,94827.0,25833.0,96354.0,41414.0,$88482,$9094,$77960,$24431,,,,,$87655,$11721,,,$104664,$43335,$87420,$15710,$94827,$25833,$96354,$41414
2011,6037432401,Census Tract 4324.01,El Monte,Los Angeles County,California,ElMonte,56987.0,8367.0,53105.0,18123.0,,,,,58207.0,10286.0,,,57053.0,25033.0,73204.0,17216.0,76353.0,48010.0,53597.0,17635.0,$56987,$8367,$53105,$18123,,,,,$58207,$10286,,,$57053,$25033,$73204,$17216,$76353,$48010,$53597,$17635
2011,6037432402,Census Tract 4324.02,El Monte,Los Angeles County,California,ElMonte,45136.0,8399.0,51573.0,12010.0,112122.0,25468.0,83716.0,20765.0,31206.0,17487.0,,,43495.0,9750.0,56061.0,4999.0,67448.0,34496.0,45889.0,9386.0,$45136,$8399,$51573,$12010,$112122,$25468,$83716,$20765,$31206,$17487,,,$43495,$9750,$56061,$4999,$67448,$34496,$45889,$9386
2011,6037432500,Census Tract 4325,El Monte,Los Angeles County,California,ElMonte,78387.0,4872.0,72861.0,10751.0,101707.0,19590.0,,,75466.0,30291.0,,,106702.0,47967.0,,,71577.0,17977.0,80112.0,10125.0,$78387,$4872,$72861,$10751,$101707,$19590,,,$75466,$30291,,,$106702,$47967,,,$71577,$17977,$80112,$10125
2011,6037432601,Census Tract 4326.01,El Monte,Los Angeles County,California,ElMonte,69263.0,17589.0,56840.0,13811.0,,,,,98622.0,31850.0,,,80722.0,21955.0,,,63848.0,18895.0,60595.0,26269.0,$69263,$17589,$56840,$13811,,,,,$98622,$31850,,,$80722,$21955,,,$63848,$18895,$60595,$26269
2011,6037432602,Census Tract 4326.02,El Monte,Los Angeles County,California,ElMonte,76083.0,14729.0,80863.0,26102.0,,,,,73165.0,37335.0,,,76208.0,66998.0,,,58689.0,86526.0,78760.0,17045.0,$76083,$14729,$80863,$26102,,,,,$73165,$37335,,,$76208,$66998,,,$58689,$86526,$78760,$17045
2011,6037432700,Census Tract 4327,El Monte,Los Angeles County,California,ElMonte,65915.0,14340.0,58397.0,20985.0,,,,,90048.0,55346.0,,,67960.0,42657.0,,,50310.0,5851.0,66516.0,19101.0,$65915,$14340,$58397,$20985,,,,,$90048,$55346,,,$67960,$42657,,,$50310,$5851,$66516,$19101
2011,6037432801,Census Tract 4328.01,El Monte,Los Angeles County,California,ElMonte,34688.0,11693.0,53565.0,11321.0,,,,,24918.0,7090.0,,,67776.0,3124.0,,,20293.0,110799.0,64576.0,12057.0,$34688,$11693,$53565,$11321,,,,,$24918,$7090,,,$67776,$3124,,,$20293,$110799,$64576,$12057
2011,6037432802,Census Tract 4328.02,El Monte,Los Angeles County,California,ElMonte,53530.0,15745.0,41838.0,15955.0,,,,,53336.0,26086.0,,,64093.0,29475.0,,,40294.0,39104.0,55866.0,21739.0,$53530,$15745,$41838,$15955,,,,,$53336,$26086,,,$64093,$29475,,,$40294,$39104,$55866,$21739
2011,6037432902,Census Tract 4329.02,El Monte,Los Angeles County,California,ElMonte,91708.0,9882.0,124093.0,80833.0,,,,,96618.0,16780.0,,,61692.0,36301.0,,,130692.0,80879.0,69444.0,35508.0,$91708,$9882,$124093,$80833,,,,,$96618,$16780,,,$61692,$36301,,,$130692,$80879,$69444,$35508
2011,6037433101,Census Tract 4331.01,El Monte,Los Angeles County,California,ElMonte,75999.0,17342.0,43882.0,33044.0,,,,,119810.0,90551.0,,,101844.0,34556.0,,,32192.0,15237.0,94860.0,37313.0,$75999,$17342,$43882,$33044,,,,,$119810,$90551,,,$101844,$34556,,,$32192,$15237,$94860,$37313
2011,6037433102,Census Tract 4331.02,El Monte,Los Angeles County,California,ElMonte,44194.0,5607.0,44788.0,6454.0,,,,,53517.0,19327.0,,,39450.0,19717.0,46620.0,27387.0,46717.0,19637.0,42971.0,6085.0,$44194,$5607,$44788,$6454,,,,,$53517,$19327,,,$39450,$19717,$46620,$27387,$46717,$19637,$42971,$6085
2011,6037433200,Census Tract 4332,El Monte,Los Angeles County,California,ElMonte,62257.0,9340.0,54798.0,9180.0,,,74217.0,101497.0,61131.0,23986.0,,,68909.0,22136.0,274240.0,321476.0,91215.0,29181.0,58188.0,10019.0,$62257,$9340,$54798,$9180,,,$74217,$101497,$61131,$23986,,,$68909,$22136,$274240,$321476,$91215,$29181,$58188,$10019
2011,6037433302,Census Tract 4333.02,El Monte,Los Angeles County,California,ElMonte,47050.0,4091.0,47614.0,14698.0,,,,,83763.0,17519.0,,,44483.0,18957.0,,,46989.0,1697.0,44407.0,14423.0,$47050,$4091,$47614,$14698,,,,,$83763,$17519,,,$44483,$18957,,,$46989,$1697,$44407,$14423
2011,6037433304,Census Tract 4333.04,El Monte,Los Angeles County,California,ElMonte,43228.0,9459.0,31506.0,19903.0,,,,,81543.0,68184.0,,,60347.0,30967.0,,,3502.0,,42683.0,8823.0,$43228,$9459,$31506,$19903,,,,,$81543,$68184,,,$60347,$30967,,,$3502,,$42683,$8823
2011,6037433305,Census Tract 4333.05,El Monte,Los Angeles County,California,ElMonte,47028.0,7529.0,47795.0,34155.0,,,,,56888.0,16241.0,,,46141.0,11434.0,,,37586.0,75095.0,46722.0,8584.0,$47028,$7529,$47795,$34155,,,,,$56888,$16241,,,$46141,$11434,,,$37586,$75095,$46722,$8584
2011,6037433306,Census Tract 4333.06,El Monte,Los Angeles County,California,ElMonte,58755.0,16665.0,56777.0,20707.0,,,,,71259.0,65792.0,,,59444.0,54038.0,98545.0,161733.0,,,58448.0,18950.0,$58755,$16665,$56777,$20707,,,,,$71259,$65792,,,$59444,$54038,$98545,$161733,,,$58448,$18950
2011,6037433307,Census Tract 4333.07,El Monte,Los Angeles County,California,ElMonte,78740.0,17215.0,76520.0,19620.0,,,,,106224.0,14757.0,,,39918.0,25394.0,,,76020.0,20237.0,63138.0,48104.0,$78740,$17215,$76520,$19620,,,,,$106224,$14757,,,$39918,$25394,,,$76020,$20237,$63138,$48104
2011,6037433401,Census Tract 4334.01,El Monte,Los Angeles County,California,ElMonte,58127.0,4852.0,60948.0,44696.0,,,,,62192.0,85173.0,,,38354.0,33812.0,50805.0,54882.0,60763.0,10963.0,56198.0,9575.0,$58127,$4852,$60948,$44696,,,,,$62192,$85173,,,$38354,$33812,$50805,$54882,$60763,$10963,$56198,$9575
2011,6037433402,Census Tract 4334.02,El Monte,Los Angeles County,California,ElMonte,56450.0,10806.0,51479.0,10907.0,,,,,68006.0,14136.0,,,58352.0,14202.0,31729.0,46190.0,64470.0,75351.0,52153.0,10635.0,$56450,$10806,$51479,$10907,,,,,$68006,$14136,,,$58352,$14202,$31729,$46190,$64470,$75351,$52153,$10635
2011,6037433403,Census Tract 4334.03,El Monte,Los Angeles County,California,ElMonte,44809.0,9085.0,46758.0,11142.0,,,,,41656.0,69379.0,,,44577.0,14960.0,,,72624.0,144282.0,43175.0,5693.0,$44809,$9085,$46758,$11142,,,,,$41656,$69379,,,$44577,$14960,,,$72624,$144282,$43175,$5693
2011,6037433504,Census Tract 4335.04,El Monte,Los Angeles County,California,ElMonte,53790.0,8593.0,53461.0,13955.0,,,,,93617.0,82433.0,,,53039.0,15582.0,,,,,53371.0,3935.0,$53790,$8593,$53461,$13955,,,,,$93617,$82433,,,$53039,$15582,,,,,$53371,$3935
2011,6037433601,Census Tract 4336.01,El Monte,Los Angeles County,California,ElMonte,70368.0,19240.0,67992.0,21013.0,,,,,91500.0,39935.0,,,148008.0,208106.0,,,67780.0,33450.0,69109.0,43531.0,$70368,$19240,$67992,$21013,,,,,$91500,$39935,,,$148008,$208106,,,$67780,$33450,$69109,$43531
2011,6037433801,Census Tract 4338.01,El Monte,Los Angeles County,California,ElMonte,51443.0,7714.0,53304.0,6055.0,,,60065.0,156705.0,121538.0,53573.0,,,34454.0,11513.0,,,27641.0,11546.0,50288.0,7169.0,$51443,$7714,$53304,$6055,,,$60065,$156705,$121538,$53573,,,$34454,$11513,,,$27641,$11546,$50288,$7169
2011,6037433901,Census Tract 4339.01,El Monte,Los Angeles County,California,ElMonte,44102.0,7239.0,52721.0,10378.0,,,,,59565.0,38081.0,,,38085.0,4970.0,,,20705.0,35784.0,42046.0,7801.0,$44102,$7239,$52721,$10378,,,,,$59565,$38081,,,$38085,$4970,,,$20705,$35784,$42046,$7801
2011,6037433902,Census Tract 4339.02,El Monte,Los Angeles County,California,ElMonte,56710.0,17104.0,63263.0,17005.0,,,70426.0,9539.0,40500.0,18821.0,,,43922.0,56725.0,72942.0,460175.0,51363.0,28668.0,63577.0,19832.0,$56710,$17104,$63263,$17005,,,$70426,$9539,$40500,$18821,,,$43922,$56725,$72942,$460175,$51363,$28668,$63577,$19832
2011,6037434001,Census Tract 4340.01,El Monte,Los Angeles County,California,ElMonte,73908.0,14879.0,75749.0,28696.0,,,,,76924.0,27414.0,,,57430.0,25047.0,,,56061.0,24947.0,73601.0,27662.0,$73908,$14879,$75749,$28696,,,,,$76924,$27414,,,$57430,$25047,,,$56061,$24947,$73601,$27662
2011,6037434003,Census Tract 4340.03,El Monte,Los Angeles County,California,ElMonte,68033.0,22712.0,55315.0,16112.0,,,,,50805.0,83438.0,,,87148.0,34770.0,62017.0,267382.0,29304.0,42037.0,69054.0,25436.0,$68033,$22712,$55315,$16112,,,,,$50805,$83438,,,$87148,$34770,$62017,$267382,$29304,$42037,$69054,$25436
2012,6037404701,Census Tract 4047.01,El Monte,Los Angeles County,California,ElMonte,80360.0,16368.0,83960.0,19366.0,,,,,97240.0,22914.0,,,63600.0,17222.0,116460.0,25916.0,84355.0,29292.0,74303.0,17394.0,$80360,$16368,$83960,$19366,,,,,$97240,$22914,,,$63600,$17222,$116460,$25916,$84355,$29292,$74303,$17394
2012,6037431501,Census Tract 4315.01,El Monte,Los Angeles County,California,ElMonte,73057.0,20735.0,72814.0,23526.0,,,,,99315.0,45872.0,,,49192.0,33617.0,30081.0,183547.0,73047.0,48260.0,50337.0,33006.0,$73057,$20735,$72814,$23526,,,,,$99315,$45872,,,$49192,$33617,$30081,$183547,$73047,$48260,$50337,$33006
2012,6037431502,Census Tract 4315.02,El Monte,Los Angeles County,California,ElMonte,88846.0,15124.0,90091.0,33497.0,176063.0,93461.0,,,94776.0,20230.0,,,72541.0,52382.0,54340.0,283800.0,90091.0,40307.0,79405.0,31645.0,$88846,$15124,$90091,$33497,$176063,$93461,,,$94776,$20230,,,$72541,$52382,$54340,$283800,$90091,$40307,$79405,$31645
2012,6037432101,Census Tract 4321.01,El Monte,Los Angeles County,California,ElMonte,107251.0,30811.0,129056.0,13327.0,3431.0,,,,99269.0,22723.0,,,43727.0,34652.0,,,128583.0,10624.0,70602.0,64036.0,$107251,$30811,$129056,$13327,$3431,,,,$99269,$22723,,,$43727,$34652,,,$128583,$10624,$70602,$64036
2012,6037432102,Census Tract 4321.02,El Monte,Los Angeles County,California,ElMonte,89233.0,11496.0,60696.0,15224.0,,,,,93917.0,15738.0,,,66375.0,201081.0,127843.0,139498.0,77221.0,34764.0,47153.0,27495.0,$89233,$11496,$60696,$15224,,,,,$93917,$15738,,,$66375,$201081,$127843,$139498,$77221,$34764,$47153,$27495
2012,6037432300,Census Tract 4323,El Monte,Los Angeles County,California,ElMonte,87793.0,3115.0,77488.0,17627.0,,,,,82798.0,10159.0,,,129559.0,87701.0,,,96982.0,11194.0,101036.0,22444.0,$87793,$3115,$77488,$17627,,,,,$82798,$10159,,,$129559,$87701,,,$96982,$11194,$101036,$22444
2012,6037432401,Census Tract 4324.01,El Monte,Los Angeles County,California,ElMonte,57418.0,5700.0,49250.0,19921.0,,,79795.0,7804.0,59966.0,7682.0,,,56081.0,10313.0,,,113428.0,85260.0,53802.0,11824.0,$57418,$5700,$49250,$19921,,,$79795,$7804,$59966,$7682,,,$56081,$10313,,,$113428,$85260,$53802,$11824
2012,6037432402,Census Tract 4324.02,El Monte,Los Angeles County,California,ElMonte,46426.0,6112.0,52433.0,7334.0,,,,,43735.0,12615.0,,,39864.0,9500.0,58344.0,23809.0,54770.0,31266.0,45142.0,5784.0,$46426,$6112,$52433,$7334,,,,,$43735,$12615,,,$39864,$9500,$58344,$23809,$54770,$31266,$45142,$5784
2012,6037432500,Census Tract 4325,El Monte,Los Angeles County,California,ElMonte,77140.0,8152.0,70940.0,8892.0,92208.0,24086.0,,,85114.0,37733.0,,,110486.0,21078.0,,,68411.0,20724.0,78563.0,16400.0,$77140,$8152,$70940,$8892,$92208,$24086,,,$85114,$37733,,,$110486,$21078,,,$68411,$20724,$78563,$16400
2012,6037432601,Census Tract 4326.01,El Monte,Los Angeles County,California,ElMonte,67003.0,9161.0,53947.0,18790.0,,,,,96191.0,40365.0,,,83894.0,30479.0,78937.0,168673.0,67934.0,19232.0,55525.0,21139.0,$67003,$9161,$53947,$18790,,,,,$96191,$40365,,,$83894,$30479,$78937,$168673,$67934,$19232,$55525,$21139
2012,6037432602,Census Tract 4326.02,El Monte,Los Angeles County,California,ElMonte,81082.0,17178.0,62920.0,23634.0,,,,,75447.0,26258.0,,,103850.0,39802.0,,,56874.0,111559.0,82826.0,21101.0,$81082,$17178,$62920,$23634,,,,,$75447,$26258,,,$103850,$39802,,,$56874,$111559,$82826,$21101
2012,6037432700,Census Tract 4327,El Monte,Los Angeles County,California,ElMonte,58281.0,17433.0,50930.0,4334.0,,,,,89544.0,58817.0,,,73789.0,22266.0,,,52428.0,10705.0,56534.0,17671.0,$58281,$17433,$50930,$4334,,,,,$89544,$58817,,,$73789,$22266,,,$52428,$10705,$56534,$17671
2012,6037432801,Census Tract 4328.01,El Monte,Los Angeles County,California,ElMonte,42203.0,9582.0,55836.0,16702.0,,,,,24502.0,3711.0,,,96761.0,41147.0,,,77650.0,59699.0,67173.0,2919.0,$42203,$9582,$55836,$16702,,,,,$24502,$3711,,,$96761,$41147,,,$77650,$59699,$67173,$2919
2012,6037432802,Census Tract 4328.02,El Monte,Los Angeles County,California,ElMonte,52779.0,21936.0,39547.0,2939.0,,,,,79348.0,32116.0,,,63882.0,13496.0,,,38182.0,29834.0,44357.0,20589.0,$52779,$21936,$39547,$2939,,,,,$79348,$32116,,,$63882,$13496,,,$38182,$29834,$44357,$20589
2012,6037432902,Census Tract 4329.02,El Monte,Los Angeles County,California,ElMonte,93247.0,11457.0,89996.0,23795.0,,,,,95277.0,19630.0,,,93094.0,65436.0,60747.0,117861.0,86046.0,36730.0,92143.0,31776.0,$93247,$11457,$89996,$23795,,,,,$95277,$19630,,,$93094,$65436,$60747,$117861,$86046,$36730,$92143,$31776
2012,6037433101,Census Tract 4331.01,El Monte,Los Angeles County,California,ElMonte,81034.0,15875.0,66066.0,52827.0,,,,,118668.0,63074.0,,,94895.0,22842.0,,,40970.0,77156.0,80396.0,38738.0,$81034,$15875,$66066,$52827,,,,,$118668,$63074,,,$94895,$22842,,,$40970,$77156,$80396,$38738
2012,6037433102,Census Tract 4331.02,El Monte,Los Angeles County,California,ElMonte,45106.0,7960.0,47639.0,17766.0,,,,,51843.0,15241.0,,,31020.0,18072.0,45474.0,33244.0,65423.0,42460.0,44420.0,8467.0,$45106,$7960,$47639,$17766,,,,,$51843,$15241,,,$31020,$18072,$45474,$33244,$65423,$42460,$44420,$8467
2012,6037433200,Census Tract 4332,El Monte,Los Angeles County,California,ElMonte,59411.0,11659.0,55118.0,19900.0,,,10192.0,135584.0,48430.0,30810.0,,,67379.0,20850.0,275486.0,153373.0,89478.0,15105.0,57315.0,10682.0,$59411,$11659,$55118,$19900,,,$10192,$135584,$48430,$30810,,,$67379,$20850,$275486,$153373,$89478,$15105,$57315,$10682
2012,6037433302,Census Tract 4333.02,El Monte,Los Angeles County,California,ElMonte,46124.0,4997.0,45352.0,15006.0,,,,,94381.0,34577.0,,,44360.0,23960.0,,,45679.0,19420.0,44016.0,11154.0,$46124,$4997,$45352,$15006,,,,,$94381,$34577,,,$44360,$23960,,,$45679,$19420,$44016,$11154
2012,6037433304,Census Tract 4333.04,El Monte,Los Angeles County,California,ElMonte,43014.0,9590.0,38907.0,11758.0,,,,,60404.0,55700.0,,,65077.0,33540.0,,,4902.0,27893.0,42678.0,16544.0,$43014,$9590,$38907,$11758,,,,,$60404,$55700,,,$65077,$33540,,,$4902,$27893,$42678,$16544
2012,6037433305,Census Tract 4333.05,El Monte,Los Angeles County,California,ElMonte,46479.0,6569.0,45959.0,17569.0,,,,,57830.0,12324.0,,,39785.0,14129.0,,,33999.0,80095.0,44804.0,10833.0,$46479,$6569,$45959,$17569,,,,,$57830,$12324,,,$39785,$14129,,,$33999,$80095,$44804,$10833
2012,6037433306,Census Tract 4333.06,El Monte,Los Angeles County,California,ElMonte,57076.0,15410.0,48478.0,16121.0,,,,,74361.0,70053.0,,,68640.0,37082.0,100101.0,177521.0,57816.0,30844.0,56108.0,7161.0,$57076,$15410,$48478,$16121,,,,,$74361,$70053,,,$68640,$37082,$100101,$177521,$57816,$30844,$56108,$7161
2012,6037433307,Census Tract 4333.07,El Monte,Los Angeles County,California,ElMonte,76056.0,21220.0,64797.0,25943.0,,,15949.0,123380.0,96833.0,75656.0,,,40175.0,26778.0,,,78293.0,23420.0,45790.0,28685.0,$76056,$21220,$64797,$25943,,,$15949,$123380,$96833,$75656,,,$40175,$26778,,,$78293,$23420,$45790,$28685
2012,6037433401,Census Tract 4334.01,El Monte,Los Angeles County,California,ElMonte,57891.0,7633.0,69098.0,26595.0,,,,,58344.0,21450.0,,,53821.0,15321.0,87027.0,53791.0,59797.0,31041.0,57418.0,22649.0,$57891,$7633,$69098,$26595,,,,,$58344,$21450,,,$53821,$15321,$87027,$53791,$59797,$31041,$57418,$22649
2012,6037433402,Census Tract 4334.02,El Monte,Los Angeles County,California,ElMonte,47623.0,5629.0,47207.0,3954.0,,,,,77650.0,77296.0,,,32472.0,15349.0,31079.0,50125.0,6552.0,270045.0,45525.0,8214.0,$47623,$5629,$47207,$3954,,,,,$77650,$77296,,,$32472,$15349,$31079,$50125,$6552,$270045,$45525,$8214
2012,6037433403,Census Tract 4334.03,El Monte,Los Angeles County,California,ElMonte,41566.0,5814.0,39962.0,3111.0,,,,,90777.0,82569.0,,,51603.0,24083.0,,,50301.0,125316.0,40451.0,3497.0,$41566,$5814,$39962,$3111,,,,,$90777,$82569,,,$51603,$24083,,,$50301,$125316,$40451,$3497
2012,6037433504,Census Tract 4335.04,El Monte,Los Angeles County,California,ElMonte,53501.0,8281.0,53524.0,10672.0,,,,,59108.0,98189.0,,,52967.0,17255.0,,,,,53584.0,7994.0,$53501,$8281,$53524,$10672,,,,,$59108,$98189,,,$52967,$17255,,,,,$53584,$7994
2012,6037433601,Census Tract 4336.01,El Monte,Los Angeles County,California,ElMonte,63433.0,15467.0,40060.0,20728.0,,,,,87580.0,37962.0,,,36772.0,226284.0,,,34797.0,11037.0,43146.0,31781.0,$63433,$15467,$40060,$20728,,,,,$87580,$37962,,,$36772,$226284,,,$34797,$11037,$43146,$31781
2012,6037433801,Census Tract 4338.01,El Monte,Los Angeles County,California,ElMonte,50764.0,5379.0,52433.0,5733.0,,,36723.0,209783.0,69784.0,105286.0,,,43972.0,12631.0,,,29172.0,7869.0,50589.0,5407.0,$50764,$5379,$52433,$5733,,,$36723,$209783,$69784,$105286,,,$43972,$12631,,,$29172,$7869,$50589,$5407
2012,6037433901,Census Tract 4339.01,El Monte,Los Angeles County,California,ElMonte,43437.0,8244.0,50094.0,5213.0,,,,,52911.0,47431.0,,,38157.0,5701.0,,,18508.0,79213.0,42941.0,8308.0,$43437,$8244,$50094,$5213,,,,,$52911,$47431,,,$38157,$5701,,,$18508,$79213,$42941,$8308
2012,6037433902,Census Tract 4339.02,El Monte,Los Angeles County,California,ElMonte,66830.0,7917.0,66132.0,12284.0,,,63492.0,26072.0,67047.0,23428.0,,,64473.0,46769.0,73979.0,257064.0,61776.0,61381.0,66859.0,13308.0,$66830,$7917,$66132,$12284,,,$63492,$26072,$67047,$23428,,,$64473,$46769,$73979,$257064,$61776,$61381,$66859,$13308
2012,6037434001,Census Tract 4340.01,El Monte,Los Angeles County,California,ElMonte,65692.0,16516.0,71072.0,15192.0,,,,,61776.0,54458.0,,,53328.0,16770.0,,,56414.0,34518.0,65638.0,19191.0,$65692,$16516,$71072,$15192,,,,,$61776,$54458,,,$53328,$16770,,,$56414,$34518,$65638,$19191
2012,6037434003,Census Tract 4340.03,El Monte,Los Angeles County,California,ElMonte,62062.0,14938.0,52205.0,9750.0,,,,,56171.0,62100.0,,,87426.0,43390.0,285240.0,444247.0,61991.0,73793.0,62584.0,18817.0,$62062,$14938,$52205,$9750,,,,,$56171,$62100,,,$87426,$43390,$285240,$444247,$61991,$73793,$62584,$18817
2013,6037404701,Census Tract 4047.01,El Monte,Los Angeles County,California,ElMonte,68227.0,9185.0,67490.0,20015.0,,,,,99946.0,23157.0,,,63110.0,10851.0,,,82119.0,99586.0,65927.0,6299.0,$68227,$9185,$67490,$20015,,,,,$99946,$23157,,,$63110,$10851,,,$82119,$99586,$65927,$6299
2013,6037431501,Census Tract 4315.01,El Monte,Los Angeles County,California,ElMonte,61521.0,19301.0,61745.0,23034.0,,,,,63180.0,22232.0,,,47843.0,20633.0,45180.0,126579.0,62941.0,29240.0,45641.0,15705.0,$61521,$19301,$61745,$23034,,,,,$63180,$22232,,,$47843,$20633,$45180,$126579,$62941,$29240,$45641,$15705
2013,6037431502,Census Tract 4315.02,El Monte,Los Angeles County,California,ElMonte,87012.0,20472.0,80764.0,45486.0,,,,,89674.0,23071.0,,,85945.0,68752.0,30207.0,99355.0,96354.0,51876.0,70576.0,31180.0,$87012,$20472,$80764,$45486,,,,,$89674,$23071,,,$85945,$68752,$30207,$99355,$96354,$51876,$70576,$31180
2013,6037432101,Census Tract 4321.01,El Monte,Los Angeles County,California,ElMonte,101386.0,17098.0,125831.0,40609.0,,,,,105652.0,22856.0,,,84199.0,36865.0,,,105289.0,46334.0,102041.0,34317.0,$101386,$17098,$125831,$40609,,,,,$105652,$22856,,,$84199,$36865,,,$105289,$46334,$102041,$34317
2013,6037432102,Census Tract 4321.02,El Monte,Los Angeles County,California,ElMonte,94599.0,8555.0,85487.0,25581.0,,,,,98967.0,22668.0,,,47255.0,91457.0,,,94664.0,22023.0,45412.0,24015.0,$94599,$8555,$85487,$25581,,,,,$98967,$22668,,,$47255,$91457,,,$94664,$22023,$45412,$24015
2013,6037432300,Census Tract 4323,El Monte,Los Angeles County,California,ElMonte,81140.0,11972.0,62546.0,11288.0,,,,,77920.0,13085.0,,,140459.0,55185.0,,,70608.0,79353.0,87138.0,26994.0,$81140,$11972,$62546,$11288,,,,,$77920,$13085,,,$140459,$55185,,,$70608,$79353,$87138,$26994
2013,6037432401,Census Tract 4324.01,El Monte,Los Angeles County,California,ElMonte,53747.0,9262.0,44648.0,22257.0,,,,,58009.0,7903.0,,,52403.0,31958.0,,,89382.0,55964.0,46292.0,12734.0,$53747,$9262,$44648,$22257,,,,,$58009,$7903,,,$52403,$31958,,,$89382,$55964,$46292,$12734
2013,6037432402,Census Tract 4324.02,El Monte,Los Angeles County,California,ElMonte,46603.0,6153.0,51191.0,5173.0,,,,,42611.0,11510.0,,,41871.0,4639.0,58243.0,40837.0,52864.0,30860.0,47036.0,6375.0,$46603,$6153,$51191,$5173,,,,,$42611,$11510,,,$41871,$4639,$58243,$40837,$52864,$30860,$47036,$6375
2013,6037432500,Census Tract 4325,El Monte,Los Angeles County,California,ElMonte,71040.0,17214.0,58720.0,11796.0,,,,,69187.0,39962.0,,,110333.0,6186.0,,,67476.0,30989.0,67505.0,20384.0,$71040,$17214,$58720,$11796,,,,,$69187,$39962,,,$110333,$6186,,,$67476,$30989,$67505,$20384
2013,6037432601,Census Tract 4326.01,El Monte,Los Angeles County,California,ElMonte,61395.0,9745.0,47986.0,14143.0,,,,,85161.0,32639.0,,,62734.0,33265.0,25598.0,128042.0,73533.0,18077.0,43670.0,11483.0,$61395,$9745,$47986,$14143,,,,,$85161,$32639,,,$62734,$33265,$25598,$128042,$73533,$18077,$43670,$11483
2013,6037432602,Census Tract 4326.02,El Monte,Los Angeles County,California,ElMonte,79244.0,12222.0,61554.0,18232.0,,,,,88578.0,20767.0,,,85398.0,36124.0,,,38880.0,37963.0,78215.0,24576.0,$79244,$12222,$61554,$18232,,,,,$88578,$20767,,,$85398,$36124,,,$38880,$37963,$78215,$24576
2013,6037432700,Census Tract 4327,El Monte,Los Angeles County,California,ElMonte,54483.0,16421.0,48860.0,4821.0,,,,,66678.0,38973.0,,,85444.0,32109.0,,,53171.0,43731.0,52548.0,14914.0,$54483,$16421,$48860,$4821,,,,,$66678,$38973,,,$85444,$32109,,,$53171,$43731,$52548,$14914
2013,6037432801,Census Tract 4328.01,El Monte,Los Angeles County,California,ElMonte,38942.0,10295.0,58521.0,10727.0,,,,,25131.0,1240.0,,,99373.0,37864.0,,,,,65716.0,8627.0,$38942,$10295,$58521,$10727,,,,,$25131,$1240,,,$99373,$37864,,,,,$65716,$8627
2013,6037432802,Census Tract 4328.02,El Monte,Los Angeles County,California,ElMonte,41222.0,3538.0,38286.0,6041.0,,,,,41194.0,33291.0,,,43452.0,40513.0,,,56305.0,33112.0,40712.0,5632.0,$41222,$3538,$38286,$6041,,,,,$41194,$33291,,,$43452,$40513,,,$56305,$33112,$40712,$5632
2013,6037432902,Census Tract 4329.02,El Monte,Los Angeles County,California,ElMonte,90338.0,16041.0,72238.0,18834.0,,,,,98199.0,21164.0,,,63943.0,64662.0,,,66772.0,34033.0,72688.0,31583.0,$90338,$16041,$72238,$18834,,,,,$98199,$21164,,,$63943,$64662,,,$66772,$34033,$72688,$31583
2013,6037433101,Census Tract 4331.01,El Monte,Los Angeles County,California,ElMonte,78456.0,12889.0,46065.0,58655.0,,,,,98721.0,53950.0,,,95509.0,20527.0,,,42599.0,70978.0,77900.0,48326.0,$78456,$12889,$46065,$58655,,,,,$98721,$53950,,,$95509,$20527,,,$42599,$70978,$77900,$48326
2013,6037433102,Census Tract 4331.02,El Monte,Los Angeles County,California,ElMonte,45898.0,4432.0,46351.0,7562.0,,,,,51788.0,15215.0,,,31031.0,10329.0,,,,,44703.0,5884.0,$45898,$4432,$46351,$7562,,,,,$51788,$15215,,,$31031,$10329,,,,,$44703,$5884
2013,6037433200,Census Tract 4332,El Monte,Los Angeles County,California,ElMonte,50753.0,5738.0,49339.0,10777.0,,,,,48458.0,18570.0,,,59250.0,18654.0,,,76975.0,24826.0,50955.0,5875.0,$50753,$5738,$49339,$10777,,,,,$48458,$18570,,,$59250,$18654,,,$76975,$24826,$50955,$5875
2013,6037433302,Census Tract 4333.02,El Monte,Los Angeles County,California,ElMonte,45431.0,6920.0,33000.0,8986.0,,,,,94453.0,32881.0,,,45800.0,23423.0,,,90269.0,41037.0,35218.0,13825.0,$45431,$6920,$33000,$8986,,,,,$94453,$32881,,,$45800,$23423,,,$90269,$41037,$35218,$13825
2013,6037433304,Census Tract 4333.04,El Monte,Los Angeles County,California,ElMonte,43268.0,9987.0,41967.0,19813.0,,,,,40570.0,45811.0,,,70032.0,54160.0,,,4821.0,16517.0,44913.0,17039.0,$43268,$9987,$41967,$19813,,,,,$40570,$45811,,,$70032,$54160,,,$4821,$16517,$44913,$17039
2013,6037433305,Census Tract 4333.05,El Monte,Los Angeles County,California,ElMonte,45096.0,12313.0,35388.0,11631.0,,,,,80340.0,50108.0,,,36087.0,19370.0,,,,,36304.0,7908.0,$45096,$12313,$35388,$11631,,,,,$80340,$50108,,,$36087,$19370,,,,,$36304,$7908
2013,6037433306,Census Tract 4333.06,El Monte,Los Angeles County,California,ElMonte,56326.0,12827.0,50116.0,14739.0,,,,,57215.0,39937.0,,,81669.0,4291.0,,,,,57372.0,16530.0,$56326,$12827,$50116,$14739,,,,,$57215,$39937,,,$81669,$4291,,,,,$57372,$16530
2013,6037433307,Census Tract 4333.07,El Monte,Los Angeles County,California,ElMonte,70861.0,13567.0,63080.0,23345.0,,,,,100299.0,55946.0,,,40497.0,67035.0,,,77466.0,25694.0,49505.0,30265.0,$70861,$13567,$63080,$23345,,,,,$100299,$55946,,,$40497,$67035,,,$77466,$25694,$49505,$30265
2013,6037433401,Census Tract 4334.01,El Monte,Los Angeles County,California,ElMonte,60291.0,17322.0,72688.0,18008.0,,,,,56010.0,4986.0,,,66892.0,48725.0,88325.0,90658.0,77900.0,28883.0,73364.0,21366.0,$60291,$17322,$72688,$18008,,,,,$56010,$4986,,,$66892,$48725,$88325,$90658,$77900,$28883,$73364,$21366
2013,6037433402,Census Tract 4334.02,El Monte,Los Angeles County,California,ElMonte,43106.0,5480.0,38880.0,15380.0,,,,,71167.0,39932.0,,,42165.0,13646.0,,,60291.0,103032.0,36458.0,11584.0,$43106,$5480,$38880,$15380,,,,,$71167,$39932,,,$42165,$13646,,,$60291,$103032,$36458,$11584
2013,6037433403,Census Tract 4334.03,El Monte,Los Angeles County,California,ElMonte,38845.0,6691.0,41584.0,17529.0,,,,,33487.0,44810.0,,,32898.0,18677.0,,,52910.0,161763.0,38590.0,7303.0,$38845,$6691,$41584,$17529,,,,,$33487,$44810,,,$32898,$18677,,,$52910,$161763,$38590,$7303
2013,6037433504,Census Tract 4335.04,El Monte,Los Angeles County,California,ElMonte,49295.0,5006.0,48450.0,4319.0,,,,,108512.0,118426.0,,,46698.0,37088.0,,,19901.0,22940.0,49147.0,4998.0,$49295,$5006,$48450,$4319,,,,,$108512,$118426,,,$46698,$37088,,,$19901,$22940,$49147,$4998
2013,6037433601,Census Tract 4336.01,El Monte,Los Angeles County,California,ElMonte,59165.0,8293.0,42381.0,23792.0,,,,,67110.0,40289.0,,,28925.0,9150.0,,,37189.0,35154.0,39418.0,13912.0,$59165,$8293,$42381,$23792,,,,,$67110,$40289,,,$28925,$9150,,,$37189,$35154,$39418,$13912
2013,6037433801,Census Tract 4338.01,El Monte,Los Angeles County,California,ElMonte,51942.0,8658.0,55101.0,9919.0,,,,,71421.0,84276.0,,,40388.0,11434.0,,,,,51686.0,9493.0,$51942,$8658,$55101,$9919,,,,,$71421,$84276,,,$40388,$11434,,,,,$51686,$9493
2013,6037433901,Census Tract 4339.01,El Monte,Los Angeles County,California,ElMonte,41253.0,3780.0,35461.0,10122.0,,,,,57474.0,37302.0,,,42354.0,6720.0,,,18416.0,81157.0,41263.0,4371.0,$41253,$3780,$35461,$10122,,,,,$57474,$37302,,,$42354,$6720,,,$18416,$81157,$41263,$4371
2013,6037433902,Census Tract 4339.02,El Monte,Los Angeles County,California,ElMonte,56394.0,10716.0,55555.0,10627.0,,,66491.0,44625.0,57296.0,24114.0,,,50375.0,44240.0,71674.0,12582.0,44846.0,32175.0,57193.0,12099.0,$56394,$10716,$55555,$10627,,,$66491,$44625,$57296,$24114,,,$50375,$44240,$71674,$12582,$44846,$32175,$57193,$12099
2013,6037434001,Census Tract 4340.01,El Monte,Los Angeles County,California,ElMonte,51769.0,9449.0,56122.0,19060.0,,,,,52403.0,52473.0,,,49640.0,6104.0,,,70032.0,16117.0,49770.0,9718.0,$51769,$9449,$56122,$19060,,,,,$52403,$52473,,,$49640,$6104,,,$70032,$16117,$49770,$9718
2013,6037434003,Census Tract 4340.03,El Monte,Los Angeles County,California,ElMonte,63926.0,11991.0,54770.0,17349.0,,,,,79125.0,31361.0,,,87107.0,18975.0,,,40570.0,40235.0,63683.0,8728.0,$63926,$11991,$54770,$17349,,,,,$79125,$31361,,,$87107,$18975,,,$40570,$40235,$63683,$8728
2014,6037404701,Census Tract 4047.01,El Monte,Los Angeles County,California,ElMonte,66479.0,5849.0,67183.0,12800.0,,,,,96992.0,21228.0,,,60855.0,10822.0,,,53103.0,68681.0,63183.0,6528.0,$66479,$5849,$67183,$12800,,,,,$96992,$21228,,,$60855,$10822,,,$53103,$68681,$63183,$6528
2014,6037431501,Census Tract 4315.01,El Monte,Los Angeles County,California,ElMonte,47758.0,7118.0,46943.0,17807.0,,,,,54246.0,22294.0,,,47055.0,32520.0,23777.0,24378.0,52184.0,25131.0,41938.0,17264.0,$47758,$7118,$46943,$17807,,,,,$54246,$22294,,,$47055,$32520,$23777,$24378,$52184,$25131,$41938,$17264
2014,6037431502,Census Tract 4315.02,El Monte,Los Angeles County,California,ElMonte,92254.0,13028.0,98724.0,13362.0,,,,,87625.0,23753.0,,,84133.0,24002.0,51069.0,184803.0,102257.0,11435.0,80450.0,19486.0,$92254,$13028,$98724,$13362,,,,,$87625,$23753,,,$84133,$24002,$51069,$184803,$102257,$11435,$80450,$19486
2014,6037432101,Census Tract 4321.01,El Monte,Los Angeles County,California,ElMonte,106275.0,25443.0,121616.0,41908.0,,,,,114617.0,21276.0,,,99007.0,20200.0,,,99763.0,37497.0,105701.0,62308.0,$106275,$25443,$121616,$41908,,,,,$114617,$21276,,,$99007,$20200,,,$99763,$37497,$105701,$62308
2014,6037432102,Census Tract 4321.02,El Monte,Los Angeles County,California,ElMonte,93592.0,15032.0,67174.0,22565.0,,,,,99305.0,26712.0,,,68171.0,224264.0,129415.0,360818.0,72566.0,31534.0,52137.0,45550.0,$93592,$15032,$67174,$22565,,,,,$99305,$26712,,,$68171,$224264,$129415,$360818,$72566,$31534,$52137,$45550
2014,6037432300,Census Tract 4323,El Monte,Los Angeles County,California,ElMonte,72883.0,21011.0,55286.0,15040.0,,,,,76636.0,37144.0,,,180110.0,25658.0,,,39318.0,87874.0,73783.0,29337.0,$72883,$21011,$55286,$15040,,,,,$76636,$37144,,,$180110,$25658,,,$39318,$87874,$73783,$29337
2014,6037432401,Census Tract 4324.01,El Monte,Los Angeles County,California,ElMonte,56934.0,10458.0,46334.0,30384.0,,,,,57018.0,10145.0,,,64014.0,32068.0,,,91211.0,20413.0,49881.0,24580.0,$56934,$10458,$46334,$30384,,,,,$57018,$10145,,,$64014,$32068,,,$91211,$20413,$49881,$24580
2014,6037432402,Census Tract 4324.02,El Monte,Los Angeles County,California,ElMonte,47471.0,3562.0,50080.0,6171.0,,,,,48535.0,9704.0,,,38035.0,11905.0,57502.0,48001.0,68864.0,43856.0,46221.0,3278.0,$47471,$3562,$50080,$6171,,,,,$48535,$9704,,,$38035,$11905,$57502,$48001,$68864,$43856,$46221,$3278
2014,6037432500,Census Tract 4325,El Monte,Los Angeles County,California,ElMonte,65262.0,16300.0,54850.0,9101.0,,,,,93297.0,26824.0,,,108364.0,84613.0,,,54087.0,31357.0,57836.0,11286.0,$65262,$16300,$54850,$9101,,,,,$93297,$26824,,,$108364,$84613,,,$54087,$31357,$57836,$11286
2014,6037432601,Census Tract 4326.01,El Monte,Los Angeles County,California,ElMonte,57443.0,8183.0,47024.0,10790.0,,,,,67340.0,25783.0,,,81265.0,39914.0,24703.0,112075.0,81090.0,41698.0,45932.0,9259.0,$57443,$8183,$47024,$10790,,,,,$67340,$25783,,,$81265,$39914,$24703,$112075,$81090,$41698,$45932,$9259
2014,6037432602,Census Tract 4326.02,El Monte,Los Angeles County,California,ElMonte,76485.0,17892.0,60169.0,19885.0,,,,,91001.0,18021.0,,,65954.0,41960.0,,,58057.0,125576.0,64038.0,19834.0,$76485,$17892,$60169,$19885,,,,,$91001,$18021,,,$65954,$41960,,,$58057,$125576,$64038,$19834
2014,6037432700,Census Tract 4327,El Monte,Los Angeles County,California,ElMonte,52704.0,12198.0,47741.0,3464.0,,,,,98931.0,60821.0,,,73344.0,22142.0,,,46081.0,23853.0,51729.0,14013.0,$52704,$12198,$47741,$3464,,,,,$98931,$60821,,,$73344,$22142,,,$46081,$23853,$51729,$14013
2014,6037432801,Census Tract 4328.01,El Monte,Los Angeles County,California,ElMonte,34442.0,7277.0,51544.0,17099.0,,,,,24205.0,1651.0,,,114450.0,29716.0,,,,,56532.0,12561.0,$34442,$7277,$51544,$17099,,,,,$24205,$1651,,,$114450,$29716,,,,,$56532,$12561
2014,6037432802,Census Tract 4328.02,El Monte,Los Angeles County,California,ElMonte,42996.0,7823.0,40605.0,6397.0,,,,,46556.0,18037.0,,,42702.0,46830.0,,,55946.0,27569.0,41332.0,2791.0,$42996,$7823,$40605,$6397,,,,,$46556,$18037,,,$42702,$46830,,,$55946,$27569,$41332,$2791
2014,6037432902,Census Tract 4329.02,El Monte,Los Angeles County,California,ElMonte,93717.0,16546.0,64569.0,22645.0,,,,,110214.0,22578.0,,,162946.0,120148.0,,,56532.0,32763.0,90299.0,27903.0,$93717,$16546,$64569,$22645,,,,,$110214,$22578,,,$162946,$120148,,,$56532,$32763,$90299,$27903
2014,6037433101,Census Tract 4331.01,El Monte,Los Angeles County,California,ElMonte,68373.0,13584.0,45956.0,43760.0,,,,,69330.0,15620.0,,,93196.0,39668.0,,,34224.0,12258.0,72051.0,37567.0,$68373,$13584,$45956,$43760,,,,,$69330,$15620,,,$93196,$39668,,,$34224,$12258,$72051,$37567
2014,6037433102,Census Tract 4331.02,El Monte,Los Angeles County,California,ElMonte,47486.0,4918.0,43526.0,8036.0,,,,,64114.0,21614.0,,,41360.0,21046.0,,,45310.0,32231.0,43415.0,8328.0,$47486,$4918,$43526,$8036,,,,,$64114,$21614,,,$41360,$21046,,,$45310,$32231,$43415,$8328
2014,6037433200,Census Tract 4332,El Monte,Los Angeles County,California,ElMonte,53598.0,6148.0,52667.0,12970.0,,,,,49706.0,16287.0,,,61201.0,26152.0,,,81085.0,5845.0,52826.0,7797.0,$53598,$6148,$52667,$12970,,,,,$49706,$16287,,,$61201,$26152,,,$81085,$5845,$52826,$7797
2014,6037433302,Census Tract 4333.02,El Monte,Los Angeles County,California,ElMonte,35719.0,11211.0,33311.0,5943.0,,,,,86669.0,18182.0,,,54870.0,50981.0,,,32700.0,94191.0,33942.0,7061.0,$35719,$11211,$33311,$5943,,,,,$86669,$18182,,,$54870,$50981,,,$32700,$94191,$33942,$7061
2014,6037433304,Census Tract 4333.04,El Monte,Los Angeles County,California,ElMonte,48912.0,15024.0,42494.0,5885.0,,,,,61369.0,28519.0,,,69134.0,27154.0,,,4489.0,3464.0,50081.0,17702.0,$48912,$15024,$42494,$5885,,,,,$61369,$28519,,,$69134,$27154,,,$4489,$3464,$50081,$17702
2014,6037433305,Census Tract 4333.05,El Monte,Los Angeles County,California,ElMonte,54790.0,11848.0,36444.0,20228.0,,,,,124105.0,74903.0,,,48128.0,13455.0,,,30009.0,22049.0,47515.0,12464.0,$54790,$11848,$36444,$20228,,,,,$124105,$74903,,,$48128,$13455,,,$30009,$22049,$47515,$12464
2014,6037433306,Census Tract 4333.06,El Monte,Los Angeles County,California,ElMonte,48676.0,6902.0,42137.0,6333.0,,,,,53660.0,15387.0,,,80469.0,62861.0,,,,,43469.0,10256.0,$48676,$6902,$42137,$6333,,,,,$53660,$15387,,,$80469,$62861,,,,,$43469,$10256
2014,6037433307,Census Tract 4333.07,El Monte,Los Angeles County,California,ElMonte,67627.0,9343.0,59193.0,18032.0,,,,,92874.0,42833.0,,,24941.0,4512.0,,,77593.0,35913.0,52792.0,13467.0,$67627,$9343,$59193,$18032,,,,,$92874,$42833,,,$24941,$4512,,,$77593,$35913,$52792,$13467
2014,6037433401,Census Tract 4334.01,El Monte,Los Angeles County,California,ElMonte,60666.0,8298.0,70204.0,17421.0,,,,,55226.0,8117.0,,,59719.0,55145.0,39628.0,52567.0,78590.0,47518.0,60781.0,18610.0,$60666,$8298,$70204,$17421,,,,,$55226,$8117,,,$59719,$55145,$39628,$52567,$78590,$47518,$60781,$18610
2014,6037433402,Census Tract 4334.02,El Monte,Los Angeles County,California,ElMonte,43155.0,5503.0,37411.0,15598.0,,,,,66731.0,47921.0,,,42003.0,13111.0,44062.0,42831.0,110294.0,110247.0,40380.0,11054.0,$43155,$5503,$37411,$15598,,,,,$66731,$47921,,,$42003,$13111,$44062,$42831,$110294,$110247,$40380,$11054
2014,6037433403,Census Tract 4334.03,El Monte,Los Angeles County,California,ElMonte,37543.0,7449.0,39021.0,9428.0,,,,,32742.0,19765.0,,,30760.0,41408.0,,,19834.0,26083.0,38560.0,8855.0,$37543,$7449,$39021,$9428,,,,,$32742,$19765,,,$30760,$41408,,,$19834,$26083,$38560,$8855
2014,6037433504,Census Tract 4335.04,El Monte,Los Angeles County,California,ElMonte,50803.0,4846.0,50606.0,5150.0,,,,,63017.0,108366.0,,,44561.0,29089.0,,,24941.0,19192.0,50671.0,5506.0,$50803,$4846,$50606,$5150,,,,,$63017,$108366,,,$44561,$29089,,,$24941,$19192,$50671,$5506
2014,6037433601,Census Tract 4336.01,El Monte,Los Angeles County,California,ElMonte,58880.0,8759.0,46318.0,19667.0,,,,,86542.0,28588.0,,,26365.0,8049.0,,,54454.0,18625.0,35704.0,10006.0,$58880,$8759,$46318,$19667,,,,,$86542,$28588,,,$26365,$8049,,,$54454,$18625,$35704,$10006
2014,6037433801,Census Tract 4338.01,El Monte,Los Angeles County,California,ElMonte,52821.0,9057.0,55015.0,12544.0,,,,,52583.0,49998.0,,,46141.0,12780.0,,,,,53727.0,9829.0,$52821,$9057,$55015,$12544,,,,,$52583,$49998,,,$46141,$12780,,,,,$53727,$9829
2014,6037433901,Census Tract 4339.01,El Monte,Los Angeles County,California,ElMonte,38536.0,5269.0,34060.0,4908.0,,,,,52375.0,23182.0,,,41855.0,11060.0,,,,,36222.0,5726.0,$38536,$5269,$34060,$4908,,,,,$52375,$23182,,,$41855,$11060,,,,,$36222,$5726
2014,6037433902,Census Tract 4339.02,El Monte,Los Angeles County,California,ElMonte,61335.0,9436.0,57757.0,8886.0,,,63738.0,47946.0,54170.0,22650.0,,,80365.0,27817.0,71497.0,18355.0,44373.0,23015.0,64398.0,5863.0,$61335,$9436,$57757,$8886,,,$63738,$47946,$54170,$22650,,,$80365,$27817,$71497,$18355,$44373,$23015,$64398,$5863
2014,6037434001,Census Tract 4340.01,El Monte,Los Angeles County,California,ElMonte,49397.0,8604.0,48843.0,16475.0,,,,,70998.0,82001.0,,,49407.0,11138.0,,,58670.0,30916.0,48542.0,7691.0,$49397,$8604,$48843,$16475,,,,,$70998,$82001,,,$49407,$11138,,,$58670,$30916,$48542,$7691
2014,6037434003,Census Tract 4340.03,El Monte,Los Angeles County,California,ElMonte,52703.0,11195.0,46608.0,11318.0,,,,,104239.0,59997.0,,,61000.0,25521.0,,,48219.0,57300.0,48622.0,10959.0,$52703,$11195,$46608,$11318,,,,,$104239,$59997,,,$61000,$25521,,,$48219,$57300,$48622,$10959
2015,6037404701,Census Tract 4047.01,El Monte,Los Angeles County,California,ElMonte,66359.0,6536.0,58095.0,14899.0,,,,,95983.0,24092.0,,,63860.0,6780.0,122032.0,12349.0,,,64210.0,6633.0,$66359,$6536,$58095,$14899,,,,,$95983,$24092,,,$63860,$6780,$122032,$12349,,,$64210,$6633
2015,6037431501,Census Tract 4315.01,El Monte,Los Angeles County,California,ElMonte,48976.0,12515.0,46664.0,21018.0,113368.0,100426.0,,,65259.0,17812.0,,,47881.0,22608.0,,,56851.0,17361.0,43770.0,13243.0,$48976,$12515,$46664,$21018,$113368,$100426,,,$65259,$17812,,,$47881,$22608,,,$56851,$17361,$43770,$13243
2015,6037431502,Census Tract 4315.02,El Monte,Los Angeles County,California,ElMonte,85589.0,13531.0,94250.0,28040.0,,,,,79199.0,24361.0,,,,,,,98999.0,47666.0,84481.0,21168.0,$85589,$13531,$94250,$28040,,,,,$79199,$24361,,,,,,,$98999,$47666,$84481,$21168
2015,6037432101,Census Tract 4321.01,El Monte,Los Angeles County,California,ElMonte,101794.0,13341.0,92537.0,24438.0,,,,,111764.0,22873.0,,,98384.0,42330.0,,,77615.0,26604.0,105861.0,58722.0,$101794,$13341,$92537,$24438,,,,,$111764,$22873,,,$98384,$42330,,,$77615,$26604,$105861,$58722
2015,6037432102,Census Tract 4321.02,El Monte,Los Angeles County,California,ElMonte,94253.0,7904.0,62363.0,32573.0,,,,,111833.0,34405.0,,,,,,,71484.0,31568.0,,,$94253,$7904,$62363,$32573,,,,,$111833,$34405,,,,,,,$71484,$31568,,
2015,6037432300,Census Tract 4323,El Monte,Los Angeles County,California,ElMonte,72283.0,10349.0,63435.0,17499.0,,,,,70088.0,15792.0,,,165431.0,31990.0,,,,,76034.0,34462.0,$72283,$10349,$63435,$17499,,,,,$70088,$15792,,,$165431,$31990,,,,,$76034,$34462
2015,6037432401,Census Tract 4324.01,El Monte,Los Angeles County,California,ElMonte,54847.0,9905.0,50139.0,16730.0,,,,,58569.0,8881.0,,,42957.0,29596.0,,,91956.0,42705.0,48468.0,13596.0,$54847,$9905,$50139,$16730,,,,,$58569,$8881,,,$42957,$29596,,,$91956,$42705,$48468,$13596
2015,6037432402,Census Tract 4324.02,El Monte,Los Angeles County,California,ElMonte,49138.0,4715.0,48559.0,5010.0,,,,,50988.0,9960.0,,,45493.0,42946.0,104722.0,38759.0,73522.0,24765.0,46864.0,4179.0,$49138,$4715,$48559,$5010,,,,,$50988,$9960,,,$45493,$42946,$104722,$38759,$73522,$24765,$46864,$4179
2015,6037432500,Census Tract 4325,El Monte,Los Angeles County,California,ElMonte,61591.0,16057.0,56693.0,9674.0,,,,,92602.0,13530.0,,,52285.0,25151.0,,,85930.0,24815.0,54424.0,9295.0,$61591,$16057,$56693,$9674,,,,,$92602,$13530,,,$52285,$25151,,,$85930,$24815,$54424,$9295
2015,6037432601,Census Tract 4326.01,El Monte,Los Angeles County,California,ElMonte,48778.0,6489.0,45497.0,7492.0,,,,,61082.0,26441.0,,,47683.0,24766.0,,,65508.0,40860.0,44347.0,6706.0,$48778,$6489,$45497,$7492,,,,,$61082,$26441,,,$47683,$24766,,,$65508,$40860,$44347,$6706
2015,6037432602,Census Tract 4326.02,El Monte,Los Angeles County,California,ElMonte,89257.0,14376.0,55961.0,48462.0,,,,,93035.0,17472.0,,,90370.0,64548.0,,,,,66139.0,39637.0,$89257,$14376,$55961,$48462,,,,,$93035,$17472,,,$90370,$64548,,,,,$66139,$39637
2015,6037432700,Census Tract 4327,El Monte,Los Angeles County,California,ElMonte,48106.0,2941.0,43864.0,14977.0,,,,,65980.0,42999.0,,,66948.0,7171.0,,,46476.0,32261.0,46573.0,8962.0,$48106,$2941,$43864,$14977,,,,,$65980,$42999,,,$66948,$7171,,,$46476,$32261,$46573,$8962
2015,6037432801,Census Tract 4328.01,El Monte,Los Angeles County,California,ElMonte,34083.0,5371.0,54648.0,11499.0,,,,,23865.0,1596.0,,,73171.0,42782.0,,,89300.0,65705.0,54338.0,8647.0,$34083,$5371,$54648,$11499,,,,,$23865,$1596,,,$73171,$42782,,,$89300,$65705,$54338,$8647
2015,6037432802,Census Tract 4328.02,El Monte,Los Angeles County,California,ElMonte,39138.0,4215.0,36910.0,4511.0,,,,,40873.0,18242.0,,,41069.0,2785.0,,,,,37915.0,3993.0,$39138,$4215,$36910,$4511,,,,,$40873,$18242,,,$41069,$2785,,,,,$37915,$3993
2015,6037432902,Census Tract 4329.02,El Monte,Los Angeles County,California,ElMonte,74693.0,22241.0,58095.0,9615.0,,,,,110841.0,31670.0,,,,,,,47306.0,13803.0,68319.0,21108.0,$74693,$22241,$58095,$9615,,,,,$110841,$31670,,,,,,,$47306,$13803,$68319,$21108
2015,6037433101,Census Tract 4331.01,El Monte,Los Angeles County,California,ElMonte,57846.0,15042.0,70647.0,37074.0,,,,,65920.0,15020.0,,,42949.0,20971.0,,,26765.0,20553.0,57099.0,35304.0,$57846,$15042,$70647,$37074,,,,,$65920,$15020,,,$42949,$20971,,,$26765,$20553,$57099,$35304
2015,6037433102,Census Tract 4331.02,El Monte,Los Angeles County,California,ElMonte,46386.0,7351.0,42985.0,9820.0,,,,,55605.0,30638.0,,,47088.0,21634.0,,,,,43201.0,10413.0,$46386,$7351,$42985,$9820,,,,,$55605,$30638,,,$47088,$21634,,,,,$43201,$10413
2015,6037433200,Census Tract 4332,El Monte,Los Angeles County,California,ElMonte,52713.0,7189.0,49898.0,10355.0,,,,,53779.0,13487.0,,,62521.0,51479.0,,,81904.0,9381.0,51422.0,6220.0,$52713,$7189,$49898,$10355,,,,,$53779,$13487,,,$62521,$51479,,,$81904,$9381,$51422,$6220
2015,6037433302,Census Tract 4333.02,El Monte,Los Angeles County,California,ElMonte,35456.0,6901.0,33019.0,3032.0,,,,,87142.0,48764.0,,,45480.0,38297.0,,,31205.0,29900.0,34672.0,4835.0,$35456,$6901,$33019,$3032,,,,,$87142,$48764,,,$45480,$38297,,,$31205,$29900,$34672,$4835
2015,6037433304,Census Tract 4333.04,El Monte,Los Angeles County,California,ElMonte,42784.0,4288.0,32667.0,14575.0,,,,,61566.0,20026.0,,,64734.0,19358.0,,,,,42108.0,3171.0,$42784,$4288,$32667,$14575,,,,,$61566,$20026,,,$64734,$19358,,,,,$42108,$3171
2015,6037433305,Census Tract 4333.05,El Monte,Los Angeles County,California,ElMonte,55116.0,10651.0,42223.0,19125.0,,,,,89377.0,64398.0,,,42602.0,18074.0,,,29877.0,23715.0,47346.0,14859.0,$55116,$10651,$42223,$19125,,,,,$89377,$64398,,,$42602,$18074,,,$29877,$23715,$47346,$14859
2015,6037433306,Census Tract 4333.06,El Monte,Los Angeles County,California,ElMonte,45672.0,6606.0,41018.0,8972.0,,,,,60792.0,22371.0,,,,,,,,,40717.0,13394.0,$45672,$6606,$41018,$8972,,,,,$60792,$22371,,,,,,,,,$40717,$13394
2015,6037433307,Census Tract 4333.07,El Monte,Los Angeles County,California,ElMonte,67355.0,6578.0,59340.0,11473.0,,,,,91661.0,24102.0,,,24973.0,2879.0,,,77275.0,39676.0,55204.0,6593.0,$67355,$6578,$59340,$11473,,,,,$91661,$24102,,,$24973,$2879,,,$77275,$39676,$55204,$6593
2015,6037433401,Census Tract 4334.01,El Monte,Los Angeles County,California,ElMonte,66394.0,14243.0,72247.0,13143.0,,,,,54132.0,7915.0,,,,,81570.0,19951.0,77183.0,34794.0,69714.0,17851.0,$66394,$14243,$72247,$13143,,,,,$54132,$7915,,,,,$81570,$19951,$77183,$34794,$69714,$17851
2015,6037433402,Census Tract 4334.02,El Monte,Los Angeles County,California,ElMonte,40049.0,6649.0,32799.0,4107.0,,,,,43894.0,31144.0,,,49980.0,24085.0,,,111417.0,75730.0,34315.0,5057.0,$40049,$6649,$32799,$4107,,,,,$43894,$31144,,,$49980,$24085,,,$111417,$75730,$34315,$5057
2015,6037433403,Census Tract 4334.03,El Monte,Los Angeles County,California,ElMonte,41922.0,11381.0,40252.0,11332.0,,,,,38315.0,30647.0,,,66560.0,35987.0,,,18513.0,7503.0,44137.0,12255.0,$41922,$11381,$40252,$11332,,,,,$38315,$30647,,,$66560,$35987,,,$18513,$7503,$44137,$12255
2015,6037433504,Census Tract 4335.04,El Monte,Los Angeles County,California,ElMonte,46464.0,7663.0,48189.0,6666.0,,,,,60585.0,46055.0,,,,,,,18327.0,11470.0,47332.0,6799.0,$46464,$7663,$48189,$6666,,,,,$60585,$46055,,,,,,,$18327,$11470,$47332,$6799
2015,6037433601,Census Tract 4336.01,El Monte,Los Angeles County,California,ElMonte,60668.0,8577.0,53990.0,19773.0,,,,,89000.0,17896.0,,,29560.0,16128.0,,,55273.0,16802.0,38762.0,17205.0,$60668,$8577,$53990,$19773,,,,,$89000,$17896,,,$29560,$16128,,,$55273,$16802,$38762,$17205
2015,6037433801,Census Tract 4338.01,El Monte,Los Angeles County,California,ElMonte,51799.0,4912.0,53171.0,8030.0,,,,,49291.0,26935.0,,,46115.0,12483.0,,,31084.0,26252.0,52547.0,5865.0,$51799,$4912,$53171,$8030,,,,,$49291,$26935,,,$46115,$12483,,,$31084,$26252,$52547,$5865
2015,6037433901,Census Tract 4339.01,El Monte,Los Angeles County,California,ElMonte,36116.0,5592.0,34771.0,4579.0,,,,,62308.0,31966.0,,,29616.0,7090.0,,,,,34200.0,3571.0,$36116,$5592,$34771,$4579,,,,,$62308,$31966,,,$29616,$7090,,,,,$34200,$3571
2015,6037433902,Census Tract 4339.02,El Monte,Los Angeles County,California,ElMonte,57265.0,6455.0,57808.0,6585.0,,,40252.0,33087.0,54111.0,19959.0,,,65500.0,23373.0,,,44816.0,26203.0,59307.0,8884.0,$57265,$6455,$57808,$6585,,,$40252,$33087,$54111,$19959,,,$65500,$23373,,,$44816,$26203,$59307,$8884
2015,6037434001,Census Tract 4340.01,El Monte,Los Angeles County,California,ElMonte,54426.0,8678.0,55131.0,11029.0,,,,,55771.0,50734.0,,,52561.0,30289.0,,,73626.0,15774.0,49551.0,12235.0,$54426,$8678,$55131,$11029,,,,,$55771,$50734,,,$52561,$30289,,,$73626,$15774,$49551,$12235
2015,6037434003,Census Tract 4340.03,El Monte,Los Angeles County,California,ElMonte,49446.0,9517.0,42459.0,9109.0,,,,,95902.0,25364.0,,,60383.0,41285.0,,,,,43986.0,9760.0,$49446,$9517,$42459,$9109,,,,,$95902,$25364,,,$60383,$41285,,,,,$43986,$9760
2016,6037404701,Census Tract 4047.01,El Monte,Los Angeles County,California,ElMonte,69181.0,8467.0,60866.0,12301.0,,,,,97925.0,20889.0,,,70221.0,8765.0,,,,,67642.0,6923.0,$69181,$8467,$60866,$12301,,,,,$97925,$20889,,,$70221,$8765,,,,,$67642,$6923
2016,6037431501,Census Tract 4315.01,El Monte,Los Angeles County,California,ElMonte,59032.0,11287.0,51823.0,20171.0,,,,,67115.0,25413.0,,,,,26963.0,21797.0,59365.0,15401.0,33921.0,26775.0,$59032,$11287,$51823,$20171,,,,,$67115,$25413,,,,,$26963,$21797,$59365,$15401,$33921,$26775
2016,6037431502,Census Tract 4315.02,El Monte,Los Angeles County,California,ElMonte,91766.0,17464.0,101325.0,17580.0,,,,,86905.0,23885.0,,,86909.0,64148.0,30163.0,15763.0,102909.0,24963.0,87480.0,23980.0,$91766,$17464,$101325,$17580,,,,,$86905,$23885,,,$86909,$64148,$30163,$15763,$102909,$24963,$87480,$23980
2016,6037432101,Census Tract 4321.01,El Monte,Los Angeles County,California,ElMonte,103147.0,12822.0,77585.0,20588.0,,,,,117985.0,27435.0,,,100904.0,42486.0,,,66162.0,26984.0,104279.0,59211.0,$103147,$12822,$77585,$20588,,,,,$117985,$27435,,,$100904,$42486,,,$66162,$26984,$104279,$59211
2016,6037432102,Census Tract 4321.02,El Monte,Los Angeles County,California,ElMonte,98779.0,8754.0,78165.0,33248.0,,,,,101143.0,32890.0,,,,,267104.0,183827.0,77509.0,28403.0,103521.0,77945.0,$98779,$8754,$78165,$33248,,,,,$101143,$32890,,,,,$267104,$183827,$77509,$28403,$103521,$77945
2016,6037432300,Census Tract 4323,El Monte,Los Angeles County,California,ElMonte,67218.0,9905.0,57698.0,20691.0,,,,,59424.0,15944.0,,,165506.0,39231.0,,,,,75970.0,24123.0,$67218,$9905,$57698,$20691,,,,,$59424,$15944,,,$165506,$39231,,,,,$75970,$24123
2016,6037432401,Census Tract 4324.01,El Monte,Los Angeles County,California,ElMonte,55817.0,9316.0,45436.0,12964.0,,,,,59376.0,7816.0,,,66441.0,10941.0,158951.0,81727.0,68095.0,59962.0,51119.0,7822.0,$55817,$9316,$45436,$12964,,,,,$59376,$7816,,,$66441,$10941,$158951,$81727,$68095,$59962,$51119,$7822
2016,6037432402,Census Tract 4324.02,El Monte,Los Angeles County,California,ElMonte,51829.0,11593.0,47522.0,9812.0,,,,,66029.0,16333.0,,,44045.0,37648.0,,,77720.0,74659.0,45330.0,5545.0,$51829,$11593,$47522,$9812,,,,,$66029,$16333,,,$44045,$37648,,,$77720,$74659,$45330,$5545
2016,6037432500,Census Tract 4325,El Monte,Los Angeles County,California,ElMonte,69683.0,15434.0,59032.0,14574.0,,,,,90349.0,10971.0,,,,,,,84191.0,26084.0,57187.0,5946.0,$69683,$15434,$59032,$14574,,,,,$90349,$10971,,,,,,,$84191,$26084,$57187,$5946
2016,6037432601,Census Tract 4326.01,El Monte,Los Angeles County,California,ElMonte,56408.0,9351.0,49160.0,11943.0,,,,,79722.0,33266.0,,,55801.0,24393.0,,,72374.0,38932.0,48943.0,8056.0,$56408,$9351,$49160,$11943,,,,,$79722,$33266,,,$55801,$24393,,,$72374,$38932,$48943,$8056
2016,6037432602,Census Tract 4326.02,El Monte,Los Angeles County,California,ElMonte,90499.0,10995.0,77673.0,67226.0,,,,,88536.0,12661.0,,,94907.0,38007.0,,,,,91766.0,40051.0,$90499,$10995,$77673,$67226,,,,,$88536,$12661,,,$94907,$38007,,,,,$91766,$40051
2016,6037432700,Census Tract 4327,El Monte,Los Angeles County,California,ElMonte,47605.0,4436.0,45400.0,6695.0,,,,,119077.0,35600.0,,,,,,,45180.0,30478.0,45580.0,10145.0,$47605,$4436,$45400,$6695,,,,,$119077,$35600,,,,,,,$45180,$30478,$45580,$10145
2016,6037432801,Census Tract 4328.01,El Monte,Los Angeles County,California,ElMonte,29417.0,6160.0,53530.0,9968.0,,,,,24184.0,1087.0,,,28586.0,24942.0,,,,,50365.0,7731.0,$29417,$6160,$53530,$9968,,,,,$24184,$1087,,,$28586,$24942,,,,,$50365,$7731
2016,6037432802,Census Tract 4328.02,El Monte,Los Angeles County,California,ElMonte,37505.0,4660.0,34020.0,4929.0,,,,,42606.0,22437.0,,,60286.0,44783.0,,,55510.0,32822.0,36112.0,4348.0,$37505,$4660,$34020,$4929,,,,,$42606,$22437,,,$60286,$44783,,,$55510,$32822,$36112,$4348
2016,6037432902,Census Tract 4329.02,El Monte,Los Angeles County,California,ElMonte,88772.0,24757.0,51454.0,21557.0,,,,,100590.0,17504.0,,,126382.0,119075.0,,,47932.0,16732.0,79640.0,34297.0,$88772,$24757,$51454,$21557,,,,,$100590,$17504,,,$126382,$119075,,,$47932,$16732,$79640,$34297
2016,6037433101,Census Tract 4331.01,El Monte,Los Angeles County,California,ElMonte,55467.0,11709.0,53194.0,26290.0,,,,,66516.0,6847.0,,,40264.0,13676.0,,,40499.0,14043.0,48614.0,19352.0,$55467,$11709,$53194,$26290,,,,,$66516,$6847,,,$40264,$13676,,,$40499,$14043,$48614,$19352
2016,6037433102,Census Tract 4331.02,El Monte,Los Angeles County,California,ElMonte,49044.0,12163.0,40661.0,10356.0,,,,,55794.0,36452.0,,,57154.0,47915.0,,,,,46059.0,10664.0,$49044,$12163,$40661,$10356,,,,,$55794,$36452,,,$57154,$47915,,,,,$46059,$10664
2016,6037433200,Census Tract 4332,El Monte,Los Angeles County,California,ElMonte,51592.0,12339.0,47756.0,16747.0,,,,,54544.0,16771.0,,,57705.0,31350.0,,,78110.0,56133.0,49371.0,12568.0,$51592,$12339,$47756,$16747,,,,,$54544,$16771,,,$57705,$31350,,,$78110,$56133,$49371,$12568
2016,6037433302,Census Tract 4333.02,El Monte,Los Angeles County,California,ElMonte,39328.0,12365.0,34067.0,3963.0,,,,,,,,,54732.0,23816.0,,,18025.0,12846.0,41171.0,13373.0,$39328,$12365,$34067,$3963,,,,,,,,,$54732,$23816,,,$18025,$12846,$41171,$13373
2016,6037433304,Census Tract 4333.04,El Monte,Los Angeles County,California,ElMonte,48177.0,6858.0,40943.0,10096.0,,,,,60556.0,13986.0,,,63657.0,20148.0,,,,,47592.0,8816.0,$48177,$6858,$40943,$10096,,,,,$60556,$13986,,,$63657,$20148,,,,,$47592,$8816
2016,6037433305,Census Tract 4333.05,El Monte,Los Angeles County,California,ElMonte,54046.0,11309.0,43698.0,18424.0,,,,,89506.0,27628.0,,,40210.0,22543.0,,,,,44025.0,15288.0,$54046,$11309,$43698,$18424,,,,,$89506,$27628,,,$40210,$22543,,,,,$44025,$15288
2016,6037433306,Census Tract 4333.06,El Monte,Los Angeles County,California,ElMonte,59753.0,11878.0,48853.0,10638.0,,,,,71219.0,14840.0,,,91219.0,31170.0,,,,,52906.0,13820.0,$59753,$11878,$48853,$10638,,,,,$71219,$14840,,,$91219,$31170,,,,,$52906,$13820
2016,6037433307,Census Tract 4333.07,El Monte,Los Angeles County,California,ElMonte,66378.0,4674.0,56471.0,11210.0,,,100779.0,43771.0,86850.0,18589.0,,,,,250445.0,204087.0,,,56976.0,11403.0,$66378,$4674,$56471,$11210,,,$100779,$43771,$86850,$18589,,,,,$250445,$204087,,,$56976,$11403
2016,6037433401,Census Tract 4334.01,El Monte,Los Angeles County,California,ElMonte,58355.0,10367.0,69971.0,20962.0,,,,,55292.0,12053.0,,,39563.0,23121.0,,,79067.0,25009.0,55583.0,10203.0,$58355,$10367,$69971,$20962,,,,,$55292,$12053,,,$39563,$23121,,,$79067,$25009,$55583,$10203
2016,6037433402,Census Tract 4334.02,El Monte,Los Angeles County,California,ElMonte,41038.0,7459.0,34977.0,6400.0,,,,,54860.0,29661.0,,,,,,,,,38245.0,7124.0,$41038,$7459,$34977,$6400,,,,,$54860,$29661,,,,,,,,,$38245,$7124
2016,6037433403,Census Tract 4334.03,El Monte,Los Angeles County,California,ElMonte,41845.0,10356.0,35723.0,9115.0,,,,,47443.0,19204.0,,,47287.0,22990.0,,,19846.0,2358.0,41494.0,10132.0,$41845,$10356,$35723,$9115,,,,,$47443,$19204,,,$47287,$22990,,,$19846,$2358,$41494,$10132
2016,6037433504,Census Tract 4335.04,El Monte,Los Angeles County,California,ElMonte,47380.0,6007.0,46651.0,7441.0,,,,,47836.0,19913.0,,,,,,,17821.0,7302.0,48699.0,8138.0,$47380,$6007,$46651,$7441,,,,,$47836,$19913,,,,,,,$17821,$7302,$48699,$8138
2016,6037433601,Census Tract 4336.01,El Monte,Los Angeles County,California,ElMonte,63674.0,20379.0,52672.0,17754.0,,,,,105490.0,24684.0,,,28868.0,16420.0,,,54076.0,22159.0,40148.0,17981.0,$63674,$20379,$52672,$17754,,,,,$105490,$24684,,,$28868,$16420,,,$54076,$22159,$40148,$17981
2016,6037433801,Census Tract 4338.01,El Monte,Los Angeles County,California,ElMonte,57167.0,5603.0,57797.0,5322.0,,,,,51647.0,27510.0,,,51057.0,15078.0,,,,,57101.0,5758.0,$57167,$5603,$57797,$5322,,,,,$51647,$27510,,,$51057,$15078,,,,,$57101,$5758
2016,6037433901,Census Tract 4339.01,El Monte,Los Angeles County,California,ElMonte,39770.0,6734.0,37375.0,3313.0,,,,,61195.0,19028.0,,,39626.0,25731.0,,,,,37128.0,3930.0,$39770,$6734,$37375,$3313,,,,,$61195,$19028,,,$39626,$25731,,,,,$37128,$3930
2016,6037433902,Census Tract 4339.02,El Monte,Los Angeles County,California,ElMonte,56387.0,6079.0,57850.0,7185.0,,,34959.0,11357.0,52744.0,25018.0,,,51454.0,43039.0,,,45370.0,30276.0,57793.0,8419.0,$56387,$6079,$57850,$7185,,,$34959,$11357,$52744,$25018,,,$51454,$43039,,,$45370,$30276,$57793,$8419
2016,6037434001,Census Tract 4340.01,El Monte,Los Angeles County,California,ElMonte,58498.0,7025.0,56866.0,11667.0,,,,,101363.0,40201.0,,,65138.0,13779.0,,,,,54779.0,11456.0,$58498,$7025,$56866,$11667,,,,,$101363,$40201,,,$65138,$13779,,,,,$54779,$11456
2016,6037434003,Census Tract 4340.03,El Monte,Los Angeles County,California,ElMonte,50129.0,9580.0,41587.0,9803.0,,,,,86850.0,24642.0,,,63607.0,27704.0,,,43542.0,27387.0,46351.0,10965.0,$50129,$9580,$41587,$9803,,,,,$86850,$24642,,,$63607,$27704,,,$43542,$27387,$46351,$10965
2017,6037404701,Census Tract 4047.01,El Monte,Los Angeles County,California,ElMonte,67265.0,10769.0,57162.0,13141.0,,,,,94911.0,36081.0,,,81137.0,22533.0,,,26326.0,14803.0,67840.0,11016.0,$67265,$10769,$57162,$13141,,,,,$94911,$36081,,,$81137,$22533,,,$26326,$14803,$67840,$11016
2017,6037431501,Census Tract 4315.01,El Monte,Los Angeles County,California,ElMonte,62750.0,10001.0,51008.0,21044.0,,,,,79346.0,37800.0,,,,,,,50333.0,17917.0,,,$62750,$10001,$51008,$21044,,,,,$79346,$37800,,,,,,,$50333,$17917,,
2017,6037431502,Census Tract 4315.02,El Monte,Los Angeles County,California,ElMonte,77019.0,19262.0,88980.0,33202.0,,,,,78022.0,29325.0,,,,,,,79159.0,45815.0,85644.0,54871.0,$77019,$19262,$88980,$33202,,,,,$78022,$29325,,,,,,,$79159,$45815,$85644,$54871
2017,6037432101,Census Tract 4321.01,El Monte,Los Angeles County,California,ElMonte,105099.0,21682.0,77888.0,19288.0,,,,,124117.0,27111.0,,,141603.0,70290.0,,,60744.0,27808.0,130972.0,52918.0,$105099,$21682,$77888,$19288,,,,,$124117,$27111,,,$141603,$70290,,,$60744,$27808,$130972,$52918
2017,6037432102,Census Tract 4321.02,El Monte,Los Angeles County,California,ElMonte,100895.0,9743.0,94830.0,25881.0,,,,,102068.0,24325.0,,,,,,,82368.0,28575.0,104855.0,57473.0,$100895,$9743,$94830,$25881,,,,,$102068,$24325,,,,,,,$82368,$28575,$104855,$57473
2017,6037432300,Census Tract 4323,El Monte,Los Angeles County,California,ElMonte,60573.0,11445.0,52016.0,9111.0,,,,,59971.0,10638.0,,,,,190943.0,70264.0,46413.0,45477.0,64343.0,19182.0,$60573,$11445,$52016,$9111,,,,,$59971,$10638,,,,,$190943,$70264,$46413,$45477,$64343,$19182
2017,6037432401,Census Tract 4324.01,El Monte,Los Angeles County,California,ElMonte,52750.0,9107.0,49139.0,12010.0,,,,,56160.0,14797.0,,,58887.0,31117.0,158111.0,33381.0,,,51690.0,8987.0,$52750,$9107,$49139,$12010,,,,,$56160,$14797,,,$58887,$31117,$158111,$33381,,,$51690,$8987
2017,6037432402,Census Tract 4324.02,El Monte,Los Angeles County,California,ElMonte,62177.0,22170.0,51079.0,20558.0,,,,,64889.0,11430.0,,,78802.0,55528.0,,,92646.0,68765.0,47205.0,14258.0,$62177,$22170,$51079,$20558,,,,,$64889,$11430,,,$78802,$55528,,,$92646,$68765,$47205,$14258
2017,6037432500,Census Tract 4325,El Monte,Los Angeles County,California,ElMonte,71041.0,16893.0,60351.0,13881.0,,,,,93225.0,18626.0,,,60583.0,41936.0,,,84886.0,21386.0,58642.0,4764.0,$71041,$16893,$60351,$13881,,,,,$93225,$18626,,,$60583,$41936,,,$84886,$21386,$58642,$4764
2017,6037432601,Census Tract 4326.01,El Monte,Los Angeles County,California,ElMonte,63763.0,7748.0,59922.0,14306.0,,,,,93225.0,21298.0,,,60636.0,45294.0,,,66108.0,36851.0,59885.0,11319.0,$63763,$7748,$59922,$14306,,,,,$93225,$21298,,,$60636,$45294,,,$66108,$36851,$59885,$11319
2017,6037432602,Census Tract 4326.02,El Monte,Los Angeles County,California,ElMonte,91330.0,18106.0,100990.0,43928.0,,,,,89741.0,17076.0,,,70295.0,53523.0,,,,,76305.0,49359.0,$91330,$18106,$100990,$43928,,,,,$89741,$17076,,,$70295,$53523,,,,,$76305,$49359
2017,6037432700,Census Tract 4327,El Monte,Los Angeles County,California,ElMonte,50505.0,16740.0,47174.0,6699.0,,,,,98841.0,25613.0,,,33696.0,31295.0,,,46236.0,30532.0,45926.0,12879.0,$50505,$16740,$47174,$6699,,,,,$98841,$25613,,,$33696,$31295,,,$46236,$30532,$45926,$12879
2017,6037432801,Census Tract 4328.01,El Monte,Los Angeles County,California,ElMonte,31931.0,7236.0,55882.0,7960.0,,,,,23691.0,1223.0,,,40778.0,7399.0,,,,,50252.0,10328.0,$31931,$7236,$55882,$7960,,,,,$23691,$1223,,,$40778,$7399,,,,,$50252,$10328
2017,6037432802,Census Tract 4328.02,El Monte,Los Angeles County,California,ElMonte,45285.0,11256.0,36008.0,11440.0,,,,,34923.0,20520.0,,,57465.0,16467.0,82033.0,78887.0,52951.0,15412.0,41318.0,14129.0,$45285,$11256,$36008,$11440,,,,,$34923,$20520,,,$57465,$16467,$82033,$78887,$52951,$15412,$41318,$14129
2017,6037432902,Census Tract 4329.02,El Monte,Los Angeles County,California,ElMonte,83237.0,24289.0,49741.0,19411.0,,,,,99483.0,17419.0,,,,,,,43323.0,17470.0,71670.0,53571.0,$83237,$24289,$49741,$19411,,,,,$99483,$17419,,,,,,,$43323,$17470,$71670,$53571
2017,6037433101,Census Tract 4331.01,El Monte,Los Angeles County,California,ElMonte,52444.0,6960.0,46163.0,12747.0,,,,,59222.0,12553.0,,,,,,,27598.0,23567.0,51469.0,16915.0,$52444,$6960,$46163,$12747,,,,,$59222,$12553,,,,,,,$27598,$23567,$51469,$16915
2017,6037433102,Census Tract 4331.02,El Monte,Los Angeles County,California,ElMonte,49394.0,10688.0,45111.0,12196.0,,,,,57964.0,54056.0,,,50658.0,15046.0,,,,,47478.0,7662.0,$49394,$10688,$45111,$12196,,,,,$57964,$54056,,,$50658,$15046,,,,,$47478,$7662
2017,6037433200,Census Tract 4332,El Monte,Los Angeles County,California,ElMonte,53010.0,13112.0,46427.0,6394.0,,,,,68194.0,32076.0,,,60135.0,24808.0,,,39512.0,37716.0,48394.0,11910.0,$53010,$13112,$46427,$6394,,,,,$68194,$32076,,,$60135,$24808,,,$39512,$37716,$48394,$11910
2017,6037433302,Census Tract 4333.02,El Monte,Los Angeles County,California,ElMonte,40516.0,12485.0,33003.0,2824.0,,,,,83973.0,64705.0,,,56481.0,21401.0,,,32702.0,18637.0,41197.0,16101.0,$40516,$12485,$33003,$2824,,,,,$83973,$64705,,,$56481,$21401,,,$32702,$18637,$41197,$16101
2017,6037433304,Census Tract 4333.04,El Monte,Los Angeles County,California,ElMonte,53599.0,7611.0,47602.0,13641.0,,,,,51109.0,23519.0,,,62108.0,7781.0,,,,,55063.0,5805.0,$53599,$7611,$47602,$13641,,,,,$51109,$23519,,,$62108,$7781,,,,,$55063,$5805
2017,6037433305,Census Tract 4333.05,El Monte,Los Angeles County,California,ElMonte,63258.0,9548.0,58076.0,14978.0,,,,,86201.0,17879.0,,,46532.0,26848.0,,,,,53345.0,11201.0,$63258,$9548,$58076,$14978,,,,,$86201,$17879,,,$46532,$26848,,,,,$53345,$11201
2017,6037433306,Census Tract 4333.06,El Monte,Los Angeles County,California,ElMonte,66723.0,9631.0,56848.0,14753.0,,,,,68383.0,10395.0,,,69160.0,15691.0,,,,,61509.0,11747.0,$66723,$9631,$56848,$14753,,,,,$68383,$10395,,,$69160,$15691,,,,,$61509,$11747
2017,6037433307,Census Tract 4333.07,El Monte,Los Angeles County,California,ElMonte,66516.0,10273.0,62043.0,15441.0,,,,,87141.0,23832.0,,,37440.0,11315.0,,,,,54441.0,13881.0,$66516,$10273,$62043,$15441,,,,,$87141,$23832,,,$37440,$11315,,,,,$54441,$13881
2017,6037433401,Census Tract 4334.01,El Monte,Los Angeles County,California,ElMonte,59731.0,6697.0,59771.0,10303.0,,,,,62348.0,10693.0,,,50544.0,18655.0,66750.0,27005.0,67994.0,18002.0,56036.0,7063.0,$59731,$6697,$59771,$10303,,,,,$62348,$10693,,,$50544,$18655,$66750,$27005,$67994,$18002,$56036,$7063
2017,6037433402,Census Tract 4334.02,El Monte,Los Angeles County,California,ElMonte,54207.0,8312.0,52148.0,21074.0,,,,,52245.0,22131.0,,,80480.0,31263.0,,,57687.0,3088.0,53173.0,11903.0,$54207,$8312,$52148,$21074,,,,,$52245,$22131,,,$80480,$31263,,,$57687,$3088,$53173,$11903
2017,6037433403,Census Tract 4334.03,El Monte,Los Angeles County,California,ElMonte,44083.0,10145.0,35060.0,11584.0,,,,,47519.0,27782.0,,,64851.0,19821.0,,,19604.0,8349.0,47095.0,12513.0,$44083,$10145,$35060,$11584,,,,,$47519,$27782,,,$64851,$19821,,,$19604,$8349,$47095,$12513
2017,6037433504,Census Tract 4335.04,El Monte,Los Angeles County,California,ElMonte,44392.0,5527.0,43372.0,7930.0,,,,,46828.0,15616.0,,,,,,,17589.0,10787.0,44194.0,9099.0,$44392,$5527,$43372,$7930,,,,,$46828,$15616,,,,,,,$17589,$10787,$44194,$9099
2017,6037433601,Census Tract 4336.01,El Monte,Los Angeles County,California,ElMonte,73764.0,16455.0,53807.0,19387.0,,,,,91103.0,32451.0,,,36982.0,29901.0,,,54341.0,50451.0,44011.0,18061.0,$73764,$16455,$53807,$19387,,,,,$91103,$32451,,,$36982,$29901,,,$54341,$50451,$44011,$18061
2017,6037433801,Census Tract 4338.01,El Monte,Los Angeles County,California,ElMonte,59853.0,8624.0,58640.0,9416.0,,,,,69429.0,6500.0,,,52456.0,19425.0,,,61702.0,47632.0,57795.0,7372.0,$59853,$8624,$58640,$9416,,,,,$69429,$6500,,,$52456,$19425,,,$61702,$47632,$57795,$7372
2017,6037433901,Census Tract 4339.01,El Monte,Los Angeles County,California,ElMonte,41377.0,11128.0,37584.0,5988.0,,,,,50969.0,23733.0,,,48672.0,35485.0,,,,,37522.0,6833.0,$41377,$11128,$37584,$5988,,,,,$50969,$23733,,,$48672,$35485,,,,,$37522,$6833
2017,6037433902,Census Tract 4339.02,El Monte,Los Angeles County,California,ElMonte,55624.0,8068.0,61859.0,10793.0,,,,,53328.0,18132.0,,,38160.0,31010.0,,,,,56695.0,9377.0,$55624,$8068,$61859,$10793,,,,,$53328,$18132,,,$38160,$31010,,,,,$56695,$9377
2017,6037434001,Census Tract 4340.01,El Monte,Los Angeles County,California,ElMonte,66475.0,10643.0,59274.0,13195.0,,,,,100374.0,27342.0,,,65099.0,17341.0,,,73192.0,43493.0,58031.0,12127.0,$66475,$10643,$59274,$13195,,,,,$100374,$27342,,,$65099,$17341,,,$73192,$43493,$58031,$12127
2017,6037434003,Census Tract 4340.03,El Monte,Los Angeles County,California,ElMonte,51852.0,5870.0,45128.0,11659.0,,,,,81632.0,27109.0,,,81119.0,39723.0,,,52148.0,17021.0,47037.0,8978.0,$51852,$5870,$45128,$11659,,,,,$81632,$27109,,,$81119,$39723,,,$52148,$17021,$47037,$8978
2018,6037404701,Census Tract 4047.01,El Monte,Los Angeles County,California,ElMonte,81381.0,13866.0,65437.0,31399.0,,,,,90376.0,54320.0,,,80070.0,16481.0,127766.0,86430.0,26789.0,23628.0,82784.0,11539.0,$81381,$13866,$65437,$31399,,,,,$90376,$54320,,,$80070,$16481,$127766,$86430,$26789,$23628,$82784,$11539
2018,6037431501,Census Tract 4315.01,El Monte,Los Angeles County,California,ElMonte,63828.0,13089.0,50794.0,14410.0,,,,,79237.0,31621.0,,,,,,,51315.0,12468.0,,,$63828,$13089,$50794,$14410,,,,,$79237,$31621,,,,,,,$51315,$12468,,
2018,6037431502,Census Tract 4315.02,El Monte,Los Angeles County,California,ElMonte,73573.0,13404.0,77532.0,24526.0,,,,,71866.0,32332.0,,,,,,,85240.0,27942.0,65751.0,42570.0,$73573,$13404,$77532,$24526,,,,,$71866,$32332,,,,,,,$85240,$27942,$65751,$42570
2018,6037432101,Census Tract 4321.01,El Monte,Los Angeles County,California,ElMonte,102169.0,25210.0,87714.0,31637.0,,,,,122956.0,34095.0,,,,,,,67038.0,30836.0,133325.0,46635.0,$102169,$25210,$87714,$31637,,,,,$122956,$34095,,,,,,,$67038,$30836,$133325,$46635
2018,6037432102,Census Tract 4321.02,El Monte,Los Angeles County,California,ElMonte,104790.0,4079.0,102929.0,42628.0,,,,,115677.0,20628.0,,,,,266273.0,42503.0,67874.0,34730.0,104766.0,19850.0,$104790,$4079,$102929,$42628,,,,,$115677,$20628,,,,,$266273,$42503,$67874,$34730,$104766,$19850
2018,6037432300,Census Tract 4323,El Monte,Los Angeles County,California,ElMonte,65996.0,15400.0,46621.0,9794.0,,,,,67652.0,16039.0,,,68195.0,50829.0,168183.0,76510.0,,,57484.0,20291.0,$65996,$15400,$46621,$9794,,,,,$67652,$16039,,,$68195,$50829,$168183,$76510,,,$57484,$20291
2018,6037432401,Census Tract 4324.01,El Monte,Los Angeles County,California,ElMonte,63233.0,7548.0,54351.0,22064.0,,,,,70641.0,17858.0,,,64219.0,25766.0,,,94203.0,15931.0,57585.0,7409.0,$63233,$7548,$54351,$22064,,,,,$70641,$17858,,,$64219,$25766,,,$94203,$15931,$57585,$7409
2018,6037432402,Census Tract 4324.02,El Monte,Los Angeles County,California,ElMonte,73204.0,13151.0,67874.0,42634.0,,,,,73407.0,18711.0,,,76227.0,47959.0,,,92953.0,51255.0,59833.0,34993.0,$73204,$13151,$67874,$42634,,,,,$73407,$18711,,,$76227,$47959,,,$92953,$51255,$59833,$34993
2018,6037432500,Census Tract 4325,El Monte,Los Angeles County,California,ElMonte,81627.0,18460.0,69195.0,17273.0,,,,,87280.0,23102.0,,,70023.0,41238.0,,,83981.0,36609.0,60427.0,17669.0,$81627,$18460,$69195,$17273,,,,,$87280,$23102,,,$70023,$41238,,,$83981,$36609,$60427,$17669
2018,6037432601,Census Tract 4326.01,El Monte,Los Angeles County,California,ElMonte,74016.0,11844.0,65558.0,14780.0,,,,,91990.0,14896.0,,,57431.0,23321.0,,,53682.0,41254.0,65002.0,12919.0,$74016,$11844,$65558,$14780,,,,,$91990,$14896,,,$57431,$23321,,,$53682,$41254,$65002,$12919
2018,6037432602,Census Tract 4326.02,El Monte,Los Angeles County,California,ElMonte,79383.0,27690.0,95341.0,62199.0,,,,,80665.0,34762.0,,,66859.0,25061.0,,,,,73303.0,41546.0,$79383,$27690,$95341,$62199,,,,,$80665,$34762,,,$66859,$25061,,,,,$73303,$41546
2018,6037432700,Census Tract 4327,El Monte,Los Angeles County,California,ElMonte,54867.0,23846.0,49801.0,11296.0,,,,,97738.0,45516.0,,,32007.0,29757.0,139304.0,4785.0,45067.0,26696.0,52753.0,23413.0,$54867,$23846,$49801,$11296,,,,,$97738,$45516,,,$32007,$29757,$139304,$4785,$45067,$26696,$52753,$23413
2018,6037432801,Census Tract 4328.01,El Monte,Los Angeles County,California,ElMonte,29572.0,15202.0,55105.0,12210.0,,,,,22166.0,3061.0,,,41037.0,8170.0,101434.0,20314.0,,,51254.0,10148.0,$29572,$15202,$55105,$12210,,,,,$22166,$3061,,,$41037,$8170,$101434,$20314,,,$51254,$10148
2018,6037432802,Census Tract 4328.02,El Monte,Los Angeles County,California,ElMonte,49663.0,8947.0,49136.0,13139.0,,,,,44427.0,26548.0,,,56352.0,16384.0,,,88122.0,82729.0,50528.0,13515.0,$49663,$8947,$49136,$13139,,,,,$44427,$26548,,,$56352,$16384,,,$88122,$82729,$50528,$13515
2018,6037432902,Census Tract 4329.02,El Monte,Los Angeles County,California,ElMonte,98678.0,16113.0,59729.0,18065.0,,,,,105883.0,35510.0,,,,,,,,,87627.0,35696.0,$98678,$16113,$59729,$18065,,,,,$105883,$35510,,,,,,,,,$87627,$35696
2018,6037433101,Census Tract 4331.01,El Monte,Los Angeles County,California,ElMonte,52494.0,13478.0,79546.0,36074.0,,,,,52471.0,18724.0,,,,,,,38897.0,4343.0,79882.0,34836.0,$52494,$13478,$79546,$36074,,,,,$52471,$18724,,,,,,,$38897,$4343,$79882,$34836
2018,6037433102,Census Tract 4331.02,El Monte,Los Angeles County,California,ElMonte,46676.0,19045.0,39158.0,20197.0,,,,,30543.0,25889.0,,,58036.0,16782.0,,,,,48597.0,11052.0,$46676,$19045,$39158,$20197,,,,,$30543,$25889,,,$58036,$16782,,,,,$48597,$11052
2018,6037433200,Census Tract 4332,El Monte,Los Angeles County,California,ElMonte,57846.0,6706.0,48990.0,8789.0,,,,,74064.0,18089.0,,,59167.0,15235.0,,,,,53832.0,11909.0,$57846,$6706,$48990,$8789,,,,,$74064,$18089,,,$59167,$15235,,,,,$53832,$11909
2018,6037433302,Census Tract 4333.02,El Monte,Los Angeles County,California,ElMonte,43021.0,12809.0,33535.0,8051.0,,,,,90324.0,88277.0,,,54038.0,20241.0,,,25061.0,22849.0,45319.0,13940.0,$43021,$12809,$33535,$8051,,,,,$90324,$88277,,,$54038,$20241,,,$25061,$22849,$45319,$13940
2018,6037433304,Census Tract 4333.04,El Monte,Los Angeles County,California,ElMonte,56115.0,10152.0,51652.0,15692.0,,,,,46912.0,20291.0,,,61948.0,10068.0,63364.0,9258.0,30242.0,4359.0,59490.0,7825.0,$56115,$10152,$51652,$15692,,,,,$46912,$20291,,,$61948,$10068,$63364,$9258,$30242,$4359,$59490,$7825
2018,6037433305,Census Tract 4333.05,El Monte,Los Angeles County,California,ElMonte,61341.0,10755.0,59724.0,12495.0,,,,,68048.0,24412.0,,,52062.0,42612.0,,,,,53255.0,13250.0,$61341,$10755,$59724,$12495,,,,,$68048,$24412,,,$52062,$42612,,,,,$53255,$13250
2018,6037433306,Census Tract 4333.06,El Monte,Los Angeles County,California,ElMonte,69182.0,7433.0,49913.0,19821.0,,,,,70876.0,11256.0,,,71806.0,43918.0,,,,,62054.0,12242.0,$69182,$7433,$49913,$19821,,,,,$70876,$11256,,,$71806,$43918,,,,,$62054,$12242
2018,6037433307,Census Tract 4333.07,El Monte,Los Angeles County,California,ElMonte,66308.0,13013.0,66046.0,14093.0,,,,,94371.0,15282.0,,,34643.0,8498.0,,,,,55401.0,9867.0,$66308,$13013,$66046,$14093,,,,,$94371,$15282,,,$34643,$8498,,,,,$55401,$9867
2018,6037433401,Census Tract 4334.01,El Monte,Los Angeles County,California,ElMonte,58804.0,5235.0,57598.0,5228.0,,,,,64219.0,7194.0,,,46989.0,18357.0,67351.0,10559.0,56815.0,15166.0,55143.0,5674.0,$58804,$5235,$57598,$5228,,,,,$64219,$7194,,,$46989,$18357,$67351,$10559,$56815,$15166,$55143,$5674
2018,6037433402,Census Tract 4334.02,El Monte,Los Angeles County,California,ElMonte,57758.0,11539.0,51688.0,6233.0,,,,,,,,,75444.0,26850.0,,,53935.0,48615.0,53042.0,11594.0,$57758,$11539,$51688,$6233,,,,,,,,,$75444,$26850,,,$53935,$48615,$53042,$11594
2018,6037433403,Census Tract 4334.03,El Monte,Los Angeles County,California,ElMonte,48724.0,9096.0,42646.0,14513.0,,,,,46363.0,20035.0,,,60173.0,13972.0,,,19519.0,5830.0,51493.0,9156.0,$48724,$9096,$42646,$14513,,,,,$46363,$20035,,,$60173,$13972,,,$19519,$5830,$51493,$9156
2018,6037433504,Census Tract 4335.04,El Monte,Los Angeles County,California,ElMonte,43709.0,8033.0,42290.0,16237.0,,,,,48990.0,25406.0,,,43785.0,15483.0,,,,,42962.0,10133.0,$43709,$8033,$42290,$16237,,,,,$48990,$25406,,,$43785,$15483,,,,,$42962,$10133
2018,6037433601,Census Tract 4336.01,El Monte,Los Angeles County,California,ElMonte,78316.0,13231.0,71072.0,33362.0,,,,,87925.0,13955.0,,,49824.0,43779.0,,,,,63223.0,29003.0,$78316,$13231,$71072,$33362,,,,,$87925,$13955,,,$49824,$43779,,,,,$63223,$29003
2018,6037433801,Census Tract 4338.01,El Monte,Los Angeles County,California,ElMonte,59343.0,8859.0,57563.0,9046.0,,,,,71908.0,6141.0,,,56530.0,19203.0,,,60146.0,58948.0,57549.0,7199.0,$59343,$8859,$57563,$9046,,,,,$71908,$6141,,,$56530,$19203,,,$60146,$58948,$57549,$7199
2018,6037433901,Census Tract 4339.01,El Monte,Los Angeles County,California,ElMonte,52261.0,6150.0,51949.0,16456.0,,,,,50435.0,18573.0,,,48964.0,31621.0,,,,,50420.0,13769.0,$52261,$6150,$51949,$16456,,,,,$50435,$18573,,,$48964,$31621,,,,,$50420,$13769
2018,6037433902,Census Tract 4339.02,El Monte,Los Angeles County,California,ElMonte,64801.0,6353.0,68761.0,8739.0,,,72311.0,71653.0,52315.0,21588.0,,,49898.0,32048.0,,,75966.0,15443.0,65263.0,7631.0,$64801,$6353,$68761,$8739,,,$72311,$71653,$52315,$21588,,,$49898,$32048,,,$75966,$15443,$65263,$7631
2018,6037434001,Census Tract 4340.01,El Monte,Los Angeles County,California,ElMonte,68918.0,10772.0,63070.0,15600.0,,,35895.0,13573.0,82231.0,13228.0,,,71062.0,19776.0,,,73392.0,45312.0,63797.0,9029.0,$68918,$10772,$63070,$15600,,,$35895,$13573,$82231,$13228,,,$71062,$19776,,,$73392,$45312,$63797,$9029
2018,6037434003,Census Tract 4340.03,El Monte,Los Angeles County,California,ElMonte,53508.0,5635.0,50727.0,10013.0,,,,,78903.0,18848.0,,,78952.0,45469.0,,,52081.0,29009.0,51048.0,7020.0,$53508,$5635,$50727,$10013,,,,,$78903,$18848,,,$78952,$45469,,,$52081,$29009,$51048,$7020
2019,6037404701,Census Tract 4047.01,El Monte,Los Angeles County,California,ElMonte,93449.0,7214.0,91204.0,15183.0,,,,,91150.0,63028.0,,,91864.0,21412.0,,,,,93570.0,8709.0,$93449,$7214,$91204,$15183,,,,,$91150,$63028,,,$91864,$21412,,,,,$93570,$8709
2019,6037431501,Census Tract 4315.01,El Monte,Los Angeles County,California,ElMonte,79066.0,18218.0,61536.0,15218.0,42910.0,26533.0,,,97758.0,23199.0,,,78089.0,63025.0,126763.0,60595.0,61617.0,11283.0,70766.0,40167.0,$79066,$18218,$61536,$15218,$42910,$26533,,,$97758,$23199,,,$78089,$63025,$126763,$60595,$61617,$11283,$70766,$40167
2019,6037431502,Census Tract 4315.02,El Monte,Los Angeles County,California,ElMonte,76958.0,12958.0,78266.0,15394.0,,,,,82731.0,39379.0,,,,,,,87409.0,37926.0,67362.0,19524.0,$76958,$12958,$78266,$15394,,,,,$82731,$39379,,,,,,,$87409,$37926,$67362,$19524
2019,6037432101,Census Tract 4321.01,El Monte,Los Angeles County,California,ElMonte,112742.0,26367.0,104097.0,41221.0,,,,,115764.0,31132.0,,,,,,,83766.0,33331.0,131132.0,24198.0,$112742,$26367,$104097,$41221,,,,,$115764,$31132,,,,,,,$83766,$33331,$131132,$24198
2019,6037432102,Census Tract 4321.02,El Monte,Los Angeles County,California,ElMonte,114188.0,11880.0,105861.0,27519.0,,,,,119802.0,31702.0,,,,,,,74789.0,33250.0,105919.0,26745.0,$114188,$11880,$105861,$27519,,,,,$119802,$31702,,,,,,,$74789,$33250,$105919,$26745
2019,6037432300,Census Tract 4323,El Monte,Los Angeles County,California,ElMonte,66649.0,11164.0,48544.0,20330.0,,,,,79135.0,15038.0,,,64863.0,28178.0,,,,,54330.0,22884.0,$66649,$11164,$48544,$20330,,,,,$79135,$15038,,,$64863,$28178,,,,,$54330,$22884
2019,6037432401,Census Tract 4324.01,El Monte,Los Angeles County,California,ElMonte,64612.0,8365.0,60987.0,22742.0,,,,,77689.0,27209.0,,,71151.0,27655.0,61820.0,7424.0,93200.0,61320.0,61592.0,8860.0,$64612,$8365,$60987,$22742,,,,,$77689,$27209,,,$71151,$27655,$61820,$7424,$93200,$61320,$61592,$8860
2019,6037432402,Census Tract 4324.02,El Monte,Los Angeles County,California,ElMonte,71245.0,13154.0,59337.0,28391.0,,,,,72410.0,21477.0,,,80119.0,23786.0,,,94203.0,52437.0,59352.0,24971.0,$71245,$13154,$59337,$28391,,,,,$72410,$21477,,,$80119,$23786,,,$94203,$52437,$59352,$24971
2019,6037432500,Census Tract 4325,El Monte,Los Angeles County,California,ElMonte,63201.0,6834.0,62191.0,7171.0,,,,,64376.0,18216.0,,,86765.0,39967.0,55536.0,23178.0,138511.0,92191.0,61617.0,6034.0,$63201,$6834,$62191,$7171,,,,,$64376,$18216,,,$86765,$39967,$55536,$23178,$138511,$92191,$61617,$6034
2019,6037432601,Census Tract 4326.01,El Monte,Los Angeles County,California,ElMonte,83393.0,11924.0,69826.0,23173.0,,,,,107014.0,19966.0,,,59045.0,15516.0,,,,,71933.0,21940.0,$83393,$11924,$69826,$23173,,,,,$107014,$19966,,,$59045,$15516,,,,,$71933,$21940
2019,6037432602,Census Tract 4326.02,El Monte,Los Angeles County,California,ElMonte,80391.0,19887.0,94831.0,56742.0,,,,,79541.0,22310.0,,,65441.0,41527.0,,,,,92756.0,56239.0,$80391,$19887,$94831,$56742,,,,,$79541,$22310,,,$65441,$41527,,,,,$92756,$56239
2019,6037432700,Census Tract 4327,El Monte,Los Angeles County,California,ElMonte,65082.0,28059.0,68898.0,35518.0,,,,,68991.0,48325.0,,,30999.0,20676.0,139480.0,8050.0,105124.0,43563.0,54191.0,26774.0,$65082,$28059,$68898,$35518,,,,,$68991,$48325,,,$30999,$20676,$139480,$8050,$105124,$43563,$54191,$26774
2019,6037432801,Census Tract 4328.01,El Monte,Los Angeles County,California,ElMonte,28880.0,8585.0,54613.0,34213.0,,,,,22856.0,1266.0,,,41708.0,16202.0,100113.0,56635.0,,,52561.0,16309.0,$28880,$8585,$54613,$34213,,,,,$22856,$1266,,,$41708,$16202,$100113,$56635,,,$52561,$16309
2019,6037432802,Census Tract 4328.02,El Monte,Los Angeles County,California,ElMonte,48581.0,13507.0,48886.0,14657.0,,,,,48613.0,37850.0,,,57146.0,11817.0,,,,,48374.0,14714.0,$48581,$13507,$48886,$14657,,,,,$48613,$37850,,,$57146,$11817,,,,,$48374,$14714
2019,6037432902,Census Tract 4329.02,El Monte,Los Angeles County,California,ElMonte,89171.0,13727.0,71381.0,56198.0,,,,,99409.0,29254.0,,,70536.0,49595.0,,,39144.0,38195.0,87150.0,35612.0,$89171,$13727,$71381,$56198,,,,,$99409,$29254,,,$70536,$49595,,,$39144,$38195,$87150,$35612
2019,6037433101,Census Tract 4331.01,El Monte,Los Angeles County,California,ElMonte,55382.0,16894.0,83073.0,40045.0,,,,,55382.0,15831.0,,,,,,,39778.0,4069.0,83996.0,42999.0,$55382,$16894,$83073,$40045,,,,,$55382,$15831,,,,,,,$39778,$4069,$83996,$42999
2019,6037433102,Census Tract 4331.02,El Monte,Los Angeles County,California,ElMonte,57597.0,16473.0,40627.0,22207.0,,,,,80096.0,49364.0,,,71315.0,34668.0,,,,,57074.0,17161.0,$57597,$16473,$40627,$22207,,,,,$80096,$49364,,,$71315,$34668,,,,,$57074,$17161
2019,6037433200,Census Tract 4332,El Monte,Los Angeles County,California,ElMonte,62237.0,5717.0,59558.0,15486.0,,,,,71450.0,21868.0,,,58587.0,10350.0,,,64553.0,35160.0,57408.0,5549.0,$62237,$5717,$59558,$15486,,,,,$71450,$21868,,,$58587,$10350,,,$64553,$35160,$57408,$5549
2019,6037433302,Census Tract 4333.02,El Monte,Los Angeles County,California,ElMonte,42459.0,19592.0,32503.0,6209.0,,,,,84782.0,21588.0,,,55162.0,32478.0,,,16768.0,7900.0,42459.0,21483.0,$42459,$19592,$32503,$6209,,,,,$84782,$21588,,,$55162,$32478,,,$16768,$7900,$42459,$21483
2019,6037433304,Census Tract 4333.04,El Monte,Los Angeles County,California,ElMonte,44613.0,5648.0,43792.0,16244.0,,,,,24054.0,13724.0,,,50254.0,19938.0,62539.0,6967.0,29669.0,6792.0,56519.0,14922.0,$44613,$5648,$43792,$16244,,,,,$24054,$13724,,,$50254,$19938,$62539,$6967,$29669,$6792,$56519,$14922
2019,6037433305,Census Tract 4333.05,El Monte,Los Angeles County,California,ElMonte,54631.0,15812.0,63369.0,10214.0,,,,,53844.0,24620.0,,,45919.0,30416.0,,,,,54532.0,15584.0,$54631,$15812,$63369,$10214,,,,,$53844,$24620,,,$45919,$30416,,,,,$54532,$15584
2019,6037433306,Census Tract 4333.06,El Monte,Los Angeles County,California,ElMonte,71139.0,4854.0,64954.0,33326.0,,,,,72671.0,19856.0,,,70661.0,39289.0,,,,,69752.0,7554.0,$71139,$4854,$64954,$33326,,,,,$72671,$19856,,,$70661,$39289,,,,,$69752,$7554
2019,6037433307,Census Tract 4333.07,El Monte,Los Angeles County,California,ElMonte,74671.0,13458.0,69007.0,14668.0,,,,,101534.0,22977.0,,,37620.0,13181.0,,,,,56920.0,17866.0,$74671,$13458,$69007,$14668,,,,,$101534,$22977,,,$37620,$13181,,,,,$56920,$17866
2019,6037433401,Census Tract 4334.01,El Monte,Los Angeles County,California,ElMonte,60446.0,6958.0,59405.0,8123.0,,,,,62903.0,11903.0,,,51838.0,35938.0,,,56081.0,7491.0,59057.0,11132.0,$60446,$6958,$59405,$8123,,,,,$62903,$11903,,,$51838,$35938,,,$56081,$7491,$59057,$11132
2019,6037433402,Census Tract 4334.02,El Monte,Los Angeles County,California,ElMonte,59747.0,12814.0,53414.0,6252.0,,,,,64382.0,33982.0,,,62897.0,21792.0,,,53276.0,38780.0,55354.0,15378.0,$59747,$12814,$53414,$6252,,,,,$64382,$33982,,,$62897,$21792,,,$53276,$38780,$55354,$15378
2019,6037433403,Census Tract 4334.03,El Monte,Los Angeles County,California,ElMonte,56572.0,12031.0,48789.0,13278.0,,,,,68733.0,27876.0,,,61865.0,9464.0,,,19486.0,4064.0,56890.0,10009.0,$56572,$12031,$48789,$13278,,,,,$68733,$27876,,,$61865,$9464,,,$19486,$4064,$56890,$10009
2019,6037433504,Census Tract 4335.04,El Monte,Los Angeles County,California,ElMonte,45304.0,11190.0,40877.0,22783.0,,,,,47177.0,31820.0,,,45569.0,12799.0,,,,,43865.0,11117.0,$45304,$11190,$40877,$22783,,,,,$47177,$31820,,,$45569,$12799,,,,,$43865,$11117
2019,6037433601,Census Tract 4336.01,El Monte,Los Angeles County,California,ElMonte,81441.0,7661.0,62854.0,33232.0,,,,,84547.0,6821.0,,,76356.0,26870.0,,,,,75637.0,21034.0,$81441,$7661,$62854,$33232,,,,,$84547,$6821,,,$76356,$26870,,,,,$75637,$21034
2019,6037433801,Census Tract 4338.01,El Monte,Los Angeles County,California,ElMonte,61191.0,10489.0,62514.0,12991.0,,,,,67843.0,14121.0,,,56305.0,24203.0,,,,,60870.0,12493.0,$61191,$10489,$62514,$12991,,,,,$67843,$14121,,,$56305,$24203,,,,,$60870,$12493
2019,6037433901,Census Tract 4339.01,El Monte,Los Angeles County,California,ElMonte,51418.0,5272.0,53623.0,8579.0,,,,,49434.0,15251.0,,,43877.0,14521.0,,,,,50725.0,7404.0,$51418,$5272,$53623,$8579,,,,,$49434,$15251,,,$43877,$14521,,,,,$50725,$7404
2019,6037433902,Census Tract 4339.02,El Monte,Los Angeles County,California,ElMonte,65480.0,11339.0,69717.0,10178.0,,,,,49228.0,38580.0,,,58640.0,31142.0,,,75689.0,8777.0,64708.0,13939.0,$65480,$11339,$69717,$10178,,,,,$49228,$38580,,,$58640,$31142,,,$75689,$8777,$64708,$13939
2019,6037434001,Census Tract 4340.01,El Monte,Los Angeles County,California,ElMonte,64534.0,12847.0,61772.0,14695.0,,,,,79595.0,14069.0,,,68714.0,16136.0,,,,,62449.0,8121.0,$64534,$12847,$61772,$14695,,,,,$79595,$14069,,,$68714,$16136,,,,,$62449,$8121
2019,6037434003,Census Tract 4340.03,El Monte,Los Angeles County,California,ElMonte,65381.0,15668.0,54193.0,19936.0,,,,,80806.0,13079.0,,,66407.0,34834.0,,,53844.0,20827.0,63155.0,19556.0,$65381,$15668,$54193,$19936,,,,,$80806,$13079,,,$66407,$34834,,,$53844,$20827,$63155,$19556
2020,6037431501,Census Tract 4315.01,El Monte,Los Angeles County,California,ElMonte,69244.0,15588.0,48148.0,14316.0,,,,,89573.0,19509.0,,,91224.0,26577.0,,,46013.0,14154.0,79310.0,27869.0,$69244,$15588,$48148,$14316,,,,,$89573,$19509,,,$91224,$26577,,,$46013,$14154,$79310,$27869
2020,6037431502,Census Tract 4315.02,El Monte,Los Angeles County,California,ElMonte,79705.0,31177.0,80464.0,32703.0,,,,,82994.0,48960.0,,,64776.0,28461.0,,,110220.0,34650.0,70665.0,33162.0,$79705,$31177,$80464,$32703,,,,,$82994,$48960,,,$64776,$28461,,,$110220,$34650,$70665,$33162
2020,6037432101,Census Tract 4321.01,El Monte,Los Angeles County,California,ElMonte,122303.0,24246.0,125858.0,13264.0,,,,,129552.0,32107.0,,,,,101596.0,7132.0,121455.0,20033.0,135119.0,36811.0,$122303,$24246,$125858,$13264,,,,,$129552,$32107,,,,,$101596,$7132,$121455,$20033,$135119,$36811
2020,6037432102,Census Tract 4321.02,El Monte,Los Angeles County,California,ElMonte,115255.0,17787.0,105802.0,33834.0,,,,,127528.0,46130.0,,,104177.0,92392.0,,,77152.0,26514.0,120282.0,47483.0,$115255,$17787,$105802,$33834,,,,,$127528,$46130,,,$104177,$92392,,,$77152,$26514,$120282,$47483
2020,6037432300,Census Tract 4323,El Monte,Los Angeles County,California,ElMonte,64523.0,16435.0,56573.0,24178.0,,,,,79668.0,30723.0,,,63906.0,45229.0,,,,,63820.0,18720.0,$64523,$16435,$56573,$24178,,,,,$79668,$30723,,,$63906,$45229,,,,,$63820,$18720
2020,6037432401,Census Tract 4324.01,El Monte,Los Angeles County,California,ElMonte,70026.0,18523.0,68318.0,43998.0,,,,,80901.0,7806.0,,,76048.0,24338.0,60800.0,3032.0,93116.0,84221.0,63113.0,11807.0,$70026,$18523,$68318,$43998,,,,,$80901,$7806,,,$76048,$24338,$60800,$3032,$93116,$84221,$63113,$11807
2020,6037432402,Census Tract 4324.02,El Monte,Los Angeles County,California,ElMonte,70307.0,13018.0,55956.0,25442.0,,,,,86726.0,39201.0,,,70887.0,18648.0,,,116168.0,35383.0,53724.0,18485.0,$70307,$13018,$55956,$25442,,,,,$86726,$39201,,,$70887,$18648,,,$116168,$35383,$53724,$18485
2020,6037432501,Census Tract 4325.01,El Monte,Los Angeles County,California,ElMonte,67885.0,13869.0,63695.0,15543.0,,,,,,,,,71027.0,23228.0,,,,,61728.0,10337.0,$67885,$13869,$63695,$15543,,,,,,,,,$71027,$23228,,,,,$61728,$10337
2020,6037432502,Census Tract 4325.02,El Monte,Los Angeles County,California,ElMonte,86934.0,19525.0,128560.0,75843.0,,,,,80136.0,15963.0,,,99441.0,90745.0,85373.0,58704.0,,,100851.0,17251.0,$86934,$19525,$128560,$75843,,,,,$80136,$15963,,,$99441,$90745,$85373,$58704,,,$100851,$17251
2020,6037432601,Census Tract 4326.01,El Monte,Los Angeles County,California,ElMonte,89074.0,7270.0,76528.0,30935.0,,,,,109935.0,25925.0,,,58934.0,17085.0,90800.0,83075.0,87676.0,62275.0,77821.0,29370.0,$89074,$7270,$76528,$30935,,,,,$109935,$25925,,,$58934,$17085,$90800,$83075,$87676,$62275,$77821,$29370
2020,6037432602,Census Tract 4326.02,El Monte,Los Angeles County,California,ElMonte,83084.0,19509.0,,,,,,,83567.0,20384.0,,,69692.0,61168.0,,,31243.0,2468.0,94552.0,46089.0,$83084,$19509,,,,,,,$83567,$20384,,,$69692,$61168,,,$31243,$2468,$94552,$46089
2020,6037432700,Census Tract 4327,El Monte,Los Angeles County,California,ElMonte,71355.0,8380.0,71833.0,5382.0,,,,,48040.0,35039.0,,,55589.0,51335.0,132447.0,39940.0,87676.0,42684.0,72001.0,4748.0,$71355,$8380,$71833,$5382,,,,,$48040,$35039,,,$55589,$51335,$132447,$39940,$87676,$42684,$72001,$4748
2020,6037432801,Census Tract 4328.01,El Monte,Los Angeles County,California,ElMonte,28526.0,8216.0,56173.0,46414.0,,,,,22604.0,1386.0,,,55088.0,28697.0,101111.0,20545.0,,,56553.0,30308.0,$28526,$8216,$56173,$46414,,,,,$22604,$1386,,,$55088,$28697,$101111,$20545,,,$56553,$30308
2020,6037432802,Census Tract 4328.02,El Monte,Los Angeles County,California,ElMonte,61234.0,8461.0,55144.0,12319.0,,,,,78997.0,35594.0,,,55414.0,6934.0,,,,,56967.0,6392.0,$61234,$8461,$55144,$12319,,,,,$78997,$35594,,,$55414,$6934,,,,,$56967,$6392
2020,6037432902,Census Tract 4329.02,El Monte,Los Angeles County,California,ElMonte,88859.0,11521.0,94735.0,59153.0,,,,,85778.0,20917.0,,,87296.0,40576.0,,,38539.0,13874.0,100317.0,31392.0,$88859,$11521,$94735,$59153,,,,,$85778,$20917,,,$87296,$40576,,,$38539,$13874,$100317,$31392
2020,6037433103,Census Tract 4331.03,El Monte,Los Angeles County,California,ElMonte,73716.0,22775.0,38714.0,8164.0,,,201756.0,101427.0,81913.0,15886.0,,,87053.0,28621.0,,,,,65689.0,30154.0,$73716,$22775,$38714,$8164,,,$201756,$101427,$81913,$15886,,,$87053,$28621,,,,,$65689,$30154
2020,6037433200,Census Tract 4332,El Monte,Los Angeles County,California,ElMonte,68465.0,9537.0,61166.0,10535.0,,,,,76574.0,22379.0,,,64811.0,11405.0,140856.0,68116.0,,,66927.0,11780.0,$68465,$9537,$61166,$10535,,,,,$76574,$22379,,,$64811,$11405,$140856,$68116,,,$66927,$11780
2020,6037433302,Census Tract 4333.02,El Monte,Los Angeles County,California,ElMonte,62595.0,4985.0,35569.0,13152.0,,,,,,,,,63460.0,26721.0,,,,,59513.0,10548.0,$62595,$4985,$35569,$13152,,,,,,,,,$63460,$26721,,,,,$59513,$10548
2020,6037433304,Census Tract 4333.04,El Monte,Los Angeles County,California,ElMonte,51250.0,17681.0,77428.0,28892.0,,,,,26852.0,26158.0,,,49088.0,19292.0,59871.0,7304.0,,,63228.0,5695.0,$51250,$17681,$77428,$28892,,,,,$26852,$26158,,,$49088,$19292,$59871,$7304,,,$63228,$5695
2020,6037433305,Census Tract 4333.05,El Monte,Los Angeles County,California,ElMonte,49341.0,18691.0,77230.0,32692.0,,,,,44327.0,8261.0,,,44655.0,32930.0,,,,,58198.0,17236.0,$49341,$18691,$77230,$32692,,,,,$44327,$8261,,,$44655,$32930,,,,,$58198,$17236
2020,6037433306,Census Tract 4333.06,El Monte,Los Angeles County,California,ElMonte,68027.0,10758.0,65814.0,20783.0,,,,,60475.0,26972.0,,,91218.0,32925.0,30785.0,26913.0,,,68101.0,13256.0,$68027,$10758,$65814,$20783,,,,,$60475,$26972,,,$91218,$32925,$30785,$26913,,,$68101,$13256
2020,6037433307,Census Tract 4333.07,El Monte,Los Angeles County,California,ElMonte,82489.0,18663.0,67783.0,27853.0,,,,,111131.0,32993.0,,,45242.0,36813.0,,,,,57575.0,26523.0,$82489,$18663,$67783,$27853,,,,,$111131,$32993,,,$45242,$36813,,,,,$57575,$26523
2020,6037433402,Census Tract 4334.02,El Monte,Los Angeles County,California,ElMonte,83211.0,13662.0,62498.0,50359.0,,,,,153337.0,119480.0,,,76596.0,14289.0,158669.0,148830.0,55294.0,51417.0,76105.0,15567.0,$83211,$13662,$62498,$50359,,,,,$153337,$119480,,,$76596,$14289,$158669,$148830,$55294,$51417,$76105,$15567
2020,6037433403,Census Tract 4334.03,El Monte,Los Angeles County,California,ElMonte,59758.0,13716.0,53275.0,18137.0,,,,,67018.0,34456.0,,,60889.0,15046.0,93713.0,48235.0,18788.0,4008.0,61119.0,10195.0,$59758,$13716,$53275,$18137,,,,,$67018,$34456,,,$60889,$15046,$93713,$48235,$18788,$4008,$61119,$10195
2020,6037433505,Census Tract 4335.05,El Monte,Los Angeles County,California,ElMonte,64602.0,13856.0,66611.0,20134.0,,,,,70976.0,33542.0,,,41681.0,26272.0,97588.0,39269.0,60052.0,16449.0,59136.0,14620.0,$64602,$13856,$66611,$20134,,,,,$70976,$33542,,,$41681,$26272,$97588,$39269,$60052,$16449,$59136,$14620
2020,6037433901,Census Tract 4339.01,El Monte,Los Angeles County,California,ElMonte,60267.0,9735.0,51391.0,14214.0,,,,,50295.0,18991.0,,,62246.0,31640.0,69812.0,13584.0,,,61436.0,14711.0,$60267,$9735,$51391,$14214,,,,,$50295,$18991,,,$62246,$31640,$69812,$13584,,,$61436,$14711
2020,6037433903,Census Tract 4339.03,El Monte,Los Angeles County,California,ElMonte,63689.0,17052.0,77892.0,8733.0,,,,,64415.0,24921.0,,,64144.0,42869.0,30567.0,15983.0,77194.0,8582.0,61790.0,21541.0,$63689,$17052,$77892,$8733,,,,,$64415,$24921,,,$64144,$42869,$30567,$15983,$77194,$8582,$61790,$21541
2020,6037434001,Census Tract 4340.01,El Monte,Los Angeles County,California,ElMonte,62474.0,13535.0,59036.0,10356.0,,,,,79036.0,38472.0,,,71544.0,20192.0,,,,,62246.0,9712.0,$62474,$13535,$59036,$10356,,,,,$79036,$38472,,,$71544,$20192,,,,,$62246,$9712
2020,6037434003,Census Tract 4340.03,El Monte,Los Angeles County,California,ElMonte,73052.0,13502.0,55224.0,18257.0,,,,,86840.0,40593.0,,,79208.0,30054.0,,,52595.0,23030.0,67897.0,18256.0,$73052,$13502,$55224,$18257,,,,,$86840,$40593,,,$79208,$30054,,,$52595,$23030,$67897,$18256
2021,6037431501,Census Tract 4315.01,El Monte,Los Angeles County,California,ElMonte,67080.0,12142.0,46075.0,10443.0,,,,,70207.0,30400.0,,,80086.0,26865.0,68268.0,45543.0,44959.0,7762.0,68200.0,10637.0,$67080,$12142,$46075,$10443,,,,,$70207,$30400,,,$80086,$26865,$68268,$45543,$44959,$7762,$68200,$10637
2021,6037431502,Census Tract 4315.02,El Monte,Los Angeles County,California,ElMonte,94134.0,27654.0,86169.0,16752.0,,,,,79031.0,49534.0,,,116822.0,111247.0,234833.0,156121.0,106444.0,47642.0,105720.0,68350.0,$94134,$27654,$86169,$16752,,,,,$79031,$49534,,,$116822,$111247,$234833,$156121,$106444,$47642,$105720,$68350
2021,6037432101,Census Tract 4321.01,El Monte,Los Angeles County,California,ElMonte,121204.0,11703.0,121483.0,30707.0,,,,,138679.0,19488.0,,,,,102671.0,7191.0,120535.0,38562.0,115655.0,22019.0,$121204,$11703,$121483,$30707,,,,,$138679,$19488,,,,,$102671,$7191,$120535,$38562,$115655,$22019
2021,6037432102,Census Tract 4321.02,El Monte,Los Angeles County,California,ElMonte,119070.0,15217.0,106610.0,29722.0,,,,,123098.0,33615.0,,,,,146431.0,72887.0,89467.0,50024.0,120322.0,44108.0,$119070,$15217,$106610,$29722,,,,,$123098,$33615,,,,,$146431,$72887,$89467,$50024,$120322,$44108
2021,6037432300,Census Tract 4323,El Monte,Los Angeles County,California,ElMonte,79813.0,39980.0,55343.0,39503.0,,,,,86382.0,29497.0,,,,,,,,,,,$79813,$39980,$55343,$39503,,,,,$86382,$29497,,,,,,,,,,
2021,6037432401,Census Tract 4324.01,El Monte,Los Angeles County,California,ElMonte,69928.0,21947.0,59154.0,37853.0,,,,,80617.0,18729.0,,,98901.0,10691.0,61175.0,6612.0,125090.0,55417.0,61973.0,18017.0,$69928,$21947,$59154,$37853,,,,,$80617,$18729,,,$98901,$10691,$61175,$6612,$125090,$55417,$61973,$18017
2021,6037432402,Census Tract 4324.02,El Monte,Los Angeles County,California,ElMonte,69725.0,8687.0,55213.0,17626.0,,,,,75095.0,37315.0,,,71928.0,19367.0,68035.0,35594.0,116220.0,47931.0,67262.0,10396.0,$69725,$8687,$55213,$17626,,,,,$75095,$37315,,,$71928,$19367,$68035,$35594,$116220,$47931,$67262,$10396
2021,6037432501,Census Tract 4325.01,El Monte,Los Angeles County,California,ElMonte,69236.0,19602.0,62376.0,21361.0,,,,,,,,,71346.0,21801.0,,,,,61032.0,12572.0,$69236,$19602,$62376,$21361,,,,,,,,,$71346,$21801,,,,,$61032,$12572
2021,6037432502,Census Tract 4325.02,El Monte,Los Angeles County,California,ElMonte,97889.0,19086.0,127546.0,69337.0,,,,,79113.0,18005.0,,,,,125541.0,65451.0,93853.0,26762.0,128192.0,22670.0,$97889,$19086,$127546,$69337,,,,,$79113,$18005,,,,,$125541,$65451,$93853,$26762,$128192,$22670
2021,6037432601,Census Tract 4326.01,El Monte,Los Angeles County,California,ElMonte,87788.0,16347.0,93636.0,9010.0,,,,,99481.0,34251.0,,,58218.0,11836.0,58682.0,21354.0,84479.0,66967.0,87094.0,32976.0,$87788,$16347,$93636,$9010,,,,,$99481,$34251,,,$58218,$11836,$58682,$21354,$84479,$66967,$87094,$32976
2021,6037432602,Census Tract 4326.02,El Monte,Los Angeles County,California,ElMonte,62859.0,32374.0,,,,,,,82845.0,21628.0,,,45860.0,26700.0,,,,,49963.0,28143.0,$62859,$32374,,,,,,,$82845,$21628,,,$45860,$26700,,,,,$49963,$28143
2021,6037432700,Census Tract 4327,El Monte,Los Angeles County,California,ElMonte,71666.0,4127.0,71486.0,2336.0,,,,,65170.0,42162.0,,,64880.0,40917.0,94496.0,66614.0,99444.0,31426.0,71514.0,3478.0,$71666,$4127,$71486,$2336,,,,,$65170,$42162,,,$64880,$40917,$94496,$66614,$99444,$31426,$71514,$3478
2021,6037432801,Census Tract 4328.01,El Monte,Los Angeles County,California,ElMonte,38855.0,7583.0,,,,,,,22079.0,2053.0,,,77720.0,35270.0,98924.0,59936.0,,,86630.0,38204.0,$38855,$7583,,,,,,,$22079,$2053,,,$77720,$35270,$98924,$59936,,,$86630,$38204
2021,6037432802,Census Tract 4328.02,El Monte,Los Angeles County,California,ElMonte,55980.0,7377.0,55496.0,13040.0,,,,,81744.0,70401.0,,,54956.0,9099.0,,,,,54574.0,7671.0,$55980,$7377,$55496,$13040,,,,,$81744,$70401,,,$54956,$9099,,,,,$54574,$7671
2021,6037432902,Census Tract 4329.02,El Monte,Los Angeles County,California,ElMonte,87551.0,11568.0,97393.0,68906.0,,,,,83570.0,31017.0,,,85365.0,50142.0,131546.0,69905.0,41033.0,39668.0,95977.0,33090.0,$87551,$11568,$97393,$68906,,,,,$83570,$31017,,,$85365,$50142,$131546,$69905,$41033,$39668,$95977,$33090
2021,6037433103,Census Tract 4331.03,El Monte,Los Angeles County,California,ElMonte,65292.0,17994.0,42935.0,33662.0,,,11151.0,6803.0,69031.0,34186.0,,,87164.0,19216.0,51846.0,43765.0,,,73859.0,23902.0,$65292,$17994,$42935,$33662,,,$11151,$6803,$69031,$34186,,,$87164,$19216,$51846,$43765,,,$73859,$23902
2021,6037433200,Census Tract 4332,El Monte,Los Angeles County,California,ElMonte,71744.0,9367.0,54664.0,15948.0,,,,,64549.0,22066.0,,,71004.0,8283.0,134283.0,38506.0,,,73208.0,8040.0,$71744,$9367,$54664,$15948,,,,,$64549,$22066,,,$71004,$8283,$134283,$38506,,,$73208,$8040
2021,6037433302,Census Tract 4333.02,El Monte,Los Angeles County,California,ElMonte,59432.0,10382.0,33522.0,9365.0,,,,,85749.0,75054.0,,,54892.0,18128.0,,,,,52136.0,10738.0,$59432,$10382,$33522,$9365,,,,,$85749,$75054,,,$54892,$18128,,,,,$52136,$10738
2021,6037433304,Census Tract 4333.04,El Monte,Los Angeles County,California,ElMonte,55812.0,14379.0,66277.0,57701.0,,,,,26872.0,25950.0,,,45290.0,24712.0,57538.0,4339.0,,,60963.0,8335.0,$55812,$14379,$66277,$57701,,,,,$26872,$25950,,,$45290,$24712,$57538,$4339,,,$60963,$8335
2021,6037433305,Census Tract 4333.05,El Monte,Los Angeles County,California,ElMonte,46309.0,23821.0,76426.0,29929.0,,,,,44591.0,4396.0,,,59245.0,22369.0,24291.0,15952.0,,,58412.0,19134.0,$46309,$23821,$76426,$29929,,,,,$44591,$4396,,,$59245,$22369,$24291,$15952,,,$58412,$19134
2021,6037433306,Census Tract 4333.06,El Monte,Los Angeles County,California,ElMonte,63882.0,11311.0,76851.0,19714.0,,,,,58850.0,23188.0,,,62273.0,12396.0,56119.0,40105.0,,,64484.0,12029.0,$63882,$11311,$76851,$19714,,,,,$58850,$23188,,,$62273,$12396,$56119,$40105,,,$64484,$12029
2021,6037433307,Census Tract 4333.07,El Monte,Los Angeles County,California,ElMonte,77893.0,17160.0,52715.0,9216.0,,,,,99541.0,19416.0,,,67101.0,27896.0,202026.0,200745.0,,,58653.0,26718.0,$77893,$17160,$52715,$9216,,,,,$99541,$19416,,,$67101,$27896,$202026,$200745,,,$58653,$26718
2021,6037433402,Census Tract 4334.02,El Monte,Los Angeles County,California,ElMonte,75652.0,12164.0,51726.0,13113.0,,,,,117437.0,104910.0,,,74480.0,16846.0,,,53203.0,36975.0,65236.0,16474.0,$75652,$12164,$51726,$13113,,,,,$117437,$104910,,,$74480,$16846,,,$53203,$36975,$65236,$16474
2021,6037433403,Census Tract 4334.03,El Monte,Los Angeles County,California,ElMonte,59497.0,14100.0,53040.0,25384.0,,,,,72522.0,28592.0,,,52033.0,20299.0,76900.0,42129.0,,,58412.0,15962.0,$59497,$14100,$53040,$25384,,,,,$72522,$28592,,,$52033,$20299,$76900,$42129,,,$58412,$15962
2021,6037433505,Census Tract 4335.05,El Monte,Los Angeles County,California,ElMonte,63011.0,11035.0,57060.0,13868.0,,,,,74293.0,33351.0,,,56300.0,30291.0,69646.0,55944.0,57060.0,19852.0,54810.0,17650.0,$63011,$11035,$57060,$13868,,,,,$74293,$33351,,,$56300,$30291,$69646,$55944,$57060,$19852,$54810,$17650
2021,6037433901,Census Tract 4339.01,El Monte,Los Angeles County,California,ElMonte,66963.0,10886.0,60608.0,23135.0,,,47199.0,19647.0,62273.0,24183.0,,,60246.0,20457.0,75679.0,11808.0,,,67031.0,10467.0,$66963,$10886,$60608,$23135,,,$47199,$19647,$62273,$24183,,,$60246,$20457,$75679,$11808,,,$67031,$10467
2021,6037433903,Census Tract 4339.03,El Monte,Los Angeles County,California,ElMonte,59860.0,16739.0,76380.0,7739.0,,,,,64011.0,23958.0,,,62668.0,24887.0,32498.0,10432.0,79652.0,72213.0,58001.0,18872.0,$59860,$16739,$76380,$7739,,,,,$64011,$23958,,,$62668,$24887,$32498,$10432,$79652,$72213,$58001,$18872
2021,6037434001,Census Tract 4340.01,El Monte,Los Angeles County,California,ElMonte,63308.0,25042.0,58099.0,2823.0,,,,,60825.0,44416.0,,,84286.0,28105.0,,,,,69068.0,23427.0,$63308,$25042,$58099,$2823,,,,,$60825,$44416,,,$84286,$28105,,,,,$69068,$23427
2021,6037434003,Census Tract 4340.03,El Monte,Los Angeles County,California,ElMonte,71877.0,10895.0,67838.0,27288.0,,,,,79531.0,18842.0,,,66328.0,18707.0,133525.0,22038.0,53894.0,24234.0,71344.0,12143.0,$71877,$10895,$67838,$27288,,,,,$79531,$18842,,,$66328,$18707,$133525,$22038,$53894,$24234,$71344,$12143
2022,6037431501,Census Tract 4315.01,El Monte,Los Angeles County,California,ElMonte,64158.0,8881.0,48121.0,14402.0,,,,,71804.0,37611.0,,,57611.0,31571.0,67979.0,6026.0,48054.0,9956.0,61937.0,15364.0,$64158,$8881,$48121,$14402,,,,,$71804,$37611,,,$57611,$31571,$67979,$6026,$48054,$9956,$61937,$15364
2022,6037431502,Census Tract 4315.02,El Monte,Los Angeles County,California,ElMonte,106347.0,29415.0,84536.0,12649.0,,,,,105576.0,57138.0,,,145955.0,83935.0,224141.0,121580.0,96243.0,43781.0,108008.0,58452.0,$106347,$29415,$84536,$12649,,,,,$105576,$57138,,,$145955,$83935,$224141,$121580,$96243,$43781,$108008,$58452
2022,6037432101,Census Tract 4321.01,El Monte,Los Angeles County,California,ElMonte,124273.0,15352.0,125618.0,14697.0,,,,,135495.0,27068.0,,,,,103378.0,15323.0,124093.0,11379.0,132962.0,24134.0,$124273,$15352,$125618,$14697,,,,,$135495,$27068,,,,,$103378,$15323,$124093,$11379,$132962,$24134
2022,6037432102,Census Tract 4321.02,El Monte,Los Angeles County,California,ElMonte,114596.0,17439.0,104992.0,33739.0,,,,,129961.0,40088.0,,,,,145176.0,110709.0,91553.0,13688.0,122114.0,23901.0,$114596,$17439,$104992,$33739,,,,,$129961,$40088,,,,,$145176,$110709,$91553,$13688,$122114,$23901
2022,6037432300,Census Tract 4323,El Monte,Los Angeles County,California,ElMonte,78512.0,32434.0,54806.0,40175.0,,,,,86920.0,25092.0,,,,,86762.0,59066.0,,,63721.0,52619.0,$78512,$32434,$54806,$40175,,,,,$86920,$25092,,,,,$86762,$59066,,,$63721,$52619
2022,6037432401,Census Tract 4324.01,El Monte,Los Angeles County,California,ElMonte,80388.0,14758.0,,,,,,,81577.0,5340.0,,,95445.0,17045.0,76637.0,33809.0,126388.0,109039.0,69968.0,24080.0,$80388,$14758,,,,,,,$81577,$5340,,,$95445,$17045,$76637,$33809,$126388,$109039,$69968,$24080
2022,6037432402,Census Tract 4324.02,El Monte,Los Angeles County,California,ElMonte,60808.0,8245.0,52848.0,12556.0,,,,,73743.0,20917.0,,,60291.0,8878.0,65411.0,41406.0,56607.0,44281.0,59872.0,7891.0,$60808,$8245,$52848,$12556,,,,,$73743,$20917,,,$60291,$8878,$65411,$41406,$56607,$44281,$59872,$7891
2022,6037432501,Census Tract 4325.01,El Monte,Los Angeles County,California,ElMonte,75151.0,31994.0,63692.0,40840.0,,,,,,,,,79813.0,31743.0,149314.0,53679.0,,,64139.0,28032.0,$75151,$31994,$63692,$40840,,,,,,,,,$79813,$31743,$149314,$53679,,,$64139,$28032
2022,6037432502,Census Tract 4325.02,El Monte,Los Angeles County,California,ElMonte,116388.0,34161.0,96358.0,70724.0,,,,,96925.0,34400.0,,,181208.0,43060.0,126904.0,72402.0,94376.0,46691.0,132080.0,15979.0,$116388,$34161,$96358,$70724,,,,,$96925,$34400,,,$181208,$43060,$126904,$72402,$94376,$46691,$132080,$15979
2022,6037432601,Census Tract 4326.01,El Monte,Los Angeles County,California,ElMonte,74186.0,30076.0,93899.0,21704.0,,,,,87637.0,30488.0,,,58951.0,40368.0,55334.0,14087.0,,,77769.0,34855.0,$74186,$30076,$93899,$21704,,,,,$87637,$30488,,,$58951,$40368,$55334,$14087,,,$77769,$34855
2022,6037432602,Census Tract 4326.02,El Monte,Los Angeles County,California,ElMonte,66841.0,27989.0,,,,,,,83175.0,17910.0,,,55877.0,23272.0,,,28806.0,5693.0,59143.0,32037.0,$66841,$27989,,,,,,,$83175,$17910,,,$55877,$23272,,,$28806,$5693,$59143,$32037
2022,6037432700,Census Tract 4327,El Monte,Los Angeles County,California,ElMonte,70470.0,7383.0,71575.0,2566.0,,,,,62971.0,38940.0,,,65415.0,23121.0,76792.0,53619.0,100485.0,25253.0,70636.0,5816.0,$70470,$7383,$71575,$2566,,,,,$62971,$38940,,,$65415,$23121,$76792,$53619,$100485,$25253,$70636,$5816
2022,6037432801,Census Tract 4328.01,El Monte,Los Angeles County,California,ElMonte,33701.0,6102.0,,,,,,,22482.0,1129.0,,,145034.0,114181.0,60493.0,27020.0,,,79461.0,42526.0,$33701,$6102,,,,,,,$22482,$1129,,,$145034,$114181,$60493,$27020,,,$79461,$42526
2022,6037432802,Census Tract 4328.02,El Monte,Los Angeles County,California,ElMonte,58423.0,10589.0,57338.0,9140.0,,,47752.0,17588.0,76612.0,66711.0,,,54113.0,11990.0,76551.0,27365.0,,,57474.0,9574.0,$58423,$10589,$57338,$9140,,,$47752,$17588,$76612,$66711,,,$54113,$11990,$76551,$27365,,,$57474,$9574
2022,6037432902,Census Tract 4329.02,El Monte,Los Angeles County,California,ElMonte,86938.0,17234.0,87087.0,80565.0,,,,,80861.0,26133.0,,,86693.0,36838.0,130497.0,82475.0,66097.0,60590.0,87725.0,27335.0,$86938,$17234,$87087,$80565,,,,,$80861,$26133,,,$86693,$36838,$130497,$82475,$66097,$60590,$87725,$27335
2022,6037433103,Census Tract 4331.03,El Monte,Los Angeles County,California,ElMonte,66706.0,12136.0,48851.0,44789.0,,,,,69614.0,23883.0,,,69521.0,32277.0,65140.0,18229.0,,,66361.0,25167.0,$66706,$12136,$48851,$44789,,,,,$69614,$23883,,,$69521,$32277,$65140,$18229,,,$66361,$25167
2022,6037433200,Census Tract 4332,El Monte,Los Angeles County,California,ElMonte,73719.0,13193.0,69978.0,18910.0,,,,,58810.0,22487.0,,,73137.0,14001.0,134650.0,72402.0,,,76955.0,8999.0,$73719,$13193,$69978,$18910,,,,,$58810,$22487,,,$73137,$14001,$134650,$72402,,,$76955,$8999
2022,6037433302,Census Tract 4333.02,El Monte,Los Angeles County,California,ElMonte,61676.0,11001.0,33495.0,21483.0,,,,,85173.0,59074.0,,,59518.0,28506.0,56093.0,7039.0,,,55602.0,8199.0,$61676,$11001,$33495,$21483,,,,,$85173,$59074,,,$59518,$28506,$56093,$7039,,,$55602,$8199
2022,6037433304,Census Tract 4333.04,El Monte,Los Angeles County,California,ElMonte,44883.0,15074.0,65842.0,60034.0,,,103094.0,96094.0,,,,,37897.0,18437.0,54932.0,11875.0,,,51359.0,16928.0,$44883,$15074,$65842,$60034,,,$103094,$96094,,,,,$37897,$18437,$54932,$11875,,,$51359,$16928
2022,6037433305,Census Tract 4333.05,El Monte,Los Angeles County,California,ElMonte,44771.0,9076.0,61489.0,32547.0,,,,,31648.0,18055.0,,,44468.0,32621.0,49881.0,37685.0,,,55423.0,16748.0,$44771,$9076,$61489,$32547,,,,,$31648,$18055,,,$44468,$32621,$49881,$37685,,,$55423,$16748
2022,6037433306,Census Tract 4333.06,El Monte,Los Angeles County,California,ElMonte,59533.0,9530.0,75654.0,28095.0,,,2679.0,,57848.0,23778.0,,,59526.0,13211.0,72541.0,43719.0,,,61153.0,20675.0,$59533,$9530,$75654,$28095,,,$2679,,$57848,$23778,,,$59526,$13211,$72541,$43719,,,$61153,$20675
2022,6037433307,Census Tract 4333.07,El Monte,Los Angeles County,California,ElMonte,76480.0,13940.0,49573.0,26657.0,,,,,95769.0,23556.0,,,73044.0,23348.0,,,,,57611.0,29985.0,$76480,$13940,$49573,$26657,,,,,$95769,$23556,,,$73044,$23348,,,,,$57611,$29985
2022,6037433402,Census Tract 4334.02,El Monte,Los Angeles County,California,ElMonte,66523.0,14588.0,47191.0,15391.0,,,,,148305.0,91684.0,,,64902.0,9112.0,54167.0,45875.0,,,60873.0,8867.0,$66523,$14588,$47191,$15391,,,,,$148305,$91684,,,$64902,$9112,$54167,$45875,,,$60873,$8867
2022,6037433403,Census Tract 4334.03,El Monte,Los Angeles County,California,ElMonte,59569.0,7298.0,60163.0,38082.0,,,,,70902.0,28649.0,,,58147.0,15621.0,70413.0,59653.0,,,59093.0,12511.0,$59569,$7298,$60163,$38082,,,,,$70902,$28649,,,$58147,$15621,$70413,$59653,,,$59093,$12511
2022,6037433505,Census Tract 4335.05,El Monte,Los Angeles County,California,ElMonte,62489.0,11634.0,60483.0,17305.0,,,,,72227.0,33630.0,,,42963.0,34856.0,71568.0,65530.0,,,50421.0,22986.0,$62489,$11634,$60483,$17305,,,,,$72227,$33630,,,$42963,$34856,$71568,$65530,,,$50421,$22986
2022,6037433901,Census Tract 4339.01,El Monte,Los Angeles County,California,ElMonte,72491.0,13792.0,80314.0,30241.0,,,46480.0,14797.0,75381.0,17758.0,,,53024.0,27039.0,78226.0,12850.0,151327.0,71445.0,67832.0,16724.0,$72491,$13792,$80314,$30241,,,$46480,$14797,$75381,$17758,,,$53024,$27039,$78226,$12850,$151327,$71445,$67832,$16724
2022,6037433903,Census Tract 4339.03,El Monte,Los Angeles County,California,ElMonte,62098.0,13780.0,79240.0,11768.0,,,61128.0,20772.0,49405.0,10391.0,,,76430.0,21469.0,32809.0,6678.0,80388.0,69729.0,62753.0,17437.0,$62098,$13780,$79240,$11768,,,$61128,$20772,$49405,$10391,,,$76430,$21469,$32809,$6678,$80388,$69729,$62753,$17437
2022,6037434001,Census Tract 4340.01,El Monte,Los Angeles County,California,ElMonte,70413.0,29033.0,58058.0,2564.0,,,,,58772.0,57236.0,,,76647.0,28886.0,,,,,60466.0,27473.0,$70413,$29033,$58058,$2564,,,,,$58772,$57236,,,$76647,$28886,,,,,$60466,$27473
2022,6037434003,Census Tract 4340.03,El Monte,Los Angeles County,California,ElMonte,75364.0,10128.0,71232.0,37713.0,,,,,65894.0,31669.0,,,81895.0,15408.0,,,,,76445.0,10568.0,$75364,$10128,$71232,$37713,,,,,$65894,$31669,,,$81895,$15408,,,,,$76445,$10568
2023,6037431501,Census Tract 4315.01,El Monte,Los Angeles County,California,ElMonte,67854.0,8852.0,46631.0,27211.0,,,,,96762.0,30027.0,,,50065.0,18432.0,67538.0,39803.0,47437.0,35092.0,57420.0,15835.0,$67854,$8852,$46631,$27211,,,,,$96762,$30027,,,$50065,$18432,$67538,$39803,$47437,$35092,$57420,$15835
2023,6037431502,Census Tract 4315.02,El Monte,Los Angeles County,California,ElMonte,104783.0,30351.0,87794.0,46918.0,,,,,103409.0,45420.0,,,99935.0,70624.0,223494.0,158949.0,109895.0,57977.0,99764.0,63968.0,$104783,$30351,$87794,$46918,,,,,$103409,$45420,,,$99935,$70624,$223494,$158949,$109895,$57977,$99764,$63968
2023,6037432101,Census Tract 4321.01,El Monte,Los Angeles County,California,ElMonte,133966.0,19144.0,134371.0,16889.0,,,,,143948.0,17388.0,,,113929.0,30110.0,102081.0,44864.0,125609.0,16655.0,135878.0,57796.0,$133966,$19144,$134371,$16889,,,,,$143948,$17388,,,$113929,$30110,$102081,$44864,$125609,$16655,$135878,$57796
2023,6037432102,Census Tract 4321.02,El Monte,Los Angeles County,California,ElMonte,115601.0,16456.0,92377.0,57564.0,,,,,121577.0,32169.0,,,,,87972.0,29994.0,88600.0,32101.0,145293.0,102002.0,$115601,$16456,$92377,$57564,,,,,$121577,$32169,,,,,$87972,$29994,$88600,$32101,$145293,$102002
2023,6037432300,Census Tract 4323,El Monte,Los Angeles County,California,ElMonte,93931.0,29721.0,120309.0,48673.0,,,,,103152.0,27113.0,,,,,85378.0,55784.0,,,86362.0,54441.0,$93931,$29721,$120309,$48673,,,,,$103152,$27113,,,,,$85378,$55784,,,$86362,$54441
2023,6037432401,Census Tract 4324.01,El Monte,Los Angeles County,California,ElMonte,81465.0,9284.0,70861.0,68784.0,,,83566.0,41089.0,80356.0,16945.0,,,98205.0,10760.0,74887.0,43561.0,126485.0,91981.0,84424.0,20239.0,$81465,$9284,$70861,$68784,,,$83566,$41089,$80356,$16945,,,$98205,$10760,$74887,$43561,$126485,$91981,$84424,$20239
2023,6037432402,Census Tract 4324.02,El Monte,Los Angeles County,California,ElMonte,63372.0,6939.0,52422.0,18945.0,,,,,88581.0,41495.0,,,60390.0,11800.0,66702.0,25041.0,67103.0,29618.0,59805.0,16661.0,$63372,$6939,$52422,$18945,,,,,$88581,$41495,,,$60390,$11800,$66702,$25041,$67103,$29618,$59805,$16661
2023,6037432501,Census Tract 4325.01,El Monte,Los Angeles County,California,ElMonte,78490.0,21611.0,,,,,,,106594.0,59742.0,,,78589.0,18913.0,,,,,64004.0,31265.0,$78490,$21611,,,,,,,$106594,$59742,,,$78589,$18913,,,,,$64004,$31265
2023,6037432502,Census Tract 4325.02,El Monte,Los Angeles County,California,ElMonte,118058.0,33306.0,94108.0,33010.0,,,,,89041.0,49032.0,,,151190.0,70838.0,128258.0,41937.0,94552.0,16996.0,133189.0,20195.0,$118058,$33306,$94108,$33010,,,,,$89041,$49032,,,$151190,$70838,$128258,$41937,$94552,$16996,$133189,$20195
2023,6037432601,Census Tract 4326.01,El Monte,Los Angeles County,California,ElMonte,63590.0,31454.0,93337.0,8879.0,,,,,64336.0,56659.0,,,62792.0,45667.0,60330.0,9892.0,93931.0,90477.0,82944.0,45310.0,$63590,$31454,$93337,$8879,,,,,$64336,$56659,,,$62792,$45667,$60330,$9892,$93931,$90477,$82944,$45310
2023,6037432602,Census Tract 4326.02,El Monte,Los Angeles County,California,ElMonte,73987.0,24871.0,,,,,,,83539.0,21268.0,,,60660.0,33258.0,,,27060.0,1261.0,59741.0,37118.0,$73987,$24871,,,,,,,$83539,$21268,,,$60660,$33258,,,$27060,$1261,$59741,$37118
2023,6037432700,Census Tract 4327,El Monte,Los Angeles County,California,ElMonte,69545.0,9328.0,73310.0,21555.0,,,61957.0,2235.0,65735.0,38740.0,,,65405.0,33160.0,62231.0,52762.0,,,69545.0,9200.0,$69545,$9328,$73310,$21555,,,$61957,$2235,$65735,$38740,,,$65405,$33160,$62231,$52762,,,$69545,$9200
2023,6037432801,Census Tract 4328.01,El Monte,Los Angeles County,California,ElMonte,38050.0,7699.0,,,,,,,21828.0,2219.0,,,97412.0,77633.0,60333.0,29460.0,,,61430.0,27676.0,$38050,$7699,,,,,,,$21828,$2219,,,$97412,$77633,$60333,$29460,,,$61430,$27676
2023,6037432802,Census Tract 4328.02,El Monte,Los Angeles County,California,ElMonte,61620.0,12634.0,53137.0,18489.0,,,57315.0,20495.0,70770.0,63467.0,,,59476.0,15304.0,66848.0,23818.0,,,62240.0,14571.0,$61620,$12634,$53137,$18489,,,$57315,$20495,$70770,$63467,,,$59476,$15304,$66848,$23818,,,$62240,$14571
2023,6037432902,Census Tract 4329.02,El Monte,Los Angeles County,California,ElMonte,82851.0,17207.0,,,,,,,77086.0,17212.0,,,73022.0,48498.0,203817.0,150513.0,,,97000.0,29565.0,$82851,$17207,,,,,,,$77086,$17212,,,$73022,$48498,$203817,$150513,,,$97000,$29565
2023,6037433103,Census Tract 4331.03,El Monte,Los Angeles County,California,ElMonte,69652.0,13614.0,57131.0,35038.0,,,,,79894.0,31387.0,,,70906.0,22549.0,66358.0,49072.0,,,71007.0,13093.0,$69652,$13614,$57131,$35038,,,,,$79894,$31387,,,$70906,$22549,$66358,$49072,,,$71007,$13093
2023,6037433200,Census Tract 4332,El Monte,Los Angeles County,California,ElMonte,66555.0,21885.0,85368.0,42496.0,,,,,,,,,61929.0,13221.0,134575.0,73893.0,62217.0,54659.0,72861.0,22809.0,$66555,$21885,$85368,$42496,,,,,,,,,$61929,$13221,$134575,$73893,$62217,$54659,$72861,$22809
2023,6037433302,Census Tract 4333.02,El Monte,Los Angeles County,California,ElMonte,63008.0,12586.0,,,,,,,87007.0,84342.0,,,55329.0,10224.0,56340.0,7736.0,,,55692.0,6943.0,$63008,$12586,,,,,,,$87007,$84342,,,$55329,$10224,$56340,$7736,,,$55692,$6943
2023,6037433304,Census Tract 4333.04,El Monte,Los Angeles County,California,ElMonte,40114.0,19455.0,,,,,,,,,,,31220.0,14511.0,56975.0,22655.0,,,40455.0,20137.0,$40114,$19455,,,,,,,,,,,$31220,$14511,$56975,$22655,,,$40455,$20137
2023,6037433305,Census Tract 4333.05,El Monte,Los Angeles County,California,ElMonte,57045.0,13066.0,75531.0,34350.0,,,,,43261.0,13487.0,,,55282.0,35662.0,65740.0,11888.0,,,64603.0,9990.0,$57045,$13066,$75531,$34350,,,,,$43261,$13487,,,$55282,$35662,$65740,$11888,,,$64603,$9990
2023,6037433306,Census Tract 4333.06,El Monte,Los Angeles County,California,ElMonte,66113.0,14006.0,80260.0,36619.0,,,2572.0,,56554.0,20766.0,,,87640.0,36712.0,77791.0,25484.0,,,75810.0,19483.0,$66113,$14006,$80260,$36619,,,$2572,,$56554,$20766,,,$87640,$36712,$77791,$25484,,,$75810,$19483
2023,6037433307,Census Tract 4333.07,El Monte,Los Angeles County,California,ElMonte,88586.0,17052.0,42462.0,30432.0,,,117575.0,92985.0,100297.0,26623.0,,,72254.0,25031.0,91357.0,72573.0,,,72780.0,22136.0,$88586,$17052,$42462,$30432,,,$117575,$92985,$100297,$26623,,,$72254,$25031,$91357,$72573,,,$72780,$22136
2023,6037433402,Census Tract 4334.02,El Monte,Los Angeles County,California,ElMonte,70028.0,15034.0,51898.0,33134.0,,,,,,,,,66247.0,9435.0,46751.0,28267.0,,,65174.0,7565.0,$70028,$15034,$51898,$33134,,,,,,,,,$66247,$9435,$46751,$28267,,,$65174,$7565
2023,6037433403,Census Tract 4334.03,El Monte,Los Angeles County,California,ElMonte,56315.0,12414.0,52907.0,42780.0,,,,,70699.0,25558.0,,,50396.0,20633.0,,,,,51772.0,13334.0,$56315,$12414,$52907,$42780,,,,,$70699,$25558,,,$50396,$20633,,,,,$51772,$13334
2023,6037433505,Census Tract 4335.05,El Monte,Los Angeles County,California,ElMonte,67800.0,20503.0,80806.0,10585.0,,,,,70341.0,57411.0,,,51799.0,26827.0,97881.0,72844.0,,,61914.0,24288.0,$67800,$20503,$80806,$10585,,,,,$70341,$57411,,,$51799,$26827,$97881,$72844,,,$61914,$24288
2023,6037433901,Census Tract 4339.01,El Monte,Los Angeles County,California,ElMonte,71385.0,9802.0,119022.0,57631.0,,,,,75145.0,8841.0,,,52683.0,18104.0,77322.0,16373.0,152906.0,74959.0,67719.0,14866.0,$71385,$9802,$119022,$57631,,,,,$75145,$8841,,,$52683,$18104,$77322,$16373,$152906,$74959,$67719,$14866
2023,6037433903,Census Tract 4339.03,El Monte,Los Angeles County,California,ElMonte,55258.0,16914.0,81012.0,37530.0,,,57742.0,21325.0,50800.0,20115.0,,,80069.0,43524.0,31373.0,6907.0,,,56064.0,23638.0,$55258,$16914,$81012,$37530,,,$57742,$21325,$50800,$20115,,,$80069,$43524,$31373,$6907,,,$56064,$23638
2023,6037434001,Census Tract 4340.01,El Monte,Los Angeles County,California,ElMonte,84628.0,16694.0,,,,,,,98005.0,26724.0,,,56402.0,39748.0,127514.0,22433.0,,,82535.0,32448.0,$84628,$16694,,,,,,,$98005,$26724,,,$56402,$39748,$127514,$22433,,,$82535,$32448
2023,6037434003,Census Tract 4340.03,El Monte,Los Angeles County,California,ElMonte,71549.0,10487.0,53660.0,19908.0,,,,,88784.0,47834.0,,,75098.0,17552.0,78651.0,38092.0,,,71041.0,10286.0,$71549,$10487,$53660,$19908,,,,,$88784,$47834,,,$75098,$17552,$78651,$38092,,,$71041,$10286
2024,6037431501,Census Tract 4315.01,El Monte,Los Angeles County,California,ElMonte,64931.0,17973.0,49079.0,18263.0,,,,,78542.0,36112.0,,,52273.0,17435.0,68333.0,34187.0,47500.0,29477.0,64583.0,12880.0,$64931,$17973,$49079,$18263,,,,,$78542,$36112,,,$52273,$17435,$68333,$34187,$47500,$29477,$64583,$12880
2024,6037431502,Census Tract 4315.02,El Monte,Los Angeles County,California,ElMonte,88229.0,23428.0,84914.0,25202.0,,,,,86313.0,20897.0,,,99583.0,42184.0,224792.0,176640.0,110455.0,39992.0,98869.0,36506.0,$88229,$23428,$84914,$25202,,,,,$86313,$20897,,,$99583,$42184,$224792,$176640,$110455,$39992,$98869,$36506
2024,6037432101,Census Tract 4321.01,El Monte,Los Angeles County,California,ElMonte,134556.0,15397.0,133512.0,11658.0,,,,,142048.0,16451.0,,,115769.0,101131.0,104626.0,72089.0,130625.0,13516.0,162708.0,56913.0,$134556,$15397,$133512,$11658,,,,,$142048,$16451,,,$115769,$101131,$104626,$72089,$130625,$13516,$162708,$56913
2024,6037432102,Census Tract 4321.02,El Monte,Los Angeles County,California,ElMonte,102500.0,28416.0,91059.0,24797.0,,,,,114018.0,24971.0,,,,,88804.0,48160.0,76250.0,36061.0,114327.0,96302.0,$102500,$28416,$91059,$24797,,,,,$114018,$24971,,,,,$88804,$48160,$76250,$36061,$114327,$96302
2024,6037432300,Census Tract 4323,El Monte,Los Angeles County,California,ElMonte,86513.0,29503.0,,,,,,,79375.0,30605.0,,,,,86184.0,57600.0,,,86645.0,58754.0,$86513,$29503,,,,,,,$79375,$30605,,,,,$86184,$57600,,,$86645,$58754
2024,6037432401,Census Tract 4324.01,El Monte,Los Angeles County,California,ElMonte,90018.0,15797.0,,,,,84514.0,51710.0,81319.0,14557.0,,,92750.0,9855.0,90517.0,52131.0,126250.0,60000.0,90595.0,20725.0,$90018,$15797,,,,,$84514,$51710,$81319,$14557,,,$92750,$9855,$90517,$52131,$126250,$60000,$90595,$20725
2024,6037432402,Census Tract 4324.02,El Monte,Los Angeles County,California,ElMonte,66948.0,3633.0,66000.0,20604.0,,,,,78603.0,27583.0,,,61900.0,22237.0,67692.0,25483.0,69094.0,25790.0,61500.0,17567.0,$66948,$3633,$66000,$20604,,,,,$78603,$27583,,,$61900,$22237,$67692,$25483,$69094,$25790,$61500,$17567
2024,6037432501,Census Tract 4325.01,El Monte,Los Angeles County,California,ElMonte,85533.0,15655.0,,,,,125938.0,27281.0,94318.0,45110.0,,,75658.0,25753.0,110625.0,51787.0,,,85117.0,35434.0,$85533,$15655,,,,,$125938,$27281,$94318,$45110,,,$75658,$25753,$110625,$51787,,,$85117,$35434
2024,6037432502,Census Tract 4325.02,El Monte,Los Angeles County,California,ElMonte,127188.0,22430.0,105909.0,18716.0,,,,,133333.0,84390.0,,,151696.0,71292.0,127461.0,19554.0,106023.0,16968.0,133000.0,26425.0,$127188,$22430,$105909,$18716,,,,,$133333,$84390,,,$151696,$71292,$127461,$19554,$106023,$16968,$133000,$26425
2024,6037432601,Census Tract 4326.01,El Monte,Los Angeles County,California,ElMonte,84479.0,42655.0,93858.0,6219.0,,,,,,,,,89583.0,47090.0,62352.0,34454.0,110379.0,48722.0,87803.0,43947.0,$84479,$42655,$93858,$6219,,,,,,,,,$89583,$47090,$62352,$34454,$110379,$48722,$87803,$43947
2024,6037432602,Census Tract 4326.02,El Monte,Los Angeles County,California,ElMonte,82699.0,26513.0,,,,,,,83444.0,11436.0,,,57083.0,24859.0,,,,,61500.0,35671.0,$82699,$26513,,,,,,,$83444,$11436,,,$57083,$24859,,,,,$61500,$35671
2024,6037432700,Census Tract 4327,El Monte,Los Angeles County,California,ElMonte,64864.0,11527.0,71935.0,41627.0,,,62782.0,6161.0,73188.0,31424.0,,,56393.0,35375.0,,,,,63482.0,11474.0,$64864,$11527,$71935,$41627,,,$62782,$6161,$73188,$31424,,,$56393,$35375,,,,,$63482,$11474
2024,6037432801,Census Tract 4328.01,El Monte,Los Angeles County,California,ElMonte,40543.0,10435.0,,,,,,,22434.0,3553.0,,,89348.0,24845.0,77674.0,43429.0,,,78715.0,25579.0,$40543,$10435,,,,,,,$22434,$3553,,,$89348,$24845,$77674,$43429,,,$78715,$25579
2024,6037432802,Census Tract 4328.02,El Monte,Los Angeles County,California,ElMonte,63321.0,13669.0,,,,,59013.0,25580.0,,,,,67772.0,9989.0,66518.0,28754.0,,,67689.0,10413.0,$63321,$13669,,,,,$59013,$25580,,,,,$67772,$9989,$66518,$28754,,,$67689,$10413
2024,6037432902,Census Tract 4329.02,El Monte,Los Angeles County,California,ElMonte,84044.0,17673.0,58125.0,18946.0,,,,,77386.0,31107.0,,,91375.0,22044.0,176500.0,111231.0,54375.0,18192.0,98125.0,22064.0,$84044,$17673,$58125,$18946,,,,,$77386,$31107,,,$91375,$22044,$176500,$111231,$54375,$18192,$98125,$22064
2024,6037433103,Census Tract 4331.03,El Monte,Los Angeles County,California,ElMonte,66369.0,15801.0,62875.0,59189.0,,,,,69830.0,34207.0,,,59148.0,16426.0,65595.0,21141.0,,,62625.0,13392.0,$66369,$15801,$62875,$59189,,,,,$69830,$34207,,,$59148,$16426,$65595,$21141,,,$62625,$13392
2024,6037433200,Census Tract 4332,El Monte,Los Angeles County,California,ElMonte,58963.0,14578.0,35125.0,14078.0,,,,,50096.0,14829.0,,,63860.0,14821.0,84643.0,76230.0,24083.0,7594.0,70208.0,15904.0,$58963,$14578,$35125,$14078,,,,,$50096,$14829,,,$63860,$14821,$84643,$76230,$24083,$7594,$70208,$15904
2024,6037433302,Census Tract 4333.02,El Monte,Los Angeles County,California,ElMonte,59375.0,5729.0,,,,,,,130091.0,124106.0,,,50547.0,9933.0,59904.0,3422.0,,,53929.0,6650.0,$59375,$5729,,,,,,,$130091,$124106,,,$50547,$9933,$59904,$3422,,,$53929,$6650
2024,6037433304,Census Tract 4333.04,El Monte,Los Angeles County,California,ElMonte,53200.0,10838.0,,,,,,,50000.0,40557.0,,,53775.0,30599.0,57878.0,26603.0,,,53350.0,10798.0,$53200,$10838,,,,,,,$50000,$40557,,,$53775,$30599,$57878,$26603,,,$53350,$10798
2024,6037433305,Census Tract 4333.05,El Monte,Los Angeles County,California,ElMonte,66218.0,5736.0,95875.0,54048.0,,,,,,,,,66995.0,62918.0,66380.0,6304.0,,,67248.0,35964.0,$66218,$5736,$95875,$54048,,,,,,,,,$66995,$62918,$66380,$6304,,,$67248,$35964
2024,6037433306,Census Tract 4333.06,El Monte,Los Angeles County,California,ElMonte,63447.0,8886.0,,,,,2499.0,,57500.0,21027.0,,,58958.0,41803.0,80481.0,28535.0,,,64922.0,23305.0,$63447,$8886,,,,,$2499,,$57500,$21027,,,$58958,$41803,$80481,$28535,,,$64922,$23305
2024,6037433307,Census Tract 4333.07,El Monte,Los Angeles County,California,ElMonte,82107.0,16774.0,52788.0,39468.0,,,,,89375.0,28622.0,,,74954.0,17947.0,110972.0,44389.0,,,80429.0,17983.0,$82107,$16774,$52788,$39468,,,,,$89375,$28622,,,$74954,$17947,$110972,$44389,,,$80429,$17983
2024,6037433402,Census Tract 4334.02,El Monte,Los Angeles County,California,ElMonte,69487.0,8267.0,,,,,,,126339.0,86607.0,,,66817.0,4043.0,,,,,66031.0,6343.0,$69487,$8267,,,,,,,$126339,$86607,,,$66817,$4043,,,,,$66031,$6343
2024,6037433403,Census Tract 4334.03,El Monte,Los Angeles County,California,ElMonte,51593.0,15889.0,,,,,,,57344.0,50427.0,,,41571.0,14709.0,68750.0,51804.0,,,48654.0,17588.0,$51593,$15889,,,,,,,$57344,$50427,,,$41571,$14709,$68750,$51804,,,$48654,$17588
2024,6037433505,Census Tract 4335.05,El Monte,Los Angeles County,California,ElMonte,62407.0,8582.0,80524.0,25590.0,,,,,66953.0,33498.0,,,60216.0,11060.0,69844.0,68415.0,,,61466.0,9500.0,$62407,$8582,$80524,$25590,,,,,$66953,$33498,,,$60216,$11060,$69844,$68415,,,$61466,$9500
2024,6037433901,Census Tract 4339.01,El Monte,Los Angeles County,California,ElMonte,70313.0,9286.0,120536.0,83898.0,,,,,72305.0,12820.0,,,62143.0,16614.0,77921.0,13146.0,151382.0,66710.0,68765.0,10358.0,$70313,$9286,$120536,$83898,,,,,$72305,$12820,,,$62143,$16614,$77921,$13146,$151382,$66710,$68765,$10358
2024,6037433903,Census Tract 4339.03,El Monte,Los Angeles County,California,ElMonte,57065.0,12361.0,117882.0,69713.0,,,58839.0,45426.0,55250.0,40868.0,,,59762.0,42494.0,30728.0,7147.0,,,57530.0,20107.0,$57065,$12361,$117882,$69713,,,$58839,$45426,$55250,$40868,,,$59762,$42494,$30728,$7147,,,$57530,$20107
2024,6037434001,Census Tract 4340.01,El Monte,Los Angeles County,California,ElMonte,84102.0,9018.0,181336.0,21572.0,,,,,98000.0,29908.0,,,68693.0,25026.0,125885.0,53308.0,,,79821.0,19868.0,$84102,$9018,$181336,$21572,,,,,$98000,$29908,,,$68693,$25026,$125885,$53308,,,$79821,$19868
2024,6037434003,Census Tract 4340.03,El Monte,Los Angeles County,California,ElMonte,76930.0,9628.0,52000.0,29992.0,,,,,98047.0,43734.0,,,80577.0,20316.0,82596.0,27391.0,,,76542.0,8284.0,$76930,$9628,$52000,$29992,,,,,$98047,$43734,,,$80577,$20316,$82596,$27391,,,$76542,$8284
