YEAR,GEO_ID,TRACT,CITY,COUNTY,STATE,ABBREV_NAME,B19013_001E,B19013_001M,B19013A_001E,B19013A_001M,B19013B_001E,B19013B_001M,B19013C_001E,B19013C_001M,B19013D_001E,B19013D_001M,B19013E_001E,B19013E_001M,B19013F_001E,B19013F_001M,B19013G_001E,B19013G_001M,B19013H_001E,B19013H_001M,B19013I_001E,B19013I_001M,B19013_001E_string,B19013_001M_string,B19013A_001E_string,B19013A_001M_string,B19013B_001E_string,B19013B_001M_string,B19013C_001E_string,B19013C_001M_string,B19013D_001E_string,B19013D_001M_string,B19013E_001E_string,B19013E_001M_string,B19013F_001E_string,B19013F_001M_string,B19013G_001E_string,B19013G_001M_string,B19013H_001E_string,B19013H_001M_string,B19013I_001E_string,B19013I_001M_string
2010,6037181000,Census Tract 1810,Glendale,Los Angeles County,California,Glendale,98809.0,9639.0,123485.0,44363.0,,,161742.0,427711.0,101461.0,17216.0,,,79347.0,21016.0,42985.0,22453.0,141479.0,18405.0,77490.0,15133.0,$98809,$9639,$123485,$44363,,,$161742,$427711,$101461,$17216,,,$79347,$21016,$42985,$22453,$141479,$18405,$77490,$15133
2010,6037188100,Census Tract 1881,Glendale,Los Angeles County,California,Glendale,66178.0,10621.0,59081.0,18325.0,3614.0,,,,93909.0,60740.0,,,82996.0,19170.0,151944.0,139865.0,63222.0,7099.0,62203.0,21048.0,$66178,$10621,$59081,$18325,$3614,,,,$93909,$60740,,,$82996,$19170,$151944,$139865,$63222,$7099,$62203,$21048
2010,6037300301,Census Tract 3003.01,Glendale,Los Angeles County,California,Glendale,153035.0,22387.0,153535.0,16869.0,,,,,140619.0,83675.0,,,,,,,152748.0,21773.0,162266.0,68693.0,$153035,$22387,$153535,$16869,,,,,$140619,$83675,,,,,,,$152748,$21773,$162266,$68693
2010,6037300400,Census Tract 3004,Glendale,Los Angeles County,California,Glendale,126810.0,13391.0,118832.0,14198.0,,,,,155998.0,35837.0,,,124285.0,111181.0,147033.0,151327.0,116120.0,13110.0,159830.0,54475.0,$126810,$13391,$118832,$14198,,,,,$155998,$35837,,,$124285,$111181,$147033,$151327,$116120,$13110,$159830,$54475
2010,6037300501,Census Tract 3005.01,Glendale,Los Angeles County,California,Glendale,99047.0,18176.0,113890.0,18140.0,,,,,98624.0,30285.0,,,37678.0,51720.0,268755.0,153798.0,120289.0,16274.0,50068.0,28535.0,$99047,$18176,$113890,$18140,,,,,$98624,$30285,,,$37678,$51720,$268755,$153798,$120289,$16274,$50068,$28535
2010,6037300502,Census Tract 3005.02,Glendale,Los Angeles County,California,Glendale,97461.0,19981.0,94328.0,19002.0,124736.0,63436.0,95296.0,11642.0,115939.0,51990.0,,,127703.0,66756.0,156034.0,170803.0,93935.0,22603.0,126776.0,88775.0,$97461,$19981,$94328,$19002,$124736,$63436,$95296,$11642,$115939,$51990,,,$127703,$66756,$156034,$170803,$93935,$22603,$126776,$88775
2010,6037300600,Census Tract 3006,Glendale,Los Angeles County,California,Glendale,98077.0,18526.0,98099.0,22490.0,133775.0,57847.0,,,101959.0,38270.0,,,101794.0,30414.0,35599.0,177101.0,97957.0,23494.0,101532.0,28603.0,$98077,$18526,$98099,$22490,$133775,$57847,,,$101959,$38270,,,$101794,$30414,$35599,$177101,$97957,$23494,$101532,$28603
2010,6037300701,Census Tract 3007.01,Glendale,Los Angeles County,California,Glendale,178335.0,38971.0,179849.0,29367.0,,,,,129256.0,423268.0,,,214083.0,270294.0,144942.0,166597.0,185839.0,24093.0,75927.0,169692.0,$178335,$38971,$179849,$29367,,,,,$129256,$423268,,,$214083,$270294,$144942,$166597,$185839,$24093,$75927,$169692
2010,6037300702,Census Tract 3007.02,Glendale,Los Angeles County,California,Glendale,221581.0,53679.0,246287.0,64487.0,,,,,177301.0,190357.0,,,,,,,246255.0,73929.0,207171.0,200664.0,$221581,$53679,$246287,$64487,,,,,$177301,$190357,,,,,,,$246255,$73929,$207171,$200664
2010,6037300800,Census Tract 3008,Glendale,Los Angeles County,California,Glendale,110174.0,15762.0,113589.0,12737.0,68609.0,83774.0,,,85425.0,35748.0,,,122929.0,171279.0,,,116006.0,14898.0,94707.0,70007.0,$110174,$15762,$113589,$12737,$68609,$83774,,,$85425,$35748,,,$122929,$171279,,,$116006,$14898,$94707,$70007
2010,6037300901,Census Tract 3009.01,Glendale,Los Angeles County,California,Glendale,145887.0,49816.0,169235.0,49711.0,,,,,172342.0,60793.0,53974.0,68934.0,84996.0,21381.0,,,174716.0,40676.0,85946.0,17653.0,$145887,$49816,$169235,$49711,,,,,$172342,$60793,$53974,$68934,$84996,$21381,,,$174716,$40676,$85946,$17653
2010,6037300902,Census Tract 3009.02,Glendale,Los Angeles County,California,Glendale,156319.0,13359.0,158606.0,17456.0,,,,,99215.0,158306.0,,,145882.0,76564.0,,,156266.0,10997.0,177388.0,70743.0,$156319,$13359,$158606,$17456,,,,,$99215,$158306,,,$145882,$76564,,,$156266,$10997,$177388,$70743
2010,6037301000,Census Tract 3010,Glendale,Los Angeles County,California,Glendale,86734.0,22460.0,83026.0,21225.0,26875.0,64115.0,,,115998.0,101551.0,,,101688.0,141155.0,3614.0,,93423.0,30086.0,55828.0,51133.0,$86734,$22460,$83026,$21225,$26875,$64115,,,$115998,$101551,,,$101688,$141155,$3614,,$93423,$30086,$55828,$51133
2010,6037301100,Census Tract 3011,Glendale,Los Angeles County,California,Glendale,92387.0,19404.0,71095.0,18383.0,,,182360.0,298461.0,125244.0,88658.0,,,107075.0,183903.0,125640.0,111404.0,69070.0,12442.0,111178.0,83116.0,$92387,$19404,$71095,$18383,,,$182360,$298461,$125244,$88658,,,$107075,$183903,$125640,$111404,$69070,$12442,$111178,$83116
2010,6037301203,Census Tract 3012.03,Glendale,Los Angeles County,California,Glendale,98431.0,7523.0,98976.0,12368.0,,,,,99215.0,17123.0,,,70813.0,38240.0,,,98697.0,13531.0,88739.0,27673.0,$98431,$7523,$98976,$12368,,,,,$99215,$17123,,,$70813,$38240,,,$98697,$13531,$88739,$27673
2010,6037301204,Census Tract 3012.04,Glendale,Los Angeles County,California,Glendale,83519.0,12847.0,65019.0,16960.0,92811.0,3950.0,79140.0,690125.0,125821.0,24171.0,,,173617.0,139427.0,152215.0,134749.0,62996.0,19151.0,124736.0,34145.0,$83519,$12847,$65019,$16960,$92811,$3950,$79140,$690125,$125821,$24171,,,$173617,$139427,$152215,$134749,$62996,$19151,$124736,$34145
2010,6037301205,Census Tract 3012.05,Glendale,Los Angeles County,California,Glendale,153826.0,30737.0,149224.0,41232.0,,,,,223042.0,32449.0,,,,,148388.0,97947.0,149224.0,41524.0,151703.0,178336.0,$153826,$30737,$149224,$41232,,,,,$223042,$32449,,,,,$148388,$97947,$149224,$41524,$151703,$178336
2010,6037301206,Census Tract 3012.06,Glendale,Los Angeles County,California,Glendale,73264.0,20483.0,68315.0,14646.0,,,,,89951.0,54190.0,,,138860.0,47409.0,184635.0,325903.0,66416.0,20732.0,97439.0,56034.0,$73264,$20483,$68315,$14646,,,,,$89951,$54190,,,$138860,$47409,$184635,$325903,$66416,$20732,$97439,$56034
2010,6037301300,Census Tract 3013,Glendale,Los Angeles County,California,Glendale,168451.0,38558.0,180912.0,44231.0,,,,,182257.0,67248.0,,,109310.0,143883.0,,,171739.0,44549.0,143040.0,182423.0,$168451,$38558,$180912,$44231,,,,,$182257,$67248,,,$109310,$143883,,,$171739,$44549,$143040,$182423
2010,6037301400,Census Tract 3014,Glendale,Los Angeles County,California,Glendale,142492.0,19488.0,142233.0,18484.0,,,,,118862.0,112124.0,,,,,,,141329.0,23264.0,169027.0,40232.0,$142492,$19488,$142233,$18484,,,,,$118862,$112124,,,,,,,$141329,$23264,$169027,$40232
2010,6037301501,Census Tract 3015.01,Glendale,Los Angeles County,California,Glendale,106527.0,20110.0,100764.0,13223.0,,,,,129743.0,153043.0,,,,,130612.0,17136.0,99663.0,15616.0,131587.0,26874.0,$106527,$20110,$100764,$13223,,,,,$129743,$153043,,,,,$130612,$17136,$99663,$15616,$131587,$26874
2010,6037301502,Census Tract 3015.02,Glendale,Los Angeles County,California,Glendale,63376.0,2824.0,60083.0,5843.0,210506.0,202017.0,,,104358.0,43643.0,,,86015.0,8935.0,55590.0,42298.0,60245.0,6995.0,78430.0,26702.0,$63376,$2824,$60083,$5843,$210506,$202017,,,$104358,$43643,,,$86015,$8935,$55590,$42298,$60245,$6995,$78430,$26702
2010,6037301601,Census Tract 3016.01,Glendale,Los Angeles County,California,Glendale,62283.0,10045.0,57159.0,9202.0,63939.0,52421.0,,,73516.0,27413.0,,,71949.0,19336.0,,,56601.0,11482.0,69223.0,15362.0,$62283,$10045,$57159,$9202,$63939,$52421,,,$73516,$27413,,,$71949,$19336,,,$56601,$11482,$69223,$15362
2010,6037301602,Census Tract 3016.02,Glendale,Los Angeles County,California,Glendale,79834.0,12720.0,88925.0,14789.0,48448.0,163805.0,,,112383.0,30125.0,,,52425.0,18619.0,166677.0,156902.0,88581.0,16445.0,63190.0,16608.0,$79834,$12720,$88925,$14789,$48448,$163805,,,$112383,$30125,,,$52425,$18619,$166677,$156902,$88581,$16445,$63190,$16608
2010,6037301701,Census Tract 3017.01,Glendale,Los Angeles County,California,Glendale,91552.0,19580.0,81304.0,10970.0,,,,,108184.0,126974.0,,,130702.0,139661.0,,,81327.0,9784.0,120759.0,97414.0,$91552,$19580,$81304,$10970,,,,,$108184,$126974,,,$130702,$139661,,,$81327,$9784,$120759,$97414
2010,6037301702,Census Tract 3017.02,Glendale,Los Angeles County,California,Glendale,70078.0,13247.0,66517.0,14332.0,,,,,103804.0,18418.0,,,48132.0,18167.0,,,62225.0,16522.0,84190.0,29370.0,$70078,$13247,$66517,$14332,,,,,$103804,$18418,,,$48132,$18167,,,$62225,$16522,$84190,$29370
2010,6037301801,Census Tract 3018.01,Glendale,Los Angeles County,California,Glendale,67641.0,12667.0,67238.0,13787.0,109642.0,7179.0,,,59318.0,23484.0,,,80385.0,66241.0,42217.0,68318.0,70547.0,14652.0,45044.0,11432.0,$67641,$12667,$67238,$13787,$109642,$7179,,,$59318,$23484,,,$80385,$66241,$42217,$68318,$70547,$14652,$45044,$11432
2010,6037301802,Census Tract 3018.02,Glendale,Los Angeles County,California,Glendale,45229.0,6181.0,45218.0,12056.0,20056.0,628.0,54233.0,77656.0,138489.0,98803.0,,,44743.0,12980.0,17819.0,176031.0,51841.0,15467.0,25271.0,36164.0,$45229,$6181,$45218,$12056,$20056,$628,$54233,$77656,$138489,$98803,,,$44743,$12980,$17819,$176031,$51841,$15467,$25271,$36164
2010,6037301900,Census Tract 3019,Glendale,Los Angeles County,California,Glendale,74780.0,16678.0,67468.0,14157.0,35039.0,50848.0,,,109671.0,31263.0,,,109516.0,54695.0,57246.0,3744.0,67290.0,13126.0,81628.0,33859.0,$74780,$16678,$67468,$14157,$35039,$50848,,,$109671,$31263,,,$109516,$54695,$57246,$3744,$67290,$13126,$81628,$33859
2010,6037302002,Census Tract 3020.02,Glendale,Los Angeles County,California,Glendale,60215.0,11370.0,58407.0,6832.0,28605.0,101274.0,,,86371.0,60637.0,,,61665.0,60576.0,70865.0,34047.0,59580.0,5627.0,43567.0,33733.0,$60215,$11370,$58407,$6832,$28605,$101274,,,$86371,$60637,,,$61665,$60576,$70865,$34047,$59580,$5627,$43567,$33733
2010,6037302003,Census Tract 3020.03,Glendale,Los Angeles County,California,Glendale,68990.0,4894.0,65567.0,37150.0,77734.0,56277.0,,,71997.0,61584.0,,,,,,,66635.0,30800.0,21164.0,93017.0,$68990,$4894,$65567,$37150,$77734,$56277,,,$71997,$61584,,,,,,,$66635,$30800,$21164,$93017
2010,6037302004,Census Tract 3020.04,Glendale,Los Angeles County,California,Glendale,65833.0,10401.0,62497.0,18377.0,94004.0,260895.0,,,71320.0,11558.0,,,58790.0,5423.0,,,53963.0,22477.0,66587.0,35291.0,$65833,$10401,$62497,$18377,$94004,$260895,,,$71320,$11558,,,$58790,$5423,,,$53963,$22477,$66587,$35291
2010,6037302102,Census Tract 3021.02,Glendale,Los Angeles County,California,Glendale,68101.0,14530.0,67491.0,21003.0,159223.0,212453.0,,,65496.0,23488.0,,,89624.0,107162.0,32089.0,322128.0,67188.0,26288.0,77859.0,27169.0,$68101,$14530,$67491,$21003,$159223,$212453,,,$65496,$23488,,,$89624,$107162,$32089,$322128,$67188,$26288,$77859,$27169
2010,6037302103,Census Tract 3021.03,Glendale,Los Angeles County,California,Glendale,54011.0,9033.0,51112.0,12503.0,81936.0,54654.0,,,85952.0,33210.0,,,48629.0,43269.0,20639.0,56450.0,48810.0,15388.0,49834.0,20525.0,$54011,$9033,$51112,$12503,$81936,$54654,,,$85952,$33210,,,$48629,$43269,$20639,$56450,$48810,$15388,$49834,$20525
2010,6037302104,Census Tract 3021.04,Glendale,Los Angeles County,California,Glendale,65699.0,13965.0,56651.0,13432.0,,,,,82057.0,43128.0,,,58871.0,29117.0,,,54595.0,19738.0,60368.0,21351.0,$65699,$13965,$56651,$13432,,,,,$82057,$43128,,,$58871,$29117,,,$54595,$19738,$60368,$21351
2010,6037302201,Census Tract 3022.01,Glendale,Los Angeles County,California,Glendale,27297.0,12550.0,21064.0,7097.0,,,,,48139.0,8322.0,,,,,68092.0,36064.0,21379.0,6951.0,40429.0,49089.0,$27297,$12550,$21064,$7097,,,,,$48139,$8322,,,,,$68092,$36064,$21379,$6951,$40429,$49089
2010,6037302202,Census Tract 3022.02,Glendale,Los Angeles County,California,Glendale,52684.0,12096.0,42688.0,8336.0,32152.0,58588.0,,,100249.0,32297.0,,,72673.0,28741.0,97801.0,110730.0,36594.0,9829.0,63648.0,16678.0,$52684,$12096,$42688,$8336,$32152,$58588,,,$100249,$32297,,,$72673,$28741,$97801,$110730,$36594,$9829,$63648,$16678
2010,6037302301,Census Tract 3023.01,Glendale,Los Angeles County,California,Glendale,64954.0,15780.0,63020.0,14569.0,211510.0,121430.0,,,50495.0,34620.0,,,67972.0,55144.0,74923.0,161077.0,62911.0,20396.0,67731.0,16867.0,$64954,$15780,$63020,$14569,$211510,$121430,,,$50495,$34620,,,$67972,$55144,$74923,$161077,$62911,$20396,$67731,$16867
2010,6037302302,Census Tract 3023.02,Glendale,Los Angeles County,California,Glendale,58780.0,9976.0,48736.0,15217.0,59748.0,7153.0,,,82001.0,20831.0,,,48645.0,27762.0,100232.0,69873.0,44635.0,12683.0,66315.0,4060.0,$58780,$9976,$48736,$15217,$59748,$7153,,,$82001,$20831,,,$48645,$27762,$100232,$69873,$44635,$12683,$66315,$4060
2010,6037302401,Census Tract 3024.01,Glendale,Los Angeles County,California,Glendale,44755.0,12787.0,38867.0,9863.0,60673.0,16701.0,,,74722.0,39558.0,,,26732.0,15359.0,,,38989.0,20390.0,33221.0,14524.0,$44755,$12787,$38867,$9863,$60673,$16701,,,$74722,$39558,,,$26732,$15359,,,$38989,$20390,$33221,$14524
2010,6037302503,Census Tract 3025.03,Glendale,Los Angeles County,California,Glendale,40666.0,8193.0,35093.0,11868.0,,,,,80446.0,25727.0,,,31536.0,7781.0,,,34526.0,15872.0,36879.0,12025.0,$40666,$8193,$35093,$11868,,,,,$80446,$25727,,,$31536,$7781,,,$34526,$15872,$36879,$12025
2010,6037302504,Census Tract 3025.04,Glendale,Los Angeles County,California,Glendale,43387.0,11296.0,36922.0,12477.0,29418.0,42055.0,,,148418.0,169942.0,,,48016.0,19667.0,,,31089.0,16616.0,44936.0,10323.0,$43387,$11296,$36922,$12477,$29418,$42055,,,$148418,$169942,,,$48016,$19667,,,$31089,$16616,$44936,$10323
2010,6037302505,Census Tract 3025.05,Glendale,Los Angeles County,California,Glendale,41073.0,10332.0,36572.0,19699.0,42013.0,53805.0,,,109696.0,75015.0,,,34951.0,19149.0,51325.0,7474.0,26514.0,18671.0,43502.0,10134.0,$41073,$10332,$36572,$19699,$42013,$53805,,,$109696,$75015,,,$34951,$19149,$51325,$7474,$26514,$18671,$43502,$10134
2010,6037302506,Census Tract 3025.06,Glendale,Los Angeles County,California,Glendale,82997.0,14785.0,85707.0,20262.0,,,,,120418.0,169328.0,,,53749.0,36802.0,,,105140.0,46126.0,63327.0,32585.0,$82997,$14785,$85707,$20262,,,,,$120418,$169328,,,$53749,$36802,,,$105140,$46126,$63327,$32585
2010,6037460700,Census Tract 4607,Glendale,Los Angeles County,California,Glendale,279792.0,36824.0,323742.0,54741.0,,,,,140805.0,101639.0,,,,,198855.0,234538.0,311841.0,51133.0,330687.0,33999.0,$279792,$36824,$323742,$54741,,,,,$140805,$101639,,,,,$198855,$234538,$311841,$51133,$330687,$33999
2010,6037930101,Census Tract 9301.01,Glendale,Los Angeles County,California,Glendale,217656.0,117611.0,218982.0,224543.0,,,,,,,,,,,,,218982.0,224962.0,,,$217656,$117611,$218982,$224543,,,,,,,,,,,,,$218982,$224962,,
2011,6037181000,Census Tract 1810,Glendale,Los Angeles County,California,Glendale,96514.0,10650.0,114008.0,55046.0,,,160824.0,468087.0,100678.0,17680.0,,,79985.0,24103.0,47301.0,19958.0,142285.0,14424.0,78251.0,13101.0,$96514,$10650,$114008,$55046,,,$160824,$468087,$100678,$17680,,,$79985,$24103,$47301,$19958,$142285,$14424,$78251,$13101
2011,6037188100,Census Tract 1881,Glendale,Los Angeles County,California,Glendale,66380.0,11762.0,60993.0,6824.0,42849.0,44023.0,,,99128.0,22430.0,,,80760.0,55294.0,100873.0,88416.0,63235.0,14179.0,60104.0,20304.0,$66380,$11762,$60993,$6824,$42849,$44023,,,$99128,$22430,,,$80760,$55294,$100873,$88416,$63235,$14179,$60104,$20304
2011,6037300301,Census Tract 3003.01,Glendale,Los Angeles County,California,Glendale,138962.0,24926.0,141356.0,32769.0,,,,,137279.0,67780.0,,,,,,,141137.0,36280.0,157989.0,118242.0,$138962,$24926,$141356,$32769,,,,,$137279,$67780,,,,,,,$141137,$36280,$157989,$118242
2011,6037300400,Census Tract 3004,Glendale,Los Angeles County,California,Glendale,126658.0,14014.0,126305.0,15534.0,,,,,136815.0,54329.0,,,76847.0,135474.0,101494.0,113736.0,122633.0,14741.0,158923.0,73350.0,$126658,$14014,$126305,$15534,,,,,$136815,$54329,,,$76847,$135474,$101494,$113736,$122633,$14741,$158923,$73350
2011,6037300501,Census Tract 3005.01,Glendale,Los Angeles County,California,Glendale,103406.0,15170.0,99392.0,29635.0,,,,,126575.0,51992.0,,,31097.0,212147.0,270418.0,114148.0,106241.0,22932.0,48907.0,24109.0,$103406,$15170,$99392,$29635,,,,,$126575,$51992,,,$31097,$212147,$270418,$114148,$106241,$22932,$48907,$24109
2011,6037300502,Census Tract 3005.02,Glendale,Los Angeles County,California,Glendale,94782.0,13187.0,86858.0,9846.0,124385.0,61437.0,,,126470.0,57525.0,,,83627.0,87836.0,154557.0,177187.0,86526.0,11240.0,83240.0,48865.0,$94782,$13187,$86858,$9846,$124385,$61437,,,$126470,$57525,,,$83627,$87836,$154557,$177187,$86526,$11240,$83240,$48865
2011,6037300600,Census Tract 3006,Glendale,Los Angeles County,California,Glendale,101359.0,9759.0,100176.0,14137.0,104413.0,75343.0,,,103801.0,40950.0,,,,,43943.0,90139.0,100059.0,15756.0,103338.0,3540.0,$101359,$9759,$100176,$14137,$104413,$75343,,,$103801,$40950,,,,,$43943,$90139,$100059,$15756,$103338,$3540
2011,6037300701,Census Tract 3007.01,Glendale,Los Angeles County,California,Glendale,149858.0,51177.0,155529.0,52410.0,,,,,129360.0,560672.0,,,65923.0,260387.0,144068.0,157497.0,170758.0,49828.0,66412.0,101612.0,$149858,$51177,$155529,$52410,,,,,$129360,$560672,,,$65923,$260387,$144068,$157497,$170758,$49828,$66412,$101612
2011,6037300702,Census Tract 3007.02,Glendale,Los Angeles County,California,Glendale,233182.0,46765.0,234351.0,41833.0,,,,,180028.0,355462.0,,,,,,,234575.0,41862.0,209680.0,305428.0,$233182,$46765,$234351,$41833,,,,,$180028,$355462,,,,,,,$234575,$41862,$209680,$305428
2011,6037300800,Census Tract 3008,Glendale,Los Angeles County,California,Glendale,107267.0,22409.0,111342.0,21963.0,315451.0,435968.0,,,86652.0,42944.0,,,76275.0,127882.0,,,111798.0,21904.0,95187.0,47022.0,$107267,$22409,$111342,$21963,$315451,$435968,,,$86652,$42944,,,$76275,$127882,,,$111798,$21904,$95187,$47022
2011,6037300901,Census Tract 3009.01,Glendale,Los Angeles County,California,Glendale,167461.0,37740.0,159172.0,45380.0,,,,,182615.0,39492.0,52397.0,71018.0,31034.0,123569.0,,,171336.0,44317.0,95729.0,33069.0,$167461,$37740,$159172,$45380,,,,,$182615,$39492,$52397,$71018,$31034,$123569,,,$171336,$44317,$95729,$33069
2011,6037300902,Census Tract 3009.02,Glendale,Los Angeles County,California,Glendale,158047.0,28773.0,165964.0,27276.0,,,,,96354.0,127238.0,,,144921.0,52457.0,,,156269.0,34574.0,180446.0,73826.0,$158047,$28773,$165964,$27276,,,,,$96354,$127238,,,$144921,$52457,,,$156269,$34574,$180446,$73826
2011,6037301000,Census Tract 3010,Glendale,Los Angeles County,California,Glendale,79643.0,18755.0,77152.0,15261.0,24651.0,2838.0,,,118566.0,180384.0,,,88793.0,82160.0,3502.0,,78600.0,22740.0,41520.0,71618.0,$79643,$18755,$77152,$15261,$24651,$2838,,,$118566,$180384,,,$88793,$82160,$3502,,$78600,$22740,$41520,$71618
2011,6037301100,Census Tract 3011,Glendale,Los Angeles County,California,Glendale,99364.0,10475.0,87082.0,18981.0,,,,,126721.0,51699.0,,,106281.0,270139.0,162086.0,82045.0,77008.0,20635.0,122961.0,52121.0,$99364,$10475,$87082,$18981,,,,,$126721,$51699,,,$106281,$270139,$162086,$82045,$77008,$20635,$122961,$52121
2011,6037301203,Census Tract 3012.03,Glendale,Los Angeles County,California,Glendale,89302.0,11540.0,87854.0,14286.0,,,,,96195.0,17766.0,,,9927.0,211499.0,,,84091.0,18822.0,89347.0,42673.0,$89302,$11540,$87854,$14286,,,,,$96195,$17766,,,$9927,$211499,,,$84091,$18822,$89347,$42673
2011,6037301204,Census Tract 3012.04,Glendale,Los Angeles County,California,Glendale,87896.0,11868.0,64860.0,20050.0,94544.0,101839.0,,,130149.0,14157.0,,,175256.0,147814.0,83654.0,125932.0,55360.0,26918.0,110504.0,36156.0,$87896,$11868,$64860,$20050,$94544,$101839,,,$130149,$14157,,,$175256,$147814,$83654,$125932,$55360,$26918,$110504,$36156
2011,6037301205,Census Tract 3012.05,Glendale,Los Angeles County,California,Glendale,130022.0,47034.0,116377.0,42382.0,,,,,199717.0,71763.0,,,,,105844.0,57695.0,113396.0,52051.0,115750.0,123666.0,$130022,$47034,$116377,$42382,,,,,$199717,$71763,,,,,$105844,$57695,$113396,$52051,$115750,$123666
2011,6037301206,Census Tract 3012.06,Glendale,Los Angeles County,California,Glendale,72367.0,26011.0,68324.0,22409.0,,,,,86594.0,71629.0,,,173278.0,68468.0,82144.0,193033.0,68164.0,25492.0,120881.0,62925.0,$72367,$26011,$68324,$22409,,,,,$86594,$71629,,,$173278,$68468,$82144,$193033,$68164,$25492,$120881,$62925
2011,6037301300,Census Tract 3013,Glendale,Los Angeles County,California,Glendale,185281.0,38678.0,186286.0,42687.0,,,,,180985.0,53059.0,,,,,,,183459.0,37789.0,302703.0,106947.0,$185281,$38678,$186286,$42687,,,,,$180985,$53059,,,,,,,$183459,$37789,$302703,$106947
2011,6037301400,Census Tract 3014,Glendale,Los Angeles County,California,Glendale,147366.0,19586.0,144850.0,29861.0,,,,,235755.0,71138.0,,,,,,,142877.0,35486.0,167214.0,37356.0,$147366,$19586,$144850,$29861,,,,,$235755,$71138,,,,,,,$142877,$35486,$167214,$37356
2011,6037301501,Census Tract 3015.01,Glendale,Los Angeles County,California,Glendale,106070.0,47806.0,100574.0,40560.0,,,,,180446.0,141184.0,,,,,131003.0,26838.0,99062.0,25561.0,141729.0,14476.0,$106070,$47806,$100574,$40560,,,,,$180446,$141184,,,,,$131003,$26838,$99062,$25561,$141729,$14476
2011,6037301502,Census Tract 3015.02,Glendale,Los Angeles County,California,Glendale,59671.0,4580.0,54181.0,12530.0,,,,,114427.0,53639.0,,,89451.0,180718.0,53671.0,40344.0,51443.0,14405.0,58778.0,45954.0,$59671,$4580,$54181,$12530,,,,,$114427,$53639,,,$89451,$180718,$53671,$40344,$51443,$14405,$58778,$45954
2011,6037301601,Census Tract 3016.01,Glendale,Los Angeles County,California,Glendale,52037.0,14780.0,49876.0,16926.0,62141.0,57975.0,,,51622.0,57261.0,,,37264.0,55206.0,,,46097.0,17673.0,56919.0,28350.0,$52037,$14780,$49876,$16926,$62141,$57975,,,$51622,$57261,,,$37264,$55206,,,$46097,$17673,$56919,$28350
2011,6037301602,Census Tract 3016.02,Glendale,Los Angeles County,California,Glendale,75937.0,13697.0,74362.0,20113.0,46075.0,155089.0,,,116993.0,16042.0,,,54114.0,32905.0,83654.0,156376.0,76140.0,14862.0,55492.0,26109.0,$75937,$13697,$74362,$20113,$46075,$155089,,,$116993,$16042,,,$54114,$32905,$83654,$156376,$76140,$14862,$55492,$26109
2011,6037301701,Census Tract 3017.01,Glendale,Los Angeles County,California,Glendale,79804.0,8782.0,77176.0,11471.0,,,,,157193.0,92000.0,,,54114.0,69553.0,90461.0,213864.0,76583.0,13520.0,78135.0,79124.0,$79804,$8782,$77176,$11471,,,,,$157193,$92000,,,$54114,$69553,$90461,$213864,$76583,$13520,$78135,$79124
2011,6037301702,Census Tract 3017.02,Glendale,Los Angeles County,California,Glendale,63622.0,15907.0,57553.0,18329.0,,,,,101720.0,17972.0,,,48919.0,19108.0,27641.0,42802.0,54257.0,19675.0,75332.0,44051.0,$63622,$15907,$57553,$18329,,,,,$101720,$17972,,,$48919,$19108,$27641,$42802,$54257,$19675,$75332,$44051
2011,6037301801,Census Tract 3018.01,Glendale,Los Angeles County,California,Glendale,58757.0,10144.0,57502.0,12841.0,109669.0,7127.0,,,58813.0,23557.0,,,44446.0,49908.0,88034.0,88143.0,61778.0,8263.0,42986.0,7885.0,$58757,$10144,$57502,$12841,$109669,$7127,,,$58813,$23557,,,$44446,$49908,$88034,$88143,$61778,$8263,$42986,$7885
2011,6037301802,Census Tract 3018.02,Glendale,Los Angeles County,California,Glendale,48523.0,11791.0,48116.0,16260.0,23156.0,48240.0,,,108472.0,97815.0,,,43754.0,7279.0,91878.0,138793.0,52120.0,14794.0,24130.0,26346.0,$48523,$11791,$48116,$16260,$23156,$48240,,,$108472,$97815,,,$43754,$7279,$91878,$138793,$52120,$14794,$24130,$26346
2011,6037301900,Census Tract 3019,Glendale,Los Angeles County,California,Glendale,73814.0,16335.0,66610.0,13086.0,37524.0,105972.0,,,107857.0,21896.0,,,110967.0,46076.0,60316.0,96291.0,67486.0,13107.0,88775.0,32847.0,$73814,$16335,$66610,$13086,$37524,$105972,,,$107857,$21896,,,$110967,$46076,$60316,$96291,$67486,$13107,$88775,$32847
2011,6037302002,Census Tract 3020.02,Glendale,Los Angeles County,California,Glendale,58132.0,12385.0,57324.0,5784.0,26756.0,91113.0,,,73420.0,75891.0,,,64024.0,75524.0,102389.0,79449.0,57930.0,9200.0,43097.0,53291.0,$58132,$12385,$57324,$5784,$26756,$91113,,,$73420,$75891,,,$64024,$75524,$102389,$79449,$57930,$9200,$43097,$53291
2011,6037302003,Census Tract 3020.03,Glendale,Los Angeles County,California,Glendale,48686.0,41669.0,45873.0,21816.0,73948.0,105867.0,,,69733.0,63736.0,,,,,,,46393.0,25816.0,20515.0,102811.0,$48686,$41669,$45873,$21816,$73948,$105867,,,$69733,$63736,,,,,,,$46393,$25816,$20515,$102811
2011,6037302004,Census Tract 3020.04,Glendale,Los Angeles County,California,Glendale,58839.0,12656.0,49638.0,12296.0,176285.0,226844.0,,,77360.0,24044.0,,,58819.0,29337.0,,,43964.0,10247.0,65864.0,65717.0,$58839,$12656,$49638,$12296,$176285,$226844,,,$77360,$24044,,,$58819,$29337,,,$43964,$10247,$65864,$65717
2011,6037302102,Census Tract 3021.02,Glendale,Los Angeles County,California,Glendale,61563.0,10169.0,56295.0,15013.0,82339.0,84764.0,,,65054.0,17157.0,,,89347.0,57106.0,52153.0,103672.0,52907.0,15155.0,99975.0,45975.0,$61563,$10169,$56295,$15013,$82339,$84764,,,$65054,$17157,,,$89347,$57106,$52153,$103672,$52907,$15155,$99975,$45975
2011,6037302103,Census Tract 3021.03,Glendale,Los Angeles County,California,Glendale,53818.0,8984.0,48110.0,13205.0,131918.0,43827.0,,,101610.0,28249.0,,,61137.0,7066.0,20252.0,64375.0,44345.0,9783.0,94915.0,65395.0,$53818,$8984,$48110,$13205,$131918,$43827,,,$101610,$28249,,,$61137,$7066,$20252,$64375,$44345,$9783,$94915,$65395
2011,6037302104,Census Tract 3021.04,Glendale,Los Angeles County,California,Glendale,61629.0,14063.0,56861.0,16440.0,,,,,83863.0,50408.0,,,56459.0,16448.0,75222.0,15316.0,47254.0,12038.0,59752.0,7729.0,$61629,$14063,$56861,$16440,,,,,$83863,$50408,,,$56459,$16448,$75222,$15316,$47254,$12038,$59752,$7729
2011,6037302201,Census Tract 3022.01,Glendale,Los Angeles County,California,Glendale,30040.0,19669.0,23572.0,7889.0,,,,,49167.0,16028.0,,,,,64602.0,23544.0,22843.0,7484.0,53097.0,36888.0,$30040,$19669,$23572,$7889,,,,,$49167,$16028,,,,,$64602,$23544,$22843,$7484,$53097,$36888
2011,6037302202,Census Tract 3022.02,Glendale,Los Angeles County,California,Glendale,49908.0,8800.0,41555.0,6699.0,30172.0,50749.0,,,108986.0,28901.0,,,51856.0,69238.0,97931.0,65926.0,36945.0,7169.0,52202.0,18239.0,$49908,$8800,$41555,$6699,$30172,$50749,,,$108986,$28901,,,$51856,$69238,$97931,$65926,$36945,$7169,$52202,$18239
2011,6037302301,Census Tract 3023.01,Glendale,Los Angeles County,California,Glendale,66366.0,7591.0,65949.0,11202.0,211523.0,162225.0,,,51618.0,32455.0,,,63877.0,24437.0,161587.0,201951.0,65974.0,21620.0,65378.0,10018.0,$66366,$7591,$65949,$11202,$211523,$162225,,,$51618,$32455,,,$63877,$24437,$161587,$201951,$65974,$21620,$65378,$10018
2011,6037302302,Census Tract 3023.02,Glendale,Los Angeles County,California,Glendale,53659.0,10033.0,43034.0,6555.0,57329.0,10101.0,,,84016.0,31213.0,,,56937.0,23485.0,98607.0,175327.0,36882.0,8255.0,68105.0,4483.0,$53659,$10033,$43034,$6555,$57329,$10101,,,$84016,$31213,,,$56937,$23485,$98607,$175327,$36882,$8255,$68105,$4483
2011,6037302401,Census Tract 3024.01,Glendale,Los Angeles County,California,Glendale,54927.0,11687.0,50571.0,19620.0,61667.0,117669.0,,,87902.0,29281.0,,,24018.0,73648.0,,,39179.0,20661.0,59615.0,9404.0,$54927,$11687,$50571,$19620,$61667,$117669,,,$87902,$29281,,,$24018,$73648,,,$39179,$20661,$59615,$9404
2011,6037302503,Census Tract 3025.03,Glendale,Los Angeles County,California,Glendale,40336.0,9096.0,38231.0,16052.0,,,,,61182.0,34741.0,,,30033.0,1142.0,81505.0,59651.0,38026.0,20084.0,31360.0,15951.0,$40336,$9096,$38231,$16052,,,,,$61182,$34741,,,$30033,$1142,$81505,$59651,$38026,$20084,$31360,$15951
2011,6037302504,Census Tract 3025.04,Glendale,Los Angeles County,California,Glendale,47534.0,10402.0,38952.0,9795.0,6657.0,45338.0,,,141709.0,128187.0,,,57958.0,33802.0,,,37173.0,14203.0,48919.0,34075.0,$47534,$10402,$38952,$9795,$6657,$45338,,,$141709,$128187,,,$57958,$33802,,,$37173,$14203,$48919,$34075
2011,6037302505,Census Tract 3025.05,Glendale,Los Angeles County,California,Glendale,36605.0,8946.0,32622.0,5825.0,70806.0,51196.0,,,90632.0,50117.0,,,29967.0,63508.0,50514.0,127704.0,24033.0,5627.0,43408.0,27401.0,$36605,$8946,$32622,$5825,$70806,$51196,,,$90632,$50117,,,$29967,$63508,$50514,$127704,$24033,$5627,$43408,$27401
2011,6037302506,Census Tract 3025.06,Glendale,Los Angeles County,California,Glendale,76376.0,21630.0,76487.0,21902.0,,,,,119239.0,183186.0,,,91336.0,85547.0,,,79319.0,57318.0,71161.0,31688.0,$76376,$21630,$76487,$21902,,,,,$119239,$183186,,,$91336,$85547,,,$79319,$57318,$71161,$31688
2011,6037460700,Census Tract 4607,Glendale,Los Angeles County,California,Glendale,261671.0,31484.0,284118.0,24134.0,,,,,186900.0,127201.0,,,,,125991.0,301806.0,279456.0,30859.0,327197.0,49226.0,$261671,$31484,$284118,$24134,,,,,$186900,$127201,,,,,$125991,$301806,$279456,$30859,$327197,$49226
2011,6037930101,Census Tract 9301.01,Glendale,Los Angeles County,California,Glendale,163627.0,159808.0,217784.0,165993.0,,,,,,,,,,,,,217784.0,166024.0,,,$163627,$159808,$217784,$165993,,,,,,,,,,,,,$217784,$166024,,
2012,6037181000,Census Tract 1810,Glendale,Los Angeles County,California,Glendale,97522.0,7616.0,113858.0,42552.0,,,161256.0,493926.0,88469.0,24697.0,,,96478.0,3477.0,,,141302.0,24194.0,90255.0,34944.0,$97522,$7616,$113858,$42552,,,$161256,$493926,$88469,$24697,,,$96478,$3477,,,$141302,$24194,$90255,$34944
2012,6037188100,Census Tract 1881,Glendale,Los Angeles County,California,Glendale,69002.0,12004.0,63994.0,9658.0,42077.0,38171.0,99529.0,277203.0,90305.0,26965.0,,,43912.0,79239.0,84299.0,118631.0,70738.0,44139.0,50717.0,28497.0,$69002,$12004,$63994,$9658,$42077,$38171,$99529,$277203,$90305,$26965,,,$43912,$79239,$84299,$118631,$70738,$44139,$50717,$28497
2012,6037300301,Census Tract 3003.01,Glendale,Los Angeles County,California,Glendale,138356.0,14334.0,138529.0,26973.0,,,,,138810.0,45160.0,,,,,,,137827.0,26833.0,159278.0,187413.0,$138356,$14334,$138529,$26973,,,,,$138810,$45160,,,,,,,$137827,$26833,$159278,$187413
2012,6037300400,Census Tract 3004,Glendale,Los Angeles County,California,Glendale,112742.0,17253.0,122481.0,21195.0,,,,,75505.0,56670.0,,,78364.0,91634.0,67660.0,67803.0,116903.0,21721.0,131309.0,53923.0,$112742,$17253,$122481,$21195,,,,,$75505,$56670,,,$78364,$91634,$67660,$67803,$116903,$21721,$131309,$53923
2012,6037300501,Census Tract 3005.01,Glendale,Los Angeles County,California,Glendale,104677.0,12930.0,104868.0,37111.0,,,,,105584.0,33394.0,,,,,268041.0,248564.0,114032.0,30939.0,56271.0,37166.0,$104677,$12930,$104868,$37111,,,,,$105584,$33394,,,,,$268041,$248564,$114032,$30939,$56271,$37166
2012,6037300502,Census Tract 3005.02,Glendale,Los Angeles County,California,Glendale,93598.0,14793.0,83205.0,12806.0,144575.0,79513.0,,,137757.0,30207.0,,,79951.0,7678.0,70035.0,65520.0,84446.0,12510.0,54468.0,51063.0,$93598,$14793,$83205,$12806,$144575,$79513,,,$137757,$30207,,,$79951,$7678,$70035,$65520,$84446,$12510,$54468,$51063
2012,6037300600,Census Tract 3006,Glendale,Los Angeles County,California,Glendale,91420.0,15283.0,89876.0,19708.0,,,,,92116.0,40785.0,,,104158.0,11757.0,45937.0,84620.0,89375.0,19328.0,104114.0,9357.0,$91420,$15283,$89876,$19708,,,,,$92116,$40785,,,$104158,$11757,$45937,$84620,$89375,$19328,$104114,$9357
2012,6037300701,Census Tract 3007.01,Glendale,Los Angeles County,California,Glendale,155629.0,40244.0,156421.0,40849.0,,,,,126005.0,376703.0,,,217235.0,204203.0,,,170672.0,45675.0,128455.0,87960.0,$155629,$40244,$156421,$40849,,,,,$126005,$376703,,,$217235,$204203,,,$170672,$45675,$128455,$87960
2012,6037300702,Census Tract 3007.02,Glendale,Los Angeles County,California,Glendale,174849.0,55934.0,174389.0,61496.0,,,,,179537.0,317880.0,,,,,,,174053.0,57241.0,,,$174849,$55934,$174389,$61496,,,,,$179537,$317880,,,,,,,$174053,$57241,,
2012,6037300800,Census Tract 3008,Glendale,Los Angeles County,California,Glendale,114801.0,19693.0,113023.0,19085.0,312657.0,394628.0,,,85286.0,92633.0,,,,,,,112945.0,18570.0,169237.0,86549.0,$114801,$19693,$113023,$19085,$312657,$394628,,,$85286,$92633,,,,,,,$112945,$18570,$169237,$86549
2012,6037300901,Census Tract 3009.01,Glendale,Los Angeles County,California,Glendale,166839.0,23724.0,165627.0,33604.0,,,,,172323.0,47967.0,,,,,,,168360.0,34511.0,100648.0,46091.0,$166839,$23724,$165627,$33604,,,,,$172323,$47967,,,,,,,$168360,$34511,$100648,$46091
2012,6037300902,Census Tract 3009.02,Glendale,Los Angeles County,California,Glendale,159823.0,22322.0,166774.0,26197.0,,,,,30460.0,255481.0,,,145271.0,84766.0,77221.0,94563.0,157741.0,20924.0,178847.0,79213.0,$159823,$22322,$166774,$26197,,,,,$30460,$255481,,,$145271,$84766,$77221,$94563,$157741,$20924,$178847,$79213
2012,6037301000,Census Tract 3010,Glendale,Los Angeles County,California,Glendale,76363.0,14023.0,73348.0,12118.0,,,,,87135.0,14049.0,,,20289.0,160961.0,138593.0,165724.0,75911.0,21425.0,52977.0,55798.0,$76363,$14023,$73348,$12118,,,,,$87135,$14049,,,$20289,$160961,$138593,$165724,$75911,$21425,$52977,$55798
2012,6037301100,Census Tract 3011,Glendale,Los Angeles County,California,Glendale,101541.0,18423.0,89793.0,18714.0,,,,,152927.0,49594.0,,,23634.0,69235.0,126699.0,34160.0,86815.0,15143.0,125092.0,64747.0,$101541,$18423,$89793,$18714,,,,,$152927,$49594,,,$23634,$69235,$126699,$34160,$86815,$15143,$125092,$64747
2012,6037301203,Census Tract 3012.03,Glendale,Los Angeles County,California,Glendale,91409.0,14749.0,92037.0,16891.0,,,,,88517.0,35593.0,,,,,39811.0,186992.0,89576.0,26884.0,114630.0,40663.0,$91409,$14749,$92037,$16891,,,,,$88517,$35593,,,,,$39811,$186992,$89576,$26884,$114630,$40663
2012,6037301204,Census Tract 3012.04,Glendale,Los Angeles County,California,Glendale,80092.0,16347.0,52958.0,26731.0,94790.0,26547.0,79079.0,172448.0,133448.0,46776.0,,,112447.0,104479.0,85286.0,127475.0,52005.0,24144.0,102169.0,51493.0,$80092,$16347,$52958,$26731,$94790,$26547,$79079,$172448,$133448,$46776,,,$112447,$104479,$85286,$127475,$52005,$24144,$102169,$51493
2012,6037301205,Census Tract 3012.05,Glendale,Los Angeles County,California,Glendale,108210.0,36719.0,103662.0,20670.0,,,,,175975.0,129397.0,,,,,108323.0,77378.0,104833.0,28495.0,47727.0,98288.0,$108210,$36719,$103662,$20670,,,,,$175975,$129397,,,,,$108323,$77378,$104833,$28495,$47727,$98288
2012,6037301206,Census Tract 3012.06,Glendale,Los Angeles County,California,Glendale,78615.0,18357.0,67043.0,11600.0,,,,,117119.0,54359.0,,,172860.0,137709.0,16474.0,35376.0,66272.0,16214.0,95117.0,72852.0,$78615,$18357,$67043,$11600,,,,,$117119,$54359,,,$172860,$137709,$16474,$35376,$66272,$16214,$95117,$72852
2012,6037301300,Census Tract 3013,Glendale,Los Angeles County,California,Glendale,190477.0,38977.0,185281.0,47955.0,,,,,180754.0,53228.0,,,,,,,184043.0,34722.0,322801.0,58014.0,$190477,$38977,$185281,$47955,,,,,$180754,$53228,,,,,,,$184043,$34722,$322801,$58014
2012,6037301400,Census Tract 3014,Glendale,Los Angeles County,California,Glendale,141958.0,17083.0,137395.0,42571.0,,,,,209010.0,61588.0,,,,,,,129096.0,41225.0,167525.0,42624.0,$141958,$17083,$137395,$42571,,,,,$209010,$61588,,,,,,,$129096,$41225,$167525,$42624
2012,6037301501,Census Tract 3015.01,Glendale,Los Angeles County,California,Glendale,131561.0,37165.0,118405.0,62770.0,,,,,197914.0,127988.0,,,,,131561.0,7670.0,101245.0,56858.0,140176.0,154681.0,$131561,$37165,$118405,$62770,,,,,$197914,$127988,,,,,$131561,$7670,$101245,$56858,$140176,$154681
2012,6037301502,Census Tract 3015.02,Glendale,Los Angeles County,California,Glendale,58873.0,6721.0,52356.0,13738.0,,,,,114717.0,46191.0,,,72541.0,96021.0,85923.0,86033.0,49509.0,15838.0,58598.0,22886.0,$58873,$6721,$52356,$13738,,,,,$114717,$46191,,,$72541,$96021,$85923,$86033,$49509,$15838,$58598,$22886
2012,6037301601,Census Tract 3016.01,Glendale,Los Angeles County,California,Glendale,44264.0,10034.0,42970.0,8697.0,57600.0,196294.0,,,74198.0,56093.0,,,36108.0,42829.0,,,40822.0,8138.0,56503.0,26059.0,$44264,$10034,$42970,$8697,$57600,$196294,,,$74198,$56093,,,$36108,$42829,,,$40822,$8138,$56503,$26059
2012,6037301602,Census Tract 3016.02,Glendale,Los Angeles County,California,Glendale,71429.0,17205.0,71000.0,16404.0,39040.0,7489.0,,,114181.0,21369.0,,,41457.0,24194.0,165938.0,117081.0,74697.0,15621.0,46069.0,16135.0,$71429,$17205,$71000,$16404,$39040,$7489,,,$114181,$21369,,,$41457,$24194,$165938,$117081,$74697,$15621,$46069,$16135
2012,6037301701,Census Tract 3017.01,Glendale,Los Angeles County,California,Glendale,81745.0,19789.0,81229.0,20066.0,,,,,155156.0,115709.0,,,116821.0,146506.0,90520.0,178048.0,81121.0,23717.0,81537.0,74907.0,$81745,$19789,$81229,$20066,,,,,$155156,$115709,,,$116821,$146506,$90520,$178048,$81121,$23717,$81537,$74907
2012,6037301702,Census Tract 3017.02,Glendale,Los Angeles County,California,Glendale,64256.0,20352.0,59977.0,16224.0,,,,,97813.0,12567.0,,,44616.0,13429.0,52433.0,69084.0,56138.0,13533.0,76730.0,54761.0,$64256,$20352,$59977,$16224,,,,,$97813,$12567,,,$44616,$13429,$52433,$69084,$56138,$13533,$76730,$54761
2012,6037301801,Census Tract 3018.01,Glendale,Los Angeles County,California,Glendale,55630.0,9814.0,53599.0,9212.0,,,,,58559.0,19874.0,,,42900.0,75251.0,86024.0,89927.0,61271.0,14874.0,42472.0,17760.0,$55630,$9814,$53599,$9212,,,,,$58559,$19874,,,$42900,$75251,$86024,$89927,$61271,$14874,$42472,$17760
2012,6037301802,Census Tract 3018.02,Glendale,Los Angeles County,California,Glendale,50581.0,21841.0,49519.0,30428.0,22502.0,702.0,,,103175.0,101517.0,,,42667.0,44027.0,89364.0,137481.0,55114.0,32332.0,22629.0,859.0,$50581,$21841,$49519,$30428,$22502,$702,,,$103175,$101517,,,$42667,$44027,$89364,$137481,$55114,$32332,$22629,$859
2012,6037301900,Census Tract 3019,Glendale,Los Angeles County,California,Glendale,67854.0,8345.0,65274.0,8964.0,,,,,108420.0,58047.0,,,126985.0,104651.0,104677.0,61259.0,64555.0,9807.0,86185.0,36984.0,$67854,$8345,$65274,$8964,,,,,$108420,$58047,,,$126985,$104651,$104677,$61259,$64555,$9807,$86185,$36984
2012,6037302002,Census Tract 3020.02,Glendale,Los Angeles County,California,Glendale,60747.0,15487.0,57208.0,9054.0,103257.0,150824.0,,,75076.0,56333.0,,,124506.0,102244.0,99910.0,95106.0,57810.0,8693.0,96401.0,81291.0,$60747,$15487,$57208,$9054,$103257,$150824,,,$75076,$56333,,,$124506,$102244,$99910,$95106,$57810,$8693,$96401,$81291
2012,6037302003,Census Tract 3020.03,Glendale,Los Angeles County,California,Glendale,42445.0,9191.0,37401.0,12790.0,,,,,71125.0,54006.0,,,105678.0,2608.0,33177.0,188951.0,37557.0,13465.0,65380.0,80103.0,$42445,$9191,$37401,$12790,,,,,$71125,$54006,,,$105678,$2608,$33177,$188951,$37557,$13465,$65380,$80103
2012,6037302004,Census Tract 3020.04,Glendale,Los Angeles County,California,Glendale,64197.0,21158.0,49166.0,9412.0,144527.0,262182.0,,,74413.0,8292.0,,,102565.0,64323.0,,,48687.0,9132.0,92986.0,58696.0,$64197,$21158,$49166,$9412,$144527,$262182,,,$74413,$8292,,,$102565,$64323,,,$48687,$9132,$92986,$58696
2012,6037302102,Census Tract 3021.02,Glendale,Los Angeles County,California,Glendale,56584.0,12232.0,51296.0,9464.0,80653.0,95255.0,,,62839.0,17444.0,,,88160.0,15358.0,97200.0,81391.0,50136.0,7005.0,91212.0,26223.0,$56584,$12232,$51296,$9464,$80653,$95255,,,$62839,$17444,,,$88160,$15358,$97200,$81391,$50136,$7005,$91212,$26223
2012,6037302103,Census Tract 3021.03,Glendale,Los Angeles County,California,Glendale,60582.0,6522.0,55165.0,11854.0,131961.0,68802.0,,,104677.0,6896.0,,,59374.0,10818.0,58578.0,84377.0,51649.0,14080.0,67782.0,27076.0,$60582,$6522,$55165,$11854,$131961,$68802,,,$104677,$6896,,,$59374,$10818,$58578,$84377,$51649,$14080,$67782,$27076
2012,6037302104,Census Tract 3021.04,Glendale,Los Angeles County,California,Glendale,59522.0,12348.0,47877.0,14082.0,94037.0,86711.0,,,110397.0,48960.0,,,51324.0,18363.0,87231.0,126587.0,45931.0,13583.0,58546.0,7196.0,$59522,$12348,$47877,$14082,$94037,$86711,,,$110397,$48960,,,$51324,$18363,$87231,$126587,$45931,$13583,$58546,$7196
2012,6037302201,Census Tract 3022.01,Glendale,Los Angeles County,California,Glendale,37016.0,5701.0,25666.0,6270.0,,,,,56200.0,12251.0,,,,,66529.0,33874.0,24539.0,4291.0,67453.0,32600.0,$37016,$5701,$25666,$6270,,,,,$56200,$12251,,,,,$66529,$33874,$24539,$4291,$67453,$32600
2012,6037302202,Census Tract 3022.02,Glendale,Los Angeles County,California,Glendale,49924.0,18716.0,39386.0,9861.0,29816.0,54782.0,35056.0,2916.0,110968.0,54344.0,,,88718.0,17343.0,124383.0,31389.0,35979.0,12596.0,80653.0,51497.0,$49924,$18716,$39386,$9861,$29816,$54782,$35056,$2916,$110968,$54344,,,$88718,$17343,$124383,$31389,$35979,$12596,$80653,$51497
2012,6037302301,Census Tract 3023.01,Glendale,Los Angeles County,California,Glendale,69861.0,9737.0,64280.0,12928.0,213756.0,189656.0,,,96526.0,56940.0,,,67497.0,25356.0,,,64611.0,22149.0,66617.0,8341.0,$69861,$9737,$64280,$12928,$213756,$189656,,,$96526,$56940,,,$67497,$25356,,,$64611,$22149,$66617,$8341
2012,6037302302,Census Tract 3023.02,Glendale,Los Angeles County,California,Glendale,50486.0,8176.0,42306.0,7925.0,55622.0,3550.0,,,102169.0,26105.0,,,49764.0,23141.0,21165.0,57696.0,33634.0,9588.0,67216.0,3285.0,$50486,$8176,$42306,$7925,$55622,$3550,,,$102169,$26105,,,$49764,$23141,$21165,$57696,$33634,$9588,$67216,$3285
2012,6037302401,Census Tract 3024.01,Glendale,Los Angeles County,California,Glendale,50507.0,12024.0,51804.0,16876.0,64007.0,110427.0,,,89466.0,43725.0,,,22456.0,15514.0,,,38385.0,22513.0,52400.0,10241.0,$50507,$12024,$51804,$16876,$64007,$110427,,,$89466,$43725,,,$22456,$15514,,,$38385,$22513,$52400,$10241
2012,6037302503,Census Tract 3025.03,Glendale,Los Angeles County,California,Glendale,43432.0,9921.0,40168.0,13180.0,,,,,67393.0,66093.0,,,30157.0,19877.0,,,40656.0,15160.0,38325.0,15767.0,$43432,$9921,$40168,$13180,,,,,$67393,$66093,,,$30157,$19877,,,$40656,$15160,$38325,$15767
2012,6037302504,Census Tract 3025.04,Glendale,Los Angeles County,California,Glendale,47030.0,9886.0,38038.0,8505.0,30276.0,104807.0,,,141991.0,107707.0,,,79258.0,45859.0,,,36812.0,13723.0,47951.0,26937.0,$47030,$9886,$38038,$8505,$30276,$104807,,,$141991,$107707,,,$79258,$45859,,,$36812,$13723,$47951,$26937
2012,6037302505,Census Tract 3025.05,Glendale,Los Angeles County,California,Glendale,37025.0,29548.0,33792.0,5862.0,70744.0,36381.0,,,64611.0,38122.0,,,28887.0,49939.0,54013.0,274362.0,25678.0,3245.0,69975.0,44021.0,$37025,$29548,$33792,$5862,$70744,$36381,,,$64611,$38122,,,$28887,$49939,$54013,$274362,$25678,$3245,$69975,$44021
2012,6037302506,Census Tract 3025.06,Glendale,Los Angeles County,California,Glendale,67623.0,17344.0,68908.0,22478.0,46813.0,64044.0,,,68395.0,198680.0,,,53641.0,74136.0,,,72073.0,23954.0,60673.0,23330.0,$67623,$17344,$68908,$22478,$46813,$64044,,,$68395,$198680,,,$53641,$74136,,,$72073,$23954,$60673,$23330
2012,6037460700,Census Tract 4607,Glendale,Los Angeles County,California,Glendale,280814.0,21992.0,298085.0,36900.0,,,,,140885.0,60979.0,,,,,,,295226.0,30382.0,327473.0,1127.0,$280814,$21992,$298085,$36900,,,,,$140885,$60979,,,,,,,$295226,$30382,$327473,$1127
2012,6037930101,Census Tract 9301.01,Glendale,Los Angeles County,California,Glendale,108733.0,179653.0,216647.0,285936.0,,,,,,,,,,,,,216647.0,285951.0,,,$108733,$179653,$216647,$285936,,,,,,,,,,,,,$216647,$285951,,
2013,6037181000,Census Tract 1810,Glendale,Los Angeles County,California,Glendale,107342.0,22999.0,118124.0,36272.0,,,,,105270.0,32541.0,,,99770.0,26536.0,,,136113.0,29676.0,98976.0,35284.0,$107342,$22999,$118124,$36272,,,,,$105270,$32541,,,$99770,$26536,,,$136113,$29676,$98976,$35284
2013,6037188100,Census Tract 1881,Glendale,Los Angeles County,California,Glendale,64178.0,15212.0,69900.0,23401.0,,,,,72395.0,23270.0,,,43326.0,26526.0,86381.0,122050.0,111688.0,42527.0,42965.0,16411.0,$64178,$15212,$69900,$23401,,,,,$72395,$23270,,,$43326,$26526,$86381,$122050,$111688,$42527,$42965,$16411
2013,6037300301,Census Tract 3003.01,Glendale,Los Angeles County,California,Glendale,143686.0,20501.0,153791.0,23865.0,,,,,137855.0,21669.0,,,,,,,141724.0,22979.0,244321.0,7858.0,$143686,$20501,$153791,$23865,,,,,$137855,$21669,,,,,,,$141724,$22979,$244321,$7858
2013,6037300400,Census Tract 3004,Glendale,Los Angeles County,California,Glendale,105443.0,11960.0,106521.0,10796.0,,,,,68251.0,53847.0,,,133702.0,89114.0,98304.0,68719.0,106036.0,15373.0,133068.0,54795.0,$105443,$11960,$106521,$10796,,,,,$68251,$53847,,,$133702,$89114,$98304,$68719,$106036,$15373,$133068,$54795
2013,6037300501,Census Tract 3005.01,Glendale,Los Angeles County,California,Glendale,123965.0,40968.0,130163.0,53250.0,,,,,135145.0,56232.0,,,,,41736.0,17237.0,148872.0,58671.0,59095.0,21579.0,$123965,$40968,$130163,$53250,,,,,$135145,$56232,,,,,$41736,$17237,$148872,$58671,$59095,$21579
2013,6037300502,Census Tract 3005.02,Glendale,Los Angeles County,California,Glendale,94830.0,16964.0,87671.0,17708.0,102874.0,84230.0,,,125488.0,36268.0,,,75140.0,41877.0,69836.0,124010.0,91177.0,18941.0,72124.0,44730.0,$94830,$16964,$87671,$17708,$102874,$84230,,,$125488,$36268,,,$75140,$41877,$69836,$124010,$91177,$18941,$72124,$44730
2013,6037300600,Census Tract 3006,Glendale,Los Angeles County,California,Glendale,86635.0,10068.0,85864.0,17230.0,,,,,98352.0,21832.0,,,79239.0,37522.0,108018.0,120707.0,85764.0,16720.0,80190.0,35803.0,$86635,$10068,$85864,$17230,,,,,$98352,$21832,,,$79239,$37522,$108018,$120707,$85764,$16720,$80190,$35803
2013,6037300701,Census Tract 3007.01,Glendale,Los Angeles County,California,Glendale,148530.0,26986.0,150003.0,27354.0,,,,,,,,,,,,,158336.0,29431.0,133262.0,108651.0,$148530,$26986,$150003,$27354,,,,,,,,,,,,,$158336,$29431,$133262,$108651
2013,6037300702,Census Tract 3007.02,Glendale,Los Angeles County,California,Glendale,177918.0,41905.0,165850.0,46303.0,,,,,,,,,,,,,162989.0,39886.0,194118.0,68503.0,$177918,$41905,$165850,$46303,,,,,,,,,,,,,$162989,$39886,$194118,$68503
2013,6037300800,Census Tract 3008,Glendale,Los Angeles County,California,Glendale,102703.0,29252.0,109540.0,21122.0,,,,,70930.0,35558.0,,,,,,,110216.0,22594.0,45524.0,27319.0,$102703,$29252,$109540,$21122,,,,,$70930,$35558,,,,,,,$110216,$22594,$45524,$27319
2013,6037300901,Census Tract 3009.01,Glendale,Los Angeles County,California,Glendale,162880.0,19499.0,158478.0,25559.0,,,,,163925.0,37603.0,,,,,,,164739.0,26840.0,98709.0,50910.0,$162880,$19499,$158478,$25559,,,,,$163925,$37603,,,,,,,$164739,$26840,$98709,$50910
2013,6037300902,Census Tract 3009.02,Glendale,Los Angeles County,California,Glendale,158524.0,20917.0,167715.0,24975.0,,,,,164395.0,71034.0,,,,,77760.0,13304.0,157898.0,22806.0,148699.0,79457.0,$158524,$20917,$167715,$24975,,,,,$164395,$71034,,,,,$77760,$13304,$157898,$22806,$148699,$79457
2013,6037301000,Census Tract 3010,Glendale,Los Angeles County,California,Glendale,71329.0,13876.0,70460.0,14911.0,,,,,82042.0,34686.0,,,49586.0,58878.0,107737.0,97613.0,72086.0,10632.0,56328.0,21551.0,$71329,$13876,$70460,$14911,,,,,$82042,$34686,,,$49586,$58878,$107737,$97613,$72086,$10632,$56328,$21551
2013,6037301100,Census Tract 3011,Glendale,Los Angeles County,California,Glendale,91595.0,20062.0,87273.0,16532.0,,,,,127965.0,23090.0,,,54348.0,75939.0,124951.0,56698.0,85387.0,17809.0,125630.0,77416.0,$91595,$20062,$87273,$16532,,,,,$127965,$23090,,,$54348,$75939,$124951,$56698,$85387,$17809,$125630,$77416
2013,6037301203,Census Tract 3012.03,Glendale,Los Angeles County,California,Glendale,75693.0,20927.0,67114.0,15192.0,84333.0,637121.0,,,101050.0,52897.0,,,,,39000.0,76018.0,66019.0,12786.0,113258.0,74381.0,$75693,$20927,$67114,$15192,$84333,$637121,,,$101050,$52897,,,,,$39000,$76018,$66019,$12786,$113258,$74381
2013,6037301204,Census Tract 3012.04,Glendale,Los Angeles County,California,Glendale,56399.0,28027.0,47670.0,16654.0,91077.0,50898.0,,,59319.0,77914.0,,,,,155519.0,139456.0,44120.0,17487.0,112942.0,68201.0,$56399,$28027,$47670,$16654,$91077,$50898,,,$59319,$77914,,,,,$155519,$139456,$44120,$17487,$112942,$68201
2013,6037301205,Census Tract 3012.05,Glendale,Los Angeles County,California,Glendale,128621.0,62185.0,104686.0,48342.0,,,,,176629.0,134241.0,,,,,107342.0,83453.0,106328.0,51375.0,89423.0,105466.0,$128621,$62185,$104686,$48342,,,,,$176629,$134241,,,,,$107342,$83453,$106328,$51375,$89423,$105466
2013,6037301206,Census Tract 3012.06,Glendale,Los Angeles County,California,Glendale,73682.0,13730.0,70230.0,12225.0,,,,,87402.0,27714.0,,,133082.0,132893.0,24959.0,30248.0,70084.0,17158.0,72688.0,108721.0,$73682,$13730,$70230,$12225,,,,,$87402,$27714,,,$133082,$132893,$24959,$30248,$70084,$17158,$72688,$108721
2013,6037301300,Census Tract 3013,Glendale,Los Angeles County,California,Glendale,206655.0,43301.0,203132.0,46802.0,,,,,151927.0,122729.0,,,,,,,191582.0,44568.0,270187.0,211492.0,$206655,$43301,$203132,$46802,,,,,$151927,$122729,,,,,,,$191582,$44568,$270187,$211492
2013,6037301400,Census Tract 3014,Glendale,Los Angeles County,California,Glendale,166458.0,24372.0,165833.0,30576.0,,,,,208204.0,55896.0,,,,,,,145025.0,20919.0,,,$166458,$24372,$165833,$30576,,,,,$208204,$55896,,,,,,,$145025,$20919,,
2013,6037301501,Census Tract 3015.01,Glendale,Los Angeles County,California,Glendale,85523.0,12862.0,83281.0,5653.0,,,,,131250.0,83516.0,,,,,130163.0,31224.0,83450.0,4402.0,130470.0,99905.0,$85523,$12862,$83281,$5653,,,,,$131250,$83516,,,,,$130163,$31224,$83450,$4402,$130470,$99905
2013,6037301502,Census Tract 3015.02,Glendale,Los Angeles County,California,Glendale,58468.0,7151.0,52041.0,10886.0,,,,,107675.0,61711.0,,,,,52403.0,28131.0,50999.0,14236.0,57418.0,10214.0,$58468,$7151,$52041,$10886,,,,,$107675,$61711,,,,,$52403,$28131,$50999,$14236,$57418,$10214
2013,6037301601,Census Tract 3016.01,Glendale,Los Angeles County,California,Glendale,43820.0,6944.0,43048.0,6021.0,,,,,73627.0,72648.0,,,71228.0,82353.0,,,40432.0,6682.0,60506.0,14815.0,$43820,$6944,$43048,$6021,,,,,$73627,$72648,,,$71228,$82353,,,$40432,$6682,$60506,$14815
2013,6037301602,Census Tract 3016.02,Glendale,Los Angeles County,California,Glendale,68462.0,12657.0,68336.0,12896.0,32417.0,13962.0,,,99171.0,32693.0,,,43013.0,9546.0,109456.0,190404.0,70961.0,9235.0,50713.0,11223.0,$68462,$12657,$68336,$12896,$32417,$13962,,,$99171,$32693,,,$43013,$9546,$109456,$190404,$70961,$9235,$50713,$11223
2013,6037301701,Census Tract 3017.01,Glendale,Los Angeles County,California,Glendale,90143.0,15726.0,90002.0,19141.0,,,,,96542.0,68084.0,,,,,88747.0,116812.0,90566.0,20131.0,115209.0,68789.0,$90143,$15726,$90002,$19141,,,,,$96542,$68084,,,,,$88747,$116812,$90566,$20131,$115209,$68789
2013,6037301702,Census Tract 3017.02,Glendale,Los Angeles County,California,Glendale,58307.0,11007.0,59450.0,17768.0,,,,,53079.0,58076.0,,,46205.0,23136.0,51788.0,30084.0,58498.0,13824.0,52967.0,57077.0,$58307,$11007,$59450,$17768,,,,,$53079,$58076,,,$46205,$23136,$51788,$30084,$58498,$13824,$52967,$57077
2013,6037301801,Census Tract 3018.01,Glendale,Los Angeles County,California,Glendale,56179.0,8017.0,52179.0,5326.0,109507.0,14147.0,,,102348.0,52679.0,,,37060.0,12335.0,88123.0,103422.0,54917.0,14079.0,46656.0,13358.0,$56179,$8017,$52179,$5326,$109507,$14147,,,$102348,$52679,,,$37060,$12335,$88123,$103422,$54917,$14079,$46656,$13358
2013,6037301802,Census Tract 3018.02,Glendale,Los Angeles County,California,Glendale,45884.0,18864.0,34107.0,19064.0,,,,,114063.0,32943.0,,,,,27289.0,82459.0,44684.0,20480.0,28487.0,9807.0,$45884,$18864,$34107,$19064,,,,,$114063,$32943,,,,,$27289,$82459,$44684,$20480,$28487,$9807
2013,6037301900,Census Tract 3019,Glendale,Los Angeles County,California,Glendale,66303.0,7189.0,64294.0,13394.0,,,,,102655.0,52751.0,,,107061.0,100202.0,60405.0,119834.0,56376.0,20182.0,87963.0,8441.0,$66303,$7189,$64294,$13394,,,,,$102655,$52751,,,$107061,$100202,$60405,$119834,$56376,$20182,$87963,$8441
2013,6037302002,Census Tract 3020.02,Glendale,Los Angeles County,California,Glendale,55524.0,10923.0,56499.0,12481.0,,,,,51363.0,46512.0,,,121922.0,120764.0,128620.0,190450.0,58118.0,6567.0,34935.0,71266.0,$55524,$10923,$56499,$12481,,,,,$51363,$46512,,,$121922,$120764,$128620,$190450,$58118,$6567,$34935,$71266
2013,6037302003,Census Tract 3020.03,Glendale,Los Angeles County,California,Glendale,42332.0,8506.0,40006.0,10786.0,,,,,67617.0,43989.0,,,,,49022.0,222294.0,37687.0,11441.0,81281.0,55539.0,$42332,$8506,$40006,$10786,,,,,$67617,$43989,,,,,$49022,$222294,$37687,$11441,$81281,$55539
2013,6037302004,Census Tract 3020.04,Glendale,Los Angeles County,California,Glendale,67747.0,10931.0,50697.0,21751.0,,,,,76069.0,19572.0,,,128543.0,74242.0,,,50093.0,18378.0,66616.0,43777.0,$67747,$10931,$50697,$21751,,,,,$76069,$19572,,,$128543,$74242,,,$50093,$18378,$66616,$43777
2013,6037302102,Census Tract 3021.02,Glendale,Los Angeles County,California,Glendale,55593.0,10923.0,51857.0,9055.0,82662.0,114044.0,,,63672.0,46208.0,,,88494.0,27132.0,99346.0,86210.0,50839.0,11283.0,87621.0,34201.0,$55593,$10923,$51857,$9055,$82662,$114044,,,$63672,$46208,,,$88494,$27132,$99346,$86210,$50839,$11283,$87621,$34201
2013,6037302103,Census Tract 3021.03,Glendale,Los Angeles County,California,Glendale,58366.0,9511.0,48072.0,9607.0,130727.0,46583.0,,,108780.0,12989.0,,,67134.0,45092.0,94764.0,122078.0,43691.0,6568.0,70622.0,28190.0,$58366,$9511,$48072,$9607,$130727,$46583,,,$108780,$12989,,,$67134,$45092,$94764,$122078,$43691,$6568,$70622,$28190
2013,6037302104,Census Tract 3021.04,Glendale,Los Angeles County,California,Glendale,75072.0,20278.0,47116.0,12991.0,96542.0,75782.0,,,120085.0,18157.0,,,66350.0,30296.0,79757.0,8789.0,45462.0,7054.0,64933.0,14969.0,$75072,$20278,$47116,$12991,$96542,$75782,,,$120085,$18157,,,$66350,$30296,$79757,$8789,$45462,$7054,$64933,$14969
2013,6037302201,Census Tract 3022.01,Glendale,Los Angeles County,California,Glendale,35123.0,8901.0,26993.0,6161.0,38336.0,55073.0,,,59258.0,19155.0,,,,,,,25905.0,2968.0,78754.0,32589.0,$35123,$8901,$26993,$6161,$38336,$55073,,,$59258,$19155,,,,,,,$25905,$2968,$78754,$32589
2013,6037302202,Census Tract 3022.02,Glendale,Los Angeles County,California,Glendale,41584.0,13179.0,36885.0,6395.0,29198.0,52338.0,,,98856.0,43286.0,,,49932.0,15563.0,122387.0,82938.0,34552.0,6079.0,52741.0,13173.0,$41584,$13179,$36885,$6395,$29198,$52338,,,$98856,$43286,,,$49932,$15563,$122387,$82938,$34552,$6079,$52741,$13173
2013,6037302301,Census Tract 3023.01,Glendale,Los Angeles County,California,Glendale,69636.0,14090.0,64746.0,13404.0,80633.0,359871.0,,,102753.0,15613.0,,,66016.0,26770.0,179575.0,192203.0,64842.0,18188.0,65748.0,13710.0,$69636,$14090,$64746,$13404,$80633,$359871,,,$102753,$15613,,,$66016,$26770,$179575,$192203,$64842,$18188,$65748,$13710
2013,6037302302,Census Tract 3023.02,Glendale,Los Angeles County,California,Glendale,47854.0,6582.0,38930.0,10447.0,,,,,101857.0,40948.0,,,45360.0,32608.0,22458.0,43229.0,31208.0,8326.0,65000.0,9038.0,$47854,$6582,$38930,$10447,,,,,$101857,$40948,,,$45360,$32608,$22458,$43229,$31208,$8326,$65000,$9038
2013,6037302401,Census Tract 3024.01,Glendale,Los Angeles County,California,Glendale,46124.0,11518.0,43317.0,16332.0,43644.0,63231.0,,,88747.0,54375.0,,,24187.0,24906.0,,,35277.0,10147.0,52448.0,9884.0,$46124,$11518,$43317,$16332,$43644,$63231,,,$88747,$54375,,,$24187,$24906,,,$35277,$10147,$52448,$9884
2013,6037302503,Census Tract 3025.03,Glendale,Los Angeles County,California,Glendale,41122.0,10040.0,37667.0,11690.0,,,,,71562.0,36145.0,,,30303.0,36189.0,41871.0,35924.0,37151.0,13660.0,39967.0,13726.0,$41122,$10040,$37667,$11690,,,,,$71562,$36145,,,$30303,$36189,$41871,$35924,$37151,$13660,$39967,$13726
2013,6037302504,Census Tract 3025.04,Glendale,Los Angeles County,California,Glendale,41267.0,16052.0,36723.0,5626.0,57474.0,116683.0,,,139334.0,47655.0,,,59165.0,46422.0,,,36809.0,9086.0,37880.0,17925.0,$41267,$16052,$36723,$5626,$57474,$116683,,,$139334,$47655,,,$59165,$46422,,,$36809,$9086,$37880,$17925
2013,6037302505,Census Tract 3025.05,Glendale,Los Angeles County,California,Glendale,37012.0,9525.0,32858.0,6475.0,73039.0,81622.0,,,65580.0,15760.0,,,29627.0,90336.0,,,25310.0,3516.0,54517.0,38608.0,$37012,$9525,$32858,$6475,$73039,$81622,,,$65580,$15760,,,$29627,$90336,,,$25310,$3516,$54517,$38608
2013,6037302506,Census Tract 3025.06,Glendale,Los Angeles County,California,Glendale,68587.0,11998.0,56387.0,27182.0,101764.0,34048.0,,,68940.0,94243.0,,,,,62686.0,109483.0,67781.0,38649.0,60221.0,31338.0,$68587,$11998,$56387,$27182,$101764,$34048,,,$68940,$94243,,,,,$62686,$109483,$67781,$38649,$60221,$31338
2013,6037460700,Census Tract 4607,Glendale,Los Angeles County,California,Glendale,265735.0,31223.0,286396.0,24678.0,,,,,142579.0,44469.0,,,,,,,287034.0,26134.0,,,$265735,$31223,$286396,$24678,,,,,$142579,$44469,,,,,,,$287034,$26134,,
2013,6037930101,Census Tract 9301.01,Glendale,Los Angeles County,California,Glendale,91002.0,212787.0,91002.0,212787.0,,,,,,,,,,,,,90438.0,215957.0,,,$91002,$212787,$91002,$212787,,,,,,,,,,,,,$90438,$215957,,
2014,6037181000,Census Tract 1810,Glendale,Los Angeles County,California,Glendale,114905.0,29954.0,124842.0,36001.0,,,,,106356.0,10998.0,,,86159.0,39986.0,280001.0,214622.0,143865.0,38462.0,113434.0,31941.0,$114905,$29954,$124842,$36001,,,,,$106356,$10998,,,$86159,$39986,$280001,$214622,$143865,$38462,$113434,$31941
2014,6037188100,Census Tract 1881,Glendale,Los Angeles County,California,Glendale,74688.0,12734.0,76863.0,24390.0,42829.0,15603.0,,,75238.0,16664.0,,,47784.0,41589.0,101017.0,10085.0,103207.0,28636.0,48152.0,22907.0,$74688,$12734,$76863,$24390,$42829,$15603,,,$75238,$16664,,,$47784,$41589,$101017,$10085,$103207,$28636,$48152,$22907
2014,6037300301,Census Tract 3003.01,Glendale,Los Angeles County,California,Glendale,132389.0,13096.0,135840.0,28146.0,,,,,116581.0,28987.0,,,,,,,131784.0,15970.0,240855.0,126475.0,$132389,$13096,$135840,$28146,,,,,$116581,$28987,,,,,,,$131784,$15970,$240855,$126475
2014,6037300400,Census Tract 3004,Glendale,Los Angeles County,California,Glendale,107265.0,8207.0,106750.0,12388.0,,,,,65843.0,77670.0,,,131179.0,107434.0,146873.0,102494.0,99455.0,20078.0,156807.0,72680.0,$107265,$8207,$106750,$12388,,,,,$65843,$77670,,,$131179,$107434,$146873,$102494,$99455,$20078,$156807,$72680
2014,6037300501,Census Tract 3005.01,Glendale,Los Angeles County,California,Glendale,141372.0,25225.0,142079.0,20921.0,,,,,153246.0,57687.0,,,,,40935.0,20056.0,150821.0,49009.0,140499.0,117384.0,$141372,$25225,$142079,$20921,,,,,$153246,$57687,,,,,$40935,$20056,$150821,$49009,$140499,$117384
2014,6037300502,Census Tract 3005.02,Glendale,Los Angeles County,California,Glendale,96252.0,12796.0,90299.0,16009.0,107782.0,98802.0,,,139724.0,35763.0,,,42816.0,80552.0,103207.0,85906.0,92793.0,17572.0,52284.0,47949.0,$96252,$12796,$90299,$16009,$107782,$98802,,,$139724,$35763,,,$42816,$80552,$103207,$85906,$92793,$17572,$52284,$47949
2014,6037300600,Census Tract 3006,Glendale,Los Angeles County,California,Glendale,84854.0,12763.0,84139.0,17024.0,,,,,97209.0,43262.0,,,45669.0,74404.0,146726.0,104232.0,76070.0,15821.0,92336.0,13433.0,$84854,$12763,$84139,$17024,,,,,$97209,$43262,,,$45669,$74404,$146726,$104232,$76070,$15821,$92336,$13433
2014,6037300701,Census Tract 3007.01,Glendale,Los Angeles County,California,Glendale,147400.0,30249.0,154288.0,31059.0,,,,,125041.0,202074.0,,,214886.0,107463.0,,,154977.0,31768.0,213144.0,160971.0,$147400,$30249,$154288,$31059,,,,,$125041,$202074,,,$214886,$107463,,,$154977,$31768,$213144,$160971
2014,6037300702,Census Tract 3007.02,Glendale,Los Angeles County,California,Glendale,158627.0,25485.0,154229.0,38579.0,,,,,,,,,,,,,155791.0,33641.0,3324.0,,$158627,$25485,$154229,$38579,,,,,,,,,,,,,$155791,$33641,$3324,
2014,6037300800,Census Tract 3008,Glendale,Los Angeles County,California,Glendale,93981.0,25652.0,96324.0,23140.0,,,,,84842.0,51045.0,,,47491.0,9891.0,111956.0,57680.0,96836.0,22917.0,54230.0,60444.0,$93981,$25652,$96324,$23140,,,,,$84842,$51045,,,$47491,$9891,$111956,$57680,$96836,$22917,$54230,$60444
2014,6037300901,Census Tract 3009.01,Glendale,Los Angeles County,California,Glendale,183522.0,25651.0,183453.0,36562.0,,,,,178148.0,45057.0,,,,,,,180866.0,32706.0,219861.0,238058.0,$183522,$25651,$183453,$36562,,,,,$178148,$45057,,,,,,,$180866,$32706,$219861,$238058
2014,6037300902,Census Tract 3009.02,Glendale,Los Angeles County,California,Glendale,165396.0,15974.0,167519.0,18380.0,,,,,162281.0,49780.0,,,,,82097.0,154239.0,158671.0,17141.0,192355.0,33975.0,$165396,$15974,$167519,$18380,,,,,$162281,$49780,,,,,$82097,$154239,$158671,$17141,$192355,$33975
2014,6037301000,Census Tract 3010,Glendale,Los Angeles County,California,Glendale,70970.0,11604.0,67311.0,14129.0,,,,,82119.0,8855.0,,,54500.0,64593.0,164457.0,71458.0,71414.0,11171.0,53668.0,12384.0,$70970,$11604,$67311,$14129,,,,,$82119,$8855,,,$54500,$64593,$164457,$71458,$71414,$11171,$53668,$12384
2014,6037301100,Census Tract 3011,Glendale,Los Angeles County,California,Glendale,89172.0,18072.0,87742.0,18460.0,,,,,115975.0,21956.0,,,,,101871.0,20884.0,86744.0,23306.0,69003.0,77756.0,$89172,$18072,$87742,$18460,,,,,$115975,$21956,,,,,$101871,$20884,$86744,$23306,$69003,$77756
2014,6037301203,Census Tract 3012.03,Glendale,Los Angeles County,California,Glendale,70725.0,16408.0,67465.0,13794.0,,,,,94313.0,44644.0,,,140000.0,150602.0,38115.0,127534.0,66215.0,10210.0,139834.0,68826.0,$70725,$16408,$67465,$13794,,,,,$94313,$44644,,,$140000,$150602,$38115,$127534,$66215,$10210,$139834,$68826
2014,6037301204,Census Tract 3012.04,Glendale,Los Angeles County,California,Glendale,61188.0,20584.0,53861.0,19550.0,,,,,59264.0,51200.0,,,,,206414.0,110702.0,51889.0,21587.0,72120.0,52797.0,$61188,$20584,$53861,$19550,,,,,$59264,$51200,,,,,$206414,$110702,$51889,$21587,$72120,$52797
2014,6037301205,Census Tract 3012.05,Glendale,Los Angeles County,California,Glendale,143160.0,65539.0,140707.0,64701.0,,,,,177264.0,157259.0,,,,,,,144989.0,44436.0,71497.0,67296.0,$143160,$65539,$140707,$64701,,,,,$177264,$157259,,,,,,,$144989,$44436,$71497,$67296
2014,6037301206,Census Tract 3012.06,Glendale,Los Angeles County,California,Glendale,69289.0,10911.0,66232.0,9630.0,,,,,87791.0,24935.0,,,173809.0,211807.0,25010.0,3621.0,65899.0,11602.0,156960.0,174166.0,$69289,$10911,$66232,$9630,,,,,$87791,$24935,,,$173809,$211807,$25010,$3621,$65899,$11602,$156960,$174166
2014,6037301300,Census Tract 3013,Glendale,Los Angeles County,California,Glendale,183175.0,27797.0,178929.0,30142.0,,,,,181236.0,101029.0,,,,,322328.0,101058.0,177588.0,37920.0,327554.0,65861.0,$183175,$27797,$178929,$30142,,,,,$181236,$101029,,,,,$322328,$101058,$177588,$37920,$327554,$65861
2014,6037301400,Census Tract 3014,Glendale,Los Angeles County,California,Glendale,167109.0,25245.0,166601.0,28181.0,,,,,221141.0,68675.0,,,,,,,159859.0,34869.0,,,$167109,$25245,$166601,$28181,,,,,$221141,$68675,,,,,,,$159859,$34869,,
2014,6037301501,Census Tract 3015.01,Glendale,Los Angeles County,California,Glendale,88383.0,14416.0,86405.0,8985.0,,,,,132684.0,104538.0,,,,,,,86405.0,6414.0,101425.0,151376.0,$88383,$14416,$86405,$8985,,,,,$132684,$104538,,,,,,,$86405,$6414,$101425,$151376
2014,6037301502,Census Tract 3015.02,Glendale,Los Angeles County,California,Glendale,52918.0,10822.0,42890.0,13735.0,,,,,128482.0,60400.0,,,,,56256.0,99828.0,40758.0,11338.0,58220.0,15931.0,$52918,$10822,$42890,$13735,,,,,$128482,$60400,,,,,$56256,$99828,$40758,$11338,$58220,$15931
2014,6037301601,Census Tract 3016.01,Glendale,Los Angeles County,California,Glendale,49258.0,12860.0,41523.0,7635.0,220373.0,170491.0,,,59159.0,13014.0,,,88064.0,48064.0,,,40010.0,7553.0,82530.0,27558.0,$49258,$12860,$41523,$7635,$220373,$170491,,,$59159,$13014,,,$88064,$48064,,,$40010,$7553,$82530,$27558
2014,6037301602,Census Tract 3016.02,Glendale,Los Angeles County,California,Glendale,67091.0,10491.0,65982.0,10350.0,35792.0,17562.0,,,95144.0,21554.0,,,46556.0,30442.0,160913.0,127607.0,68893.0,11357.0,56532.0,12944.0,$67091,$10491,$65982,$10350,$35792,$17562,,,$95144,$21554,,,$46556,$30442,$160913,$127607,$68893,$11357,$56532,$12944
2014,6037301701,Census Tract 3017.01,Glendale,Los Angeles County,California,Glendale,87246.0,15402.0,88346.0,20924.0,,,,,121378.0,64786.0,,,,,54246.0,62800.0,97519.0,23974.0,78480.0,46548.0,$87246,$15402,$88346,$20924,,,,,$121378,$64786,,,,,$54246,$62800,$97519,$23974,$78480,$46548
2014,6037301702,Census Tract 3017.02,Glendale,Los Angeles County,California,Glendale,53872.0,9923.0,57007.0,15304.0,,,,,61520.0,26710.0,,,45060.0,11784.0,36413.0,49099.0,55879.0,13420.0,48644.0,19911.0,$53872,$9923,$57007,$15304,,,,,$61520,$26710,,,$45060,$11784,$36413,$49099,$55879,$13420,$48644,$19911
2014,6037301801,Census Tract 3018.01,Glendale,Los Angeles County,California,Glendale,62075.0,10228.0,52188.0,10950.0,,,,,106334.0,6878.0,,,97090.0,43744.0,38889.0,1065.0,60378.0,12106.0,50222.0,9066.0,$62075,$10228,$52188,$10950,,,,,$106334,$6878,,,$97090,$43744,$38889,$1065,$60378,$12106,$50222,$9066
2014,6037301802,Census Tract 3018.02,Glendale,Los Angeles County,California,Glendale,51850.0,27927.0,39307.0,12323.0,,,,,115392.0,24330.0,,,,,23278.0,29207.0,39506.0,18283.0,40545.0,20022.0,$51850,$27927,$39307,$12323,,,,,$115392,$24330,,,,,$23278,$29207,$39506,$18283,$40545,$20022
2014,6037301900,Census Tract 3019,Glendale,Los Angeles County,California,Glendale,62710.0,8828.0,60508.0,17243.0,,,,,101980.0,43012.0,,,32066.0,41371.0,103983.0,95561.0,55701.0,20362.0,80264.0,42051.0,$62710,$8828,$60508,$17243,,,,,$101980,$43012,,,$32066,$41371,$103983,$95561,$55701,$20362,$80264,$42051
2014,6037302002,Census Tract 3020.02,Glendale,Los Angeles County,California,Glendale,59142.0,8855.0,57676.0,13391.0,,,,,70458.0,67565.0,,,64392.0,30607.0,65321.0,114149.0,57837.0,11707.0,64241.0,31944.0,$59142,$8855,$57676,$13391,,,,,$70458,$67565,,,$64392,$30607,$65321,$114149,$57837,$11707,$64241,$31944
2014,6037302003,Census Tract 3020.03,Glendale,Los Angeles County,California,Glendale,46720.0,7566.0,44215.0,9364.0,,,,,68630.0,64058.0,,,,,167139.0,180617.0,43434.0,10978.0,52717.0,31423.0,$46720,$7566,$44215,$9364,,,,,$68630,$64058,,,,,$167139,$180617,$43434,$10978,$52717,$31423
2014,6037302004,Census Tract 3020.04,Glendale,Los Angeles County,California,Glendale,62413.0,7595.0,50598.0,9443.0,,,,,85721.0,29282.0,,,62554.0,70381.0,,,47788.0,7329.0,63626.0,12263.0,$62413,$7595,$50598,$9443,,,,,$85721,$29282,,,$62554,$70381,,,$47788,$7329,$63626,$12263
2014,6037302102,Census Tract 3021.02,Glendale,Los Angeles County,California,Glendale,57115.0,13541.0,52665.0,13879.0,,,,,63848.0,36045.0,,,85566.0,48164.0,48457.0,59944.0,59996.0,19843.0,57780.0,28406.0,$57115,$13541,$52665,$13879,,,,,$63848,$36045,,,$85566,$48164,$48457,$59944,$59996,$19843,$57780,$28406
2014,6037302103,Census Tract 3021.03,Glendale,Los Angeles County,California,Glendale,53003.0,10802.0,45963.0,11398.0,,,,,92129.0,17396.0,,,66309.0,57035.0,42508.0,36663.0,42043.0,14601.0,66309.0,13642.0,$53003,$10802,$45963,$11398,,,,,$92129,$17396,,,$66309,$57035,$42508,$36663,$42043,$14601,$66309,$13642
2014,6037302104,Census Tract 3021.04,Glendale,Los Angeles County,California,Glendale,59804.0,11817.0,46287.0,10601.0,107452.0,157412.0,,,115084.0,20864.0,,,57933.0,10778.0,86794.0,154292.0,43928.0,11067.0,62518.0,10527.0,$59804,$11817,$46287,$10601,$107452,$157412,,,$115084,$20864,,,$57933,$10778,$86794,$154292,$43928,$11067,$62518,$10527
2014,6037302201,Census Tract 3022.01,Glendale,Los Angeles County,California,Glendale,31123.0,7385.0,26876.0,3719.0,37411.0,70572.0,,,74822.0,32778.0,,,,,,,25805.0,2593.0,61520.0,24484.0,$31123,$7385,$26876,$3719,$37411,$70572,,,$74822,$32778,,,,,,,$25805,$2593,$61520,$24484
2014,6037302202,Census Tract 3022.02,Glendale,Los Angeles County,California,Glendale,40389.0,5819.0,37430.0,5635.0,,,,,100095.0,21744.0,,,48169.0,5918.0,124288.0,175690.0,36174.0,6034.0,48892.0,12050.0,$40389,$5819,$37430,$5635,,,,,$100095,$21744,,,$48169,$5918,$124288,$175690,$36174,$6034,$48892,$12050
2014,6037302301,Census Tract 3023.01,Glendale,Los Angeles County,California,Glendale,70792.0,15431.0,68661.0,23733.0,,,,,99827.0,39412.0,,,53055.0,32199.0,96161.0,182376.0,68270.0,25888.0,53831.0,14722.0,$70792,$15431,$68661,$23733,,,,,$99827,$39412,,,$53055,$32199,$96161,$182376,$68270,$25888,$53831,$14722
2014,6037302302,Census Tract 3023.02,Glendale,Los Angeles County,California,Glendale,51075.0,6523.0,48563.0,6845.0,,,,,106770.0,14870.0,,,52043.0,22302.0,32999.0,19765.0,35027.0,10808.0,63762.0,6607.0,$51075,$6523,$48563,$6845,,,,,$106770,$14870,,,$52043,$22302,$32999,$19765,$35027,$10808,$63762,$6607
2014,6037302401,Census Tract 3024.01,Glendale,Los Angeles County,California,Glendale,48447.0,12176.0,43092.0,14658.0,62401.0,29050.0,,,124130.0,66101.0,,,25747.0,49530.0,,,32497.0,6845.0,60207.0,15443.0,$48447,$12176,$43092,$14658,$62401,$29050,,,$124130,$66101,,,$25747,$49530,,,$32497,$6845,$60207,$15443
2014,6037302503,Census Tract 3025.03,Glendale,Los Angeles County,California,Glendale,47084.0,9827.0,38351.0,15645.0,,,31117.0,38107.0,82721.0,33788.0,,,61814.0,22347.0,41568.0,11687.0,37815.0,15636.0,48283.0,24986.0,$47084,$9827,$38351,$15645,,,$31117,$38107,$82721,$33788,,,$61814,$22347,$41568,$11687,$37815,$15636,$48283,$24986
2014,6037302504,Census Tract 3025.04,Glendale,Los Angeles County,California,Glendale,45082.0,17050.0,42184.0,11402.0,86579.0,154662.0,,,140322.0,40581.0,,,36469.0,16670.0,,,41383.0,12009.0,41114.0,13379.0,$45082,$17050,$42184,$11402,$86579,$154662,,,$140322,$40581,,,$36469,$16670,,,$41383,$12009,$41114,$13379
2014,6037302505,Census Tract 3025.05,Glendale,Los Angeles County,California,Glendale,39325.0,13324.0,32231.0,7416.0,71095.0,44303.0,,,63876.0,9608.0,,,50104.0,32206.0,238184.0,114114.0,25376.0,2527.0,56532.0,33266.0,$39325,$13324,$32231,$7416,$71095,$44303,,,$63876,$9608,,,$50104,$32206,$238184,$114114,$25376,$2527,$56532,$33266
2014,6037302506,Census Tract 3025.06,Glendale,Los Angeles County,California,Glendale,65112.0,15411.0,53158.0,23656.0,88494.0,30054.0,,,66508.0,20979.0,,,,,,,51960.0,25013.0,67538.0,21625.0,$65112,$15411,$53158,$23656,$88494,$30054,,,$66508,$20979,,,,,,,$51960,$25013,$67538,$21625
2014,6037460700,Census Tract 4607,Glendale,Los Angeles County,California,Glendale,236209.0,31745.0,260139.0,38659.0,,,,,101758.0,71203.0,,,,,,,272315.0,32907.0,64590.0,87283.0,$236209,$31745,$260139,$38659,,,,,$101758,$71203,,,,,,,$272315,$32907,$64590,$87283
2014,6037930101,Census Tract 9301.01,Glendale,Los Angeles County,California,Glendale,90341.0,42740.0,90756.0,73906.0,,,,,,,,,,,,,90203.0,102375.0,,,$90341,$42740,$90756,$73906,,,,,,,,,,,,,$90203,$102375,,
2015,6037181000,Census Tract 1810,Glendale,Los Angeles County,California,Glendale,116418.0,50687.0,118708.0,52719.0,,,,,150515.0,118604.0,,,83849.0,52060.0,,,96324.0,39635.0,154288.0,26184.0,$116418,$50687,$118708,$52719,,,,,$150515,$118604,,,$83849,$52060,,,$96324,$39635,$154288,$26184
2015,6037188100,Census Tract 1881,Glendale,Los Angeles County,California,Glendale,67884.0,14245.0,74611.0,25543.0,42682.0,4471.0,,,74432.0,41184.0,,,43047.0,12007.0,101394.0,13279.0,79673.0,44548.0,48015.0,26151.0,$67884,$14245,$74611,$25543,$42682,$4471,,,$74432,$41184,,,$43047,$12007,$101394,$13279,$79673,$44548,$48015,$26151
2015,6037300301,Census Tract 3003.01,Glendale,Los Angeles County,California,Glendale,133655.0,14150.0,144407.0,41444.0,,,,,108767.0,27864.0,,,,,,,131189.0,16810.0,191397.0,91415.0,$133655,$14150,$144407,$41444,,,,,$108767,$27864,,,,,,,$131189,$16810,$191397,$91415
2015,6037300400,Census Tract 3004,Glendale,Los Angeles County,California,Glendale,107246.0,11118.0,104156.0,19678.0,,,,,110173.0,26753.0,,,130265.0,48750.0,,,95767.0,15775.0,156611.0,70890.0,$107246,$11118,$104156,$19678,,,,,$110173,$26753,,,$130265,$48750,,,$95767,$15775,$156611,$70890
2015,6037300501,Census Tract 3005.01,Glendale,Los Angeles County,California,Glendale,101762.0,21721.0,99539.0,25821.0,,,,,125964.0,52646.0,,,,,,,97153.0,17090.0,141087.0,43442.0,$101762,$21721,$99539,$25821,,,,,$125964,$52646,,,,,,,$97153,$17090,$141087,$43442
2015,6037300502,Census Tract 3005.02,Glendale,Los Angeles County,California,Glendale,97461.0,16443.0,87874.0,16588.0,,,,,153333.0,25728.0,,,,,,,86898.0,17209.0,52413.0,48717.0,$97461,$16443,$87874,$16588,,,,,$153333,$25728,,,,,,,$86898,$17209,$52413,$48717
2015,6037300600,Census Tract 3006,Glendale,Los Angeles County,California,Glendale,82870.0,11207.0,86728.0,11306.0,,,,,72586.0,20897.0,,,44050.0,42536.0,147007.0,97138.0,84984.0,12949.0,90122.0,49260.0,$82870,$11207,$86728,$11306,,,,,$72586,$20897,,,$44050,$42536,$147007,$97138,$84984,$12949,$90122,$49260
2015,6037300701,Census Tract 3007.01,Glendale,Los Angeles County,California,Glendale,148360.0,5912.0,148505.0,11345.0,,,,,148575.0,20889.0,,,,,,,149283.0,13968.0,,,$148360,$5912,$148505,$11345,,,,,$148575,$20889,,,,,,,$149283,$13968,,
2015,6037300702,Census Tract 3007.02,Glendale,Los Angeles County,California,Glendale,157987.0,14809.0,143411.0,46555.0,,,,,,,,,,,,,151046.0,45417.0,3318.0,,$157987,$14809,$143411,$46555,,,,,,,,,,,,,$151046,$45417,$3318,
2015,6037300800,Census Tract 3008,Glendale,Los Angeles County,California,Glendale,109894.0,21513.0,105929.0,21242.0,,,,,129507.0,57403.0,,,46825.0,8775.0,112316.0,66103.0,112652.0,19694.0,66537.0,24068.0,$109894,$21513,$105929,$21242,,,,,$129507,$57403,,,$46825,$8775,$112316,$66103,$112652,$19694,$66537,$24068
2015,6037300901,Census Tract 3009.01,Glendale,Los Angeles County,California,Glendale,199882.0,30120.0,187714.0,29860.0,,,,,206990.0,57747.0,,,,,,,189072.0,32262.0,,,$199882,$30120,$187714,$29860,,,,,$206990,$57747,,,,,,,$189072,$32262,,
2015,6037300902,Census Tract 3009.02,Glendale,Los Angeles County,California,Glendale,168475.0,11209.0,165466.0,18728.0,,,,,182252.0,31487.0,,,,,,,147450.0,39920.0,209733.0,10685.0,$168475,$11209,$165466,$18728,,,,,$182252,$31487,,,,,,,$147450,$39920,$209733,$10685
2015,6037301000,Census Tract 3010,Glendale,Los Angeles County,California,Glendale,77037.0,14101.0,68750.0,19878.0,,,,,83105.0,5629.0,,,,,164601.0,81090.0,74884.0,19553.0,55945.0,23972.0,$77037,$14101,$68750,$19878,,,,,$83105,$5629,,,,,$164601,$81090,$74884,$19553,$55945,$23972
2015,6037301100,Census Tract 3011,Glendale,Los Angeles County,California,Glendale,90284.0,13304.0,88157.0,19141.0,,,,,126531.0,39964.0,,,,,100862.0,26420.0,84238.0,29309.0,90553.0,80026.0,$90284,$13304,$88157,$19141,,,,,$126531,$39964,,,,,$100862,$26420,$84238,$29309,$90553,$80026
2015,6037301203,Census Tract 3012.03,Glendale,Los Angeles County,California,Glendale,74821.0,19137.0,67516.0,14394.0,86128.0,75647.0,,,93483.0,42972.0,,,98138.0,83131.0,,,66373.0,11089.0,141917.0,78913.0,$74821,$19137,$67516,$14394,$86128,$75647,,,$93483,$42972,,,$98138,$83131,,,$66373,$11089,$141917,$78913
2015,6037301204,Census Tract 3012.04,Glendale,Los Angeles County,California,Glendale,64022.0,15179.0,54199.0,18049.0,,,,,86128.0,51613.0,,,61724.0,30245.0,206108.0,105613.0,50918.0,17217.0,72651.0,28097.0,$64022,$15179,$54199,$18049,,,,,$86128,$51613,,,$61724,$30245,$206108,$105613,$50918,$17217,$72651,$28097
2015,6037301205,Census Tract 3012.05,Glendale,Los Angeles County,California,Glendale,134732.0,22887.0,134769.0,17629.0,,,,,134448.0,70749.0,,,,,,,135465.0,15101.0,91956.0,50255.0,$134732,$22887,$134769,$17629,,,,,$134448,$70749,,,,,,,$135465,$15101,$91956,$50255
2015,6037301206,Census Tract 3012.06,Glendale,Los Angeles County,California,Glendale,72259.0,12489.0,67948.0,13173.0,,,,,81748.0,36027.0,,,,,,,68371.0,13418.0,,,$72259,$12489,$67948,$13173,,,,,$81748,$36027,,,,,,,$68371,$13418,,
2015,6037301300,Census Tract 3013,Glendale,Los Angeles County,California,Glendale,178674.0,32038.0,177872.0,23434.0,,,,,241010.0,163260.0,,,,,,,176319.0,21315.0,320019.0,104571.0,$178674,$32038,$177872,$23434,,,,,$241010,$163260,,,,,,,$176319,$21315,$320019,$104571
2015,6037301400,Census Tract 3014,Glendale,Los Angeles County,California,Glendale,142179.0,28782.0,140738.0,20978.0,,,,,201232.0,34307.0,,,,,,,140607.0,21818.0,,,$142179,$28782,$140738,$20978,,,,,$201232,$34307,,,,,,,$140607,$21818,,
2015,6037301501,Census Tract 3015.01,Glendale,Los Angeles County,California,Glendale,88248.0,14202.0,86404.0,5998.0,,,,,163495.0,46068.0,,,,,111417.0,92446.0,86185.0,4845.0,,,$88248,$14202,$86404,$5998,,,,,$163495,$46068,,,,,$111417,$92446,$86185,$4845,,
2015,6037301502,Census Tract 3015.02,Glendale,Los Angeles County,California,Glendale,53962.0,11873.0,47133.0,12772.0,,,,,136606.0,52374.0,,,,,,,42147.0,8654.0,60962.0,44323.0,$53962,$11873,$47133,$12772,,,,,$136606,$52374,,,,,,,$42147,$8654,$60962,$44323
2015,6037301601,Census Tract 3016.01,Glendale,Los Angeles County,California,Glendale,43341.0,11426.0,35687.0,4255.0,,,,,59720.0,17212.0,,,85511.0,21051.0,,,34716.0,3383.0,80758.0,33777.0,$43341,$11426,$35687,$4255,,,,,$59720,$17212,,,$85511,$21051,,,$34716,$3383,$80758,$33777
2015,6037301602,Census Tract 3016.02,Glendale,Los Angeles County,California,Glendale,68325.0,8145.0,69852.0,11470.0,,,,,84238.0,10723.0,,,50487.0,18022.0,,,73141.0,11195.0,54456.0,5958.0,$68325,$8145,$69852,$11470,,,,,$84238,$10723,,,$50487,$18022,,,$73141,$11195,$54456,$5958
2015,6037301701,Census Tract 3017.01,Glendale,Los Angeles County,California,Glendale,83324.0,12610.0,88210.0,28657.0,,,,,122691.0,76757.0,,,81549.0,59238.0,54520.0,36446.0,91292.0,32287.0,80824.0,25042.0,$83324,$12610,$88210,$28657,,,,,$122691,$76757,,,$81549,$59238,$54520,$36446,$91292,$32287,$80824,$25042
2015,6037301702,Census Tract 3017.02,Glendale,Los Angeles County,California,Glendale,54986.0,7739.0,57237.0,12953.0,67439.0,10899.0,,,56573.0,19661.0,,,43289.0,32404.0,51234.0,44681.0,58399.0,15932.0,43302.0,5022.0,$54986,$7739,$57237,$12953,$67439,$10899,,,$56573,$19661,,,$43289,$32404,$51234,$44681,$58399,$15932,$43302,$5022
2015,6037301801,Census Tract 3018.01,Glendale,Los Angeles County,California,Glendale,56114.0,7236.0,51581.0,4738.0,,,,,106448.0,12750.0,,,72203.0,50628.0,,,52576.0,15330.0,51737.0,3790.0,$56114,$7236,$51581,$4738,,,,,$106448,$12750,,,$72203,$50628,,,$52576,$15330,$51737,$3790
2015,6037301802,Census Tract 3018.02,Glendale,Los Angeles County,California,Glendale,46532.0,21449.0,40334.0,8335.0,,,,,114862.0,17487.0,,,44943.0,4751.0,,,40666.0,9233.0,41220.0,12685.0,$46532,$21449,$40334,$8335,,,,,$114862,$17487,,,$44943,$4751,,,$40666,$9233,$41220,$12685
2015,6037301900,Census Tract 3019,Glendale,Los Angeles County,California,Glendale,66394.0,7666.0,62432.0,8532.0,128283.0,33837.0,,,81997.0,48812.0,,,,,105400.0,100793.0,61430.0,14194.0,80254.0,37620.0,$66394,$7666,$62432,$8532,$128283,$33837,,,$81997,$48812,,,,,$105400,$100793,$61430,$14194,$80254,$37620
2015,6037302002,Census Tract 3020.02,Glendale,Los Angeles County,California,Glendale,60316.0,6136.0,58323.0,4621.0,,,,,81609.0,73794.0,,,,,,,58409.0,3788.0,,,$60316,$6136,$58323,$4621,,,,,$81609,$73794,,,,,,,$58409,$3788,,
2015,6037302003,Census Tract 3020.03,Glendale,Los Angeles County,California,Glendale,44420.0,11778.0,42147.0,9640.0,,,,,90093.0,66698.0,,,,,,,41362.0,12547.0,51455.0,35920.0,$44420,$11778,$42147,$9640,,,,,$90093,$66698,,,,,,,$41362,$12547,$51455,$35920
2015,6037302004,Census Tract 3020.04,Glendale,Los Angeles County,California,Glendale,53779.0,12048.0,45772.0,4245.0,,,,,80088.0,19306.0,,,,,111290.0,74684.0,45141.0,5108.0,60077.0,11203.0,$53779,$12048,$45772,$4245,,,,,$80088,$19306,,,,,$111290,$74684,$45141,$5108,$60077,$11203
2015,6037302102,Census Tract 3021.02,Glendale,Los Angeles County,California,Glendale,60170.0,11898.0,52321.0,10735.0,,,,,70225.0,31997.0,,,83585.0,28722.0,,,52415.0,13738.0,64734.0,30177.0,$60170,$11898,$52321,$10735,,,,,$70225,$31997,,,$83585,$28722,,,$52415,$13738,$64734,$30177
2015,6037302103,Census Tract 3021.03,Glendale,Los Angeles County,California,Glendale,50272.0,5140.0,42742.0,7905.0,,,,,95818.0,24325.0,,,65656.0,34638.0,,,35469.0,12560.0,64180.0,12580.0,$50272,$5140,$42742,$7905,,,,,$95818,$24325,,,$65656,$34638,,,$35469,$12560,$64180,$12580
2015,6037302104,Census Tract 3021.04,Glendale,Los Angeles County,California,Glendale,61069.0,12692.0,47566.0,12174.0,,,,,113925.0,28855.0,,,64320.0,29288.0,117416.0,54871.0,47377.0,9003.0,61912.0,14551.0,$61069,$12692,$47566,$12174,,,,,$113925,$28855,,,$64320,$29288,$117416,$54871,$47377,$9003,$61912,$14551
2015,6037302201,Census Tract 3022.01,Glendale,Los Angeles County,California,Glendale,29644.0,6552.0,27563.0,4725.0,,,,,79119.0,32120.0,,,20998.0,7236.0,,,25761.0,3379.0,57356.0,28275.0,$29644,$6552,$27563,$4725,,,,,$79119,$32120,,,$20998,$7236,,,$25761,$3379,$57356,$28275
2015,6037302202,Census Tract 3022.02,Glendale,Los Angeles County,California,Glendale,40097.0,6804.0,37025.0,5438.0,,,,,78251.0,44869.0,,,46400.0,3041.0,,,36915.0,5399.0,45872.0,16093.0,$40097,$6804,$37025,$5438,,,,,$78251,$44869,,,$46400,$3041,,,$36915,$5399,$45872,$16093
2015,6037302301,Census Tract 3023.01,Glendale,Los Angeles County,California,Glendale,70914.0,15632.0,56031.0,17697.0,,,,,101681.0,12633.0,,,54037.0,12027.0,180370.0,98400.0,54999.0,15243.0,55820.0,32266.0,$70914,$15632,$56031,$17697,,,,,$101681,$12633,,,$54037,$12027,$180370,$98400,$54999,$15243,$55820,$32266
2015,6037302302,Census Tract 3023.02,Glendale,Los Angeles County,California,Glendale,53183.0,8598.0,49106.0,6654.0,,,,,92561.0,31327.0,,,60618.0,26534.0,32942.0,4748.0,33164.0,11035.0,64816.0,3986.0,$53183,$8598,$49106,$6654,,,,,$92561,$31327,,,$60618,$26534,$32942,$4748,$33164,$11035,$64816,$3986
2015,6037302401,Census Tract 3024.01,Glendale,Los Angeles County,California,Glendale,53507.0,11383.0,50992.0,19441.0,65500.0,44230.0,,,106689.0,44522.0,,,,,,,33048.0,16494.0,60825.0,12953.0,$53507,$11383,$50992,$19441,$65500,$44230,,,$106689,$44522,,,,,,,$33048,$16494,$60825,$12953
2015,6037302503,Census Tract 3025.03,Glendale,Los Angeles County,California,Glendale,47894.0,11634.0,36608.0,17005.0,,,,,76077.0,21866.0,,,66569.0,16042.0,41912.0,23055.0,37531.0,20113.0,48136.0,25412.0,$47894,$11634,$36608,$17005,,,,,$76077,$21866,,,$66569,$16042,$41912,$23055,$37531,$20113,$48136,$25412
2015,6037302504,Census Tract 3025.04,Glendale,Los Angeles County,California,Glendale,43937.0,9445.0,41920.0,8601.0,,,,,112206.0,64453.0,,,41634.0,19694.0,,,42309.0,9108.0,39974.0,12701.0,$43937,$9445,$41920,$8601,,,,,$112206,$64453,,,$41634,$19694,,,$42309,$9108,$39974,$12701
2015,6037302505,Census Tract 3025.05,Glendale,Los Angeles County,California,Glendale,43986.0,12056.0,33384.0,7550.0,71182.0,57151.0,,,69382.0,17750.0,,,51817.0,30292.0,236420.0,212706.0,24807.0,2515.0,71656.0,12432.0,$43986,$12056,$33384,$7550,$71182,$57151,,,$69382,$17750,,,$51817,$30292,$236420,$212706,$24807,$2515,$71656,$12432
2015,6037302506,Census Tract 3025.06,Glendale,Los Angeles County,California,Glendale,68924.0,6572.0,56959.0,22539.0,100028.0,30234.0,,,100312.0,62827.0,,,,,,,56187.0,25619.0,68375.0,15256.0,$68924,$6572,$56959,$22539,$100028,$30234,,,$100312,$62827,,,,,,,$56187,$25619,$68375,$15256
2015,6037460700,Census Tract 4607,Glendale,Los Angeles County,California,Glendale,248197.0,47684.0,262105.0,45811.0,,,,,202119.0,124048.0,,,,,,,273676.0,37714.0,,,$248197,$47684,$262105,$45811,,,,,$202119,$124048,,,,,,,$273676,$37714,,
2015,6037930101,Census Tract 9301.01,Glendale,Los Angeles County,California,Glendale,77183.0,24634.0,72757.0,36687.0,,,,,,,,,,,,,72203.0,30578.0,,,$77183,$24634,$72757,$36687,,,,,,,,,,,,,$72203,$30578,,
2016,6037181000,Census Tract 1810,Glendale,Los Angeles County,California,Glendale,149649.0,12263.0,146934.0,26360.0,,,,,187356.0,115946.0,,,,,155947.0,89578.0,121080.0,56855.0,165209.0,26874.0,$149649,$12263,$146934,$26360,,,,,$187356,$115946,,,,,$155947,$89578,$121080,$56855,$165209,$26874
2016,6037188100,Census Tract 1881,Glendale,Los Angeles County,California,Glendale,75496.0,13230.0,89354.0,17953.0,63908.0,11913.0,,,72561.0,41052.0,,,48471.0,21742.0,104056.0,37490.0,99413.0,23761.0,68668.0,20330.0,$75496,$13230,$89354,$17953,$63908,$11913,,,$72561,$41052,,,$48471,$21742,$104056,$37490,$99413,$23761,$68668,$20330
2016,6037300301,Census Tract 3003.01,Glendale,Los Angeles County,California,Glendale,138670.0,10602.0,140162.0,21590.0,,,,,136010.0,33985.0,,,,,,,134584.0,15539.0,223296.0,71167.0,$138670,$10602,$140162,$21590,,,,,$136010,$33985,,,,,,,$134584,$15539,$223296,$71167
2016,6037300400,Census Tract 3004,Glendale,Los Angeles County,California,Glendale,106450.0,18587.0,106776.0,20814.0,,,,,94072.0,47109.0,,,131422.0,72638.0,,,96601.0,19461.0,134240.0,61381.0,$106450,$18587,$106776,$20814,,,,,$94072,$47109,,,$131422,$72638,,,$96601,$19461,$134240,$61381
2016,6037300501,Census Tract 3005.01,Glendale,Los Angeles County,California,Glendale,112913.0,28609.0,107706.0,20566.0,,,,,132030.0,47646.0,,,,,,,103436.0,16659.0,139480.0,58262.0,$112913,$28609,$107706,$20566,,,,,$132030,$47646,,,,,,,$103436,$16659,$139480,$58262
2016,6037300502,Census Tract 3005.02,Glendale,Los Angeles County,California,Glendale,96772.0,10393.0,93989.0,13140.0,,,,,153141.0,28163.0,,,,,,,93209.0,18109.0,80295.0,27844.0,$96772,$10393,$93989,$13140,,,,,$153141,$28163,,,,,,,$93209,$18109,$80295,$27844
2016,6037300600,Census Tract 3006,Glendale,Los Angeles County,California,Glendale,83175.0,10516.0,86976.0,14449.0,,,,,81502.0,39130.0,,,,,,,85181.0,14723.0,72102.0,45618.0,$83175,$10516,$86976,$14449,,,,,$81502,$39130,,,,,,,$85181,$14723,$72102,$45618
2016,6037300701,Census Tract 3007.01,Glendale,Los Angeles County,California,Glendale,160779.0,12027.0,168406.0,18559.0,,,,,149176.0,44496.0,,,,,,,170108.0,19870.0,,,$160779,$12027,$168406,$18559,,,,,$149176,$44496,,,,,,,$170108,$19870,,
2016,6037300702,Census Tract 3007.02,Glendale,Los Angeles County,California,Glendale,154161.0,22754.0,139350.0,36793.0,,,,,,,,,,,,,141431.0,34588.0,3276.0,,$154161,$22754,$139350,$36793,,,,,,,,,,,,,$141431,$34588,$3276,
2016,6037300800,Census Tract 3008,Glendale,Los Angeles County,California,Glendale,118316.0,18808.0,117796.0,21721.0,,,,,127933.0,65091.0,,,46195.0,9004.0,220774.0,129533.0,129964.0,21328.0,60429.0,7981.0,$118316,$18808,$117796,$21721,,,,,$127933,$65091,,,$46195,$9004,$220774,$129533,$129964,$21328,$60429,$7981
2016,6037300901,Census Tract 3009.01,Glendale,Los Angeles County,California,Glendale,209649.0,26556.0,202260.0,32950.0,,,,,216584.0,55282.0,,,,,,,209056.0,32443.0,,,$209649,$26556,$202260,$32950,,,,,$216584,$55282,,,,,,,$209056,$32443,,
2016,6037300902,Census Tract 3009.02,Glendale,Los Angeles County,California,Glendale,171593.0,15331.0,169603.0,21592.0,,,,,181237.0,28190.0,,,,,,,162229.0,28405.0,208112.0,18933.0,$171593,$15331,$169603,$21592,,,,,$181237,$28190,,,,,,,$162229,$28405,$208112,$18933
2016,6037301000,Census Tract 3010,Glendale,Los Angeles County,California,Glendale,68560.0,14086.0,63849.0,11821.0,,,,,81934.0,5089.0,,,49024.0,45128.0,161335.0,66820.0,67272.0,15245.0,52413.0,3563.0,$68560,$14086,$63849,$11821,,,,,$81934,$5089,,,$49024,$45128,$161335,$66820,$67272,$15245,$52413,$3563
2016,6037301100,Census Tract 3011,Glendale,Los Angeles County,California,Glendale,95081.0,15291.0,92101.0,20726.0,,,,,109891.0,62409.0,,,,,177424.0,172157.0,91841.0,25034.0,82290.0,70944.0,$95081,$15291,$92101,$20726,,,,,$109891,$62409,,,,,$177424,$172157,$91841,$25034,$82290,$70944
2016,6037301203,Census Tract 3012.03,Glendale,Los Angeles County,California,Glendale,76230.0,13391.0,64134.0,12748.0,82663.0,45778.0,,,97323.0,79956.0,,,98525.0,81499.0,77382.0,14828.0,58758.0,11226.0,101833.0,32657.0,$76230,$13391,$64134,$12748,$82663,$45778,,,$97323,$79956,,,$98525,$81499,$77382,$14828,$58758,$11226,$101833,$32657
2016,6037301204,Census Tract 3012.04,Glendale,Los Angeles County,California,Glendale,65776.0,10552.0,55191.0,19234.0,119526.0,90020.0,,,69699.0,41278.0,,,60350.0,52162.0,206575.0,127109.0,52503.0,14481.0,81240.0,25219.0,$65776,$10552,$55191,$19234,$119526,$90020,,,$69699,$41278,,,$60350,$52162,$206575,$127109,$52503,$14481,$81240,$25219
2016,6037301205,Census Tract 3012.05,Glendale,Los Angeles County,California,Glendale,112660.0,49304.0,128519.0,39385.0,,,,,103728.0,44042.0,,,,,,,134525.0,32783.0,102089.0,45768.0,$112660,$49304,$128519,$39385,,,,,$103728,$44042,,,,,,,$134525,$32783,$102089,$45768
2016,6037301206,Census Tract 3012.06,Glendale,Los Angeles County,California,Glendale,69395.0,9887.0,66718.0,10174.0,,,,,89171.0,24619.0,,,52950.0,15554.0,,,66674.0,10359.0,53155.0,16264.0,$69395,$9887,$66718,$10174,,,,,$89171,$24619,,,$52950,$15554,,,$66674,$10359,$53155,$16264
2016,6037301300,Census Tract 3013,Glendale,Los Angeles County,California,Glendale,175020.0,21353.0,173700.0,31886.0,,,,,,,,,,,320712.0,94494.0,168784.0,38778.0,320244.0,60938.0,$175020,$21353,$173700,$31886,,,,,,,,,,,$320712,$94494,$168784,$38778,$320244,$60938
2016,6037301400,Census Tract 3014,Glendale,Los Angeles County,California,Glendale,143735.0,31537.0,142565.0,25101.0,,,,,200647.0,58655.0,,,,,,,142389.0,24370.0,,,$143735,$31537,$142565,$25101,,,,,$200647,$58655,,,,,,,$142389,$24370,,
2016,6037301501,Census Tract 3015.01,Glendale,Los Angeles County,California,Glendale,108538.0,13065.0,106645.0,16587.0,,,,,219746.0,170930.0,,,,,109791.0,73790.0,105924.0,19115.0,,,$108538,$13065,$106645,$16587,,,,,$219746,$170930,,,,,$109791,$73790,$105924,$19115,,
2016,6037301502,Census Tract 3015.02,Glendale,Los Angeles County,California,Glendale,59161.0,11126.0,50463.0,15636.0,,,,,116073.0,37153.0,,,,,,,45640.0,14283.0,,,$59161,$11126,$50463,$15636,,,,,$116073,$37153,,,,,,,$45640,$14283,,
2016,6037301601,Census Tract 3016.01,Glendale,Los Angeles County,California,Glendale,52283.0,14586.0,38333.0,10292.0,,,,,69193.0,20507.0,,,85690.0,8268.0,,,36987.0,6880.0,83524.0,11479.0,$52283,$14586,$38333,$10292,,,,,$69193,$20507,,,$85690,$8268,,,$36987,$6880,$83524,$11479
2016,6037301602,Census Tract 3016.02,Glendale,Los Angeles County,California,Glendale,70593.0,6665.0,70791.0,7360.0,,,,,84938.0,24643.0,,,53312.0,8305.0,,,72027.0,8909.0,57479.0,15178.0,$70593,$6665,$70791,$7360,,,,,$84938,$24643,,,$53312,$8305,,,$72027,$8909,$57479,$15178
2016,6037301701,Census Tract 3017.01,Glendale,Los Angeles County,California,Glendale,91232.0,28969.0,98976.0,27222.0,,,,,,,,,,,,,105025.0,29081.0,83338.0,68744.0,$91232,$28969,$98976,$27222,,,,,,,,,,,,,$105025,$29081,$83338,$68744
2016,6037301702,Census Tract 3017.02,Glendale,Los Angeles County,California,Glendale,59388.0,12190.0,62305.0,11363.0,69480.0,27466.0,,,57536.0,29098.0,,,43294.0,20405.0,,,63978.0,11885.0,45909.0,3037.0,$59388,$12190,$62305,$11363,$69480,$27466,,,$57536,$29098,,,$43294,$20405,,,$63978,$11885,$45909,$3037
2016,6037301801,Census Tract 3018.01,Glendale,Los Angeles County,California,Glendale,67613.0,17586.0,56790.0,9603.0,,,,,104962.0,16362.0,,,96135.0,49637.0,91930.0,54350.0,55467.0,16985.0,60274.0,13719.0,$67613,$17586,$56790,$9603,,,,,$104962,$16362,,,$96135,$49637,$91930,$54350,$55467,$16985,$60274,$13719
2016,6037301802,Census Tract 3018.02,Glendale,Los Angeles County,California,Glendale,51246.0,28058.0,42219.0,6131.0,,,,,112721.0,11323.0,,,82306.0,67616.0,24580.0,3083.0,42828.0,11838.0,42401.0,18365.0,$51246,$28058,$42219,$6131,,,,,$112721,$11323,,,$82306,$67616,$24580,$3083,$42828,$11838,$42401,$18365
2016,6037301900,Census Tract 3019,Glendale,Los Angeles County,California,Glendale,65281.0,6806.0,60830.0,8220.0,,,,,98693.0,42117.0,,,31088.0,7636.0,105422.0,99107.0,58992.0,20917.0,79852.0,22370.0,$65281,$6806,$60830,$8220,,,,,$98693,$42117,,,$31088,$7636,$105422,$99107,$58992,$20917,$79852,$22370
2016,6037302002,Census Tract 3020.02,Glendale,Los Angeles County,California,Glendale,61140.0,5029.0,59011.0,7173.0,89103.0,86429.0,,,110202.0,65335.0,,,32305.0,29615.0,65138.0,48378.0,59905.0,6435.0,41377.0,34652.0,$61140,$5029,$59011,$7173,$89103,$86429,,,$110202,$65335,,,$32305,$29615,$65138,$48378,$59905,$6435,$41377,$34652
2016,6037302003,Census Tract 3020.03,Glendale,Los Angeles County,California,Glendale,42197.0,13344.0,37954.0,10604.0,,,,,90202.0,51104.0,,,93077.0,62663.0,106650.0,89219.0,35665.0,10912.0,82251.0,52119.0,$42197,$13344,$37954,$10604,,,,,$90202,$51104,,,$93077,$62663,$106650,$89219,$35665,$10912,$82251,$52119
2016,6037302004,Census Tract 3020.04,Glendale,Los Angeles County,California,Glendale,61501.0,12000.0,49980.0,12964.0,,,,,80705.0,34745.0,,,,,112947.0,58463.0,50307.0,26685.0,54349.0,7538.0,$61501,$12000,$49980,$12964,,,,,$80705,$34745,,,,,$112947,$58463,$50307,$26685,$54349,$7538
2016,6037302102,Census Tract 3021.02,Glendale,Los Angeles County,California,Glendale,65729.0,11397.0,60763.0,14545.0,,,,,,,,,67420.0,34323.0,,,66103.0,17775.0,52789.0,19621.0,$65729,$11397,$60763,$14545,,,,,,,,,$67420,$34323,,,$66103,$17775,$52789,$19621
2016,6037302103,Census Tract 3021.03,Glendale,Los Angeles County,California,Glendale,51233.0,7118.0,41961.0,11189.0,,,,,109550.0,19654.0,,,64629.0,5865.0,,,34571.0,8575.0,65481.0,11662.0,$51233,$7118,$41961,$11189,,,,,$109550,$19654,,,$64629,$5865,,,$34571,$8575,$65481,$11662
2016,6037302104,Census Tract 3021.04,Glendale,Los Angeles County,California,Glendale,71282.0,21987.0,48718.0,21168.0,,,,,103100.0,46367.0,,,82480.0,53043.0,120443.0,88528.0,48534.0,22556.0,71446.0,26977.0,$71282,$21987,$48718,$21168,,,,,$103100,$46367,,,$82480,$53043,$120443,$88528,$48534,$22556,$71446,$26977
2016,6037302201,Census Tract 3022.01,Glendale,Los Angeles County,California,Glendale,29824.0,5573.0,26562.0,4940.0,,,,,79476.0,27088.0,,,20835.0,5338.0,,,23980.0,4538.0,59648.0,34796.0,$29824,$5573,$26562,$4940,,,,,$79476,$27088,,,$20835,$5338,,,$23980,$4538,$59648,$34796
2016,6037302202,Census Tract 3022.02,Glendale,Los Angeles County,California,Glendale,46237.0,10292.0,37953.0,12256.0,,,,,77500.0,37374.0,,,47695.0,9291.0,,,37017.0,8003.0,47630.0,15182.0,$46237,$10292,$37953,$12256,,,,,$77500,$37374,,,$47695,$9291,,,$37017,$8003,$47630,$15182
2016,6037302301,Census Tract 3023.01,Glendale,Los Angeles County,California,Glendale,73478.0,17240.0,56945.0,17641.0,,,,,131396.0,44187.0,,,54076.0,20979.0,181720.0,84768.0,56056.0,16844.0,55080.0,32864.0,$73478,$17240,$56945,$17641,,,,,$131396,$44187,,,$54076,$20979,$181720,$84768,$56056,$16844,$55080,$32864
2016,6037302302,Census Tract 3023.02,Glendale,Los Angeles County,California,Glendale,59413.0,11633.0,53340.0,8505.0,49936.0,47300.0,,,80131.0,19019.0,,,65138.0,48117.0,32956.0,2982.0,45200.0,12573.0,63687.0,2704.0,$59413,$11633,$53340,$8505,$49936,$47300,,,$80131,$19019,,,$65138,$48117,$32956,$2982,$45200,$12573,$63687,$2704
2016,6037302401,Census Tract 3024.01,Glendale,Los Angeles County,California,Glendale,46128.0,12023.0,37242.0,14996.0,65866.0,23172.0,,,107685.0,42777.0,,,,,,,31086.0,5714.0,54825.0,21847.0,$46128,$12023,$37242,$14996,$65866,$23172,,,$107685,$42777,,,,,,,$31086,$5714,$54825,$21847
2016,6037302503,Census Tract 3025.03,Glendale,Los Angeles County,California,Glendale,47262.0,10026.0,33976.0,5060.0,,,,,73506.0,8234.0,,,67043.0,9692.0,,,33167.0,6814.0,60631.0,21941.0,$47262,$10026,$33976,$5060,,,,,$73506,$8234,,,$67043,$9692,,,$33167,$6814,$60631,$21941
2016,6037302504,Census Tract 3025.04,Glendale,Los Angeles County,California,Glendale,43673.0,6637.0,41072.0,7164.0,,,,,102342.0,34100.0,,,40360.0,17827.0,,,39642.0,6062.0,41999.0,15262.0,$43673,$6637,$41072,$7164,,,,,$102342,$34100,,,$40360,$17827,,,$39642,$6062,$41999,$15262
2016,6037302505,Census Tract 3025.05,Glendale,Los Angeles County,California,Glendale,45593.0,11134.0,33459.0,6960.0,,,,,63499.0,22430.0,,,51693.0,23301.0,,,26193.0,6631.0,65000.0,17568.0,$45593,$11134,$33459,$6960,,,,,$63499,$22430,,,$51693,$23301,,,$26193,$6631,$65000,$17568
2016,6037302506,Census Tract 3025.06,Glendale,Los Angeles County,California,Glendale,71571.0,4499.0,69055.0,28949.0,103670.0,6932.0,,,100983.0,29647.0,,,,,,,69696.0,22725.0,67401.0,11230.0,$71571,$4499,$69055,$28949,$103670,$6932,,,$100983,$29647,,,,,,,$69696,$22725,$67401,$11230
2016,6037460700,Census Tract 4607,Glendale,Los Angeles County,California,Glendale,241213.0,49809.0,245392.0,67840.0,,,,,236789.0,136734.0,,,,,,,272020.0,66868.0,,,$241213,$49809,$245392,$67840,,,,,$236789,$136734,,,,,,,$272020,$66868,,
2016,6037930101,Census Tract 9301.01,Glendale,Los Angeles County,California,Glendale,90127.0,37603.0,90574.0,51284.0,,,,,,,,,,,,,89978.0,46183.0,,,$90127,$37603,$90574,$51284,,,,,,,,,,,,,$89978,$46183,,
2017,6037181000,Census Tract 1810,Glendale,Los Angeles County,California,Glendale,144913.0,18795.0,141904.0,24981.0,,,,,177304.0,89333.0,,,,,155895.0,95606.0,138922.0,42956.0,146513.0,21630.0,$144913,$18795,$141904,$24981,,,,,$177304,$89333,,,,,$155895,$95606,$138922,$42956,$146513,$21630
2017,6037188100,Census Tract 1881,Glendale,Los Angeles County,California,Glendale,72110.0,10806.0,75118.0,16331.0,62578.0,1323.0,,,,,,,54672.0,13664.0,95115.0,15765.0,77286.0,30218.0,57686.0,28260.0,$72110,$10806,$75118,$16331,$62578,$1323,,,,,,,$54672,$13664,$95115,$15765,$77286,$30218,$57686,$28260
2017,6037300301,Census Tract 3003.01,Glendale,Los Angeles County,California,Glendale,134371.0,12044.0,139257.0,14560.0,,,,,117133.0,12469.0,,,,,,,132317.0,15168.0,192483.0,96654.0,$134371,$12044,$139257,$14560,,,,,$117133,$12469,,,,,,,$132317,$15168,$192483,$96654
2017,6037300400,Census Tract 3004,Glendale,Los Angeles County,California,Glendale,118838.0,18663.0,123102.0,21637.0,,,,,92208.0,60326.0,,,107506.0,73291.0,,,109073.0,25904.0,138116.0,79362.0,$118838,$18663,$123102,$21637,,,,,$92208,$60326,,,$107506,$73291,,,$109073,$25904,$138116,$79362
2017,6037300501,Census Tract 3005.01,Glendale,Los Angeles County,California,Glendale,130303.0,27330.0,132465.0,37020.0,,,,,126760.0,49851.0,,,,,136960.0,107348.0,116491.0,41865.0,140276.0,37248.0,$130303,$27330,$132465,$37020,,,,,$126760,$49851,,,,,$136960,$107348,$116491,$41865,$140276,$37248
2017,6037300502,Census Tract 3005.02,Glendale,Los Angeles County,California,Glendale,91246.0,14738.0,88926.0,17016.0,,,,,155215.0,51112.0,,,,,,,92048.0,19754.0,81030.0,47713.0,$91246,$14738,$88926,$17016,,,,,$155215,$51112,,,,,,,$92048,$19754,$81030,$47713
2017,6037300600,Census Tract 3006,Glendale,Los Angeles County,California,Glendale,79255.0,16220.0,82310.0,16881.0,,,,,76217.0,46310.0,,,40975.0,13971.0,,,81218.0,18609.0,66180.0,41603.0,$79255,$16220,$82310,$16881,,,,,$76217,$46310,,,$40975,$13971,,,$81218,$18609,$66180,$41603
2017,6037300701,Census Tract 3007.01,Glendale,Los Angeles County,California,Glendale,154645.0,15587.0,163130.0,22338.0,,,,,148145.0,82263.0,,,,,,,164420.0,21092.0,128632.0,111091.0,$154645,$15587,$163130,$22338,,,,,$148145,$82263,,,,,,,$164420,$21092,$128632,$111091
2017,6037300702,Census Tract 3007.02,Glendale,Los Angeles County,California,Glendale,157247.0,33440.0,141124.0,49386.0,,,,,,,,,,,,,153206.0,46154.0,,,$157247,$33440,$141124,$49386,,,,,,,,,,,,,$153206,$46154,,
2017,6037300800,Census Tract 3008,Glendale,Los Angeles County,California,Glendale,116834.0,19239.0,117133.0,19994.0,,,,,127314.0,80007.0,,,86847.0,77242.0,197653.0,26930.0,127333.0,17975.0,60710.0,19732.0,$116834,$19239,$117133,$19994,,,,,$127314,$80007,,,$86847,$77242,$197653,$26930,$127333,$17975,$60710,$19732
2017,6037300901,Census Tract 3009.01,Glendale,Los Angeles County,California,Glendale,200249.0,37830.0,192453.0,37502.0,,,,,181056.0,60133.0,,,,,287885.0,124055.0,219883.0,34499.0,180221.0,101887.0,$200249,$37830,$192453,$37502,,,,,$181056,$60133,,,,,$287885,$124055,$219883,$34499,$180221,$101887
2017,6037300902,Census Tract 3009.02,Glendale,Los Angeles County,California,Glendale,174439.0,12854.0,171688.0,14141.0,,,,,181685.0,20320.0,,,,,,,169167.0,18433.0,185167.0,49944.0,$174439,$12854,$171688,$14141,,,,,$181685,$20320,,,,,,,$169167,$18433,$185167,$49944
2017,6037301000,Census Tract 3010,Glendale,Los Angeles County,California,Glendale,73589.0,11816.0,64953.0,12797.0,,,,,83802.0,20052.0,,,65252.0,16949.0,130371.0,14566.0,68267.0,15940.0,55624.0,18454.0,$73589,$11816,$64953,$12797,,,,,$83802,$20052,,,$65252,$16949,$130371,$14566,$68267,$15940,$55624,$18454
2017,6037301100,Census Tract 3011,Glendale,Los Angeles County,California,Glendale,87533.0,28756.0,75789.0,29774.0,,,,,109388.0,57183.0,,,,,178836.0,120557.0,68773.0,29325.0,105727.0,57995.0,$87533,$28756,$75789,$29774,,,,,$109388,$57183,,,,,$178836,$120557,$68773,$29325,$105727,$57995
2017,6037301203,Census Tract 3012.03,Glendale,Los Angeles County,California,Glendale,77861.0,10870.0,70521.0,14328.0,79353.0,45351.0,,,149425.0,117887.0,,,97478.0,90767.0,76312.0,43468.0,64628.0,10453.0,106656.0,52409.0,$77861,$10870,$70521,$14328,$79353,$45351,,,$149425,$117887,,,$97478,$90767,$76312,$43468,$64628,$10453,$106656,$52409
2017,6037301204,Census Tract 3012.04,Glendale,Los Angeles County,California,Glendale,68182.0,11794.0,60171.0,17384.0,120542.0,77810.0,,,97700.0,34116.0,,,,,158560.0,90843.0,53171.0,14650.0,77457.0,46581.0,$68182,$11794,$60171,$17384,$120542,$77810,,,$97700,$34116,,,,,$158560,$90843,$53171,$14650,$77457,$46581
2017,6037301205,Census Tract 3012.05,Glendale,Los Angeles County,California,Glendale,136655.0,19319.0,139397.0,15608.0,,,,,103618.0,28530.0,,,,,,,139397.0,16062.0,104543.0,77792.0,$136655,$19319,$139397,$15608,,,,,$103618,$28530,,,,,,,$139397,$16062,$104543,$77792
2017,6037301206,Census Tract 3012.06,Glendale,Los Angeles County,California,Glendale,71498.0,13482.0,66389.0,19542.0,,,,,89966.0,19440.0,,,39744.0,32732.0,,,67191.0,18940.0,40484.0,10799.0,$71498,$13482,$66389,$19542,,,,,$89966,$19440,,,$39744,$32732,,,$67191,$18940,$40484,$10799
2017,6037301300,Census Tract 3013,Glendale,Los Angeles County,California,Glendale,147161.0,27503.0,145271.0,29622.0,,,,,308745.0,295974.0,,,,,,,136655.0,29855.0,272134.0,94723.0,$147161,$27503,$145271,$29622,,,,,$308745,$295974,,,,,,,$136655,$29855,$272134,$94723
2017,6037301400,Census Tract 3014,Glendale,Los Angeles County,California,Glendale,159945.0,46925.0,159363.0,48111.0,,,,,188982.0,104911.0,,,,,,,159289.0,49070.0,,,$159945,$46925,$159363,$48111,,,,,$188982,$104911,,,,,,,$159289,$49070,,
2017,6037301501,Census Tract 3015.01,Glendale,Los Angeles County,California,Glendale,111696.0,15868.0,109037.0,15664.0,,,,,191906.0,145447.0,,,,,110180.0,96299.0,109512.0,15125.0,,,$111696,$15868,$109037,$15664,,,,,$191906,$145447,,,,,$110180,$96299,$109512,$15125,,
2017,6037301502,Census Tract 3015.02,Glendale,Los Angeles County,California,Glendale,61808.0,15041.0,51858.0,17930.0,,,,,117874.0,40495.0,,,26708.0,9640.0,,,49196.0,14311.0,,,$61808,$15041,$51858,$17930,,,,,$117874,$40495,,,$26708,$9640,,,$49196,$14311,,
2017,6037301601,Census Tract 3016.01,Glendale,Los Angeles County,California,Glendale,51970.0,23378.0,37471.0,17296.0,,,,,72205.0,41377.0,,,85284.0,58156.0,,,35426.0,13295.0,83620.0,42942.0,$51970,$23378,$37471,$17296,,,,,$72205,$41377,,,$85284,$58156,,,$35426,$13295,$83620,$42942
2017,6037301602,Census Tract 3016.02,Glendale,Los Angeles County,California,Glendale,71289.0,6799.0,71724.0,8977.0,,,,,83919.0,23623.0,,,53423.0,10324.0,69872.0,36090.0,73329.0,7462.0,60323.0,19112.0,$71289,$6799,$71724,$8977,,,,,$83919,$23623,,,$53423,$10324,$69872,$36090,$73329,$7462,$60323,$19112
2017,6037301701,Census Tract 3017.01,Glendale,Los Angeles County,California,Glendale,103227.0,20538.0,100374.0,21724.0,,,,,121411.0,54418.0,,,100100.0,50575.0,,,97501.0,21755.0,101211.0,27948.0,$103227,$20538,$100374,$21724,,,,,$121411,$54418,,,$100100,$50575,,,$97501,$21755,$101211,$27948
2017,6037301702,Census Tract 3017.02,Glendale,Los Angeles County,California,Glendale,60724.0,9688.0,61837.0,11193.0,68596.0,7412.0,,,69684.0,35216.0,,,45570.0,5865.0,30615.0,28294.0,63113.0,9264.0,46813.0,7018.0,$60724,$9688,$61837,$11193,$68596,$7412,,,$69684,$35216,,,$45570,$5865,$30615,$28294,$63113,$9264,$46813,$7018
2017,6037301801,Census Tract 3018.01,Glendale,Los Angeles County,California,Glendale,70685.0,15928.0,58049.0,7734.0,,,,,107117.0,13903.0,,,97678.0,43897.0,88572.0,42393.0,53256.0,12921.0,76728.0,33700.0,$70685,$15928,$58049,$7734,,,,,$107117,$13903,,,$97678,$43897,$88572,$42393,$53256,$12921,$76728,$33700
2017,6037301802,Census Tract 3018.02,Glendale,Los Angeles County,California,Glendale,68164.0,13575.0,44064.0,17035.0,,,,,113401.0,19750.0,,,,,,,52469.0,26027.0,38223.0,16694.0,$68164,$13575,$44064,$17035,,,,,$113401,$19750,,,,,,,$52469,$26027,$38223,$16694
2017,6037301900,Census Tract 3019,Glendale,Los Angeles County,California,Glendale,64539.0,7867.0,60397.0,8496.0,131165.0,22887.0,,,100212.0,56637.0,,,25488.0,17257.0,,,59767.0,10138.0,59274.0,37649.0,$64539,$7867,$60397,$8496,$131165,$22887,,,$100212,$56637,,,$25488,$17257,,,$59767,$10138,$59274,$37649
2017,6037302002,Census Tract 3020.02,Glendale,Los Angeles County,California,Glendale,58513.0,7847.0,56926.0,8930.0,,,,,92664.0,59771.0,,,30487.0,22022.0,62378.0,37018.0,59180.0,8393.0,37038.0,19560.0,$58513,$7847,$56926,$8930,,,,,$92664,$59771,,,$30487,$22022,$62378,$37018,$59180,$8393,$37038,$19560
2017,6037302003,Census Tract 3020.03,Glendale,Los Angeles County,California,Glendale,55941.0,11706.0,48247.0,19646.0,,,,,92950.0,65769.0,,,94523.0,70001.0,104999.0,103959.0,40475.0,21881.0,53818.0,24772.0,$55941,$11706,$48247,$19646,,,,,$92950,$65769,,,$94523,$70001,$104999,$103959,$40475,$21881,$53818,$24772
2017,6037302004,Census Tract 3020.04,Glendale,Los Angeles County,California,Glendale,54223.0,21504.0,45405.0,15619.0,,,,,87886.0,64279.0,,,52309.0,26769.0,110715.0,73653.0,46426.0,21080.0,45844.0,21986.0,$54223,$21504,$45405,$15619,,,,,$87886,$64279,,,$52309,$26769,$110715,$73653,$46426,$21080,$45844,$21986
2017,6037302102,Census Tract 3021.02,Glendale,Los Angeles County,California,Glendale,72765.0,15116.0,66017.0,16714.0,85703.0,62489.0,,,144571.0,46052.0,,,54211.0,38891.0,,,77376.0,21781.0,46627.0,21339.0,$72765,$15116,$66017,$16714,$85703,$62489,,,$144571,$46052,,,$54211,$38891,,,$77376,$21781,$46627,$21339
2017,6037302103,Census Tract 3021.03,Glendale,Los Angeles County,California,Glendale,50972.0,8751.0,42177.0,15132.0,,,,,91090.0,28009.0,,,63610.0,20916.0,,,34066.0,11404.0,62464.0,12672.0,$50972,$8751,$42177,$15132,,,,,$91090,$28009,,,$63610,$20916,,,$34066,$11404,$62464,$12672
2017,6037302104,Census Tract 3021.04,Glendale,Los Angeles County,California,Glendale,63140.0,11656.0,56096.0,16251.0,35122.0,21337.0,,,104297.0,50858.0,,,64785.0,61415.0,119807.0,65873.0,56994.0,21724.0,53953.0,29892.0,$63140,$11656,$56096,$16251,$35122,$21337,,,$104297,$50858,,,$64785,$61415,$119807,$65873,$56994,$21724,$53953,$29892
2017,6037302201,Census Tract 3022.01,Glendale,Los Angeles County,California,Glendale,27627.0,4602.0,25952.0,3977.0,,,,,66589.0,43312.0,,,,,,,24959.0,3883.0,,,$27627,$4602,$25952,$3977,,,,,$66589,$43312,,,,,,,$24959,$3883,,
2017,6037302202,Census Tract 3022.02,Glendale,Los Angeles County,California,Glendale,42959.0,12110.0,37312.0,9013.0,,,,,67199.0,15198.0,,,,,,,36629.0,8055.0,48068.0,10256.0,$42959,$12110,$37312,$9013,,,,,$67199,$15198,,,,,,,$36629,$8055,$48068,$10256
2017,6037302301,Census Tract 3023.01,Glendale,Los Angeles County,California,Glendale,78624.0,16915.0,66479.0,19750.0,,,,,124175.0,30049.0,,,53994.0,27468.0,180738.0,113600.0,65030.0,23803.0,67177.0,36707.0,$78624,$16915,$66479,$19750,,,,,$124175,$30049,,,$53994,$27468,$180738,$113600,$65030,$23803,$67177,$36707
2017,6037302302,Census Tract 3023.02,Glendale,Los Angeles County,California,Glendale,59394.0,7111.0,55117.0,8878.0,49269.0,30374.0,,,74412.0,19831.0,,,63713.0,44817.0,33896.0,1140.0,49599.0,5865.0,65592.0,8306.0,$59394,$7111,$55117,$8878,$49269,$30374,,,$74412,$19831,,,$63713,$44817,$33896,$1140,$49599,$5865,$65592,$8306
2017,6037302401,Census Tract 3024.01,Glendale,Los Angeles County,California,Glendale,44680.0,9467.0,32036.0,9897.0,,,,,105443.0,39239.0,,,,,,,29366.0,7851.0,56071.0,24515.0,$44680,$9467,$32036,$9897,,,,,$105443,$39239,,,,,,,$29366,$7851,$56071,$24515
2017,6037302503,Census Tract 3025.03,Glendale,Los Angeles County,California,Glendale,44849.0,12890.0,36153.0,15378.0,,,,,74879.0,29090.0,,,64461.0,14410.0,67570.0,58605.0,31751.0,7354.0,63220.0,25416.0,$44849,$12890,$36153,$15378,,,,,$74879,$29090,,,$64461,$14410,$67570,$58605,$31751,$7354,$63220,$25416
2017,6037302504,Census Tract 3025.04,Glendale,Los Angeles County,California,Glendale,44021.0,5307.0,38304.0,7829.0,,,,,95672.0,31071.0,,,45106.0,12296.0,,,39818.0,8134.0,42953.0,17071.0,$44021,$5307,$38304,$7829,,,,,$95672,$31071,,,$45106,$12296,,,$39818,$8134,$42953,$17071
2017,6037302505,Census Tract 3025.05,Glendale,Los Angeles County,California,Glendale,45240.0,9889.0,35300.0,8973.0,,,,,71670.0,21879.0,,,59369.0,19644.0,,,31546.0,7694.0,62899.0,15782.0,$45240,$9889,$35300,$8973,,,,,$71670,$21879,,,$59369,$19644,,,$31546,$7694,$62899,$15782
2017,6037302506,Census Tract 3025.06,Glendale,Los Angeles County,California,Glendale,76061.0,6936.0,56726.0,30430.0,101503.0,5190.0,,,101556.0,29366.0,,,,,,,52359.0,16306.0,85952.0,11111.0,$76061,$6936,$56726,$30430,$101503,$5190,,,$101556,$29366,,,,,,,$52359,$16306,$85952,$11111
2017,6037460700,Census Tract 4607,Glendale,Los Angeles County,California,Glendale,230736.0,56243.0,229613.0,66240.0,,,,,247816.0,117627.0,,,,,,,247540.0,74590.0,65569.0,44427.0,$230736,$56243,$229613,$66240,,,,,$247816,$117627,,,,,,,$247540,$74590,$65569,$44427
2017,6037930101,Census Tract 9301.01,Glendale,Los Angeles County,California,Glendale,133637.0,65855.0,134553.0,61877.0,,,,,,,,,,,,,,,,,$133637,$65855,$134553,$61877,,,,,,,,,,,,,,,,
2018,6037181000,Census Tract 1810,Glendale,Los Angeles County,California,Glendale,147119.0,12269.0,150941.0,17556.0,,,,,188936.0,75786.0,,,,,142903.0,116136.0,145276.0,24689.0,150929.0,32238.0,$147119,$12269,$150941,$17556,,,,,$188936,$75786,,,,,$142903,$116136,$145276,$24689,$150929,$32238
2018,6037188100,Census Tract 1881,Glendale,Los Angeles County,California,Glendale,74313.0,12626.0,84805.0,25441.0,64219.0,7793.0,,,126871.0,45839.0,,,52158.0,15667.0,84858.0,27695.0,79329.0,28175.0,65576.0,27398.0,$74313,$12626,$84805,$25441,$64219,$7793,,,$126871,$45839,,,$52158,$15667,$84858,$27695,$79329,$28175,$65576,$27398
2018,6037300301,Census Tract 3003.01,Glendale,Los Angeles County,California,Glendale,134479.0,15064.0,140883.0,13982.0,,,,,116024.0,18741.0,,,,,271102.0,226432.0,135633.0,16805.0,173554.0,43225.0,$134479,$15064,$140883,$13982,,,,,$116024,$18741,,,,,$271102,$226432,$135633,$16805,$173554,$43225
2018,6037300400,Census Tract 3004,Glendale,Los Angeles County,California,Glendale,112837.0,20707.0,120322.0,23725.0,,,,,92983.0,37609.0,,,140486.0,74950.0,238904.0,89543.0,103859.0,22289.0,166309.0,69544.0,$112837,$20707,$120322,$23725,,,,,$92983,$37609,,,$140486,$74950,$238904,$89543,$103859,$22289,$166309,$69544
2018,6037300501,Census Tract 3005.01,Glendale,Los Angeles County,California,Glendale,138398.0,16862.0,131884.0,52317.0,,,,,143093.0,44893.0,,,,,182831.0,87467.0,104702.0,27070.0,158943.0,27882.0,$138398,$16862,$131884,$52317,,,,,$143093,$44893,,,,,$182831,$87467,$104702,$27070,$158943,$27882
2018,6037300502,Census Tract 3005.02,Glendale,Los Angeles County,California,Glendale,94887.0,20598.0,80010.0,22014.0,,,,,156066.0,31328.0,,,83268.0,6069.0,,,81015.0,22002.0,81878.0,26765.0,$94887,$20598,$80010,$22014,,,,,$156066,$31328,,,$83268,$6069,,,$81015,$22002,$81878,$26765
2018,6037300600,Census Tract 3006,Glendale,Los Angeles County,California,Glendale,85308.0,12903.0,86091.0,12383.0,83592.0,23248.0,,,117082.0,56972.0,,,39808.0,10760.0,,,88301.0,17172.0,63028.0,36404.0,$85308,$12903,$86091,$12383,$83592,$23248,,,$117082,$56972,,,$39808,$10760,,,$88301,$17172,$63028,$36404
2018,6037300701,Census Tract 3007.01,Glendale,Los Angeles County,California,Glendale,149173.0,16387.0,157482.0,20125.0,,,,,,,,,,,,,159048.0,19792.0,108598.0,80174.0,$149173,$16387,$157482,$20125,,,,,,,,,,,,,$159048,$19792,$108598,$80174
2018,6037300702,Census Tract 3007.02,Glendale,Los Angeles County,California,Glendale,148760.0,19467.0,138941.0,14807.0,,,,,176848.0,82743.0,,,,,,,140748.0,22846.0,,,$148760,$19467,$138941,$14807,,,,,$176848,$82743,,,,,,,$140748,$22846,,
2018,6037300800,Census Tract 3008,Glendale,Los Angeles County,California,Glendale,108076.0,27705.0,104943.0,29633.0,,,,,125828.0,77273.0,,,,,196490.0,46228.0,118799.0,25233.0,66755.0,32652.0,$108076,$27705,$104943,$29633,,,,,$125828,$77273,,,,,$196490,$46228,$118799,$25233,$66755,$32652
2018,6037300901,Census Tract 3009.01,Glendale,Los Angeles County,California,Glendale,183663.0,18085.0,182487.0,38429.0,,,,,197838.0,44563.0,,,,,289045.0,83899.0,183034.0,52453.0,182351.0,81951.0,$183663,$18085,$182487,$38429,,,,,$197838,$44563,,,,,$289045,$83899,$183034,$52453,$182351,$81951
2018,6037300902,Census Tract 3009.02,Glendale,Los Angeles County,California,Glendale,167842.0,15391.0,169422.0,22067.0,,,,,165357.0,33741.0,,,,,,,164776.0,28249.0,187644.0,48541.0,$167842,$15391,$169422,$22067,,,,,$165357,$33741,,,,,,,$164776,$28249,$187644,$48541
2018,6037301000,Census Tract 3010,Glendale,Los Angeles County,California,Glendale,79154.0,8387.0,70484.0,16520.0,,,,,87168.0,25493.0,,,85169.0,39134.0,133137.0,44736.0,74556.0,19223.0,63223.0,25141.0,$79154,$8387,$70484,$16520,,,,,$87168,$25493,,,$85169,$39134,$133137,$44736,$74556,$19223,$63223,$25141
2018,6037301100,Census Tract 3011,Glendale,Los Angeles County,California,Glendale,97471.0,23392.0,80364.0,30234.0,,,,,126088.0,43596.0,,,,,180126.0,152918.0,72990.0,31846.0,102967.0,80655.0,$97471,$23392,$80364,$30234,,,,,$126088,$43596,,,,,$180126,$152918,$72990,$31846,$102967,$80655
2018,6037301203,Census Tract 3012.03,Glendale,Los Angeles County,California,Glendale,79832.0,7829.0,79074.0,15278.0,80861.0,57501.0,,,,,,,,,76980.0,17153.0,70223.0,19833.0,96776.0,13227.0,$79832,$7829,$79074,$15278,$80861,$57501,,,,,,,,,$76980,$17153,$70223,$19833,$96776,$13227
2018,6037301204,Census Tract 3012.04,Glendale,Los Angeles County,California,Glendale,71398.0,18155.0,67843.0,19269.0,119589.0,41412.0,,,122989.0,48422.0,,,,,,,57758.0,19243.0,76749.0,42650.0,$71398,$18155,$67843,$19269,$119589,$41412,,,$122989,$48422,,,,,,,$57758,$19243,$76749,$42650
2018,6037301205,Census Tract 3012.05,Glendale,Los Angeles County,California,Glendale,138675.0,7669.0,140464.0,13905.0,,,,,104831.0,39531.0,,,,,,,147474.0,20807.0,81164.0,47977.0,$138675,$7669,$140464,$13905,,,,,$104831,$39531,,,,,,,$147474,$20807,$81164,$47977
2018,6037301206,Census Tract 3012.06,Glendale,Los Angeles County,California,Glendale,72126.0,15278.0,63789.0,21326.0,,,,,92232.0,18191.0,,,,,,,62720.0,28684.0,64611.0,16171.0,$72126,$15278,$63789,$21326,,,,,$92232,$18191,,,,,,,$62720,$28684,$64611,$16171
2018,6037301300,Census Tract 3013,Glendale,Los Angeles County,California,Glendale,150679.0,26241.0,146099.0,25858.0,,,,,,,,,,,,,145505.0,28301.0,264316.0,112544.0,$150679,$26241,$146099,$25858,,,,,,,,,,,,,$145505,$28301,$264316,$112544
2018,6037301400,Census Tract 3014,Glendale,Los Angeles County,California,Glendale,176322.0,43263.0,157973.0,52646.0,,,,,202054.0,40864.0,,,,,,,158720.0,52955.0,,,$176322,$43263,$157973,$52646,,,,,$202054,$40864,,,,,,,$158720,$52955,,
2018,6037301501,Census Tract 3015.01,Glendale,Los Angeles County,California,Glendale,121725.0,47132.0,121053.0,38645.0,,,,,223356.0,150465.0,,,,,,,121725.0,38870.0,,,$121725,$47132,$121053,$38645,,,,,$223356,$150465,,,,,,,$121725,$38870,,
2018,6037301502,Census Tract 3015.02,Glendale,Los Angeles County,California,Glendale,60259.0,13762.0,55005.0,15191.0,,,,,117639.0,60293.0,,,,,131906.0,113254.0,52801.0,15933.0,,,$60259,$13762,$55005,$15191,,,,,$117639,$60293,,,,,$131906,$113254,$52801,$15933,,
2018,6037301601,Census Tract 3016.01,Glendale,Los Angeles County,California,Glendale,55466.0,21489.0,37029.0,19713.0,,,,,74630.0,69331.0,,,85450.0,25864.0,107467.0,13602.0,33732.0,7898.0,83694.0,21613.0,$55466,$21489,$37029,$19713,,,,,$74630,$69331,,,$85450,$25864,$107467,$13602,$33732,$7898,$83694,$21613
2018,6037301602,Census Tract 3016.02,Glendale,Los Angeles County,California,Glendale,71689.0,5642.0,71121.0,9405.0,70979.0,68670.0,,,81673.0,67969.0,,,67508.0,38430.0,52057.0,29049.0,71659.0,10403.0,72137.0,18806.0,$71689,$5642,$71121,$9405,$70979,$68670,,,$81673,$67969,,,$67508,$38430,$52057,$29049,$71659,$10403,$72137,$18806
2018,6037301701,Census Tract 3017.01,Glendale,Los Angeles County,California,Glendale,100439.0,17703.0,97566.0,19380.0,,,,,90419.0,65909.0,,,100374.0,43639.0,,,97616.0,19719.0,88967.0,27667.0,$100439,$17703,$97566,$19380,,,,,$90419,$65909,,,$100374,$43639,,,$97616,$19719,$88967,$27667
2018,6037301702,Census Tract 3017.02,Glendale,Los Angeles County,California,Glendale,62998.0,7463.0,63169.0,8618.0,70745.0,11110.0,,,82567.0,58110.0,,,45647.0,4185.0,32767.0,27013.0,64343.0,11740.0,44779.0,4921.0,$62998,$7463,$63169,$8618,$70745,$11110,,,$82567,$58110,,,$45647,$4185,$32767,$27013,$64343,$11740,$44779,$4921
2018,6037301801,Census Tract 3018.01,Glendale,Los Angeles County,California,Glendale,79197.0,10064.0,71267.0,15017.0,307955.0,248253.0,,,108468.0,21078.0,,,97705.0,42704.0,,,64062.0,15297.0,79708.0,30068.0,$79197,$10064,$71267,$15017,$307955,$248253,,,$108468,$21078,,,$97705,$42704,,,$64062,$15297,$79708,$30068
2018,6037301802,Census Tract 3018.02,Glendale,Los Angeles County,California,Glendale,65021.0,11417.0,48095.0,16550.0,,,,,101383.0,48943.0,,,45280.0,44293.0,,,56387.0,19944.0,38738.0,20720.0,$65021,$11417,$48095,$16550,,,,,$101383,$48943,,,$45280,$44293,,,$56387,$19944,$38738,$20720
2018,6037301900,Census Tract 3019,Glendale,Los Angeles County,California,Glendale,70791.0,18226.0,70180.0,19502.0,,,,,93551.0,27524.0,,,31811.0,14177.0,,,69222.0,20650.0,51322.0,34733.0,$70791,$18226,$70180,$19502,,,,,$93551,$27524,,,$31811,$14177,,,$69222,$20650,$51322,$34733
2018,6037302002,Census Tract 3020.02,Glendale,Los Angeles County,California,Glendale,60659.0,7290.0,60208.0,10591.0,57170.0,30400.0,,,83798.0,36677.0,,,,,55742.0,14365.0,62196.0,7068.0,39382.0,34032.0,$60659,$7290,$60208,$10591,$57170,$30400,,,$83798,$36677,,,,,$55742,$14365,$62196,$7068,$39382,$34032
2018,6037302003,Census Tract 3020.03,Glendale,Los Angeles County,California,Glendale,52578.0,17376.0,39445.0,13260.0,,,,,135202.0,82600.0,,,92360.0,28845.0,105138.0,47240.0,38584.0,15527.0,91263.0,78317.0,$52578,$17376,$39445,$13260,,,,,$135202,$82600,,,$92360,$28845,$105138,$47240,$38584,$15527,$91263,$78317
2018,6037302004,Census Tract 3020.04,Glendale,Los Angeles County,California,Glendale,50888.0,19865.0,33197.0,10308.0,65023.0,44650.0,,,83407.0,59680.0,,,,,110718.0,76074.0,31718.0,7036.0,53996.0,13616.0,$50888,$19865,$33197,$10308,$65023,$44650,,,$83407,$59680,,,,,$110718,$76074,$31718,$7036,$53996,$13616
2018,6037302102,Census Tract 3021.02,Glendale,Los Angeles County,California,Glendale,85151.0,15567.0,75665.0,21416.0,86147.0,70715.0,,,148575.0,55301.0,,,,,,,86478.0,16230.0,45334.0,22847.0,$85151,$15567,$75665,$21416,$86147,$70715,,,$148575,$55301,,,,,,,$86478,$16230,$45334,$22847
2018,6037302103,Census Tract 3021.03,Glendale,Los Angeles County,California,Glendale,62213.0,8167.0,51118.0,15366.0,,,,,84581.0,21653.0,,,61963.0,7704.0,,,46387.0,20833.0,67351.0,25100.0,$62213,$8167,$51118,$15366,,,,,$84581,$21653,,,$61963,$7704,,,$46387,$20833,$67351,$25100
2018,6037302104,Census Tract 3021.04,Glendale,Los Angeles County,California,Glendale,73178.0,15944.0,64165.0,13133.0,,,,,111991.0,21283.0,,,37376.0,14345.0,120787.0,41691.0,72113.0,19430.0,46318.0,17397.0,$73178,$15944,$64165,$13133,,,,,$111991,$21283,,,$37376,$14345,$120787,$41691,$72113,$19430,$46318,$17397
2018,6037302201,Census Tract 3022.01,Glendale,Los Angeles County,California,Glendale,30328.0,4193.0,26432.0,5715.0,85190.0,70428.0,,,67612.0,47755.0,,,28820.0,13906.0,160246.0,98581.0,26350.0,5740.0,29447.0,9948.0,$30328,$4193,$26432,$5715,$85190,$70428,,,$67612,$47755,,,$28820,$13906,$160246,$98581,$26350,$5740,$29447,$9948
2018,6037302202,Census Tract 3022.02,Glendale,Los Angeles County,California,Glendale,51141.0,14337.0,40289.0,13098.0,,,,,95304.0,47918.0,,,90149.0,79701.0,,,36949.0,9511.0,54669.0,11497.0,$51141,$14337,$40289,$13098,,,,,$95304,$47918,,,$90149,$79701,,,$36949,$9511,$54669,$11497
2018,6037302301,Census Tract 3023.01,Glendale,Los Angeles County,California,Glendale,69989.0,15737.0,56826.0,19905.0,,,,,122743.0,66696.0,,,55940.0,43344.0,46654.0,34177.0,51101.0,13820.0,65669.0,37372.0,$69989,$15737,$56826,$19905,,,,,$122743,$66696,,,$55940,$43344,$46654,$34177,$51101,$13820,$65669,$37372
2018,6037302302,Census Tract 3023.02,Glendale,Los Angeles County,California,Glendale,62961.0,9730.0,57170.0,13627.0,49165.0,25309.0,,,80086.0,16037.0,,,63573.0,36634.0,,,49188.0,9571.0,70435.0,10851.0,$62961,$9730,$57170,$13627,$49165,$25309,,,$80086,$16037,,,$63573,$36634,,,$49188,$9571,$70435,$10851
2018,6037302401,Census Tract 3024.01,Glendale,Los Angeles County,California,Glendale,50421.0,17035.0,34559.0,9439.0,113771.0,90258.0,,,105552.0,28352.0,,,,,,,27654.0,8763.0,55268.0,32946.0,$50421,$17035,$34559,$9439,$113771,$90258,,,$105552,$28352,,,,,,,$27654,$8763,$55268,$32946
2018,6037302503,Census Tract 3025.03,Glendale,Los Angeles County,California,Glendale,45799.0,20675.0,37153.0,21648.0,,,,,89280.0,50790.0,,,36137.0,24428.0,92021.0,71186.0,29210.0,16950.0,49425.0,30458.0,$45799,$20675,$37153,$21648,,,,,$89280,$50790,,,$36137,$24428,$92021,$71186,$29210,$16950,$49425,$30458
2018,6037302504,Census Tract 3025.04,Glendale,Los Angeles County,California,Glendale,49003.0,9746.0,42411.0,4531.0,,,,,96871.0,24325.0,,,50905.0,12034.0,79882.0,74084.0,42066.0,3239.0,51552.0,8819.0,$49003,$9746,$42411,$4531,,,,,$96871,$24325,,,$50905,$12034,$79882,$74084,$42066,$3239,$51552,$8819
2018,6037302505,Census Tract 3025.05,Glendale,Los Angeles County,California,Glendale,45827.0,8264.0,32192.0,9048.0,,,,,72880.0,16395.0,,,60042.0,16830.0,,,30604.0,6864.0,55050.0,14206.0,$45827,$8264,$32192,$9048,,,,,$72880,$16395,,,$60042,$16830,,,$30604,$6864,$55050,$14206
2018,6037302506,Census Tract 3025.06,Glendale,Los Angeles County,California,Glendale,74741.0,10785.0,69629.0,29873.0,102913.0,71055.0,,,97720.0,55985.0,,,,,,,50696.0,11032.0,88256.0,8116.0,$74741,$10785,$69629,$29873,$102913,$71055,,,$97720,$55985,,,,,,,$50696,$11032,$88256,$8116
2018,6037460700,Census Tract 4607,Glendale,Los Angeles County,California,Glendale,260292.0,69801.0,292900.0,71524.0,,,,,235104.0,134961.0,,,,,,,,,64587.0,60213.0,$260292,$69801,$292900,$71524,,,,,$235104,$134961,,,,,,,,,$64587,$60213
2018,6037930101,Census Tract 9301.01,Glendale,Los Angeles County,California,Glendale,134031.0,67157.0,,,,,,,,,,,,,,,,,,,$134031,$67157,,,,,,,,,,,,,,,,,,
2019,6037181000,Census Tract 1810,Glendale,Los Angeles County,California,Glendale,143941.0,17295.0,151518.0,10302.0,,,,,,,,,50869.0,50147.0,72874.0,54840.0,148369.0,11763.0,145927.0,61149.0,$143941,$17295,$151518,$10302,,,,,,,,,$50869,$50147,$72874,$54840,$148369,$11763,$145927,$61149
2019,6037188100,Census Tract 1881,Glendale,Los Angeles County,California,Glendale,76919.0,17472.0,92895.0,14820.0,,,,,141190.0,47727.0,,,45382.0,12131.0,64324.0,47848.0,88527.0,18742.0,64193.0,31232.0,$76919,$17472,$92895,$14820,,,,,$141190,$47727,,,$45382,$12131,$64324,$47848,$88527,$18742,$64193,$31232
2019,6037300301,Census Tract 3003.01,Glendale,Los Angeles County,California,Glendale,141396.0,18197.0,145691.0,23940.0,,,,,126682.0,25641.0,,,,,,,139224.0,25921.0,173859.0,9864.0,$141396,$18197,$145691,$23940,,,,,$126682,$25641,,,,,,,$139224,$25921,$173859,$9864
2019,6037300400,Census Tract 3004,Glendale,Los Angeles County,California,Glendale,119481.0,33788.0,121138.0,34611.0,,,,,94827.0,35040.0,,,166695.0,71277.0,,,118883.0,49201.0,134539.0,31103.0,$119481,$33788,$121138,$34611,,,,,$94827,$35040,,,$166695,$71277,,,$118883,$49201,$134539,$31103
2019,6037300501,Census Tract 3005.01,Glendale,Los Angeles County,California,Glendale,136353.0,18162.0,117197.0,39189.0,,,,,158454.0,42363.0,,,,,181872.0,140844.0,111687.0,31603.0,154095.0,77867.0,$136353,$18162,$117197,$39189,,,,,$158454,$42363,,,,,$181872,$140844,$111687,$31603,$154095,$77867
2019,6037300502,Census Tract 3005.02,Glendale,Los Angeles County,California,Glendale,82958.0,10366.0,65902.0,31415.0,,,,,128260.0,44029.0,,,84587.0,3568.0,,,74900.0,35638.0,81411.0,40104.0,$82958,$10366,$65902,$31415,,,,,$128260,$44029,,,$84587,$3568,,,$74900,$35638,$81411,$40104
2019,6037300600,Census Tract 3006,Glendale,Los Angeles County,California,Glendale,85051.0,13895.0,79868.0,16951.0,85426.0,22118.0,,,117447.0,27154.0,,,81599.0,17027.0,,,89226.0,21916.0,64399.0,36817.0,$85051,$13895,$79868,$16951,$85426,$22118,,,$117447,$27154,,,$81599,$17027,,,$89226,$21916,$64399,$36817
2019,6037300701,Census Tract 3007.01,Glendale,Los Angeles County,California,Glendale,158792.0,23257.0,171333.0,10603.0,,,,,124148.0,84517.0,,,,,,,172201.0,7778.0,93714.0,39841.0,$158792,$23257,$171333,$10603,,,,,$124148,$84517,,,,,,,$172201,$7778,$93714,$39841
2019,6037300702,Census Tract 3007.02,Glendale,Los Angeles County,California,Glendale,138827.0,20096.0,127570.0,16581.0,,,,,177467.0,113015.0,,,,,,,131633.0,17961.0,,,$138827,$20096,$127570,$16581,,,,,$177467,$113015,,,,,,,$131633,$17961,,
2019,6037300800,Census Tract 3008,Glendale,Los Angeles County,California,Glendale,118341.0,18574.0,117060.0,21972.0,,,,,,,,,,,199696.0,66904.0,123552.0,15993.0,65843.0,35654.0,$118341,$18574,$117060,$21972,,,,,,,,,,,$199696,$66904,$123552,$15993,$65843,$35654
2019,6037300901,Census Tract 3009.01,Glendale,Los Angeles County,California,Glendale,184246.0,32391.0,184093.0,49158.0,,,,,183717.0,42472.0,,,,,288008.0,100208.0,191825.0,68706.0,182615.0,36825.0,$184246,$32391,$184093,$49158,,,,,$183717,$42472,,,,,$288008,$100208,$191825,$68706,$182615,$36825
2019,6037300902,Census Tract 3009.02,Glendale,Los Angeles County,California,Glendale,168248.0,13452.0,175376.0,21646.0,,,,,123584.0,76439.0,,,,,,,169882.0,24348.0,199331.0,38756.0,$168248,$13452,$175376,$21646,,,,,$123584,$76439,,,,,,,$169882,$24348,$199331,$38756
2019,6037301000,Census Tract 3010,Glendale,Los Angeles County,California,Glendale,84878.0,20319.0,78237.0,14159.0,,,,,85280.0,38926.0,,,64407.0,49690.0,144916.0,31488.0,82658.0,27789.0,64305.0,33357.0,$84878,$20319,$78237,$14159,,,,,$85280,$38926,,,$64407,$49690,$144916,$31488,$82658,$27789,$64305,$33357
2019,6037301100,Census Tract 3011,Glendale,Los Angeles County,California,Glendale,91445.0,12220.0,88593.0,14482.0,,,,,127558.0,39577.0,,,,,202042.0,140995.0,88450.0,15283.0,103449.0,53647.0,$91445,$12220,$88593,$14482,,,,,$127558,$39577,,,,,$202042,$140995,$88450,$15283,$103449,$53647
2019,6037301203,Census Tract 3012.03,Glendale,Los Angeles County,California,Glendale,81920.0,14861.0,78074.0,19874.0,79308.0,63044.0,,,116575.0,98411.0,,,78564.0,12696.0,79612.0,16558.0,69355.0,20877.0,95426.0,29387.0,$81920,$14861,$78074,$19874,$79308,$63044,,,$116575,$98411,,,$78564,$12696,$79612,$16558,$69355,$20877,$95426,$29387
2019,6037301204,Census Tract 3012.04,Glendale,Los Angeles County,California,Glendale,71993.0,24070.0,55491.0,33413.0,121952.0,57618.0,,,101371.0,52471.0,,,60712.0,26257.0,,,51134.0,19407.0,99482.0,83761.0,$71993,$24070,$55491,$33413,$121952,$57618,,,$101371,$52471,,,$60712,$26257,,,$51134,$19407,$99482,$83761
2019,6037301205,Census Tract 3012.05,Glendale,Los Angeles County,California,Glendale,131882.0,26064.0,133758.0,17568.0,,,,,103426.0,33131.0,,,,,,,139100.0,8179.0,79345.0,35894.0,$131882,$26064,$133758,$17568,,,,,$103426,$33131,,,,,,,$139100,$8179,$79345,$35894
2019,6037301206,Census Tract 3012.06,Glendale,Los Angeles County,California,Glendale,78415.0,18242.0,69741.0,23379.0,,,,,91765.0,25765.0,,,,,,,74766.0,26428.0,64324.0,16552.0,$78415,$18242,$69741,$23379,,,,,$91765,$25765,,,,,,,$74766,$26428,$64324,$16552
2019,6037301300,Census Tract 3013,Glendale,Los Angeles County,California,Glendale,146586.0,17643.0,145817.0,30550.0,,,,,209441.0,157991.0,,,,,,,145487.0,40669.0,239681.0,75132.0,$146586,$17643,$145817,$30550,,,,,$209441,$157991,,,,,,,$145487,$40669,$239681,$75132
2019,6037301400,Census Tract 3014,Glendale,Los Angeles County,California,Glendale,185208.0,57133.0,159286.0,59893.0,,,,,185335.0,146402.0,,,,,,,172555.0,60457.0,104261.0,63937.0,$185208,$57133,$159286,$59893,,,,,$185335,$146402,,,,,,,$172555,$60457,$104261,$63937
2019,6037301501,Census Tract 3015.01,Glendale,Los Angeles County,California,Glendale,116148.0,20633.0,113225.0,19193.0,,,,,281141.0,155570.0,,,,,,,114995.0,13130.0,,,$116148,$20633,$113225,$19193,,,,,$281141,$155570,,,,,,,$114995,$13130,,
2019,6037301502,Census Tract 3015.02,Glendale,Los Angeles County,California,Glendale,61788.0,7762.0,60518.0,10870.0,,,,,137153.0,96833.0,,,,,,,59319.0,15204.0,61193.0,54357.0,$61788,$7762,$60518,$10870,,,,,$137153,$96833,,,,,,,$59319,$15204,$61193,$54357
2019,6037301601,Census Tract 3016.01,Glendale,Los Angeles County,California,Glendale,48063.0,19907.0,35280.0,13526.0,,,,,113700.0,52249.0,,,,,108316.0,27373.0,33646.0,15294.0,49590.0,28047.0,$48063,$19907,$35280,$13526,,,,,$113700,$52249,,,,,$108316,$27373,$33646,$15294,$49590,$28047
2019,6037301602,Census Tract 3016.02,Glendale,Los Angeles County,California,Glendale,81162.0,10376.0,84891.0,18957.0,,,,,80202.0,66346.0,,,,,50767.0,15095.0,80498.0,7543.0,102303.0,27879.0,$81162,$10376,$84891,$18957,,,,,$80202,$66346,,,,,$50767,$15095,$80498,$7543,$102303,$27879
2019,6037301701,Census Tract 3017.01,Glendale,Los Angeles County,California,Glendale,104226.0,18242.0,91864.0,23315.0,,,,,126148.0,87954.0,,,103072.0,70830.0,170857.0,20973.0,98986.0,22371.0,95380.0,36969.0,$104226,$18242,$91864,$23315,,,,,$126148,$87954,,,$103072,$70830,$170857,$20973,$98986,$22371,$95380,$36969
2019,6037301702,Census Tract 3017.02,Glendale,Los Angeles County,California,Glendale,69622.0,13817.0,67023.0,19071.0,70019.0,21596.0,,,83512.0,60259.0,,,,,,,74810.0,15560.0,46208.0,19659.0,$69622,$13817,$67023,$19071,$70019,$21596,,,$83512,$60259,,,,,,,$74810,$15560,$46208,$19659
2019,6037301801,Census Tract 3018.01,Glendale,Los Angeles County,California,Glendale,72340.0,12271.0,67151.0,14823.0,305370.0,273163.0,,,114226.0,32654.0,,,,,52989.0,41202.0,64228.0,15535.0,77505.0,36911.0,$72340,$12271,$67151,$14823,$305370,$273163,,,$114226,$32654,,,,,$52989,$41202,$64228,$15535,$77505,$36911
2019,6037301802,Census Tract 3018.02,Glendale,Los Angeles County,California,Glendale,77938.0,9312.0,69374.0,22708.0,113841.0,78473.0,,,122741.0,53021.0,,,80765.0,58033.0,,,76832.0,21051.0,48844.0,24713.0,$77938,$9312,$69374,$22708,$113841,$78473,,,$122741,$53021,,,$80765,$58033,,,$76832,$21051,$48844,$24713
2019,6037301900,Census Tract 3019,Glendale,Los Angeles County,California,Glendale,81302.0,12111.0,79176.0,10447.0,143378.0,20288.0,,,100942.0,14745.0,,,,,,,78427.0,21507.0,77839.0,30831.0,$81302,$12111,$79176,$10447,$143378,$20288,,,$100942,$14745,,,,,,,$78427,$21507,$77839,$30831
2019,6037302002,Census Tract 3020.02,Glendale,Los Angeles County,California,Glendale,60818.0,9790.0,56151.0,14888.0,56192.0,33032.0,,,82704.0,26348.0,,,,,62049.0,52306.0,57978.0,15474.0,,,$60818,$9790,$56151,$14888,$56192,$33032,,,$82704,$26348,,,,,$62049,$52306,$57978,$15474,,
2019,6037302003,Census Tract 3020.03,Glendale,Los Angeles County,California,Glendale,68064.0,21734.0,50305.0,23598.0,,,,,137465.0,102561.0,,,94091.0,1447.0,106090.0,31960.0,50366.0,31347.0,93735.0,34638.0,$68064,$21734,$50305,$23598,,,,,$137465,$102561,,,$94091,$1447,$106090,$31960,$50366,$31347,$93735,$34638
2019,6037302004,Census Tract 3020.04,Glendale,Los Angeles County,California,Glendale,62612.0,36097.0,35319.0,15892.0,66986.0,48138.0,,,103958.0,71904.0,,,,,112174.0,38369.0,34806.0,10354.0,46851.0,36175.0,$62612,$36097,$35319,$15892,$66986,$48138,,,$103958,$71904,,,,,$112174,$38369,$34806,$10354,$46851,$36175
2019,6037302102,Census Tract 3021.02,Glendale,Los Angeles County,California,Glendale,94275.0,13630.0,91400.0,10557.0,84025.0,81382.0,,,146931.0,70223.0,,,34921.0,32753.0,,,94227.0,14021.0,48203.0,31169.0,$94275,$13630,$91400,$10557,$84025,$81382,,,$146931,$70223,,,$34921,$32753,,,$94227,$14021,$48203,$31169
2019,6037302103,Census Tract 3021.03,Glendale,Los Angeles County,California,Glendale,52257.0,15870.0,44613.0,15706.0,123263.0,118261.0,,,113841.0,25769.0,,,,,,,36509.0,17999.0,80486.0,38473.0,$52257,$15870,$44613,$15706,$123263,$118261,,,$113841,$25769,,,,,,,$36509,$17999,$80486,$38473
2019,6037302104,Census Tract 3021.04,Glendale,Los Angeles County,California,Glendale,75079.0,14562.0,63418.0,12072.0,,,,,123291.0,34194.0,,,44139.0,12057.0,117509.0,12649.0,67021.0,16485.0,49393.0,16594.0,$75079,$14562,$63418,$12072,,,,,$123291,$34194,,,$44139,$12057,$117509,$12649,$67021,$16485,$49393,$16594
2019,6037302201,Census Tract 3022.01,Glendale,Los Angeles County,California,Glendale,30584.0,3108.0,26432.0,5205.0,86512.0,64782.0,,,77689.0,68679.0,,,28130.0,9043.0,160584.0,133693.0,26212.0,5659.0,29229.0,27749.0,$30584,$3108,$26432,$5205,$86512,$64782,,,$77689,$68679,,,$28130,$9043,$160584,$133693,$26212,$5659,$29229,$27749
2019,6037302202,Census Tract 3022.02,Glendale,Los Angeles County,California,Glendale,55574.0,7517.0,50012.0,13412.0,,,,,66597.0,13949.0,,,126332.0,47091.0,,,40722.0,19173.0,71120.0,29306.0,$55574,$7517,$50012,$13412,,,,,$66597,$13949,,,$126332,$47091,,,$40722,$19173,$71120,$29306
2019,6037302301,Census Tract 3023.01,Glendale,Los Angeles County,California,Glendale,68667.0,20831.0,55062.0,16725.0,,,,,105709.0,57824.0,,,109054.0,71861.0,48899.0,9169.0,51866.0,10176.0,87618.0,38481.0,$68667,$20831,$55062,$16725,,,,,$105709,$57824,,,$109054,$71861,$48899,$9169,$51866,$10176,$87618,$38481
2019,6037302302,Census Tract 3023.02,Glendale,Los Angeles County,California,Glendale,64936.0,8163.0,60064.0,13806.0,49715.0,26076.0,,,77909.0,16116.0,,,90403.0,28320.0,,,51344.0,18681.0,68939.0,12589.0,$64936,$8163,$60064,$13806,$49715,$26076,,,$77909,$16116,,,$90403,$28320,,,$51344,$18681,$68939,$12589
2019,6037302401,Census Tract 3024.01,Glendale,Los Angeles County,California,Glendale,50828.0,19408.0,37181.0,11542.0,117285.0,40003.0,,,111379.0,9277.0,,,74282.0,35967.0,,,32189.0,13811.0,51778.0,30034.0,$50828,$19408,$37181,$11542,$117285,$40003,,,$111379,$9277,,,$74282,$35967,,,$32189,$13811,$51778,$30034
2019,6037302503,Census Tract 3025.03,Glendale,Los Angeles County,California,Glendale,50479.0,16252.0,49044.0,11564.0,,,,,120543.0,81171.0,,,,,,,43203.0,23972.0,80625.0,69542.0,$50479,$16252,$49044,$11564,,,,,$120543,$81171,,,,,,,$43203,$23972,$80625,$69542
2019,6037302504,Census Tract 3025.04,Glendale,Los Angeles County,California,Glendale,47343.0,7500.0,43106.0,4928.0,,,,,96576.0,21379.0,,,54869.0,34006.0,,,43635.0,3668.0,50767.0,12953.0,$47343,$7500,$43106,$4928,,,,,$96576,$21379,,,$54869,$34006,,,$43635,$3668,$50767,$12953
2019,6037302505,Census Tract 3025.05,Glendale,Los Angeles County,California,Glendale,43406.0,9545.0,33753.0,11454.0,,,,,67433.0,18301.0,,,59895.0,17966.0,63818.0,39741.0,31914.0,6509.0,56378.0,17198.0,$43406,$9545,$33753,$11454,,,,,$67433,$18301,,,$59895,$17966,$63818,$39741,$31914,$6509,$56378,$17198
2019,6037302506,Census Tract 3025.06,Glendale,Los Angeles County,California,Glendale,75422.0,6677.0,56578.0,31644.0,104018.0,21391.0,,,101424.0,44735.0,,,,,96534.0,37259.0,50254.0,11799.0,85814.0,9772.0,$75422,$6677,$56578,$31644,$104018,$21391,,,$101424,$44735,,,,,$96534,$37259,$50254,$11799,$85814,$9772
2019,6037460700,Census Tract 4607,Glendale,Los Angeles County,California,Glendale,258705.0,61427.0,292755.0,84646.0,,,,,249486.0,41165.0,,,,,,,,,157930.0,93068.0,$258705,$61427,$292755,$84646,,,,,$249486,$41165,,,,,,,,,$157930,$93068
2019,6037930101,Census Tract 9301.01,Glendale,Los Angeles County,California,Glendale,183453.0,168479.0,285371.0,157958.0,,,,,,,,,,,,,285371.0,159157.0,,,$183453,$168479,$285371,$157958,,,,,,,,,,,,,$285371,$159157,,
2020,6037300301,Census Tract 3003.01,Glendale,Los Angeles County,California,Glendale,136545.0,15430.0,136498.0,21357.0,,,,,128481.0,26414.0,,,,,,,135924.0,23350.0,174061.0,48091.0,$136545,$15430,$136498,$21357,,,,,$128481,$26414,,,,,,,$135924,$23350,$174061,$48091
2020,6037300400,Census Tract 3004,Glendale,Los Angeles County,California,Glendale,113047.0,41907.0,122272.0,37819.0,,,,,76416.0,34360.0,,,138742.0,47295.0,,,123206.0,47084.0,134140.0,69243.0,$113047,$41907,$122272,$37819,,,,,$76416,$34360,,,$138742,$47295,,,$123206,$47084,$134140,$69243
2020,6037300601,Census Tract 3006.01,Glendale,Los Angeles County,California,Glendale,100872.0,22196.0,86588.0,38919.0,,,,,126133.0,19053.0,,,,,,,97483.0,49346.0,87404.0,30433.0,$100872,$22196,$86588,$38919,,,,,$126133,$19053,,,,,,,$97483,$49346,$87404,$30433
2020,6037300602,Census Tract 3006.02,Glendale,Los Angeles County,California,Glendale,107370.0,15200.0,107539.0,13760.0,,,,,176964.0,119802.0,,,54892.0,24597.0,,,108634.0,17299.0,50514.0,25780.0,$107370,$15200,$107539,$13760,,,,,$176964,$119802,,,$54892,$24597,,,$108634,$17299,$50514,$25780
2020,6037300701,Census Tract 3007.01,Glendale,Los Angeles County,California,Glendale,159176.0,23512.0,169629.0,15924.0,,,,,125023.0,89410.0,,,,,,,170290.0,16999.0,93050.0,35442.0,$159176,$23512,$169629,$15924,,,,,$125023,$89410,,,,,,,$170290,$16999,$93050,$35442
2020,6037300702,Census Tract 3007.02,Glendale,Los Angeles County,California,Glendale,149930.0,3774.0,149919.0,5965.0,,,,,,,,,,,,,141641.0,25060.0,150152.0,598.0,$149930,$3774,$149919,$5965,,,,,,,,,,,,,$141641,$25060,$150152,$598
2020,6037300800,Census Tract 3008,Glendale,Los Angeles County,California,Glendale,99613.0,34098.0,112630.0,41069.0,,,,,,,,,,,158784.0,140293.0,116185.0,36466.0,90409.0,22493.0,$99613,$34098,$112630,$41069,,,,,,,,,,,$158784,$140293,$116185,$36466,$90409,$22493
2020,6037300901,Census Tract 3009.01,Glendale,Los Angeles County,California,Glendale,189326.0,44321.0,190988.0,46304.0,,,,,179526.0,81377.0,,,,,,,201366.0,61562.0,,,$189326,$44321,$190988,$46304,,,,,$179526,$81377,,,,,,,$201366,$61562,,
2020,6037300902,Census Tract 3009.02,Glendale,Los Angeles County,California,Glendale,187265.0,21711.0,203437.0,25990.0,,,,,120949.0,18870.0,,,,,,,202970.0,44575.0,207802.0,73212.0,$187265,$21711,$203437,$25990,,,,,$120949,$18870,,,,,,,$202970,$44575,$207802,$73212
2020,6037301000,Census Tract 3010,Glendale,Los Angeles County,California,Glendale,116543.0,19763.0,102803.0,28858.0,,,,,117811.0,39853.0,,,66516.0,47275.0,,,109872.0,23472.0,72999.0,25657.0,$116543,$19763,$102803,$28858,,,,,$117811,$39853,,,$66516,$47275,,,$109872,$23472,$72999,$25657
2020,6037301100,Census Tract 3011,Glendale,Los Angeles County,California,Glendale,87882.0,14125.0,87632.0,14307.0,,,,,,,,,169531.0,163018.0,178808.0,65542.0,87738.0,13520.0,100464.0,64791.0,$87882,$14125,$87632,$14307,,,,,,,,,$169531,$163018,$178808,$65542,$87738,$13520,$100464,$64791
2020,6037301203,Census Tract 3012.03,Glendale,Los Angeles County,California,Glendale,80759.0,11341.0,71524.0,16728.0,80548.0,18332.0,,,113712.0,96537.0,,,76745.0,8882.0,,,65476.0,9148.0,94390.0,22101.0,$80759,$11341,$71524,$16728,$80548,$18332,,,$113712,$96537,,,$76745,$8882,,,$65476,$9148,$94390,$22101
2020,6037301204,Census Tract 3012.04,Glendale,Los Angeles County,California,Glendale,71441.0,29069.0,69858.0,41603.0,119310.0,92967.0,,,110069.0,53718.0,,,97752.0,86415.0,,,48996.0,27993.0,227976.0,201564.0,$71441,$29069,$69858,$41603,$119310,$92967,,,$110069,$53718,,,$97752,$86415,,,$48996,$27993,$227976,$201564
2020,6037301205,Census Tract 3012.05,Glendale,Los Angeles County,California,Glendale,124795.0,38380.0,114298.0,42234.0,,,,,,,,,,,,,130703.0,38066.0,79902.0,66035.0,$124795,$38380,$114298,$42234,,,,,,,,,,,,,$130703,$38066,$79902,$66035
2020,6037301206,Census Tract 3012.06,Glendale,Los Angeles County,California,Glendale,71792.0,22305.0,67607.0,27847.0,119481.0,29427.0,,,95342.0,42704.0,,,,,,,66635.0,30836.0,65434.0,9763.0,$71792,$22305,$67607,$27847,$119481,$29427,,,$95342,$42704,,,,,,,$66635,$30836,$65434,$9763
2020,6037301300,Census Tract 3013,Glendale,Los Angeles County,California,Glendale,147619.0,9591.0,147213.0,12538.0,,,,,,,,,,,,,147138.0,18012.0,239656.0,72328.0,$147619,$9591,$147213,$12538,,,,,,,,,,,,,$147138,$18012,$239656,$72328
2020,6037301400,Census Tract 3014,Glendale,Los Angeles County,California,Glendale,156542.0,80232.0,144517.0,80702.0,,,,,187193.0,128707.0,,,220264.0,112478.0,,,157477.0,82558.0,102815.0,42163.0,$156542,$80232,$144517,$80702,,,,,$187193,$128707,,,$220264,$112478,,,$157477,$82558,$102815,$42163
2020,6037301501,Census Tract 3015.01,Glendale,Los Angeles County,California,Glendale,122467.0,36022.0,119836.0,27420.0,,,,,283395.0,151905.0,,,,,,,120544.0,28014.0,,,$122467,$36022,$119836,$27420,,,,,$283395,$151905,,,,,,,$120544,$28014,,
2020,6037301502,Census Tract 3015.02,Glendale,Los Angeles County,California,Glendale,58681.0,8304.0,51983.0,12749.0,,,,,176964.0,126515.0,,,,,59936.0,46726.0,50819.0,11468.0,93369.0,76972.0,$58681,$8304,$51983,$12749,,,,,$176964,$126515,,,,,$59936,$46726,$50819,$11468,$93369,$76972
2020,6037301601,Census Tract 3016.01,Glendale,Los Angeles County,California,Glendale,48769.0,21434.0,35003.0,21886.0,,,,,136784.0,61818.0,,,,,95529.0,76153.0,34425.0,26878.0,,,$48769,$21434,$35003,$21886,,,,,$136784,$61818,,,,,$95529,$76153,$34425,$26878,,
2020,6037301602,Census Tract 3016.02,Glendale,Los Angeles County,California,Glendale,85841.0,21410.0,91208.0,25757.0,87717.0,38054.0,,,,,,,,,,,79608.0,22661.0,103300.0,28113.0,$85841,$21410,$91208,$25757,$87717,$38054,,,,,,,,,,,$79608,$22661,$103300,$28113
2020,6037301701,Census Tract 3017.01,Glendale,Los Angeles County,California,Glendale,97203.0,21068.0,82708.0,31576.0,,,,,142520.0,93635.0,,,,,,,86062.0,43862.0,84688.0,37213.0,$97203,$21068,$82708,$31576,,,,,$142520,$93635,,,,,,,$86062,$43862,$84688,$37213
2020,6037301702,Census Tract 3017.02,Glendale,Los Angeles County,California,Glendale,66314.0,18104.0,73168.0,19229.0,,,,,,,,,43291.0,21568.0,51719.0,31100.0,75297.0,11198.0,43384.0,7709.0,$66314,$18104,$73168,$19229,,,,,,,,,$43291,$21568,$51719,$31100,$75297,$11198,$43384,$7709
2020,6037301801,Census Tract 3018.01,Glendale,Los Angeles County,California,Glendale,66846.0,13469.0,70012.0,11980.0,,,,,90975.0,51126.0,,,43550.0,3069.0,51770.0,10825.0,64324.0,19543.0,76763.0,18771.0,$66846,$13469,$70012,$11980,,,,,$90975,$51126,,,$43550,$3069,$51770,$10825,$64324,$19543,$76763,$18771
2020,6037301802,Census Tract 3018.02,Glendale,Los Angeles County,California,Glendale,83652.0,12385.0,76770.0,13106.0,183985.0,129447.0,,,149058.0,61295.0,,,85995.0,6363.0,77934.0,59937.0,77714.0,10432.0,68547.0,45344.0,$83652,$12385,$76770,$13106,$183985,$129447,,,$149058,$61295,,,$85995,$6363,$77934,$59937,$77714,$10432,$68547,$45344
2020,6037301901,Census Tract 3019.01,Glendale,Los Angeles County,California,Glendale,98818.0,14703.0,89573.0,21053.0,,,,,104171.0,27765.0,,,,,,,88033.0,25355.0,90852.0,54137.0,$98818,$14703,$89573,$21053,,,,,$104171,$27765,,,,,,,$88033,$25355,$90852,$54137
2020,6037301902,Census Tract 3019.02,Glendale,Los Angeles County,California,Glendale,76624.0,23148.0,77249.0,23336.0,,,,,,,,,26243.0,16999.0,,,71186.0,20534.0,,,$76624,$23148,$77249,$23336,,,,,,,,,$26243,$16999,,,$71186,$20534,,
2020,6037302002,Census Tract 3020.02,Glendale,Los Angeles County,California,Glendale,55341.0,11626.0,39279.0,23820.0,54992.0,8429.0,,,61790.0,27026.0,,,,,58150.0,54190.0,45039.0,22368.0,58040.0,47848.0,$55341,$11626,$39279,$23820,$54992,$8429,,,$61790,$27026,,,,,$58150,$54190,$45039,$22368,$58040,$47848
2020,6037302003,Census Tract 3020.03,Glendale,Los Angeles County,California,Glendale,63537.0,15289.0,41649.0,35375.0,,,,,185725.0,93396.0,,,,,62704.0,34617.0,48912.0,38256.0,91707.0,89109.0,$63537,$15289,$41649,$35375,,,,,$185725,$93396,,,,,$62704,$34617,$48912,$38256,$91707,$89109
2020,6037302004,Census Tract 3020.04,Glendale,Los Angeles County,California,Glendale,69837.0,29846.0,46504.0,35829.0,66107.0,51010.0,,,102621.0,78252.0,,,,,,,43589.0,25004.0,68487.0,47828.0,$69837,$29846,$46504,$35829,$66107,$51010,,,$102621,$78252,,,,,,,$43589,$25004,$68487,$47828
2020,6037302102,Census Tract 3021.02,Glendale,Los Angeles County,California,Glendale,104122.0,25860.0,100959.0,26416.0,83857.0,73610.0,,,147791.0,92200.0,,,49374.0,43593.0,,,102478.0,32694.0,74869.0,59456.0,$104122,$25860,$100959,$26416,$83857,$73610,,,$147791,$92200,,,$49374,$43593,,,$102478,$32694,$74869,$59456
2020,6037302103,Census Tract 3021.03,Glendale,Los Angeles County,California,Glendale,61942.0,24116.0,43016.0,18849.0,121793.0,117222.0,,,74012.0,51424.0,,,228839.0,78423.0,93369.0,71696.0,36009.0,15656.0,93181.0,15946.0,$61942,$24116,$43016,$18849,$121793,$117222,,,$74012,$51424,,,$228839,$78423,$93369,$71696,$36009,$15656,$93181,$15946
2020,6037302104,Census Tract 3021.04,Glendale,Los Angeles County,California,Glendale,68622.0,15919.0,52847.0,20136.0,,,,,128901.0,38131.0,,,43475.0,11771.0,86319.0,34252.0,61436.0,19726.0,50269.0,16806.0,$68622,$15919,$52847,$20136,,,,,$128901,$38131,,,$43475,$11771,$86319,$34252,$61436,$19726,$50269,$16806
2020,6037302201,Census Tract 3022.01,Glendale,Los Angeles County,California,Glendale,31963.0,7216.0,28373.0,5116.0,,,,,79135.0,50052.0,,,32594.0,25168.0,,,28230.0,4709.0,58399.0,55573.0,$31963,$7216,$28373,$5116,,,,,$79135,$50052,,,$32594,$25168,,,$28230,$4709,$58399,$55573
2020,6037302202,Census Tract 3022.02,Glendale,Los Angeles County,California,Glendale,48745.0,13081.0,39441.0,9567.0,57599.0,35476.0,,,69252.0,27171.0,,,,,,,37272.0,6528.0,58703.0,16362.0,$48745,$13081,$39441,$9567,$57599,$35476,,,$69252,$27171,,,,,,,$37272,$6528,$58703,$16362
2020,6037302301,Census Tract 3023.01,Glendale,Los Angeles County,California,Glendale,79857.0,21249.0,66001.0,33584.0,,,,,97448.0,37458.0,,,90522.0,46797.0,,,56582.0,37070.0,84512.0,40179.0,$79857,$21249,$66001,$33584,,,,,$97448,$37458,,,$90522,$46797,,,$56582,$37070,$84512,$40179
2020,6037302302,Census Tract 3023.02,Glendale,Los Angeles County,California,Glendale,62920.0,6625.0,53678.0,19659.0,,,,,75150.0,25084.0,,,62729.0,19110.0,62779.0,62342.0,53494.0,29165.0,62282.0,1749.0,$62920,$6625,$53678,$19659,,,,,$75150,$25084,,,$62729,$19110,$62779,$62342,$53494,$29165,$62282,$1749
2020,6037302401,Census Tract 3024.01,Glendale,Los Angeles County,California,Glendale,74947.0,20996.0,54071.0,29873.0,114957.0,73603.0,,,111620.0,17706.0,,,75416.0,45272.0,,,56109.0,44314.0,72444.0,28983.0,$74947,$20996,$54071,$29873,$114957,$73603,,,$111620,$17706,,,$75416,$45272,,,$56109,$44314,$72444,$28983
2020,6037302503,Census Tract 3025.03,Glendale,Los Angeles County,California,Glendale,48385.0,29770.0,50990.0,33627.0,,,,,119690.0,74700.0,,,23415.0,23059.0,69458.0,67840.0,43803.0,28829.0,79163.0,77358.0,$48385,$29770,$50990,$33627,,,,,$119690,$74700,,,$23415,$23059,$69458,$67840,$43803,$28829,$79163,$77358
2020,6037302504,Census Tract 3025.04,Glendale,Los Angeles County,California,Glendale,49922.0,10970.0,42597.0,5639.0,,,,,78295.0,49156.0,,,,,79894.0,40086.0,42485.0,5093.0,52288.0,12726.0,$49922,$10970,$42597,$5639,,,,,$78295,$49156,,,,,$79894,$40086,$42485,$5093,$52288,$12726
2020,6037302505,Census Tract 3025.05,Glendale,Los Angeles County,California,Glendale,52255.0,16575.0,41360.0,7374.0,,,,,76353.0,27873.0,,,58992.0,12130.0,79857.0,30041.0,40910.0,10801.0,54115.0,14420.0,$52255,$16575,$41360,$7374,,,,,$76353,$27873,,,$58992,$12130,$79857,$30041,$40910,$10801,$54115,$14420
2020,6037302506,Census Tract 3025.06,Glendale,Los Angeles County,California,Glendale,73032.0,18443.0,72215.0,29523.0,,,,,,,,,69927.0,48824.0,96730.0,80375.0,52472.0,33246.0,88587.0,17598.0,$73032,$18443,$72215,$29523,,,,,,,,,$69927,$48824,$96730,$80375,$52472,$33246,$88587,$17598
2021,6037300301,Census Tract 3003.01,Glendale,Los Angeles County,California,Glendale,146753.0,29819.0,154221.0,27922.0,,,,,106621.0,24233.0,,,173302.0,112875.0,,,155044.0,29371.0,171553.0,107377.0,$146753,$29819,$154221,$27922,,,,,$106621,$24233,,,$173302,$112875,,,$155044,$29371,$171553,$107377
2021,6037300400,Census Tract 3004,Glendale,Los Angeles County,California,Glendale,117144.0,32230.0,101041.0,32474.0,,,,,104940.0,43066.0,,,126982.0,18535.0,,,102494.0,33260.0,125270.0,68797.0,$117144,$32230,$101041,$32474,,,,,$104940,$43066,,,$126982,$18535,,,$102494,$33260,$125270,$68797
2021,6037300601,Census Tract 3006.01,Glendale,Los Angeles County,California,Glendale,102353.0,10455.0,96699.0,41198.0,,,,,123552.0,7844.0,,,,,,,92686.0,48193.0,97444.0,46424.0,$102353,$10455,$96699,$41198,,,,,$123552,$7844,,,,,,,$92686,$48193,$97444,$46424
2021,6037300602,Census Tract 3006.02,Glendale,Los Angeles County,California,Glendale,101085.0,20029.0,101201.0,15900.0,,,,,179482.0,50341.0,,,,,,,104362.0,14095.0,,,$101085,$20029,$101201,$15900,,,,,$179482,$50341,,,,,,,$104362,$14095,,
2021,6037300701,Census Tract 3007.01,Glendale,Los Angeles County,California,Glendale,156166.0,35097.0,173475.0,42155.0,,,,,139269.0,77609.0,,,,,152462.0,119510.0,173475.0,41474.0,,,$156166,$35097,$173475,$42155,,,,,$139269,$77609,,,,,$152462,$119510,$173475,$41474,,
2021,6037300702,Census Tract 3007.02,Glendale,Los Angeles County,California,Glendale,150804.0,14700.0,150817.0,19857.0,,,,,,,,,,,,,141249.0,26200.0,151554.0,114681.0,$150804,$14700,$150817,$19857,,,,,,,,,,,,,$141249,$26200,$151554,$114681
2021,6037300800,Census Tract 3008,Glendale,Los Angeles County,California,Glendale,98374.0,23177.0,97659.0,34894.0,,,240242.0,164241.0,,,,,88240.0,21262.0,97688.0,64857.0,97030.0,34470.0,97425.0,17197.0,$98374,$23177,$97659,$34894,,,$240242,$164241,,,,,$88240,$21262,$97688,$64857,$97030,$34470,$97425,$17197
2021,6037300901,Census Tract 3009.01,Glendale,Los Angeles County,California,Glendale,169381.0,24311.0,174719.0,19313.0,,,,,139880.0,51211.0,,,,,,,172337.0,26992.0,,,$169381,$24311,$174719,$19313,,,,,$139880,$51211,,,,,,,$172337,$26992,,
2021,6037300902,Census Tract 3009.02,Glendale,Los Angeles County,California,Glendale,178613.0,31244.0,190295.0,28666.0,,,,,123238.0,18782.0,,,,,,,191420.0,33529.0,166785.0,47229.0,$178613,$31244,$190295,$28666,,,,,$123238,$18782,,,,,,,$191420,$33529,$166785,$47229
2021,6037301000,Census Tract 3010,Glendale,Los Angeles County,California,Glendale,123641.0,21342.0,113974.0,17011.0,186573.0,43575.0,,,133719.0,42662.0,,,97754.0,25653.0,,,117553.0,14826.0,76963.0,17212.0,$123641,$21342,$113974,$17011,$186573,$43575,,,$133719,$42662,,,$97754,$25653,,,$117553,$14826,$76963,$17212
2021,6037301100,Census Tract 3011,Glendale,Los Angeles County,California,Glendale,88746.0,21603.0,88499.0,34835.0,,,,,123822.0,56357.0,,,91580.0,51042.0,,,88868.0,49114.0,88341.0,23410.0,$88746,$21603,$88499,$34835,,,,,$123822,$56357,,,$91580,$51042,,,$88868,$49114,$88341,$23410
2021,6037301203,Census Tract 3012.03,Glendale,Los Angeles County,California,Glendale,85898.0,12089.0,78048.0,16154.0,108294.0,75117.0,,,83583.0,48292.0,,,78015.0,63223.0,,,74663.0,15579.0,109123.0,49354.0,$85898,$12089,$78048,$16154,$108294,$75117,,,$83583,$48292,,,$78015,$63223,,,$74663,$15579,$109123,$49354
2021,6037301204,Census Tract 3012.04,Glendale,Los Angeles County,California,Glendale,70601.0,22749.0,53783.0,42387.0,,,,,107258.0,36982.0,,,,,,,43499.0,34281.0,,,$70601,$22749,$53783,$42387,,,,,$107258,$36982,,,,,,,$43499,$34281,,
2021,6037301205,Census Tract 3012.05,Glendale,Los Angeles County,California,Glendale,138821.0,22090.0,132752.0,24251.0,,,,,278419.0,81760.0,,,,,,,139369.0,18115.0,,,$138821,$22090,$132752,$24251,,,,,$278419,$81760,,,,,,,$139369,$18115,,
2021,6037301206,Census Tract 3012.06,Glendale,Los Angeles County,California,Glendale,84944.0,20341.0,84359.0,38811.0,119644.0,48225.0,,,132511.0,95552.0,,,,,,,90754.0,39295.0,,,$84944,$20341,$84359,$38811,$119644,$48225,,,$132511,$95552,,,,,,,$90754,$39295,,
2021,6037301300,Census Tract 3013,Glendale,Los Angeles County,California,Glendale,146804.0,19571.0,146295.0,5941.0,,,,,209267.0,124827.0,,,,,,,146295.0,6117.0,,,$146804,$19571,$146295,$5941,,,,,$209267,$124827,,,,,,,$146295,$6117,,
2021,6037301400,Census Tract 3014,Glendale,Los Angeles County,California,Glendale,157246.0,56834.0,152839.0,48341.0,,,,,,,,,140477.0,109032.0,,,163121.0,64019.0,108823.0,55354.0,$157246,$56834,$152839,$48341,,,,,,,,,$140477,$109032,,,$163121,$64019,$108823,$55354
2021,6037301501,Census Tract 3015.01,Glendale,Los Angeles County,California,Glendale,119934.0,20159.0,119076.0,18577.0,,,,,282401.0,101303.0,,,,,,,120469.0,30576.0,61514.0,9506.0,$119934,$20159,$119076,$18577,,,,,$282401,$101303,,,,,,,$120469,$30576,$61514,$9506
2021,6037301502,Census Tract 3015.02,Glendale,Los Angeles County,California,Glendale,60075.0,5464.0,52860.0,11839.0,,,,,177725.0,159071.0,,,96683.0,2238.0,,,51383.0,10721.0,130207.0,108823.0,$60075,$5464,$52860,$11839,,,,,$177725,$159071,,,$96683,$2238,,,$51383,$10721,$130207,$108823
2021,6037301601,Census Tract 3016.01,Glendale,Los Angeles County,California,Glendale,44500.0,21297.0,34455.0,24416.0,,,,,111673.0,40783.0,,,,,,,35171.0,27665.0,33171.0,32448.0,$44500,$21297,$34455,$24416,,,,,$111673,$40783,,,,,,,$35171,$27665,$33171,$32448
2021,6037301602,Census Tract 3016.02,Glendale,Los Angeles County,California,Glendale,77169.0,20050.0,82651.0,27122.0,87489.0,24762.0,,,72733.0,45272.0,,,46738.0,14979.0,80859.0,67943.0,75146.0,26769.0,83513.0,48866.0,$77169,$20050,$82651,$27122,$87489,$24762,,,$72733,$45272,,,$46738,$14979,$80859,$67943,$75146,$26769,$83513,$48866
2021,6037301701,Census Tract 3017.01,Glendale,Los Angeles County,California,Glendale,94617.0,21155.0,77790.0,25674.0,,,,,177889.0,80740.0,,,,,,,75514.0,43256.0,85597.0,24031.0,$94617,$21155,$77790,$25674,,,,,$177889,$80740,,,,,,,$75514,$43256,$85597,$24031
2021,6037301702,Census Tract 3017.02,Glendale,Los Angeles County,California,Glendale,74138.0,11508.0,74268.0,22666.0,74307.0,9273.0,,,127121.0,66746.0,,,43284.0,27661.0,27985.0,16578.0,76152.0,11294.0,41444.0,14400.0,$74138,$11508,$74268,$22666,$74307,$9273,,,$127121,$66746,,,$43284,$27661,$27985,$16578,$76152,$11294,$41444,$14400
2021,6037301801,Census Tract 3018.01,Glendale,Los Angeles County,California,Glendale,72910.0,11998.0,76922.0,15278.0,,,,,106588.0,55712.0,,,64798.0,11312.0,51797.0,31933.0,72682.0,18605.0,76394.0,36387.0,$72910,$11998,$76922,$15278,,,,,$106588,$55712,,,$64798,$11312,$51797,$31933,$72682,$18605,$76394,$36387
2021,6037301802,Census Tract 3018.02,Glendale,Los Angeles County,California,Glendale,84274.0,11093.0,77075.0,9518.0,154060.0,65215.0,,,150955.0,80397.0,,,,,,,77489.0,10829.0,83707.0,51905.0,$84274,$11093,$77075,$9518,$154060,$65215,,,$150955,$80397,,,,,,,$77489,$10829,$83707,$51905
2021,6037301901,Census Tract 3019.01,Glendale,Los Angeles County,California,Glendale,105273.0,20055.0,105747.0,30451.0,,,,,101806.0,36154.0,,,,,,,106444.0,35979.0,,,$105273,$20055,$105747,$30451,,,,,$101806,$36154,,,,,,,$106444,$35979,,
2021,6037301902,Census Tract 3019.02,Glendale,Los Angeles County,California,Glendale,86639.0,28137.0,75845.0,25552.0,,,,,155592.0,109597.0,,,,,,,75845.0,25552.0,,,$86639,$28137,$75845,$25552,,,,,$155592,$109597,,,,,,,$75845,$25552,,
2021,6037302002,Census Tract 3020.02,Glendale,Los Angeles County,California,Glendale,58085.0,15774.0,48844.0,27171.0,,,,,62405.0,58114.0,,,,,58551.0,52721.0,49239.0,26925.0,58793.0,39357.0,$58085,$15774,$48844,$27171,,,,,$62405,$58114,,,,,$58551,$52721,$49239,$26925,$58793,$39357
2021,6037302003,Census Tract 3020.03,Glendale,Los Angeles County,California,Glendale,60801.0,17547.0,55871.0,32084.0,,,,,186161.0,77105.0,,,,,59500.0,4448.0,57624.0,31149.0,,,$60801,$17547,$55871,$32084,,,,,$186161,$77105,,,,,$59500,$4448,$57624,$31149,,
2021,6037302004,Census Tract 3020.04,Glendale,Los Angeles County,California,Glendale,65547.0,31789.0,48420.0,27259.0,,,,,103035.0,46900.0,,,,,,,42172.0,17016.0,101697.0,47106.0,$65547,$31789,$48420,$27259,,,,,$103035,$46900,,,,,,,$42172,$17016,$101697,$47106
2021,6037302102,Census Tract 3021.02,Glendale,Los Angeles County,California,Glendale,95668.0,37901.0,96961.0,52969.0,,,,,134891.0,23499.0,,,,,88499.0,83168.0,98133.0,56700.0,72941.0,63368.0,$95668,$37901,$96961,$52969,,,,,$134891,$23499,,,,,$88499,$83168,$98133,$56700,$72941,$63368
2021,6037302103,Census Tract 3021.03,Glendale,Los Angeles County,California,Glendale,61500.0,26685.0,43980.0,18504.0,,,,,71291.0,37516.0,,,,,94456.0,93771.0,44360.0,18586.0,90911.0,36597.0,$61500,$26685,$43980,$18504,,,,,$71291,$37516,,,,,$94456,$93771,$44360,$18586,$90911,$36597
2021,6037302104,Census Tract 3021.04,Glendale,Los Angeles County,California,Glendale,72927.0,17586.0,61052.0,18059.0,,,,,109271.0,41081.0,,,,,87918.0,4925.0,63040.0,14944.0,51346.0,34021.0,$72927,$17586,$61052,$18059,,,,,$109271,$41081,,,,,$87918,$4925,$63040,$14944,$51346,$34021
2021,6037302201,Census Tract 3022.01,Glendale,Los Angeles County,California,Glendale,33738.0,13984.0,28079.0,4598.0,47791.0,30205.0,,,118340.0,117199.0,,,,,99444.0,60276.0,27484.0,3819.0,83733.0,18027.0,$33738,$13984,$28079,$4598,$47791,$30205,,,$118340,$117199,,,,,$99444,$60276,$27484,$3819,$83733,$18027
2021,6037302202,Census Tract 3022.02,Glendale,Los Angeles County,California,Glendale,48595.0,9484.0,37781.0,11161.0,56480.0,30864.0,,,70712.0,28088.0,,,,,,,35623.0,7469.0,55945.0,9387.0,$48595,$9484,$37781,$11161,$56480,$30864,,,$70712,$28088,,,,,,,$35623,$7469,$55945,$9387
2021,6037302301,Census Tract 3023.01,Glendale,Los Angeles County,California,Glendale,86772.0,19403.0,90948.0,24201.0,,,,,83352.0,34112.0,,,82870.0,48162.0,48595.0,44000.0,93319.0,32468.0,66564.0,34953.0,$86772,$19403,$90948,$24201,,,,,$83352,$34112,,,$82870,$48162,$48595,$44000,$93319,$32468,$66564,$34953
2021,6037302302,Census Tract 3023.02,Glendale,Los Angeles County,California,Glendale,63020.0,7395.0,50036.0,11338.0,,,,,94515.0,19175.0,,,63594.0,43208.0,63187.0,46153.0,50217.0,17059.0,62883.0,4701.0,$63020,$7395,$50036,$11338,,,,,$94515,$19175,,,$63594,$43208,$63187,$46153,$50217,$17059,$62883,$4701
2021,6037302401,Census Tract 3024.01,Glendale,Los Angeles County,California,Glendale,74574.0,17607.0,55515.0,23607.0,119468.0,83382.0,,,117339.0,41134.0,,,74679.0,33994.0,,,58975.0,43239.0,71421.0,30539.0,$74574,$17607,$55515,$23607,$119468,$83382,,,$117339,$41134,,,$74679,$33994,,,$58975,$43239,$71421,$30539
2021,6037302503,Census Tract 3025.03,Glendale,Los Angeles County,California,Glendale,47430.0,19255.0,51010.0,30335.0,,,,,120685.0,32294.0,,,24242.0,20830.0,,,37535.0,14569.0,,,$47430,$19255,$51010,$30335,,,,,$120685,$32294,,,$24242,$20830,,,$37535,$14569,,
2021,6037302504,Census Tract 3025.04,Glendale,Los Angeles County,California,Glendale,51116.0,10180.0,43684.0,7187.0,,,,,101461.0,60485.0,,,79927.0,35888.0,,,44267.0,6262.0,56012.0,13225.0,$51116,$10180,$43684,$7187,,,,,$101461,$60485,,,$79927,$35888,,,$44267,$6262,$56012,$13225
2021,6037302505,Census Tract 3025.05,Glendale,Los Angeles County,California,Glendale,57217.0,11937.0,46153.0,16784.0,,,,,87784.0,55154.0,,,54030.0,13096.0,79819.0,48807.0,45828.0,19185.0,55997.0,18192.0,$57217,$11937,$46153,$16784,,,,,$87784,$55154,,,$54030,$13096,$79819,$48807,$45828,$19185,$55997,$18192
2021,6037302506,Census Tract 3025.06,Glendale,Los Angeles County,California,Glendale,70261.0,38315.0,51063.0,32742.0,,,,,,,,,,,130339.0,78349.0,45053.0,13336.0,87288.0,15641.0,$70261,$38315,$51063,$32742,,,,,,,,,,,$130339,$78349,$45053,$13336,$87288,$15641
2022,6037300301,Census Tract 3003.01,Glendale,Los Angeles County,California,Glendale,139339.0,40124.0,140232.0,41885.0,,,,,105607.0,73903.0,,,173531.0,131231.0,,,147378.0,38989.0,172030.0,161014.0,$139339,$40124,$140232,$41885,,,,,$105607,$73903,,,$173531,$131231,,,$147378,$38989,$172030,$161014
2022,6037300400,Census Tract 3004,Glendale,Los Angeles County,California,Glendale,119019.0,31243.0,104337.0,24827.0,,,,,106566.0,53194.0,,,126834.0,73814.0,,,106372.0,36866.0,84080.0,54337.0,$119019,$31243,$104337,$24827,,,,,$106566,$53194,,,$126834,$73814,,,$106372,$36866,$84080,$54337
2022,6037300601,Census Tract 3006.01,Glendale,Los Angeles County,California,Glendale,103747.0,15436.0,102028.0,17563.0,,,,,138083.0,26120.0,,,,,111756.0,24713.0,102297.0,29331.0,97231.0,48000.0,$103747,$15436,$102028,$17563,,,,,$138083,$26120,,,,,$111756,$24713,$102297,$29331,$97231,$48000
2022,6037300602,Census Tract 3006.02,Glendale,Los Angeles County,California,Glendale,116530.0,23846.0,100394.0,24145.0,,,,,188912.0,141431.0,,,,,146810.0,57112.0,101490.0,16230.0,179607.0,136630.0,$116530,$23846,$100394,$24145,,,,,$188912,$141431,,,,,$146810,$57112,$101490,$16230,$179607,$136630
2022,6037300701,Census Tract 3007.01,Glendale,Los Angeles County,California,Glendale,152947.0,36251.0,143180.0,47647.0,,,,,139862.0,72193.0,,,,,154515.0,115862.0,143716.0,47998.0,,,$152947,$36251,$143180,$47647,,,,,$139862,$72193,,,,,$154515,$115862,$143716,$47998,,
2022,6037300702,Census Tract 3007.02,Glendale,Los Angeles County,California,Glendale,148821.0,29724.0,150386.0,21315.0,,,,,,,,,32239.0,2780.0,,,140309.0,29670.0,150728.0,138411.0,$148821,$29724,$150386,$21315,,,,,,,,,$32239,$2780,,,$140309,$29670,$150728,$138411
2022,6037300800,Census Tract 3008,Glendale,Los Angeles County,California,Glendale,99079.0,24194.0,99850.0,36107.0,,,240822.0,89743.0,185546.0,169854.0,,,,,97400.0,9707.0,96153.0,36095.0,98242.0,71665.0,$99079,$24194,$99850,$36107,,,$240822,$89743,$185546,$169854,,,,,$97400,$9707,$96153,$36095,$98242,$71665
2022,6037300901,Census Tract 3009.01,Glendale,Los Angeles County,California,Glendale,167856.0,21376.0,168090.0,14249.0,,,,,150939.0,129939.0,,,,,,,168670.0,9523.0,,,$167856,$21376,$168090,$14249,,,,,$150939,$129939,,,,,,,$168670,$9523,,
2022,6037300902,Census Tract 3009.02,Glendale,Los Angeles County,California,Glendale,187084.0,43949.0,191927.0,43239.0,,,,,159704.0,112591.0,,,,,,,191525.0,48312.0,207669.0,46424.0,$187084,$43949,$191927,$43239,,,,,$159704,$112591,,,,,,,$191525,$48312,$207669,$46424
2022,6037301000,Census Tract 3010,Glendale,Los Angeles County,California,Glendale,126894.0,28452.0,125450.0,21126.0,188409.0,88331.0,,,112041.0,45163.0,,,,,,,126663.0,34662.0,94054.0,36294.0,$126894,$28452,$125450,$21126,$188409,$88331,,,$112041,$45163,,,,,,,$126663,$34662,$94054,$36294
2022,6037301100,Census Tract 3011,Glendale,Los Angeles County,California,Glendale,87953.0,11454.0,87561.0,26865.0,,,,,126563.0,37970.0,,,,,,,88381.0,41476.0,73339.0,43561.0,$87953,$11454,$87561,$26865,,,,,$126563,$37970,,,,,,,$88381,$41476,$73339,$43561
2022,6037301203,Census Tract 3012.03,Glendale,Los Angeles County,California,Glendale,87868.0,20257.0,79634.0,20620.0,,,,,90772.0,27395.0,,,107268.0,62319.0,,,78490.0,18898.0,107770.0,33845.0,$87868,$20257,$79634,$20620,,,,,$90772,$27395,,,$107268,$62319,,,$78490,$18898,$107770,$33845
2022,6037301204,Census Tract 3012.04,Glendale,Los Angeles County,California,Glendale,74028.0,16958.0,68037.0,24185.0,,,,,147724.0,56759.0,,,88110.0,57951.0,,,64824.0,33356.0,98184.0,93699.0,$74028,$16958,$68037,$24185,,,,,$147724,$56759,,,$88110,$57951,,,$64824,$33356,$98184,$93699
2022,6037301205,Census Tract 3012.05,Glendale,Los Angeles County,California,Glendale,127951.0,19675.0,125643.0,19810.0,,,,,,,,,,,,,130110.0,21393.0,,,$127951,$19675,$125643,$19810,,,,,,,,,,,,,$130110,$21393,,
2022,6037301206,Census Tract 3012.06,Glendale,Los Angeles County,California,Glendale,81530.0,20317.0,74837.0,29917.0,,,,,163583.0,36240.0,,,72407.0,34588.0,,,80984.0,31063.0,,,$81530,$20317,$74837,$29917,,,,,$163583,$36240,,,$72407,$34588,,,$80984,$31063,,
2022,6037301300,Census Tract 3013,Glendale,Los Angeles County,California,Glendale,195834.0,90554.0,151972.0,80474.0,,,,,213028.0,114423.0,,,,,,,151780.0,80109.0,,,$195834,$90554,$151972,$80474,,,,,$213028,$114423,,,,,,,$151780,$80109,,
2022,6037301400,Census Tract 3014,Glendale,Los Angeles County,California,Glendale,151780.0,41744.0,151053.0,39915.0,,,,,,,,,140801.0,93582.0,,,161557.0,47484.0,107631.0,91359.0,$151780,$41744,$151053,$39915,,,,,,,,,$140801,$93582,,,$161557,$47484,$107631,$91359
2022,6037301501,Census Tract 3015.01,Glendale,Los Angeles County,California,Glendale,119493.0,15441.0,118489.0,16506.0,,,,,,,,,,,,,120723.0,18641.0,,,$119493,$15441,$118489,$16506,,,,,,,,,,,,,$120723,$18641,,
2022,6037301502,Census Tract 3015.02,Glendale,Los Angeles County,California,Glendale,61518.0,14903.0,59983.0,11893.0,,,,,146708.0,143081.0,,,94517.0,2363.0,,,59967.0,11900.0,118498.0,90707.0,$61518,$14903,$59983,$11893,,,,,$146708,$143081,,,$94517,$2363,,,$59967,$11900,$118498,$90707
2022,6037301601,Census Tract 3016.01,Glendale,Los Angeles County,California,Glendale,41515.0,16641.0,36261.0,14597.0,,,,,137592.0,18262.0,,,,,,,40367.0,16521.0,,,$41515,$16641,$36261,$14597,,,,,$137592,$18262,,,,,,,$40367,$16521,,
2022,6037301602,Census Tract 3016.02,Glendale,Los Angeles County,California,Glendale,72721.0,19199.0,81728.0,30526.0,87254.0,32005.0,,,83259.0,49608.0,,,39798.0,11494.0,,,73114.0,28390.0,61009.0,25541.0,$72721,$19199,$81728,$30526,$87254,$32005,,,$83259,$49608,,,$39798,$11494,,,$73114,$28390,$61009,$25541
2022,6037301701,Census Tract 3017.01,Glendale,Los Angeles County,California,Glendale,90704.0,25504.0,96671.0,26924.0,,,,,153052.0,115821.0,,,,,,,97960.0,34402.0,64110.0,39377.0,$90704,$25504,$96671,$26924,,,,,$153052,$115821,,,,,,,$97960,$34402,$64110,$39377
2022,6037301702,Census Tract 3017.02,Glendale,Los Angeles County,California,Glendale,74369.0,19217.0,75147.0,36810.0,73133.0,41110.0,,,159341.0,68449.0,,,42134.0,21766.0,109445.0,100647.0,75706.0,27570.0,42204.0,22883.0,$74369,$19217,$75147,$36810,$73133,$41110,,,$159341,$68449,,,$42134,$21766,$109445,$100647,$75706,$27570,$42204,$22883
2022,6037301801,Census Tract 3018.01,Glendale,Los Angeles County,California,Glendale,74956.0,10584.0,79520.0,9995.0,,,,,92791.0,26017.0,,,62971.0,9988.0,52743.0,7611.0,80696.0,12382.0,65861.0,15472.0,$74956,$10584,$79520,$9995,,,,,$92791,$26017,,,$62971,$9988,$52743,$7611,$80696,$12382,$65861,$15472
2022,6037301802,Census Tract 3018.02,Glendale,Los Angeles County,California,Glendale,84194.0,11353.0,78058.0,14526.0,124244.0,62093.0,,,155660.0,25083.0,,,84058.0,46109.0,60322.0,52968.0,77508.0,14922.0,85572.0,43786.0,$84194,$11353,$78058,$14526,$124244,$62093,,,$155660,$25083,,,$84058,$46109,$60322,$52968,$77508,$14922,$85572,$43786
2022,6037301901,Census Tract 3019.01,Glendale,Los Angeles County,California,Glendale,101633.0,14970.0,104754.0,24189.0,,,,,70766.0,46356.0,,,,,118949.0,39480.0,104504.0,29962.0,67349.0,8759.0,$101633,$14970,$104754,$24189,,,,,$70766,$46356,,,,,$118949,$39480,$104504,$29962,$67349,$8759
2022,6037301902,Census Tract 3019.02,Glendale,Los Angeles County,California,Glendale,99577.0,11165.0,99808.0,23616.0,,,,,92788.0,38504.0,,,171786.0,143797.0,,,99808.0,23616.0,171786.0,143797.0,$99577,$11165,$99808,$23616,,,,,$92788,$38504,,,$171786,$143797,,,$99808,$23616,$171786,$143797
2022,6037302002,Census Tract 3020.02,Glendale,Los Angeles County,California,Glendale,56500.0,23823.0,34866.0,13874.0,,,,,63976.0,28827.0,,,,,57054.0,51161.0,34866.0,12941.0,56627.0,46567.0,$56500,$23823,$34866,$13874,,,,,$63976,$28827,,,,,$57054,$51161,$34866,$12941,$56627,$46567
2022,6037302003,Census Tract 3020.03,Glendale,Los Angeles County,California,Glendale,65883.0,14134.0,61449.0,22887.0,,,,,186009.0,68923.0,,,,,60447.0,2269.0,61449.0,22887.0,89097.0,35662.0,$65883,$14134,$61449,$22887,,,,,$186009,$68923,,,,,$60447,$2269,$61449,$22887,$89097,$35662
2022,6037302004,Census Tract 3020.04,Glendale,Los Angeles County,California,Glendale,62524.0,28870.0,59317.0,33416.0,,,,,103399.0,49331.0,,,47507.0,26323.0,49146.0,21480.0,45371.0,22023.0,71474.0,42383.0,$62524,$28870,$59317,$33416,,,,,$103399,$49331,,,$47507,$26323,$49146,$21480,$45371,$22023,$71474,$42383
2022,6037302102,Census Tract 3021.02,Glendale,Los Angeles County,California,Glendale,95394.0,41084.0,114637.0,31873.0,,,,,94925.0,55327.0,,,64662.0,31053.0,,,97514.0,38559.0,,,$95394,$41084,$114637,$31873,,,,,$94925,$55327,,,$64662,$31053,,,$97514,$38559,,
2022,6037302103,Census Tract 3021.03,Glendale,Los Angeles County,California,Glendale,58827.0,20066.0,48279.0,22166.0,,,,,70562.0,35682.0,,,,,,,45502.0,22205.0,91453.0,53455.0,$58827,$20066,$48279,$22166,,,,,$70562,$35682,,,,,,,$45502,$22205,$91453,$53455
2022,6037302104,Census Tract 3021.04,Glendale,Los Angeles County,California,Glendale,84384.0,10708.0,64173.0,22310.0,109915.0,50225.0,,,103612.0,30900.0,,,,,87924.0,55306.0,63928.0,25579.0,80537.0,55469.0,$84384,$10708,$64173,$22310,$109915,$50225,,,$103612,$30900,,,,,$87924,$55306,$63928,$25579,$80537,$55469
2022,6037302201,Census Tract 3022.01,Glendale,Los Angeles County,California,Glendale,38854.0,21787.0,28620.0,5073.0,,,,,149955.0,79524.0,,,,,,,27765.0,3243.0,82252.0,23716.0,$38854,$21787,$28620,$5073,,,,,$149955,$79524,,,,,,,$27765,$3243,$82252,$23716
2022,6037302202,Census Tract 3022.02,Glendale,Los Angeles County,California,Glendale,54419.0,9518.0,42455.0,11870.0,73044.0,32815.0,,,71618.0,27857.0,,,,,82845.0,56147.0,37148.0,9934.0,59677.0,17859.0,$54419,$9518,$42455,$11870,$73044,$32815,,,$71618,$27857,,,,,$82845,$56147,$37148,$9934,$59677,$17859
2022,6037302301,Census Tract 3023.01,Glendale,Los Angeles County,California,Glendale,86938.0,27507.0,86722.0,44984.0,,,,,97518.0,40101.0,,,97805.0,77794.0,,,75760.0,49620.0,74731.0,44953.0,$86938,$27507,$86722,$44984,,,,,$97518,$40101,,,$97805,$77794,,,$75760,$49620,$74731,$44953
2022,6037302302,Census Tract 3023.02,Glendale,Los Angeles County,California,Glendale,63442.0,12557.0,51582.0,37718.0,,,,,85145.0,30713.0,,,60774.0,37737.0,63664.0,41340.0,45397.0,42329.0,62875.0,10150.0,$63442,$12557,$51582,$37718,,,,,$85145,$30713,,,$60774,$37737,$63664,$41340,$45397,$42329,$62875,$10150
2022,6037302401,Census Tract 3024.01,Glendale,Los Angeles County,California,Glendale,74193.0,14277.0,57611.0,38887.0,,,,,112031.0,65024.0,,,74944.0,15497.0,,,75311.0,46598.0,72929.0,35563.0,$74193,$14277,$57611,$38887,,,,,$112031,$65024,,,$74944,$15497,,,$75311,$46598,$72929,$35563
2022,6037302503,Census Tract 3025.03,Glendale,Los Angeles County,California,Glendale,50173.0,24121.0,49544.0,24600.0,,,,,153630.0,110035.0,,,35645.0,25424.0,,,43079.0,15248.0,,,$50173,$24121,$49544,$24600,,,,,$153630,$110035,,,$35645,$25424,,,$43079,$15248,,
2022,6037302504,Census Tract 3025.04,Glendale,Los Angeles County,California,Glendale,58094.0,6505.0,44028.0,6686.0,,,,,152615.0,32856.0,,,89070.0,22891.0,,,43152.0,8672.0,76295.0,26239.0,$58094,$6505,$44028,$6686,,,,,$152615,$32856,,,$89070,$22891,,,$43152,$8672,$76295,$26239
2022,6037302505,Census Tract 3025.05,Glendale,Los Angeles County,California,Glendale,57164.0,10577.0,46735.0,21867.0,,,,,120680.0,79221.0,,,52609.0,24785.0,80801.0,72468.0,46578.0,24483.0,53851.0,15857.0,$57164,$10577,$46735,$21867,,,,,$120680,$79221,,,$52609,$24785,$80801,$72468,$46578,$24483,$53851,$15857
2022,6037302506,Census Tract 3025.06,Glendale,Los Angeles County,California,Glendale,73125.0,35453.0,73407.0,53910.0,,,,,,,,,69985.0,57234.0,145502.0,72221.0,71307.0,68751.0,71404.0,37954.0,$73125,$35453,$73407,$53910,,,,,,,,,$69985,$57234,$145502,$72221,$71307,$68751,$71404,$37954
2023,6037300301,Census Tract 3003.01,Glendale,Los Angeles County,California,Glendale,134089.0,20146.0,135190.0,22283.0,,,,,103626.0,75281.0,,,,,167733.0,96718.0,135811.0,38253.0,62978.0,52406.0,$134089,$20146,$135190,$22283,,,,,$103626,$75281,,,,,$167733,$96718,$135811,$38253,$62978,$52406
2023,6037300400,Census Tract 3004,Glendale,Los Angeles County,California,Glendale,134642.0,34007.0,137680.0,34347.0,,,,,127708.0,100605.0,,,120211.0,64090.0,,,136036.0,33517.0,118573.0,65426.0,$134642,$34007,$137680,$34347,,,,,$127708,$100605,,,$120211,$64090,,,$136036,$33517,$118573,$65426
2023,6037300601,Census Tract 3006.01,Glendale,Los Angeles County,California,Glendale,101350.0,12505.0,97077.0,40822.0,,,,,125858.0,26289.0,,,80719.0,33126.0,112384.0,69152.0,94060.0,46472.0,81730.0,35231.0,$101350,$12505,$97077,$40822,,,,,$125858,$26289,,,$80719,$33126,$112384,$69152,$94060,$46472,$81730,$35231
2023,6037300602,Census Tract 3006.02,Glendale,Los Angeles County,California,Glendale,131331.0,32805.0,108706.0,29745.0,,,,,138141.0,110855.0,,,,,146656.0,76814.0,108307.0,31232.0,146595.0,75824.0,$131331,$32805,$108706,$29745,,,,,$138141,$110855,,,,,$146656,$76814,$108307,$31232,$146595,$75824
2023,6037300701,Census Tract 3007.01,Glendale,Los Angeles County,California,Glendale,142704.0,29570.0,129959.0,47358.0,,,,,139453.0,37470.0,,,232040.0,189663.0,153578.0,130647.0,130316.0,46031.0,231897.0,189328.0,$142704,$29570,$129959,$47358,,,,,$139453,$37470,,,$232040,$189663,$153578,$130647,$130316,$46031,$231897,$189328
2023,6037300702,Census Tract 3007.02,Glendale,Los Angeles County,California,Glendale,150846.0,18599.0,150958.0,14061.0,,,,,,,,,33923.0,6503.0,,,152544.0,33391.0,150491.0,956.0,$150846,$18599,$150958,$14061,,,,,,,,,$33923,$6503,,,$152544,$33391,$150491,$956
2023,6037300800,Census Tract 3008,Glendale,Los Angeles County,California,Glendale,116844.0,33260.0,116580.0,34069.0,122315.0,98087.0,,,189149.0,108981.0,,,,,96777.0,58152.0,115945.0,29881.0,,,$116844,$33260,$116580,$34069,$122315,$98087,,,$189149,$108981,,,,,$96777,$58152,$115945,$29881,,
2023,6037300901,Census Tract 3009.01,Glendale,Los Angeles County,California,Glendale,165138.0,28483.0,164881.0,44160.0,,,,,144897.0,26557.0,,,,,,,165164.0,40769.0,,,$165138,$28483,$164881,$44160,,,,,$144897,$26557,,,,,,,$165164,$40769,,
2023,6037300902,Census Tract 3009.02,Glendale,Los Angeles County,California,Glendale,159268.0,58397.0,176281.0,57449.0,,,,,152477.0,107698.0,,,217242.0,214626.0,143341.0,97937.0,176539.0,58025.0,202016.0,67315.0,$159268,$58397,$176281,$57449,,,,,$152477,$107698,,,$217242,$214626,$143341,$97937,$176539,$58025,$202016,$67315
2023,6037301000,Census Tract 3010,Glendale,Los Angeles County,California,Glendale,122335.0,22842.0,120380.0,24223.0,,,,,132533.0,41144.0,,,,,,,120523.0,33944.0,103547.0,29783.0,$122335,$22842,$120380,$24223,,,,,$132533,$41144,,,,,,,$120523,$33944,$103547,$29783
2023,6037301100,Census Tract 3011,Glendale,Los Angeles County,California,Glendale,86724.0,2982.0,86174.0,8475.0,,,,,,,,,,,,,86644.0,5271.0,73947.0,49571.0,$86724,$2982,$86174,$8475,,,,,,,,,,,,,$86644,$5271,$73947,$49571
2023,6037301203,Census Tract 3012.03,Glendale,Los Angeles County,California,Glendale,84203.0,17169.0,74476.0,21258.0,,,,,81921.0,23534.0,,,107533.0,57332.0,,,72314.0,19938.0,109021.0,28548.0,$84203,$17169,$74476,$21258,,,,,$81921,$23534,,,$107533,$57332,,,$72314,$19938,$109021,$28548
2023,6037301204,Census Tract 3012.04,Glendale,Los Angeles County,California,Glendale,67594.0,15742.0,53210.0,33697.0,,,,,107095.0,75846.0,,,89894.0,13349.0,57093.0,53503.0,45922.0,29367.0,,,$67594,$15742,$53210,$33697,,,,,$107095,$75846,,,$89894,$13349,$57093,$53503,$45922,$29367,,
2023,6037301205,Census Tract 3012.05,Glendale,Los Angeles County,California,Glendale,111761.0,34889.0,107184.0,40442.0,,,,,,,,,,,96504.0,86789.0,107699.0,43034.0,89910.0,41682.0,$111761,$34889,$107184,$40442,,,,,,,,,,,$96504,$86789,$107699,$43034,$89910,$41682
2023,6037301206,Census Tract 3012.06,Glendale,Los Angeles County,California,Glendale,86398.0,24230.0,94414.0,30980.0,,,,,,,,,64095.0,25581.0,,,94735.0,30315.0,,,$86398,$24230,$94414,$30980,,,,,,,,,$64095,$25581,,,$94735,$30315,,
2023,6037301300,Census Tract 3013,Glendale,Los Angeles County,California,Glendale,197384.0,37242.0,188377.0,46867.0,,,,,242456.0,54274.0,,,,,221156.0,134466.0,179849.0,48245.0,227750.0,73040.0,$197384,$37242,$188377,$46867,,,,,$242456,$54274,,,,,$221156,$134466,$179849,$48245,$227750,$73040
2023,6037301400,Census Tract 3014,Glendale,Los Angeles County,California,Glendale,130157.0,30576.0,132533.0,38076.0,,,,,,,,,143041.0,87271.0,,,145561.0,38009.0,122239.0,77983.0,$130157,$30576,$132533,$38076,,,,,,,,,$143041,$87271,,,$145561,$38009,$122239,$77983
2023,6037301501,Census Tract 3015.01,Glendale,Los Angeles County,California,Glendale,121596.0,32039.0,152724.0,77875.0,,,,,,,,,,,,,152724.0,77875.0,22518.0,7308.0,$121596,$32039,$152724,$77875,,,,,,,,,,,,,$152724,$77875,$22518,$7308
2023,6037301502,Census Tract 3015.02,Glendale,Los Angeles County,California,Glendale,73102.0,19861.0,62937.0,12921.0,,,,,195582.0,35875.0,,,96124.0,2152.0,,,62277.0,11076.0,130496.0,111713.0,$73102,$19861,$62937,$12921,,,,,$195582,$35875,,,$96124,$2152,,,$62277,$11076,$130496,$111713
2023,6037301601,Census Tract 3016.01,Glendale,Los Angeles County,California,Glendale,41810.0,14602.0,41452.0,14018.0,,,,,119863.0,58537.0,,,,,,,41843.0,14296.0,,,$41810,$14602,$41452,$14018,,,,,$119863,$58537,,,,,,,$41843,$14296,,
2023,6037301602,Census Tract 3016.02,Glendale,Los Angeles County,California,Glendale,80099.0,25651.0,74844.0,42150.0,108544.0,33766.0,,,83270.0,67512.0,,,48442.0,37260.0,93488.0,39742.0,61705.0,43681.0,74630.0,31700.0,$80099,$25651,$74844,$42150,$108544,$33766,,,$83270,$67512,,,$48442,$37260,$93488,$39742,$61705,$43681,$74630,$31700
2023,6037301701,Census Tract 3017.01,Glendale,Los Angeles County,California,Glendale,103389.0,50653.0,86211.0,45681.0,,,,,178534.0,103709.0,,,,,,,92966.0,45983.0,,,$103389,$50653,$86211,$45681,,,,,$178534,$103709,,,,,,,$92966,$45983,,
2023,6037301702,Census Tract 3017.02,Glendale,Los Angeles County,California,Glendale,83558.0,16163.0,83754.0,14763.0,72513.0,53761.0,,,160326.0,60355.0,,,40367.0,23921.0,110328.0,52653.0,83974.0,16271.0,,,$83558,$16163,$83754,$14763,$72513,$53761,,,$160326,$60355,,,$40367,$23921,$110328,$52653,$83974,$16271,,
2023,6037301801,Census Tract 3018.01,Glendale,Los Angeles County,California,Glendale,69118.0,14452.0,67724.0,14536.0,,,,,94371.0,10729.0,,,67701.0,9113.0,103008.0,75963.0,69431.0,16873.0,59490.0,20987.0,$69118,$14452,$67724,$14536,,,,,$94371,$10729,,,$67701,$9113,$103008,$75963,$69431,$16873,$59490,$20987
2023,6037301802,Census Tract 3018.02,Glendale,Los Angeles County,California,Glendale,86741.0,15867.0,77105.0,23872.0,123038.0,95167.0,,,150400.0,83490.0,,,83134.0,45454.0,60939.0,31927.0,74778.0,30858.0,86269.0,40005.0,$86741,$15867,$77105,$23872,$123038,$95167,,,$150400,$83490,,,$83134,$45454,$60939,$31927,$74778,$30858,$86269,$40005
2023,6037301901,Census Tract 3019.01,Glendale,Los Angeles County,California,Glendale,85334.0,22453.0,88589.0,25271.0,,,,,66474.0,35561.0,,,,,,,88918.0,29501.0,66225.0,2059.0,$85334,$22453,$88589,$25271,,,,,$66474,$35561,,,,,,,$88918,$29501,$66225,$2059
2023,6037301902,Census Tract 3019.02,Glendale,Los Angeles County,California,Glendale,100204.0,20282.0,97206.0,37884.0,,,,,188164.0,67023.0,,,172809.0,131996.0,,,97206.0,37884.0,172809.0,131996.0,$100204,$20282,$97206,$37884,,,,,$188164,$67023,,,$172809,$131996,,,$97206,$37884,$172809,$131996
2023,6037302002,Census Tract 3020.02,Glendale,Los Angeles County,California,Glendale,58170.0,6411.0,38249.0,36960.0,,,,,68196.0,20266.0,,,,,57740.0,32316.0,38172.0,36517.0,57938.0,14474.0,$58170,$6411,$38249,$36960,,,,,$68196,$20266,,,,,$57740,$32316,$38172,$36517,$57938,$14474
2023,6037302003,Census Tract 3020.03,Glendale,Los Angeles County,California,Glendale,63050.0,13046.0,59684.0,17171.0,,,,,124445.0,69770.0,,,73753.0,21996.0,60476.0,1153.0,59833.0,17257.0,73753.0,23576.0,$63050,$13046,$59684,$17171,,,,,$124445,$69770,,,$73753,$21996,$60476,$1153,$59833,$17257,$73753,$23576
2023,6037302004,Census Tract 3020.04,Glendale,Los Angeles County,California,Glendale,60991.0,24618.0,55690.0,24567.0,,,,,102461.0,85492.0,,,52370.0,32466.0,49459.0,19798.0,54201.0,19550.0,69775.0,24841.0,$60991,$24618,$55690,$24567,,,,,$102461,$85492,,,$52370,$32466,$49459,$19798,$54201,$19550,$69775,$24841
2023,6037302102,Census Tract 3021.02,Glendale,Los Angeles County,California,Glendale,114151.0,38581.0,117998.0,32005.0,,,,,124251.0,52774.0,,,65029.0,22658.0,,,94637.0,47749.0,,,$114151,$38581,$117998,$32005,,,,,$124251,$52774,,,$65029,$22658,,,$94637,$47749,,
2023,6037302103,Census Tract 3021.03,Glendale,Los Angeles County,California,Glendale,60333.0,13159.0,55844.0,33820.0,,,,,65510.0,32014.0,,,45121.0,22293.0,90736.0,34852.0,67385.0,31126.0,54217.0,38531.0,$60333,$13159,$55844,$33820,,,,,$65510,$32014,,,$45121,$22293,$90736,$34852,$67385,$31126,$54217,$38531
2023,6037302104,Census Tract 3021.04,Glendale,Los Angeles County,California,Glendale,83884.0,15099.0,54757.0,14968.0,86323.0,8416.0,,,84455.0,20682.0,,,88005.0,35055.0,111266.0,44745.0,55567.0,17399.0,88592.0,22875.0,$83884,$15099,$54757,$14968,$86323,$8416,,,$84455,$20682,,,$88005,$35055,$111266,$44745,$55567,$17399,$88592,$22875
2023,6037302201,Census Tract 3022.01,Glendale,Los Angeles County,California,Glendale,36141.0,17527.0,27049.0,3396.0,,,,,110787.0,57540.0,,,157238.0,150158.0,28384.0,17965.0,26074.0,2278.0,87596.0,16656.0,$36141,$17527,$27049,$3396,,,,,$110787,$57540,,,$157238,$150158,$28384,$17965,$26074,$2278,$87596,$16656
2023,6037302202,Census Tract 3022.02,Glendale,Los Angeles County,California,Glendale,50354.0,7435.0,41807.0,15276.0,73195.0,36179.0,,,71016.0,9468.0,,,54102.0,22270.0,73867.0,14120.0,41698.0,15174.0,55538.0,12110.0,$50354,$7435,$41807,$15276,$73195,$36179,,,$71016,$9468,,,$54102,$22270,$73867,$14120,$41698,$15174,$55538,$12110
2023,6037302301,Census Tract 3023.01,Glendale,Los Angeles County,California,Glendale,95941.0,15158.0,94140.0,21537.0,,,,,95769.0,29218.0,,,104654.0,28492.0,,,93661.0,26037.0,98785.0,57349.0,$95941,$15158,$94140,$21537,,,,,$95769,$29218,,,$104654,$28492,,,$93661,$26037,$98785,$57349
2023,6037302302,Census Tract 3023.02,Glendale,Los Angeles County,California,Glendale,62004.0,14880.0,41197.0,21646.0,,,,,82427.0,16784.0,,,62515.0,21294.0,62044.0,55273.0,36886.0,17541.0,62610.0,8934.0,$62004,$14880,$41197,$21646,,,,,$82427,$16784,,,$62515,$21294,$62044,$55273,$36886,$17541,$62610,$8934
2023,6037302401,Census Tract 3024.01,Glendale,Los Angeles County,California,Glendale,74121.0,12917.0,59769.0,46278.0,,,,,140456.0,62151.0,,,73736.0,11495.0,,,73120.0,53672.0,72138.0,23395.0,$74121,$12917,$59769,$46278,,,,,$140456,$62151,,,$73736,$11495,,,$73120,$53672,$72138,$23395
2023,6037302503,Census Tract 3025.03,Glendale,Los Angeles County,California,Glendale,49799.0,21763.0,46269.0,15149.0,,,,,105823.0,82845.0,,,38205.0,32961.0,65206.0,18803.0,42916.0,6738.0,64719.0,31862.0,$49799,$21763,$46269,$15149,,,,,$105823,$82845,,,$38205,$32961,$65206,$18803,$42916,$6738,$64719,$31862
2023,6037302504,Census Tract 3025.04,Glendale,Los Angeles County,California,Glendale,45214.0,6154.0,38581.0,7297.0,,,,,163414.0,22920.0,,,78351.0,25563.0,,,37605.0,9686.0,65807.0,25207.0,$45214,$6154,$38581,$7297,,,,,$163414,$22920,,,$78351,$25563,,,$37605,$9686,$65807,$25207
2023,6037302505,Census Tract 3025.05,Glendale,Los Angeles County,California,Glendale,72986.0,14225.0,68045.0,20965.0,,,,,95604.0,60960.0,,,61763.0,26325.0,80124.0,72023.0,60169.0,22598.0,73414.0,19272.0,$72986,$14225,$68045,$20965,,,,,$95604,$60960,,,$61763,$26325,$80124,$72023,$60169,$22598,$73414,$19272
2023,6037302506,Census Tract 3025.06,Glendale,Los Angeles County,California,Glendale,78447.0,22136.0,73711.0,43063.0,,,,,89785.0,43359.0,,,71829.0,25028.0,,,74487.0,54740.0,74089.0,20642.0,$78447,$22136,$73711,$43063,,,,,$89785,$43359,,,$71829,$25028,,,$74487,$54740,$74089,$20642
2024,6037300301,Census Tract 3003.01,Glendale,Los Angeles County,California,Glendale,135223.0,42068.0,136473.0,73974.0,,,,,,,,,,,142917.0,107834.0,137321.0,81969.0,63964.0,31257.0,$135223,$42068,$136473,$73974,,,,,,,,,,,$142917,$107834,$137321,$81969,$63964,$31257
2024,6037300400,Census Tract 3004,Glendale,Los Angeles County,California,Glendale,136359.0,45539.0,131179.0,29549.0,,,,,173281.0,92138.0,,,125094.0,51821.0,,,130714.0,29694.0,125750.0,67103.0,$136359,$45539,$131179,$29549,,,,,$173281,$92138,,,$125094,$51821,,,$130714,$29694,$125750,$67103
2024,6037300601,Census Tract 3006.01,Glendale,Los Angeles County,California,Glendale,111631.0,19524.0,102917.0,35658.0,,,,,124300.0,18478.0,,,49718.0,43666.0,127974.0,31651.0,103828.0,46059.0,71447.0,47550.0,$111631,$19524,$102917,$35658,,,,,$124300,$18478,,,$49718,$43666,$127974,$31651,$103828,$46059,$71447,$47550
2024,6037300602,Census Tract 3006.02,Glendale,Los Angeles County,California,Glendale,116471.0,38488.0,87202.0,37547.0,,,,,,,,,,,146695.0,34491.0,86310.0,33627.0,146504.0,17291.0,$116471,$38488,$87202,$37547,,,,,,,,,,,$146695,$34491,$86310,$33627,$146504,$17291
2024,6037300701,Census Tract 3007.01,Glendale,Los Angeles County,California,Glendale,154440.0,55886.0,153074.0,70897.0,,,,,,,,,,,154936.0,150996.0,153277.0,70855.0,174286.0,159015.0,$154440,$55886,$153074,$70897,,,,,,,,,,,$154936,$150996,$153277,$70855,$174286,$159015
2024,6037300702,Census Tract 3007.02,Glendale,Los Angeles County,California,Glendale,155368.0,8702.0,155915.0,19397.0,,,,,121500.0,37124.0,,,,,,,160598.0,50358.0,151326.0,950.0,$155368,$8702,$155915,$19397,,,,,$121500,$37124,,,,,,,$160598,$50358,$151326,$950
2024,6037300800,Census Tract 3008,Glendale,Los Angeles County,California,Glendale,116205.0,50388.0,116091.0,65072.0,,,,,159119.0,57071.0,,,,,96132.0,15895.0,114044.0,64351.0,,,$116205,$50388,$116091,$65072,,,,,$159119,$57071,,,,,$96132,$15895,$114044,$64351,,
2024,6037300901,Census Tract 3009.01,Glendale,Los Angeles County,California,Glendale,166172.0,18902.0,154054.0,30793.0,,,,,150703.0,70962.0,,,,,,,154054.0,31892.0,,,$166172,$18902,$154054,$30793,,,,,$150703,$70962,,,,,,,$154054,$31892,,
2024,6037300902,Census Tract 3009.02,Glendale,Los Angeles County,California,Glendale,186250.0,68372.0,185859.0,86918.0,,,,,211875.0,112441.0,,,,,185417.0,75035.0,186797.0,93866.0,158125.0,48429.0,$186250,$68372,$185859,$86918,,,,,$211875,$112441,,,,,$185417,$75035,$186797,$93866,$158125,$48429
2024,6037301000,Census Tract 3010,Glendale,Los Angeles County,California,Glendale,116094.0,57037.0,119886.0,69393.0,,,,,116367.0,68276.0,,,88319.0,56475.0,,,119148.0,73930.0,89159.0,21222.0,$116094,$57037,$119886,$69393,,,,,$116367,$68276,,,$88319,$56475,,,$119148,$73930,$89159,$21222
2024,6037301100,Census Tract 3011,Glendale,Los Angeles County,California,Glendale,87395.0,13403.0,86081.0,24291.0,,,,,101250.0,46684.0,,,91474.0,55589.0,,,86081.0,24291.0,,,$87395,$13403,$86081,$24291,,,,,$101250,$46684,,,$91474,$55589,,,$86081,$24291,,
2024,6037301203,Census Tract 3012.03,Glendale,Los Angeles County,California,Glendale,80852.0,13043.0,68472.0,21479.0,,,,,81500.0,12537.0,,,66563.0,59492.0,,,67399.0,21944.0,91375.0,44136.0,$80852,$13043,$68472,$21479,,,,,$81500,$12537,,,$66563,$59492,,,$67399,$21944,$91375,$44136
2024,6037301204,Census Tract 3012.04,Glendale,Los Angeles County,California,Glendale,75298.0,14775.0,51118.0,36672.0,,,,,106000.0,62248.0,,,95925.0,7669.0,150083.0,84393.0,47679.0,30393.0,150208.0,78110.0,$75298,$14775,$51118,$36672,,,,,$106000,$62248,,,$95925,$7669,$150083,$84393,$47679,$30393,$150208,$78110
2024,6037301205,Census Tract 3012.05,Glendale,Los Angeles County,California,Glendale,108125.0,29379.0,105156.0,24284.0,,,,,,,,,,,170156.0,164141.0,105313.0,27494.0,98214.0,27567.0,$108125,$29379,$105156,$24284,,,,,,,,,,,$170156,$164141,$105313,$27494,$98214,$27567
2024,6037301206,Census Tract 3012.06,Glendale,Los Angeles County,California,Glendale,81200.0,21256.0,95972.0,26389.0,,,,,72552.0,71170.0,,,,,,,96065.0,26414.0,,,$81200,$21256,$95972,$26389,,,,,$72552,$71170,,,,,,,$96065,$26414,,
2024,6037301300,Census Tract 3013,Glendale,Los Angeles County,California,Glendale,201357.0,41308.0,200357.0,31917.0,,,,,242292.0,56846.0,,,,,,,200071.0,26177.0,,,$201357,$41308,$200357,$31917,,,,,$242292,$56846,,,,,,,$200071,$26177,,
2024,6037301400,Census Tract 3014,Glendale,Los Angeles County,California,Glendale,150116.0,35326.0,150324.0,38077.0,,,,,,,,,,,239205.0,75383.0,150324.0,38111.0,,,$150116,$35326,$150324,$38077,,,,,,,,,,,$239205,$75383,$150324,$38111,,
2024,6037301501,Census Tract 3015.01,Glendale,Los Angeles County,California,Glendale,163646.0,57915.0,193365.0,27474.0,,,,,,,,,,,,,193365.0,27474.0,,,$163646,$57915,$193365,$27474,,,,,,,,,,,,,$193365,$27474,,
2024,6037301502,Census Tract 3015.02,Glendale,Los Angeles County,California,Glendale,80459.0,7652.0,78958.0,14166.0,,,,,205129.0,71352.0,,,95927.0,1695.0,,,79063.0,17415.0,162778.0,119088.0,$80459,$7652,$78958,$14166,,,,,$205129,$71352,,,$95927,$1695,,,$79063,$17415,$162778,$119088
2024,6037301601,Census Tract 3016.01,Glendale,Los Angeles County,California,Glendale,54469.0,31680.0,50071.0,16863.0,,,,,119911.0,57083.0,,,,,,,48689.0,16694.0,108469.0,77370.0,$54469,$31680,$50071,$16863,,,,,$119911,$57083,,,,,,,$48689,$16694,$108469,$77370
2024,6037301602,Census Tract 3016.02,Glendale,Los Angeles County,California,Glendale,76625.0,19604.0,61526.0,15950.0,,,,,130139.0,79044.0,,,80900.0,29506.0,93500.0,44405.0,61600.0,21566.0,80850.0,31923.0,$76625,$19604,$61526,$15950,,,,,$130139,$79044,,,$80900,$29506,$93500,$44405,$61600,$21566,$80850,$31923
2024,6037301701,Census Tract 3017.01,Glendale,Los Angeles County,California,Glendale,90938.0,70882.0,84479.0,83482.0,,,,,136979.0,95245.0,,,,,,,84479.0,83482.0,73542.0,54411.0,$90938,$70882,$84479,$83482,,,,,$136979,$95245,,,,,,,$84479,$83482,$73542,$54411
2024,6037301702,Census Tract 3017.02,Glendale,Los Angeles County,California,Glendale,84067.0,18667.0,82976.0,28476.0,,,,,182722.0,82191.0,,,41897.0,21949.0,109049.0,49451.0,83452.0,21321.0,55408.0,41185.0,$84067,$18667,$82976,$28476,,,,,$182722,$82191,,,$41897,$21949,$109049,$49451,$83452,$21321,$55408,$41185
2024,6037301801,Census Tract 3018.01,Glendale,Los Angeles County,California,Glendale,81586.0,9673.0,80570.0,12439.0,,,,,94559.0,5753.0,,,69013.0,14851.0,104225.0,25028.0,80596.0,12434.0,67138.0,34911.0,$81586,$9673,$80570,$12439,,,,,$94559,$5753,,,$69013,$14851,$104225,$25028,$80596,$12434,$67138,$34911
2024,6037301802,Census Tract 3018.02,Glendale,Los Angeles County,California,Glendale,90089.0,20973.0,78929.0,32504.0,124250.0,78989.0,,,,,,,,,62045.0,50418.0,77857.0,37846.0,83988.0,48601.0,$90089,$20973,$78929,$32504,$124250,$78989,,,,,,,,,$62045,$50418,$77857,$37846,$83988,$48601
2024,6037301901,Census Tract 3019.01,Glendale,Los Angeles County,California,Glendale,72500.0,27505.0,88438.0,50695.0,,,,,65372.0,8935.0,,,,,,,88490.0,51652.0,66925.0,3482.0,$72500,$27505,$88438,$50695,,,,,$65372,$8935,,,,,,,$88490,$51652,$66925,$3482
2024,6037301902,Census Tract 3019.02,Glendale,Los Angeles County,California,Glendale,101343.0,10191.0,98780.0,23641.0,,,,,187554.0,51041.0,,,172908.0,103762.0,,,99196.0,19387.0,137063.0,98583.0,$101343,$10191,$98780,$23641,,,,,$187554,$51041,,,$172908,$103762,,,$99196,$19387,$137063,$98583
2024,6037302002,Census Tract 3020.02,Glendale,Los Angeles County,California,Glendale,58846.0,2215.0,46136.0,30601.0,,,,,67083.0,23897.0,,,67147.0,34350.0,,,46136.0,30601.0,58906.0,5974.0,$58846,$2215,$46136,$30601,,,,,$67083,$23897,,,$67147,$34350,,,$46136,$30601,$58906,$5974
2024,6037302003,Census Tract 3020.03,Glendale,Los Angeles County,California,Glendale,61522.0,4932.0,59643.0,23894.0,,,,,85682.0,69313.0,,,71974.0,31744.0,61148.0,10621.0,59949.0,26985.0,71908.0,32601.0,$61522,$4932,$59643,$23894,,,,,$85682,$69313,,,$71974,$31744,$61148,$10621,$59949,$26985,$71908,$32601
2024,6037302004,Census Tract 3020.04,Glendale,Los Angeles County,California,Glendale,52679.0,11861.0,53415.0,19362.0,,,73194.0,44210.0,,,,,47063.0,10799.0,51133.0,1183.0,49408.0,16888.0,65662.0,32310.0,$52679,$11861,$53415,$19362,,,$73194,$44210,,,,,$47063,$10799,$51133,$1183,$49408,$16888,$65662,$32310
2024,6037302102,Census Tract 3021.02,Glendale,Los Angeles County,California,Glendale,93627.0,28653.0,93358.0,36663.0,,,,,125353.0,75207.0,,,66124.0,28766.0,88571.0,63035.0,85923.0,37094.0,,,$93627,$28653,$93358,$36663,,,,,$125353,$75207,,,$66124,$28766,$88571,$63035,$85923,$37094,,
2024,6037302103,Census Tract 3021.03,Glendale,Los Angeles County,California,Glendale,68731.0,20627.0,80781.0,17025.0,,,,,65388.0,34591.0,,,45833.0,23829.0,90533.0,39088.0,81317.0,16055.0,47250.0,31730.0,$68731,$20627,$80781,$17025,,,,,$65388,$34591,,,$45833,$23829,$90533,$39088,$81317,$16055,$47250,$31730
2024,6037302104,Census Tract 3021.04,Glendale,Los Angeles County,California,Glendale,82212.0,12142.0,66250.0,29683.0,86310.0,73471.0,,,88250.0,13964.0,,,88878.0,28366.0,89531.0,45623.0,69306.0,30006.0,88571.0,19039.0,$82212,$12142,$66250,$29683,$86310,$73471,,,$88250,$13964,,,$88878,$28366,$89531,$45623,$69306,$30006,$88571,$19039
2024,6037302201,Census Tract 3022.01,Glendale,Los Angeles County,California,Glendale,35972.0,14669.0,26786.0,4028.0,,,,,111563.0,77453.0,,,110625.0,85146.0,,,26359.0,2706.0,68750.0,35979.0,$35972,$14669,$26786,$4028,,,,,$111563,$77453,,,$110625,$85146,,,$26359,$2706,$68750,$35979
2024,6037302202,Census Tract 3022.02,Glendale,Los Angeles County,California,Glendale,52348.0,7781.0,41429.0,7923.0,,,,,71132.0,7234.0,,,54286.0,20016.0,73882.0,4395.0,40513.0,7794.0,56842.0,8503.0,$52348,$7781,$41429,$7923,,,,,$71132,$7234,,,$54286,$20016,$73882,$4395,$40513,$7794,$56842,$8503
2024,6037302301,Census Tract 3023.01,Glendale,Los Angeles County,California,Glendale,87198.0,20010.0,82625.0,28590.0,,,,,96333.0,33472.0,,,103219.0,14700.0,,,83875.0,21284.0,71006.0,29890.0,$87198,$20010,$82625,$28590,,,,,$96333,$33472,,,$103219,$14700,,,$83875,$21284,$71006,$29890
2024,6037302302,Census Tract 3023.02,Glendale,Los Angeles County,California,Glendale,61308.0,12908.0,44744.0,13773.0,,,,,75370.0,35419.0,,,61014.0,37029.0,68750.0,22058.0,43977.0,13699.0,63817.0,15255.0,$61308,$12908,$44744,$13773,,,,,$75370,$35419,,,$61014,$37029,$68750,$22058,$43977,$13699,$63817,$15255
2024,6037302401,Census Tract 3024.01,Glendale,Los Angeles County,California,Glendale,73496.0,11267.0,74338.0,44963.0,,,,,78125.0,49549.0,,,72761.0,19333.0,,,76313.0,47345.0,64232.0,15274.0,$73496,$11267,$74338,$44963,,,,,$78125,$49549,,,$72761,$19333,,,$76313,$47345,$64232,$15274
2024,6037302503,Census Tract 3025.03,Glendale,Los Angeles County,California,Glendale,62364.0,17492.0,46964.0,40906.0,,,,,108370.0,76538.0,,,61168.0,40575.0,65703.0,15032.0,45679.0,28299.0,65078.0,25548.0,$62364,$17492,$46964,$40906,,,,,$108370,$76538,,,$61168,$40575,$65703,$15032,$45679,$28299,$65078,$25548
2024,6037302504,Census Tract 3025.04,Glendale,Los Angeles County,California,Glendale,41201.0,9907.0,26442.0,17721.0,,,,,150982.0,83276.0,,,,,,,26154.0,17059.0,65882.0,44564.0,$41201,$9907,$26442,$17721,,,,,$150982,$83276,,,,,,,$26154,$17059,$65882,$44564
2024,6037302505,Census Tract 3025.05,Glendale,Los Angeles County,California,Glendale,64828.0,18939.0,71563.0,30832.0,,,,,79861.0,53150.0,,,40815.0,14623.0,,,70625.0,31070.0,43095.0,14247.0,$64828,$18939,$71563,$30832,,,,,$79861,$53150,,,$40815,$14623,,,$70625,$31070,$43095,$14247
2024,6037302506,Census Tract 3025.06,Glendale,Los Angeles County,California,Glendale,85882.0,18119.0,92917.0,37878.0,,,,,,,,,79194.0,71167.0,,,93472.0,44137.0,86389.0,52859.0,$85882,$18119,$92917,$37878,,,,,,,,,$79194,$71167,,,$93472,$44137,$86389,$52859
