YEAR,GEO_ID,TRACT,CITY,COUNTY,STATE,ABBREV_NAME,B19013_001E,B19013_001M,B19013A_001E,B19013A_001M,B19013B_001E,B19013B_001M,B19013C_001E,B19013C_001M,B19013D_001E,B19013D_001M,B19013E_001E,B19013E_001M,B19013F_001E,B19013F_001M,B19013G_001E,B19013G_001M,B19013H_001E,B19013H_001M,B19013I_001E,B19013I_001M,B19013_001E_string,B19013_001M_string,B19013A_001E_string,B19013A_001M_string,B19013B_001E_string,B19013B_001M_string,B19013C_001E_string,B19013C_001M_string,B19013D_001E_string,B19013D_001M_string,B19013E_001E_string,B19013E_001M_string,B19013F_001E_string,B19013F_001M_string,B19013G_001E_string,B19013G_001M_string,B19013H_001E_string,B19013H_001M_string,B19013I_001E_string,B19013I_001M_string
2010,6037600502,Census Tract 6005.02,Hawthorne,Los Angeles County,California,Hawthorne,77283.0,33873.0,123331.0,13052.0,64718.0,32595.0,,,94826.0,31405.0,,,53817.0,5034.0,,,,,87903.0,81719.0,$77283,$33873,$123331,$13052,$64718,$32595,,,$94826,$31405,,,$53817,$5034,,,,,$87903,$81719
2010,6037601600,Census Tract 6016,Hawthorne,Los Angeles County,California,Hawthorne,49234.0,5298.0,51134.0,5412.0,30732.0,63399.0,,,,,,,48262.0,10014.0,,,48262.0,16782.0,50061.0,7769.0,$49234,$5298,$51134,$5412,$30732,$63399,,,,,,,$48262,$10014,,,$48262,$16782,$50061,$7769
2010,6037601700,Census Tract 6017,Hawthorne,Los Angeles County,California,Hawthorne,44743.0,8076.0,58116.0,9466.0,18635.0,30697.0,,,10569.0,22354.0,,,43959.0,14681.0,46837.0,153602.0,149141.0,151769.0,48363.0,5313.0,$44743,$8076,$58116,$9466,$18635,$30697,,,$10569,$22354,,,$43959,$14681,$46837,$153602,$149141,$151769,$48363,$5313
2010,6037602002,Census Tract 6020.02,Hawthorne,Los Angeles County,California,Hawthorne,63071.0,19093.0,88581.0,65677.0,21633.0,40857.0,,,29591.0,38102.0,,,73576.0,42684.0,22597.0,31782.0,118748.0,71685.0,68872.0,20474.0,$63071,$19093,$88581,$65677,$21633,$40857,,,$29591,$38102,,,$73576,$42684,$22597,$31782,$118748,$71685,$68872,$20474
2010,6037602103,Census Tract 6021.03,Hawthorne,Los Angeles County,California,Hawthorne,57703.0,7703.0,50713.0,9466.0,58839.0,18645.0,,,42136.0,8974.0,,,64718.0,18661.0,152777.0,30491.0,56148.0,50054.0,59337.0,17583.0,$57703,$7703,$50713,$9466,$58839,$18645,,,$42136,$8974,,,$64718,$18661,$152777,$30491,$56148,$50054,$59337,$17583
2010,6037602104,Census Tract 6021.04,Hawthorne,Los Angeles County,California,Hawthorne,58941.0,11619.0,57897.0,12575.0,36336.0,23847.0,,,141610.0,65838.0,,,74722.0,27396.0,82046.0,25779.0,62697.0,38387.0,59398.0,17180.0,$58941,$11619,$57897,$12575,$36336,$23847,,,$141610,$65838,,,$74722,$27396,$82046,$25779,$62697,$38387,$59398,$17180
2010,6037602105,Census Tract 6021.05,Hawthorne,Los Angeles County,California,Hawthorne,64326.0,8722.0,84889.0,5989.0,38656.0,11042.0,,,28733.0,191467.0,,,130260.0,105868.0,,,86850.0,8353.0,84699.0,18784.0,$64326,$8722,$84889,$5989,$38656,$11042,,,$28733,$191467,,,$130260,$105868,,,$86850,$8353,$84699,$18784
2010,6037602106,Census Tract 6021.06,Hawthorne,Los Angeles County,California,Hawthorne,60031.0,5912.0,60542.0,12154.0,64766.0,21622.0,,,56099.0,22884.0,,,52425.0,25261.0,,,59233.0,22231.0,58961.0,19241.0,$60031,$5912,$60542,$12154,$64766,$21622,,,$56099,$22884,,,$52425,$25261,,,$59233,$22231,$58961,$19241
2010,6037602200,Census Tract 6022,Hawthorne,Los Angeles County,California,Hawthorne,96098.0,14348.0,107273.0,22198.0,67444.0,30003.0,,,124452.0,42499.0,,,95209.0,23961.0,,,133117.0,33493.0,94924.0,10980.0,$96098,$14348,$107273,$22198,$67444,$30003,,,$124452,$42499,,,$95209,$23961,,,$133117,$33493,$94924,$10980
2010,6037602301,Census Tract 6023.01,Hawthorne,Los Angeles County,California,Hawthorne,118218.0,10209.0,124857.0,21446.0,115998.0,82968.0,,,76065.0,109057.0,,,69299.0,53901.0,,,135985.0,26597.0,115407.0,6398.0,$118218,$10209,$124857,$21446,$115998,$82968,,,$76065,$109057,,,$69299,$53901,,,$135985,$26597,$115407,$6398
2010,6037602302,Census Tract 6023.02,Hawthorne,Los Angeles County,California,Hawthorne,141824.0,27481.0,142383.0,29616.0,153035.0,20049.0,,,116807.0,61767.0,,,171930.0,2203.0,,,143503.0,27883.0,170882.0,130135.0,$141824,$27481,$142383,$29616,$153035,$20049,,,$116807,$61767,,,$171930,$2203,,,$143503,$27883,$170882,$130135
2010,6037602402,Census Tract 6024.02,Hawthorne,Los Angeles County,California,Hawthorne,75497.0,10297.0,74729.0,14355.0,37921.0,23876.0,,,133775.0,22357.0,,,77885.0,14425.0,,,86880.0,36315.0,75310.0,8842.0,$75497,$10297,$74729,$14355,$37921,$23876,,,$133775,$22357,,,$77885,$14425,,,$86880,$36315,$75310,$8842
2010,6037602403,Census Tract 6024.03,Hawthorne,Los Angeles County,California,Hawthorne,63057.0,15893.0,56366.0,15201.0,64879.0,23646.0,,,78939.0,29040.0,,,72914.0,35597.0,47504.0,68636.0,55162.0,9849.0,56945.0,23492.0,$63057,$15893,$56366,$15201,$64879,$23646,,,$78939,$29040,,,$72914,$35597,$47504,$68636,$55162,$9849,$56945,$23492
2010,6037602404,Census Tract 6024.04,Hawthorne,Los Angeles County,California,Hawthorne,58890.0,8180.0,56679.0,13333.0,61077.0,17342.0,31718.0,176317.0,80899.0,38475.0,,,62174.0,15874.0,3614.0,,72810.0,20369.0,55590.0,17687.0,$58890,$8180,$56679,$13333,$61077,$17342,$31718,$176317,$80899,$38475,,,$62174,$15874,$3614,,$72810,$20369,$55590,$17687
2010,6037602504,Census Tract 6025.04,Hawthorne,Los Angeles County,California,Hawthorne,62368.0,6206.0,66818.0,22672.0,61904.0,4862.0,,,38488.0,63777.0,67352.0,40001.0,56421.0,20231.0,,,43387.0,43016.0,68000.0,15864.0,$62368,$6206,$66818,$22672,$61904,$4862,,,$38488,$63777,$67352,$40001,$56421,$20231,,,$43387,$43016,$68000,$15864
2010,6037602505,Census Tract 6025.05,Hawthorne,Los Angeles County,California,Hawthorne,61246.0,11318.0,35360.0,34469.0,65964.0,4984.0,,,24159.0,149426.0,,,42565.0,34215.0,28222.0,74070.0,90342.0,12559.0,31094.0,5451.0,$61246,$11318,$35360,$34469,$65964,$4984,,,$24159,$149426,,,$42565,$34215,$28222,$74070,$90342,$12559,$31094,$5451
2010,6037602506,Census Tract 6025.06,Hawthorne,Los Angeles County,California,Hawthorne,59250.0,7162.0,65569.0,29608.0,54178.0,5477.0,,,73170.0,70211.0,145948.0,19139.0,84646.0,27432.0,61071.0,57842.0,115148.0,37564.0,56041.0,19862.0,$59250,$7162,$65569,$29608,$54178,$5477,,,$73170,$70211,$145948,$19139,$84646,$27432,$61071,$57842,$115148,$37564,$56041,$19862
2010,6037602507,Census Tract 6025.07,Hawthorne,Los Angeles County,California,Hawthorne,60683.0,6527.0,67792.0,10054.0,57011.0,12761.0,,,148916.0,82371.0,,,94091.0,125073.0,,,99527.0,43829.0,64601.0,11840.0,$60683,$6527,$67792,$10054,$57011,$12761,,,$148916,$82371,,,$94091,$125073,,,$99527,$43829,$64601,$11840
2010,6037602508,Census Tract 6025.08,Hawthorne,Los Angeles County,California,Hawthorne,59616.0,11106.0,62174.0,24874.0,58072.0,13168.0,31983.0,320056.0,26702.0,1020.0,,,68214.0,23299.0,,,49143.0,48133.0,63272.0,7830.0,$59616,$11106,$62174,$24874,$58072,$13168,$31983,$320056,$26702,$1020,,,$68214,$23299,,,$49143,$48133,$63272,$7830
2010,6037602509,Census Tract 6025.09,Hawthorne,Los Angeles County,California,Hawthorne,54836.0,10987.0,59821.0,33610.0,56808.0,12086.0,,,53630.0,48071.0,,,33613.0,39613.0,97921.0,170913.0,42072.0,98068.0,52974.0,26415.0,$54836,$10987,$59821,$33610,$56808,$12086,,,$53630,$48071,,,$33613,$39613,$97921,$170913,$42072,$98068,$52974,$26415
2010,6037602700,Census Tract 6027,Hawthorne,Los Angeles County,California,Hawthorne,123461.0,23724.0,124349.0,16950.0,117406.0,29128.0,,,140706.0,112687.0,,,132571.0,38049.0,,,,,124671.0,15639.0,$123461,$23724,$124349,$16950,$117406,$29128,,,$140706,$112687,,,$132571,$38049,,,,,$124671,$15639
2010,6037603702,Census Tract 6037.02,Hawthorne,Los Angeles County,California,Hawthorne,106271.0,5782.0,100984.0,21679.0,63814.0,39237.0,,,107882.0,36070.0,222838.0,97572.0,110428.0,21972.0,160441.0,446535.0,104893.0,21445.0,109044.0,14209.0,$106271,$5782,$100984,$21679,$63814,$39237,,,$107882,$36070,$222838,$97572,$110428,$21972,$160441,$446535,$104893,$21445,$109044,$14209
2010,6037603703,Census Tract 6037.03,Hawthorne,Los Angeles County,California,Hawthorne,117304.0,15375.0,119112.0,12357.0,121121.0,129759.0,,,81226.0,28504.0,,,140403.0,37448.0,155607.0,257828.0,112778.0,38423.0,145345.0,37553.0,$117304,$15375,$119112,$12357,$121121,$129759,,,$81226,$28504,,,$140403,$37448,$155607,$257828,$112778,$38423,$145345,$37553
2010,6037603704,Census Tract 6037.04,Hawthorne,Los Angeles County,California,Hawthorne,53945.0,6397.0,33143.0,6136.0,77584.0,15512.0,,,29406.0,19958.0,,,57045.0,6411.0,51105.0,53176.0,44045.0,15660.0,48810.0,11716.0,$53945,$6397,$33143,$6136,$77584,$15512,,,$29406,$19958,,,$57045,$6411,$51105,$53176,$44045,$15660,$48810,$11716
2010,6037603900,Census Tract 6039,Hawthorne,Los Angeles County,California,Hawthorne,68779.0,11004.0,71877.0,20651.0,27292.0,29193.0,,,100883.0,68759.0,,,65887.0,21961.0,72221.0,20675.0,76904.0,44721.0,67630.0,10469.0,$68779,$11004,$71877,$20651,$27292,$29193,,,$100883,$68759,,,$65887,$21961,$72221,$20675,$76904,$44721,$67630,$10469
2011,6037600502,Census Tract 6005.02,Hawthorne,Los Angeles County,California,Hawthorne,86957.0,23129.0,119032.0,13453.0,83931.0,23281.0,,,,,,,52842.0,31739.0,,,42484.0,49359.0,90709.0,76285.0,$86957,$23129,$119032,$13453,$83931,$23281,,,,,,,$52842,$31739,,,$42484,$49359,$90709,$76285
2011,6037601600,Census Tract 6016,Hawthorne,Los Angeles County,California,Hawthorne,46770.0,7219.0,49412.0,16004.0,22878.0,11890.0,,,,,,,47924.0,8401.0,,,51283.0,78258.0,47083.0,7277.0,$46770,$7219,$49412,$16004,$22878,$11890,,,,,,,$47924,$8401,,,$51283,$78258,$47083,$7277
2011,6037601700,Census Tract 6017,Hawthorne,Los Angeles County,California,Hawthorne,45270.0,6772.0,55403.0,14796.0,60003.0,96256.0,29094.0,14558.0,,,,,42388.0,18335.0,45049.0,144093.0,,,46238.0,5847.0,$45270,$6772,$55403,$14796,$60003,$96256,$29094,$14558,,,,,$42388,$18335,$45049,$144093,,,$46238,$5847
2011,6037602002,Census Tract 6020.02,Hawthorne,Los Angeles County,California,Hawthorne,66747.0,22821.0,69200.0,20775.0,35914.0,62949.0,,,29564.0,81011.0,,,87011.0,79468.0,21523.0,2538.0,91975.0,56169.0,64602.0,17987.0,$66747,$22821,$69200,$20775,$35914,$62949,,,$29564,$81011,,,$87011,$79468,$21523,$2538,$91975,$56169,$64602,$17987
2011,6037602103,Census Tract 6021.03,Hawthorne,Los Angeles County,California,Hawthorne,60285.0,10430.0,71049.0,43628.0,58703.0,10115.0,,,,,,,59615.0,33356.0,155525.0,16696.0,101648.0,18479.0,51502.0,21138.0,$60285,$10430,$71049,$43628,$58703,$10115,,,,,,,$59615,$33356,$155525,$16696,$101648,$18479,$51502,$21138
2011,6037602104,Census Tract 6021.04,Hawthorne,Los Angeles County,California,Hawthorne,56115.0,11734.0,58498.0,14497.0,30190.0,10248.0,,,141481.0,12307.0,44812.0,129726.0,94165.0,41680.0,83507.0,33536.0,61384.0,37980.0,74041.0,29167.0,$56115,$11734,$58498,$14497,$30190,$10248,,,$141481,$12307,$44812,$129726,$94165,$41680,$83507,$33536,$61384,$37980,$74041,$29167
2011,6037602105,Census Tract 6021.05,Hawthorne,Los Angeles County,California,Hawthorne,64236.0,6886.0,79930.0,17028.0,36734.0,10353.0,,,104929.0,48533.0,,,90223.0,117931.0,24332.0,78942.0,87927.0,15977.0,74456.0,24877.0,$64236,$6886,$79930,$17028,$36734,$10353,,,$104929,$48533,,,$90223,$117931,$24332,$78942,$87927,$15977,$74456,$24877
2011,6037602106,Census Tract 6021.06,Hawthorne,Los Angeles County,California,Hawthorne,62736.0,12673.0,67996.0,17886.0,70638.0,21204.0,,,57839.0,15012.0,,,50571.0,18607.0,155140.0,79470.0,73919.0,22143.0,61258.0,13387.0,$62736,$12673,$67996,$17886,$70638,$21204,,,$57839,$15012,,,$50571,$18607,$155140,$79470,$73919,$22143,$61258,$13387
2011,6037602200,Census Tract 6022,Hawthorne,Los Angeles County,California,Hawthorne,93427.0,9359.0,88034.0,24123.0,86226.0,26714.0,,,118662.0,51290.0,,,93902.0,29499.0,,,131042.0,58520.0,88670.0,25232.0,$93427,$9359,$88034,$24123,$86226,$26714,,,$118662,$51290,,,$93902,$29499,,,$131042,$58520,$88670,$25232
2011,6037602301,Census Tract 6023.01,Hawthorne,Los Angeles County,California,Hawthorne,117516.0,12727.0,127251.0,20290.0,71500.0,77455.0,,,78836.0,169475.0,,,58955.0,68146.0,,,142322.0,24556.0,112511.0,11640.0,$117516,$12727,$127251,$20290,$71500,$77455,,,$78836,$169475,,,$58955,$68146,,,$142322,$24556,$112511,$11640
2011,6037602302,Census Tract 6023.02,Hawthorne,Los Angeles County,California,Hawthorne,147000.0,39338.0,146841.0,34727.0,,,,,79217.0,211423.0,,,170153.0,195829.0,104677.0,510491.0,157452.0,29112.0,103410.0,81570.0,$147000,$39338,$146841,$34727,,,,,$79217,$211423,,,$170153,$195829,$104677,$510491,$157452,$29112,$103410,$81570
2011,6037602402,Census Tract 6024.02,Hawthorne,Los Angeles County,California,Hawthorne,71215.0,18288.0,73978.0,17038.0,40763.0,21202.0,118801.0,402923.0,117428.0,40707.0,,,79486.0,17893.0,58022.0,105577.0,71828.0,35662.0,77651.0,14656.0,$71215,$18288,$73978,$17038,$40763,$21202,$118801,$402923,$117428,$40707,,,$79486,$17893,$58022,$105577,$71828,$35662,$77651,$14656
2011,6037602403,Census Tract 6024.03,Hawthorne,Los Angeles County,California,Hawthorne,56621.0,7728.0,58225.0,13631.0,53814.0,19309.0,,,76686.0,35621.0,,,73019.0,20649.0,23178.0,66292.0,53905.0,18395.0,61706.0,20339.0,$56621,$7728,$58225,$13631,$53814,$19309,,,$76686,$35621,,,$73019,$20649,$23178,$66292,$53905,$18395,$61706,$20339
2011,6037602404,Census Tract 6024.04,Hawthorne,Los Angeles County,California,Hawthorne,60474.0,7174.0,59503.0,16324.0,64061.0,12726.0,123217.0,188336.0,80587.0,49877.0,,,59412.0,12935.0,3502.0,,65458.0,27925.0,59082.0,7584.0,$60474,$7174,$59503,$16324,$64061,$12726,$123217,$188336,$80587,$49877,,,$59412,$12935,$3502,,$65458,$27925,$59082,$7584
2011,6037602504,Census Tract 6025.04,Hawthorne,Los Angeles County,California,Hawthorne,57429.0,10632.0,52120.0,28920.0,56872.0,10367.0,,,70724.0,54052.0,68376.0,27819.0,54434.0,21091.0,,,50202.0,27431.0,65321.0,19732.0,$57429,$10632,$52120,$28920,$56872,$10367,,,$70724,$54052,$68376,$27819,$54434,$21091,,,$50202,$27431,$65321,$19732
2011,6037602505,Census Tract 6025.05,Hawthorne,Los Angeles County,California,Hawthorne,61766.0,10066.0,38852.0,17220.0,69455.0,13455.0,,,109275.0,138945.0,,,57521.0,32332.0,10118.0,58813.0,89532.0,2767.0,33998.0,9944.0,$61766,$10066,$38852,$17220,$69455,$13455,,,$109275,$138945,,,$57521,$32332,$10118,$58813,$89532,$2767,$33998,$9944
2011,6037602506,Census Tract 6025.06,Hawthorne,Los Angeles County,California,Hawthorne,64016.0,4629.0,64820.0,26033.0,60750.0,9127.0,,,73714.0,51509.0,,,86719.0,43997.0,72829.0,45554.0,113874.0,24670.0,59049.0,23432.0,$64016,$4629,$64820,$26033,$60750,$9127,,,$73714,$51509,,,$86719,$43997,$72829,$45554,$113874,$24670,$59049,$23432
2011,6037602507,Census Tract 6025.07,Hawthorne,Los Angeles County,California,Hawthorne,57416.0,14356.0,63639.0,18061.0,45105.0,25161.0,,,124385.0,74513.0,,,95420.0,109565.0,,,95382.0,29107.0,64047.0,29055.0,$57416,$14356,$63639,$18061,$45105,$25161,,,$124385,$74513,,,$95420,$109565,,,$95382,$29107,$64047,$29055
2011,6037602508,Census Tract 6025.08,Hawthorne,Los Angeles County,California,Hawthorne,53639.0,9850.0,48938.0,14936.0,56473.0,12140.0,31359.0,396556.0,38672.0,19781.0,,,64445.0,25565.0,5898.0,87616.0,46379.0,36291.0,56484.0,12430.0,$53639,$9850,$48938,$14936,$56473,$12140,$31359,$396556,$38672,$19781,,,$64445,$25565,$5898,$87616,$46379,$36291,$56484,$12430
2011,6037602509,Census Tract 6025.09,Hawthorne,Los Angeles County,California,Hawthorne,53640.0,9225.0,50355.0,21111.0,55524.0,9403.0,,,54934.0,134815.0,,,33495.0,62386.0,99092.0,126978.0,29782.0,239112.0,49727.0,30559.0,$53640,$9225,$50355,$21111,$55524,$9403,,,$54934,$134815,,,$33495,$62386,$99092,$126978,$29782,$239112,$49727,$30559
2011,6037602700,Census Tract 6027,Hawthorne,Los Angeles County,California,Hawthorne,109268.0,17670.0,107523.0,33231.0,103362.0,19536.0,,,186432.0,90146.0,,,141624.0,54857.0,37666.0,278744.0,,,117487.0,22304.0,$109268,$17670,$107523,$33231,$103362,$19536,,,$186432,$90146,,,$141624,$54857,$37666,$278744,,,$117487,$22304
2011,6037603702,Census Tract 6037.02,Hawthorne,Los Angeles County,California,Hawthorne,108321.0,8050.0,105990.0,14283.0,64202.0,38661.0,,,123152.0,36689.0,222889.0,59713.0,110772.0,46715.0,128107.0,167986.0,108618.0,18894.0,109508.0,14775.0,$108321,$8050,$105990,$14283,$64202,$38661,,,$123152,$36689,$222889,$59713,$110772,$46715,$128107,$167986,$108618,$18894,$109508,$14775
2011,6037603703,Census Tract 6037.03,Hawthorne,Los Angeles County,California,Hawthorne,118462.0,8255.0,120784.0,28678.0,164679.0,80479.0,,,110110.0,31538.0,,,149518.0,45929.0,,,106866.0,26522.0,148533.0,28891.0,$118462,$8255,$120784,$28678,$164679,$80479,,,$110110,$31538,,,$149518,$45929,,,$106866,$26522,$148533,$28891
2011,6037603704,Census Tract 6037.04,Hawthorne,Los Angeles County,California,Hawthorne,54748.0,7201.0,32749.0,12217.0,76234.0,13263.0,,,22569.0,45743.0,,,56602.0,7626.0,50205.0,27721.0,43272.0,20387.0,51754.0,8148.0,$54748,$7201,$32749,$12217,$76234,$13263,,,$22569,$45743,,,$56602,$7626,$50205,$27721,$43272,$20387,$51754,$8148
2011,6037603900,Census Tract 6039,Hawthorne,Los Angeles County,California,Hawthorne,77709.0,12333.0,79420.0,33208.0,29198.0,27534.0,,,101560.0,77854.0,,,68530.0,31299.0,79969.0,10455.0,71828.0,40811.0,82339.0,23454.0,$77709,$12333,$79420,$33208,$29198,$27534,,,$101560,$77854,,,$68530,$31299,$79969,$10455,$71828,$40811,$82339,$23454
2012,6037600502,Census Tract 6005.02,Hawthorne,Los Angeles County,California,Hawthorne,87683.0,14609.0,113910.0,40528.0,86333.0,16909.0,,,,,,,53976.0,178942.0,,,36036.0,15587.0,115219.0,41091.0,$87683,$14609,$113910,$40528,$86333,$16909,,,,,,,$53976,$178942,,,$36036,$15587,$115219,$41091
2012,6037601600,Census Tract 6016,Hawthorne,Los Angeles County,California,Hawthorne,50146.0,10119.0,49567.0,20887.0,22594.0,8955.0,,,,,,,54503.0,15456.0,,,50952.0,120540.0,52787.0,14125.0,$50146,$10119,$49567,$20887,$22594,$8955,,,,,,,$54503,$15456,,,$50952,$120540,$52787,$14125
2012,6037601700,Census Tract 6017,Hawthorne,Los Angeles County,California,Hawthorne,44420.0,11545.0,61605.0,19812.0,21965.0,63891.0,28619.0,12742.0,,,,,41674.0,26320.0,63149.0,74879.0,49966.0,16560.0,48334.0,9408.0,$44420,$11545,$61605,$19812,$21965,$63891,$28619,$12742,,,,,$41674,$26320,$63149,$74879,$49966,$16560,$48334,$9408
2012,6037602002,Census Tract 6020.02,Hawthorne,Los Angeles County,California,Hawthorne,60964.0,21620.0,66581.0,21969.0,39958.0,86306.0,,,66924.0,107262.0,,,39898.0,84928.0,20164.0,8073.0,88329.0,36990.0,58526.0,20324.0,$60964,$21620,$66581,$21969,$39958,$86306,,,$66924,$107262,,,$39898,$84928,$20164,$8073,$88329,$36990,$58526,$20324
2012,6037602103,Census Tract 6021.03,Hawthorne,Los Angeles County,California,Hawthorne,45374.0,9906.0,49650.0,13131.0,44243.0,29800.0,,,,,,,39721.0,12291.0,31174.0,44099.0,83811.0,41197.0,43533.0,7725.0,$45374,$9906,$49650,$13131,$44243,$29800,,,,,,,$39721,$12291,$31174,$44099,$83811,$41197,$43533,$7725
2012,6037602104,Census Tract 6021.04,Hawthorne,Los Angeles County,California,Hawthorne,49407.0,14244.0,56848.0,12480.0,24561.0,12185.0,,,141357.0,63046.0,44026.0,147611.0,65638.0,27101.0,80429.0,15397.0,57691.0,22933.0,59168.0,14339.0,$49407,$14244,$56848,$12480,$24561,$12185,,,$141357,$63046,$44026,$147611,$65638,$27101,$80429,$15397,$57691,$22933,$59168,$14339
2012,6037602105,Census Tract 6021.05,Hawthorne,Los Angeles County,California,Hawthorne,56707.0,9901.0,66434.0,24459.0,42073.0,16796.0,,,104763.0,86711.0,,,38064.0,27662.0,52053.0,57275.0,86281.0,22095.0,56486.0,18061.0,$56707,$9901,$66434,$24459,$42073,$16796,,,$104763,$86711,,,$38064,$27662,$52053,$57275,$86281,$22095,$56486,$18061
2012,6037602106,Census Tract 6021.06,Hawthorne,Los Angeles County,California,Hawthorne,71173.0,6997.0,75400.0,19304.0,69169.0,30496.0,,,60662.0,18809.0,,,51386.0,32792.0,155421.0,27937.0,67183.0,16474.0,76476.0,19086.0,$71173,$6997,$75400,$19304,$69169,$30496,,,$60662,$18809,,,$51386,$32792,$155421,$27937,$67183,$16474,$76476,$19086
2012,6037602200,Census Tract 6022,Hawthorne,Los Angeles County,California,Hawthorne,90817.0,10118.0,77864.0,20611.0,101015.0,19675.0,,,101382.0,39173.0,,,94640.0,28335.0,102388.0,34013.0,117642.0,48054.0,68329.0,28107.0,$90817,$10118,$77864,$20611,$101015,$19675,,,$101382,$39173,,,$94640,$28335,$102388,$34013,$117642,$48054,$68329,$28107
2012,6037602301,Census Tract 6023.01,Hawthorne,Los Angeles County,California,Hawthorne,117414.0,18596.0,123458.0,19110.0,44044.0,68742.0,33696.0,243764.0,78364.0,213240.0,,,61061.0,73356.0,,,146324.0,36253.0,103040.0,26881.0,$117414,$18596,$123458,$19110,$44044,$68742,$33696,$243764,$78364,$213240,,,$61061,$73356,,,$146324,$36253,$103040,$26881
2012,6037602302,Census Tract 6023.02,Hawthorne,Los Angeles County,California,Hawthorne,163801.0,19123.0,161204.0,24660.0,,,,,143478.0,126945.0,,,,,157358.0,144498.0,168742.0,19814.0,101960.0,83287.0,$163801,$19123,$161204,$24660,,,,,$143478,$126945,,,,,$157358,$144498,$168742,$19814,$101960,$83287
2012,6037602402,Census Tract 6024.02,Hawthorne,Los Angeles County,California,Hawthorne,73407.0,9081.0,78000.0,13565.0,54569.0,29892.0,119989.0,439408.0,117425.0,76800.0,,,38413.0,32829.0,60118.0,954.0,89458.0,36462.0,74493.0,16603.0,$73407,$9081,$78000,$13565,$54569,$29892,$119989,$439408,$117425,$76800,,,$38413,$32829,$60118,$954,$89458,$36462,$74493,$16603
2012,6037602403,Census Tract 6024.03,Hawthorne,Los Angeles County,California,Hawthorne,62137.0,7896.0,71500.0,22289.0,57486.0,6727.0,,,75303.0,24192.0,,,49563.0,32122.0,26966.0,62551.0,58154.0,33185.0,61008.0,17499.0,$62137,$7896,$71500,$22289,$57486,$6727,,,$75303,$24192,,,$49563,$32122,$26966,$62551,$58154,$33185,$61008,$17499
2012,6037602404,Census Tract 6024.04,Hawthorne,Los Angeles County,California,Hawthorne,58590.0,10011.0,57793.0,14340.0,67047.0,24426.0,,,52951.0,59974.0,,,59775.0,16147.0,33601.0,93385.0,74386.0,44172.0,57647.0,7921.0,$58590,$10011,$57793,$14340,$67047,$24426,,,$52951,$59974,,,$59775,$16147,$33601,$93385,$74386,$44172,$57647,$7921
2012,6037602504,Census Tract 6025.04,Hawthorne,Los Angeles County,California,Hawthorne,54631.0,6309.0,50249.0,9148.0,56211.0,7184.0,,,70160.0,27209.0,,,48835.0,14798.0,52009.0,102337.0,49210.0,34348.0,50908.0,11090.0,$54631,$6309,$50249,$9148,$56211,$7184,,,$70160,$27209,,,$48835,$14798,$52009,$102337,$49210,$34348,$50908,$11090
2012,6037602505,Census Tract 6025.05,Hawthorne,Los Angeles County,California,Hawthorne,49505.0,17583.0,38016.0,18190.0,66708.0,16089.0,,,26208.0,78732.0,,,47963.0,55416.0,8958.0,22599.0,86919.0,38278.0,33222.0,10708.0,$49505,$17583,$38016,$18190,$66708,$16089,,,$26208,$78732,,,$47963,$55416,$8958,$22599,$86919,$38278,$33222,$10708
2012,6037602506,Census Tract 6025.06,Hawthorne,Los Angeles County,California,Hawthorne,66712.0,4677.0,69183.0,31139.0,60813.0,11409.0,,,74174.0,33326.0,146685.0,57562.0,59923.0,7080.0,71460.0,25504.0,130049.0,35817.0,61227.0,13057.0,$66712,$4677,$69183,$31139,$60813,$11409,,,$74174,$33326,$146685,$57562,$59923,$7080,$71460,$25504,$130049,$35817,$61227,$13057
2012,6037602507,Census Tract 6025.07,Hawthorne,Los Angeles County,California,Hawthorne,48327.0,15999.0,53626.0,19921.0,40326.0,12029.0,,,,,,,58516.0,45087.0,59417.0,78625.0,64662.0,59968.0,48775.0,22440.0,$48327,$15999,$53626,$19921,$40326,$12029,,,,,,,$58516,$45087,$59417,$78625,$64662,$59968,$48775,$22440
2012,6037602508,Census Tract 6025.08,Hawthorne,Los Angeles County,California,Hawthorne,52472.0,8113.0,45959.0,21754.0,51648.0,13975.0,30603.0,397615.0,93028.0,92766.0,,,79631.0,30310.0,48525.0,91240.0,47675.0,81732.0,50926.0,16544.0,$52472,$8113,$45959,$21754,$51648,$13975,$30603,$397615,$93028,$92766,,,$79631,$30310,$48525,$91240,$47675,$81732,$50926,$16544
2012,6037602509,Census Tract 6025.09,Hawthorne,Los Angeles County,California,Hawthorne,50028.0,17343.0,49296.0,35652.0,52105.0,22504.0,,,73073.0,186179.0,,,33195.0,50169.0,99671.0,189025.0,23504.0,307540.0,46905.0,31120.0,$50028,$17343,$49296,$35652,$52105,$22504,,,$73073,$186179,,,$33195,$50169,$99671,$189025,$23504,$307540,$46905,$31120
2012,6037602700,Census Tract 6027,Hawthorne,Los Angeles County,California,Hawthorne,107398.0,21754.0,109089.0,26657.0,100009.0,32354.0,,,140027.0,162100.0,,,143165.0,102638.0,36573.0,197487.0,131275.0,11227.0,119579.0,18018.0,$107398,$21754,$109089,$26657,$100009,$32354,,,$140027,$162100,,,$143165,$102638,$36573,$197487,$131275,$11227,$119579,$18018
2012,6037603702,Census Tract 6037.02,Hawthorne,Los Angeles County,California,Hawthorne,104988.0,11812.0,98989.0,20600.0,37338.0,75484.0,,,113471.0,35622.0,225656.0,197335.0,107966.0,16400.0,98076.0,41744.0,103533.0,35456.0,106685.0,16011.0,$104988,$11812,$98989,$20600,$37338,$75484,,,$113471,$35622,$225656,$197335,$107966,$16400,$98076,$41744,$103533,$35456,$106685,$16011
2012,6037603703,Census Tract 6037.03,Hawthorne,Los Angeles County,California,Hawthorne,114089.0,11333.0,104463.0,14000.0,152511.0,59769.0,,,107888.0,22908.0,,,150437.0,59672.0,,,107422.0,22164.0,108386.0,20642.0,$114089,$11333,$104463,$14000,$152511,$59769,,,$107888,$22908,,,$150437,$59672,,,$107422,$22164,$108386,$20642
2012,6037603704,Census Tract 6037.04,Hawthorne,Los Angeles County,California,Hawthorne,47174.0,4960.0,31948.0,4720.0,62843.0,13602.0,,,23660.0,20330.0,,,56663.0,9398.0,43561.0,9925.0,41757.0,21114.0,46573.0,6728.0,$47174,$4960,$31948,$4720,$62843,$13602,,,$23660,$20330,,,$56663,$9398,$43561,$9925,$41757,$21114,$46573,$6728
2012,6037603900,Census Tract 6039,Hawthorne,Los Angeles County,California,Hawthorne,80117.0,14567.0,74290.0,32732.0,26656.0,24874.0,,,111044.0,25290.0,,,83365.0,23088.0,86807.0,9143.0,58948.0,17539.0,85821.0,5510.0,$80117,$14567,$74290,$32732,$26656,$24874,,,$111044,$25290,,,$83365,$23088,$86807,$9143,$58948,$17539,$85821,$5510
2013,6037600502,Census Tract 6005.02,Hawthorne,Los Angeles County,California,Hawthorne,89217.0,11192.0,116005.0,41395.0,86528.0,13344.0,,,,,,,107462.0,51665.0,,,42895.0,62961.0,116428.0,20445.0,$89217,$11192,$116005,$41395,$86528,$13344,,,,,,,$107462,$51665,,,$42895,$62961,$116428,$20445
2013,6037601600,Census Tract 6016,Hawthorne,Los Angeles County,California,Hawthorne,52906.0,10145.0,46656.0,24483.0,,,,,,,,,56940.0,7849.0,,,53382.0,29984.0,55331.0,10076.0,$52906,$10145,$46656,$24483,,,,,,,,,$56940,$7849,,,$53382,$29984,$55331,$10076
2013,6037601700,Census Tract 6017,Hawthorne,Los Angeles County,California,Hawthorne,42654.0,16104.0,51969.0,13295.0,22416.0,81157.0,30103.0,98407.0,,,,,33621.0,22998.0,66096.0,82306.0,49648.0,15977.0,43873.0,15406.0,$42654,$16104,$51969,$13295,$22416,$81157,$30103,$98407,,,,,$33621,$22998,$66096,$82306,$49648,$15977,$43873,$15406
2013,6037602002,Census Tract 6020.02,Hawthorne,Los Angeles County,California,Hawthorne,62778.0,12356.0,68969.0,11971.0,72688.0,68324.0,,,125726.0,49854.0,,,43171.0,19510.0,19440.0,5747.0,88792.0,18311.0,57381.0,14676.0,$62778,$12356,$68969,$11971,$72688,$68324,,,$125726,$49854,,,$43171,$19510,$19440,$5747,$88792,$18311,$57381,$14676
2013,6037602103,Census Tract 6021.03,Hawthorne,Los Angeles County,California,Hawthorne,45747.0,11214.0,49900.0,10812.0,43356.0,20864.0,,,,,,,48112.0,34578.0,29439.0,1781.0,82475.0,30942.0,42749.0,8775.0,$45747,$11214,$49900,$10812,$43356,$20864,,,,,,,$48112,$34578,$29439,$1781,$82475,$30942,$42749,$8775
2013,6037602104,Census Tract 6021.04,Hawthorne,Los Angeles County,California,Hawthorne,57677.0,9850.0,59970.0,6506.0,27170.0,10647.0,,,138908.0,79019.0,,,62922.0,12425.0,77277.0,14738.0,56831.0,6674.0,60536.0,10955.0,$57677,$9850,$59970,$6506,$27170,$10647,,,$138908,$79019,,,$62922,$12425,$77277,$14738,$56831,$6674,$60536,$10955
2013,6037602105,Census Tract 6021.05,Hawthorne,Los Angeles County,California,Hawthorne,55664.0,13081.0,59686.0,16321.0,43236.0,8932.0,,,106692.0,14005.0,,,38880.0,32944.0,108813.0,103138.0,88546.0,21957.0,57434.0,12083.0,$55664,$13081,$59686,$16321,$43236,$8932,,,$106692,$14005,,,$38880,$32944,$108813,$103138,$88546,$21957,$57434,$12083
2013,6037602106,Census Tract 6021.06,Hawthorne,Los Angeles County,California,Hawthorne,67713.0,11936.0,77943.0,15050.0,53054.0,14551.0,,,57516.0,3724.0,,,50323.0,33278.0,150218.0,19532.0,59729.0,16551.0,78936.0,16289.0,$67713,$11936,$77943,$15050,$53054,$14551,,,$57516,$3724,,,$50323,$33278,$150218,$19532,$59729,$16551,$78936,$16289
2013,6037602200,Census Tract 6022,Hawthorne,Los Angeles County,California,Hawthorne,77114.0,15913.0,72045.0,22579.0,75720.0,29539.0,,,139553.0,74049.0,,,48146.0,76252.0,123202.0,78340.0,117129.0,41660.0,56146.0,11120.0,$77114,$15913,$72045,$22579,$75720,$29539,,,$139553,$74049,,,$48146,$76252,$123202,$78340,$117129,$41660,$56146,$11120
2013,6037602301,Census Tract 6023.01,Hawthorne,Los Angeles County,California,Hawthorne,109817.0,15753.0,122694.0,25331.0,107004.0,110229.0,,,60517.0,285303.0,,,75843.0,13108.0,113597.0,55650.0,143310.0,32096.0,77083.0,19938.0,$109817,$15753,$122694,$25331,$107004,$110229,,,$60517,$285303,,,$75843,$13108,$113597,$55650,$143310,$32096,$77083,$19938
2013,6037602302,Census Tract 6023.02,Hawthorne,Los Angeles County,California,Hawthorne,155841.0,19121.0,155365.0,23258.0,,,,,174114.0,121521.0,,,,,156748.0,74414.0,165904.0,21925.0,101696.0,15212.0,$155841,$19121,$155365,$23258,,,,,$174114,$121521,,,,,$156748,$74414,$165904,$21925,$101696,$15212
2013,6037602402,Census Tract 6024.02,Hawthorne,Los Angeles County,California,Hawthorne,73719.0,9575.0,79914.0,16073.0,49803.0,24702.0,,,129054.0,97899.0,,,37941.0,30793.0,119379.0,105999.0,81140.0,21471.0,74119.0,22430.0,$73719,$9575,$79914,$16073,$49803,$24702,,,$129054,$97899,,,$37941,$30793,$119379,$105999,$81140,$21471,$74119,$22430
2013,6037602403,Census Tract 6024.03,Hawthorne,Los Angeles County,California,Hawthorne,61863.0,6452.0,64659.0,17649.0,58727.0,10209.0,,,85388.0,48438.0,,,45874.0,16705.0,49988.0,29366.0,49022.0,19873.0,62774.0,11617.0,$61863,$6452,$64659,$17649,$58727,$10209,,,$85388,$48438,,,$45874,$16705,$49988,$29366,$49022,$19873,$62774,$11617
2013,6037602404,Census Tract 6024.04,Hawthorne,Los Angeles County,California,Hawthorne,62195.0,8118.0,60673.0,18290.0,65959.0,12229.0,,,59472.0,42873.0,,,62271.0,8993.0,45641.0,67794.0,73654.0,56155.0,60826.0,7911.0,$62195,$8118,$60673,$18290,$65959,$12229,,,$59472,$42873,,,$62271,$8993,$45641,$67794,$73654,$56155,$60826,$7911
2013,6037602504,Census Tract 6025.04,Hawthorne,Los Angeles County,California,Hawthorne,53781.0,3355.0,47970.0,10105.0,55764.0,5290.0,,,73642.0,27524.0,,,54969.0,5143.0,36959.0,19475.0,33808.0,47271.0,51876.0,4060.0,$53781,$3355,$47970,$10105,$55764,$5290,,,$73642,$27524,,,$54969,$5143,$36959,$19475,$33808,$47271,$51876,$4060
2013,6037602505,Census Tract 6025.05,Hawthorne,Los Angeles County,California,Hawthorne,47377.0,11046.0,37238.0,14891.0,66265.0,19938.0,,,44846.0,9930.0,,,41923.0,25281.0,10441.0,33910.0,70998.0,58920.0,34418.0,7902.0,$47377,$11046,$37238,$14891,$66265,$19938,,,$44846,$9930,,,$41923,$25281,$10441,$33910,$70998,$58920,$34418,$7902
2013,6037602506,Census Tract 6025.06,Hawthorne,Los Angeles County,California,Hawthorne,60942.0,6184.0,48848.0,19029.0,59664.0,7006.0,,,71963.0,36755.0,,,53530.0,15119.0,70526.0,33291.0,15939.0,164196.0,54375.0,13457.0,$60942,$6184,$48848,$19029,$59664,$7006,,,$71963,$36755,,,$53530,$15119,$70526,$33291,$15939,$164196,$54375,$13457
2013,6037602507,Census Tract 6025.07,Hawthorne,Los Angeles County,California,Hawthorne,52826.0,15733.0,51347.0,23489.0,43313.0,18092.0,,,100073.0,1383.0,,,39845.0,41793.0,67429.0,8447.0,91781.0,55031.0,40534.0,14056.0,$52826,$15733,$51347,$23489,$43313,$18092,,,$100073,$1383,,,$39845,$41793,$67429,$8447,$91781,$55031,$40534,$14056
2013,6037602508,Census Tract 6025.08,Hawthorne,Los Angeles County,California,Hawthorne,54164.0,13884.0,48966.0,12997.0,53672.0,22668.0,,,96003.0,66415.0,,,83871.0,13398.0,35499.0,27596.0,88536.0,124138.0,52725.0,30417.0,$54164,$13884,$48966,$12997,$53672,$22668,,,$96003,$66415,,,$83871,$13398,$35499,$27596,$88536,$124138,$52725,$30417
2013,6037602509,Census Tract 6025.09,Hawthorne,Los Angeles County,California,Hawthorne,52779.0,10693.0,71662.0,39710.0,43763.0,31130.0,,,72124.0,119270.0,,,74504.0,85073.0,16726.0,38731.0,66695.0,257674.0,70576.0,34044.0,$52779,$10693,$71662,$39710,$43763,$31130,,,$72124,$119270,,,$74504,$85073,$16726,$38731,$66695,$257674,$70576,$34044
2013,6037602700,Census Tract 6027,Hawthorne,Los Angeles County,California,Hawthorne,94502.0,33579.0,116397.0,17538.0,108437.0,45966.0,,,,,,,,,50813.0,40920.0,,,111390.0,18926.0,$94502,$33579,$116397,$17538,$108437,$45966,,,,,,,,,$50813,$40920,,,$111390,$18926
2013,6037603702,Census Tract 6037.02,Hawthorne,Los Angeles County,California,Hawthorne,103358.0,12144.0,101426.0,21458.0,105631.0,35155.0,,,81704.0,52057.0,,,86212.0,74939.0,97562.0,57641.0,100487.0,32188.0,106121.0,24872.0,$103358,$12144,$101426,$21458,$105631,$35155,,,$81704,$52057,,,$86212,$74939,$97562,$57641,$100487,$32188,$106121,$24872
2013,6037603703,Census Tract 6037.03,Hawthorne,Los Angeles County,California,Hawthorne,112593.0,8252.0,102835.0,29066.0,152863.0,47851.0,,,109295.0,25158.0,,,186792.0,67636.0,148193.0,14837.0,115397.0,15733.0,108654.0,30652.0,$112593,$8252,$102835,$29066,$152863,$47851,,,$109295,$25158,,,$186792,$67636,$148193,$14837,$115397,$15733,$108654,$30652
2013,6037603704,Census Tract 6037.04,Hawthorne,Los Angeles County,California,Hawthorne,54846.0,8690.0,42570.0,7147.0,63161.0,13634.0,,,36044.0,5060.0,,,56563.0,4656.0,35383.0,14127.0,49625.0,49918.0,47087.0,15651.0,$54846,$8690,$42570,$7147,$63161,$13634,,,$36044,$5060,,,$56563,$4656,$35383,$14127,$49625,$49918,$47087,$15651
2013,6037603900,Census Tract 6039,Hawthorne,Los Angeles County,California,Hawthorne,75224.0,21165.0,71167.0,28487.0,26218.0,18051.0,,,100981.0,45666.0,,,82598.0,23581.0,80977.0,26661.0,53591.0,13318.0,85133.0,9227.0,$75224,$21165,$71167,$28487,$26218,$18051,,,$100981,$45666,,,$82598,$23581,$80977,$26661,$53591,$13318,$85133,$9227
2014,6037600502,Census Tract 6005.02,Hawthorne,Los Angeles County,California,Hawthorne,88789.0,13130.0,86461.0,49642.0,91687.0,10196.0,,,,,,,75930.0,58851.0,,,33587.0,42092.0,101425.0,41322.0,$88789,$13130,$86461,$49642,$91687,$10196,,,,,,,$75930,$58851,,,$33587,$42092,$101425,$41322
2014,6037601600,Census Tract 6016,Hawthorne,Los Angeles County,California,Hawthorne,55036.0,14906.0,52060.0,36707.0,,,,,,,,,58860.0,12597.0,,,69253.0,94160.0,56970.0,15181.0,$55036,$14906,$52060,$36707,,,,,,,,,$58860,$12597,,,$69253,$94160,$56970,$15181
2014,6037601700,Census Tract 6017,Hawthorne,Los Angeles County,California,Hawthorne,42122.0,11312.0,56182.0,14749.0,38057.0,60858.0,28741.0,51548.0,,,,,40425.0,11961.0,38057.0,20208.0,48843.0,19120.0,42850.0,14966.0,$42122,$11312,$56182,$14749,$38057,$60858,$28741,$51548,,,,,$40425,$11961,$38057,$20208,$48843,$19120,$42850,$14966
2014,6037602002,Census Tract 6020.02,Hawthorne,Los Angeles County,California,Hawthorne,60227.0,12978.0,66752.0,9306.0,81058.0,36065.0,,,109324.0,54486.0,,,32205.0,10812.0,41153.0,49555.0,77778.0,23944.0,54283.0,10967.0,$60227,$12978,$66752,$9306,$81058,$36065,,,$109324,$54486,,,$32205,$10812,$41153,$49555,$77778,$23944,$54283,$10967
2014,6037602103,Census Tract 6021.03,Hawthorne,Los Angeles County,California,Hawthorne,42942.0,13714.0,50405.0,10778.0,42419.0,22252.0,,,61269.0,2350.0,,,51901.0,41801.0,33358.0,9330.0,52257.0,34290.0,41477.0,11811.0,$42942,$13714,$50405,$10778,$42419,$22252,,,$61269,$2350,,,$51901,$41801,$33358,$9330,$52257,$34290,$41477,$11811
2014,6037602104,Census Tract 6021.04,Hawthorne,Los Angeles County,California,Hawthorne,53261.0,11926.0,60807.0,15409.0,26176.0,10939.0,,,141271.0,40732.0,,,59303.0,9795.0,59483.0,19536.0,60333.0,77877.0,57675.0,13382.0,$53261,$11926,$60807,$15409,$26176,$10939,,,$141271,$40732,,,$59303,$9795,$59483,$19536,$60333,$77877,$57675,$13382
2014,6037602105,Census Tract 6021.05,Hawthorne,Los Angeles County,California,Hawthorne,52626.0,8427.0,53178.0,13001.0,41391.0,8421.0,,,104336.0,47200.0,,,61089.0,16035.0,68270.0,41645.0,65012.0,28745.0,60100.0,12673.0,$52626,$8427,$53178,$13001,$41391,$8421,,,$104336,$47200,,,$61089,$16035,$68270,$41645,$65012,$28745,$60100,$12673
2014,6037602106,Census Tract 6021.06,Hawthorne,Los Angeles County,California,Hawthorne,68726.0,12082.0,72446.0,15369.0,55801.0,16038.0,,,57011.0,31663.0,,,72446.0,38453.0,72847.0,97204.0,52141.0,8246.0,86815.0,21371.0,$68726,$12082,$72446,$15369,$55801,$16038,,,$57011,$31663,,,$72446,$38453,$72847,$97204,$52141,$8246,$86815,$21371
2014,6037602200,Census Tract 6022,Hawthorne,Los Angeles County,California,Hawthorne,79746.0,12811.0,78147.0,21563.0,79712.0,27505.0,,,140417.0,52413.0,,,49315.0,7123.0,62506.0,54055.0,117648.0,26426.0,52200.0,10959.0,$79746,$12811,$78147,$21563,$79712,$27505,,,$140417,$52413,,,$49315,$7123,$62506,$54055,$117648,$26426,$52200,$10959
2014,6037602301,Census Tract 6023.01,Hawthorne,Los Angeles County,California,Hawthorne,104336.0,13743.0,107808.0,11747.0,75830.0,63622.0,,,160037.0,233229.0,,,73419.0,6912.0,106414.0,43970.0,125258.0,36421.0,76946.0,14955.0,$104336,$13743,$107808,$11747,$75830,$63622,,,$160037,$233229,,,$73419,$6912,$106414,$43970,$125258,$36421,$76946,$14955
2014,6037602302,Census Tract 6023.02,Hawthorne,Los Angeles County,California,Hawthorne,158399.0,26069.0,150227.0,28971.0,,,,,207900.0,25865.0,,,,,158374.0,110912.0,159015.0,27678.0,101778.0,36859.0,$158399,$26069,$150227,$28971,,,,,$207900,$25865,,,,,$158374,$110912,$159015,$27678,$101778,$36859
2014,6037602402,Census Tract 6024.02,Hawthorne,Los Angeles County,California,Hawthorne,61105.0,15845.0,74484.0,10140.0,57999.0,9629.0,,,75757.0,107989.0,,,35027.0,13397.0,28266.0,68534.0,76147.0,25256.0,51817.0,11006.0,$61105,$15845,$74484,$10140,$57999,$9629,,,$75757,$107989,,,$35027,$13397,$28266,$68534,$76147,$25256,$51817,$11006
2014,6037602403,Census Tract 6024.03,Hawthorne,Los Angeles County,California,Hawthorne,61749.0,5500.0,65400.0,15788.0,45267.0,22636.0,,,48219.0,44430.0,,,45983.0,22896.0,64742.0,78951.0,45517.0,32774.0,62859.0,8746.0,$61749,$5500,$65400,$15788,$45267,$22636,,,$48219,$44430,,,$45983,$22896,$64742,$78951,$45517,$32774,$62859,$8746
2014,6037602404,Census Tract 6024.04,Hawthorne,Los Angeles County,California,Hawthorne,58739.0,9612.0,59173.0,17133.0,64574.0,18410.0,,,46972.0,19128.0,,,77694.0,25276.0,45060.0,27489.0,59338.0,30643.0,59396.0,15882.0,$58739,$9612,$59173,$17133,$64574,$18410,,,$46972,$19128,,,$77694,$25276,$45060,$27489,$59338,$30643,$59396,$15882
2014,6037602504,Census Tract 6025.04,Hawthorne,Los Angeles County,California,Hawthorne,51376.0,3266.0,49638.0,5142.0,46654.0,11894.0,,,72081.0,13133.0,,,53257.0,7441.0,41185.0,12299.0,50558.0,48854.0,51649.0,3062.0,$51376,$3266,$49638,$5142,$46654,$11894,,,$72081,$13133,,,$53257,$7441,$41185,$12299,$50558,$48854,$51649,$3062
2014,6037602505,Census Tract 6025.05,Hawthorne,Los Angeles County,California,Hawthorne,45175.0,6294.0,45012.0,13153.0,51337.0,17694.0,,,49407.0,168558.0,,,40888.0,24337.0,25630.0,18884.0,55214.0,37003.0,41322.0,8407.0,$45175,$6294,$45012,$13153,$51337,$17694,,,$49407,$168558,,,$40888,$24337,$25630,$18884,$55214,$37003,$41322,$8407
2014,6037602506,Census Tract 6025.06,Hawthorne,Los Angeles County,California,Hawthorne,58784.0,7014.0,50827.0,9628.0,60197.0,7075.0,,,71497.0,22600.0,,,42173.0,24127.0,71704.0,6016.0,13856.0,30268.0,55452.0,10808.0,$58784,$7014,$50827,$9628,$60197,$7075,,,$71497,$22600,,,$42173,$24127,$71704,$6016,$13856,$30268,$55452,$10808
2014,6037602507,Census Tract 6025.07,Hawthorne,Los Angeles County,California,Hawthorne,48756.0,16671.0,47311.0,29555.0,41235.0,8320.0,,,75965.0,46025.0,,,38035.0,22687.0,68278.0,16272.0,93112.0,23543.0,41395.0,7108.0,$48756,$16671,$47311,$29555,$41235,$8320,,,$75965,$46025,,,$38035,$22687,$68278,$16272,$93112,$23543,$41395,$7108
2014,6037602508,Census Tract 6025.08,Hawthorne,Los Angeles County,California,Hawthorne,59754.0,9082.0,53060.0,15032.0,60104.0,21823.0,,,107877.0,37390.0,,,75238.0,22602.0,53837.0,45106.0,62308.0,80845.0,57052.0,14188.0,$59754,$9082,$53060,$15032,$60104,$21823,,,$107877,$37390,,,$75238,$22602,$53837,$45106,$62308,$80845,$57052,$14188
2014,6037602509,Census Tract 6025.09,Hawthorne,Los Angeles County,California,Hawthorne,53475.0,17900.0,73852.0,24617.0,50831.0,46589.0,,,81058.0,158137.0,,,40460.0,66192.0,27620.0,16880.0,200357.0,244233.0,68661.0,40286.0,$53475,$17900,$73852,$24617,$50831,$46589,,,$81058,$158137,,,$40460,$66192,$27620,$16880,$200357,$244233,$68661,$40286
2014,6037602700,Census Tract 6027,Hawthorne,Los Angeles County,California,Hawthorne,85273.0,12891.0,114014.0,40751.0,84052.0,15977.0,,,,,,,,,52542.0,58831.0,113539.0,159954.0,92057.0,29700.0,$85273,$12891,$114014,$40751,$84052,$15977,,,,,,,,,$52542,$58831,$113539,$159954,$92057,$29700
2014,6037603702,Census Tract 6037.02,Hawthorne,Los Angeles County,California,Hawthorne,98673.0,15935.0,105121.0,18320.0,107107.0,33455.0,,,71447.0,47145.0,,,60891.0,46576.0,99348.0,56812.0,98459.0,39264.0,102341.0,22852.0,$98673,$15935,$105121,$18320,$107107,$33455,,,$71447,$47145,,,$60891,$46576,$99348,$56812,$98459,$39264,$102341,$22852
2014,6037603703,Census Tract 6037.03,Hawthorne,Los Angeles County,California,Hawthorne,113852.0,8681.0,109462.0,18185.0,154008.0,44381.0,,,103088.0,22119.0,,,170705.0,111798.0,143178.0,36086.0,115523.0,8397.0,108999.0,32807.0,$113852,$8681,$109462,$18185,$154008,$44381,,,$103088,$22119,,,$170705,$111798,$143178,$36086,$115523,$8397,$108999,$32807
2014,6037603704,Census Tract 6037.04,Hawthorne,Los Angeles County,California,Hawthorne,56342.0,7710.0,52257.0,18935.0,66220.0,14298.0,,,34970.0,5491.0,,,55939.0,20036.0,42122.0,24893.0,50475.0,47526.0,53385.0,16563.0,$56342,$7710,$52257,$18935,$66220,$14298,,,$34970,$5491,,,$55939,$20036,$42122,$24893,$50475,$47526,$53385,$16563
2014,6037603900,Census Tract 6039,Hawthorne,Los Angeles County,California,Hawthorne,62900.0,24205.0,60563.0,20140.0,24986.0,8612.0,,,112077.0,57607.0,,,52127.0,48292.0,95287.0,35675.0,51180.0,9110.0,77896.0,25515.0,$62900,$24205,$60563,$20140,$24986,$8612,,,$112077,$57607,,,$52127,$48292,$95287,$35675,$51180,$9110,$77896,$25515
2015,6037600502,Census Tract 6005.02,Hawthorne,Los Angeles County,California,Hawthorne,76037.0,17027.0,70378.0,29900.0,93426.0,20237.0,,,,,,,73271.0,46652.0,,,38177.0,33652.0,74542.0,4835.0,$76037,$17027,$70378,$29900,$93426,$20237,,,,,,,$73271,$46652,,,$38177,$33652,$74542,$4835
2015,6037601600,Census Tract 6016,Hawthorne,Los Angeles County,California,Hawthorne,53634.0,10195.0,52641.0,21575.0,,,,,,,,,57919.0,10760.0,,,52285.0,26524.0,57226.0,9520.0,$53634,$10195,$52641,$21575,,,,,,,,,$57919,$10760,,,$52285,$26524,$57226,$9520
2015,6037601700,Census Tract 6017,Hawthorne,Los Angeles County,California,Hawthorne,43072.0,18706.0,57857.0,15540.0,,,,,,,,,41980.0,27920.0,38115.0,6238.0,48627.0,10128.0,42504.0,22173.0,$43072,$18706,$57857,$15540,,,,,,,,,$41980,$27920,$38115,$6238,$48627,$10128,$42504,$22173
2015,6037602002,Census Tract 6020.02,Hawthorne,Los Angeles County,California,Hawthorne,52596.0,8475.0,61830.0,14843.0,36185.0,35538.0,,,87806.0,34429.0,,,39836.0,13968.0,41828.0,36389.0,52997.0,45352.0,52384.0,7591.0,$52596,$8475,$61830,$14843,$36185,$35538,,,$87806,$34429,,,$39836,$13968,$41828,$36389,$52997,$45352,$52384,$7591
2015,6037602103,Census Tract 6021.03,Hawthorne,Los Angeles County,California,Hawthorne,43331.0,7746.0,50093.0,19684.0,32574.0,15542.0,,,,,,,46279.0,8864.0,,,,,45253.0,8524.0,$43331,$7746,$50093,$19684,$32574,$15542,,,,,,,$46279,$8864,,,,,$45253,$8524
2015,6037602104,Census Tract 6021.04,Hawthorne,Los Angeles County,California,Hawthorne,55523.0,6169.0,67640.0,13270.0,30431.0,20629.0,,,,,,,58095.0,9757.0,58388.0,22113.0,,,58699.0,13644.0,$55523,$6169,$67640,$13270,$30431,$20629,,,,,,,$58095,$9757,$58388,$22113,,,$58699,$13644
2015,6037602105,Census Tract 6021.05,Hawthorne,Los Angeles County,California,Hawthorne,53463.0,9533.0,51717.0,14823.0,42800.0,12611.0,,,95224.0,34427.0,,,61776.0,24348.0,67640.0,43167.0,66905.0,35104.0,58095.0,12896.0,$53463,$9533,$51717,$14823,$42800,$12611,,,$95224,$34427,,,$61776,$24348,$67640,$43167,$66905,$35104,$58095,$12896
2015,6037602106,Census Tract 6021.06,Hawthorne,Los Angeles County,California,Hawthorne,57789.0,13281.0,74417.0,20905.0,46233.0,10492.0,,,58619.0,32351.0,,,54775.0,46938.0,,,51554.0,9893.0,83103.0,33542.0,$57789,$13281,$74417,$20905,$46233,$10492,,,$58619,$32351,,,$54775,$46938,,,$51554,$9893,$83103,$33542
2015,6037602200,Census Tract 6022,Hawthorne,Los Angeles County,California,Hawthorne,77115.0,12754.0,69160.0,21100.0,78581.0,4401.0,,,179835.0,134285.0,,,,,62600.0,57026.0,105492.0,40291.0,56767.0,11575.0,$77115,$12754,$69160,$21100,$78581,$4401,,,$179835,$134285,,,,,$62600,$57026,$105492,$40291,$56767,$11575
2015,6037602301,Census Tract 6023.01,Hawthorne,Los Angeles County,California,Hawthorne,99657.0,14162.0,104964.0,13135.0,73736.0,49490.0,,,,,,,93487.0,27874.0,110065.0,33492.0,115320.0,36377.0,80779.0,12888.0,$99657,$14162,$104964,$13135,$73736,$49490,,,,,,,$93487,$27874,$110065,$33492,$115320,$36377,$80779,$12888
2015,6037602302,Census Tract 6023.02,Hawthorne,Los Angeles County,California,Hawthorne,160126.0,23940.0,160907.0,20933.0,,,,,203806.0,126645.0,,,,,127310.0,69520.0,161152.0,22553.0,157094.0,75122.0,$160126,$23940,$160907,$20933,,,,,$203806,$126645,,,,,$127310,$69520,$161152,$22553,$157094,$75122
2015,6037602402,Census Tract 6024.02,Hawthorne,Los Angeles County,California,Hawthorne,67297.0,11636.0,78912.0,16326.0,57706.0,15864.0,,,110972.0,70087.0,,,47273.0,16219.0,,,91292.0,18115.0,52385.0,7436.0,$67297,$11636,$78912,$16326,$57706,$15864,,,$110972,$70087,,,$47273,$16219,,,$91292,$18115,$52385,$7436
2015,6037602403,Census Tract 6024.03,Hawthorne,Los Angeles County,California,Hawthorne,62251.0,3160.0,66033.0,17047.0,43925.0,16074.0,,,60751.0,38224.0,,,52804.0,33517.0,,,51455.0,50019.0,65528.0,9399.0,$62251,$3160,$66033,$17047,$43925,$16074,,,$60751,$38224,,,$52804,$33517,,,$51455,$50019,$65528,$9399
2015,6037602404,Census Tract 6024.04,Hawthorne,Los Angeles County,California,Hawthorne,63628.0,11550.0,71481.0,18687.0,53409.0,19330.0,,,47030.0,18192.0,,,81831.0,24789.0,44920.0,36252.0,57314.0,22814.0,74140.0,15808.0,$63628,$11550,$71481,$18687,$53409,$19330,,,$47030,$18192,,,$81831,$24789,$44920,$36252,$57314,$22814,$74140,$15808
2015,6037602504,Census Tract 6025.04,Hawthorne,Los Angeles County,California,Hawthorne,51228.0,3536.0,50481.0,6027.0,42884.0,11793.0,,,81517.0,80881.0,,,55353.0,21335.0,41209.0,13170.0,,,53144.0,3549.0,$51228,$3536,$50481,$6027,$42884,$11793,,,$81517,$80881,,,$55353,$21335,$41209,$13170,,,$53144,$3549
2015,6037602505,Census Tract 6025.05,Hawthorne,Los Angeles County,California,Hawthorne,41192.0,6916.0,38315.0,16985.0,46771.0,8355.0,,,,,,,40434.0,13575.0,24294.0,19309.0,,,39265.0,8439.0,$41192,$6916,$38315,$16985,$46771,$8355,,,,,,,$40434,$13575,$24294,$19309,,,$39265,$8439
2015,6037602506,Census Tract 6025.06,Hawthorne,Los Angeles County,California,Hawthorne,50151.0,8174.0,50996.0,7996.0,48930.0,15615.0,,,,,,,38888.0,7117.0,70849.0,13961.0,,,52656.0,4583.0,$50151,$8174,$50996,$7996,$48930,$15615,,,,,,,$38888,$7117,$70849,$13961,,,$52656,$4583
2015,6037602507,Census Tract 6025.07,Hawthorne,Los Angeles County,California,Hawthorne,50507.0,15534.0,73283.0,57696.0,41828.0,7897.0,,,74240.0,15041.0,,,38860.0,21400.0,68286.0,9304.0,92800.0,23363.0,41496.0,5171.0,$50507,$15534,$73283,$57696,$41828,$7897,,,$74240,$15041,,,$38860,$21400,$68286,$9304,$92800,$23363,$41496,$5171
2015,6037602508,Census Tract 6025.08,Hawthorne,Los Angeles County,California,Hawthorne,56999.0,10061.0,58609.0,20119.0,52572.0,19179.0,,,107890.0,21427.0,,,62209.0,23049.0,49069.0,42922.0,,,58063.0,15556.0,$56999,$10061,$58609,$20119,$52572,$19179,,,$107890,$21427,,,$62209,$23049,$49069,$42922,,,$58063,$15556
2015,6037602509,Census Tract 6025.09,Hawthorne,Los Angeles County,California,Hawthorne,66087.0,14766.0,73097.0,21379.0,30604.0,27316.0,,,,,,,76666.0,8623.0,29091.0,13648.0,,,73339.0,7856.0,$66087,$14766,$73097,$21379,$30604,$27316,,,,,,,$76666,$8623,$29091,$13648,,,$73339,$7856
2015,6037602700,Census Tract 6027,Hawthorne,Los Angeles County,California,Hawthorne,103187.0,25852.0,115028.0,9205.0,91766.0,23533.0,,,,,,,,,,,,,116451.0,26547.0,$103187,$25852,$115028,$9205,$91766,$23533,,,,,,,,,,,,,$116451,$26547
2015,6037603702,Census Tract 6037.02,Hawthorne,Los Angeles County,California,Hawthorne,101749.0,19225.0,107890.0,20986.0,106507.0,43019.0,,,96894.0,58771.0,,,,,,,97003.0,26159.0,111839.0,41143.0,$101749,$19225,$107890,$20986,$106507,$43019,,,$96894,$58771,,,,,,,$97003,$26159,$111839,$41143
2015,6037603703,Census Tract 6037.03,Hawthorne,Los Angeles County,California,Hawthorne,110214.0,6362.0,103204.0,16305.0,155552.0,38694.0,,,104571.0,32190.0,,,111814.0,68809.0,141973.0,48023.0,107695.0,15236.0,110753.0,20498.0,$110214,$6362,$103204,$16305,$155552,$38694,,,$104571,$32190,,,$111814,$68809,$141973,$48023,$107695,$15236,$110753,$20498
2015,6037603704,Census Tract 6037.04,Hawthorne,Los Angeles County,California,Hawthorne,56658.0,7880.0,58185.0,18730.0,58305.0,14945.0,,,32643.0,16859.0,,,54946.0,18100.0,61311.0,19566.0,51345.0,12926.0,54946.0,14681.0,$56658,$7880,$58185,$18730,$58305,$14945,,,$32643,$16859,,,$54946,$18100,$61311,$19566,$51345,$12926,$54946,$14681
2015,6037603900,Census Tract 6039,Hawthorne,Los Angeles County,California,Hawthorne,62923.0,20784.0,70910.0,21702.0,,,,,111102.0,35259.0,,,46200.0,39963.0,105677.0,52754.0,51455.0,14985.0,74884.0,22562.0,$62923,$20784,$70910,$21702,,,,,$111102,$35259,,,$46200,$39963,$105677,$52754,$51455,$14985,$74884,$22562
2016,6037600502,Census Tract 6005.02,Hawthorne,Los Angeles County,California,Hawthorne,74388.0,14690.0,52765.0,25065.0,91531.0,59091.0,,,,,,,51127.0,45395.0,,,,,70190.0,26849.0,$74388,$14690,$52765,$25065,$91531,$59091,,,,,,,$51127,$45395,,,,,$70190,$26849
2016,6037601600,Census Tract 6016,Hawthorne,Los Angeles County,California,Hawthorne,58372.0,7514.0,57171.0,25626.0,,,,,,,,,58362.0,6198.0,,,51267.0,16084.0,58704.0,7375.0,$58372,$7514,$57171,$25626,,,,,,,,,$58362,$6198,,,$51267,$16084,$58704,$7375
2016,6037601700,Census Tract 6017,Hawthorne,Los Angeles County,California,Hawthorne,42578.0,10788.0,54970.0,18770.0,,,,,,,,,41883.0,13610.0,38466.0,18155.0,,,44676.0,14314.0,$42578,$10788,$54970,$18770,,,,,,,,,$41883,$13610,$38466,$18155,,,$44676,$14314
2016,6037602002,Census Tract 6020.02,Hawthorne,Los Angeles County,California,Hawthorne,50669.0,6095.0,66237.0,12360.0,,,,,85679.0,15489.0,,,43016.0,4185.0,,,52148.0,24692.0,50799.0,7438.0,$50669,$6095,$66237,$12360,,,,,$85679,$15489,,,$43016,$4185,,,$52148,$24692,$50799,$7438
2016,6037602103,Census Tract 6021.03,Hawthorne,Los Angeles County,California,Hawthorne,44189.0,6650.0,48450.0,14646.0,40246.0,24294.0,,,74092.0,73841.0,,,44379.0,9128.0,,,49497.0,47465.0,44900.0,7816.0,$44189,$6650,$48450,$14646,$40246,$24294,,,$74092,$73841,,,$44379,$9128,,,$49497,$47465,$44900,$7816
2016,6037602104,Census Tract 6021.04,Hawthorne,Los Angeles County,California,Hawthorne,58640.0,6063.0,68048.0,12424.0,40785.0,28222.0,,,,,,,57549.0,6236.0,58686.0,22927.0,,,59472.0,10275.0,$58640,$6063,$68048,$12424,$40785,$28222,,,,,,,$57549,$6236,$58686,$22927,,,$59472,$10275
2016,6037602105,Census Tract 6021.05,Hawthorne,Los Angeles County,California,Hawthorne,59525.0,8976.0,58468.0,15376.0,42097.0,10468.0,,,92340.0,48340.0,,,66967.0,16931.0,67264.0,35203.0,67186.0,24412.0,65019.0,8056.0,$59525,$8976,$58468,$15376,$42097,$10468,,,$92340,$48340,,,$66967,$16931,$67264,$35203,$67186,$24412,$65019,$8056
2016,6037602106,Census Tract 6021.06,Hawthorne,Los Angeles County,California,Hawthorne,52098.0,6220.0,55087.0,18499.0,44010.0,10615.0,,,65721.0,35732.0,,,69303.0,39622.0,,,42550.0,21422.0,62035.0,24157.0,$52098,$6220,$55087,$18499,$44010,$10615,,,$65721,$35732,,,$69303,$39622,,,$42550,$21422,$62035,$24157
2016,6037602200,Census Tract 6022,Hawthorne,Los Angeles County,California,Hawthorne,75005.0,12185.0,79731.0,17190.0,75899.0,14334.0,,,181525.0,113647.0,,,48416.0,33475.0,,,116991.0,34147.0,51190.0,10110.0,$75005,$12185,$79731,$17190,$75899,$14334,,,$181525,$113647,,,$48416,$33475,,,$116991,$34147,$51190,$10110
2016,6037602301,Census Tract 6023.01,Hawthorne,Los Angeles County,California,Hawthorne,99049.0,15754.0,104466.0,17210.0,77896.0,50576.0,,,,,,,94194.0,45762.0,112449.0,30933.0,107637.0,5939.0,81910.0,19127.0,$99049,$15754,$104466,$17210,$77896,$50576,,,,,,,$94194,$45762,$112449,$30933,$107637,$5939,$81910,$19127
2016,6037602302,Census Tract 6023.02,Hawthorne,Los Angeles County,California,Hawthorne,134286.0,27798.0,133363.0,24972.0,,,,,137649.0,93819.0,,,,,125814.0,63512.0,133395.0,25017.0,155947.0,96013.0,$134286,$27798,$133363,$24972,,,,,$137649,$93819,,,,,$125814,$63512,$133395,$25017,$155947,$96013
2016,6037602402,Census Tract 6024.02,Hawthorne,Los Angeles County,California,Hawthorne,66650.0,9681.0,73621.0,10326.0,58083.0,12609.0,,,128877.0,50927.0,,,52183.0,16117.0,,,82994.0,19871.0,53673.0,12648.0,$66650,$9681,$73621,$10326,$58083,$12609,,,$128877,$50927,,,$52183,$16117,,,$82994,$19871,$53673,$12648
2016,6037602403,Census Tract 6024.03,Hawthorne,Los Angeles County,California,Hawthorne,63179.0,3220.0,75051.0,11989.0,59629.0,25437.0,,,46293.0,35641.0,,,55457.0,34087.0,107333.0,70657.0,73331.0,21683.0,69679.0,13167.0,$63179,$3220,$75051,$11989,$59629,$25437,,,$46293,$35641,,,$55457,$34087,$107333,$70657,$73331,$21683,$69679,$13167
2016,6037602404,Census Tract 6024.04,Hawthorne,Los Angeles County,California,Hawthorne,59886.0,8796.0,69995.0,22842.0,62634.0,20498.0,,,48652.0,43816.0,,,59421.0,29100.0,45020.0,22586.0,57816.0,17227.0,59148.0,14388.0,$59886,$8796,$69995,$22842,$62634,$20498,,,$48652,$43816,,,$59421,$29100,$45020,$22586,$57816,$17227,$59148,$14388
2016,6037602504,Census Tract 6025.04,Hawthorne,Los Angeles County,California,Hawthorne,50415.0,5376.0,52739.0,4975.0,42495.0,10935.0,,,108387.0,82806.0,,,54847.0,5027.0,39685.0,9013.0,,,53876.0,2052.0,$50415,$5376,$52739,$4975,$42495,$10935,,,$108387,$82806,,,$54847,$5027,$39685,$9013,,,$53876,$2052
2016,6037602505,Census Tract 6025.05,Hawthorne,Los Angeles County,California,Hawthorne,42059.0,6797.0,50492.0,26679.0,45415.0,8416.0,,,44791.0,20014.0,,,39973.0,13669.0,26765.0,3718.0,,,40732.0,13513.0,$42059,$6797,$50492,$26679,$45415,$8416,,,$44791,$20014,,,$39973,$13669,$26765,$3718,,,$40732,$13513
2016,6037602506,Census Tract 6025.06,Hawthorne,Los Angeles County,California,Hawthorne,48425.0,5088.0,50832.0,6445.0,46752.0,11115.0,,,,,,,40917.0,12230.0,60084.0,36552.0,,,52137.0,5811.0,$48425,$5088,$50832,$6445,$46752,$11115,,,,,,,$40917,$12230,$60084,$36552,,,$52137,$5811
2016,6037602507,Census Tract 6025.07,Hawthorne,Los Angeles County,California,Hawthorne,53912.0,10915.0,72757.0,41253.0,42371.0,11631.0,,,73376.0,8905.0,,,49757.0,19752.0,67464.0,15853.0,91970.0,62040.0,42459.0,18956.0,$53912,$10915,$72757,$41253,$42371,$11631,,,$73376,$8905,,,$49757,$19752,$67464,$15853,$91970,$62040,$42459,$18956
2016,6037602508,Census Tract 6025.08,Hawthorne,Los Angeles County,California,Hawthorne,58750.0,9030.0,58828.0,19503.0,52992.0,16303.0,,,111355.0,63885.0,,,63449.0,12004.0,51127.0,38171.0,61673.0,37425.0,59754.0,9937.0,$58750,$9030,$58828,$19503,$52992,$16303,,,$111355,$63885,,,$63449,$12004,$51127,$38171,$61673,$37425,$59754,$9937
2016,6037602509,Census Tract 6025.09,Hawthorne,Los Angeles County,California,Hawthorne,72943.0,8178.0,99631.0,39816.0,56776.0,22864.0,,,84664.0,50145.0,,,80102.0,27582.0,27948.0,17110.0,,,83026.0,24574.0,$72943,$8178,$99631,$39816,$56776,$22864,,,$84664,$50145,,,$80102,$27582,$27948,$17110,,,$83026,$24574
2016,6037602700,Census Tract 6027,Hawthorne,Los Angeles County,California,Hawthorne,105836.0,29402.0,119060.0,3420.0,85940.0,32825.0,,,153919.0,130521.0,,,119858.0,7630.0,93609.0,43821.0,118921.0,70038.0,113069.0,37113.0,$105836,$29402,$119060,$3420,$85940,$32825,,,$153919,$130521,,,$119858,$7630,$93609,$43821,$118921,$70038,$113069,$37113
2016,6037603702,Census Tract 6037.02,Hawthorne,Los Angeles County,California,Hawthorne,98555.0,17830.0,105048.0,28927.0,106163.0,22378.0,,,94634.0,41443.0,,,138832.0,108408.0,,,85022.0,19816.0,140379.0,31697.0,$98555,$17830,$105048,$28927,$106163,$22378,,,$94634,$41443,,,$138832,$108408,,,$85022,$19816,$140379,$31697
2016,6037603703,Census Tract 6037.03,Hawthorne,Los Angeles County,California,Hawthorne,107061.0,14069.0,101912.0,16089.0,213496.0,161166.0,,,91049.0,23838.0,,,113288.0,65808.0,138840.0,33238.0,97665.0,28782.0,112085.0,36902.0,$107061,$14069,$101912,$16089,$213496,$161166,,,$91049,$23838,,,$113288,$65808,$138840,$33238,$97665,$28782,$112085,$36902
2016,6037603704,Census Tract 6037.04,Hawthorne,Los Angeles County,California,Hawthorne,59645.0,5727.0,61661.0,21148.0,72667.0,28510.0,,,33502.0,24680.0,,,52535.0,29102.0,60631.0,20447.0,52052.0,17358.0,57729.0,17512.0,$59645,$5727,$61661,$21148,$72667,$28510,,,$33502,$24680,,,$52535,$29102,$60631,$20447,$52052,$17358,$57729,$17512
2016,6037603900,Census Tract 6039,Hawthorne,Los Angeles County,California,Hawthorne,61437.0,12613.0,73006.0,17846.0,56567.0,5286.0,,,102645.0,26978.0,,,45247.0,28031.0,,,59902.0,18937.0,65162.0,19507.0,$61437,$12613,$73006,$17846,$56567,$5286,,,$102645,$26978,,,$45247,$28031,,,$59902,$18937,$65162,$19507
2017,6037600502,Census Tract 6005.02,Hawthorne,Los Angeles County,California,Hawthorne,81260.0,18994.0,54893.0,23873.0,125780.0,58053.0,,,,,,,74956.0,42212.0,,,41031.0,36467.0,72205.0,29763.0,$81260,$18994,$54893,$23873,$125780,$58053,,,,,,,$74956,$42212,,,$41031,$36467,$72205,$29763
2017,6037601600,Census Tract 6016,Hawthorne,Los Angeles County,California,Hawthorne,57166.0,8183.0,54288.0,24475.0,,,,,,,,,57695.0,10639.0,,,,,56976.0,7838.0,$57166,$8183,$54288,$24475,,,,,,,,,$57695,$10639,,,,,$56976,$7838
2017,6037601700,Census Tract 6017,Hawthorne,Los Angeles County,California,Hawthorne,47571.0,12003.0,55624.0,19269.0,26824.0,9262.0,,,,,,,51541.0,24717.0,36990.0,21237.0,,,52405.0,13311.0,$47571,$12003,$55624,$19269,$26824,$9262,,,,,,,$51541,$24717,$36990,$21237,,,$52405,$13311
2017,6037602002,Census Tract 6020.02,Hawthorne,Los Angeles County,California,Hawthorne,50311.0,4104.0,60652.0,9482.0,15476.0,9748.0,,,88786.0,74525.0,,,46143.0,3662.0,,,54555.0,35175.0,50062.0,4056.0,$50311,$4104,$60652,$9482,$15476,$9748,,,$88786,$74525,,,$46143,$3662,,,$54555,$35175,$50062,$4056
2017,6037602103,Census Tract 6021.03,Hawthorne,Los Angeles County,California,Hawthorne,48512.0,13586.0,61661.0,19509.0,39613.0,23844.0,,,,,,,43937.0,36879.0,,,,,48003.0,18413.0,$48512,$13586,$61661,$19509,$39613,$23844,,,,,,,$43937,$36879,,,,,$48003,$18413
2017,6037602104,Census Tract 6021.04,Hawthorne,Los Angeles County,California,Hawthorne,60338.0,7689.0,68164.0,13698.0,45195.0,28455.0,,,,,,,61152.0,15799.0,56552.0,14926.0,197956.0,174784.0,60035.0,10866.0,$60338,$7689,$68164,$13698,$45195,$28455,,,,,,,$61152,$15799,$56552,$14926,$197956,$174784,$60035,$10866
2017,6037602105,Census Tract 6021.05,Hawthorne,Los Angeles County,California,Hawthorne,61755.0,15179.0,54476.0,28842.0,45142.0,11507.0,,,80228.0,47143.0,,,66371.0,10579.0,80903.0,44991.0,77019.0,49548.0,68632.0,8523.0,$61755,$15179,$54476,$28842,$45142,$11507,,,$80228,$47143,,,$66371,$10579,$80903,$44991,$77019,$49548,$68632,$8523
2017,6037602106,Census Tract 6021.06,Hawthorne,Los Angeles County,California,Hawthorne,50603.0,5689.0,46799.0,13670.0,44846.0,14292.0,,,68575.0,9324.0,,,72823.0,46331.0,51930.0,16664.0,,,50133.0,5873.0,$50603,$5689,$46799,$13670,$44846,$14292,,,$68575,$9324,,,$72823,$46331,$51930,$16664,,,$50133,$5873
2017,6037602200,Census Tract 6022,Hawthorne,Los Angeles County,California,Hawthorne,79966.0,8463.0,92637.0,30105.0,76516.0,19047.0,,,179995.0,109372.0,,,,,62963.0,21804.0,145245.0,46151.0,59438.0,18112.0,$79966,$8463,$92637,$30105,$76516,$19047,,,$179995,$109372,,,,,$62963,$21804,$145245,$46151,$59438,$18112
2017,6037602301,Census Tract 6023.01,Hawthorne,Los Angeles County,California,Hawthorne,98337.0,14938.0,105938.0,12073.0,106303.0,73225.0,,,,,,,95471.0,37949.0,100446.0,39866.0,107929.0,9400.0,93786.0,12589.0,$98337,$14938,$105938,$12073,$106303,$73225,,,,,,,$95471,$37949,$100446,$39866,$107929,$9400,$93786,$12589
2017,6037602302,Census Tract 6023.02,Hawthorne,Los Angeles County,California,Hawthorne,161889.0,24691.0,160570.0,41585.0,,,,,205224.0,90743.0,,,,,118559.0,71365.0,148022.0,38611.0,191325.0,95083.0,$161889,$24691,$160570,$41585,,,,,$205224,$90743,,,,,$118559,$71365,$148022,$38611,$191325,$95083
2017,6037602402,Census Tract 6024.02,Hawthorne,Los Angeles County,California,Hawthorne,61290.0,10291.0,65601.0,13566.0,60023.0,44345.0,,,131674.0,36047.0,,,52340.0,10815.0,,,74707.0,14987.0,52205.0,6172.0,$61290,$10291,$65601,$13566,$60023,$44345,,,$131674,$36047,,,$52340,$10815,,,$74707,$14987,$52205,$6172
2017,6037602403,Census Tract 6024.03,Hawthorne,Los Angeles County,California,Hawthorne,63470.0,4625.0,67506.0,17732.0,60699.0,10193.0,,,61509.0,38438.0,,,62043.0,16622.0,125223.0,83749.0,,,63982.0,9181.0,$63470,$4625,$67506,$17732,$60699,$10193,,,$61509,$38438,,,$62043,$16622,$125223,$83749,,,$63982,$9181
2017,6037602404,Census Tract 6024.04,Hawthorne,Los Angeles County,California,Hawthorne,61687.0,10253.0,71985.0,18069.0,59369.0,17874.0,,,,,,,51930.0,26151.0,74758.0,50863.0,57719.0,21493.0,56274.0,12322.0,$61687,$10253,$71985,$18069,$59369,$17874,,,,,,,$51930,$26151,$74758,$50863,$57719,$21493,$56274,$12322
2017,6037602504,Census Tract 6025.04,Hawthorne,Los Angeles County,California,Hawthorne,51210.0,5215.0,50455.0,7502.0,40981.0,9461.0,,,78490.0,71157.0,,,59460.0,10427.0,40187.0,15288.0,,,54288.0,7897.0,$51210,$5215,$50455,$7502,$40981,$9461,,,$78490,$71157,,,$59460,$10427,$40187,$15288,,,$54288,$7897
2017,6037602505,Census Tract 6025.05,Hawthorne,Los Angeles County,California,Hawthorne,45360.0,9192.0,35592.0,17797.0,47829.0,12929.0,,,,,,,44799.0,24402.0,,,24756.0,12036.0,43644.0,14274.0,$45360,$9192,$35592,$17797,$47829,$12929,,,,,,,$44799,$24402,,,$24756,$12036,$43644,$14274
2017,6037602506,Census Tract 6025.06,Hawthorne,Los Angeles County,California,Hawthorne,47517.0,3783.0,34338.0,9238.0,48779.0,13293.0,,,42865.0,20872.0,,,48625.0,13729.0,61134.0,29710.0,32627.0,18443.0,48930.0,8471.0,$47517,$3783,$34338,$9238,$48779,$13293,,,$42865,$20872,,,$48625,$13729,$61134,$29710,$32627,$18443,$48930,$8471
2017,6037602507,Census Tract 6025.07,Hawthorne,Los Angeles County,California,Hawthorne,61679.0,8480.0,79426.0,33836.0,57172.0,10489.0,,,72807.0,32555.0,,,49822.0,17709.0,69696.0,28480.0,92744.0,62647.0,51346.0,22075.0,$61679,$8480,$79426,$33836,$57172,$10489,,,$72807,$32555,,,$49822,$17709,$69696,$28480,$92744,$62647,$51346,$22075
2017,6037602508,Census Tract 6025.08,Hawthorne,Los Angeles County,California,Hawthorne,61905.0,8998.0,56988.0,14314.0,65914.0,12331.0,,,,,,,59428.0,13165.0,,,62043.0,29794.0,60617.0,13159.0,$61905,$8998,$56988,$14314,$65914,$12331,,,,,,,$59428,$13165,,,$62043,$29794,$60617,$13159
2017,6037602509,Census Tract 6025.09,Hawthorne,Los Angeles County,California,Hawthorne,73199.0,8118.0,91660.0,42743.0,68089.0,17207.0,,,82521.0,18501.0,,,83507.0,17202.0,32189.0,18391.0,,,85530.0,15659.0,$73199,$8118,$91660,$42743,$68089,$17207,,,$82521,$18501,,,$83507,$17202,$32189,$18391,,,$85530,$15659
2017,6037602700,Census Tract 6027,Hawthorne,Los Angeles County,California,Hawthorne,106374.0,18615.0,,,105010.0,28484.0,,,199768.0,109248.0,,,116866.0,35780.0,91409.0,42684.0,,,91511.0,36466.0,$106374,$18615,,,$105010,$28484,,,$199768,$109248,,,$116866,$35780,$91409,$42684,,,$91511,$36466
2017,6037603702,Census Tract 6037.02,Hawthorne,Los Angeles County,California,Hawthorne,102157.0,20664.0,95151.0,28037.0,107918.0,28208.0,,,85577.0,41441.0,,,187734.0,97461.0,,,91230.0,27079.0,115011.0,57070.0,$102157,$20664,$95151,$28037,$107918,$28208,,,$85577,$41441,,,$187734,$97461,,,$91230,$27079,$115011,$57070
2017,6037603703,Census Tract 6037.03,Hawthorne,Los Angeles County,California,Hawthorne,110651.0,12933.0,86139.0,37366.0,216616.0,188967.0,,,113523.0,45417.0,,,109538.0,49504.0,139918.0,40452.0,84935.0,26361.0,122589.0,46627.0,$110651,$12933,$86139,$37366,$216616,$188967,,,$113523,$45417,,,$109538,$49504,$139918,$40452,$84935,$26361,$122589,$46627
2017,6037603704,Census Tract 6037.04,Hawthorne,Los Angeles County,California,Hawthorne,65901.0,13367.0,73978.0,24694.0,83875.0,24937.0,,,,,,,41046.0,19514.0,60652.0,23292.0,59706.0,14513.0,58662.0,15586.0,$65901,$13367,$73978,$24694,$83875,$24937,,,,,,,$41046,$19514,$60652,$23292,$59706,$14513,$58662,$15586
2017,6037603900,Census Tract 6039,Hawthorne,Los Angeles County,California,Hawthorne,59443.0,10132.0,82177.0,29109.0,55500.0,13648.0,,,87813.0,49637.0,,,48360.0,14743.0,,,89499.0,54604.0,58834.0,16587.0,$59443,$10132,$82177,$29109,$55500,$13648,,,$87813,$49637,,,$48360,$14743,,,$89499,$54604,$58834,$16587
2018,6037600502,Census Tract 6005.02,Hawthorne,Los Angeles County,California,Hawthorne,79170.0,18620.0,58401.0,22530.0,129047.0,68553.0,,,,,,,72886.0,44649.0,,,43074.0,33794.0,72286.0,30376.0,$79170,$18620,$58401,$22530,$129047,$68553,,,,,,,$72886,$44649,,,$43074,$33794,$72286,$30376
2018,6037601600,Census Tract 6016,Hawthorne,Los Angeles County,California,Hawthorne,62235.0,12420.0,67547.0,24181.0,88177.0,52404.0,,,89008.0,65977.0,,,59025.0,14854.0,,,,,61792.0,12775.0,$62235,$12420,$67547,$24181,$88177,$52404,,,$89008,$65977,,,$59025,$14854,,,,,$61792,$12775
2018,6037601700,Census Tract 6017,Hawthorne,Los Angeles County,California,Hawthorne,58893.0,25770.0,72668.0,24285.0,25809.0,6574.0,,,,,,,76227.0,36662.0,,,,,69365.0,17476.0,$58893,$25770,$72668,$24285,$25809,$6574,,,,,,,$76227,$36662,,,,,$69365,$17476
2018,6037602002,Census Tract 6020.02,Hawthorne,Los Angeles County,California,Hawthorne,52225.0,3562.0,67209.0,17084.0,23146.0,16763.0,,,86983.0,81127.0,,,50870.0,3488.0,,,52732.0,46119.0,52930.0,8221.0,$52225,$3562,$67209,$17084,$23146,$16763,,,$86983,$81127,,,$50870,$3488,,,$52732,$46119,$52930,$8221
2018,6037602103,Census Tract 6021.03,Hawthorne,Los Angeles County,California,Hawthorne,47050.0,12926.0,52994.0,30002.0,45736.0,25646.0,,,72920.0,65591.0,,,40520.0,11059.0,,,,,43121.0,6729.0,$47050,$12926,$52994,$30002,$45736,$25646,,,$72920,$65591,,,$40520,$11059,,,,,$43121,$6729
2018,6037602104,Census Tract 6021.04,Hawthorne,Los Angeles County,California,Hawthorne,59324.0,5216.0,68650.0,18658.0,53919.0,25634.0,,,60042.0,58766.0,,,60912.0,23561.0,57908.0,28269.0,,,65991.0,18113.0,$59324,$5216,$68650,$18658,$53919,$25634,,,$60042,$58766,,,$60912,$23561,$57908,$28269,,,$65991,$18113
2018,6037602105,Census Tract 6021.05,Hawthorne,Los Angeles County,California,Hawthorne,66478.0,13353.0,63324.0,30408.0,48803.0,13190.0,,,92083.0,68710.0,,,75901.0,8533.0,,,71894.0,33969.0,73039.0,8286.0,$66478,$13353,$63324,$30408,$48803,$13190,,,$92083,$68710,,,$75901,$8533,,,$71894,$33969,$73039,$8286
2018,6037602106,Census Tract 6021.06,Hawthorne,Los Angeles County,California,Hawthorne,60956.0,12111.0,63511.0,13908.0,46424.0,22729.0,,,68161.0,23466.0,,,90112.0,26068.0,49855.0,3837.0,74748.0,51301.0,55865.0,17900.0,$60956,$12111,$63511,$13908,$46424,$22729,,,$68161,$23466,,,$90112,$26068,$49855,$3837,$74748,$51301,$55865,$17900
2018,6037602200,Census Tract 6022,Hawthorne,Los Angeles County,California,Hawthorne,94501.0,14904.0,100066.0,24570.0,78772.0,3044.0,,,156109.0,67351.0,,,92776.0,49247.0,,,119007.0,45853.0,74204.0,43988.0,$94501,$14904,$100066,$24570,$78772,$3044,,,$156109,$67351,,,$92776,$49247,,,$119007,$45853,$74204,$43988
2018,6037602301,Census Tract 6023.01,Hawthorne,Los Angeles County,California,Hawthorne,104971.0,11453.0,106786.0,9340.0,76588.0,23495.0,,,58476.0,50502.0,,,111208.0,28364.0,80822.0,79119.0,108963.0,13429.0,102071.0,22272.0,$104971,$11453,$106786,$9340,$76588,$23495,,,$58476,$50502,,,$111208,$28364,$80822,$79119,$108963,$13429,$102071,$22272
2018,6037602302,Census Tract 6023.02,Hawthorne,Los Angeles County,California,Hawthorne,160125.0,27674.0,151345.0,36415.0,,,,,176030.0,81126.0,,,,,138394.0,111964.0,152520.0,40768.0,137353.0,64334.0,$160125,$27674,$151345,$36415,,,,,$176030,$81126,,,,,$138394,$111964,$152520,$40768,$137353,$64334
2018,6037602402,Census Tract 6024.02,Hawthorne,Los Angeles County,California,Hawthorne,66275.0,12068.0,72747.0,11086.0,88082.0,60536.0,,,129839.0,65062.0,,,52113.0,6124.0,,,74660.0,12650.0,53935.0,14146.0,$66275,$12068,$72747,$11086,$88082,$60536,,,$129839,$65062,,,$52113,$6124,,,$74660,$12650,$53935,$14146
2018,6037602403,Census Tract 6024.03,Hawthorne,Los Angeles County,California,Hawthorne,67779.0,6877.0,71766.0,19804.0,61529.0,6882.0,,,65611.0,53768.0,,,68512.0,18197.0,126530.0,29542.0,116534.0,57574.0,70186.0,11393.0,$67779,$6877,$71766,$19804,$61529,$6882,,,$65611,$53768,,,$68512,$18197,$126530,$29542,$116534,$57574,$70186,$11393
2018,6037602404,Census Tract 6024.04,Hawthorne,Los Angeles County,California,Hawthorne,54419.0,6729.0,67700.0,19690.0,51241.0,13978.0,,,38817.0,9291.0,,,46129.0,27740.0,52276.0,40342.0,58932.0,20237.0,55604.0,13196.0,$54419,$6729,$67700,$19690,$51241,$13978,,,$38817,$9291,,,$46129,$27740,$52276,$40342,$58932,$20237,$55604,$13196
2018,6037602504,Census Tract 6025.04,Hawthorne,Los Angeles County,California,Hawthorne,53232.0,4369.0,56628.0,28957.0,45488.0,14371.0,,,79658.0,30552.0,,,56685.0,18972.0,43153.0,27536.0,,,56419.0,4467.0,$53232,$4369,$56628,$28957,$45488,$14371,,,$79658,$30552,,,$56685,$18972,$43153,$27536,,,$56419,$4467
2018,6037602505,Census Tract 6025.05,Hawthorne,Los Angeles County,California,Hawthorne,47512.0,12731.0,47407.0,32151.0,52166.0,3185.0,,,,,,,39829.0,12534.0,30052.0,2986.0,58932.0,50391.0,37378.0,8816.0,$47512,$12731,$47407,$32151,$52166,$3185,,,,,,,$39829,$12534,$30052,$2986,$58932,$50391,$37378,$8816
2018,6037602506,Census Tract 6025.06,Hawthorne,Los Angeles County,California,Hawthorne,44701.0,4366.0,39376.0,10290.0,43675.0,6567.0,,,37090.0,15708.0,,,48128.0,8987.0,68918.0,33732.0,33856.0,8496.0,49485.0,4779.0,$44701,$4366,$39376,$10290,$43675,$6567,,,$37090,$15708,,,$48128,$8987,$68918,$33732,$33856,$8496,$49485,$4779
2018,6037602507,Census Tract 6025.07,Hawthorne,Los Angeles County,California,Hawthorne,63250.0,5067.0,85063.0,22324.0,61333.0,5868.0,,,,,,,56462.0,18402.0,106719.0,32861.0,135806.0,62807.0,59520.0,24333.0,$63250,$5067,$85063,$22324,$61333,$5868,,,,,,,$56462,$18402,$106719,$32861,$135806,$62807,$59520,$24333
2018,6037602508,Census Tract 6025.08,Hawthorne,Los Angeles County,California,Hawthorne,60481.0,8660.0,62516.0,15434.0,53498.0,11284.0,,,108232.0,104788.0,,,62496.0,14663.0,,,64151.0,19013.0,62507.0,18614.0,$60481,$8660,$62516,$15434,$53498,$11284,,,$108232,$104788,,,$62496,$14663,,,$64151,$19013,$62507,$18614
2018,6037602509,Census Tract 6025.09,Hawthorne,Los Angeles County,California,Hawthorne,76663.0,9304.0,99070.0,32544.0,72478.0,24566.0,,,79460.0,7932.0,,,74358.0,14296.0,33865.0,32250.0,40581.0,40064.0,86750.0,11970.0,$76663,$9304,$99070,$32544,$72478,$24566,,,$79460,$7932,,,$74358,$14296,$33865,$32250,$40581,$40064,$86750,$11970
2018,6037602700,Census Tract 6027,Hawthorne,Los Angeles County,California,Hawthorne,112142.0,17232.0,107479.0,44922.0,110275.0,27427.0,,,202740.0,57718.0,,,116480.0,80587.0,,,,,83432.0,54807.0,$112142,$17232,$107479,$44922,$110275,$27427,,,$202740,$57718,,,$116480,$80587,,,,,$83432,$54807
2018,6037603702,Census Tract 6037.02,Hawthorne,Los Angeles County,California,Hawthorne,101106.0,22141.0,93798.0,31969.0,,,,,122172.0,41817.0,,,,,,,119627.0,39847.0,89898.0,35021.0,$101106,$22141,$93798,$31969,,,,,$122172,$41817,,,,,,,$119627,$39847,$89898,$35021
2018,6037603703,Census Tract 6037.03,Hawthorne,Los Angeles County,California,Hawthorne,111208.0,22099.0,96650.0,22020.0,214585.0,146825.0,,,130833.0,30236.0,,,91767.0,58776.0,139731.0,23000.0,94071.0,21213.0,135747.0,55369.0,$111208,$22099,$96650,$22020,$214585,$146825,,,$130833,$30236,,,$91767,$58776,$139731,$23000,$94071,$21213,$135747,$55369
2018,6037603704,Census Tract 6037.04,Hawthorne,Los Angeles County,California,Hawthorne,62264.0,10719.0,62503.0,24625.0,73983.0,21146.0,,,,,,,39142.0,13371.0,69962.0,60383.0,61430.0,8399.0,49642.0,26015.0,$62264,$10719,$62503,$24625,$73983,$21146,,,,,,,$39142,$13371,$69962,$60383,$61430,$8399,$49642,$26015
2018,6037603900,Census Tract 6039,Hawthorne,Los Angeles County,California,Hawthorne,60868.0,9067.0,70484.0,25272.0,58046.0,21455.0,,,68365.0,30839.0,,,52569.0,19432.0,,,116214.0,31497.0,53198.0,17758.0,$60868,$9067,$70484,$25272,$58046,$21455,,,$68365,$30839,,,$52569,$19432,,,$116214,$31497,$53198,$17758
2019,6037600502,Census Tract 6005.02,Hawthorne,Los Angeles County,California,Hawthorne,81894.0,13665.0,74378.0,13311.0,128126.0,75489.0,,,,,,,92303.0,91381.0,,,68019.0,29394.0,77054.0,13389.0,$81894,$13665,$74378,$13311,$128126,$75489,,,,,,,$92303,$91381,,,$68019,$29394,$77054,$13389
2019,6037601600,Census Tract 6016,Hawthorne,Los Angeles County,California,Hawthorne,67205.0,14645.0,65096.0,15848.0,89756.0,41260.0,,,123606.0,77414.0,,,62676.0,15283.0,,,,,64265.0,11196.0,$67205,$14645,$65096,$15848,$89756,$41260,,,$123606,$77414,,,$62676,$15283,,,,,$64265,$11196
2019,6037601700,Census Tract 6017,Hawthorne,Los Angeles County,California,Hawthorne,48014.0,12969.0,48581.0,46159.0,26479.0,5490.0,,,,,,,54388.0,18806.0,,,,,54151.0,13574.0,$48014,$12969,$48581,$46159,$26479,$5490,,,,,,,$54388,$18806,,,,,$54151,$13574
2019,6037602002,Census Tract 6020.02,Hawthorne,Los Angeles County,California,Hawthorne,56423.0,10556.0,75322.0,13321.0,41023.0,10055.0,,,,,,,48459.0,6730.0,96509.0,43744.0,53074.0,25520.0,57434.0,14121.0,$56423,$10556,$75322,$13321,$41023,$10055,,,,,,,$48459,$6730,$96509,$43744,$53074,$25520,$57434,$14121
2019,6037602103,Census Tract 6021.03,Hawthorne,Los Angeles County,California,Hawthorne,42638.0,7685.0,42823.0,21589.0,46618.0,19741.0,,,,,,,40360.0,11911.0,,,,,40924.0,6037.0,$42638,$7685,$42823,$21589,$46618,$19741,,,,,,,$40360,$11911,,,,,$40924,$6037
2019,6037602104,Census Tract 6021.04,Hawthorne,Los Angeles County,California,Hawthorne,63689.0,8609.0,73781.0,32682.0,58688.0,32781.0,,,,,,,68304.0,15469.0,,,,,69161.0,13508.0,$63689,$8609,$73781,$32682,$58688,$32781,,,,,,,$68304,$15469,,,,,$69161,$13508
2019,6037602105,Census Tract 6021.05,Hawthorne,Los Angeles County,California,Hawthorne,70632.0,9955.0,86849.0,41948.0,59036.0,19075.0,,,93842.0,57013.0,,,72414.0,18068.0,,,86779.0,40026.0,73550.0,14391.0,$70632,$9955,$86849,$41948,$59036,$19075,,,$93842,$57013,,,$72414,$18068,,,$86779,$40026,$73550,$14391
2019,6037602106,Census Tract 6021.06,Hawthorne,Los Angeles County,California,Hawthorne,57328.0,8683.0,57946.0,10445.0,,,,,87063.0,41407.0,,,95072.0,48024.0,,,71837.0,37249.0,55971.0,12946.0,$57328,$8683,$57946,$10445,,,,,$87063,$41407,,,$95072,$48024,,,$71837,$37249,$55971,$12946
2019,6037602200,Census Tract 6022,Hawthorne,Los Angeles County,California,Hawthorne,98552.0,18632.0,108019.0,40882.0,78512.0,881.0,,,137640.0,48848.0,,,99995.0,57451.0,226283.0,160086.0,119173.0,61515.0,107778.0,27573.0,$98552,$18632,$108019,$40882,$78512,$881,,,$137640,$48848,,,$99995,$57451,$226283,$160086,$119173,$61515,$107778,$27573
2019,6037602301,Census Tract 6023.01,Hawthorne,Los Angeles County,California,Hawthorne,123481.0,24067.0,116325.0,42839.0,127403.0,62031.0,,,,,,,126176.0,36366.0,126865.0,107841.0,138809.0,39865.0,111756.0,37978.0,$123481,$24067,$116325,$42839,$127403,$62031,,,,,,,$126176,$36366,$126865,$107841,$138809,$39865,$111756,$37978
2019,6037602302,Census Tract 6023.02,Hawthorne,Los Angeles County,California,Hawthorne,162237.0,16530.0,164124.0,11261.0,,,,,150432.0,53069.0,,,268519.0,247401.0,,,164387.0,14794.0,126074.0,28802.0,$162237,$16530,$164124,$11261,,,,,$150432,$53069,,,$268519,$247401,,,$164387,$14794,$126074,$28802
2019,6037602402,Census Tract 6024.02,Hawthorne,Los Angeles County,California,Hawthorne,89767.0,15727.0,87416.0,15228.0,70666.0,45370.0,,,162790.0,43869.0,,,62375.0,21080.0,119225.0,10489.0,86692.0,17867.0,82384.0,26569.0,$89767,$15727,$87416,$15228,$70666,$45370,,,$162790,$43869,,,$62375,$21080,$119225,$10489,$86692,$17867,$82384,$26569
2019,6037602403,Census Tract 6024.03,Hawthorne,Los Angeles County,California,Hawthorne,68714.0,9150.0,72988.0,19261.0,61116.0,8850.0,,,62983.0,39224.0,,,70361.0,17107.0,,,97380.0,66732.0,69472.0,11137.0,$68714,$9150,$72988,$19261,$61116,$8850,,,$62983,$39224,,,$70361,$17107,,,$97380,$66732,$69472,$11137
2019,6037602404,Census Tract 6024.04,Hawthorne,Los Angeles County,California,Hawthorne,58509.0,8709.0,69480.0,14991.0,52305.0,12858.0,,,,,,,45523.0,26647.0,75723.0,46477.0,68885.0,28928.0,67754.0,24558.0,$58509,$8709,$69480,$14991,$52305,$12858,,,,,,,$45523,$26647,$75723,$46477,$68885,$28928,$67754,$24558
2019,6037602504,Census Tract 6025.04,Hawthorne,Los Angeles County,California,Hawthorne,55900.0,5307.0,56188.0,8555.0,51690.0,11097.0,,,77175.0,34427.0,,,58250.0,30400.0,,,53404.0,31723.0,57210.0,6445.0,$55900,$5307,$56188,$8555,$51690,$11097,,,$77175,$34427,,,$58250,$30400,,,$53404,$31723,$57210,$6445
2019,6037602505,Census Tract 6025.05,Hawthorne,Los Angeles County,California,Hawthorne,45828.0,10967.0,33570.0,15715.0,53511.0,7707.0,,,,,,,41316.0,17333.0,,,55574.0,54948.0,39786.0,5461.0,$45828,$10967,$33570,$15715,$53511,$7707,,,,,,,$41316,$17333,,,$55574,$54948,$39786,$5461
2019,6037602506,Census Tract 6025.06,Hawthorne,Los Angeles County,California,Hawthorne,48017.0,5525.0,40383.0,23808.0,46374.0,17657.0,,,52818.0,35016.0,,,50683.0,13773.0,76433.0,21377.0,39153.0,10071.0,49982.0,9472.0,$48017,$5525,$40383,$23808,$46374,$17657,,,$52818,$35016,,,$50683,$13773,$76433,$21377,$39153,$10071,$49982,$9472
2019,6037602507,Census Tract 6025.07,Hawthorne,Los Angeles County,California,Hawthorne,65189.0,4485.0,77060.0,28852.0,64691.0,6131.0,,,,,,,49998.0,23013.0,,,,,62868.0,25407.0,$65189,$4485,$77060,$28852,$64691,$6131,,,,,,,$49998,$23013,,,,,$62868,$25407
2019,6037602508,Census Tract 6025.08,Hawthorne,Los Angeles County,California,Hawthorne,61673.0,9547.0,69227.0,19274.0,51346.0,14563.0,,,108842.0,95501.0,,,59997.0,23194.0,,,68384.0,14094.0,62833.0,30952.0,$61673,$9547,$69227,$19274,$51346,$14563,,,$108842,$95501,,,$59997,$23194,,,$68384,$14094,$62833,$30952
2019,6037602509,Census Tract 6025.09,Hawthorne,Los Angeles County,California,Hawthorne,84611.0,12775.0,118627.0,32843.0,89581.0,36791.0,,,68349.0,51382.0,,,78751.0,16981.0,,,,,91619.0,20048.0,$84611,$12775,$118627,$32843,$89581,$36791,,,$68349,$51382,,,$78751,$16981,,,,,$91619,$20048
2019,6037602700,Census Tract 6027,Hawthorne,Los Angeles County,California,Hawthorne,119733.0,19712.0,139416.0,24852.0,113401.0,26873.0,,,,,,,118921.0,63734.0,,,142557.0,32733.0,117418.0,80008.0,$119733,$19712,$139416,$24852,$113401,$26873,,,,,,,$118921,$63734,,,$142557,$32733,$117418,$80008
2019,6037603702,Census Tract 6037.02,Hawthorne,Los Angeles County,California,Hawthorne,100062.0,26570.0,90230.0,37154.0,,,,,110251.0,31932.0,,,184741.0,177471.0,,,116302.0,44666.0,90252.0,57197.0,$100062,$26570,$90230,$37154,,,,,$110251,$31932,,,$184741,$177471,,,$116302,$44666,$90252,$57197
2019,6037603703,Census Tract 6037.03,Hawthorne,Los Angeles County,California,Hawthorne,115379.0,19683.0,108786.0,16412.0,,,,,146762.0,19344.0,,,94559.0,88451.0,112046.0,55116.0,107226.0,10849.0,124995.0,48758.0,$115379,$19683,$108786,$16412,,,,,$146762,$19344,,,$94559,$88451,$112046,$55116,$107226,$10849,$124995,$48758
2019,6037603704,Census Tract 6037.04,Hawthorne,Los Angeles County,California,Hawthorne,64723.0,6817.0,62953.0,14745.0,67074.0,12698.0,200525.0,179274.0,,,,,46401.0,16987.0,73740.0,73397.0,61266.0,40860.0,58322.0,17019.0,$64723,$6817,$62953,$14745,$67074,$12698,$200525,$179274,,,,,$46401,$16987,$73740,$73397,$61266,$40860,$58322,$17019
2019,6037603900,Census Tract 6039,Hawthorne,Los Angeles County,California,Hawthorne,62902.0,10315.0,79500.0,24214.0,57939.0,43352.0,,,52004.0,30475.0,,,58972.0,15475.0,117225.0,66787.0,76640.0,72096.0,64094.0,17479.0,$62902,$10315,$79500,$24214,$57939,$43352,,,$52004,$30475,,,$58972,$15475,$117225,$66787,$76640,$72096,$64094,$17479
2020,6037601600,Census Tract 6016,Hawthorne,Los Angeles County,California,Hawthorne,55211.0,14788.0,57870.0,14587.0,88546.0,53696.0,,,123120.0,108201.0,,,61507.0,15572.0,29403.0,18421.0,,,50312.0,12345.0,$55211,$14788,$57870,$14587,$88546,$53696,,,$123120,$108201,,,$61507,$15572,$29403,$18421,,,$50312,$12345
2020,6037601700,Census Tract 6017,Hawthorne,Los Angeles County,California,Hawthorne,44993.0,12555.0,43732.0,16727.0,28846.0,7653.0,,,140540.0,85821.0,,,57502.0,19919.0,,,,,46494.0,13529.0,$44993,$12555,$43732,$16727,$28846,$7653,,,$140540,$85821,,,$57502,$19919,,,,,$46494,$13529
2020,6037602002,Census Tract 6020.02,Hawthorne,Los Angeles County,California,Hawthorne,74475.0,9132.0,78227.0,9170.0,73144.0,63310.0,,,223426.0,62852.0,,,54011.0,6336.0,96574.0,2337.0,79636.0,38210.0,71051.0,17593.0,$74475,$9132,$78227,$9170,$73144,$63310,,,$223426,$62852,,,$54011,$6336,$96574,$2337,$79636,$38210,$71051,$17593
2020,6037602103,Census Tract 6021.03,Hawthorne,Los Angeles County,California,Hawthorne,41881.0,9661.0,41575.0,13491.0,47659.0,38444.0,,,3035.0,,,,29588.0,10563.0,,,,,39940.0,6387.0,$41881,$9661,$41575,$13491,$47659,$38444,,,$3035,,,,$29588,$10563,,,,,$39940,$6387
2020,6037602104,Census Tract 6021.04,Hawthorne,Los Angeles County,California,Hawthorne,65976.0,11792.0,71717.0,31853.0,45004.0,26593.0,,,75758.0,31864.0,,,78422.0,11209.0,,,,,77787.0,10950.0,$65976,$11792,$71717,$31853,$45004,$26593,,,$75758,$31864,,,$78422,$11209,,,,,$77787,$10950
2020,6037602105,Census Tract 6021.05,Hawthorne,Los Angeles County,California,Hawthorne,62858.0,10909.0,85560.0,61212.0,59589.0,17233.0,,,,,,,65632.0,13806.0,,,86970.0,42364.0,65515.0,19011.0,$62858,$10909,$85560,$61212,$59589,$17233,,,,,,,$65632,$13806,,,$86970,$42364,$65515,$19011
2020,6037602106,Census Tract 6021.06,Hawthorne,Los Angeles County,California,Hawthorne,72096.0,16237.0,61632.0,15203.0,54431.0,30488.0,,,88423.0,24948.0,,,114471.0,38397.0,104909.0,26161.0,83500.0,23629.0,60175.0,28672.0,$72096,$16237,$61632,$15203,$54431,$30488,,,$88423,$24948,,,$114471,$38397,$104909,$26161,$83500,$23629,$60175,$28672
2020,6037602201,Census Tract 6022.01,Hawthorne,Los Angeles County,California,Hawthorne,152517.0,11622.0,153215.0,9710.0,112166.0,110295.0,,,159054.0,36396.0,,,,,167179.0,155620.0,153064.0,33302.0,151509.0,12883.0,$152517,$11622,$153215,$9710,$112166,$110295,,,$159054,$36396,,,,,$167179,$155620,$153064,$33302,$151509,$12883
2020,6037602202,Census Tract 6022.02,Hawthorne,Los Angeles County,California,Hawthorne,100166.0,27812.0,107488.0,45269.0,62752.0,43729.0,,,,,,,130823.0,113245.0,245946.0,84970.0,161193.0,58183.0,99272.0,34383.0,$100166,$27812,$107488,$45269,$62752,$43729,,,,,,,$130823,$113245,$245946,$84970,$161193,$58183,$99272,$34383
2020,6037602301,Census Tract 6023.01,Hawthorne,Los Angeles County,California,Hawthorne,129335.0,23776.0,149000.0,48131.0,124975.0,54708.0,,,133938.0,27929.0,,,129263.0,32928.0,,,151241.0,17805.0,102008.0,54928.0,$129335,$23776,$149000,$48131,$124975,$54708,,,$133938,$27929,,,$129263,$32928,,,$151241,$17805,$102008,$54928
2020,6037602302,Census Tract 6023.02,Hawthorne,Los Angeles County,California,Hawthorne,166455.0,16404.0,166533.0,15167.0,265057.0,150279.0,,,148549.0,38601.0,,,,,196280.0,125714.0,173797.0,20149.0,135660.0,43664.0,$166455,$16404,$166533,$15167,$265057,$150279,,,$148549,$38601,,,,,$196280,$125714,$173797,$20149,$135660,$43664
2020,6037602402,Census Tract 6024.02,Hawthorne,Los Angeles County,California,Hawthorne,100707.0,14457.0,87875.0,26556.0,87416.0,37117.0,,,179433.0,56429.0,,,90411.0,35137.0,220137.0,158980.0,87282.0,22260.0,98509.0,20363.0,$100707,$14457,$87875,$26556,$87416,$37117,,,$179433,$56429,,,$90411,$35137,$220137,$158980,$87282,$22260,$98509,$20363
2020,6037602403,Census Tract 6024.03,Hawthorne,Los Angeles County,California,Hawthorne,74552.0,14111.0,84411.0,17595.0,62246.0,10710.0,,,119558.0,108510.0,,,73574.0,23837.0,,,118694.0,58918.0,73687.0,18965.0,$74552,$14111,$84411,$17595,$62246,$10710,,,$119558,$108510,,,$73574,$23837,,,$118694,$58918,$73687,$18965
2020,6037602404,Census Tract 6024.04,Hawthorne,Los Angeles County,California,Hawthorne,59559.0,4903.0,69634.0,13535.0,39436.0,21903.0,,,,,,,43606.0,25203.0,79543.0,15196.0,69284.0,27355.0,60120.0,12118.0,$59559,$4903,$69634,$13535,$39436,$21903,,,,,,,$43606,$25203,$79543,$15196,$69284,$27355,$60120,$12118
2020,6037602504,Census Tract 6025.04,Hawthorne,Los Angeles County,California,Hawthorne,57517.0,14405.0,56140.0,16212.0,73916.0,27795.0,,,40802.0,13195.0,,,70117.0,30905.0,,,71051.0,48735.0,55153.0,4228.0,$57517,$14405,$56140,$16212,$73916,$27795,,,$40802,$13195,,,$70117,$30905,,,$71051,$48735,$55153,$4228
2020,6037602505,Census Tract 6025.05,Hawthorne,Los Angeles County,California,Hawthorne,56115.0,11111.0,41801.0,18762.0,73815.0,24898.0,,,,,,,55178.0,9984.0,,,55122.0,40352.0,53896.0,14672.0,$56115,$11111,$41801,$18762,$73815,$24898,,,,,,,$55178,$9984,,,$55122,$40352,$53896,$14672
2020,6037602506,Census Tract 6025.06,Hawthorne,Los Angeles County,California,Hawthorne,59191.0,8437.0,49645.0,26585.0,57933.0,21702.0,,,,,,,70899.0,16667.0,76999.0,28374.0,39109.0,14160.0,61047.0,12384.0,$59191,$8437,$49645,$26585,$57933,$21702,,,,,,,$70899,$16667,$76999,$28374,$39109,$14160,$61047,$12384
2020,6037602507,Census Tract 6025.07,Hawthorne,Los Angeles County,California,Hawthorne,64425.0,4488.0,70054.0,27126.0,65282.0,7386.0,,,,,,,41466.0,18734.0,,,,,45441.0,13936.0,$64425,$4488,$70054,$27126,$65282,$7386,,,,,,,$41466,$18734,,,,,$45441,$13936
2020,6037602510,Census Tract 6025.10,Hawthorne,Los Angeles County,California,Hawthorne,45926.0,14708.0,79157.0,25816.0,34079.0,17261.0,,,,,,,,,,,79072.0,22445.0,63419.0,59191.0,$45926,$14708,$79157,$25816,$34079,$17261,,,,,,,,,,,$79072,$22445,$63419,$59191
2020,6037602511,Census Tract 6025.11,Hawthorne,Los Angeles County,California,Hawthorne,61403.0,21331.0,,,60905.0,21738.0,,,,,,,34334.0,16277.0,77541.0,59577.0,,,64675.0,37230.0,$61403,$21331,,,$60905,$21738,,,,,,,$34334,$16277,$77541,$59577,,,$64675,$37230
2020,6037602513,Census Tract 6025.13,Hawthorne,Los Angeles County,California,Hawthorne,62549.0,22672.0,29605.0,18046.0,98147.0,88642.0,,,,,,,,,,,40806.0,12460.0,27921.0,9034.0,$62549,$22672,$29605,$18046,$98147,$88642,,,,,,,,,,,$40806,$12460,$27921,$9034
2020,6037602700,Census Tract 6027,Hawthorne,Los Angeles County,California,Hawthorne,111112.0,40998.0,,,109926.0,41930.0,,,,,,,,,,,142583.0,7406.0,65202.0,63263.0,$111112,$40998,,,$109926,$41930,,,,,,,,,,,$142583,$7406,$65202,$63263
2020,6037603702,Census Tract 6037.02,Hawthorne,Los Angeles County,California,Hawthorne,117768.0,38419.0,112915.0,55878.0,,,,,118311.0,42732.0,,,181098.0,92482.0,,,124925.0,46351.0,111839.0,73825.0,$117768,$38419,$112915,$55878,,,,,$118311,$42732,,,$181098,$92482,,,$124925,$46351,$111839,$73825
2020,6037603703,Census Tract 6037.03,Hawthorne,Los Angeles County,California,Hawthorne,112181.0,25806.0,110765.0,32126.0,141744.0,92993.0,,,137649.0,30450.0,,,102225.0,86141.0,,,119798.0,63812.0,77645.0,23914.0,$112181,$25806,$110765,$32126,$141744,$92993,,,$137649,$30450,,,$102225,$86141,,,$119798,$63812,$77645,$23914
2020,6037603705,Census Tract 6037.05,Hawthorne,Los Angeles County,California,Hawthorne,83331.0,11770.0,84091.0,37526.0,87060.0,13529.0,,,,,,,,,,,,,74675.0,29081.0,$83331,$11770,$84091,$37526,$87060,$13529,,,,,,,,,,,,,$74675,$29081
2021,6037601600,Census Tract 6016,Hawthorne,Los Angeles County,California,Hawthorne,51437.0,22096.0,57308.0,13312.0,,,,,,,,,72581.0,45217.0,28479.0,19350.0,140477.0,138311.0,48125.0,12287.0,$51437,$22096,$57308,$13312,,,,,,,,,$72581,$45217,$28479,$19350,$140477,$138311,$48125,$12287
2021,6037601700,Census Tract 6017,Hawthorne,Los Angeles County,California,Hawthorne,46299.0,17947.0,,,29544.0,17145.0,,,118753.0,68739.0,,,70699.0,30609.0,35962.0,24868.0,,,48231.0,19074.0,$46299,$17947,,,$29544,$17145,,,$118753,$68739,,,$70699,$30609,$35962,$24868,,,$48231,$19074
2021,6037602002,Census Tract 6020.02,Hawthorne,Los Angeles County,California,Hawthorne,77006.0,8823.0,75818.0,31473.0,73464.0,36787.0,,,,,,,66340.0,19443.0,96617.0,1324.0,30675.0,23520.0,82600.0,13874.0,$77006,$8823,$75818,$31473,$73464,$36787,,,,,,,$66340,$19443,$96617,$1324,$30675,$23520,$82600,$13874
2021,6037602103,Census Tract 6021.03,Hawthorne,Los Angeles County,California,Hawthorne,49123.0,19758.0,42963.0,38587.0,47299.0,38659.0,49625.0,43106.0,,,,,31154.0,25806.0,71004.0,4240.0,,,41093.0,22826.0,$49123,$19758,$42963,$38587,$47299,$38659,$49625,$43106,,,,,$31154,$25806,$71004,$4240,,,$41093,$22826
2021,6037602104,Census Tract 6021.04,Hawthorne,Los Angeles County,California,Hawthorne,70709.0,12237.0,70962.0,37583.0,61912.0,21047.0,,,74728.0,41946.0,,,89467.0,36894.0,42459.0,27481.0,,,81927.0,19240.0,$70709,$12237,$70962,$37583,$61912,$21047,,,$74728,$41946,,,$89467,$36894,$42459,$27481,,,$81927,$19240
2021,6037602105,Census Tract 6021.05,Hawthorne,Los Angeles County,California,Hawthorne,61008.0,17925.0,51089.0,27450.0,59998.0,17889.0,,,,,,,65974.0,26637.0,,,67755.0,31821.0,50043.0,33223.0,$61008,$17925,$51089,$27450,$59998,$17889,,,,,,,$65974,$26637,,,$67755,$31821,$50043,$33223
2021,6037602106,Census Tract 6021.06,Hawthorne,Los Angeles County,California,Hawthorne,83699.0,17784.0,81526.0,22823.0,63902.0,31727.0,,,104593.0,38573.0,,,95003.0,51251.0,102507.0,43960.0,93844.0,26057.0,74964.0,30443.0,$83699,$17784,$81526,$22823,$63902,$31727,,,$104593,$38573,,,$95003,$51251,$102507,$43960,$93844,$26057,$74964,$30443
2021,6037602201,Census Tract 6022.01,Hawthorne,Los Angeles County,California,Hawthorne,150026.0,22556.0,155414.0,30852.0,112633.0,80733.0,,,154959.0,34218.0,,,,,132014.0,15514.0,175724.0,30339.0,126719.0,19501.0,$150026,$22556,$155414,$30852,$112633,$80733,,,$154959,$34218,,,,,$132014,$15514,$175724,$30339,$126719,$19501
2021,6037602202,Census Tract 6022.02,Hawthorne,Los Angeles County,California,Hawthorne,100651.0,23115.0,108616.0,53453.0,78566.0,61088.0,,,,,,,130869.0,44334.0,,,122226.0,7220.0,97450.0,29067.0,$100651,$23115,$108616,$53453,$78566,$61088,,,,,,,$130869,$44334,,,$122226,$7220,$97450,$29067
2021,6037602301,Census Tract 6023.01,Hawthorne,Los Angeles County,California,Hawthorne,125524.0,22702.0,138224.0,49835.0,98271.0,67745.0,184130.0,102233.0,130822.0,37350.0,,,127505.0,52055.0,,,149780.0,21770.0,94631.0,28392.0,$125524,$22702,$138224,$49835,$98271,$67745,$184130,$102233,$130822,$37350,,,$127505,$52055,,,$149780,$21770,$94631,$28392
2021,6037602302,Census Tract 6023.02,Hawthorne,Los Angeles County,California,Hawthorne,175193.0,13814.0,171662.0,10206.0,,,,,215784.0,79113.0,,,,,214797.0,117238.0,174673.0,11184.0,145216.0,38884.0,$175193,$13814,$171662,$10206,,,,,$215784,$79113,,,,,$214797,$117238,$174673,$11184,$145216,$38884
2021,6037602402,Census Tract 6024.02,Hawthorne,Los Angeles County,California,Hawthorne,102560.0,14553.0,97815.0,23202.0,88884.0,38542.0,,,154959.0,66545.0,,,74824.0,45998.0,179471.0,74885.0,88778.0,10157.0,112160.0,19780.0,$102560,$14553,$97815,$23202,$88884,$38542,,,$154959,$66545,,,$74824,$45998,$179471,$74885,$88778,$10157,$112160,$19780
2021,6037602403,Census Tract 6024.03,Hawthorne,Los Angeles County,California,Hawthorne,68200.0,15056.0,83707.0,19571.0,51069.0,23573.0,,,154718.0,77090.0,,,65474.0,22669.0,57124.0,52459.0,95743.0,30001.0,74342.0,19646.0,$68200,$15056,$83707,$19571,$51069,$23573,,,$154718,$77090,,,$65474,$22669,$57124,$52459,$95743,$30001,$74342,$19646
2021,6037602404,Census Tract 6024.04,Hawthorne,Los Angeles County,California,Hawthorne,62784.0,15659.0,70818.0,14231.0,49747.0,19803.0,,,,,,,55937.0,36845.0,83513.0,12234.0,97574.0,40594.0,69571.0,22525.0,$62784,$15659,$70818,$14231,$49747,$19803,,,,,,,$55937,$36845,$83513,$12234,$97574,$40594,$69571,$22525
2021,6037602504,Census Tract 6025.04,Hawthorne,Los Angeles County,California,Hawthorne,65791.0,19118.0,53243.0,21431.0,90663.0,23141.0,,,39343.0,7779.0,,,65387.0,19408.0,,,83996.0,73686.0,55441.0,5661.0,$65791,$19118,$53243,$21431,$90663,$23141,,,$39343,$7779,,,$65387,$19408,,,$83996,$73686,$55441,$5661
2021,6037602505,Census Tract 6025.05,Hawthorne,Los Angeles County,California,Hawthorne,60659.0,11808.0,46756.0,23204.0,76712.0,15568.0,,,,,,,58426.0,15780.0,77431.0,63886.0,,,58122.0,22607.0,$60659,$11808,$46756,$23204,$76712,$15568,,,,,,,$58426,$15780,$77431,$63886,,,$58122,$22607
2021,6037602506,Census Tract 6025.06,Hawthorne,Los Angeles County,California,Hawthorne,59963.0,6088.0,49897.0,28948.0,60527.0,5789.0,,,,,,,78365.0,64008.0,51683.0,25457.0,39037.0,8648.0,51979.0,22467.0,$59963,$6088,$49897,$28948,$60527,$5789,,,,,,,$78365,$64008,$51683,$25457,$39037,$8648,$51979,$22467
2021,6037602507,Census Tract 6025.07,Hawthorne,Los Angeles County,California,Hawthorne,63158.0,7289.0,68480.0,40069.0,65050.0,9565.0,,,,,,,47721.0,30870.0,39171.0,2255.0,107734.0,93155.0,45039.0,12536.0,$63158,$7289,$68480,$40069,$65050,$9565,,,,,,,$47721,$30870,$39171,$2255,$107734,$93155,$45039,$12536
2021,6037602510,Census Tract 6025.10,Hawthorne,Los Angeles County,California,Hawthorne,42977.0,19060.0,66779.0,20744.0,32660.0,24332.0,,,,,,,,,,,67342.0,12431.0,89355.0,59013.0,$42977,$19060,$66779,$20744,$32660,$24332,,,,,,,,,,,$67342,$12431,$89355,$59013
2021,6037602511,Census Tract 6025.11,Hawthorne,Los Angeles County,California,Hawthorne,59747.0,20075.0,,,59310.0,24593.0,,,,,,,,,,,,,64560.0,53357.0,$59747,$20075,,,$59310,$24593,,,,,,,,,,,,,$64560,$53357
2021,6037602513,Census Tract 6025.13,Hawthorne,Los Angeles County,California,Hawthorne,58673.0,33925.0,,,66928.0,24248.0,,,,,,,28145.0,24705.0,,,,,30334.0,23717.0,$58673,$33925,,,$66928,$24248,,,,,,,$28145,$24705,,,,,$30334,$23717
2021,6037602700,Census Tract 6027,Hawthorne,Los Angeles County,California,Hawthorne,112703.0,28033.0,140684.0,16154.0,111604.0,16749.0,,,,,,,,,,,173882.0,71048.0,,,$112703,$28033,$140684,$16154,$111604,$16749,,,,,,,,,,,$173882,$71048,,
2021,6037603702,Census Tract 6037.02,Hawthorne,Los Angeles County,California,Hawthorne,130273.0,20793.0,122374.0,41851.0,,,,,131787.0,30644.0,,,156262.0,85898.0,,,124443.0,41617.0,136132.0,35280.0,$130273,$20793,$122374,$41851,,,,,$131787,$30644,,,$156262,$85898,,,$124443,$41617,$136132,$35280
2021,6037603703,Census Tract 6037.03,Hawthorne,Los Angeles County,California,Hawthorne,110831.0,19137.0,119281.0,29155.0,,,,,129615.0,35788.0,,,102582.0,23649.0,,,146994.0,72976.0,77424.0,27599.0,$110831,$19137,$119281,$29155,,,,,$129615,$35788,,,$102582,$23649,,,$146994,$72976,$77424,$27599
2021,6037603705,Census Tract 6037.05,Hawthorne,Los Angeles County,California,Hawthorne,79463.0,6549.0,85615.0,76259.0,80376.0,9193.0,,,,,,,76952.0,65114.0,76594.0,58510.0,134854.0,84730.0,77509.0,10498.0,$79463,$6549,$85615,$76259,$80376,$9193,,,,,,,$76952,$65114,$76594,$58510,$134854,$84730,$77509,$10498
2022,6037601600,Census Tract 6016,Hawthorne,Los Angeles County,California,Hawthorne,50343.0,36003.0,65955.0,16542.0,,,,,244291.0,232446.0,,,50684.0,46910.0,29231.0,27950.0,195822.0,124592.0,47563.0,12669.0,$50343,$36003,$65955,$16542,,,,,$244291,$232446,,,$50684,$46910,$29231,$27950,$195822,$124592,$47563,$12669
2022,6037601700,Census Tract 6017,Hawthorne,Los Angeles County,California,Hawthorne,52755.0,22515.0,65889.0,36784.0,,,,,119242.0,69018.0,,,69727.0,25607.0,37011.0,11461.0,,,50790.0,20822.0,$52755,$22515,$65889,$36784,,,,,$119242,$69018,,,$69727,$25607,$37011,$11461,,,$50790,$20822
2022,6037602002,Census Tract 6020.02,Hawthorne,Los Angeles County,California,Hawthorne,77261.0,10641.0,77172.0,59420.0,49992.0,39554.0,,,121118.0,45308.0,,,79048.0,22131.0,94638.0,29851.0,30511.0,4099.0,91568.0,12482.0,$77261,$10641,$77172,$59420,$49992,$39554,,,$121118,$45308,,,$79048,$22131,$94638,$29851,$30511,$4099,$91568,$12482
2022,6037602103,Census Tract 6021.03,Hawthorne,Los Angeles County,California,Hawthorne,40529.0,27886.0,37222.0,30574.0,25916.0,17273.0,49238.0,39040.0,145488.0,17050.0,,,,,77747.0,17516.0,,,42371.0,30196.0,$40529,$27886,$37222,$30574,$25916,$17273,$49238,$39040,$145488,$17050,,,,,$77747,$17516,,,$42371,$30196
2022,6037602104,Census Tract 6021.04,Hawthorne,Los Angeles County,California,Hawthorne,73421.0,12584.0,81728.0,40307.0,64063.0,17405.0,,,,,,,81259.0,21828.0,65487.0,56224.0,,,84407.0,19994.0,$73421,$12584,$81728,$40307,$64063,$17405,,,,,,,$81259,$21828,$65487,$56224,,,$84407,$19994
2022,6037602105,Census Tract 6021.05,Hawthorne,Los Angeles County,California,Hawthorne,60362.0,12306.0,63640.0,35175.0,45240.0,32599.0,,,,,,,73095.0,18095.0,84918.0,77764.0,67836.0,34806.0,73038.0,26055.0,$60362,$12306,$63640,$35175,$45240,$32599,,,,,,,$73095,$18095,$84918,$77764,$67836,$34806,$73038,$26055
2022,6037602106,Census Tract 6021.06,Hawthorne,Los Angeles County,California,Hawthorne,84132.0,14965.0,84605.0,17030.0,73494.0,48838.0,,,95963.0,29098.0,,,77458.0,42324.0,80189.0,47246.0,85183.0,28256.0,77980.0,12192.0,$84132,$14965,$84605,$17030,$73494,$48838,,,$95963,$29098,,,$77458,$42324,$80189,$47246,$85183,$28256,$77980,$12192
2022,6037602201,Census Tract 6022.01,Hawthorne,Los Angeles County,California,Hawthorne,140711.0,25823.0,156028.0,11715.0,,,,,135878.0,48167.0,,,,,111497.0,33737.0,175367.0,36682.0,129769.0,35901.0,$140711,$25823,$156028,$11715,,,,,$135878,$48167,,,,,$111497,$33737,$175367,$36682,$129769,$35901
2022,6037602202,Census Tract 6022.02,Hawthorne,Los Angeles County,California,Hawthorne,97614.0,15791.0,109321.0,39173.0,67258.0,51419.0,,,179762.0,112971.0,,,98155.0,50830.0,94162.0,10022.0,124619.0,23817.0,96932.0,20447.0,$97614,$15791,$109321,$39173,$67258,$51419,,,$179762,$112971,,,$98155,$50830,$94162,$10022,$124619,$23817,$96932,$20447
2022,6037602301,Census Tract 6023.01,Hawthorne,Los Angeles County,California,Hawthorne,136059.0,24626.0,148588.0,23360.0,127332.0,67697.0,183831.0,104986.0,131747.0,40765.0,,,112245.0,63041.0,,,161754.0,78741.0,94530.0,48426.0,$136059,$24626,$148588,$23360,$127332,$67697,$183831,$104986,$131747,$40765,,,$112245,$63041,,,$161754,$78741,$94530,$48426
2022,6037602302,Census Tract 6023.02,Hawthorne,Los Angeles County,California,Hawthorne,174920.0,15165.0,169546.0,10435.0,,,,,183374.0,95998.0,,,255604.0,142509.0,215526.0,131457.0,175141.0,12698.0,149388.0,58793.0,$174920,$15165,$169546,$10435,,,,,$183374,$95998,,,$255604,$142509,$215526,$131457,$175141,$12698,$149388,$58793
2022,6037602402,Census Tract 6024.02,Hawthorne,Los Angeles County,California,Hawthorne,112048.0,12206.0,111954.0,19022.0,100083.0,24615.0,,,112051.0,76160.0,,,99074.0,18877.0,177219.0,94556.0,99145.0,30379.0,116935.0,39642.0,$112048,$12206,$111954,$19022,$100083,$24615,,,$112051,$76160,,,$99074,$18877,$177219,$94556,$99145,$30379,$116935,$39642
2022,6037602403,Census Tract 6024.03,Hawthorne,Los Angeles County,California,Hawthorne,78459.0,25909.0,84459.0,14729.0,49865.0,31662.0,,,89625.0,70589.0,,,86417.0,72045.0,75476.0,48426.0,97671.0,29356.0,79289.0,21504.0,$78459,$25909,$84459,$14729,$49865,$31662,,,$89625,$70589,,,$86417,$72045,$75476,$48426,$97671,$29356,$79289,$21504
2022,6037602404,Census Tract 6024.04,Hawthorne,Los Angeles County,California,Hawthorne,67269.0,17177.0,70313.0,15807.0,54366.0,12522.0,,,,,,,57504.0,34588.0,81430.0,7190.0,103031.0,43040.0,70543.0,15932.0,$67269,$17177,$70313,$15807,$54366,$12522,,,,,,,$57504,$34588,$81430,$7190,$103031,$43040,$70543,$15932
2022,6037602504,Census Tract 6025.04,Hawthorne,Los Angeles County,California,Hawthorne,64693.0,13822.0,53663.0,7560.0,91267.0,19061.0,,,40015.0,5682.0,,,68330.0,7463.0,,,,,59729.0,7731.0,$64693,$13822,$53663,$7560,$91267,$19061,,,$40015,$5682,,,$68330,$7463,,,,,$59729,$7731
2022,6037602505,Census Tract 6025.05,Hawthorne,Los Angeles County,California,Hawthorne,67794.0,18201.0,62407.0,22517.0,73466.0,35321.0,,,,,,,62588.0,15831.0,96976.0,26457.0,60291.0,18997.0,68223.0,22595.0,$67794,$18201,$62407,$22517,$73466,$35321,,,,,,,$62588,$15831,$96976,$26457,$60291,$18997,$68223,$22595
2022,6037602506,Census Tract 6025.06,Hawthorne,Los Angeles County,California,Hawthorne,61280.0,9794.0,60432.0,20898.0,59895.0,16906.0,,,114050.0,91654.0,,,84695.0,23732.0,59079.0,38058.0,40146.0,8659.0,60425.0,22250.0,$61280,$9794,$60432,$20898,$59895,$16906,,,$114050,$91654,,,$84695,$23732,$59079,$38058,$40146,$8659,$60425,$22250
2022,6037602507,Census Tract 6025.07,Hawthorne,Los Angeles County,California,Hawthorne,61966.0,6298.0,66474.0,42486.0,62256.0,8339.0,,,118070.0,96018.0,,,52564.0,33282.0,38854.0,9747.0,,,52029.0,16251.0,$61966,$6298,$66474,$42486,$62256,$8339,,,$118070,$96018,,,$52564,$33282,$38854,$9747,,,$52029,$16251
2022,6037602510,Census Tract 6025.10,Hawthorne,Los Angeles County,California,Hawthorne,47180.0,17751.0,81652.0,28691.0,32330.0,31815.0,35687.0,7524.0,,,,,68598.0,65251.0,,,,,60887.0,49669.0,$47180,$17751,$81652,$28691,$32330,$31815,$35687,$7524,,,,,$68598,$65251,,,,,$60887,$49669
2022,6037602511,Census Tract 6025.11,Hawthorne,Los Angeles County,California,Hawthorne,57766.0,21369.0,66442.0,49398.0,57663.0,22814.0,,,,,,,46711.0,31258.0,,,,,51656.0,43306.0,$57766,$21369,$66442,$49398,$57663,$22814,,,,,,,$46711,$31258,,,,,$51656,$43306
2022,6037602513,Census Tract 6025.13,Hawthorne,Los Angeles County,California,Hawthorne,,,,,37177.0,35519.0,,,,,,,,,,,,,,,,,,,$37177,$35519,,,,,,,,,,,,,,
2022,6037602700,Census Tract 6027,Hawthorne,Los Angeles County,California,Hawthorne,137313.0,22385.0,171889.0,62877.0,113842.0,29766.0,,,,,,,,,137630.0,65310.0,172992.0,38949.0,138093.0,41354.0,$137313,$22385,$171889,$62877,$113842,$29766,,,,,,,,,$137630,$65310,$172992,$38949,$138093,$41354
2022,6037603702,Census Tract 6037.02,Hawthorne,Los Angeles County,California,Hawthorne,121252.0,25680.0,107184.0,33400.0,,,,,111714.0,32884.0,,,163903.0,47716.0,,,109133.0,42453.0,136144.0,38766.0,$121252,$25680,$107184,$33400,,,,,$111714,$32884,,,$163903,$47716,,,$109133,$42453,$136144,$38766
2022,6037603703,Census Tract 6037.03,Hawthorne,Los Angeles County,California,Hawthorne,125759.0,21459.0,145770.0,42699.0,140902.0,64726.0,,,119050.0,53980.0,,,110679.0,3780.0,77931.0,69440.0,185562.0,59660.0,102207.0,34924.0,$125759,$21459,$145770,$42699,$140902,$64726,,,$119050,$53980,,,$110679,$3780,$77931,$69440,$185562,$59660,$102207,$34924
2022,6037603705,Census Tract 6037.05,Hawthorne,Los Angeles County,California,Hawthorne,79835.0,10054.0,128007.0,50359.0,79281.0,14121.0,,,2679.0,,,,93005.0,70755.0,,,133846.0,75411.0,77682.0,36728.0,$79835,$10054,$128007,$50359,$79281,$14121,,,$2679,,,,$93005,$70755,,,$133846,$75411,$77682,$36728
2023,6037601600,Census Tract 6016,Hawthorne,Los Angeles County,California,Hawthorne,50618.0,24532.0,60798.0,26912.0,,,,,246301.0,124849.0,,,50143.0,19371.0,47042.0,42250.0,195968.0,174598.0,48669.0,8275.0,$50618,$24532,$60798,$26912,,,,,$246301,$124849,,,$50143,$19371,$47042,$42250,$195968,$174598,$48669,$8275
2023,6037601700,Census Tract 6017,Hawthorne,Los Angeles County,California,Hawthorne,47194.0,10997.0,47276.0,31775.0,,,,,97740.0,94205.0,,,64208.0,28747.0,38212.0,11809.0,,,46306.0,5837.0,$47194,$10997,$47276,$31775,,,,,$97740,$94205,,,$64208,$28747,$38212,$11809,,,$46306,$5837
2023,6037602002,Census Tract 6020.02,Hawthorne,Los Angeles County,California,Hawthorne,79616.0,10254.0,,,73267.0,29568.0,,,121209.0,37898.0,,,81224.0,18857.0,95269.0,13276.0,31407.0,9448.0,84402.0,10931.0,$79616,$10254,,,$73267,$29568,,,$121209,$37898,,,$81224,$18857,$95269,$13276,$31407,$9448,$84402,$10931
2023,6037602103,Census Tract 6021.03,Hawthorne,Los Angeles County,California,Hawthorne,37459.0,25341.0,37932.0,32314.0,28494.0,7429.0,,,,,,,52533.0,30495.0,71862.0,36287.0,,,51824.0,29616.0,$37459,$25341,$37932,$32314,$28494,$7429,,,,,,,$52533,$30495,$71862,$36287,,,$51824,$29616
2023,6037602104,Census Tract 6021.04,Hawthorne,Los Angeles County,California,Hawthorne,71849.0,13257.0,64256.0,32388.0,74952.0,37945.0,,,,,,,86725.0,37362.0,64980.0,60964.0,,,71505.0,29837.0,$71849,$13257,$64256,$32388,$74952,$37945,,,,,,,$86725,$37362,$64980,$60964,,,$71505,$29837
2023,6037602105,Census Tract 6021.05,Hawthorne,Los Angeles County,California,Hawthorne,60410.0,15137.0,62020.0,28122.0,59320.0,51130.0,,,,,,,55660.0,22244.0,108342.0,70189.0,56340.0,49895.0,71092.0,32625.0,$60410,$15137,$62020,$28122,$59320,$51130,,,,,,,$55660,$22244,$108342,$70189,$56340,$49895,$71092,$32625
2023,6037602106,Census Tract 6021.06,Hawthorne,Los Angeles County,California,Hawthorne,83671.0,7858.0,83978.0,21863.0,77034.0,40942.0,,,88931.0,41192.0,,,77526.0,25201.0,84836.0,45247.0,98864.0,84089.0,78318.0,9392.0,$83671,$7858,$83978,$21863,$77034,$40942,,,$88931,$41192,,,$77526,$25201,$84836,$45247,$98864,$84089,$78318,$9392
2023,6037602201,Census Tract 6022.01,Hawthorne,Los Angeles County,California,Hawthorne,150521.0,20921.0,154348.0,37644.0,111993.0,79294.0,,,155615.0,45824.0,,,,,130245.0,28784.0,172119.0,27074.0,149639.0,39377.0,$150521,$20921,$154348,$37644,$111993,$79294,,,$155615,$45824,,,,,$130245,$28784,$172119,$27074,$149639,$39377
2023,6037602202,Census Tract 6022.02,Hawthorne,Los Angeles County,California,Hawthorne,83821.0,20990.0,111088.0,76063.0,65623.0,33124.0,,,180533.0,168146.0,,,90714.0,59411.0,83546.0,19315.0,124796.0,52978.0,68983.0,15640.0,$83821,$20990,$111088,$76063,$65623,$33124,,,$180533,$168146,,,$90714,$59411,$83546,$19315,$124796,$52978,$68983,$15640
2023,6037602301,Census Tract 6023.01,Hawthorne,Los Angeles County,California,Hawthorne,131988.0,27135.0,138838.0,43024.0,,,183955.0,66497.0,131503.0,82878.0,,,141921.0,90153.0,,,163235.0,43171.0,70711.0,34398.0,$131988,$27135,$138838,$43024,,,$183955,$66497,$131503,$82878,,,$141921,$90153,,,$163235,$43171,$70711,$34398
2023,6037602302,Census Tract 6023.02,Hawthorne,Los Angeles County,California,Hawthorne,177153.0,14872.0,167918.0,16053.0,,,,,234331.0,80999.0,,,256150.0,50268.0,167085.0,86327.0,175638.0,14744.0,165164.0,75336.0,$177153,$14872,$167918,$16053,,,,,$234331,$80999,,,$256150,$50268,$167085,$86327,$175638,$14744,$165164,$75336
2023,6037602402,Census Tract 6024.02,Hawthorne,Los Angeles County,California,Hawthorne,111552.0,15724.0,112561.0,39380.0,,,,,,,,,99147.0,25128.0,131460.0,74087.0,112305.0,69667.0,111647.0,14487.0,$111552,$15724,$112561,$39380,,,,,,,,,$99147,$25128,$131460,$74087,$112305,$69667,$111647,$14487
2023,6037602403,Census Tract 6024.03,Hawthorne,Los Angeles County,California,Hawthorne,78527.0,13316.0,85652.0,13913.0,49646.0,35039.0,,,88609.0,70289.0,,,86425.0,50025.0,73716.0,30800.0,109085.0,39952.0,79520.0,10753.0,$78527,$13316,$85652,$13913,$49646,$35039,,,$88609,$70289,,,$86425,$50025,$73716,$30800,$109085,$39952,$79520,$10753
2023,6037602404,Census Tract 6024.04,Hawthorne,Los Angeles County,California,Hawthorne,69726.0,13924.0,68128.0,41416.0,65726.0,26719.0,,,60190.0,47515.0,,,54232.0,23301.0,82303.0,18869.0,104347.0,55023.0,69424.0,29014.0,$69726,$13924,$68128,$41416,$65726,$26719,,,$60190,$47515,,,$54232,$23301,$82303,$18869,$104347,$55023,$69424,$29014
2023,6037602504,Census Tract 6025.04,Hawthorne,Los Angeles County,California,Hawthorne,61386.0,16105.0,38127.0,32782.0,90714.0,19071.0,,,38950.0,2692.0,,,67682.0,9929.0,47180.0,12730.0,134049.0,82530.0,56072.0,9865.0,$61386,$16105,$38127,$32782,$90714,$19071,,,$38950,$2692,,,$67682,$9929,$47180,$12730,$134049,$82530,$56072,$9865
2023,6037602505,Census Tract 6025.05,Hawthorne,Los Angeles County,California,Hawthorne,69233.0,11456.0,65722.0,39382.0,74505.0,18700.0,,,,,,,60605.0,17290.0,97959.0,31044.0,62620.0,51600.0,68089.0,12152.0,$69233,$11456,$65722,$39382,$74505,$18700,,,,,,,$60605,$17290,$97959,$31044,$62620,$51600,$68089,$12152
2023,6037602506,Census Tract 6025.06,Hawthorne,Los Angeles County,California,Hawthorne,62354.0,12848.0,44463.0,15576.0,61053.0,21808.0,,,143727.0,26401.0,,,76213.0,24970.0,50665.0,29639.0,45655.0,21496.0,,,$62354,$12848,$44463,$15576,$61053,$21808,,,$143727,$26401,,,$76213,$24970,$50665,$29639,$45655,$21496,,
2023,6037602507,Census Tract 6025.07,Hawthorne,Los Angeles County,California,Hawthorne,52788.0,7739.0,,,57259.0,10608.0,,,118467.0,101510.0,,,50666.0,2637.0,39381.0,10043.0,,,49864.0,6202.0,$52788,$7739,,,$57259,$10608,,,$118467,$101510,,,$50666,$2637,$39381,$10043,,,$49864,$6202
2023,6037602510,Census Tract 6025.10,Hawthorne,Los Angeles County,California,Hawthorne,54594.0,18789.0,61704.0,25529.0,51271.0,42052.0,36800.0,9483.0,,,,,49238.0,39126.0,,,,,49325.0,18268.0,$54594,$18789,$61704,$25529,$51271,$42052,$36800,$9483,,,,,$49238,$39126,,,,,$49325,$18268
2023,6037602511,Census Tract 6025.11,Hawthorne,Los Angeles County,California,Hawthorne,49580.0,12395.0,79894.0,64457.0,49631.0,23714.0,,,45153.0,21761.0,,,46937.0,23639.0,,,,,50182.0,12879.0,$49580,$12395,$79894,$64457,$49631,$23714,,,$45153,$21761,,,$46937,$23639,,,,,$50182,$12879
2023,6037602513,Census Tract 6025.13,Hawthorne,Los Angeles County,California,Hawthorne,67832.0,13508.0,,,56560.0,29902.0,,,,,,,116920.0,62114.0,,,77571.0,45681.0,101651.0,71235.0,$67832,$13508,,,$56560,$29902,,,,,,,$116920,$62114,,,$77571,$45681,$101651,$71235
2023,6037602700,Census Tract 6027,Hawthorne,Los Angeles County,California,Hawthorne,122198.0,30298.0,175362.0,26168.0,107879.0,28144.0,,,171778.0,162767.0,,,,,88289.0,87051.0,177854.0,37251.0,136908.0,110296.0,$122198,$30298,$175362,$26168,$107879,$28144,,,$171778,$162767,,,,,$88289,$87051,$177854,$37251,$136908,$110296
2023,6037603702,Census Tract 6037.02,Hawthorne,Los Angeles County,California,Hawthorne,116798.0,19318.0,100365.0,27538.0,,,,,108358.0,55457.0,,,169271.0,28726.0,215912.0,137005.0,105769.0,25161.0,156337.0,32960.0,$116798,$19318,$100365,$27538,,,,,$108358,$55457,,,$169271,$28726,$215912,$137005,$105769,$25161,$156337,$32960
2023,6037603703,Census Tract 6037.03,Hawthorne,Los Angeles County,California,Hawthorne,126211.0,20230.0,153978.0,42961.0,142505.0,36093.0,,,84189.0,53208.0,,,111026.0,11939.0,66542.0,27615.0,176925.0,55452.0,99078.0,31524.0,$126211,$20230,$153978,$42961,$142505,$36093,,,$84189,$53208,,,$111026,$11939,$66542,$27615,$176925,$55452,$99078,$31524
2023,6037603705,Census Tract 6037.05,Hawthorne,Los Angeles County,California,Hawthorne,77785.0,6068.0,132103.0,68482.0,70270.0,16395.0,,,,,,,81836.0,36273.0,78776.0,74777.0,132884.0,31115.0,78490.0,16088.0,$77785,$6068,$132103,$68482,$70270,$16395,,,,,,,$81836,$36273,$78776,$74777,$132884,$31115,$78490,$16088
2024,6037601600,Census Tract 6016,Hawthorne,Los Angeles County,California,Hawthorne,51250.0,41870.0,,,,,,,,,,,49333.0,39315.0,45844.0,39927.0,198221.0,141308.0,46671.0,27893.0,$51250,$41870,,,,,,,,,,,$49333,$39315,$45844,$39927,$198221,$141308,$46671,$27893
2024,6037601700,Census Tract 6017,Hawthorne,Los Angeles County,California,Hawthorne,52938.0,14062.0,66700.0,58358.0,,,,,140203.0,87544.0,,,65368.0,22550.0,37121.0,12325.0,65400.0,54184.0,49185.0,11692.0,$52938,$14062,$66700,$58358,,,,,$140203,$87544,,,$65368,$22550,$37121,$12325,$65400,$54184,$49185,$11692
2024,6037602002,Census Tract 6020.02,Hawthorne,Los Angeles County,California,Hawthorne,82770.0,16731.0,,,72917.0,30831.0,121250.0,76213.0,111458.0,36571.0,,,84150.0,16689.0,84750.0,72965.0,,,92740.0,19925.0,$82770,$16731,,,$72917,$30831,$121250,$76213,$111458,$36571,,,$84150,$16689,$84750,$72965,,,$92740,$19925
2024,6037602103,Census Tract 6021.03,Hawthorne,Los Angeles County,California,Hawthorne,56660.0,10083.0,71488.0,70108.0,28697.0,16208.0,,,,,,,52009.0,9139.0,79356.0,13986.0,,,65862.0,19555.0,$56660,$10083,$71488,$70108,$28697,$16208,,,,,,,$52009,$9139,$79356,$13986,,,$65862,$19555
2024,6037602104,Census Tract 6021.04,Hawthorne,Los Angeles County,California,Hawthorne,71959.0,17772.0,,,73869.0,38380.0,,,,,,,93077.0,34447.0,,,2499.0,,76250.0,35649.0,$71959,$17772,,,$73869,$38380,,,,,,,$93077,$34447,,,$2499,,$76250,$35649
2024,6037602105,Census Tract 6021.05,Hawthorne,Los Angeles County,California,Hawthorne,64276.0,13127.0,68333.0,33999.0,60890.0,50236.0,109196.0,43166.0,,,,,53226.0,13083.0,82759.0,50857.0,112143.0,92865.0,62904.0,17365.0,$64276,$13127,$68333,$33999,$60890,$50236,$109196,$43166,,,,,$53226,$13083,$82759,$50857,$112143,$92865,$62904,$17365
2024,6037602106,Census Tract 6021.06,Hawthorne,Los Angeles County,California,Hawthorne,84431.0,9950.0,115833.0,32581.0,48650.0,23637.0,,,89607.0,42652.0,,,76133.0,28319.0,84382.0,39963.0,156620.0,87440.0,79867.0,8144.0,$84431,$9950,$115833,$32581,$48650,$23637,,,$89607,$42652,,,$76133,$28319,$84382,$39963,$156620,$87440,$79867,$8144
2024,6037602201,Census Tract 6022.01,Hawthorne,Los Angeles County,California,Hawthorne,141857.0,19572.0,146058.0,20783.0,,,,,156667.0,83625.0,,,,,131386.0,30621.0,145962.0,17998.0,132105.0,53328.0,$141857,$19572,$146058,$20783,,,,,$156667,$83625,,,,,$131386,$30621,$145962,$17998,$132105,$53328
2024,6037602202,Census Tract 6022.02,Hawthorne,Los Angeles County,California,Hawthorne,81719.0,26844.0,123526.0,47365.0,78833.0,54114.0,,,,,,,90781.0,57327.0,59536.0,17556.0,123718.0,37660.0,59476.0,9866.0,$81719,$26844,$123526,$47365,$78833,$54114,,,,,,,$90781,$57327,$59536,$17556,$123718,$37660,$59476,$9866
2024,6037602301,Census Tract 6023.01,Hawthorne,Los Angeles County,California,Hawthorne,130163.0,26548.0,138864.0,44596.0,,,183056.0,162823.0,125577.0,36996.0,,,86250.0,72155.0,,,225139.0,141214.0,91023.0,43267.0,$130163,$26548,$138864,$44596,,,$183056,$162823,$125577,$36996,,,$86250,$72155,,,$225139,$141214,$91023,$43267
2024,6037602302,Census Tract 6023.02,Hawthorne,Los Angeles County,California,Hawthorne,176066.0,17749.0,144779.0,36606.0,,,,,232887.0,57385.0,,,,,167059.0,82370.0,155313.0,38060.0,185446.0,122161.0,$176066,$17749,$144779,$36606,,,,,$232887,$57385,,,,,$167059,$82370,$155313,$38060,$185446,$122161
2024,6037602402,Census Tract 6024.02,Hawthorne,Los Angeles County,California,Hawthorne,102917.0,23703.0,121964.0,59505.0,,,,,108750.0,87690.0,,,81400.0,37874.0,133214.0,102531.0,133679.0,27191.0,98205.0,16500.0,$102917,$23703,$121964,$59505,,,,,$108750,$87690,,,$81400,$37874,$133214,$102531,$133679,$27191,$98205,$16500
2024,6037602403,Census Tract 6024.03,Hawthorne,Los Angeles County,California,Hawthorne,74883.0,18089.0,99125.0,43435.0,54661.0,33525.0,,,88158.0,59885.0,,,84205.0,77056.0,73711.0,33945.0,,,80852.0,16853.0,$74883,$18089,$99125,$43435,$54661,$33525,,,$88158,$59885,,,$84205,$77056,$73711,$33945,,,$80852,$16853
2024,6037602404,Census Tract 6024.04,Hawthorne,Los Angeles County,California,Hawthorne,56165.0,11362.0,38786.0,17116.0,46855.0,8993.0,,,43611.0,10122.0,,,56287.0,43882.0,81250.0,9617.0,,,69245.0,19286.0,$56165,$11362,$38786,$17116,$46855,$8993,,,$43611,$10122,,,$56287,$43882,$81250,$9617,,,$69245,$19286
2024,6037602504,Census Tract 6025.04,Hawthorne,Los Angeles County,California,Hawthorne,64984.0,19849.0,96442.0,86105.0,89095.0,39044.0,,,42045.0,12229.0,,,63902.0,13386.0,45848.0,16102.0,135045.0,37883.0,57563.0,9462.0,$64984,$19849,$96442,$86105,$89095,$39044,,,$42045,$12229,,,$63902,$13386,$45848,$16102,$135045,$37883,$57563,$9462
2024,6037602505,Census Tract 6025.05,Hawthorne,Los Angeles County,California,Hawthorne,66250.0,13306.0,64471.0,43796.0,61935.0,24128.0,,,,,,,48824.0,24295.0,88967.0,21651.0,,,64567.0,30342.0,$66250,$13306,$64471,$43796,$61935,$24128,,,,,,,$48824,$24295,$88967,$21651,,,$64567,$30342
2024,6037602506,Census Tract 6025.06,Hawthorne,Los Angeles County,California,Hawthorne,76826.0,16072.0,43042.0,14861.0,84911.0,53155.0,,,,,,,82850.0,14354.0,60385.0,57980.0,44250.0,20930.0,75179.0,21652.0,$76826,$16072,$43042,$14861,$84911,$53155,,,,,,,$82850,$14354,$60385,$57980,$44250,$20930,$75179,$21652
2024,6037602507,Census Tract 6025.07,Hawthorne,Los Angeles County,California,Hawthorne,51446.0,9596.0,93482.0,32339.0,46763.0,13248.0,,,,,,,52440.0,17036.0,39631.0,24549.0,,,51164.0,12161.0,$51446,$9596,$93482,$32339,$46763,$13248,,,,,,,$52440,$17036,$39631,$24549,,,$51164,$12161
2024,6037602510,Census Tract 6025.10,Hawthorne,Los Angeles County,California,Hawthorne,47231.0,14177.0,,,45833.0,41376.0,36250.0,14488.0,,,,,46250.0,38243.0,,,,,47348.0,34081.0,$47231,$14177,,,$45833,$41376,$36250,$14488,,,,,$46250,$38243,,,,,$47348,$34081
2024,6037602511,Census Tract 6025.11,Hawthorne,Los Angeles County,California,Hawthorne,57625.0,19125.0,81346.0,66078.0,54871.0,20835.0,,,47375.0,30858.0,,,49185.0,42123.0,78380.0,65064.0,,,78264.0,25562.0,$57625,$19125,$81346,$66078,$54871,$20835,,,$47375,$30858,,,$49185,$42123,$78380,$65064,,,$78264,$25562
2024,6037602513,Census Tract 6025.13,Hawthorne,Los Angeles County,California,Hawthorne,66406.0,20436.0,73750.0,31872.0,55083.0,36498.0,,,,,,,105313.0,68007.0,,,73750.0,62585.0,76953.0,59188.0,$66406,$20436,$73750,$31872,$55083,$36498,,,,,,,$105313,$68007,,,$73750,$62585,$76953,$59188
2024,6037602700,Census Tract 6027,Hawthorne,Los Angeles County,California,Hawthorne,114702.0,38778.0,193333.0,129205.0,84167.0,36090.0,,,198750.0,146310.0,,,,,138150.0,56895.0,193333.0,129763.0,138650.0,93821.0,$114702,$38778,$193333,$129205,$84167,$36090,,,$198750,$146310,,,,,$138150,$56895,$193333,$129763,$138650,$93821
2024,6037603702,Census Tract 6037.02,Hawthorne,Los Angeles County,California,Hawthorne,111845.0,28324.0,96094.0,12734.0,,,170372.0,83445.0,125536.0,60618.0,,,168284.0,10951.0,215345.0,180894.0,98527.0,14797.0,166125.0,62556.0,$111845,$28324,$96094,$12734,,,$170372,$83445,$125536,$60618,,,$168284,$10951,$215345,$180894,$98527,$14797,$166125,$62556
2024,6037603703,Census Tract 6037.03,Hawthorne,Los Angeles County,California,Hawthorne,131023.0,31358.0,158125.0,40495.0,143889.0,61161.0,,,107981.0,55028.0,,,110263.0,11431.0,59792.0,29613.0,162750.0,29234.0,76957.0,38579.0,$131023,$31358,$158125,$40495,$143889,$61161,,,$107981,$55028,,,$110263,$11431,$59792,$29613,$162750,$29234,$76957,$38579
2024,6037603705,Census Tract 6037.05,Hawthorne,Los Angeles County,California,Hawthorne,76622.0,13523.0,133958.0,52777.0,41301.0,18417.0,,,,,,,95824.0,21710.0,79167.0,43514.0,134688.0,72242.0,95133.0,26015.0,$76622,$13523,$133958,$52777,$41301,$18417,,,,,,,$95824,$21710,$79167,$43514,$134688,$72242,$95133,$26015
