YEAR,GEO_ID,TRACT,CITY,COUNTY,STATE,ABBREV_NAME,B19013_001E,B19013_001M,B19013A_001E,B19013A_001M,B19013B_001E,B19013B_001M,B19013C_001E,B19013C_001M,B19013D_001E,B19013D_001M,B19013E_001E,B19013E_001M,B19013F_001E,B19013F_001M,B19013G_001E,B19013G_001M,B19013H_001E,B19013H_001M,B19013I_001E,B19013I_001M,B19013_001E_string,B19013_001M_string,B19013A_001E_string,B19013A_001M_string,B19013B_001E_string,B19013B_001M_string,B19013C_001E_string,B19013C_001M_string,B19013D_001E_string,B19013D_001M_string,B19013E_001E_string,B19013E_001M_string,B19013F_001E_string,B19013F_001M_string,B19013G_001E_string,B19013G_001M_string,B19013H_001E_string,B19013H_001M_string,B19013I_001E_string,B19013I_001M_string
2010,6037600501,Census Tract 6005.01,Inglewood,Los Angeles County,California,Inglewood,94429.0,19460.0,,,81921.0,27108.0,,,,,,,117675.0,9914.0,,,,,117167.0,15206.0,$94429,$19460,,,$81921,$27108,,,,,,,$117675,$9914,,,,,$117167,$15206
2010,6037600502,Census Tract 6005.02,Inglewood,Los Angeles County,California,Inglewood,77283.0,33873.0,123331.0,13052.0,64718.0,32595.0,,,94826.0,31405.0,,,53817.0,5034.0,,,,,87903.0,81719.0,$77283,$33873,$123331,$13052,$64718,$32595,,,$94826,$31405,,,$53817,$5034,,,,,$87903,$81719
2010,6037600601,Census Tract 6006.01,Inglewood,Los Angeles County,California,Inglewood,87590.0,21109.0,,,89048.0,19873.0,,,,,,,53510.0,131126.0,64538.0,416630.0,,,68996.0,55302.0,$87590,$21109,,,$89048,$19873,,,,,,,$53510,$131126,$64538,$416630,,,$68996,$55302
2010,6037600602,Census Tract 6006.02,Inglewood,Los Angeles County,California,Inglewood,44097.0,18736.0,47997.0,98025.0,51604.0,17929.0,,,85279.0,21015.0,,,31596.0,8161.0,,,,,32818.0,8339.0,$44097,$18736,$47997,$98025,$51604,$17929,,,$85279,$21015,,,$31596,$8161,,,,,$32818,$8339
2010,6037600702,Census Tract 6007.02,Inglewood,Los Angeles County,California,Inglewood,106860.0,16940.0,64138.0,91184.0,109535.0,15185.0,,,,,,,16188.0,128607.0,253297.0,327670.0,,,63009.0,23718.0,$106860,$16940,$64138,$91184,$109535,$15185,,,,,,,$16188,$128607,$253297,$327670,,,$63009,$23718
2010,6037600703,Census Tract 6007.03,Inglewood,Los Angeles County,California,Inglewood,95812.0,19248.0,200170.0,123420.0,98385.0,18169.0,,,,,,,,,74950.0,33457.0,199842.0,202409.0,,,$95812,$19248,$200170,$123420,$98385,$18169,,,,,,,,,$74950,$33457,$199842,$202409,,
2010,6037600704,Census Tract 6007.04,Inglewood,Los Angeles County,California,Inglewood,78433.0,13003.0,77810.0,135021.0,78096.0,21278.0,,,,,,,78395.0,32904.0,,,76906.0,74210.0,78705.0,45126.0,$78433,$13003,$77810,$135021,$78096,$21278,,,,,,,$78395,$32904,,,$76906,$74210,$78705,$45126
2010,6037600801,Census Tract 6008.01,Inglewood,Los Angeles County,California,Inglewood,76903.0,14798.0,16592.0,1893.0,86986.0,30426.0,,,,,,,34764.0,43787.0,46364.0,71239.0,,,20918.0,7814.0,$76903,$14798,$16592,$1893,$86986,$30426,,,,,,,$34764,$43787,$46364,$71239,,,$20918,$7814
2010,6037600802,Census Tract 6008.02,Inglewood,Los Angeles County,California,Inglewood,72554.0,11296.0,73944.0,18678.0,67132.0,12550.0,,,,,,,89334.0,57253.0,,,73186.0,30070.0,88882.0,63032.0,$72554,$11296,$73944,$18678,$67132,$12550,,,,,,,$89334,$57253,,,$73186,$30070,$88882,$63032
2010,6037600902,Census Tract 6009.02,Inglewood,Los Angeles County,California,Inglewood,55661.0,16579.0,45585.0,30760.0,61259.0,21145.0,,,92875.0,47076.0,,,48498.0,15878.0,38867.0,62611.0,27117.0,46992.0,46781.0,9688.0,$55661,$16579,$45585,$30760,$61259,$21145,,,$92875,$47076,,,$48498,$15878,$38867,$62611,$27117,$46992,$46781,$9688
2010,6037600911,Census Tract 6009.11,Inglewood,Los Angeles County,California,Inglewood,63692.0,12053.0,57246.0,22496.0,73738.0,35022.0,,,112857.0,37012.0,,,53383.0,29180.0,130437.0,124149.0,55137.0,58222.0,62344.0,21335.0,$63692,$12053,$57246,$22496,$73738,$35022,,,$112857,$37012,,,$53383,$29180,$130437,$124149,$55137,$58222,$62344,$21335
2010,6037600912,Census Tract 6009.12,Inglewood,Los Angeles County,California,Inglewood,63360.0,9390.0,58040.0,19470.0,70052.0,15571.0,,,37963.0,103811.0,,,61665.0,24273.0,61958.0,30741.0,34348.0,185217.0,61042.0,9739.0,$63360,$9390,$58040,$19470,$70052,$15571,,,$37963,$103811,,,$61665,$24273,$61958,$30741,$34348,$185217,$61042,$9739
2010,6037601001,Census Tract 6010.01,Inglewood,Los Angeles County,California,Inglewood,47929.0,9638.0,46837.0,7538.0,51617.0,14124.0,,,,,,,21543.0,74987.0,17988.0,18208.0,43186.0,30243.0,58999.0,39605.0,$47929,$9638,$46837,$7538,$51617,$14124,,,,,,,$21543,$74987,$17988,$18208,$43186,$30243,$58999,$39605
2010,6037601002,Census Tract 6010.02,Inglewood,Los Angeles County,California,Inglewood,59295.0,15152.0,61917.0,31170.0,56469.0,22017.0,,,,,,,60597.0,26466.0,51111.0,63453.0,80747.0,57402.0,65080.0,15330.0,$59295,$15152,$61917,$31170,$56469,$22017,,,,,,,$60597,$26466,$51111,$63453,$80747,$57402,$65080,$15330
2010,6037601100,Census Tract 6011,Inglewood,Los Angeles County,California,Inglewood,45847.0,11215.0,32368.0,23495.0,51296.0,16658.0,,,141773.0,100324.0,,,45847.0,25322.0,37914.0,36980.0,17561.0,3069.0,41969.0,10669.0,$45847,$11215,$32368,$23495,$51296,$16658,,,$141773,$100324,,,$45847,$25322,$37914,$36980,$17561,$3069,$41969,$10669
2010,6037601202,Census Tract 6012.02,Inglewood,Los Angeles County,California,Inglewood,61088.0,6141.0,60018.0,17064.0,57246.0,80607.0,,,,,,,61752.0,15263.0,,,134905.0,220039.0,61038.0,8102.0,$61088,$6141,$60018,$17064,$57246,$80607,,,,,,,$61752,$15263,,,$134905,$220039,$61038,$8102
2010,6037601211,Census Tract 6012.11,Inglewood,Los Angeles County,California,Inglewood,65034.0,16642.0,61665.0,24655.0,60560.0,13048.0,75203.0,504249.0,,,,,90624.0,40147.0,66285.0,60265.0,81030.0,42558.0,62240.0,34811.0,$65034,$16642,$61665,$24655,$60560,$13048,$75203,$504249,,,,,$90624,$40147,$66285,$60265,$81030,$42558,$62240,$34811
2010,6037601212,Census Tract 6012.12,Inglewood,Los Angeles County,California,Inglewood,61553.0,8887.0,44962.0,11156.0,71581.0,18614.0,,,68695.0,24808.0,,,69832.0,13975.0,,,60073.0,54609.0,57641.0,14893.0,$61553,$8887,$44962,$11156,$71581,$18614,,,$68695,$24808,,,$69832,$13975,,,$60073,$54609,$57641,$14893
2010,6037601301,Census Tract 6013.01,Inglewood,Los Angeles County,California,Inglewood,85741.0,21997.0,152757.0,115835.0,82125.0,25173.0,105454.0,42883.0,,,,,53691.0,51581.0,,,90666.0,69024.0,194070.0,16973.0,$85741,$21997,$152757,$115835,$82125,$25173,$105454,$42883,,,,,$53691,$51581,,,$90666,$69024,$194070,$16973
2010,6037601302,Census Tract 6013.02,Inglewood,Los Angeles County,California,Inglewood,57769.0,8447.0,51321.0,39100.0,62908.0,8894.0,,,,,,,52865.0,23835.0,45420.0,75526.0,53329.0,10841.0,51400.0,35712.0,$57769,$8447,$51321,$39100,$62908,$8894,,,,,,,$52865,$23835,$45420,$75526,$53329,$10841,$51400,$35712
2010,6037601303,Census Tract 6013.03,Inglewood,Los Angeles County,California,Inglewood,59953.0,9908.0,69669.0,21575.0,68771.0,13567.0,,,31455.0,51536.0,,,43703.0,8670.0,48701.0,16753.0,110049.0,98347.0,48593.0,14864.0,$59953,$9908,$69669,$21575,$68771,$13567,,,$31455,$51536,,,$43703,$8670,$48701,$16753,$110049,$98347,$48593,$14864
2010,6037601401,Census Tract 6014.01,Inglewood,Los Angeles County,California,Inglewood,51040.0,10030.0,38063.0,5966.0,67073.0,22758.0,,,92197.0,59383.0,,,41533.0,15693.0,53555.0,111995.0,23779.0,37542.0,41414.0,9643.0,$51040,$10030,$38063,$5966,$67073,$22758,,,$92197,$59383,,,$41533,$15693,$53555,$111995,$23779,$37542,$41414,$9643
2010,6037601402,Census Tract 6014.02,Inglewood,Los Angeles County,California,Inglewood,70461.0,6868.0,68575.0,22045.0,52813.0,17506.0,,,46295.0,43342.0,,,74038.0,16027.0,75588.0,177512.0,92197.0,23338.0,72719.0,6360.0,$70461,$6868,$68575,$22045,$52813,$17506,,,$46295,$43342,,,$74038,$16027,$75588,$177512,$92197,$23338,$72719,$6360
2010,6037601501,Census Tract 6015.01,Inglewood,Los Angeles County,California,Inglewood,40766.0,12558.0,55409.0,26192.0,24687.0,17598.0,,,,,,,50417.0,27164.0,,,,,52606.0,16127.0,$40766,$12558,$55409,$26192,$24687,$17598,,,,,,,$50417,$27164,,,,,$52606,$16127
2010,6037601700,Census Tract 6017,Inglewood,Los Angeles County,California,Inglewood,44743.0,8076.0,58116.0,9466.0,18635.0,30697.0,,,10569.0,22354.0,,,43959.0,14681.0,46837.0,153602.0,149141.0,151769.0,48363.0,5313.0,$44743,$8076,$58116,$9466,$18635,$30697,,,$10569,$22354,,,$43959,$14681,$46837,$153602,$149141,$151769,$48363,$5313
2010,6037601801,Census Tract 6018.01,Inglewood,Los Angeles County,California,Inglewood,64296.0,16545.0,92622.0,45718.0,74355.0,55808.0,,,,,,,51799.0,23818.0,14312.0,122637.0,42483.0,161047.0,62971.0,17768.0,$64296,$16545,$92622,$45718,$74355,$55808,,,,,,,$51799,$23818,$14312,$122637,$42483,$161047,$62971,$17768
2010,6037601802,Census Tract 6018.02,Inglewood,Los Angeles County,California,Inglewood,62315.0,10659.0,62756.0,24009.0,65901.0,98240.0,,,,,,,62310.0,15318.0,20859.0,30750.0,96391.0,22816.0,61571.0,15383.0,$62315,$10659,$62756,$24009,$65901,$98240,,,,,,,$62310,$15318,$20859,$30750,$96391,$22816,$61571,$15383
2010,6037601900,Census Tract 6019,Inglewood,Los Angeles County,California,Inglewood,48010.0,9535.0,46204.0,6456.0,34625.0,27268.0,,,,,137948.0,141140.0,53412.0,25592.0,79026.0,20656.0,,,46266.0,14790.0,$48010,$9535,$46204,$6456,$34625,$27268,,,,,$137948,$141140,$53412,$25592,$79026,$20656,,,$46266,$14790
2010,6037602002,Census Tract 6020.02,Inglewood,Los Angeles County,California,Inglewood,63071.0,19093.0,88581.0,65677.0,21633.0,40857.0,,,29591.0,38102.0,,,73576.0,42684.0,22597.0,31782.0,118748.0,71685.0,68872.0,20474.0,$63071,$19093,$88581,$65677,$21633,$40857,,,$29591,$38102,,,$73576,$42684,$22597,$31782,$118748,$71685,$68872,$20474
2010,6037602003,Census Tract 6020.03,Inglewood,Los Angeles County,California,Inglewood,59398.0,8388.0,70645.0,8015.0,58452.0,17039.0,141811.0,115683.0,,,,,55181.0,12740.0,53717.0,119960.0,62160.0,135275.0,59853.0,12281.0,$59398,$8388,$70645,$8015,$58452,$17039,$141811,$115683,,,,,$55181,$12740,$53717,$119960,$62160,$135275,$59853,$12281
2010,6037602004,Census Tract 6020.04,Inglewood,Los Angeles County,California,Inglewood,64935.0,15602.0,66662.0,54414.0,73562.0,30133.0,,,,,,,59618.0,16485.0,,,,,60128.0,14699.0,$64935,$15602,$66662,$54414,$73562,$30133,,,,,,,$59618,$16485,,,,,$60128,$14699
2010,6037602104,Census Tract 6021.04,Inglewood,Los Angeles County,California,Inglewood,58941.0,11619.0,57897.0,12575.0,36336.0,23847.0,,,141610.0,65838.0,,,74722.0,27396.0,82046.0,25779.0,62697.0,38387.0,59398.0,17180.0,$58941,$11619,$57897,$12575,$36336,$23847,,,$141610,$65838,,,$74722,$27396,$82046,$25779,$62697,$38387,$59398,$17180
2010,6037602700,Census Tract 6027,Inglewood,Los Angeles County,California,Inglewood,123461.0,23724.0,124349.0,16950.0,117406.0,29128.0,,,140706.0,112687.0,,,132571.0,38049.0,,,,,124671.0,15639.0,$123461,$23724,$124349,$16950,$117406,$29128,,,$140706,$112687,,,$132571,$38049,,,,,$124671,$15639
2010,6037703002,Census Tract 7030.02,Inglewood,Los Angeles County,California,Inglewood,137576.0,17410.0,185350.0,68807.0,132832.0,20137.0,125701.0,40193.0,80058.0,100052.0,,,,,253482.0,221238.0,168349.0,65214.0,,,$137576,$17410,$185350,$68807,$132832,$20137,$125701,$40193,$80058,$100052,,,,,$253482,$221238,$168349,$65214,,
2011,6037600501,Census Tract 6005.01,Inglewood,Los Angeles County,California,Inglewood,81958.0,21225.0,,,78798.0,16015.0,,,,,,,118157.0,17675.0,,,,,117182.0,20678.0,$81958,$21225,,,$78798,$16015,,,,,,,$118157,$17675,,,,,$117182,$20678
2011,6037600502,Census Tract 6005.02,Inglewood,Los Angeles County,California,Inglewood,86957.0,23129.0,119032.0,13453.0,83931.0,23281.0,,,,,,,52842.0,31739.0,,,42484.0,49359.0,90709.0,76285.0,$86957,$23129,$119032,$13453,$83931,$23281,,,,,,,$52842,$31739,,,$42484,$49359,$90709,$76285
2011,6037600601,Census Tract 6006.01,Inglewood,Los Angeles County,California,Inglewood,91215.0,11483.0,,,91916.0,10879.0,,,,,,,,,62543.0,387551.0,,,,,$91215,$11483,,,$91916,$10879,,,,,,,,,$62543,$387551,,,,
2011,6037600602,Census Tract 6006.02,Inglewood,Los Angeles County,California,Inglewood,37315.0,15082.0,46717.0,20365.0,44708.0,29901.0,,,83274.0,55182.0,,,30252.0,7567.0,78335.0,37313.0,,,31159.0,7491.0,$37315,$15082,$46717,$20365,$44708,$29901,,,$83274,$55182,,,$30252,$7567,$78335,$37313,,,$31159,$7491
2011,6037600702,Census Tract 6007.02,Inglewood,Los Angeles County,California,Inglewood,105739.0,31030.0,66268.0,172208.0,100943.0,35971.0,,,,,,,189020.0,36856.0,252537.0,303259.0,,,159339.0,143601.0,$105739,$31030,$66268,$172208,$100943,$35971,,,,,,,$189020,$36856,$252537,$303259,,,$159339,$143601
2011,6037600703,Census Tract 6007.03,Inglewood,Los Angeles County,California,Inglewood,92048.0,12982.0,198549.0,82362.0,93727.0,13146.0,,,,,,,,,76032.0,23393.0,,,,,$92048,$12982,$198549,$82362,$93727,$13146,,,,,,,,,$76032,$23393,,,,
2011,6037600704,Census Tract 6007.04,Inglewood,Los Angeles County,California,Inglewood,91152.0,17613.0,78084.0,170733.0,91390.0,16331.0,,,,,,,,,,,51283.0,52289.0,96605.0,319091.0,$91152,$17613,$78084,$170733,$91390,$16331,,,,,,,,,,,$51283,$52289,$96605,$319091
2011,6037600801,Census Tract 6008.01,Inglewood,Los Angeles County,California,Inglewood,80296.0,28501.0,16168.0,2733.0,94185.0,21202.0,,,,,,,94821.0,17976.0,46463.0,39192.0,,,17419.0,13606.0,$80296,$28501,$16168,$2733,$94185,$21202,,,,,,,$94821,$17976,$46463,$39192,,,$17419,$13606
2011,6037600802,Census Tract 6008.02,Inglewood,Los Angeles County,California,Inglewood,77473.0,17220.0,75730.0,169472.0,78544.0,21358.0,,,,,,,55560.0,65947.0,137149.0,284769.0,75252.0,167822.0,58047.0,39273.0,$77473,$17220,$75730,$169472,$78544,$21358,,,,,,,$55560,$65947,$137149,$284769,$75252,$167822,$58047,$39273
2011,6037600902,Census Tract 6009.02,Inglewood,Los Angeles County,California,Inglewood,56320.0,12368.0,45433.0,12566.0,64156.0,19320.0,,,,,,,51244.0,11864.0,,,27564.0,77267.0,48444.0,5621.0,$56320,$12368,$45433,$12566,$64156,$19320,,,,,,,$51244,$11864,,,$27564,$77267,$48444,$5621
2011,6037600911,Census Tract 6009.11,Inglewood,Los Angeles County,California,Inglewood,53999.0,15591.0,55403.0,20605.0,46736.0,10595.0,80412.0,170303.0,113555.0,29986.0,,,37733.0,49552.0,133413.0,158118.0,55185.0,74075.0,59087.0,20021.0,$53999,$15591,$55403,$20605,$46736,$10595,$80412,$170303,$113555,$29986,,,$37733,$49552,$133413,$158118,$55185,$74075,$59087,$20021
2011,6037600912,Census Tract 6009.12,Inglewood,Los Angeles County,California,Inglewood,65424.0,13588.0,80915.0,46867.0,65001.0,18905.0,,,37763.0,195515.0,,,61317.0,30343.0,,,113523.0,117311.0,61810.0,27489.0,$65424,$13588,$80915,$46867,$65001,$18905,,,$37763,$195515,,,$61317,$30343,,,$113523,$117311,$61810,$27489
2011,6037601001,Census Tract 6010.01,Inglewood,Los Angeles County,California,Inglewood,42846.0,6730.0,45931.0,10923.0,42240.0,11379.0,,,,,,,,,17449.0,15463.0,46159.0,13052.0,53115.0,24618.0,$42846,$6730,$45931,$10923,$42240,$11379,,,,,,,,,$17449,$15463,$46159,$13052,$53115,$24618
2011,6037601002,Census Tract 6010.02,Inglewood,Los Angeles County,California,Inglewood,56762.0,10329.0,65332.0,35488.0,54190.0,10062.0,,,92716.0,254788.0,,,58762.0,39216.0,101683.0,142951.0,81312.0,62902.0,65405.0,19752.0,$56762,$10329,$65332,$35488,$54190,$10062,,,$92716,$254788,,,$58762,$39216,$101683,$142951,$81312,$62902,$65405,$19752
2011,6037601100,Census Tract 6011,Inglewood,Los Angeles County,California,Inglewood,37583.0,5237.0,27817.0,11560.0,42095.0,12256.0,,,73288.0,9138.0,,,39557.0,9424.0,35899.0,12315.0,17183.0,3710.0,36596.0,4387.0,$37583,$5237,$27817,$11560,$42095,$12256,,,$73288,$9138,,,$39557,$9424,$35899,$12315,$17183,$3710,$36596,$4387
2011,6037601202,Census Tract 6012.02,Inglewood,Los Angeles County,California,Inglewood,62349.0,7378.0,59192.0,10286.0,70271.0,65106.0,,,30578.0,162163.0,,,63263.0,15284.0,,,225995.0,54144.0,61115.0,7892.0,$62349,$7378,$59192,$10286,$70271,$65106,,,$30578,$162163,,,$63263,$15284,,,$225995,$54144,$61115,$7892
2011,6037601211,Census Tract 6012.11,Inglewood,Los Angeles County,California,Inglewood,56743.0,14321.0,48458.0,8085.0,56149.0,34989.0,72023.0,318965.0,,,102942.0,59317.0,58550.0,41449.0,67808.0,54682.0,61667.0,48725.0,48602.0,10698.0,$56743,$14321,$48458,$8085,$56149,$34989,$72023,$318965,,,$102942,$59317,$58550,$41449,$67808,$54682,$61667,$48725,$48602,$10698
2011,6037601212,Census Tract 6012.12,Inglewood,Los Angeles County,California,Inglewood,57265.0,11799.0,37814.0,10353.0,60080.0,25644.0,,,126269.0,120817.0,,,65584.0,18293.0,,,47050.0,47806.0,51514.0,8998.0,$57265,$11799,$37814,$10353,$60080,$25644,,,$126269,$120817,,,$65584,$18293,,,$47050,$47806,$51514,$8998
2011,6037601301,Census Tract 6013.01,Inglewood,Los Angeles County,California,Inglewood,98828.0,11518.0,176592.0,183490.0,98106.0,15040.0,105990.0,36903.0,242347.0,256244.0,,,77375.0,36126.0,105600.0,114532.0,94978.0,65403.0,185264.0,50785.0,$98828,$11518,$176592,$183490,$98106,$15040,$105990,$36903,$242347,$256244,,,$77375,$36126,$105600,$114532,$94978,$65403,$185264,$50785
2011,6037601302,Census Tract 6013.02,Inglewood,Los Angeles County,California,Inglewood,55813.0,9411.0,45517.0,20550.0,61248.0,11649.0,,,75150.0,30276.0,,,45783.0,62571.0,,,59273.0,91438.0,44673.0,13914.0,$55813,$9411,$45517,$20550,$61248,$11649,,,$75150,$30276,,,$45783,$62571,,,$59273,$91438,$44673,$13914
2011,6037601303,Census Tract 6013.03,Inglewood,Los Angeles County,California,Inglewood,56132.0,12502.0,70135.0,25454.0,61715.0,13330.0,,,39418.0,22636.0,,,43711.0,14228.0,43798.0,26078.0,89347.0,136409.0,56195.0,23076.0,$56132,$12502,$70135,$25454,$61715,$13330,,,$39418,$22636,,,$43711,$14228,$43798,$26078,$89347,$136409,$56195,$23076
2011,6037601401,Census Tract 6014.01,Inglewood,Los Angeles County,California,Inglewood,54508.0,4063.0,54309.0,15939.0,70701.0,26856.0,,,55476.0,64525.0,,,38811.0,20653.0,50805.0,61949.0,47185.0,74826.0,52453.0,13888.0,$54508,$4063,$54309,$15939,$70701,$26856,,,$55476,$64525,,,$38811,$20653,$50805,$61949,$47185,$74826,$52453,$13888
2011,6037601402,Census Tract 6014.02,Inglewood,Los Angeles County,California,Inglewood,70383.0,14408.0,65521.0,31708.0,53221.0,26678.0,,,44483.0,31027.0,,,74456.0,6436.0,145699.0,111973.0,92533.0,29701.0,73085.0,9713.0,$70383,$14408,$65521,$31708,$53221,$26678,,,$44483,$31027,,,$74456,$6436,$145699,$111973,$92533,$29701,$73085,$9713
2011,6037601501,Census Tract 6015.01,Inglewood,Los Angeles County,California,Inglewood,45157.0,10161.0,57317.0,9240.0,37910.0,8895.0,,,,,,,38441.0,29526.0,,,22580.0,39419.0,54212.0,12398.0,$45157,$10161,$57317,$9240,$37910,$8895,,,,,,,$38441,$29526,,,$22580,$39419,$54212,$12398
2011,6037601700,Census Tract 6017,Inglewood,Los Angeles County,California,Inglewood,45270.0,6772.0,55403.0,14796.0,60003.0,96256.0,29094.0,14558.0,,,,,42388.0,18335.0,45049.0,144093.0,,,46238.0,5847.0,$45270,$6772,$55403,$14796,$60003,$96256,$29094,$14558,,,,,$42388,$18335,$45049,$144093,,,$46238,$5847
2011,6037601801,Census Tract 6018.01,Inglewood,Los Angeles County,California,Inglewood,49638.0,15135.0,67197.0,32106.0,74859.0,38385.0,,,,,,,40756.0,7165.0,42046.0,91713.0,42396.0,8118.0,47301.0,14392.0,$49638,$15135,$67197,$32106,$74859,$38385,,,,,,,$40756,$7165,$42046,$91713,$42396,$8118,$47301,$14392
2011,6037601802,Census Tract 6018.02,Inglewood,Los Angeles County,California,Inglewood,61137.0,17056.0,64024.0,21597.0,67934.0,94167.0,,,,,,,59974.0,35863.0,20293.0,35474.0,,,60104.0,22214.0,$61137,$17056,$64024,$21597,$67934,$94167,,,,,,,$59974,$35863,$20293,$35474,,,$60104,$22214
2011,6037601900,Census Tract 6019,Inglewood,Los Angeles County,California,Inglewood,55769.0,12677.0,42350.0,20691.0,72942.0,25302.0,,,,,,,49537.0,11851.0,79127.0,27903.0,,,48102.0,10232.0,$55769,$12677,$42350,$20691,$72942,$25302,,,,,,,$49537,$11851,$79127,$27903,,,$48102,$10232
2011,6037602002,Census Tract 6020.02,Inglewood,Los Angeles County,California,Inglewood,66747.0,22821.0,69200.0,20775.0,35914.0,62949.0,,,29564.0,81011.0,,,87011.0,79468.0,21523.0,2538.0,91975.0,56169.0,64602.0,17987.0,$66747,$22821,$69200,$20775,$35914,$62949,,,$29564,$81011,,,$87011,$79468,$21523,$2538,$91975,$56169,$64602,$17987
2011,6037602003,Census Tract 6020.03,Inglewood,Los Angeles County,California,Inglewood,55000.0,5881.0,76275.0,21505.0,56885.0,25837.0,,,,,,,44533.0,9288.0,112497.0,119210.0,,,53597.0,8964.0,$55000,$5881,$76275,$21505,$56885,$25837,,,,,,,$44533,$9288,$112497,$119210,,,$53597,$8964
2011,6037602004,Census Tract 6020.04,Inglewood,Los Angeles County,California,Inglewood,67545.0,12671.0,69200.0,40036.0,65259.0,26378.0,,,,,,,62462.0,18092.0,,,,,62708.0,15812.0,$67545,$12671,$69200,$40036,$65259,$26378,,,,,,,$62462,$18092,,,,,$62708,$15812
2011,6037602104,Census Tract 6021.04,Inglewood,Los Angeles County,California,Inglewood,56115.0,11734.0,58498.0,14497.0,30190.0,10248.0,,,141481.0,12307.0,44812.0,129726.0,94165.0,41680.0,83507.0,33536.0,61384.0,37980.0,74041.0,29167.0,$56115,$11734,$58498,$14497,$30190,$10248,,,$141481,$12307,$44812,$129726,$94165,$41680,$83507,$33536,$61384,$37980,$74041,$29167
2011,6037602700,Census Tract 6027,Inglewood,Los Angeles County,California,Inglewood,109268.0,17670.0,107523.0,33231.0,103362.0,19536.0,,,186432.0,90146.0,,,141624.0,54857.0,37666.0,278744.0,,,117487.0,22304.0,$109268,$17670,$107523,$33231,$103362,$19536,,,$186432,$90146,,,$141624,$54857,$37666,$278744,,,$117487,$22304
2011,6037703002,Census Tract 7030.02,Inglewood,Los Angeles County,California,Inglewood,143901.0,17306.0,150274.0,67748.0,139506.0,20211.0,,,48368.0,120605.0,,,,,130517.0,124278.0,147939.0,62064.0,,,$143901,$17306,$150274,$67748,$139506,$20211,,,$48368,$120605,,,,,$130517,$124278,$147939,$62064,,
2012,6037600501,Census Tract 6005.01,Inglewood,Los Angeles County,California,Inglewood,94577.0,20400.0,138997.0,23172.0,84771.0,30479.0,,,,,,,,,,,,,145861.0,25065.0,$94577,$20400,$138997,$23172,$84771,$30479,,,,,,,,,,,,,$145861,$25065
2012,6037600502,Census Tract 6005.02,Inglewood,Los Angeles County,California,Inglewood,87683.0,14609.0,113910.0,40528.0,86333.0,16909.0,,,,,,,53976.0,178942.0,,,36036.0,15587.0,115219.0,41091.0,$87683,$14609,$113910,$40528,$86333,$16909,,,,,,,$53976,$178942,,,$36036,$15587,$115219,$41091
2012,6037600601,Census Tract 6006.01,Inglewood,Los Angeles County,California,Inglewood,87437.0,12904.0,,,87385.0,11878.0,,,,,,,162335.0,160907.0,254512.0,402207.0,,,116689.0,143408.0,$87437,$12904,,,$87385,$11878,,,,,,,$162335,$160907,$254512,$402207,,,$116689,$143408
2012,6037600602,Census Tract 6006.02,Inglewood,Los Angeles County,California,Inglewood,32941.0,6253.0,35655.0,11597.0,25312.0,18033.0,,,,,,,32283.0,6868.0,,,,,33177.0,5296.0,$32941,$6253,$35655,$11597,$25312,$18033,,,,,,,$32283,$6868,,,,,$33177,$5296
2012,6037600702,Census Tract 6007.02,Inglewood,Los Angeles County,California,Inglewood,116981.0,25805.0,64169.0,97088.0,111012.0,25529.0,,,,,,,177779.0,15424.0,,,,,157975.0,206646.0,$116981,$25805,$64169,$97088,$111012,$25529,,,,,,,$177779,$15424,,,,,$157975,$206646
2012,6037600703,Census Tract 6007.03,Inglewood,Los Angeles County,California,Inglewood,101823.0,14907.0,201364.0,26212.0,101496.0,11950.0,,,,,,,,,74818.0,85125.0,201041.0,1115.0,,,$101823,$14907,$201364,$26212,$101496,$11950,,,,,,,,,$74818,$85125,$201041,$1115,,
2012,6037600704,Census Tract 6007.04,Inglewood,Los Angeles County,California,Inglewood,83169.0,16853.0,93609.0,30308.0,83512.0,19045.0,,,,,,,92950.0,22959.0,,,76560.0,55567.0,93654.0,92777.0,$83169,$16853,$93609,$30308,$83512,$19045,,,,,,,$92950,$22959,,,$76560,$55567,$93654,$92777
2012,6037600801,Census Tract 6008.01,Inglewood,Los Angeles County,California,Inglewood,78608.0,21906.0,52885.0,54653.0,90185.0,23284.0,,,,,,,96897.0,20555.0,16588.0,55888.0,,,52260.0,67048.0,$78608,$21906,$52885,$54653,$90185,$23284,,,,,,,$96897,$20555,$16588,$55888,,,$52260,$67048
2012,6037600802,Census Tract 6008.02,Inglewood,Los Angeles County,California,Inglewood,69297.0,9003.0,73308.0,85788.0,69751.0,10146.0,55224.0,62305.0,,,,,52404.0,13787.0,137567.0,254380.0,73308.0,85788.0,53857.0,4230.0,$69297,$9003,$73308,$85788,$69751,$10146,$55224,$62305,,,,,$52404,$13787,$137567,$254380,$73308,$85788,$53857,$4230
2012,6037600902,Census Tract 6009.02,Inglewood,Los Angeles County,California,Inglewood,47546.0,9427.0,47546.0,16422.0,54649.0,13960.0,,,,,42737.0,75614.0,44126.0,5622.0,,,188827.0,288945.0,45115.0,5384.0,$47546,$9427,$47546,$16422,$54649,$13960,,,,,$42737,$75614,$44126,$5622,,,$188827,$288945,$45115,$5384
2012,6037600911,Census Tract 6009.11,Inglewood,Los Angeles County,California,Inglewood,60168.0,17903.0,55342.0,20787.0,48201.0,16739.0,162198.0,110760.0,,,,,67497.0,58391.0,131370.0,105137.0,31117.0,28939.0,67373.0,9880.0,$60168,$17903,$55342,$20787,$48201,$16739,$162198,$110760,,,,,$67497,$58391,$131370,$105137,$31117,$28939,$67373,$9880
2012,6037600912,Census Tract 6009.12,Inglewood,Los Angeles County,California,Inglewood,69070.0,11065.0,80653.0,31992.0,66066.0,19001.0,,,76730.0,206428.0,,,54054.0,49011.0,,,98916.0,57699.0,75661.0,26649.0,$69070,$11065,$80653,$31992,$66066,$19001,,,$76730,$206428,,,$54054,$49011,,,$98916,$57699,$75661,$26649
2012,6037601001,Census Tract 6010.01,Inglewood,Los Angeles County,California,Inglewood,40269.0,10216.0,33195.0,17343.0,42778.0,10761.0,,,,,,,,,27830.0,19634.0,42288.0,81732.0,33248.0,26597.0,$40269,$10216,$33195,$17343,$42778,$10761,,,,,,,,,$27830,$19634,$42288,$81732,$33248,$26597
2012,6037601002,Census Tract 6010.02,Inglewood,Los Angeles County,California,Inglewood,65329.0,14012.0,76117.0,29817.0,60060.0,14730.0,,,77484.0,53264.0,,,66661.0,64368.0,37620.0,133622.0,79170.0,75036.0,76730.0,27239.0,$65329,$14012,$76117,$29817,$60060,$14730,,,$77484,$53264,,,$66661,$64368,$37620,$133622,$79170,$75036,$76730,$27239
2012,6037601100,Census Tract 6011,Inglewood,Los Angeles County,California,Inglewood,37292.0,5458.0,32838.0,9347.0,41385.0,11142.0,,,,,,,36547.0,9688.0,36794.0,7664.0,16368.0,11569.0,36647.0,3495.0,$37292,$5458,$32838,$9347,$41385,$11142,,,,,,,$36547,$9688,$36794,$7664,$16368,$11569,$36647,$3495
2012,6037601202,Census Tract 6012.02,Inglewood,Los Angeles County,California,Inglewood,68926.0,11263.0,57253.0,8219.0,104822.0,4184.0,,,144660.0,234453.0,,,63271.0,15369.0,,,213644.0,206226.0,60189.0,6859.0,$68926,$11263,$57253,$8219,$104822,$4184,,,$144660,$234453,,,$63271,$15369,,,$213644,$206226,$60189,$6859
2012,6037601211,Census Tract 6012.11,Inglewood,Los Angeles County,California,Inglewood,53809.0,10170.0,48906.0,14961.0,55935.0,25611.0,,,50952.0,119207.0,104130.0,89715.0,47362.0,31915.0,67725.0,68514.0,63683.0,46406.0,47852.0,7349.0,$53809,$10170,$48906,$14961,$55935,$25611,,,$50952,$119207,$104130,$89715,$47362,$31915,$67725,$68514,$63683,$46406,$47852,$7349
2012,6037601212,Census Tract 6012.12,Inglewood,Los Angeles County,California,Inglewood,55153.0,11279.0,48825.0,11047.0,68746.0,29422.0,,,128377.0,57783.0,,,60060.0,25091.0,48220.0,63774.0,46762.0,36666.0,50716.0,6191.0,$55153,$11279,$48825,$11047,$68746,$29422,,,$128377,$57783,,,$60060,$25091,$48220,$63774,$46762,$36666,$50716,$6191
2012,6037601301,Census Tract 6013.01,Inglewood,Los Angeles County,California,Inglewood,95381.0,27043.0,88804.0,77789.0,101245.0,42528.0,,,181897.0,203371.0,,,66581.0,32431.0,50908.0,80161.0,72073.0,29439.0,86230.0,174186.0,$95381,$27043,$88804,$77789,$101245,$42528,,,$181897,$203371,,,$66581,$32431,$50908,$80161,$72073,$29439,$86230,$174186
2012,6037601302,Census Tract 6013.02,Inglewood,Los Angeles County,California,Inglewood,57863.0,7824.0,43444.0,16233.0,61012.0,8091.0,,,77186.0,26385.0,,,20474.0,66992.0,,,55485.0,41599.0,42692.0,17241.0,$57863,$7824,$43444,$16233,$61012,$8091,,,$77186,$26385,,,$20474,$66992,,,$55485,$41599,$42692,$17241
2012,6037601303,Census Tract 6013.03,Inglewood,Los Angeles County,California,Inglewood,57237.0,14884.0,50254.0,33280.0,63472.0,10491.0,,,50337.0,57738.0,,,43930.0,31378.0,37324.0,16814.0,42900.0,99337.0,56285.0,24109.0,$57237,$14884,$50254,$33280,$63472,$10491,,,$50337,$57738,,,$43930,$31378,$37324,$16814,$42900,$99337,$56285,$24109
2012,6037601401,Census Tract 6014.01,Inglewood,Los Angeles County,California,Inglewood,59360.0,9735.0,54370.0,16599.0,78651.0,25688.0,,,,,,,60464.0,58473.0,103304.0,105042.0,29386.0,85602.0,57864.0,5403.0,$59360,$9735,$54370,$16599,$78651,$25688,,,,,,,$60464,$58473,$103304,$105042,$29386,$85602,$57864,$5403
2012,6037601402,Census Tract 6014.02,Inglewood,Los Angeles County,California,Inglewood,73246.0,6094.0,76363.0,26579.0,54601.0,16088.0,,,43330.0,51594.0,,,73789.0,10002.0,83595.0,112808.0,90567.0,89171.0,74078.0,5280.0,$73246,$6094,$76363,$26579,$54601,$16088,,,$43330,$51594,,,$73789,$10002,$83595,$112808,$90567,$89171,$74078,$5280
2012,6037601501,Census Tract 6015.01,Inglewood,Los Angeles County,California,Inglewood,44034.0,10170.0,51353.0,12612.0,36940.0,8546.0,,,,,,,46464.0,21712.0,,,21927.0,59705.0,50237.0,9861.0,$44034,$10170,$51353,$12612,$36940,$8546,,,,,,,$46464,$21712,,,$21927,$59705,$50237,$9861
2012,6037601700,Census Tract 6017,Inglewood,Los Angeles County,California,Inglewood,44420.0,11545.0,61605.0,19812.0,21965.0,63891.0,28619.0,12742.0,,,,,41674.0,26320.0,63149.0,74879.0,49966.0,16560.0,48334.0,9408.0,$44420,$11545,$61605,$19812,$21965,$63891,$28619,$12742,,,,,$41674,$26320,$63149,$74879,$49966,$16560,$48334,$9408
2012,6037601801,Census Tract 6018.01,Inglewood,Los Angeles County,California,Inglewood,46087.0,15111.0,53040.0,36267.0,73514.0,55368.0,,,,,,,38808.0,9438.0,13537.0,115227.0,20219.0,30947.0,44984.0,13871.0,$46087,$15111,$53040,$36267,$73514,$55368,,,,,,,$38808,$9438,$13537,$115227,$20219,$30947,$44984,$13871
2012,6037601802,Census Tract 6018.02,Inglewood,Los Angeles County,California,Inglewood,56834.0,26534.0,69376.0,35714.0,145932.0,111324.0,,,,,,,41699.0,36400.0,19877.0,31035.0,,,55667.0,26840.0,$56834,$26534,$69376,$35714,$145932,$111324,,,,,,,$41699,$36400,$19877,$31035,,,$55667,$26840
2012,6037601900,Census Tract 6019,Inglewood,Los Angeles County,California,Inglewood,44597.0,6066.0,41706.0,6378.0,60662.0,48418.0,,,,,,,45597.0,12727.0,67170.0,42591.0,68984.0,34366.0,42396.0,4139.0,$44597,$6066,$41706,$6378,$60662,$48418,,,,,,,$45597,$12727,$67170,$42591,$68984,$34366,$42396,$4139
2012,6037602002,Census Tract 6020.02,Inglewood,Los Angeles County,California,Inglewood,60964.0,21620.0,66581.0,21969.0,39958.0,86306.0,,,66924.0,107262.0,,,39898.0,84928.0,20164.0,8073.0,88329.0,36990.0,58526.0,20324.0,$60964,$21620,$66581,$21969,$39958,$86306,,,$66924,$107262,,,$39898,$84928,$20164,$8073,$88329,$36990,$58526,$20324
2012,6037602003,Census Tract 6020.03,Inglewood,Los Angeles County,California,Inglewood,53146.0,6784.0,74240.0,15750.0,54249.0,13802.0,,,,,,,37976.0,10291.0,54741.0,121393.0,,,48906.0,11514.0,$53146,$6784,$74240,$15750,$54249,$13802,,,,,,,$37976,$10291,$54741,$121393,,,$48906,$11514
2012,6037602004,Census Tract 6020.04,Inglewood,Los Angeles County,California,Inglewood,64445.0,15664.0,83781.0,27521.0,57581.0,10396.0,,,,,,,60829.0,26779.0,,,,,70013.0,17730.0,$64445,$15664,$83781,$27521,$57581,$10396,,,,,,,$60829,$26779,,,,,$70013,$17730
2012,6037602104,Census Tract 6021.04,Inglewood,Los Angeles County,California,Inglewood,49407.0,14244.0,56848.0,12480.0,24561.0,12185.0,,,141357.0,63046.0,44026.0,147611.0,65638.0,27101.0,80429.0,15397.0,57691.0,22933.0,59168.0,14339.0,$49407,$14244,$56848,$12480,$24561,$12185,,,$141357,$63046,$44026,$147611,$65638,$27101,$80429,$15397,$57691,$22933,$59168,$14339
2012,6037602700,Census Tract 6027,Inglewood,Los Angeles County,California,Inglewood,107398.0,21754.0,109089.0,26657.0,100009.0,32354.0,,,140027.0,162100.0,,,143165.0,102638.0,36573.0,197487.0,131275.0,11227.0,119579.0,18018.0,$107398,$21754,$109089,$26657,$100009,$32354,,,$140027,$162100,,,$143165,$102638,$36573,$197487,$131275,$11227,$119579,$18018
2012,6037703002,Census Tract 7030.02,Inglewood,Los Angeles County,California,Inglewood,135440.0,14833.0,117890.0,53984.0,138425.0,16680.0,,,47934.0,182820.0,,,,,38866.0,2089.0,113043.0,47420.0,,,$135440,$14833,$117890,$53984,$138425,$16680,,,$47934,$182820,,,,,$38866,$2089,$113043,$47420,,
2013,6037600501,Census Tract 6005.01,Inglewood,Los Angeles County,California,Inglewood,90054.0,16032.0,138012.0,26778.0,85790.0,16256.0,,,,,,,95720.0,140799.0,,,,,129148.0,71297.0,$90054,$16032,$138012,$26778,$85790,$16256,,,,,,,$95720,$140799,,,,,$129148,$71297
2013,6037600502,Census Tract 6005.02,Inglewood,Los Angeles County,California,Inglewood,89217.0,11192.0,116005.0,41395.0,86528.0,13344.0,,,,,,,107462.0,51665.0,,,42895.0,62961.0,116428.0,20445.0,$89217,$11192,$116005,$41395,$86528,$13344,,,,,,,$107462,$51665,,,$42895,$62961,$116428,$20445
2013,6037600601,Census Tract 6006.01,Inglewood,Los Angeles County,California,Inglewood,79826.0,17321.0,,,81140.0,17590.0,,,,,,,32886.0,185069.0,119866.0,193121.0,,,68969.0,90643.0,$79826,$17321,,,$81140,$17590,,,,,,,$32886,$185069,$119866,$193121,,,$68969,$90643
2013,6037600602,Census Tract 6006.02,Inglewood,Los Angeles County,California,Inglewood,35821.0,8324.0,36251.0,12340.0,24706.0,13699.0,,,,,,,39122.0,23747.0,,,,,39363.0,9414.0,$35821,$8324,$36251,$12340,$24706,$13699,,,,,,,$39122,$23747,,,,,$39363,$9414
2013,6037600702,Census Tract 6007.02,Inglewood,Los Angeles County,California,Inglewood,107836.0,21621.0,66857.0,115169.0,113399.0,23249.0,,,,,,,19581.0,246571.0,,,,,65588.0,49643.0,$107836,$21621,$66857,$115169,$113399,$23249,,,,,,,$19581,$246571,,,,,$65588,$49643
2013,6037600703,Census Tract 6007.03,Inglewood,Los Angeles County,California,Inglewood,98277.0,15280.0,70434.0,252481.0,98277.0,14470.0,,,,,,,,,135354.0,135733.0,65927.0,131867.0,,,$98277,$15280,$70434,$252481,$98277,$14470,,,,,,,,,$135354,$135733,$65927,$131867,,
2013,6037600704,Census Tract 6007.04,Inglewood,Los Angeles County,California,Inglewood,86148.0,11549.0,81011.0,22568.0,85899.0,19606.0,,,,,,,128472.0,114616.0,,,78670.0,51416.0,92008.0,78365.0,$86148,$11549,$81011,$22568,$85899,$19606,,,,,,,$128472,$114616,,,$78670,$51416,$92008,$78365
2013,6037600801,Census Tract 6008.01,Inglewood,Los Angeles County,California,Inglewood,80364.0,18524.0,53282.0,23593.0,90589.0,16439.0,,,,,,,39725.0,66528.0,,,,,50983.0,28848.0,$80364,$18524,$53282,$23593,$90589,$16439,,,,,,,$39725,$66528,,,,,$50983,$28848
2013,6037600802,Census Tract 6008.02,Inglewood,Los Angeles County,California,Inglewood,67617.0,11986.0,49586.0,255142.0,70960.0,22104.0,,,,,,,58226.0,10302.0,,,49022.0,264785.0,57263.0,8343.0,$67617,$11986,$49586,$255142,$70960,$22104,,,,,,,$58226,$10302,,,$49022,$264785,$57263,$8343
2013,6037600902,Census Tract 6009.02,Inglewood,Los Angeles County,California,Inglewood,44560.0,5293.0,43951.0,11648.0,49367.0,10648.0,,,,,45409.0,51340.0,39591.0,12378.0,,,73918.0,125627.0,41720.0,4747.0,$44560,$5293,$43951,$11648,$49367,$10648,,,,,$45409,$51340,$39591,$12378,,,$73918,$125627,$41720,$4747
2013,6037600911,Census Tract 6009.11,Inglewood,Los Angeles County,California,Inglewood,68876.0,14631.0,65685.0,18212.0,54576.0,38516.0,,,,,,,112312.0,104202.0,134159.0,75563.0,53342.0,43587.0,70799.0,16017.0,$68876,$14631,$65685,$18212,$54576,$38516,,,,,,,$112312,$104202,$134159,$75563,$53342,$43587,$70799,$16017
2013,6037600912,Census Tract 6009.12,Inglewood,Los Angeles County,California,Inglewood,60194.0,9450.0,64854.0,11047.0,67805.0,11366.0,,,80084.0,302804.0,,,41753.0,16942.0,,,89863.0,30636.0,52803.0,15300.0,$60194,$9450,$64854,$11047,$67805,$11366,,,$80084,$302804,,,$41753,$16942,,,$89863,$30636,$52803,$15300
2013,6037601001,Census Tract 6010.01,Inglewood,Los Angeles County,California,Inglewood,36175.0,8908.0,32186.0,20024.0,37281.0,10865.0,,,,,,,,,,,51347.0,154336.0,31036.0,11537.0,$36175,$8908,$32186,$20024,$37281,$10865,,,,,,,,,,,$51347,$154336,$31036,$11537
2013,6037601002,Census Tract 6010.02,Inglewood,Los Angeles County,California,Inglewood,57128.0,9730.0,59165.0,41199.0,56574.0,6635.0,,,74717.0,55781.0,,,82550.0,25439.0,,,41556.0,58286.0,78827.0,31167.0,$57128,$9730,$59165,$41199,$56574,$6635,,,$74717,$55781,,,$82550,$25439,,,$41556,$58286,$78827,$31167
2013,6037601100,Census Tract 6011,Inglewood,Los Angeles County,California,Inglewood,37310.0,4292.0,35982.0,17652.0,42148.0,11135.0,,,68462.0,49690.0,,,30122.0,7025.0,39154.0,8221.0,25462.0,49341.0,35595.0,6110.0,$37310,$4292,$35982,$17652,$42148,$11135,,,$68462,$49690,,,$30122,$7025,$39154,$8221,$25462,$49341,$35595,$6110
2013,6037601202,Census Tract 6012.02,Inglewood,Los Angeles County,California,Inglewood,61084.0,7658.0,54902.0,10114.0,102150.0,27164.0,,,,,,,65779.0,12977.0,,,172181.0,166646.0,58520.0,7666.0,$61084,$7658,$54902,$10114,$102150,$27164,,,,,,,$65779,$12977,,,$172181,$166646,$58520,$7666
2013,6037601211,Census Tract 6012.11,Inglewood,Los Angeles County,California,Inglewood,49516.0,5032.0,61258.0,31581.0,39383.0,11853.0,,,,,,,52310.0,16178.0,3379.0,,,,51965.0,7888.0,$49516,$5032,$61258,$31581,$39383,$11853,,,,,,,$52310,$16178,$3379,,,,$51965,$7888
2013,6037601212,Census Tract 6012.12,Inglewood,Los Angeles County,California,Inglewood,48481.0,5240.0,48364.0,5910.0,36625.0,19472.0,,,,,,,49988.0,11811.0,,,45260.0,17100.0,49747.0,4250.0,$48481,$5240,$48364,$5910,$36625,$19472,,,,,,,$49988,$11811,,,$45260,$17100,$49747,$4250
2013,6037601301,Census Tract 6013.01,Inglewood,Los Angeles County,California,Inglewood,85577.0,33351.0,81140.0,129086.0,99977.0,39185.0,,,241167.0,254458.0,,,69984.0,14520.0,38759.0,51170.0,60574.0,32113.0,176142.0,204003.0,$85577,$33351,$81140,$129086,$99977,$39185,,,$241167,$254458,,,$69984,$14520,$38759,$51170,$60574,$32113,$176142,$204003
2013,6037601302,Census Tract 6013.02,Inglewood,Los Angeles County,California,Inglewood,63479.0,8896.0,52710.0,22925.0,65595.0,7319.0,,,75183.0,97575.0,,,45521.0,52918.0,,,135717.0,154509.0,42378.0,22773.0,$63479,$8896,$52710,$22925,$65595,$7319,,,$75183,$97575,,,$45521,$52918,,,$135717,$154509,$42378,$22773
2013,6037601303,Census Tract 6013.03,Inglewood,Los Angeles County,California,Inglewood,50852.0,6886.0,55938.0,22027.0,53032.0,9108.0,,,51920.0,40669.0,,,31062.0,29742.0,33735.0,24545.0,47755.0,90426.0,54367.0,25646.0,$50852,$6886,$55938,$22027,$53032,$9108,,,$51920,$40669,,,$31062,$29742,$33735,$24545,$47755,$90426,$54367,$25646
2013,6037601401,Census Tract 6014.01,Inglewood,Los Angeles County,California,Inglewood,57358.0,7361.0,53342.0,9616.0,63860.0,12089.0,,,,,,,52403.0,31921.0,99581.0,92151.0,47121.0,72740.0,53530.0,7831.0,$57358,$7361,$53342,$9616,$63860,$12089,,,,,,,$52403,$31921,$99581,$92151,$47121,$72740,$53530,$7831
2013,6037601402,Census Tract 6014.02,Inglewood,Los Angeles County,California,Inglewood,73056.0,7416.0,66273.0,20047.0,61311.0,18626.0,,,46487.0,56169.0,,,82578.0,19371.0,113258.0,105700.0,98542.0,84840.0,75792.0,8224.0,$73056,$7416,$66273,$20047,$61311,$18626,,,$46487,$56169,,,$82578,$19371,$113258,$105700,$98542,$84840,$75792,$8224
2013,6037601501,Census Tract 6015.01,Inglewood,Los Angeles County,California,Inglewood,45923.0,13103.0,52291.0,12443.0,36593.0,15077.0,,,,,,,44585.0,22630.0,,,65772.0,38734.0,47755.0,14834.0,$45923,$13103,$52291,$12443,$36593,$15077,,,,,,,$44585,$22630,,,$65772,$38734,$47755,$14834
2013,6037601700,Census Tract 6017,Inglewood,Los Angeles County,California,Inglewood,42654.0,16104.0,51969.0,13295.0,22416.0,81157.0,30103.0,98407.0,,,,,33621.0,22998.0,66096.0,82306.0,49648.0,15977.0,43873.0,15406.0,$42654,$16104,$51969,$13295,$22416,$81157,$30103,$98407,,,,,$33621,$22998,$66096,$82306,$49648,$15977,$43873,$15406
2013,6037601801,Census Tract 6018.01,Inglewood,Los Angeles County,California,Inglewood,42342.0,8843.0,48633.0,16980.0,65436.0,14933.0,,,,,,,38003.0,10701.0,,,,,42019.0,7815.0,$42342,$8843,$48633,$16980,$65436,$14933,,,,,,,$38003,$10701,,,,,$42019,$7815
2013,6037601802,Census Tract 6018.02,Inglewood,Los Angeles County,California,Inglewood,62252.0,28307.0,65927.0,35723.0,147592.0,4795.0,,,,,,,47332.0,40873.0,,,,,56251.0,23620.0,$62252,$28307,$65927,$35723,$147592,$4795,,,,,,,$47332,$40873,,,,,$56251,$23620
2013,6037601900,Census Tract 6019,Inglewood,Los Angeles County,California,Inglewood,44545.0,6008.0,40638.0,23757.0,44036.0,46856.0,,,,,,,45052.0,17479.0,,,49143.0,15607.0,43495.0,5238.0,$44545,$6008,$40638,$23757,$44036,$46856,,,,,,,$45052,$17479,,,$49143,$15607,$43495,$5238
2013,6037602002,Census Tract 6020.02,Inglewood,Los Angeles County,California,Inglewood,62778.0,12356.0,68969.0,11971.0,72688.0,68324.0,,,125726.0,49854.0,,,43171.0,19510.0,19440.0,5747.0,88792.0,18311.0,57381.0,14676.0,$62778,$12356,$68969,$11971,$72688,$68324,,,$125726,$49854,,,$43171,$19510,$19440,$5747,$88792,$18311,$57381,$14676
2013,6037602003,Census Tract 6020.03,Inglewood,Los Angeles County,California,Inglewood,49022.0,11270.0,62254.0,20672.0,64558.0,16467.0,,,,,,,40842.0,7346.0,51102.0,45843.0,,,43499.0,7334.0,$49022,$11270,$62254,$20672,$64558,$16467,,,,,,,$40842,$7346,$51102,$45843,,,$43499,$7334
2013,6037602004,Census Tract 6020.04,Inglewood,Los Angeles County,California,Inglewood,56717.0,10282.0,87761.0,17191.0,48834.0,9786.0,,,,,,,53143.0,21078.0,,,,,68910.0,18269.0,$56717,$10282,$87761,$17191,$48834,$9786,,,,,,,$53143,$21078,,,,,$68910,$18269
2013,6037602104,Census Tract 6021.04,Inglewood,Los Angeles County,California,Inglewood,57677.0,9850.0,59970.0,6506.0,27170.0,10647.0,,,138908.0,79019.0,,,62922.0,12425.0,77277.0,14738.0,56831.0,6674.0,60536.0,10955.0,$57677,$9850,$59970,$6506,$27170,$10647,,,$138908,$79019,,,$62922,$12425,$77277,$14738,$56831,$6674,$60536,$10955
2013,6037602700,Census Tract 6027,Inglewood,Los Angeles County,California,Inglewood,94502.0,33579.0,116397.0,17538.0,108437.0,45966.0,,,,,,,,,50813.0,40920.0,,,111390.0,18926.0,$94502,$33579,$116397,$17538,$108437,$45966,,,,,,,,,$50813,$40920,,,$111390,$18926
2013,6037703002,Census Tract 7030.02,Inglewood,Los Angeles County,California,Inglewood,136519.0,18591.0,110723.0,100502.0,138615.0,17464.0,,,48346.0,62118.0,,,,,39398.0,138824.0,110723.0,100502.0,,,$136519,$18591,$110723,$100502,$138615,$17464,,,$48346,$62118,,,,,$39398,$138824,$110723,$100502,,
2014,6037600501,Census Tract 6005.01,Inglewood,Los Angeles County,California,Inglewood,83374.0,10645.0,136966.0,259105.0,81735.0,10310.0,,,,,,,96854.0,132692.0,26049.0,212507.0,,,136929.0,34780.0,$83374,$10645,$136966,$259105,$81735,$10310,,,,,,,$96854,$132692,$26049,$212507,,,$136929,$34780
2014,6037600502,Census Tract 6005.02,Inglewood,Los Angeles County,California,Inglewood,88789.0,13130.0,86461.0,49642.0,91687.0,10196.0,,,,,,,75930.0,58851.0,,,33587.0,42092.0,101425.0,41322.0,$88789,$13130,$86461,$49642,$91687,$10196,,,,,,,$75930,$58851,,,$33587,$42092,$101425,$41322
2014,6037600601,Census Tract 6006.01,Inglewood,Los Angeles County,California,Inglewood,69564.0,13439.0,,,73824.0,13380.0,,,,,,,35083.0,127793.0,12332.0,147125.0,,,69094.0,56393.0,$69564,$13439,,,$73824,$13380,,,,,,,$35083,$127793,$12332,$147125,,,$69094,$56393
2014,6037600602,Census Tract 6006.02,Inglewood,Los Angeles County,California,Inglewood,35940.0,5722.0,36372.0,12873.0,29305.0,8121.0,,,,,,,39573.0,37145.0,25148.0,6548.0,,,39823.0,11414.0,$35940,$5722,$36372,$12873,$29305,$8121,,,,,,,$39573,$37145,$25148,$6548,,,$39823,$11414
2014,6037600702,Census Tract 6007.02,Inglewood,Los Angeles County,California,Inglewood,96209.0,24169.0,,,89059.0,29385.0,,,,,,,167519.0,261505.0,253238.0,313528.0,,,159763.0,247240.0,$96209,$24169,,,$89059,$29385,,,,,,,$167519,$261505,$253238,$313528,,,$159763,$247240
2014,6037600703,Census Tract 6007.03,Inglewood,Los Angeles County,California,Inglewood,86619.0,16338.0,141663.0,225353.0,86936.0,14406.0,,,,,,,,,75475.0,77102.0,65585.0,105049.0,,,$86619,$16338,$141663,$225353,$86936,$14406,,,,,,,,,$75475,$77102,$65585,$105049,,
2014,6037600704,Census Tract 6007.04,Inglewood,Los Angeles County,California,Inglewood,87167.0,20205.0,88124.0,69097.0,88649.0,22999.0,,,,,,,78564.0,82405.0,,,51544.0,100196.0,42649.0,96546.0,$87167,$20205,$88124,$69097,$88649,$22999,,,,,,,$78564,$82405,,,$51544,$100196,$42649,$96546
2014,6037600801,Census Tract 6008.01,Inglewood,Los Angeles County,California,Inglewood,73991.0,31735.0,52252.0,25954.0,90082.0,31548.0,,,,,,,86129.0,239561.0,,,,,52560.0,81179.0,$73991,$31735,$52252,$25954,$90082,$31548,,,,,,,$86129,$239561,,,,,$52560,$81179
2014,6037600802,Census Tract 6008.02,Inglewood,Los Angeles County,California,Inglewood,71877.0,14795.0,127079.0,157344.0,78523.0,15336.0,,,,,,,63239.0,12533.0,,,52652.0,213994.0,63239.0,12642.0,$71877,$14795,$127079,$157344,$78523,$15336,,,,,,,$63239,$12533,,,$52652,$213994,$63239,$12642
2014,6037600902,Census Tract 6009.02,Inglewood,Los Angeles County,California,Inglewood,44461.0,6140.0,42878.0,12059.0,43604.0,10939.0,,,,,,,44026.0,12480.0,,,72420.0,187493.0,42777.0,7337.0,$44461,$6140,$42878,$12059,$43604,$10939,,,,,,,$44026,$12480,,,$72420,$187493,$42777,$7337
2014,6037600911,Census Tract 6009.11,Inglewood,Los Angeles County,California,Inglewood,68247.0,20403.0,59214.0,12961.0,73634.0,47774.0,,,,,,,110432.0,98266.0,134226.0,86726.0,64846.0,65390.0,59643.0,28323.0,$68247,$20403,$59214,$12961,$73634,$47774,,,,,,,$110432,$98266,$134226,$86726,$64846,$65390,$59643,$28323
2014,6037600912,Census Tract 6009.12,Inglewood,Los Angeles County,California,Inglewood,57068.0,6522.0,63533.0,8723.0,68067.0,19148.0,,,,,,,40219.0,10967.0,,,87249.0,45812.0,51708.0,8359.0,$57068,$6522,$63533,$8723,$68067,$19148,,,,,,,$40219,$10967,,,$87249,$45812,$51708,$8359
2014,6037601001,Census Tract 6010.01,Inglewood,Los Angeles County,California,Inglewood,32479.0,9450.0,41093.0,14136.0,27543.0,7579.0,,,,,,,,,,,43729.0,13028.0,32779.0,21993.0,$32479,$9450,$41093,$14136,$27543,$7579,,,,,,,,,,,$43729,$13028,$32779,$21993
2014,6037601002,Census Tract 6010.02,Inglewood,Los Angeles County,California,Inglewood,54822.0,7832.0,65004.0,35927.0,54110.0,7074.0,,,73270.0,64151.0,,,81070.0,34458.0,37078.0,28033.0,39281.0,94422.0,63658.0,20841.0,$54822,$7832,$65004,$35927,$54110,$7074,,,$73270,$64151,,,$81070,$34458,$37078,$28033,$39281,$94422,$63658,$20841
2014,6037601100,Census Tract 6011,Inglewood,Los Angeles County,California,Inglewood,38260.0,5289.0,34122.0,14693.0,41912.0,13705.0,,,67432.0,54528.0,,,36661.0,13182.0,38381.0,6725.0,25430.0,62469.0,37249.0,6193.0,$38260,$5289,$34122,$14693,$41912,$13705,,,$67432,$54528,,,$36661,$13182,$38381,$6725,$25430,$62469,$37249,$6193
2014,6037601202,Census Tract 6012.02,Inglewood,Los Angeles County,California,Inglewood,56007.0,9513.0,52692.0,13734.0,44418.0,62876.0,,,111609.0,75598.0,,,58927.0,31250.0,,,172209.0,127429.0,53994.0,10776.0,$56007,$9513,$52692,$13734,$44418,$62876,,,$111609,$75598,,,$58927,$31250,,,$172209,$127429,$53994,$10776
2014,6037601211,Census Tract 6012.11,Inglewood,Los Angeles County,California,Inglewood,47576.0,8738.0,48179.0,7836.0,39074.0,18162.0,,,,,,,49438.0,14101.0,34502.0,23438.0,30553.0,6724.0,48604.0,5438.0,$47576,$8738,$48179,$7836,$39074,$18162,,,,,,,$49438,$14101,$34502,$23438,$30553,$6724,$48604,$5438
2014,6037601212,Census Tract 6012.12,Inglewood,Los Angeles County,California,Inglewood,49939.0,7438.0,56117.0,12115.0,43415.0,30183.0,,,,,,,49139.0,10637.0,,,45780.0,24669.0,51487.0,7973.0,$49939,$7438,$56117,$12115,$43415,$30183,,,,,,,$49139,$10637,,,$45780,$24669,$51487,$7973
2014,6037601301,Census Tract 6013.01,Inglewood,Los Angeles County,California,Inglewood,79395.0,18387.0,77871.0,19603.0,76174.0,35887.0,,,122856.0,250314.0,,,80475.0,20479.0,72051.0,81212.0,77178.0,24683.0,81307.0,42605.0,$79395,$18387,$77871,$19603,$76174,$35887,,,$122856,$250314,,,$80475,$20479,$72051,$81212,$77178,$24683,$81307,$42605
2014,6037601302,Census Tract 6013.02,Inglewood,Los Angeles County,California,Inglewood,62841.0,8508.0,74528.0,67518.0,63195.0,8659.0,,,74637.0,46485.0,,,32165.0,30591.0,,,133219.0,123196.0,60333.0,45945.0,$62841,$8508,$74528,$67518,$63195,$8659,,,$74637,$46485,,,$32165,$30591,,,$133219,$123196,$60333,$45945
2014,6037601303,Census Tract 6013.03,Inglewood,Los Angeles County,California,Inglewood,46660.0,7539.0,36912.0,18686.0,47981.0,6926.0,,,47699.0,26488.0,,,53207.0,35528.0,36882.0,14509.0,25051.0,29112.0,42192.0,18680.0,$46660,$7539,$36912,$18686,$47981,$6926,,,$47699,$26488,,,$53207,$35528,$36882,$14509,$25051,$29112,$42192,$18680
2014,6037601401,Census Tract 6014.01,Inglewood,Los Angeles County,California,Inglewood,54102.0,9493.0,49111.0,8880.0,56994.0,20423.0,,,101577.0,5165.0,,,49466.0,17731.0,99007.0,66296.0,58195.0,44249.0,49098.0,7615.0,$54102,$9493,$49111,$8880,$56994,$20423,,,$101577,$5165,,,$49466,$17731,$99007,$66296,$58195,$44249,$49098,$7615
2014,6037601402,Census Tract 6014.02,Inglewood,Los Angeles County,California,Inglewood,73785.0,4665.0,66324.0,23190.0,64846.0,42560.0,,,45101.0,29304.0,,,74928.0,11717.0,144379.0,108962.0,55582.0,78706.0,74416.0,5613.0,$73785,$4665,$66324,$23190,$64846,$42560,,,$45101,$29304,,,$74928,$11717,$144379,$108962,$55582,$78706,$74416,$5613
2014,6037601501,Census Tract 6015.01,Inglewood,Los Angeles County,California,Inglewood,39040.0,10434.0,41198.0,14744.0,37367.0,17166.0,,,,,,,36558.0,31774.0,,,46141.0,51674.0,40029.0,13634.0,$39040,$10434,$41198,$14744,$37367,$17166,,,,,,,$36558,$31774,,,$46141,$51674,$40029,$13634
2014,6037601700,Census Tract 6017,Inglewood,Los Angeles County,California,Inglewood,42122.0,11312.0,56182.0,14749.0,38057.0,60858.0,28741.0,51548.0,,,,,40425.0,11961.0,38057.0,20208.0,48843.0,19120.0,42850.0,14966.0,$42122,$11312,$56182,$14749,$38057,$60858,$28741,$51548,,,,,$40425,$11961,$38057,$20208,$48843,$19120,$42850,$14966
2014,6037601801,Census Tract 6018.01,Inglewood,Los Angeles County,California,Inglewood,44829.0,8155.0,50380.0,19947.0,56532.0,25295.0,,,,,,,35472.0,17165.0,,,,,44813.0,9016.0,$44829,$8155,$50380,$19947,$56532,$25295,,,,,,,$35472,$17165,,,,,$44813,$9016
2014,6037601802,Census Tract 6018.02,Inglewood,Los Angeles County,California,Inglewood,47736.0,14462.0,50989.0,11306.0,145310.0,17740.0,,,,,,,29241.0,21736.0,,,,,48326.0,15596.0,$47736,$14462,$50989,$11306,$145310,$17740,,,,,,,$29241,$21736,,,,,$48326,$15596
2014,6037601900,Census Tract 6019,Inglewood,Los Angeles County,California,Inglewood,45540.0,8653.0,42483.0,11257.0,46254.0,52168.0,,,,,,,46283.0,36888.0,16311.0,68038.0,48495.0,22041.0,45493.0,10858.0,$45540,$8653,$42483,$11257,$46254,$52168,,,,,,,$46283,$36888,$16311,$68038,$48495,$22041,$45493,$10858
2014,6037602002,Census Tract 6020.02,Inglewood,Los Angeles County,California,Inglewood,60227.0,12978.0,66752.0,9306.0,81058.0,36065.0,,,109324.0,54486.0,,,32205.0,10812.0,41153.0,49555.0,77778.0,23944.0,54283.0,10967.0,$60227,$12978,$66752,$9306,$81058,$36065,,,$109324,$54486,,,$32205,$10812,$41153,$49555,$77778,$23944,$54283,$10967
2014,6037602003,Census Tract 6020.03,Inglewood,Los Angeles County,California,Inglewood,46972.0,6941.0,61520.0,16178.0,52425.0,16454.0,,,,,,,40321.0,8848.0,,,,,44418.0,5805.0,$46972,$6941,$61520,$16178,$52425,$16454,,,,,,,$40321,$8848,,,,,$44418,$5805
2014,6037602004,Census Tract 6020.04,Inglewood,Los Angeles County,California,Inglewood,52640.0,7565.0,65539.0,30499.0,48994.0,15892.0,,,,,,,67276.0,30853.0,,,,,66370.0,20104.0,$52640,$7565,$65539,$30499,$48994,$15892,,,,,,,$67276,$30853,,,,,$66370,$20104
2014,6037602104,Census Tract 6021.04,Inglewood,Los Angeles County,California,Inglewood,53261.0,11926.0,60807.0,15409.0,26176.0,10939.0,,,141271.0,40732.0,,,59303.0,9795.0,59483.0,19536.0,60333.0,77877.0,57675.0,13382.0,$53261,$11926,$60807,$15409,$26176,$10939,,,$141271,$40732,,,$59303,$9795,$59483,$19536,$60333,$77877,$57675,$13382
2014,6037602700,Census Tract 6027,Inglewood,Los Angeles County,California,Inglewood,85273.0,12891.0,114014.0,40751.0,84052.0,15977.0,,,,,,,,,52542.0,58831.0,113539.0,159954.0,92057.0,29700.0,$85273,$12891,$114014,$40751,$84052,$15977,,,,,,,,,$52542,$58831,$113539,$159954,$92057,$29700
2014,6037703002,Census Tract 7030.02,Inglewood,Los Angeles County,California,Inglewood,134166.0,27706.0,100133.0,50726.0,135176.0,25070.0,,,89109.0,82431.0,,,,,39509.0,224887.0,100133.0,50726.0,,,$134166,$27706,$100133,$50726,$135176,$25070,,,$89109,$82431,,,,,$39509,$224887,$100133,$50726,,
2015,6037600501,Census Tract 6005.01,Inglewood,Los Angeles County,California,Inglewood,77581.0,6372.0,,,77648.0,5157.0,,,,,,,123105.0,108238.0,,,,,124489.0,94990.0,$77581,$6372,,,$77648,$5157,,,,,,,$123105,$108238,,,,,$124489,$94990
2015,6037600502,Census Tract 6005.02,Inglewood,Los Angeles County,California,Inglewood,76037.0,17027.0,70378.0,29900.0,93426.0,20237.0,,,,,,,73271.0,46652.0,,,38177.0,33652.0,74542.0,4835.0,$76037,$17027,$70378,$29900,$93426,$20237,,,,,,,$73271,$46652,,,$38177,$33652,$74542,$4835
2015,6037600601,Census Tract 6006.01,Inglewood,Los Angeles County,California,Inglewood,83445.0,7319.0,92499.0,29593.0,82536.0,8374.0,,,,,,,,,,,,,117397.0,37353.0,$83445,$7319,$92499,$29593,$82536,$8374,,,,,,,,,,,,,$117397,$37353
2015,6037600602,Census Tract 6006.02,Inglewood,Los Angeles County,California,Inglewood,35631.0,6870.0,47753.0,7874.0,28097.0,3653.0,,,,,,,58095.0,26698.0,22684.0,5100.0,,,53370.0,11186.0,$35631,$6870,$47753,$7874,$28097,$3653,,,,,,,$58095,$26698,$22684,$5100,,,$53370,$11186
2015,6037600702,Census Tract 6007.02,Inglewood,Los Angeles County,California,Inglewood,94504.0,25236.0,,,98761.0,27178.0,,,,,,,,,,,,,,,$94504,$25236,,,$98761,$27178,,,,,,,,,,,,,,
2015,6037600703,Census Tract 6007.03,Inglewood,Los Angeles County,California,Inglewood,87487.0,9622.0,,,87410.0,9982.0,,,,,,,,,134448.0,48793.0,,,,,$87487,$9622,,,$87410,$9982,,,,,,,,,$134448,$48793,,,,
2015,6037600704,Census Tract 6007.04,Inglewood,Los Angeles County,California,Inglewood,88446.0,17584.0,66219.0,56335.0,93053.0,21893.0,,,,,,,,,,,64822.0,41273.0,,,$88446,$17584,$66219,$56335,$93053,$21893,,,,,,,,,,,$64822,$41273,,
2015,6037600801,Census Tract 6008.01,Inglewood,Los Angeles County,California,Inglewood,82637.0,24493.0,,,90397.0,23627.0,,,,,,,,,,,,,,,$82637,$24493,,,$90397,$23627,,,,,,,,,,,,,,
2015,6037600802,Census Tract 6008.02,Inglewood,Los Angeles County,California,Inglewood,70318.0,22057.0,,,84073.0,18305.0,,,,,,,56601.0,9882.0,,,,,57265.0,11023.0,$70318,$22057,,,$84073,$18305,,,,,,,$56601,$9882,,,,,$57265,$11023
2015,6037600902,Census Tract 6009.02,Inglewood,Los Angeles County,California,Inglewood,46184.0,8145.0,45117.0,10047.0,47291.0,14568.0,,,,,,,36754.0,13380.0,,,75689.0,48797.0,41195.0,5479.0,$46184,$8145,$45117,$10047,$47291,$14568,,,,,,,$36754,$13380,,,$75689,$48797,$41195,$5479
2015,6037600911,Census Tract 6009.11,Inglewood,Los Angeles County,California,Inglewood,67512.0,12147.0,65883.0,11015.0,54690.0,16248.0,,,,,,,110796.0,84797.0,,,64095.0,36456.0,73950.0,20140.0,$67512,$12147,$65883,$11015,$54690,$16248,,,,,,,$110796,$84797,,,$64095,$36456,$73950,$20140
2015,6037600912,Census Tract 6009.12,Inglewood,Los Angeles County,California,Inglewood,58224.0,4926.0,64654.0,4571.0,69755.0,17715.0,,,,,,,39446.0,8178.0,,,88341.0,36746.0,51307.0,10425.0,$58224,$4926,$64654,$4571,$69755,$17715,,,,,,,$39446,$8178,,,$88341,$36746,$51307,$10425
2015,6037601001,Census Tract 6010.01,Inglewood,Los Angeles County,California,Inglewood,29276.0,5124.0,32056.0,8793.0,26143.0,4742.0,,,,,,,64900.0,7267.0,,,40892.0,18345.0,30143.0,15927.0,$29276,$5124,$32056,$8793,$26143,$4742,,,,,,,$64900,$7267,,,$40892,$18345,$30143,$15927
2015,6037601002,Census Tract 6010.02,Inglewood,Los Angeles County,California,Inglewood,54262.0,7513.0,47825.0,41207.0,54140.0,6929.0,,,,,,,62189.0,15337.0,,,,,56716.0,13689.0,$54262,$7513,$47825,$41207,$54140,$6929,,,,,,,$62189,$15337,,,,,$56716,$13689
2015,6037601100,Census Tract 6011,Inglewood,Los Angeles County,California,Inglewood,40334.0,5790.0,40532.0,13612.0,35773.0,12392.0,,,,,,,39050.0,23112.0,41547.0,38514.0,,,40823.0,7564.0,$40334,$5790,$40532,$13612,$35773,$12392,,,,,,,$39050,$23112,$41547,$38514,,,$40823,$7564
2015,6037601202,Census Tract 6012.02,Inglewood,Los Angeles County,California,Inglewood,55821.0,7615.0,43710.0,20720.0,99892.0,68901.0,,,143301.0,63227.0,,,72796.0,34620.0,,,94611.0,84538.0,54090.0,10373.0,$55821,$7615,$43710,$20720,$99892,$68901,,,$143301,$63227,,,$72796,$34620,,,$94611,$84538,$54090,$10373
2015,6037601211,Census Tract 6012.11,Inglewood,Los Angeles County,California,Inglewood,47559.0,10432.0,42628.0,12531.0,53314.0,17598.0,,,,,,,39125.0,23667.0,,,31848.0,14030.0,46991.0,15520.0,$47559,$10432,$42628,$12531,$53314,$17598,,,,,,,$39125,$23667,,,$31848,$14030,$46991,$15520
2015,6037601212,Census Tract 6012.12,Inglewood,Los Angeles County,California,Inglewood,52285.0,9537.0,54089.0,13256.0,59080.0,18199.0,,,,,,,41417.0,22631.0,49005.0,9489.0,,,51248.0,8629.0,$52285,$9537,$54089,$13256,$59080,$18199,,,,,,,$41417,$22631,$49005,$9489,,,$51248,$8629
2015,6037601301,Census Tract 6013.01,Inglewood,Los Angeles County,California,Inglewood,80503.0,10610.0,68423.0,27515.0,93673.0,23284.0,,,244828.0,193659.0,,,,,,,71374.0,45947.0,67799.0,47383.0,$80503,$10610,$68423,$27515,$93673,$23284,,,$244828,$193659,,,,,,,$71374,$45947,$67799,$47383
2015,6037601302,Census Tract 6013.02,Inglewood,Los Angeles County,California,Inglewood,62357.0,8200.0,89901.0,31374.0,60365.0,12466.0,,,74693.0,21784.0,,,,,,,107351.0,31686.0,45666.0,30562.0,$62357,$8200,$89901,$31374,$60365,$12466,,,$74693,$21784,,,,,,,$107351,$31686,$45666,$30562
2015,6037601303,Census Tract 6013.03,Inglewood,Los Angeles County,California,Inglewood,43820.0,5549.0,38644.0,15571.0,46700.0,5930.0,,,29213.0,20382.0,,,53519.0,26960.0,33413.0,5107.0,26004.0,15980.0,47012.0,17782.0,$43820,$5549,$38644,$15571,$46700,$5930,,,$29213,$20382,,,$53519,$26960,$33413,$5107,$26004,$15980,$47012,$17782
2015,6037601401,Census Tract 6014.01,Inglewood,Los Angeles County,California,Inglewood,54892.0,6813.0,56290.0,11406.0,55946.0,15927.0,,,94242.0,79654.0,,,48505.0,11661.0,94427.0,92322.0,76769.0,67762.0,53915.0,7104.0,$54892,$6813,$56290,$11406,$55946,$15927,,,$94242,$79654,,,$48505,$11661,$94427,$92322,$76769,$67762,$53915,$7104
2015,6037601402,Census Tract 6014.02,Inglewood,Los Angeles County,California,Inglewood,67640.0,16417.0,53115.0,25972.0,,,,,,,,,72140.0,18650.0,78013.0,31071.0,27632.0,24936.0,72331.0,15653.0,$67640,$16417,$53115,$25972,,,,,,,,,$72140,$18650,$78013,$31071,$27632,$24936,$72331,$15653
2015,6037601501,Census Tract 6015.01,Inglewood,Los Angeles County,California,Inglewood,43102.0,8294.0,43755.0,7484.0,37456.0,17567.0,,,,,,,47582.0,20690.0,,,,,45331.0,9776.0,$43102,$8294,$43755,$7484,$37456,$17567,,,,,,,$47582,$20690,,,,,$45331,$9776
2015,6037601700,Census Tract 6017,Inglewood,Los Angeles County,California,Inglewood,43072.0,18706.0,57857.0,15540.0,,,,,,,,,41980.0,27920.0,38115.0,6238.0,48627.0,10128.0,42504.0,22173.0,$43072,$18706,$57857,$15540,,,,,,,,,$41980,$27920,$38115,$6238,$48627,$10128,$42504,$22173
2015,6037601801,Census Tract 6018.01,Inglewood,Los Angeles County,California,Inglewood,42451.0,7210.0,44939.0,9274.0,61000.0,21988.0,,,,,,,34338.0,11849.0,,,,,41953.0,7210.0,$42451,$7210,$44939,$9274,$61000,$21988,,,,,,,$34338,$11849,,,,,$41953,$7210
2015,6037601802,Census Tract 6018.02,Inglewood,Los Angeles County,California,Inglewood,48813.0,14211.0,48542.0,8905.0,144929.0,23029.0,,,,,,,39955.0,33469.0,,,,,49287.0,15148.0,$48813,$14211,$48542,$8905,$144929,$23029,,,,,,,$39955,$33469,,,,,$49287,$15148
2015,6037601900,Census Tract 6019,Inglewood,Los Angeles County,California,Inglewood,45407.0,9239.0,45344.0,15362.0,46200.0,33339.0,,,,,,,45737.0,21813.0,,,,,45963.0,14240.0,$45407,$9239,$45344,$15362,$46200,$33339,,,,,,,$45737,$21813,,,,,$45963,$14240
2015,6037602002,Census Tract 6020.02,Inglewood,Los Angeles County,California,Inglewood,52596.0,8475.0,61830.0,14843.0,36185.0,35538.0,,,87806.0,34429.0,,,39836.0,13968.0,41828.0,36389.0,52997.0,45352.0,52384.0,7591.0,$52596,$8475,$61830,$14843,$36185,$35538,,,$87806,$34429,,,$39836,$13968,$41828,$36389,$52997,$45352,$52384,$7591
2015,6037602003,Census Tract 6020.03,Inglewood,Los Angeles County,California,Inglewood,48701.0,5624.0,55467.0,16576.0,54982.0,13669.0,,,,,,,42845.0,8143.0,,,,,47253.0,6362.0,$48701,$5624,$55467,$16576,$54982,$13669,,,,,,,$42845,$8143,,,,,$47253,$6362
2015,6037602004,Census Tract 6020.04,Inglewood,Los Angeles County,California,Inglewood,50236.0,4713.0,63457.0,20240.0,30115.0,27654.0,,,,,,,45455.0,16808.0,,,,,52824.0,9142.0,$50236,$4713,$63457,$20240,$30115,$27654,,,,,,,$45455,$16808,,,,,$52824,$9142
2015,6037602104,Census Tract 6021.04,Inglewood,Los Angeles County,California,Inglewood,55523.0,6169.0,67640.0,13270.0,30431.0,20629.0,,,,,,,58095.0,9757.0,58388.0,22113.0,,,58699.0,13644.0,$55523,$6169,$67640,$13270,$30431,$20629,,,,,,,$58095,$9757,$58388,$22113,,,$58699,$13644
2015,6037602700,Census Tract 6027,Inglewood,Los Angeles County,California,Inglewood,103187.0,25852.0,115028.0,9205.0,91766.0,23533.0,,,,,,,,,,,,,116451.0,26547.0,$103187,$25852,$115028,$9205,$91766,$23533,,,,,,,,,,,,,$116451,$26547
2015,6037703002,Census Tract 7030.02,Inglewood,Los Angeles County,California,Inglewood,137293.0,18871.0,102635.0,39589.0,138479.0,16871.0,,,235611.0,186128.0,,,,,,,102001.0,25896.0,,,$137293,$18871,$102635,$39589,$138479,$16871,,,$235611,$186128,,,,,,,$102001,$25896,,
2016,6037600501,Census Tract 6005.01,Inglewood,Los Angeles County,California,Inglewood,74794.0,10358.0,,,76269.0,8629.0,,,,,,,,,,,,,,,$74794,$10358,,,$76269,$8629,,,,,,,,,,,,,,
2016,6037600502,Census Tract 6005.02,Inglewood,Los Angeles County,California,Inglewood,74388.0,14690.0,52765.0,25065.0,91531.0,59091.0,,,,,,,51127.0,45395.0,,,,,70190.0,26849.0,$74388,$14690,$52765,$25065,$91531,$59091,,,,,,,$51127,$45395,,,,,$70190,$26849
2016,6037600601,Census Tract 6006.01,Inglewood,Los Angeles County,California,Inglewood,81647.0,6426.0,91021.0,34914.0,80991.0,5881.0,,,,,,,46430.0,28441.0,100556.0,48764.0,,,,,$81647,$6426,$91021,$34914,$80991,$5881,,,,,,,$46430,$28441,$100556,$48764,,,,
2016,6037600602,Census Tract 6006.02,Inglewood,Los Angeles County,California,Inglewood,40172.0,6838.0,44859.0,6539.0,28013.0,5628.0,,,,,,,66571.0,12291.0,21610.0,3684.0,,,59060.0,9635.0,$40172,$6838,$44859,$6539,$28013,$5628,,,,,,,$66571,$12291,$21610,$3684,,,$59060,$9635
2016,6037600702,Census Tract 6007.02,Inglewood,Los Angeles County,California,Inglewood,113845.0,36318.0,48043.0,40722.0,128189.0,46352.0,,,,,,,,,,,,,,,$113845,$36318,$48043,$40722,$128189,$46352,,,,,,,,,,,,,,
2016,6037600703,Census Tract 6007.03,Inglewood,Los Angeles County,California,Inglewood,87951.0,10351.0,,,87901.0,8377.0,,,129455.0,122166.0,,,,,102622.0,100902.0,,,,,$87951,$10351,,,$87901,$8377,,,$129455,$122166,,,,,$102622,$100902,,,,
2016,6037600704,Census Tract 6007.04,Inglewood,Los Angeles County,California,Inglewood,85400.0,24214.0,87396.0,64167.0,85484.0,26072.0,,,,,,,,,,,,,86485.0,74695.0,$85400,$24214,$87396,$64167,$85484,$26072,,,,,,,,,,,,,$86485,$74695
2016,6037600801,Census Tract 6008.01,Inglewood,Los Angeles County,California,Inglewood,73073.0,29208.0,105182.0,88393.0,79287.0,27754.0,,,,,,,,,,,,,71282.0,69325.0,$73073,$29208,$105182,$88393,$79287,$27754,,,,,,,,,,,,,$71282,$69325
2016,6037600802,Census Tract 6008.02,Inglewood,Los Angeles County,California,Inglewood,68067.0,6858.0,,,69666.0,16442.0,,,,,,,57968.0,14254.0,,,,,58583.0,14447.0,$68067,$6858,,,$69666,$16442,,,,,,,$57968,$14254,,,,,$58583,$14447
2016,6037600902,Census Tract 6009.02,Inglewood,Los Angeles County,California,Inglewood,46833.0,8172.0,44707.0,11514.0,52962.0,15860.0,,,,,,,35968.0,14196.0,,,76854.0,71887.0,39202.0,10651.0,$46833,$8172,$44707,$11514,$52962,$15860,,,,,,,$35968,$14196,,,$76854,$71887,$39202,$10651
2016,6037600911,Census Tract 6009.11,Inglewood,Los Angeles County,California,Inglewood,68005.0,18158.0,67186.0,24290.0,66137.0,29053.0,,,,,,,,,,,85211.0,69809.0,58860.0,42405.0,$68005,$18158,$67186,$24290,$66137,$29053,,,,,,,,,,,$85211,$69809,$58860,$42405
2016,6037600912,Census Tract 6009.12,Inglewood,Los Angeles County,California,Inglewood,57316.0,4259.0,64611.0,7822.0,69941.0,27840.0,,,,,,,40669.0,9569.0,,,81024.0,34501.0,54002.0,8937.0,$57316,$4259,$64611,$7822,$69941,$27840,,,,,,,$40669,$9569,,,$81024,$34501,$54002,$8937
2016,6037601001,Census Tract 6010.01,Inglewood,Los Angeles County,California,Inglewood,36270.0,9895.0,38017.0,13393.0,30854.0,8706.0,,,,,,,64273.0,25334.0,139138.0,104549.0,39328.0,14583.0,,,$36270,$9895,$38017,$13393,$30854,$8706,,,,,,,$64273,$25334,$139138,$104549,$39328,$14583,,
2016,6037601002,Census Tract 6010.02,Inglewood,Los Angeles County,California,Inglewood,55351.0,9840.0,46371.0,29340.0,59186.0,9431.0,,,,,,,63059.0,20928.0,,,,,48458.0,24007.0,$55351,$9840,$46371,$29340,$59186,$9431,,,,,,,$63059,$20928,,,,,$48458,$24007
2016,6037601100,Census Tract 6011,Inglewood,Los Angeles County,California,Inglewood,40918.0,2391.0,40690.0,8872.0,53898.0,25120.0,24078.0,5315.0,,,,,40920.0,23340.0,39510.0,32688.0,,,41122.0,8484.0,$40918,$2391,$40690,$8872,$53898,$25120,$24078,$5315,,,,,$40920,$23340,$39510,$32688,,,$41122,$8484
2016,6037601202,Census Tract 6012.02,Inglewood,Los Angeles County,California,Inglewood,63426.0,25573.0,51414.0,17983.0,,,,,,,,,89531.0,19446.0,,,92685.0,6435.0,55151.0,17862.0,$63426,$25573,$51414,$17983,,,,,,,,,$89531,$19446,,,$92685,$6435,$55151,$17862
2016,6037601211,Census Tract 6012.11,Inglewood,Los Angeles County,California,Inglewood,49607.0,14697.0,42549.0,25565.0,53901.0,15132.0,,,,,,,48564.0,16028.0,15010.0,14415.0,53401.0,23559.0,42401.0,13985.0,$49607,$14697,$42549,$25565,$53901,$15132,,,,,,,$48564,$16028,$15010,$14415,$53401,$23559,$42401,$13985
2016,6037601212,Census Tract 6012.12,Inglewood,Los Angeles County,California,Inglewood,52160.0,4502.0,49707.0,13630.0,55566.0,19338.0,,,,,,,50665.0,16224.0,,,,,53574.0,6643.0,$52160,$4502,$49707,$13630,$55566,$19338,,,,,,,$50665,$16224,,,,,$53574,$6643
2016,6037601301,Census Tract 6013.01,Inglewood,Los Angeles County,California,Inglewood,79476.0,13029.0,77900.0,19783.0,84392.0,29636.0,,,,,,,56534.0,26350.0,,,78405.0,25129.0,,,$79476,$13029,$77900,$19783,$84392,$29636,,,,,,,$56534,$26350,,,$78405,$25129,,
2016,6037601302,Census Tract 6013.02,Inglewood,Los Angeles County,California,Inglewood,62477.0,8124.0,62647.0,32215.0,63400.0,11843.0,,,,,,,49863.0,46964.0,,,104547.0,37488.0,41403.0,19330.0,$62477,$8124,$62647,$32215,$63400,$11843,,,,,,,$49863,$46964,,,$104547,$37488,$41403,$19330
2016,6037601303,Census Tract 6013.03,Inglewood,Los Angeles County,California,Inglewood,49935.0,5763.0,47955.0,15525.0,51044.0,6409.0,,,27345.0,14627.0,,,54386.0,4072.0,37317.0,26130.0,91985.0,78934.0,52739.0,10307.0,$49935,$5763,$47955,$15525,$51044,$6409,,,$27345,$14627,,,$54386,$4072,$37317,$26130,$91985,$78934,$52739,$10307
2016,6037601401,Census Tract 6014.01,Inglewood,Los Angeles County,California,Inglewood,55883.0,9562.0,51721.0,21245.0,56717.0,12480.0,,,107744.0,35696.0,,,47487.0,8425.0,100085.0,34698.0,,,52013.0,10393.0,$55883,$9562,$51721,$21245,$56717,$12480,,,$107744,$35696,,,$47487,$8425,$100085,$34698,,,$52013,$10393
2016,6037601402,Census Tract 6014.02,Inglewood,Los Angeles County,California,Inglewood,72798.0,6691.0,67793.0,24091.0,,,,,83572.0,63752.0,,,73368.0,9772.0,,,,,74612.0,6306.0,$72798,$6691,$67793,$24091,,,,,$83572,$63752,,,$73368,$9772,,,,,$74612,$6306
2016,6037601501,Census Tract 6015.01,Inglewood,Los Angeles County,California,Inglewood,45310.0,9681.0,42482.0,10414.0,,,,,,,,,45370.0,11346.0,,,,,45515.0,10865.0,$45310,$9681,$42482,$10414,,,,,,,,,$45370,$11346,,,,,$45515,$10865
2016,6037601700,Census Tract 6017,Inglewood,Los Angeles County,California,Inglewood,42578.0,10788.0,54970.0,18770.0,,,,,,,,,41883.0,13610.0,38466.0,18155.0,,,44676.0,14314.0,$42578,$10788,$54970,$18770,,,,,,,,,$41883,$13610,$38466,$18155,,,$44676,$14314
2016,6037601801,Census Tract 6018.01,Inglewood,Los Angeles County,California,Inglewood,44551.0,6937.0,42606.0,9304.0,59648.0,26048.0,,,,,,,44040.0,13061.0,,,,,43660.0,7579.0,$44551,$6937,$42606,$9304,$59648,$26048,,,,,,,$44040,$13061,,,,,$43660,$7579
2016,6037601802,Census Tract 6018.02,Inglewood,Los Angeles County,California,Inglewood,56453.0,10899.0,50043.0,11239.0,146094.0,74313.0,,,,,,,60324.0,28750.0,,,,,57108.0,9706.0,$56453,$10899,$50043,$11239,$146094,$74313,,,,,,,$60324,$28750,,,,,$57108,$9706
2016,6037601900,Census Tract 6019,Inglewood,Los Angeles County,California,Inglewood,51482.0,16479.0,56300.0,15474.0,42731.0,18584.0,,,,,,,85758.0,37957.0,,,,,58524.0,19387.0,$51482,$16479,$56300,$15474,$42731,$18584,,,,,,,$85758,$37957,,,,,$58524,$19387
2016,6037602002,Census Tract 6020.02,Inglewood,Los Angeles County,California,Inglewood,50669.0,6095.0,66237.0,12360.0,,,,,85679.0,15489.0,,,43016.0,4185.0,,,52148.0,24692.0,50799.0,7438.0,$50669,$6095,$66237,$12360,,,,,$85679,$15489,,,$43016,$4185,,,$52148,$24692,$50799,$7438
2016,6037602003,Census Tract 6020.03,Inglewood,Los Angeles County,California,Inglewood,50492.0,6029.0,63689.0,15480.0,45571.0,19429.0,,,,,,,47522.0,6346.0,,,,,49365.0,6114.0,$50492,$6029,$63689,$15480,$45571,$19429,,,,,,,$47522,$6346,,,,,$49365,$6114
2016,6037602004,Census Tract 6020.04,Inglewood,Los Angeles County,California,Inglewood,52084.0,7151.0,62761.0,25916.0,46135.0,20141.0,,,,,,,56370.0,35384.0,,,,,55566.0,17686.0,$52084,$7151,$62761,$25916,$46135,$20141,,,,,,,$56370,$35384,,,,,$55566,$17686
2016,6037602104,Census Tract 6021.04,Inglewood,Los Angeles County,California,Inglewood,58640.0,6063.0,68048.0,12424.0,40785.0,28222.0,,,,,,,57549.0,6236.0,58686.0,22927.0,,,59472.0,10275.0,$58640,$6063,$68048,$12424,$40785,$28222,,,,,,,$57549,$6236,$58686,$22927,,,$59472,$10275
2016,6037602700,Census Tract 6027,Inglewood,Los Angeles County,California,Inglewood,105836.0,29402.0,119060.0,3420.0,85940.0,32825.0,,,153919.0,130521.0,,,119858.0,7630.0,93609.0,43821.0,118921.0,70038.0,113069.0,37113.0,$105836,$29402,$119060,$3420,$85940,$32825,,,$153919,$130521,,,$119858,$7630,$93609,$43821,$118921,$70038,$113069,$37113
2016,6037703002,Census Tract 7030.02,Inglewood,Los Angeles County,California,Inglewood,117557.0,27792.0,99101.0,44052.0,120686.0,20704.0,,,,,,,,,,,99023.0,45399.0,,,$117557,$27792,$99101,$44052,$120686,$20704,,,,,,,,,,,$99023,$45399,,
2017,6037600501,Census Tract 6005.01,Inglewood,Los Angeles County,California,Inglewood,78689.0,4453.0,53841.0,49635.0,78580.0,3598.0,,,,,,,,,138795.0,55520.0,18352.0,1793.0,86062.0,75503.0,$78689,$4453,$53841,$49635,$78580,$3598,,,,,,,,,$138795,$55520,$18352,$1793,$86062,$75503
2017,6037600502,Census Tract 6005.02,Inglewood,Los Angeles County,California,Inglewood,81260.0,18994.0,54893.0,23873.0,125780.0,58053.0,,,,,,,74956.0,42212.0,,,41031.0,36467.0,72205.0,29763.0,$81260,$18994,$54893,$23873,$125780,$58053,,,,,,,$74956,$42212,,,$41031,$36467,$72205,$29763
2017,6037600601,Census Tract 6006.01,Inglewood,Los Angeles County,California,Inglewood,84863.0,7245.0,92886.0,27050.0,83675.0,7255.0,,,,,,,49206.0,38391.0,119107.0,50738.0,,,84507.0,71181.0,$84863,$7245,$92886,$27050,$83675,$7255,,,,,,,$49206,$38391,$119107,$50738,,,$84507,$71181
2017,6037600602,Census Tract 6006.02,Inglewood,Los Angeles County,California,Inglewood,45214.0,7939.0,57443.0,9129.0,31734.0,13201.0,,,,,,,65787.0,18926.0,21704.0,6508.0,36217.0,8702.0,60823.0,11426.0,$45214,$7939,$57443,$9129,$31734,$13201,,,,,,,$65787,$18926,$21704,$6508,$36217,$8702,$60823,$11426
2017,6037600702,Census Tract 6007.02,Inglewood,Los Angeles County,California,Inglewood,130021.0,23615.0,90553.0,79767.0,146515.0,30173.0,,,,,,,128913.0,53142.0,,,,,92773.0,45811.0,$130021,$23615,$90553,$79767,$146515,$30173,,,,,,,$128913,$53142,,,,,$92773,$45811
2017,6037600703,Census Tract 6007.03,Inglewood,Los Angeles County,California,Inglewood,85227.0,5545.0,71588.0,57812.0,86060.0,5847.0,,,,,,,,,,,,,,,$85227,$5545,$71588,$57812,$86060,$5847,,,,,,,,,,,,,,
2017,6037600704,Census Tract 6007.04,Inglewood,Los Angeles County,California,Inglewood,80630.0,25613.0,,,79586.0,28072.0,,,,,,,140399.0,82526.0,,,,,,,$80630,$25613,,,$79586,$28072,,,,,,,$140399,$82526,,,,,,
2017,6037600801,Census Tract 6008.01,Inglewood,Los Angeles County,California,Inglewood,72928.0,22206.0,107924.0,23491.0,72789.0,26117.0,,,,,,,36058.0,6702.0,,,,,91460.0,63303.0,$72928,$22206,$107924,$23491,$72789,$26117,,,,,,,$36058,$6702,,,,,$91460,$63303
2017,6037600802,Census Tract 6008.02,Inglewood,Los Angeles County,California,Inglewood,81776.0,17617.0,158852.0,94333.0,82283.0,14652.0,,,,,,,61330.0,10065.0,,,,,63469.0,12623.0,$81776,$17617,$158852,$94333,$82283,$14652,,,,,,,$61330,$10065,,,,,$63469,$12623
2017,6037600902,Census Tract 6009.02,Inglewood,Los Angeles County,California,Inglewood,43298.0,6986.0,37275.0,13835.0,41603.0,10599.0,,,,,,,61188.0,26694.0,,,51748.0,38015.0,42128.0,10514.0,$43298,$6986,$37275,$13835,$41603,$10599,,,,,,,$61188,$26694,,,$51748,$38015,$42128,$10514
2017,6037600911,Census Tract 6009.11,Inglewood,Los Angeles County,California,Inglewood,73008.0,16358.0,66189.0,32398.0,68779.0,22045.0,,,,,,,112738.0,92681.0,,,95917.0,60213.0,71603.0,43045.0,$73008,$16358,$66189,$32398,$68779,$22045,,,,,,,$112738,$92681,,,$95917,$60213,$71603,$43045
2017,6037600912,Census Tract 6009.12,Inglewood,Los Angeles County,California,Inglewood,58423.0,6626.0,62824.0,8728.0,57206.0,29362.0,,,,,,,48885.0,15041.0,135319.0,115086.0,79082.0,47476.0,57908.0,8319.0,$58423,$6626,$62824,$8728,$57206,$29362,,,,,,,$48885,$15041,$135319,$115086,$79082,$47476,$57908,$8319
2017,6037601001,Census Tract 6010.01,Inglewood,Los Angeles County,California,Inglewood,40843.0,13747.0,41273.0,21542.0,32026.0,17608.0,,,,,,,61776.0,8321.0,,,52750.0,19429.0,40990.0,26546.0,$40843,$13747,$41273,$21542,$32026,$17608,,,,,,,$61776,$8321,,,$52750,$19429,$40990,$26546
2017,6037601002,Census Tract 6010.02,Inglewood,Los Angeles County,California,Inglewood,52904.0,10286.0,39620.0,13015.0,57478.0,8241.0,,,,,,,61661.0,23518.0,,,,,46627.0,20618.0,$52904,$10286,$39620,$13015,$57478,$8241,,,,,,,$61661,$23518,,,,,$46627,$20618
2017,6037601100,Census Tract 6011,Inglewood,Los Angeles County,California,Inglewood,40520.0,5864.0,41522.0,12151.0,44516.0,22434.0,24234.0,8677.0,27551.0,19850.0,,,51506.0,25613.0,,,,,43375.0,14032.0,$40520,$5864,$41522,$12151,$44516,$22434,$24234,$8677,$27551,$19850,,,$51506,$25613,,,,,$43375,$14032
2017,6037601202,Census Tract 6012.02,Inglewood,Los Angeles County,California,Inglewood,75584.0,25819.0,61687.0,29403.0,52442.0,5941.0,,,,,,,89101.0,15084.0,,,93487.0,7703.0,73466.0,26201.0,$75584,$25819,$61687,$29403,$52442,$5941,,,,,,,$89101,$15084,,,$93487,$7703,$73466,$26201
2017,6037601211,Census Tract 6012.11,Inglewood,Los Angeles County,California,Inglewood,43323.0,13388.0,46656.0,15238.0,48458.0,21532.0,,,,,,,51346.0,13730.0,,,52573.0,22034.0,46613.0,13608.0,$43323,$13388,$46656,$15238,$48458,$21532,,,,,,,$51346,$13730,,,$52573,$22034,$46613,$13608
2017,6037601212,Census Tract 6012.12,Inglewood,Los Angeles County,California,Inglewood,53320.0,5056.0,46910.0,16519.0,63904.0,15327.0,,,,,,,52594.0,29829.0,,,,,51272.0,6885.0,$53320,$5056,$46910,$16519,$63904,$15327,,,,,,,$52594,$29829,,,,,$51272,$6885
2017,6037601301,Census Tract 6013.01,Inglewood,Los Angeles County,California,Inglewood,83637.0,18246.0,91460.0,35160.0,86325.0,25115.0,,,,,,,,,20966.0,17359.0,85577.0,26629.0,129703.0,128537.0,$83637,$18246,$91460,$35160,$86325,$25115,,,,,,,,,$20966,$17359,$85577,$26629,$129703,$128537
2017,6037601302,Census Tract 6013.02,Inglewood,Los Angeles County,California,Inglewood,65005.0,11160.0,74094.0,37375.0,66272.0,12138.0,,,,,,,,,,,95338.0,29140.0,41349.0,21710.0,$65005,$11160,$74094,$37375,$66272,$12138,,,,,,,,,,,$95338,$29140,$41349,$21710
2017,6037601303,Census Tract 6013.03,Inglewood,Los Angeles County,California,Inglewood,52103.0,3244.0,57051.0,22600.0,51469.0,5387.0,,,26075.0,19065.0,,,53753.0,3033.0,40425.0,6799.0,95792.0,31603.0,53890.0,3097.0,$52103,$3244,$57051,$22600,$51469,$5387,,,$26075,$19065,,,$53753,$3033,$40425,$6799,$95792,$31603,$53890,$3097
2017,6037601401,Census Tract 6014.01,Inglewood,Los Angeles County,California,Inglewood,60063.0,5743.0,59850.0,19223.0,62883.0,5334.0,,,,,,,46007.0,9941.0,95071.0,68842.0,,,50632.0,12173.0,$60063,$5743,$59850,$19223,$62883,$5334,,,,,,,$46007,$9941,$95071,$68842,,,$50632,$12173
2017,6037601402,Census Tract 6014.02,Inglewood,Los Angeles County,California,Inglewood,72092.0,6921.0,79553.0,35393.0,66475.0,37421.0,,,,,,,71003.0,14329.0,,,,,74366.0,8436.0,$72092,$6921,$79553,$35393,$66475,$37421,,,,,,,$71003,$14329,,,,,$74366,$8436
2017,6037601501,Census Tract 6015.01,Inglewood,Los Angeles County,California,Inglewood,45386.0,9729.0,42838.0,14274.0,,,,,,,,,43620.0,9233.0,86856.0,37865.0,46733.0,39269.0,44195.0,8844.0,$45386,$9729,$42838,$14274,,,,,,,,,$43620,$9233,$86856,$37865,$46733,$39269,$44195,$8844
2017,6037601700,Census Tract 6017,Inglewood,Los Angeles County,California,Inglewood,47571.0,12003.0,55624.0,19269.0,26824.0,9262.0,,,,,,,51541.0,24717.0,36990.0,21237.0,,,52405.0,13311.0,$47571,$12003,$55624,$19269,$26824,$9262,,,,,,,$51541,$24717,$36990,$21237,,,$52405,$13311
2017,6037601801,Census Tract 6018.01,Inglewood,Los Angeles County,California,Inglewood,45698.0,5504.0,42303.0,8997.0,44527.0,36748.0,,,,,,,47367.0,16953.0,,,,,45570.0,5332.0,$45698,$5504,$42303,$8997,$44527,$36748,,,,,,,$47367,$16953,,,,,$45570,$5332
2017,6037601802,Census Tract 6018.02,Inglewood,Los Angeles County,California,Inglewood,60276.0,18628.0,47792.0,9563.0,,,,,,,,,84584.0,31671.0,,,39884.0,14879.0,67638.0,19877.0,$60276,$18628,$47792,$9563,,,,,,,,,$84584,$31671,,,$39884,$14879,$67638,$19877
2017,6037601900,Census Tract 6019,Inglewood,Los Angeles County,California,Inglewood,50920.0,14783.0,59048.0,19129.0,55383.0,24454.0,,,,,,,,,,,,,58085.0,20311.0,$50920,$14783,$59048,$19129,$55383,$24454,,,,,,,,,,,,,$58085,$20311
2017,6037602002,Census Tract 6020.02,Inglewood,Los Angeles County,California,Inglewood,50311.0,4104.0,60652.0,9482.0,15476.0,9748.0,,,88786.0,74525.0,,,46143.0,3662.0,,,54555.0,35175.0,50062.0,4056.0,$50311,$4104,$60652,$9482,$15476,$9748,,,$88786,$74525,,,$46143,$3662,,,$54555,$35175,$50062,$4056
2017,6037602003,Census Tract 6020.03,Inglewood,Los Angeles County,California,Inglewood,53080.0,4943.0,65449.0,23790.0,52713.0,15387.0,,,,,,,51799.0,8037.0,,,,,52657.0,7459.0,$53080,$4943,$65449,$23790,$52713,$15387,,,,,,,$51799,$8037,,,,,$52657,$7459
2017,6037602004,Census Tract 6020.04,Inglewood,Los Angeles County,California,Inglewood,52100.0,8358.0,54409.0,17043.0,42878.0,25124.0,,,,,,,60276.0,31258.0,,,,,58252.0,14614.0,$52100,$8358,$54409,$17043,$42878,$25124,,,,,,,$60276,$31258,,,,,$58252,$14614
2017,6037602104,Census Tract 6021.04,Inglewood,Los Angeles County,California,Inglewood,60338.0,7689.0,68164.0,13698.0,45195.0,28455.0,,,,,,,61152.0,15799.0,56552.0,14926.0,197956.0,174784.0,60035.0,10866.0,$60338,$7689,$68164,$13698,$45195,$28455,,,,,,,$61152,$15799,$56552,$14926,$197956,$174784,$60035,$10866
2017,6037602700,Census Tract 6027,Inglewood,Los Angeles County,California,Inglewood,106374.0,18615.0,,,105010.0,28484.0,,,199768.0,109248.0,,,116866.0,35780.0,91409.0,42684.0,,,91511.0,36466.0,$106374,$18615,,,$105010,$28484,,,$199768,$109248,,,$116866,$35780,$91409,$42684,,,$91511,$36466
2017,6037703002,Census Tract 7030.02,Inglewood,Los Angeles County,California,Inglewood,129532.0,20668.0,86646.0,67982.0,132176.0,18868.0,,,316901.0,110144.0,,,,,244985.0,185511.0,89944.0,71394.0,,,$129532,$20668,$86646,$67982,$132176,$18868,,,$316901,$110144,,,,,$244985,$185511,$89944,$71394,,
2018,6037600501,Census Tract 6005.01,Inglewood,Los Angeles County,California,Inglewood,76337.0,10450.0,63175.0,44330.0,73189.0,12855.0,,,171511.0,137055.0,,,156945.0,65632.0,138060.0,29741.0,18013.0,3118.0,127132.0,69439.0,$76337,$10450,$63175,$44330,$73189,$12855,,,$171511,$137055,,,$156945,$65632,$138060,$29741,$18013,$3118,$127132,$69439
2018,6037600502,Census Tract 6005.02,Inglewood,Los Angeles County,California,Inglewood,79170.0,18620.0,58401.0,22530.0,129047.0,68553.0,,,,,,,72886.0,44649.0,,,43074.0,33794.0,72286.0,30376.0,$79170,$18620,$58401,$22530,$129047,$68553,,,,,,,$72886,$44649,,,$43074,$33794,$72286,$30376
2018,6037600601,Census Tract 6006.01,Inglewood,Los Angeles County,California,Inglewood,90846.0,13430.0,102035.0,29088.0,85534.0,12993.0,,,,,,,48835.0,833.0,134964.0,68494.0,,,101363.0,76239.0,$90846,$13430,$102035,$29088,$85534,$12993,,,,,,,$48835,$833,$134964,$68494,,,$101363,$76239
2018,6037600602,Census Tract 6006.02,Inglewood,Los Angeles County,California,Inglewood,44557.0,8265.0,57797.0,15354.0,31796.0,12934.0,,,,,,,60738.0,15168.0,24614.0,7553.0,38767.0,9022.0,61282.0,11384.0,$44557,$8265,$57797,$15354,$31796,$12934,,,,,,,$60738,$15168,$24614,$7553,$38767,$9022,$61282,$11384
2018,6037600702,Census Tract 6007.02,Inglewood,Los Angeles County,California,Inglewood,115184.0,32839.0,,,138423.0,39266.0,,,,,,,129202.0,46677.0,,,,,93439.0,50965.0,$115184,$32839,,,$138423,$39266,,,,,,,$129202,$46677,,,,,$93439,$50965
2018,6037600703,Census Tract 6007.03,Inglewood,Los Angeles County,California,Inglewood,86978.0,9299.0,,,87586.0,11539.0,,,,,,,,,,,142452.0,1098.0,71492.0,41197.0,$86978,$9299,,,$87586,$11539,,,,,,,,,,,$142452,$1098,$71492,$41197
2018,6037600704,Census Tract 6007.04,Inglewood,Los Angeles County,California,Inglewood,83015.0,27275.0,,,87429.0,27438.0,,,,,,,127132.0,97537.0,,,65324.0,34649.0,,,$83015,$27275,,,$87429,$27438,,,,,,,$127132,$97537,,,$65324,$34649,,
2018,6037600801,Census Tract 6008.01,Inglewood,Los Angeles County,California,Inglewood,108177.0,26195.0,108682.0,24348.0,114167.0,31153.0,,,,,,,,,,,,,107772.0,59222.0,$108177,$26195,$108682,$24348,$114167,$31153,,,,,,,,,,,,,$107772,$59222
2018,6037600802,Census Tract 6008.02,Inglewood,Los Angeles County,California,Inglewood,83571.0,8531.0,82790.0,60760.0,83880.0,11947.0,,,,,,,64045.0,53906.0,,,,,76749.0,13492.0,$83571,$8531,$82790,$60760,$83880,$11947,,,,,,,$64045,$53906,,,,,$76749,$13492
2018,6037600902,Census Tract 6009.02,Inglewood,Los Angeles County,California,Inglewood,48378.0,10029.0,44966.0,11076.0,50588.0,15688.0,,,,,,,56766.0,43597.0,80740.0,47388.0,56290.0,43095.0,41403.0,13215.0,$48378,$10029,$44966,$11076,$50588,$15688,,,,,,,$56766,$43597,$80740,$47388,$56290,$43095,$41403,$13215
2018,6037600911,Census Tract 6009.11,Inglewood,Los Angeles County,California,Inglewood,68542.0,19896.0,77532.0,51044.0,66662.0,24140.0,,,,,,,,,,,136814.0,44859.0,56561.0,11281.0,$68542,$19896,$77532,$51044,$66662,$24140,,,,,,,,,,,$136814,$44859,$56561,$11281
2018,6037600912,Census Tract 6009.12,Inglewood,Los Angeles County,California,Inglewood,63404.0,9602.0,64156.0,9231.0,69881.0,26898.0,,,,,,,51375.0,10541.0,135064.0,127560.0,101680.0,59490.0,61924.0,7775.0,$63404,$9602,$64156,$9231,$69881,$26898,,,,,,,$51375,$10541,$135064,$127560,$101680,$59490,$61924,$7775
2018,6037601001,Census Tract 6010.01,Inglewood,Los Angeles County,California,Inglewood,40015.0,9843.0,,,33717.0,13889.0,,,,,,,59395.0,18504.0,,,39393.0,18208.0,,,$40015,$9843,,,$33717,$13889,,,,,,,$59395,$18504,,,$39393,$18208,,
2018,6037601002,Census Tract 6010.02,Inglewood,Los Angeles County,California,Inglewood,59675.0,18201.0,44568.0,28409.0,66840.0,11945.0,,,,,,,57954.0,37212.0,,,,,34864.0,23450.0,$59675,$18201,$44568,$28409,$66840,$11945,,,,,,,$57954,$37212,,,,,$34864,$23450
2018,6037601100,Census Tract 6011,Inglewood,Los Angeles County,California,Inglewood,42873.0,8909.0,47821.0,16684.0,39843.0,19867.0,23710.0,9112.0,,,,,57014.0,12003.0,,,,,54331.0,13351.0,$42873,$8909,$47821,$16684,$39843,$19867,$23710,$9112,,,,,$57014,$12003,,,,,$54331,$13351
2018,6037601202,Census Tract 6012.02,Inglewood,Los Angeles County,California,Inglewood,65883.0,23683.0,70200.0,24002.0,51206.0,4686.0,,,,,,,76026.0,42897.0,,,94292.0,11296.0,58984.0,26704.0,$65883,$23683,$70200,$24002,$51206,$4686,,,,,,,$76026,$42897,,,$94292,$11296,$58984,$26704
2018,6037601211,Census Tract 6012.11,Inglewood,Los Angeles County,California,Inglewood,51963.0,9920.0,45312.0,17674.0,63003.0,26595.0,,,,,,,51913.0,13988.0,,,60846.0,9736.0,48147.0,7318.0,$51963,$9920,$45312,$17674,$63003,$26595,,,,,,,$51913,$13988,,,$60846,$9736,$48147,$7318
2018,6037601212,Census Tract 6012.12,Inglewood,Los Angeles County,California,Inglewood,57093.0,11801.0,38594.0,7784.0,65531.0,16250.0,,,,,,,73407.0,10112.0,,,20049.0,10032.0,61478.0,13344.0,$57093,$11801,$38594,$7784,$65531,$16250,,,,,,,$73407,$10112,,,$20049,$10032,$61478,$13344
2018,6037601301,Census Tract 6013.01,Inglewood,Los Angeles County,California,Inglewood,81204.0,14971.0,91238.0,32009.0,86930.0,22095.0,,,,,,,,,,,90976.0,19835.0,,,$81204,$14971,$91238,$32009,$86930,$22095,,,,,,,,,,,$90976,$19835,,
2018,6037601302,Census Tract 6013.02,Inglewood,Los Angeles County,California,Inglewood,60076.0,13934.0,59114.0,45513.0,64172.0,24502.0,,,100807.0,18573.0,,,30073.0,28620.0,,,96776.0,13431.0,41631.0,19016.0,$60076,$13934,$59114,$45513,$64172,$24502,,,$100807,$18573,,,$30073,$28620,,,$96776,$13431,$41631,$19016
2018,6037601303,Census Tract 6013.03,Inglewood,Los Angeles County,California,Inglewood,57148.0,10858.0,62809.0,17247.0,59019.0,18632.0,,,25565.0,14034.0,,,64466.0,26749.0,40108.0,23716.0,103745.0,58625.0,62570.0,10417.0,$57148,$10858,$62809,$17247,$59019,$18632,,,$25565,$14034,,,$64466,$26749,$40108,$23716,$103745,$58625,$62570,$10417
2018,6037601401,Census Tract 6014.01,Inglewood,Los Angeles County,California,Inglewood,58585.0,8354.0,55082.0,22321.0,63976.0,8389.0,124234.0,89024.0,,,,,48247.0,5518.0,,,,,50394.0,7010.0,$58585,$8354,$55082,$22321,$63976,$8389,$124234,$89024,,,,,$48247,$5518,,,,,$50394,$7010
2018,6037601402,Census Tract 6014.02,Inglewood,Los Angeles County,California,Inglewood,69812.0,11464.0,68277.0,22131.0,,,,,,,,,72148.0,13810.0,,,56466.0,42160.0,73147.0,9818.0,$69812,$11464,$68277,$22131,,,,,,,,,$72148,$13810,,,$56466,$42160,$73147,$9818
2018,6037601501,Census Tract 6015.01,Inglewood,Los Angeles County,California,Inglewood,45755.0,8670.0,42465.0,17459.0,,,,,,,,,50524.0,12399.0,88497.0,16221.0,26057.0,12636.0,50256.0,13390.0,$45755,$8670,$42465,$17459,,,,,,,,,$50524,$12399,$88497,$16221,$26057,$12636,$50256,$13390
2018,6037601700,Census Tract 6017,Inglewood,Los Angeles County,California,Inglewood,58893.0,25770.0,72668.0,24285.0,25809.0,6574.0,,,,,,,76227.0,36662.0,,,,,69365.0,17476.0,$58893,$25770,$72668,$24285,$25809,$6574,,,,,,,$76227,$36662,,,,,$69365,$17476
2018,6037601801,Census Tract 6018.01,Inglewood,Los Angeles County,California,Inglewood,45854.0,5993.0,40445.0,11166.0,30363.0,15355.0,,,,,,,51261.0,14688.0,,,,,46951.0,5452.0,$45854,$5993,$40445,$11166,$30363,$15355,,,,,,,$51261,$14688,,,,,$46951,$5452
2018,6037601802,Census Tract 6018.02,Inglewood,Los Angeles County,California,Inglewood,58629.0,15559.0,49502.0,12918.0,,,,,,,,,69231.0,33565.0,,,38375.0,14187.0,59151.0,16826.0,$58629,$15559,$49502,$12918,,,,,,,,,$69231,$33565,,,$38375,$14187,$59151,$16826
2018,6037601900,Census Tract 6019,Inglewood,Los Angeles County,California,Inglewood,62471.0,11903.0,75777.0,20979.0,59656.0,30459.0,,,,,,,61764.0,32218.0,,,,,75508.0,24798.0,$62471,$11903,$75777,$20979,$59656,$30459,,,,,,,$61764,$32218,,,,,$75508,$24798
2018,6037602002,Census Tract 6020.02,Inglewood,Los Angeles County,California,Inglewood,52225.0,3562.0,67209.0,17084.0,23146.0,16763.0,,,86983.0,81127.0,,,50870.0,3488.0,,,52732.0,46119.0,52930.0,8221.0,$52225,$3562,$67209,$17084,$23146,$16763,,,$86983,$81127,,,$50870,$3488,,,$52732,$46119,$52930,$8221
2018,6037602003,Census Tract 6020.03,Inglewood,Los Angeles County,California,Inglewood,54896.0,5735.0,66438.0,17148.0,53509.0,20791.0,,,,,,,51612.0,8145.0,71855.0,32254.0,,,55023.0,10424.0,$54896,$5735,$66438,$17148,$53509,$20791,,,,,,,$51612,$8145,$71855,$32254,,,$55023,$10424
2018,6037602004,Census Tract 6020.04,Inglewood,Los Angeles County,California,Inglewood,63813.0,11003.0,63958.0,14639.0,59025.0,15109.0,,,,,,,73617.0,17400.0,,,,,64339.0,13558.0,$63813,$11003,$63958,$14639,$59025,$15109,,,,,,,$73617,$17400,,,,,$64339,$13558
2018,6037602104,Census Tract 6021.04,Inglewood,Los Angeles County,California,Inglewood,59324.0,5216.0,68650.0,18658.0,53919.0,25634.0,,,60042.0,58766.0,,,60912.0,23561.0,57908.0,28269.0,,,65991.0,18113.0,$59324,$5216,$68650,$18658,$53919,$25634,,,$60042,$58766,,,$60912,$23561,$57908,$28269,,,$65991,$18113
2018,6037602700,Census Tract 6027,Inglewood,Los Angeles County,California,Inglewood,112142.0,17232.0,107479.0,44922.0,110275.0,27427.0,,,202740.0,57718.0,,,116480.0,80587.0,,,,,83432.0,54807.0,$112142,$17232,$107479,$44922,$110275,$27427,,,$202740,$57718,,,$116480,$80587,,,,,$83432,$54807
2018,6037703002,Census Tract 7030.02,Inglewood,Los Angeles County,California,Inglewood,127517.0,23455.0,,,131442.0,20036.0,,,,,,,,,244762.0,223777.0,,,,,$127517,$23455,,,$131442,$20036,,,,,,,,,$244762,$223777,,,,
2019,6037600501,Census Tract 6005.01,Inglewood,Los Angeles County,California,Inglewood,82344.0,8224.0,,,78982.0,5253.0,,,,,,,100764.0,61428.0,123731.0,47315.0,,,,,$82344,$8224,,,$78982,$5253,,,,,,,$100764,$61428,$123731,$47315,,,,
2019,6037600502,Census Tract 6005.02,Inglewood,Los Angeles County,California,Inglewood,81894.0,13665.0,74378.0,13311.0,128126.0,75489.0,,,,,,,92303.0,91381.0,,,68019.0,29394.0,77054.0,13389.0,$81894,$13665,$74378,$13311,$128126,$75489,,,,,,,$92303,$91381,,,$68019,$29394,$77054,$13389
2019,6037600601,Census Tract 6006.01,Inglewood,Los Angeles County,California,Inglewood,99328.0,9001.0,92083.0,73198.0,99603.0,7390.0,,,,,,,51280.0,20881.0,135993.0,61859.0,,,69741.0,68811.0,$99328,$9001,$92083,$73198,$99603,$7390,,,,,,,$51280,$20881,$135993,$61859,,,$69741,$68811
2019,6037600602,Census Tract 6006.02,Inglewood,Los Angeles County,California,Inglewood,51866.0,9243.0,57382.0,18838.0,39250.0,15497.0,,,,,,,61689.0,11580.0,,,37581.0,8486.0,61068.0,8715.0,$51866,$9243,$57382,$18838,$39250,$15497,,,,,,,$61689,$11580,,,$37581,$8486,$61068,$8715
2019,6037600702,Census Tract 6007.02,Inglewood,Los Angeles County,California,Inglewood,121312.0,27573.0,,,131686.0,38327.0,,,,,,,130285.0,35980.0,,,,,108764.0,64164.0,$121312,$27573,,,$131686,$38327,,,,,,,$130285,$35980,,,,,$108764,$64164
2019,6037600703,Census Tract 6007.03,Inglewood,Los Angeles County,California,Inglewood,89226.0,10879.0,,,93586.0,13908.0,,,,,,,,,45342.0,29175.0,155377.0,139737.0,,,$89226,$10879,,,$93586,$13908,,,,,,,,,$45342,$29175,$155377,$139737,,
2019,6037600704,Census Tract 6007.04,Inglewood,Los Angeles County,California,Inglewood,86216.0,22836.0,,,76220.0,21176.0,,,29111.0,16074.0,,,136776.0,28125.0,,,,,,,$86216,$22836,,,$76220,$21176,,,$29111,$16074,,,$136776,$28125,,,,,,
2019,6037600801,Census Tract 6008.01,Inglewood,Los Angeles County,California,Inglewood,114610.0,29536.0,,,114764.0,28749.0,,,,,,,,,,,,,,,$114610,$29536,,,$114764,$28749,,,,,,,,,,,,,,
2019,6037600802,Census Tract 6008.02,Inglewood,Los Angeles County,California,Inglewood,85558.0,20387.0,,,88745.0,23353.0,,,,,,,63913.0,26294.0,,,,,76041.0,9528.0,$85558,$20387,,,$88745,$23353,,,,,,,$63913,$26294,,,,,$76041,$9528
2019,6037600902,Census Tract 6009.02,Inglewood,Los Angeles County,California,Inglewood,51046.0,12397.0,47240.0,9528.0,52183.0,15735.0,,,,,,,63895.0,18617.0,,,62507.0,51942.0,36590.0,21226.0,$51046,$12397,$47240,$9528,$52183,$15735,,,,,,,$63895,$18617,,,$62507,$51942,$36590,$21226
2019,6037600911,Census Tract 6009.11,Inglewood,Los Angeles County,California,Inglewood,73459.0,12483.0,97304.0,29589.0,68714.0,16387.0,,,,,,,58898.0,52388.0,149003.0,103568.0,115965.0,105463.0,54998.0,19938.0,$73459,$12483,$97304,$29589,$68714,$16387,,,,,,,$58898,$52388,$149003,$103568,$115965,$105463,$54998,$19938
2019,6037600912,Census Tract 6009.12,Inglewood,Los Angeles County,California,Inglewood,68388.0,6595.0,67018.0,16229.0,68971.0,19985.0,,,,,,,54421.0,29639.0,136515.0,66926.0,84803.0,33563.0,65799.0,9511.0,$68388,$6595,$67018,$16229,$68971,$19985,,,,,,,$54421,$29639,$136515,$66926,$84803,$33563,$65799,$9511
2019,6037601001,Census Tract 6010.01,Inglewood,Los Angeles County,California,Inglewood,39559.0,14253.0,,,31853.0,13053.0,,,,,,,,,,,,,130623.0,123603.0,$39559,$14253,,,$31853,$13053,,,,,,,,,,,,,$130623,$123603
2019,6037601002,Census Tract 6010.02,Inglewood,Los Angeles County,California,Inglewood,65237.0,10392.0,46301.0,17738.0,73368.0,15349.0,,,,,,,63393.0,12106.0,50798.0,10055.0,,,55736.0,21966.0,$65237,$10392,$46301,$17738,$73368,$15349,,,,,,,$63393,$12106,$50798,$10055,,,$55736,$21966
2019,6037601100,Census Tract 6011,Inglewood,Los Angeles County,California,Inglewood,42889.0,9660.0,56578.0,16301.0,32344.0,11997.0,,,25537.0,20513.0,,,58821.0,21181.0,37990.0,16915.0,,,56108.0,14241.0,$42889,$9660,$56578,$16301,$32344,$11997,,,$25537,$20513,,,$58821,$21181,$37990,$16915,,,$56108,$14241
2019,6037601202,Census Tract 6012.02,Inglewood,Los Angeles County,California,Inglewood,82560.0,12413.0,92756.0,14951.0,51046.0,41063.0,,,182214.0,160999.0,,,55228.0,22516.0,,,94114.0,76390.0,78689.0,16814.0,$82560,$12413,$92756,$14951,$51046,$41063,,,$182214,$160999,,,$55228,$22516,,,$94114,$76390,$78689,$16814
2019,6037601211,Census Tract 6012.11,Inglewood,Los Angeles County,California,Inglewood,55301.0,7797.0,45190.0,18825.0,62201.0,14229.0,,,,,,,57799.0,43943.0,19691.0,11442.0,65305.0,7879.0,49105.0,11148.0,$55301,$7797,$45190,$18825,$62201,$14229,,,,,,,$57799,$43943,$19691,$11442,$65305,$7879,$49105,$11148
2019,6037601212,Census Tract 6012.12,Inglewood,Los Angeles County,California,Inglewood,55298.0,14591.0,38275.0,6989.0,65879.0,23967.0,,,,,53703.0,37988.0,76871.0,6158.0,92578.0,60363.0,19725.0,10937.0,62328.0,15495.0,$55298,$14591,$38275,$6989,$65879,$23967,,,,,$53703,$37988,$76871,$6158,$92578,$60363,$19725,$10937,$62328,$15495
2019,6037601301,Census Tract 6013.01,Inglewood,Los Angeles County,California,Inglewood,89447.0,18376.0,96918.0,49463.0,91996.0,22600.0,,,,,,,,,20241.0,16474.0,127071.0,48053.0,72646.0,25249.0,$89447,$18376,$96918,$49463,$91996,$22600,,,,,,,,,$20241,$16474,$127071,$48053,$72646,$25249
2019,6037601302,Census Tract 6013.02,Inglewood,Los Angeles County,California,Inglewood,63821.0,19222.0,89693.0,72734.0,63955.0,20307.0,,,100849.0,3126.0,,,47882.0,29906.0,,,108216.0,8492.0,42247.0,19515.0,$63821,$19222,$89693,$72734,$63955,$20307,,,$100849,$3126,,,$47882,$29906,,,$108216,$8492,$42247,$19515
2019,6037601303,Census Tract 6013.03,Inglewood,Los Angeles County,California,Inglewood,61630.0,13300.0,72213.0,25761.0,58949.0,20222.0,,,26505.0,9633.0,,,66151.0,33435.0,39229.0,26112.0,98073.0,56415.0,68517.0,12426.0,$61630,$13300,$72213,$25761,$58949,$20222,,,$26505,$9633,,,$66151,$33435,$39229,$26112,$98073,$56415,$68517,$12426
2019,6037601401,Census Tract 6014.01,Inglewood,Los Angeles County,California,Inglewood,61651.0,7641.0,65637.0,16170.0,60468.0,7960.0,125257.0,101468.0,,,,,48156.0,7347.0,63734.0,55405.0,,,62423.0,20147.0,$61651,$7641,$65637,$16170,$60468,$7960,$125257,$101468,,,,,$48156,$7347,$63734,$55405,,,$62423,$20147
2019,6037601402,Census Tract 6014.02,Inglewood,Los Angeles County,California,Inglewood,76693.0,7315.0,69904.0,9652.0,,,,,,,,,78704.0,32987.0,,,57690.0,33451.0,77477.0,9315.0,$76693,$7315,$69904,$9652,,,,,,,,,$78704,$32987,,,$57690,$33451,$77477,$9315
2019,6037601501,Census Tract 6015.01,Inglewood,Los Angeles County,California,Inglewood,52667.0,10518.0,57360.0,12851.0,,,,,,,,,47910.0,6715.0,86727.0,23445.0,23691.0,9017.0,56042.0,8131.0,$52667,$10518,$57360,$12851,,,,,,,,,$47910,$6715,$86727,$23445,$23691,$9017,$56042,$8131
2019,6037601700,Census Tract 6017,Inglewood,Los Angeles County,California,Inglewood,48014.0,12969.0,48581.0,46159.0,26479.0,5490.0,,,,,,,54388.0,18806.0,,,,,54151.0,13574.0,$48014,$12969,$48581,$46159,$26479,$5490,,,,,,,$54388,$18806,,,,,$54151,$13574
2019,6037601801,Census Tract 6018.01,Inglewood,Los Angeles County,California,Inglewood,50299.0,8283.0,49563.0,8888.0,,,,,,,,,54024.0,24023.0,,,,,50767.0,8347.0,$50299,$8283,$49563,$8888,,,,,,,,,$54024,$24023,,,,,$50767,$8347
2019,6037601802,Census Tract 6018.02,Inglewood,Los Angeles County,California,Inglewood,78386.0,6315.0,72304.0,15218.0,,,,,,,,,78961.0,16735.0,,,,,77850.0,6908.0,$78386,$6315,$72304,$15218,,,,,,,,,$78961,$16735,,,,,$77850,$6908
2019,6037601900,Census Tract 6019,Inglewood,Los Angeles County,California,Inglewood,62684.0,9768.0,66371.0,17998.0,58331.0,18341.0,23182.0,14244.0,,,,,77015.0,38996.0,3076.0,,,,71712.0,18073.0,$62684,$9768,$66371,$17998,$58331,$18341,$23182,$14244,,,,,$77015,$38996,$3076,,,,$71712,$18073
2019,6037602002,Census Tract 6020.02,Inglewood,Los Angeles County,California,Inglewood,56423.0,10556.0,75322.0,13321.0,41023.0,10055.0,,,,,,,48459.0,6730.0,96509.0,43744.0,53074.0,25520.0,57434.0,14121.0,$56423,$10556,$75322,$13321,$41023,$10055,,,,,,,$48459,$6730,$96509,$43744,$53074,$25520,$57434,$14121
2019,6037602003,Census Tract 6020.03,Inglewood,Los Angeles County,California,Inglewood,56549.0,16073.0,71326.0,22789.0,52930.0,35505.0,,,,,,,53844.0,8222.0,70168.0,24001.0,,,64441.0,20772.0,$56549,$16073,$71326,$22789,$52930,$35505,,,,,,,$53844,$8222,$70168,$24001,,,$64441,$20772
2019,6037602004,Census Tract 6020.04,Inglewood,Los Angeles County,California,Inglewood,63843.0,14407.0,72084.0,20123.0,61902.0,19706.0,,,,,,,73612.0,22005.0,,,87816.0,42964.0,65573.0,16392.0,$63843,$14407,$72084,$20123,$61902,$19706,,,,,,,$73612,$22005,,,$87816,$42964,$65573,$16392
2019,6037602104,Census Tract 6021.04,Inglewood,Los Angeles County,California,Inglewood,63689.0,8609.0,73781.0,32682.0,58688.0,32781.0,,,,,,,68304.0,15469.0,,,,,69161.0,13508.0,$63689,$8609,$73781,$32682,$58688,$32781,,,,,,,$68304,$15469,,,,,$69161,$13508
2019,6037602700,Census Tract 6027,Inglewood,Los Angeles County,California,Inglewood,119733.0,19712.0,139416.0,24852.0,113401.0,26873.0,,,,,,,118921.0,63734.0,,,142557.0,32733.0,117418.0,80008.0,$119733,$19712,$139416,$24852,$113401,$26873,,,,,,,$118921,$63734,,,$142557,$32733,$117418,$80008
2019,6037703002,Census Tract 7030.02,Inglewood,Los Angeles County,California,Inglewood,124959.0,20461.0,,,131994.0,28156.0,,,,,,,,,,,,,,,$124959,$20461,,,$131994,$28156,,,,,,,,,,,,,,
2020,6037600501,Census Tract 6005.01,Inglewood,Los Angeles County,California,Inglewood,105648.0,24423.0,,,104219.0,26911.0,,,,,,,99150.0,86218.0,123226.0,76234.0,,,83862.0,49019.0,$105648,$24423,,,$104219,$26911,,,,,,,$99150,$86218,$123226,$76234,,,$83862,$49019
2020,6037600601,Census Tract 6006.01,Inglewood,Los Angeles County,California,Inglewood,101535.0,13129.0,,,100373.0,31369.0,,,,,,,51222.0,45486.0,225993.0,86999.0,,,113036.0,50331.0,$101535,$13129,,,$100373,$31369,,,,,,,$51222,$45486,$225993,$86999,,,$113036,$50331
2020,6037600602,Census Tract 6006.02,Inglewood,Los Angeles County,California,Inglewood,58509.0,17756.0,50100.0,27473.0,,,,,,,,,51618.0,16615.0,74825.0,16860.0,,,59326.0,13101.0,$58509,$17756,$50100,$27473,,,,,,,,,$51618,$16615,$74825,$16860,,,$59326,$13101
2020,6037600702,Census Tract 6007.02,Inglewood,Los Angeles County,California,Inglewood,132558.0,30724.0,,,143274.0,42382.0,,,,,,,133556.0,105099.0,,,,,131833.0,52714.0,$132558,$30724,,,$143274,$42382,,,,,,,$133556,$105099,,,,,$131833,$52714
2020,6037600703,Census Tract 6007.03,Inglewood,Los Angeles County,California,Inglewood,97706.0,12448.0,,,98303.0,12206.0,,,,,,,,,88966.0,77544.0,,,71102.0,14045.0,$97706,$12448,,,$98303,$12206,,,,,,,,,$88966,$77544,,,$71102,$14045
2020,6037600704,Census Tract 6007.04,Inglewood,Los Angeles County,California,Inglewood,92435.0,20428.0,,,78756.0,31609.0,,,73885.0,48722.0,,,136384.0,11679.0,,,121179.0,69833.0,148782.0,93935.0,$92435,$20428,,,$78756,$31609,,,$73885,$48722,,,$136384,$11679,,,$121179,$69833,$148782,$93935
2020,6037600801,Census Tract 6008.01,Inglewood,Los Angeles County,California,Inglewood,135696.0,20026.0,,,136151.0,24085.0,,,,,,,,,,,,,,,$135696,$20026,,,$136151,$24085,,,,,,,,,,,,,,
2020,6037600802,Census Tract 6008.02,Inglewood,Los Angeles County,California,Inglewood,69132.0,26470.0,183953.0,159332.0,62853.0,30482.0,,,,,,,,,,,,,,,$69132,$26470,$183953,$159332,$62853,$30482,,,,,,,,,,,,,,
2020,6037600902,Census Tract 6009.02,Inglewood,Los Angeles County,California,Inglewood,50971.0,7793.0,38966.0,15556.0,60041.0,15365.0,,,,,,,64068.0,35637.0,49197.0,36121.0,52992.0,25846.0,43228.0,18405.0,$50971,$7793,$38966,$15556,$60041,$15365,,,,,,,$64068,$35637,$49197,$36121,$52992,$25846,$43228,$18405
2020,6037600911,Census Tract 6009.11,Inglewood,Los Angeles County,California,Inglewood,77528.0,17775.0,103237.0,35942.0,64978.0,31109.0,,,,,,,59361.0,57898.0,,,168519.0,90106.0,57590.0,26367.0,$77528,$17775,$103237,$35942,$64978,$31109,,,,,,,$59361,$57898,,,$168519,$90106,$57590,$26367
2020,6037600912,Census Tract 6009.12,Inglewood,Los Angeles County,California,Inglewood,74762.0,8201.0,66427.0,24964.0,47744.0,39514.0,,,,,,,87751.0,25622.0,,,80312.0,56213.0,75792.0,11239.0,$74762,$8201,$66427,$24964,$47744,$39514,,,,,,,$87751,$25622,,,$80312,$56213,$75792,$11239
2020,6037601001,Census Tract 6010.01,Inglewood,Los Angeles County,California,Inglewood,44027.0,29459.0,165295.0,341.0,32341.0,8153.0,,,,,,,128920.0,88128.0,159049.0,7852.0,,,159846.0,3789.0,$44027,$29459,$165295,$341,$32341,$8153,,,,,,,$128920,$88128,$159049,$7852,,,$159846,$3789
2020,6037601002,Census Tract 6010.02,Inglewood,Los Angeles County,California,Inglewood,56594.0,13653.0,42847.0,32668.0,73341.0,26165.0,,,,,,,62685.0,52195.0,,,,,34037.0,28758.0,$56594,$13653,$42847,$32668,$73341,$26165,,,,,,,$62685,$52195,,,,,$34037,$28758
2020,6037601100,Census Tract 6011,Inglewood,Los Angeles County,California,Inglewood,53028.0,10684.0,56780.0,24264.0,42793.0,18759.0,,,,,,,65818.0,20385.0,,,,,65014.0,15455.0,$53028,$10684,$56780,$24264,$42793,$18759,,,,,,,$65818,$20385,,,,,$65014,$15455
2020,6037601202,Census Tract 6012.02,Inglewood,Los Angeles County,California,Inglewood,83500.0,18346.0,89573.0,18275.0,53517.0,39276.0,,,113185.0,6659.0,,,76781.0,23981.0,,,92947.0,78279.0,77708.0,6262.0,$83500,$18346,$89573,$18275,$53517,$39276,,,$113185,$6659,,,$76781,$23981,,,$92947,$78279,$77708,$6262
2020,6037601211,Census Tract 6012.11,Inglewood,Los Angeles County,California,Inglewood,53286.0,10868.0,53036.0,15986.0,,,,,,,,,92990.0,53433.0,,,64882.0,3538.0,56607.0,16726.0,$53286,$10868,$53036,$15986,,,,,,,,,$92990,$53433,,,$64882,$3538,$56607,$16726
2020,6037601212,Census Tract 6012.12,Inglewood,Los Angeles County,California,Inglewood,66401.0,18009.0,38800.0,11513.0,64523.0,25803.0,,,,,,,79293.0,17208.0,103274.0,23017.0,20622.0,15850.0,70312.0,18912.0,$66401,$18009,$38800,$11513,$64523,$25803,,,,,,,$79293,$17208,$103274,$23017,$20622,$15850,$70312,$18912
2020,6037601301,Census Tract 6013.01,Inglewood,Los Angeles County,California,Inglewood,79649.0,9557.0,93558.0,68712.0,80628.0,16943.0,,,,,,,,,,,130260.0,59832.0,57107.0,33973.0,$79649,$9557,$93558,$68712,$80628,$16943,,,,,,,,,,,$130260,$59832,$57107,$33973
2020,6037601302,Census Tract 6013.02,Inglewood,Los Angeles County,California,Inglewood,75476.0,6010.0,92265.0,84776.0,71717.0,8561.0,,,100472.0,3308.0,,,74969.0,72749.0,,,134107.0,45314.0,76082.0,47420.0,$75476,$6010,$92265,$84776,$71717,$8561,,,$100472,$3308,,,$74969,$72749,,,$134107,$45314,$76082,$47420
2020,6037601303,Census Tract 6013.03,Inglewood,Los Angeles County,California,Inglewood,55339.0,14668.0,65002.0,18492.0,52867.0,20793.0,17514.0,2620.0,27059.0,20251.0,,,64211.0,19999.0,66573.0,54001.0,64478.0,56694.0,65731.0,13673.0,$55339,$14668,$65002,$18492,$52867,$20793,$17514,$2620,$27059,$20251,,,$64211,$19999,$66573,$54001,$64478,$56694,$65731,$13673
2020,6037601401,Census Tract 6014.01,Inglewood,Los Angeles County,California,Inglewood,61523.0,11309.0,63625.0,20893.0,57438.0,16213.0,123732.0,67525.0,,,,,48084.0,7667.0,68888.0,29849.0,,,68243.0,16123.0,$61523,$11309,$63625,$20893,$57438,$16213,$123732,$67525,,,,,$48084,$7667,$68888,$29849,,,$68243,$16123
2020,6037601402,Census Tract 6014.02,Inglewood,Los Angeles County,California,Inglewood,94623.0,24143.0,69624.0,11603.0,,,,,,,,,85399.0,51272.0,96994.0,13868.0,66662.0,16188.0,95116.0,21048.0,$94623,$24143,$69624,$11603,,,,,,,,,$85399,$51272,$96994,$13868,$66662,$16188,$95116,$21048
2020,6037601501,Census Tract 6015.01,Inglewood,Los Angeles County,California,Inglewood,44619.0,15524.0,58287.0,16943.0,,,,,,,,,44929.0,11657.0,,,23325.0,11893.0,50100.0,17998.0,$44619,$15524,$58287,$16943,,,,,,,,,$44929,$11657,,,$23325,$11893,$50100,$17998
2020,6037601700,Census Tract 6017,Inglewood,Los Angeles County,California,Inglewood,44993.0,12555.0,43732.0,16727.0,28846.0,7653.0,,,140540.0,85821.0,,,57502.0,19919.0,,,,,46494.0,13529.0,$44993,$12555,$43732,$16727,$28846,$7653,,,$140540,$85821,,,$57502,$19919,,,,,$46494,$13529
2020,6037601801,Census Tract 6018.01,Inglewood,Los Angeles County,California,Inglewood,50877.0,8838.0,48306.0,17689.0,,,,,,,,,49135.0,19920.0,118636.0,67958.0,,,50534.0,9974.0,$50877,$8838,$48306,$17689,,,,,,,,,$49135,$19920,$118636,$67958,,,$50534,$9974
2020,6037601802,Census Tract 6018.02,Inglewood,Los Angeles County,California,Inglewood,81813.0,13381.0,67939.0,27095.0,,,,,,,,,95117.0,25881.0,,,,,80295.0,13694.0,$81813,$13381,$67939,$27095,,,,,,,,,$95117,$25881,,,,,$80295,$13694
2020,6037601900,Census Tract 6019,Inglewood,Los Angeles County,California,Inglewood,76702.0,18399.0,76886.0,17543.0,78688.0,13903.0,25603.0,25159.0,,,,,61613.0,40628.0,50274.0,48110.0,,,75234.0,22512.0,$76702,$18399,$76886,$17543,$78688,$13903,$25603,$25159,,,,,$61613,$40628,$50274,$48110,,,$75234,$22512
2020,6037602003,Census Tract 6020.03,Inglewood,Los Angeles County,California,Inglewood,57185.0,16477.0,68564.0,21233.0,35210.0,13298.0,,,,,,,53965.0,20092.0,85119.0,12433.0,69161.0,41249.0,65789.0,15686.0,$57185,$16477,$68564,$21233,$35210,$13298,,,,,,,$53965,$20092,$85119,$12433,$69161,$41249,$65789,$15686
2020,6037604200,Census Tract 6042,Inglewood,Los Angeles County,California,Inglewood,79705.0,10248.0,76259.0,12883.0,86789.0,23659.0,,,,,,,80290.0,49420.0,,,88135.0,17149.0,74977.0,9212.0,$79705,$10248,$76259,$12883,$86789,$23659,,,,,,,$80290,$49420,,,$88135,$17149,$74977,$9212
2020,6037703002,Census Tract 7030.02,Inglewood,Los Angeles County,California,Inglewood,122990.0,16257.0,82916.0,67516.0,130387.0,42751.0,,,247898.0,51920.0,,,,,123131.0,54007.0,84902.0,57813.0,,,$122990,$16257,$82916,$67516,$130387,$42751,,,$247898,$51920,,,,,$123131,$54007,$84902,$57813,,
2021,6037600501,Census Tract 6005.01,Inglewood,Los Angeles County,California,Inglewood,96355.0,19443.0,,,93844.0,20478.0,,,,,,,125633.0,105879.0,,,,,85445.0,82583.0,$96355,$19443,,,$93844,$20478,,,,,,,$125633,$105879,,,,,$85445,$82583
2021,6037600601,Census Tract 6006.01,Inglewood,Los Angeles County,California,Inglewood,101486.0,17255.0,,,99176.0,24649.0,,,,,,,51653.0,50174.0,224341.0,106259.0,,,111512.0,40343.0,$101486,$17255,,,$99176,$24649,,,,,,,$51653,$50174,$224341,$106259,,,$111512,$40343
2021,6037600602,Census Tract 6006.02,Inglewood,Los Angeles County,California,Inglewood,60905.0,12879.0,60680.0,47821.0,39826.0,39447.0,,,,,,,54775.0,15244.0,73445.0,23105.0,,,62756.0,12233.0,$60905,$12879,$60680,$47821,$39826,$39447,,,,,,,$54775,$15244,$73445,$23105,,,$62756,$12233
2021,6037600702,Census Tract 6007.02,Inglewood,Los Angeles County,California,Inglewood,115219.0,17854.0,56661.0,43706.0,115260.0,16096.0,,,,,,,131378.0,79325.0,197995.0,126656.0,,,131304.0,85908.0,$115219,$17854,$56661,$43706,$115260,$16096,,,,,,,$131378,$79325,$197995,$126656,,,$131304,$85908
2021,6037600703,Census Tract 6007.03,Inglewood,Los Angeles County,California,Inglewood,93681.0,12248.0,,,96226.0,9732.0,,,,,,,,,62201.0,27167.0,,,70769.0,13898.0,$93681,$12248,,,$96226,$9732,,,,,,,,,$62201,$27167,,,$70769,$13898
2021,6037600704,Census Tract 6007.04,Inglewood,Los Angeles County,California,Inglewood,90616.0,18293.0,,,90048.0,27818.0,,,74020.0,9871.0,,,133799.0,93745.0,101954.0,83125.0,139199.0,35683.0,,,$90616,$18293,,,$90048,$27818,,,$74020,$9871,,,$133799,$93745,$101954,$83125,$139199,$35683,,
2021,6037600801,Census Tract 6008.01,Inglewood,Los Angeles County,California,Inglewood,131709.0,18143.0,,,132419.0,20522.0,,,,,,,,,,,,,,,$131709,$18143,,,$132419,$20522,,,,,,,,,,,,,,
2021,6037600802,Census Tract 6008.02,Inglewood,Los Angeles County,California,Inglewood,66328.0,19633.0,,,66928.0,24806.0,,,,,,,,,,,,,75693.0,25738.0,$66328,$19633,,,$66928,$24806,,,,,,,,,,,,,$75693,$25738
2021,6037600902,Census Tract 6009.02,Inglewood,Los Angeles County,California,Inglewood,54622.0,13592.0,60875.0,27148.0,70121.0,29501.0,,,,,,,58532.0,23540.0,50339.0,19876.0,,,38730.0,16834.0,$54622,$13592,$60875,$27148,$70121,$29501,,,,,,,$58532,$23540,$50339,$19876,,,$38730,$16834
2021,6037600911,Census Tract 6009.11,Inglewood,Los Angeles County,California,Inglewood,83272.0,23597.0,113963.0,38130.0,76357.0,25462.0,,,,,,,79732.0,54439.0,,,154277.0,74427.0,77335.0,43539.0,$83272,$23597,$113963,$38130,$76357,$25462,,,,,,,$79732,$54439,,,$154277,$74427,$77335,$43539
2021,6037600912,Census Tract 6009.12,Inglewood,Los Angeles County,California,Inglewood,80937.0,8521.0,65132.0,18217.0,81804.0,17895.0,,,,,,,91988.0,21340.0,74681.0,62106.0,85049.0,76017.0,79984.0,13854.0,$80937,$8521,$65132,$18217,$81804,$17895,,,,,,,$91988,$21340,$74681,$62106,$85049,$76017,$79984,$13854
2021,6037601001,Census Tract 6010.01,Inglewood,Los Angeles County,California,Inglewood,34033.0,26523.0,,,29055.0,6812.0,,,,,,,,,160223.0,136097.0,,,160706.0,11759.0,$34033,$26523,,,$29055,$6812,,,,,,,,,$160223,$136097,,,$160706,$11759
2021,6037601002,Census Tract 6010.02,Inglewood,Los Angeles County,California,Inglewood,60762.0,23578.0,43768.0,29708.0,80810.0,20609.0,,,,,,,94279.0,48009.0,,,,,,,$60762,$23578,$43768,$29708,$80810,$20609,,,,,,,$94279,$48009,,,,,,
2021,6037601100,Census Tract 6011,Inglewood,Los Angeles County,California,Inglewood,56455.0,13643.0,68817.0,33346.0,30760.0,7294.0,,,,,,,65116.0,20056.0,94026.0,15270.0,,,66430.0,17923.0,$56455,$13643,$68817,$33346,$30760,$7294,,,,,,,$65116,$20056,$94026,$15270,,,$66430,$17923
2021,6037601202,Census Tract 6012.02,Inglewood,Los Angeles County,California,Inglewood,78147.0,16680.0,90513.0,34447.0,,,,,91375.0,944.0,,,60342.0,30498.0,87472.0,58837.0,134249.0,93618.0,75704.0,5363.0,$78147,$16680,$90513,$34447,,,,,$91375,$944,,,$60342,$30498,$87472,$58837,$134249,$93618,$75704,$5363
2021,6037601211,Census Tract 6012.11,Inglewood,Los Angeles County,California,Inglewood,49987.0,10007.0,55733.0,2648.0,27663.0,7145.0,,,,,,,,,62092.0,61287.0,62584.0,34890.0,55546.0,26138.0,$49987,$10007,$55733,$2648,$27663,$7145,,,,,,,,,$62092,$61287,$62584,$34890,$55546,$26138
2021,6037601212,Census Tract 6012.12,Inglewood,Los Angeles County,California,Inglewood,67101.0,12212.0,39912.0,13839.0,67955.0,21183.0,,,,,53178.0,43383.0,51922.0,38098.0,104950.0,22900.0,23869.0,8287.0,71066.0,18393.0,$67101,$12212,$39912,$13839,$67955,$21183,,,,,$53178,$43383,$51922,$38098,$104950,$22900,$23869,$8287,$71066,$18393
2021,6037601301,Census Tract 6013.01,Inglewood,Los Angeles County,California,Inglewood,80608.0,17842.0,,,79426.0,23169.0,,,119719.0,110714.0,,,209146.0,88661.0,,,143952.0,53974.0,78824.0,24631.0,$80608,$17842,,,$79426,$23169,,,$119719,$110714,,,$209146,$88661,,,$143952,$53974,$78824,$24631
2021,6037601302,Census Tract 6013.02,Inglewood,Los Angeles County,California,Inglewood,81362.0,12427.0,101112.0,43454.0,76080.0,9073.0,,,98030.0,3128.0,,,,,,,107457.0,22948.0,96186.0,62682.0,$81362,$12427,$101112,$43454,$76080,$9073,,,$98030,$3128,,,,,,,$107457,$22948,$96186,$62682
2021,6037601303,Census Tract 6013.03,Inglewood,Los Angeles County,California,Inglewood,60115.0,10502.0,53906.0,25411.0,57567.0,15074.0,,,29378.0,27111.0,,,68846.0,10076.0,59666.0,54380.0,,,67732.0,7826.0,$60115,$10502,$53906,$25411,$57567,$15074,,,$29378,$27111,,,$68846,$10076,$59666,$54380,,,$67732,$7826
2021,6037601401,Census Tract 6014.01,Inglewood,Los Angeles County,California,Inglewood,61029.0,11496.0,61382.0,21282.0,56700.0,10451.0,,,,,,,53729.0,53408.0,61694.0,39223.0,,,67377.0,18505.0,$61029,$11496,$61382,$21282,$56700,$10451,,,,,,,$53729,$53408,$61694,$39223,,,$67377,$18505
2021,6037601402,Census Tract 6014.02,Inglewood,Los Angeles County,California,Inglewood,95962.0,22268.0,69160.0,16146.0,,,,,,,,,77479.0,30906.0,101675.0,7499.0,69909.0,22375.0,96501.0,15523.0,$95962,$22268,$69160,$16146,,,,,,,,,$77479,$30906,$101675,$7499,$69909,$22375,$96501,$15523
2021,6037601501,Census Tract 6015.01,Inglewood,Los Angeles County,California,Inglewood,54489.0,14150.0,56601.0,39017.0,,,,,,,,,62183.0,18042.0,,,22628.0,21253.0,58435.0,7673.0,$54489,$14150,$56601,$39017,,,,,,,,,$62183,$18042,,,$22628,$21253,$58435,$7673
2021,6037601700,Census Tract 6017,Inglewood,Los Angeles County,California,Inglewood,46299.0,17947.0,,,29544.0,17145.0,,,118753.0,68739.0,,,70699.0,30609.0,35962.0,24868.0,,,48231.0,19074.0,$46299,$17947,,,$29544,$17145,,,$118753,$68739,,,$70699,$30609,$35962,$24868,,,$48231,$19074
2021,6037601801,Census Tract 6018.01,Inglewood,Los Angeles County,California,Inglewood,51998.0,11315.0,57354.0,18860.0,,,26726.0,23297.0,,,,,39971.0,20614.0,33081.0,21403.0,,,53376.0,10383.0,$51998,$11315,$57354,$18860,,,$26726,$23297,,,,,$39971,$20614,$33081,$21403,,,$53376,$10383
2021,6037601802,Census Tract 6018.02,Inglewood,Los Angeles County,California,Inglewood,87144.0,15262.0,68752.0,28680.0,,,,,118490.0,116936.0,,,100823.0,20093.0,82870.0,39215.0,,,82680.0,18258.0,$87144,$15262,$68752,$28680,,,,,$118490,$116936,,,$100823,$20093,$82870,$39215,,,$82680,$18258
2021,6037601900,Census Tract 6019,Inglewood,Los Angeles County,California,Inglewood,77564.0,9987.0,75575.0,17686.0,78030.0,12078.0,24559.0,15123.0,,,,,78647.0,40287.0,106110.0,76780.0,,,77667.0,17733.0,$77564,$9987,$75575,$17686,$78030,$12078,$24559,$15123,,,,,$78647,$40287,$106110,$76780,,,$77667,$17733
2021,6037602003,Census Tract 6020.03,Inglewood,Los Angeles County,California,Inglewood,66165.0,15241.0,69169.0,39523.0,,,,,,,,,53534.0,29750.0,81540.0,27467.0,84640.0,40096.0,65623.0,16309.0,$66165,$15241,$69169,$39523,,,,,,,,,$53534,$29750,$81540,$27467,$84640,$40096,$65623,$16309
2021,6037604200,Census Tract 6042,Inglewood,Los Angeles County,California,Inglewood,75409.0,9114.0,74803.0,10509.0,77143.0,23059.0,,,,,,,74583.0,65692.0,73514.0,39852.0,82934.0,19682.0,73376.0,15401.0,$75409,$9114,$74803,$10509,$77143,$23059,,,,,,,$74583,$65692,$73514,$39852,$82934,$19682,$73376,$15401
2021,6037703002,Census Tract 7030.02,Inglewood,Los Angeles County,California,Inglewood,130075.0,21657.0,91147.0,46861.0,144097.0,27354.0,,,266924.0,53068.0,,,,,123403.0,49510.0,111587.0,33387.0,,,$130075,$21657,$91147,$46861,$144097,$27354,,,$266924,$53068,,,,,$123403,$49510,$111587,$33387,,
2022,6037600501,Census Tract 6005.01,Inglewood,Los Angeles County,California,Inglewood,97258.0,24436.0,,,81920.0,24706.0,,,,,,,,,112543.0,97176.0,,,110472.0,52506.0,$97258,$24436,,,$81920,$24706,,,,,,,,,$112543,$97176,,,$110472,$52506
2022,6037600601,Census Tract 6006.01,Inglewood,Los Angeles County,California,Inglewood,86640.0,37838.0,,,77065.0,19673.0,,,,,,,50269.0,26533.0,195133.0,85802.0,,,113152.0,35027.0,$86640,$37838,,,$77065,$19673,,,,,,,$50269,$26533,$195133,$85802,,,$113152,$35027
2022,6037600602,Census Tract 6006.02,Inglewood,Los Angeles County,California,Inglewood,64078.0,12515.0,,,,,,,,,,,55628.0,11201.0,72732.0,17405.0,,,67325.0,12145.0,$64078,$12515,,,,,,,,,,,$55628,$11201,$72732,$17405,,,$67325,$12145
2022,6037600702,Census Tract 6007.02,Inglewood,Los Angeles County,California,Inglewood,115111.0,22018.0,,,111900.0,20798.0,,,,,,,125984.0,115053.0,199681.0,114590.0,,,126590.0,97685.0,$115111,$22018,,,$111900,$20798,,,,,,,$125984,$115053,$199681,$114590,,,$126590,$97685
2022,6037600703,Census Tract 6007.03,Inglewood,Los Angeles County,California,Inglewood,99949.0,11507.0,155685.0,117348.0,99770.0,12728.0,,,,,,,,,63128.0,39670.0,157828.0,48073.0,,,$99949,$11507,$155685,$117348,$99770,$12728,,,,,,,,,$63128,$39670,$157828,$48073,,
2022,6037600704,Census Tract 6007.04,Inglewood,Los Angeles County,California,Inglewood,77314.0,23147.0,,,85801.0,26302.0,,,,,,,94188.0,46590.0,82264.0,64376.0,,,85279.0,53523.0,$77314,$23147,,,$85801,$26302,,,,,,,$94188,$46590,$82264,$64376,,,$85279,$53523
2022,6037600801,Census Tract 6008.01,Inglewood,Los Angeles County,California,Inglewood,125271.0,29148.0,,,129793.0,34374.0,,,,,,,,,,,,,,,$125271,$29148,,,$129793,$34374,,,,,,,,,,,,,,
2022,6037600802,Census Tract 6008.02,Inglewood,Los Angeles County,California,Inglewood,62088.0,22678.0,64264.0,63050.0,56808.0,23356.0,,,,,,,,,,,,,75493.0,25518.0,$62088,$22678,$64264,$63050,$56808,$23356,,,,,,,,,,,,,$75493,$25518
2022,6037600902,Census Tract 6009.02,Inglewood,Los Angeles County,California,Inglewood,61543.0,12828.0,65750.0,5042.0,60738.0,21117.0,,,,,,,,,49759.0,16856.0,80475.0,62155.0,62487.0,53140.0,$61543,$12828,$65750,$5042,$60738,$21117,,,,,,,,,$49759,$16856,$80475,$62155,$62487,$53140
2022,6037600911,Census Tract 6009.11,Inglewood,Los Angeles County,California,Inglewood,82549.0,33108.0,115893.0,57057.0,76215.0,34078.0,169514.0,46451.0,,,,,,,75029.0,64558.0,114441.0,76172.0,113883.0,56190.0,$82549,$33108,$115893,$57057,$76215,$34078,$169514,$46451,,,,,,,$75029,$64558,$114441,$76172,$113883,$56190
2022,6037600912,Census Tract 6009.12,Inglewood,Los Angeles County,California,Inglewood,78536.0,6291.0,65458.0,17629.0,81013.0,14780.0,,,,,,,82408.0,26902.0,73206.0,6044.0,84296.0,47622.0,77767.0,7183.0,$78536,$6291,$65458,$17629,$81013,$14780,,,,,,,$82408,$26902,$73206,$6044,$84296,$47622,$77767,$7183
2022,6037601001,Census Tract 6010.01,Inglewood,Los Angeles County,California,Inglewood,45958.0,30304.0,,,29332.0,9645.0,,,,,,,,,,,,,158717.0,88282.0,$45958,$30304,,,$29332,$9645,,,,,,,,,,,,,$158717,$88282
2022,6037601002,Census Tract 6010.02,Inglewood,Los Angeles County,California,Inglewood,64199.0,25228.0,43432.0,26283.0,81982.0,21852.0,,,,,,,90772.0,33018.0,,,,,60453.0,38454.0,$64199,$25228,$43432,$26283,$81982,$21852,,,,,,,$90772,$33018,,,,,$60453,$38454
2022,6037601100,Census Tract 6011,Inglewood,Los Angeles County,California,Inglewood,62869.0,5614.0,68813.0,31574.0,44967.0,30405.0,,,,,,,66951.0,11837.0,96073.0,75679.0,,,69010.0,14526.0,$62869,$5614,$68813,$31574,$44967,$30405,,,,,,,$66951,$11837,$96073,$75679,,,$69010,$14526
2022,6037601202,Census Tract 6012.02,Inglewood,Los Angeles County,California,Inglewood,79416.0,16436.0,86938.0,45245.0,,,92683.0,507.0,92793.0,57060.0,,,72924.0,26939.0,74627.0,72598.0,133813.0,123690.0,74687.0,6947.0,$79416,$16436,$86938,$45245,,,$92683,$507,$92793,$57060,,,$72924,$26939,$74627,$72598,$133813,$123690,$74687,$6947
2022,6037601211,Census Tract 6012.11,Inglewood,Los Angeles County,California,Inglewood,53454.0,11853.0,55948.0,4703.0,38508.0,18813.0,,,,,,,99028.0,70449.0,,,70052.0,28693.0,,,$53454,$11853,$55948,$4703,$38508,$18813,,,,,,,$99028,$70449,,,$70052,$28693,,
2022,6037601212,Census Tract 6012.12,Inglewood,Los Angeles County,California,Inglewood,67928.0,24986.0,39048.0,30734.0,54721.0,42613.0,,,,,,,49804.0,28258.0,95496.0,19741.0,21513.0,7750.0,82523.0,17842.0,$67928,$24986,$39048,$30734,$54721,$42613,,,,,,,$49804,$28258,$95496,$19741,$21513,$7750,$82523,$17842
2022,6037601301,Census Tract 6013.01,Inglewood,Los Angeles County,California,Inglewood,79756.0,21144.0,97423.0,71707.0,75364.0,26562.0,,,111650.0,87128.0,,,111485.0,66841.0,,,141215.0,45214.0,79467.0,22684.0,$79756,$21144,$97423,$71707,$75364,$26562,,,$111650,$87128,,,$111485,$66841,,,$141215,$45214,$79467,$22684
2022,6037601302,Census Tract 6013.02,Inglewood,Los Angeles County,California,Inglewood,77791.0,7239.0,79562.0,43313.0,74470.0,12926.0,,,98220.0,25705.0,,,103463.0,81673.0,,,79789.0,45635.0,81630.0,30270.0,$77791,$7239,$79562,$43313,$74470,$12926,,,$98220,$25705,,,$103463,$81673,,,$79789,$45635,$81630,$30270
2022,6037601303,Census Tract 6013.03,Inglewood,Los Angeles County,California,Inglewood,55663.0,15176.0,50578.0,30527.0,54871.0,21228.0,,,29858.0,24410.0,,,42637.0,40471.0,75907.0,28390.0,,,60445.0,20870.0,$55663,$15176,$50578,$30527,$54871,$21228,,,$29858,$24410,,,$42637,$40471,$75907,$28390,,,$60445,$20870
2022,6037601401,Census Tract 6014.01,Inglewood,Los Angeles County,California,Inglewood,56744.0,15072.0,67567.0,15083.0,48364.0,7387.0,,,,,,,88491.0,37968.0,61425.0,36660.0,67705.0,24115.0,72157.0,24287.0,$56744,$15072,$67567,$15083,$48364,$7387,,,,,,,$88491,$37968,$61425,$36660,$67705,$24115,$72157,$24287
2022,6037601402,Census Tract 6014.02,Inglewood,Los Angeles County,California,Inglewood,94362.0,15971.0,68169.0,17979.0,,,,,,,,,115575.0,56212.0,96117.0,12731.0,71715.0,54046.0,95251.0,10130.0,$94362,$15971,$68169,$17979,,,,,,,,,$115575,$56212,$96117,$12731,$71715,$54046,$95251,$10130
2022,6037601501,Census Tract 6015.01,Inglewood,Los Angeles County,California,Inglewood,56467.0,14377.0,58812.0,5344.0,,,,,,,,,63529.0,17961.0,37568.0,24987.0,,,58951.0,8237.0,$56467,$14377,$58812,$5344,,,,,,,,,$63529,$17961,$37568,$24987,,,$58951,$8237
2022,6037601700,Census Tract 6017,Inglewood,Los Angeles County,California,Inglewood,52755.0,22515.0,65889.0,36784.0,,,,,119242.0,69018.0,,,69727.0,25607.0,37011.0,11461.0,,,50790.0,20822.0,$52755,$22515,$65889,$36784,,,,,$119242,$69018,,,$69727,$25607,$37011,$11461,,,$50790,$20822
2022,6037601801,Census Tract 6018.01,Inglewood,Los Angeles County,California,Inglewood,55031.0,3264.0,55862.0,25672.0,,,,,,,,,54634.0,9873.0,32602.0,15477.0,,,54932.0,2541.0,$55031,$3264,$55862,$25672,,,,,,,,,$54634,$9873,$32602,$15477,,,$54932,$2541
2022,6037601802,Census Tract 6018.02,Inglewood,Los Angeles County,California,Inglewood,78740.0,8347.0,69251.0,29152.0,,,,,147378.0,95349.0,,,77417.0,37461.0,80670.0,12756.0,41601.0,29898.0,78121.0,8507.0,$78740,$8347,$69251,$29152,,,,,$147378,$95349,,,$77417,$37461,$80670,$12756,$41601,$29898,$78121,$8507
2022,6037601900,Census Tract 6019,Inglewood,Los Angeles County,California,Inglewood,61939.0,18177.0,85932.0,46414.0,77656.0,19289.0,,,,,,,47529.0,7306.0,67355.0,44736.0,,,57554.0,9963.0,$61939,$18177,$85932,$46414,$77656,$19289,,,,,,,$47529,$7306,$67355,$44736,,,$57554,$9963
2022,6037602003,Census Tract 6020.03,Inglewood,Los Angeles County,California,Inglewood,62971.0,9872.0,69581.0,50803.0,,,,,,,,,58038.0,17827.0,68330.0,26243.0,78244.0,26946.0,62043.0,11241.0,$62971,$9872,$69581,$50803,,,,,,,,,$58038,$17827,$68330,$26243,$78244,$26946,$62043,$11241
2022,6037604200,Census Tract 6042,Inglewood,Los Angeles County,California,Inglewood,76858.0,8207.0,77517.0,24559.0,76822.0,4785.0,,,,,,,83622.0,57417.0,73740.0,26632.0,90391.0,88481.0,73575.0,11633.0,$76858,$8207,$77517,$24559,$76822,$4785,,,,,,,$83622,$57417,$73740,$26632,$90391,$88481,$73575,$11633
2022,6037703002,Census Tract 7030.02,Inglewood,Los Angeles County,California,Inglewood,168039.0,37894.0,117232.0,98113.0,160329.0,40620.0,,,,,,,,,233903.0,154790.0,,,,,$168039,$37894,$117232,$98113,$160329,$40620,,,,,,,,,$233903,$154790,,,,
2023,6037600501,Census Tract 6005.01,Inglewood,Los Angeles County,California,Inglewood,83851.0,24610.0,,,72357.0,12737.0,,,,,,,,,153550.0,129892.0,,,104225.0,43718.0,$83851,$24610,,,$72357,$12737,,,,,,,,,$153550,$129892,,,$104225,$43718
2023,6037600601,Census Tract 6006.01,Inglewood,Los Angeles County,California,Inglewood,99445.0,39935.0,,,82902.0,40481.0,,,,,,,,,194905.0,160222.0,,,,,$99445,$39935,,,$82902,$40481,,,,,,,,,$194905,$160222,,,,
2023,6037600602,Census Tract 6006.02,Inglewood,Los Angeles County,California,Inglewood,67042.0,9925.0,62898.0,31369.0,72629.0,56794.0,,,,,,,55126.0,16650.0,72986.0,21654.0,,,65524.0,8747.0,$67042,$9925,$62898,$31369,$72629,$56794,,,,,,,$55126,$16650,$72986,$21654,,,$65524,$8747
2023,6037600702,Census Tract 6007.02,Inglewood,Los Angeles County,California,Inglewood,113661.0,15006.0,167274.0,127845.0,109975.0,19151.0,,,,,,,94574.0,82156.0,199321.0,66453.0,193331.0,104305.0,147330.0,87555.0,$113661,$15006,$167274,$127845,$109975,$19151,,,,,,,$94574,$82156,$199321,$66453,$193331,$104305,$147330,$87555
2023,6037600703,Census Tract 6007.03,Inglewood,Los Angeles County,California,Inglewood,107668.0,13514.0,155694.0,25354.0,107737.0,18182.0,,,,,,,,,,,155694.0,25354.0,,,$107668,$13514,$155694,$25354,$107737,$18182,,,,,,,,,,,$155694,$25354,,
2023,6037600704,Census Tract 6007.04,Inglewood,Los Angeles County,California,Inglewood,76591.0,13548.0,,,77081.0,19435.0,,,,,,,84372.0,18097.0,101651.0,72020.0,,,82473.0,41962.0,$76591,$13548,,,$77081,$19435,,,,,,,$84372,$18097,$101651,$72020,,,$82473,$41962
2023,6037600801,Census Tract 6008.01,Inglewood,Los Angeles County,California,Inglewood,113875.0,44519.0,188414.0,157361.0,112864.0,43327.0,,,146257.0,46602.0,,,,,206756.0,175334.0,188414.0,157446.0,,,$113875,$44519,$188414,$157361,$112864,$43327,,,$146257,$46602,,,,,$206756,$175334,$188414,$157446,,
2023,6037600802,Census Tract 6008.02,Inglewood,Los Angeles County,California,Inglewood,62703.0,22150.0,,,48800.0,26596.0,,,,,,,75733.0,48534.0,,,184388.0,182740.0,76027.0,31402.0,$62703,$22150,,,$48800,$26596,,,,,,,$75733,$48534,,,$184388,$182740,$76027,$31402
2023,6037600902,Census Tract 6009.02,Inglewood,Los Angeles County,California,Inglewood,61246.0,14175.0,,,61365.0,27309.0,,,,,,,78959.0,39076.0,50853.0,14604.0,79871.0,77513.0,77378.0,44591.0,$61246,$14175,,,$61365,$27309,,,,,,,$78959,$39076,$50853,$14604,$79871,$77513,$77378,$44591
2023,6037600911,Census Tract 6009.11,Inglewood,Los Angeles County,California,Inglewood,87195.0,34146.0,113967.0,62745.0,78036.0,73405.0,168201.0,30325.0,,,,,80349.0,40910.0,77740.0,67885.0,113829.0,62525.0,88636.0,74147.0,$87195,$34146,$113967,$62745,$78036,$73405,$168201,$30325,,,,,$80349,$40910,$77740,$67885,$113829,$62525,$88636,$74147
2023,6037600912,Census Tract 6009.12,Inglewood,Los Angeles County,California,Inglewood,78007.0,9195.0,90585.0,36183.0,68572.0,7428.0,,,,,,,83223.0,24907.0,72625.0,8654.0,89813.0,40075.0,77847.0,9294.0,$78007,$9195,$90585,$36183,$68572,$7428,,,,,,,$83223,$24907,$72625,$8654,$89813,$40075,$77847,$9294
2023,6037601001,Census Tract 6010.01,Inglewood,Los Angeles County,California,Inglewood,62020.0,26111.0,,,,,,,,,,,,,159582.0,124316.0,,,125910.0,83987.0,$62020,$26111,,,,,,,,,,,,,$159582,$124316,,,$125910,$83987
2023,6037601002,Census Tract 6010.02,Inglewood,Los Angeles County,California,Inglewood,60960.0,15307.0,,,90983.0,31689.0,,,,,,,81493.0,72520.0,,,,,61276.0,20655.0,$60960,$15307,,,$90983,$31689,,,,,,,$81493,$72520,,,,,$61276,$20655
2023,6037601100,Census Tract 6011,Inglewood,Los Angeles County,California,Inglewood,61942.0,5066.0,83729.0,34493.0,45435.0,29450.0,,,,,,,65857.0,12552.0,94721.0,63074.0,,,69311.0,22090.0,$61942,$5066,$83729,$34493,$45435,$29450,,,,,,,$65857,$12552,$94721,$63074,,,$69311,$22090
2023,6037601202,Census Tract 6012.02,Inglewood,Los Angeles County,California,Inglewood,76188.0,11958.0,,,,,,,,,,,74698.0,16303.0,72500.0,15802.0,,,73432.0,7710.0,$76188,$11958,,,,,,,,,,,$74698,$16303,$72500,$15802,,,$73432,$7710
2023,6037601211,Census Tract 6012.11,Inglewood,Los Angeles County,California,Inglewood,50612.0,14667.0,54180.0,3385.0,39307.0,19408.0,44795.0,15198.0,,,,,77157.0,56456.0,,,,,56570.0,49905.0,$50612,$14667,$54180,$3385,$39307,$19408,$44795,$15198,,,,,$77157,$56456,,,,,$56570,$49905
2023,6037601212,Census Tract 6012.12,Inglewood,Los Angeles County,California,Inglewood,70747.0,19365.0,67330.0,51957.0,56230.0,52512.0,,,,,,,64193.0,21817.0,91501.0,22357.0,24518.0,19775.0,80857.0,15040.0,$70747,$19365,$67330,$51957,$56230,$52512,,,,,,,$64193,$21817,$91501,$22357,$24518,$19775,$80857,$15040
2023,6037601301,Census Tract 6013.01,Inglewood,Los Angeles County,California,Inglewood,107302.0,12275.0,170008.0,77706.0,95346.0,45886.0,,,,,,,112313.0,77192.0,103285.0,79865.0,187004.0,31475.0,81350.0,47005.0,$107302,$12275,$170008,$77706,$95346,$45886,,,,,,,$112313,$77192,$103285,$79865,$187004,$31475,$81350,$47005
2023,6037601302,Census Tract 6013.02,Inglewood,Los Angeles County,California,Inglewood,80028.0,12889.0,77833.0,32850.0,74013.0,9846.0,,,98220.0,74719.0,,,109826.0,69306.0,170407.0,110564.0,105798.0,63879.0,84005.0,46780.0,$80028,$12889,$77833,$32850,$74013,$9846,,,$98220,$74719,,,$109826,$69306,$170407,$110564,$105798,$63879,$84005,$46780
2023,6037601303,Census Tract 6013.03,Inglewood,Los Angeles County,California,Inglewood,53644.0,14419.0,46322.0,38292.0,54539.0,16046.0,,,41175.0,37963.0,,,36286.0,22321.0,75818.0,29080.0,2572.0,,45971.0,20926.0,$53644,$14419,$46322,$38292,$54539,$16046,,,$41175,$37963,,,$36286,$22321,$75818,$29080,$2572,,$45971,$20926
2023,6037601401,Census Tract 6014.01,Inglewood,Los Angeles County,California,Inglewood,58580.0,12663.0,67485.0,30418.0,43670.0,8657.0,,,,,,,84214.0,25909.0,64366.0,12779.0,67339.0,42895.0,83326.0,14639.0,$58580,$12663,$67485,$30418,$43670,$8657,,,,,,,$84214,$25909,$64366,$12779,$67339,$42895,$83326,$14639
2023,6037601402,Census Tract 6014.02,Inglewood,Los Angeles County,California,Inglewood,89106.0,26486.0,54777.0,28274.0,,,,,,,,,88784.0,41047.0,97089.0,13181.0,,,95755.0,22763.0,$89106,$26486,$54777,$28274,,,,,,,,,$88784,$41047,$97089,$13181,,,$95755,$22763
2023,6037601501,Census Tract 6015.01,Inglewood,Los Angeles County,California,Inglewood,61875.0,16003.0,61211.0,6427.0,,,,,,,,,70487.0,33103.0,35927.0,15962.0,,,58577.0,14828.0,$61875,$16003,$61211,$6427,,,,,,,,,$70487,$33103,$35927,$15962,,,$58577,$14828
2023,6037601700,Census Tract 6017,Inglewood,Los Angeles County,California,Inglewood,47194.0,10997.0,47276.0,31775.0,,,,,97740.0,94205.0,,,64208.0,28747.0,38212.0,11809.0,,,46306.0,5837.0,$47194,$10997,$47276,$31775,,,,,$97740,$94205,,,$64208,$28747,$38212,$11809,,,$46306,$5837
2023,6037601801,Census Tract 6018.01,Inglewood,Los Angeles County,California,Inglewood,58454.0,22659.0,78704.0,42368.0,173784.0,82199.0,,,,,,,58178.0,21336.0,28005.0,11146.0,,,56512.0,15993.0,$58454,$22659,$78704,$42368,$173784,$82199,,,,,,,$58178,$21336,$28005,$11146,,,$56512,$15993
2023,6037601802,Census Tract 6018.02,Inglewood,Los Angeles County,California,Inglewood,85267.0,15151.0,74147.0,27037.0,,,132661.0,124213.0,175053.0,133911.0,,,79520.0,49549.0,81774.0,16006.0,39918.0,30756.0,86211.0,18672.0,$85267,$15151,$74147,$27037,,,$132661,$124213,$175053,$133911,,,$79520,$49549,$81774,$16006,$39918,$30756,$86211,$18672
2023,6037601900,Census Tract 6019,Inglewood,Los Angeles County,California,Inglewood,67131.0,19613.0,64539.0,34714.0,77571.0,6622.0,,,,,,,47483.0,9330.0,67825.0,33405.0,,,54900.0,12786.0,$67131,$19613,$64539,$34714,$77571,$6622,,,,,,,$47483,$9330,$67825,$33405,,,$54900,$12786
2023,6037602003,Census Tract 6020.03,Inglewood,Los Angeles County,California,Inglewood,71902.0,13054.0,95126.0,29305.0,,,,,,,,,60102.0,22132.0,82233.0,33021.0,68953.0,39868.0,74424.0,18561.0,$71902,$13054,$95126,$29305,,,,,,,,,$60102,$22132,$82233,$33021,$68953,$39868,$74424,$18561
2023,6037604200,Census Tract 6042,Inglewood,Los Angeles County,California,Inglewood,77017.0,13946.0,82865.0,51169.0,75291.0,28775.0,2572.0,,,,,,86059.0,53240.0,76489.0,21501.0,126834.0,115904.0,75990.0,17981.0,$77017,$13946,$82865,$51169,$75291,$28775,$2572,,,,,,$86059,$53240,$76489,$21501,$126834,$115904,$75990,$17981
2023,6037703002,Census Tract 7030.02,Inglewood,Los Angeles County,California,Inglewood,151099.0,45671.0,229364.0,150253.0,130796.0,32914.0,,,,,,,,,233453.0,69516.0,230605.0,63201.0,,,$151099,$45671,$229364,$150253,$130796,$32914,,,,,,,,,$233453,$69516,$230605,$63201,,
2024,6037600501,Census Tract 6005.01,Inglewood,Los Angeles County,California,Inglewood,95645.0,20956.0,,,84375.0,30209.0,,,,,,,136250.0,122035.0,172500.0,60076.0,,,110781.0,69100.0,$95645,$20956,,,$84375,$30209,,,,,,,$136250,$122035,$172500,$60076,,,$110781,$69100
2024,6037600601,Census Tract 6006.01,Inglewood,Los Angeles County,California,Inglewood,103333.0,26579.0,,,82917.0,41782.0,,,,,,,,,194271.0,68803.0,,,,,$103333,$26579,,,$82917,$41782,,,,,,,,,$194271,$68803,,,,
2024,6037600602,Census Tract 6006.02,Inglewood,Los Angeles County,California,Inglewood,66541.0,6997.0,60625.0,19230.0,71364.0,65472.0,,,,,,,53649.0,17936.0,69500.0,21117.0,,,66163.0,8129.0,$66541,$6997,$60625,$19230,$71364,$65472,,,,,,,$53649,$17936,$69500,$21117,,,$66163,$8129
2024,6037600702,Census Tract 6007.02,Inglewood,Los Angeles County,California,Inglewood,116071.0,25924.0,,,114479.0,33381.0,,,,,,,73375.0,39533.0,199292.0,9839.0,187019.0,33439.0,,,$116071,$25924,,,$114479,$33381,,,,,,,$73375,$39533,$199292,$9839,$187019,$33439,,
2024,6037600703,Census Tract 6007.03,Inglewood,Los Angeles County,California,Inglewood,92826.0,22022.0,,,84625.0,23036.0,,,,,,,,,,,,,,,$92826,$22022,,,$84625,$23036,,,,,,,,,,,,,,
2024,6037600704,Census Tract 6007.04,Inglewood,Los Angeles County,California,Inglewood,79630.0,16740.0,,,84722.0,28531.0,,,,,,,95125.0,72458.0,,,,,84034.0,32576.0,$79630,$16740,,,$84722,$28531,,,,,,,$95125,$72458,,,,,$84034,$32576
2024,6037600801,Census Tract 6008.01,Inglewood,Los Angeles County,California,Inglewood,139494.0,45726.0,156563.0,45384.0,138958.0,54745.0,,,,,,,,,,,187898.0,161171.0,,,$139494,$45726,$156563,$45384,$138958,$54745,,,,,,,,,,,$187898,$161171,,
2024,6037600802,Census Tract 6008.02,Inglewood,Los Angeles County,California,Inglewood,69018.0,23397.0,,,61688.0,27419.0,,,,,,,,,,,,,,,$69018,$23397,,,$61688,$27419,,,,,,,,,,,,,,
2024,6037600902,Census Tract 6009.02,Inglewood,Los Angeles County,California,Inglewood,64163.0,13467.0,80472.0,61917.0,64883.0,25462.0,,,31905.0,27993.0,,,78829.0,27442.0,49448.0,18360.0,80083.0,35787.0,78591.0,25605.0,$64163,$13467,$80472,$61917,$64883,$25462,,,$31905,$27993,,,$78829,$27442,$49448,$18360,$80083,$35787,$78591,$25605
2024,6037600911,Census Tract 6009.11,Inglewood,Los Angeles County,California,Inglewood,75167.0,25013.0,153542.0,150281.0,61144.0,56454.0,168385.0,37205.0,,,,,87898.0,34174.0,72530.0,19780.0,,,109000.0,41166.0,$75167,$25013,$153542,$150281,$61144,$56454,$168385,$37205,,,,,$87898,$34174,$72530,$19780,,,$109000,$41166
2024,6037600912,Census Tract 6009.12,Inglewood,Los Angeles County,California,Inglewood,77637.0,8300.0,122578.0,25806.0,65729.0,28569.0,,,,,,,80114.0,9608.0,69388.0,13647.0,123542.0,15909.0,74382.0,7128.0,$77637,$8300,$122578,$25806,$65729,$28569,,,,,,,$80114,$9608,$69388,$13647,$123542,$15909,$74382,$7128
2024,6037601001,Census Tract 6010.01,Inglewood,Los Angeles County,California,Inglewood,64650.0,24560.0,,,47656.0,32054.0,,,183165.0,182732.0,,,,,,,,,126285.0,123484.0,$64650,$24560,,,$47656,$32054,,,$183165,$182732,,,,,,,,,$126285,$123484
2024,6037601002,Census Tract 6010.02,Inglewood,Los Angeles County,California,Inglewood,62986.0,23297.0,,,61875.0,59004.0,,,,,,,81393.0,42477.0,,,,,66366.0,18683.0,$62986,$23297,,,$61875,$59004,,,,,,,$81393,$42477,,,,,$66366,$18683
2024,6037601100,Census Tract 6011,Inglewood,Los Angeles County,California,Inglewood,61563.0,8198.0,,,53185.0,52081.0,,,,,,,66010.0,9770.0,93367.0,78185.0,,,66947.0,13933.0,$61563,$8198,,,$53185,$52081,,,,,,,$66010,$9770,$93367,$78185,,,$66947,$13933
2024,6037601202,Census Tract 6012.02,Inglewood,Los Angeles County,California,Inglewood,88750.0,18078.0,,,173036.0,28322.0,95385.0,2479.0,91607.0,89824.0,,,80197.0,8016.0,73750.0,20413.0,,,80757.0,14132.0,$88750,$18078,,,$173036,$28322,$95385,$2479,$91607,$89824,,,$80197,$8016,$73750,$20413,,,$80757,$14132
2024,6037601211,Census Tract 6012.11,Inglewood,Los Angeles County,California,Inglewood,52788.0,24843.0,,,50799.0,28478.0,45875.0,20832.0,,,,,,,97969.0,51455.0,,,,,$52788,$24843,,,$50799,$28478,$45875,$20832,,,,,,,$97969,$51455,,,,
2024,6037601212,Census Tract 6012.12,Inglewood,Los Angeles County,California,Inglewood,61023.0,18430.0,,,49944.0,16326.0,,,,,,,75607.0,11815.0,,,,,76440.0,12157.0,$61023,$18430,,,$49944,$16326,,,,,,,$75607,$11815,,,,,$76440,$12157
2024,6037601301,Census Tract 6013.01,Inglewood,Los Angeles County,California,Inglewood,126307.0,29538.0,195038.0,74263.0,97321.0,59634.0,190677.0,181171.0,197763.0,126839.0,,,194000.0,114829.0,117727.0,29445.0,174464.0,52205.0,118523.0,46793.0,$126307,$29538,$195038,$74263,$97321,$59634,$190677,$181171,$197763,$126839,,,$194000,$114829,$117727,$29445,$174464,$52205,$118523,$46793
2024,6037601302,Census Tract 6013.02,Inglewood,Los Angeles County,California,Inglewood,78608.0,5724.0,77080.0,2746.0,77458.0,13304.0,,,,,,,115417.0,47905.0,,,77807.0,17832.0,81850.0,25695.0,$78608,$5724,$77080,$2746,$77458,$13304,,,,,,,$115417,$47905,,,$77807,$17832,$81850,$25695
2024,6037601303,Census Tract 6013.03,Inglewood,Los Angeles County,California,Inglewood,43010.0,15955.0,,,41856.0,18269.0,,,,,,,60948.0,41560.0,76047.0,25618.0,,,61336.0,28476.0,$43010,$15955,,,$41856,$18269,,,,,,,$60948,$41560,$76047,$25618,,,$61336,$28476
2024,6037601401,Census Tract 6014.01,Inglewood,Los Angeles County,California,Inglewood,62042.0,13578.0,65543.0,39834.0,44566.0,14391.0,,,116458.0,31581.0,,,81938.0,12069.0,65354.0,18378.0,65543.0,39834.0,82031.0,13671.0,$62042,$13578,$65543,$39834,$44566,$14391,,,$116458,$31581,,,$81938,$12069,$65354,$18378,$65543,$39834,$82031,$13671
2024,6037601402,Census Tract 6014.02,Inglewood,Los Angeles County,California,Inglewood,82917.0,27204.0,36442.0,31294.0,,,,,,,,,65129.0,14828.0,97088.0,10784.0,,,87759.0,26235.0,$82917,$27204,$36442,$31294,,,,,,,,,$65129,$14828,$97088,$10784,,,$87759,$26235
2024,6037601501,Census Tract 6015.01,Inglewood,Los Angeles County,California,Inglewood,52708.0,12648.0,,,92750.0,91104.0,,,,,,,51250.0,41083.0,42989.0,16558.0,,,49018.0,12064.0,$52708,$12648,,,$92750,$91104,,,,,,,$51250,$41083,$42989,$16558,,,$49018,$12064
2024,6037601700,Census Tract 6017,Inglewood,Los Angeles County,California,Inglewood,52938.0,14062.0,66700.0,58358.0,,,,,140203.0,87544.0,,,65368.0,22550.0,37121.0,12325.0,65400.0,54184.0,49185.0,11692.0,$52938,$14062,$66700,$58358,,,,,$140203,$87544,,,$65368,$22550,$37121,$12325,$65400,$54184,$49185,$11692
2024,6037601801,Census Tract 6018.01,Inglewood,Los Angeles County,California,Inglewood,57098.0,14006.0,,,,,,,,,,,58438.0,17814.0,,,,,56741.0,10841.0,$57098,$14006,,,,,,,,,,,$58438,$17814,,,,,$56741,$10841
2024,6037601802,Census Tract 6018.02,Inglewood,Los Angeles County,California,Inglewood,85590.0,17905.0,,,,,,,,,,,86705.0,78448.0,85813.0,12163.0,40843.0,25320.0,86815.0,15619.0,$85590,$17905,,,,,,,,,,,$86705,$78448,$85813,$12163,$40843,$25320,$86815,$15619
2024,6037601900,Census Tract 6019,Inglewood,Los Angeles County,California,Inglewood,68518.0,9248.0,86154.0,72100.0,77887.0,5824.0,,,,,,,53869.0,18551.0,67809.0,14855.0,,,59351.0,15461.0,$68518,$9248,$86154,$72100,$77887,$5824,,,,,,,$53869,$18551,$67809,$14855,,,$59351,$15461
2024,6037602003,Census Tract 6020.03,Inglewood,Los Angeles County,California,Inglewood,77736.0,10551.0,103929.0,47423.0,91488.0,76814.0,,,,,,,64500.0,20658.0,81033.0,26087.0,,,73977.0,13801.0,$77736,$10551,$103929,$47423,$91488,$76814,,,,,,,$64500,$20658,$81033,$26087,,,$73977,$13801
2024,6037604200,Census Tract 6042,Inglewood,Los Angeles County,California,Inglewood,75880.0,16175.0,154310.0,18834.0,66250.0,16919.0,2499.0,,,,,,,,87083.0,24867.0,152974.0,45596.0,74185.0,37986.0,$75880,$16175,$154310,$18834,$66250,$16919,$2499,,,,,,,,$87083,$24867,$152974,$45596,$74185,$37986
2024,6037703002,Census Tract 7030.02,Inglewood,Los Angeles County,California,Inglewood,165217.0,51966.0,241146.0,47518.0,127054.0,37606.0,,,,,,,,,233750.0,68125.0,,,,,$165217,$51966,$241146,$47518,$127054,$37606,,,,,,,,,$233750,$68125,,,,
