YEAR,GEO_ID,TRACT,CITY,COUNTY,STATE,ABBREV_NAME,B19013_001E,B19013_001M,B19013A_001E,B19013A_001M,B19013B_001E,B19013B_001M,B19013C_001E,B19013C_001M,B19013D_001E,B19013D_001M,B19013E_001E,B19013E_001M,B19013F_001E,B19013F_001M,B19013G_001E,B19013G_001M,B19013H_001E,B19013H_001M,B19013I_001E,B19013I_001M,B19013_001E_string,B19013_001M_string,B19013A_001E_string,B19013A_001M_string,B19013B_001E_string,B19013B_001M_string,B19013C_001E_string,B19013C_001M_string,B19013D_001E_string,B19013D_001M_string,B19013E_001E_string,B19013E_001M_string,B19013F_001E_string,B19013F_001M_string,B19013G_001E_string,B19013G_001M_string,B19013H_001E_string,B19013H_001M_string,B19013I_001E_string,B19013I_001M_string
2010,6037900201,Census Tract 9002.01,Lancaster,Los Angeles County,California,Lancaster,53504.0,6687.0,59019.0,13023.0,,,,,3614.0,,,,52232.0,3364.0,,,67268.0,27451.0,50997.0,14834.0,$53504,$6687,$59019,$13023,,,,,$3614,,,,$52232,$3364,,,$67268,$27451,$50997,$14834
2010,6037900300,Census Tract 9003,Lancaster,Los Angeles County,California,Lancaster,62756.0,19015.0,54384.0,20069.0,144772.0,144463.0,,,49381.0,12586.0,,,120009.0,10502.0,,,53792.0,23796.0,78864.0,80012.0,$62756,$19015,$54384,$20069,$144772,$144463,,,$49381,$12586,,,$120009,$10502,,,$53792,$23796,$78864,$80012
2010,6037900501,Census Tract 9005.01,Lancaster,Los Angeles County,California,Lancaster,67575.0,8546.0,66559.0,14691.0,65803.0,38780.0,,,78048.0,63282.0,,,61148.0,13988.0,,,79377.0,17533.0,59159.0,17352.0,$67575,$8546,$66559,$14691,$65803,$38780,,,$78048,$63282,,,$61148,$13988,,,$79377,$17533,$59159,$17352
2010,6037900504,Census Tract 9005.04,Lancaster,Los Angeles County,California,Lancaster,85120.0,2467.0,85723.0,15107.0,80215.0,25429.0,,,87032.0,16692.0,,,85473.0,6076.0,109913.0,121043.0,89666.0,27928.0,84598.0,2778.0,$85120,$2467,$85723,$15107,$80215,$25429,,,$87032,$16692,,,$85473,$6076,$109913,$121043,$89666,$27928,$84598,$2778
2010,6037900505,Census Tract 9005.05,Lancaster,Los Angeles County,California,Lancaster,88305.0,16316.0,79935.0,33885.0,89737.0,12919.0,,,114149.0,121166.0,,,3614.0,,10421.0,266210.0,97879.0,38043.0,32690.0,68212.0,$88305,$16316,$79935,$33885,$89737,$12919,,,$114149,$121166,,,$3614,,$10421,$266210,$97879,$38043,$32690,$68212
2010,6037900506,Census Tract 9005.06,Lancaster,Los Angeles County,California,Lancaster,74797.0,8460.0,75216.0,13370.0,68059.0,68458.0,,,39661.0,178446.0,,,60109.0,161870.0,74420.0,47935.0,117129.0,59511.0,72855.0,24874.0,$74797,$8460,$75216,$13370,$68059,$68458,,,$39661,$178446,,,$60109,$161870,$74420,$47935,$117129,$59511,$72855,$24874
2010,6037900507,Census Tract 9005.07,Lancaster,Los Angeles County,California,Lancaster,56126.0,5457.0,56194.0,4875.0,52997.0,11176.0,,,79863.0,74528.0,,,54635.0,114282.0,59309.0,14297.0,54378.0,16169.0,65582.0,17057.0,$56126,$5457,$56194,$4875,$52997,$11176,,,$79863,$74528,,,$54635,$114282,$59309,$14297,$54378,$16169,$65582,$17057
2010,6037900508,Census Tract 9005.08,Lancaster,Los Angeles County,California,Lancaster,106208.0,37716.0,96535.0,33831.0,141187.0,235557.0,,,132686.0,34354.0,,,67891.0,59285.0,,,146599.0,71310.0,84028.0,31678.0,$106208,$37716,$96535,$33831,$141187,$235557,,,$132686,$34354,,,$67891,$59285,,,$146599,$71310,$84028,$31678
2010,6037900602,Census Tract 9006.02,Lancaster,Los Angeles County,California,Lancaster,45248.0,12863.0,38676.0,11805.0,59255.0,40436.0,,,23903.0,417096.0,,,38950.0,22010.0,,,45194.0,16318.0,37774.0,12108.0,$45248,$12863,$38676,$11805,$59255,$40436,,,$23903,$417096,,,$38950,$22010,,,$45194,$16318,$37774,$12108
2010,6037900605,Census Tract 9006.05,Lancaster,Los Angeles County,California,Lancaster,55478.0,11134.0,48924.0,10028.0,74764.0,29483.0,,,81784.0,53208.0,,,58552.0,25419.0,94305.0,161948.0,46518.0,13071.0,60861.0,20976.0,$55478,$11134,$48924,$10028,$74764,$29483,,,$81784,$53208,,,$58552,$25419,$94305,$161948,$46518,$13071,$60861,$20976
2010,6037900606,Census Tract 9006.06,Lancaster,Los Angeles County,California,Lancaster,54670.0,12192.0,60611.0,21760.0,39891.0,19304.0,13446.0,12636.0,,,,,35334.0,83385.0,,,60971.0,27542.0,53782.0,37339.0,$54670,$12192,$60611,$21760,$39891,$19304,$13446,$12636,,,,,$35334,$83385,,,$60971,$27542,$53782,$37339
2010,6037900607,Census Tract 9006.07,Lancaster,Los Angeles County,California,Lancaster,52425.0,3942.0,51498.0,6161.0,53208.0,89356.0,,,163514.0,89113.0,,,25102.0,36158.0,,,56157.0,7700.0,38848.0,17729.0,$52425,$3942,$51498,$6161,$53208,$89356,,,$163514,$89113,,,$25102,$36158,,,$56157,$7700,$38848,$17729
2010,6037900608,Census Tract 9006.08,Lancaster,Los Angeles County,California,Lancaster,79814.0,31778.0,101597.0,22220.0,25401.0,11214.0,,,,,,,27313.0,2629.0,,,123652.0,25458.0,65248.0,25507.0,$79814,$31778,$101597,$22220,$25401,$11214,,,,,,,$27313,$2629,,,$123652,$25458,$65248,$25507
2010,6037900609,Census Tract 9006.09,Lancaster,Los Angeles County,California,Lancaster,61164.0,20123.0,80579.0,11213.0,29640.0,5750.0,20695.0,103032.0,162985.0,172199.0,,,64422.0,32204.0,,,92197.0,18311.0,59487.0,6582.0,$61164,$20123,$80579,$11213,$29640,$5750,$20695,$103032,$162985,$172199,,,$64422,$32204,,,$92197,$18311,$59487,$6582
2010,6037900701,Census Tract 9007.01,Lancaster,Los Angeles County,California,Lancaster,45819.0,10861.0,38777.0,10115.0,46301.0,17572.0,,,63814.0,15877.0,,,70390.0,6190.0,46098.0,39191.0,46859.0,28281.0,36727.0,19213.0,$45819,$10861,$38777,$10115,$46301,$17572,,,$63814,$15877,,,$70390,$6190,$46098,$39191,$46859,$28281,$36727,$19213
2010,6037900703,Census Tract 9007.03,Lancaster,Los Angeles County,California,Lancaster,50289.0,9004.0,50657.0,9500.0,38416.0,25796.0,,,93343.0,54916.0,,,94366.0,27261.0,3614.0,,51443.0,15353.0,58727.0,16241.0,$50289,$9004,$50657,$9500,$38416,$25796,,,$93343,$54916,,,$94366,$27261,$3614,,$51443,$15353,$58727,$16241
2010,6037900704,Census Tract 9007.04,Lancaster,Los Angeles County,California,Lancaster,47605.0,3157.0,49432.0,8841.0,38325.0,21095.0,13759.0,121646.0,144772.0,285371.0,,,70503.0,34498.0,,,49300.0,5516.0,66966.0,15357.0,$47605,$3157,$49432,$8841,$38325,$21095,$13759,$121646,$144772,$285371,,,$70503,$34498,,,$49300,$5516,$66966,$15357
2010,6037900705,Census Tract 9007.05,Lancaster,Los Angeles County,California,Lancaster,44758.0,9107.0,44406.0,10420.0,22872.0,30369.0,,,83496.0,307745.0,,,52297.0,14780.0,51747.0,28466.0,45440.0,20746.0,46966.0,19084.0,$44758,$9107,$44406,$10420,$22872,$30369,,,$83496,$307745,,,$52297,$14780,$51747,$28466,$45440,$20746,$46966,$19084
2010,6037900803,Census Tract 9008.03,Lancaster,Los Angeles County,California,Lancaster,87558.0,15936.0,94493.0,9800.0,79062.0,30802.0,,,136261.0,28650.0,,,75033.0,27618.0,80108.0,129561.0,93018.0,12234.0,77543.0,29232.0,$87558,$15936,$94493,$9800,$79062,$30802,,,$136261,$28650,,,$75033,$27618,$80108,$129561,$93018,$12234,$77543,$29232
2010,6037900804,Census Tract 9008.04,Lancaster,Los Angeles County,California,Lancaster,51747.0,16310.0,51916.0,8446.0,24250.0,63595.0,,,,,,,103405.0,126083.0,,,58424.0,13647.0,52425.0,26477.0,$51747,$16310,$51916,$8446,$24250,$63595,,,,,,,$103405,$126083,,,$58424,$13647,$52425,$26477
2010,6037900805,Census Tract 9008.05,Lancaster,Los Angeles County,California,Lancaster,82203.0,16173.0,97857.0,14456.0,57027.0,7302.0,,,37360.0,79276.0,,,59386.0,12524.0,84190.0,60718.0,99760.0,4963.0,66815.0,16776.0,$82203,$16173,$97857,$14456,$57027,$7302,,,$37360,$79276,,,$59386,$12524,$84190,$60718,$99760,$4963,$66815,$16776
2010,6037900806,Census Tract 9008.06,Lancaster,Los Angeles County,California,Lancaster,24405.0,5649.0,34664.0,15440.0,19585.0,4961.0,,,20619.0,4890.0,,,29305.0,37145.0,3614.0,,43161.0,18749.0,18217.0,20827.0,$24405,$5649,$34664,$15440,$19585,$4961,,,$20619,$4890,,,$29305,$37145,$3614,,$43161,$18749,$18217,$20827
2010,6037900900,Census Tract 9009,Lancaster,Los Angeles County,California,Lancaster,115903.0,22659.0,114366.0,25788.0,,,3614.0,,140231.0,38062.0,,,87226.0,47339.0,28723.0,59495.0,113794.0,25614.0,75565.0,31611.0,$115903,$22659,$114366,$25788,,,$3614,,$140231,$38062,,,$87226,$47339,$28723,$59495,$113794,$25614,$75565,$31611
2010,6037901003,Census Tract 9010.03,Lancaster,Los Angeles County,California,Lancaster,,,,,,,,,,,,,,,,,,,,,,,,,,,,,,,,,,,,,,,,
2010,6037901004,Census Tract 9010.04,Lancaster,Los Angeles County,California,Lancaster,119351.0,8909.0,119803.0,10698.0,114389.0,69452.0,,,115204.0,34267.0,,,156325.0,143840.0,103043.0,106920.0,121290.0,10303.0,114626.0,42195.0,$119351,$8909,$119803,$10698,$114389,$69452,,,$115204,$34267,,,$156325,$143840,$103043,$106920,$121290,$10303,$114626,$42195
2010,6037901007,Census Tract 9010.07,Lancaster,Los Angeles County,California,Lancaster,150949.0,12349.0,149250.0,3838.0,294492.0,253.0,,,,,,,117867.0,404360.0,,,149828.0,6466.0,293481.0,169147.0,$150949,$12349,$149250,$3838,$294492,$253,,,,,,,$117867,$404360,,,$149828,$6466,$293481,$169147
2010,6037901008,Census Tract 9010.08,Lancaster,Los Angeles County,California,Lancaster,116523.0,18623.0,115698.0,28697.0,82293.0,49414.0,,,111386.0,58809.0,,,150045.0,139672.0,,,124995.0,26728.0,115809.0,63007.0,$116523,$18623,$115698,$28697,$82293,$49414,,,$111386,$58809,,,$150045,$139672,,,$124995,$26728,$115809,$63007
2010,6037901009,Census Tract 9010.09,Lancaster,Los Angeles County,California,Lancaster,96716.0,26921.0,106208.0,28518.0,94366.0,146145.0,17569.0,2920.0,171480.0,104763.0,,,46399.0,105615.0,61126.0,385112.0,120113.0,22668.0,43748.0,21813.0,$96716,$26921,$106208,$28518,$94366,$146145,$17569,$2920,$171480,$104763,,,$46399,$105615,$61126,$385112,$120113,$22668,$43748,$21813
2010,6037901010,Census Tract 9010.10,Lancaster,Los Angeles County,California,Lancaster,81609.0,15648.0,98084.0,14124.0,14331.0,34771.0,52425.0,52316.0,107764.0,76751.0,,,74378.0,44021.0,,,100870.0,14196.0,72813.0,38682.0,$81609,$15648,$98084,$14124,$14331,$34771,$52425,$52316,$107764,$76751,,,$74378,$44021,,,$100870,$14196,$72813,$38682
2010,6037901011,Census Tract 9010.11,Lancaster,Los Angeles County,California,Lancaster,93346.0,12271.0,96383.0,12432.0,32215.0,207521.0,,,78757.0,316656.0,,,91293.0,25793.0,,,96992.0,9745.0,82073.0,28281.0,$93346,$12271,$96383,$12432,$32215,$207521,,,$78757,$316656,,,$91293,$25793,,,$96992,$9745,$82073,$28281
2010,6037901101,Census Tract 9011.01,Lancaster,Los Angeles County,California,Lancaster,68570.0,20087.0,85741.0,24771.0,37768.0,72263.0,,,73562.0,34019.0,,,59276.0,9071.0,31523.0,2722.0,96030.0,10352.0,61736.0,9856.0,$68570,$20087,$85741,$24771,$37768,$72263,,,$73562,$34019,,,$59276,$9071,$31523,$2722,$96030,$10352,$61736,$9856
2010,6037901102,Census Tract 9011.02,Lancaster,Los Angeles County,California,Lancaster,94208.0,19748.0,100469.0,11101.0,82348.0,35594.0,,,81350.0,18899.0,,,49864.0,15191.0,51767.0,52339.0,102376.0,11493.0,78703.0,28304.0,$94208,$19748,$100469,$11101,$82348,$35594,,,$81350,$18899,,,$49864,$15191,$51767,$52339,$102376,$11493,$78703,$28304
2010,6037901205,Census Tract 9012.05,Lancaster,Los Angeles County,California,Lancaster,104709.0,10699.0,100175.0,17115.0,110526.0,39112.0,239600.0,115511.0,197778.0,29811.0,,,85699.0,70904.0,116150.0,28252.0,110209.0,14471.0,83725.0,16442.0,$104709,$10699,$100175,$17115,$110526,$39112,$239600,$115511,$197778,$29811,,,$85699,$70904,$116150,$28252,$110209,$14471,$83725,$16442
2010,6037901213,Census Tract 9012.13,Lancaster,Los Angeles County,California,Lancaster,156976.0,46619.0,164207.0,39981.0,80692.0,27273.0,,,230792.0,202183.0,,,,,17758.0,175983.0,158000.0,47453.0,224867.0,96447.0,$156976,$46619,$164207,$39981,$80692,$27273,,,$230792,$202183,,,,,$17758,$175983,$158000,$47453,$224867,$96447
2010,6037910202,Census Tract 9102.02,Lancaster,Los Angeles County,California,Lancaster,132361.0,24902.0,124194.0,28483.0,133722.0,65938.0,,,179505.0,126576.0,,,100984.0,33823.0,,,131064.0,34758.0,100232.0,47829.0,$132361,$24902,$124194,$28483,$133722,$65938,,,$179505,$126576,,,$100984,$33823,,,$131064,$34758,$100232,$47829
2011,6037900201,Census Tract 9002.01,Lancaster,Los Angeles County,California,Lancaster,51078.0,11350.0,52284.0,13926.0,,,,,3502.0,,,,57813.0,60435.0,,,58251.0,18248.0,44264.0,22047.0,$51078,$11350,$52284,$13926,,,,,$3502,,,,$57813,$60435,,,$58251,$18248,$44264,$22047
2011,6037900300,Census Tract 9003,Lancaster,Los Angeles County,California,Lancaster,57813.0,21128.0,53339.0,11024.0,112998.0,103774.0,,,70222.0,41360.0,,,120444.0,12026.0,,,55148.0,21132.0,54966.0,36616.0,$57813,$21128,$53339,$11024,$112998,$103774,,,$70222,$41360,,,$120444,$12026,,,$55148,$21132,$54966,$36616
2011,6037900501,Census Tract 9005.01,Lancaster,Los Angeles County,California,Lancaster,61755.0,9364.0,65179.0,13309.0,44221.0,38644.0,,,75121.0,22550.0,,,49053.0,47743.0,,,76669.0,14373.0,49685.0,15198.0,$61755,$9364,$65179,$13309,$44221,$38644,,,$75121,$22550,,,$49053,$47743,,,$76669,$14373,$49685,$15198
2011,6037900504,Census Tract 9005.04,Lancaster,Los Angeles County,California,Lancaster,83866.0,7675.0,82339.0,11446.0,75412.0,15023.0,,,85204.0,14663.0,,,85791.0,8242.0,128140.0,18577.0,79186.0,29246.0,85037.0,6841.0,$83866,$7675,$82339,$11446,$75412,$15023,,,$85204,$14663,,,$85791,$8242,$128140,$18577,$79186,$29246,$85037,$6841
2011,6037900505,Census Tract 9005.05,Lancaster,Los Angeles County,California,Lancaster,70400.0,54476.0,74080.0,46334.0,87823.0,98402.0,,,97558.0,56592.0,,,16018.0,122749.0,42571.0,54333.0,91305.0,61183.0,42805.0,23942.0,$70400,$54476,$74080,$46334,$87823,$98402,,,$97558,$56592,,,$16018,$122749,$42571,$54333,$91305,$61183,$42805,$23942
2011,6037900506,Census Tract 9005.06,Lancaster,Los Angeles County,California,Lancaster,76924.0,31566.0,87369.0,43548.0,59314.0,62506.0,,,37531.0,79667.0,,,62225.0,113522.0,74694.0,63290.0,147524.0,34583.0,72303.0,4692.0,$76924,$31566,$87369,$43548,$59314,$62506,,,$37531,$79667,,,$62225,$113522,$74694,$63290,$147524,$34583,$72303,$4692
2011,6037900507,Census Tract 9005.07,Lancaster,Los Angeles County,California,Lancaster,60369.0,8423.0,64701.0,16396.0,53078.0,10468.0,,,38336.0,93735.0,,,186753.0,130643.0,60839.0,23327.0,59196.0,27809.0,66431.0,21156.0,$60369,$8423,$64701,$16396,$53078,$10468,,,$38336,$93735,,,$186753,$130643,$60839,$23327,$59196,$27809,$66431,$21156
2011,6037900508,Census Tract 9005.08,Lancaster,Los Angeles County,California,Lancaster,87821.0,13097.0,90303.0,27023.0,75215.0,99956.0,,,132008.0,37433.0,,,63185.0,53269.0,,,93807.0,108597.0,67515.0,33802.0,$87821,$13097,$90303,$27023,$75215,$99956,,,$132008,$37433,,,$63185,$53269,,,$93807,$108597,$67515,$33802
2011,6037900602,Census Tract 9006.02,Lancaster,Los Angeles County,California,Lancaster,43798.0,10304.0,39205.0,7570.0,34162.0,44788.0,,,23554.0,520920.0,,,52606.0,5972.0,49638.0,23000.0,43272.0,11926.0,47827.0,15163.0,$43798,$10304,$39205,$7570,$34162,$44788,,,$23554,$520920,,,$52606,$5972,$49638,$23000,$43272,$11926,$47827,$15163
2011,6037900605,Census Tract 9006.05,Lancaster,Los Angeles County,California,Lancaster,60694.0,7282.0,56914.0,14204.0,81618.0,30096.0,,,82763.0,68103.0,,,59273.0,41991.0,51000.0,27649.0,46843.0,17858.0,62529.0,12419.0,$60694,$7282,$56914,$14204,$81618,$30096,,,$82763,$68103,,,$59273,$41991,$51000,$27649,$46843,$17858,$62529,$12419
2011,6037900606,Census Tract 9006.06,Lancaster,Los Angeles County,California,Lancaster,49776.0,6846.0,54834.0,8206.0,41562.0,37311.0,15251.0,4832.0,,,,,33421.0,1727.0,,,56996.0,11045.0,50005.0,10647.0,$49776,$6846,$54834,$8206,$41562,$37311,$15251,$4832,,,,,$33421,$1727,,,$56996,$11045,$50005,$10647
2011,6037900607,Census Tract 9006.07,Lancaster,Los Angeles County,California,Lancaster,47832.0,16478.0,47832.0,15958.0,50148.0,69417.0,,,162603.0,89114.0,,,23869.0,2415.0,6832.0,180063.0,49492.0,20682.0,36175.0,11166.0,$47832,$16478,$47832,$15958,$50148,$69417,,,$162603,$89114,,,$23869,$2415,$6832,$180063,$49492,$20682,$36175,$11166
2011,6037900608,Census Tract 9006.08,Lancaster,Los Angeles County,California,Lancaster,80104.0,20960.0,85731.0,20082.0,25040.0,19775.0,,,,,,,24293.0,168834.0,,,99780.0,35730.0,79803.0,23862.0,$80104,$20960,$85731,$20082,$25040,$19775,,,,,,,$24293,$168834,,,$99780,$35730,$79803,$23862
2011,6037900609,Census Tract 9006.09,Lancaster,Los Angeles County,California,Lancaster,68553.0,17136.0,77901.0,9725.0,27768.0,20304.0,,,,,,,68714.0,19597.0,,,97026.0,17655.0,58907.0,12147.0,$68553,$17136,$77901,$9725,$27768,$20304,,,,,,,$68714,$19597,,,$97026,$17655,$58907,$12147
2011,6037900701,Census Tract 9007.01,Lancaster,Los Angeles County,California,Lancaster,43286.0,11994.0,37053.0,10534.0,45311.0,32398.0,,,65883.0,14978.0,,,43798.0,16978.0,77960.0,72613.0,57947.0,46026.0,26958.0,7155.0,$43286,$11994,$37053,$10534,$45311,$32398,,,$65883,$14978,,,$43798,$16978,$77960,$72613,$57947,$46026,$26958,$7155
2011,6037900703,Census Tract 9007.03,Lancaster,Los Angeles County,California,Lancaster,46735.0,6413.0,48382.0,12737.0,26424.0,32835.0,,,92277.0,44016.0,,,62411.0,93521.0,3502.0,,45217.0,13471.0,59745.0,25656.0,$46735,$6413,$48382,$12737,$26424,$32835,,,$92277,$44016,,,$62411,$93521,$3502,,$45217,$13471,$59745,$25656
2011,6037900704,Census Tract 9007.04,Lancaster,Los Angeles County,California,Lancaster,48483.0,4610.0,48226.0,7024.0,42142.0,20469.0,13278.0,129726.0,148327.0,189097.0,,,74105.0,35317.0,27641.0,43297.0,48326.0,6048.0,65192.0,8736.0,$48483,$4610,$48226,$7024,$42142,$20469,$13278,$129726,$148327,$189097,,,$74105,$35317,$27641,$43297,$48326,$6048,$65192,$8736
2011,6037900705,Census Tract 9007.05,Lancaster,Los Angeles County,California,Lancaster,48973.0,18164.0,62083.0,25213.0,19911.0,39704.0,,,295852.0,242948.0,,,41938.0,9913.0,54107.0,12814.0,61098.0,22967.0,47765.0,35973.0,$48973,$18164,$62083,$25213,$19911,$39704,,,$295852,$242948,,,$41938,$9913,$54107,$12814,$61098,$22967,$47765,$35973
2011,6037900803,Census Tract 9008.03,Lancaster,Los Angeles County,California,Lancaster,82084.0,9947.0,89407.0,21309.0,41837.0,58913.0,,,135345.0,7319.0,,,76597.0,34368.0,88108.0,13648.0,90555.0,22918.0,76838.0,26379.0,$82084,$9947,$89407,$21309,$41837,$58913,,,$135345,$7319,,,$76597,$34368,$88108,$13648,$90555,$22918,$76838,$26379
2011,6037900804,Census Tract 9008.04,Lancaster,Los Angeles County,California,Lancaster,53141.0,18077.0,53287.0,13707.0,49996.0,30263.0,88241.0,29381.0,,,,,155466.0,83376.0,30512.0,49196.0,60998.0,23876.0,68909.0,31248.0,$53141,$18077,$53287,$13707,$49996,$30263,$88241,$29381,,,,,$155466,$83376,$30512,$49196,$60998,$23876,$68909,$31248
2011,6037900805,Census Tract 9008.05,Lancaster,Los Angeles County,California,Lancaster,79386.0,17568.0,86949.0,18305.0,54851.0,15619.0,,,27896.0,150093.0,,,61082.0,19356.0,83361.0,2991.0,98266.0,17701.0,65304.0,18420.0,$79386,$17568,$86949,$18305,$54851,$15619,,,$27896,$150093,,,$61082,$19356,$83361,$2991,$98266,$17701,$65304,$18420
2011,6037900806,Census Tract 9008.06,Lancaster,Los Angeles County,California,Lancaster,22727.0,3720.0,36278.0,11104.0,18479.0,2996.0,3502.0,,23494.0,3910.0,,,32786.0,21621.0,6294.0,88470.0,38329.0,9673.0,22190.0,17483.0,$22727,$3720,$36278,$11104,$18479,$2996,$3502,,$23494,$3910,,,$32786,$21621,$6294,$88470,$38329,$9673,$22190,$17483
2011,6037900900,Census Tract 9009,Lancaster,Los Angeles County,California,Lancaster,106647.0,21449.0,104530.0,21424.0,,,3502.0,,137149.0,81810.0,,,115949.0,69784.0,53433.0,50902.0,108399.0,21937.0,75527.0,50655.0,$106647,$21449,$104530,$21424,,,$3502,,$137149,$81810,,,$115949,$69784,$53433,$50902,$108399,$21937,$75527,$50655
2011,6037901003,Census Tract 9010.03,Lancaster,Los Angeles County,California,Lancaster,,,,,,,,,,,,,,,,,,,,,,,,,,,,,,,,,,,,,,,,
2011,6037901004,Census Tract 9010.04,Lancaster,Los Angeles County,California,Lancaster,115132.0,6845.0,114768.0,7075.0,139604.0,43778.0,,,103704.0,47105.0,,,155832.0,126019.0,102884.0,108590.0,115722.0,12238.0,113927.0,16514.0,$115132,$6845,$114768,$7075,$139604,$43778,,,$103704,$47105,,,$155832,$126019,$102884,$108590,$115722,$12238,$113927,$16514
2011,6037901007,Census Tract 9010.07,Lancaster,Los Angeles County,California,Lancaster,146961.0,11804.0,146323.0,16919.0,227985.0,152812.0,,,,,,,117705.0,322226.0,,,145687.0,26915.0,150739.0,51122.0,$146961,$11804,$146323,$16919,$227985,$152812,,,,,,,$117705,$322226,,,$145687,$26915,$150739,$51122
2011,6037901008,Census Tract 9010.08,Lancaster,Los Angeles County,California,Lancaster,102925.0,21229.0,97159.0,11820.0,82667.0,56816.0,,,108968.0,70258.0,,,117624.0,67668.0,,,104926.0,35635.0,96757.0,38570.0,$102925,$21229,$97159,$11820,$82667,$56816,,,$108968,$70258,,,$117624,$67668,,,$104926,$35635,$96757,$38570
2011,6037901009,Census Tract 9010.09,Lancaster,Los Angeles County,California,Lancaster,95394.0,21789.0,113788.0,18406.0,59098.0,55217.0,16591.0,2604.0,168978.0,128029.0,,,43001.0,87962.0,,,119248.0,16068.0,44645.0,58396.0,$95394,$21789,$113788,$18406,$59098,$55217,$16591,$2604,$168978,$128029,,,$43001,$87962,,,$119248,$16068,$44645,$58396
2011,6037901010,Census Tract 9010.10,Lancaster,Los Angeles County,California,Lancaster,72307.0,13811.0,88338.0,18126.0,16493.0,19204.0,54222.0,38871.0,82887.0,37303.0,,,74369.0,39680.0,,,99201.0,12481.0,55303.0,24911.0,$72307,$13811,$88338,$18126,$16493,$19204,$54222,$38871,$82887,$37303,,,$74369,$39680,,,$99201,$12481,$55303,$24911
2011,6037901011,Census Tract 9010.11,Lancaster,Los Angeles County,California,Lancaster,92004.0,13693.0,96793.0,14712.0,31335.0,214466.0,,,41045.0,46158.0,,,91309.0,29395.0,,,101062.0,13305.0,78739.0,27784.0,$92004,$13693,$96793,$14712,$31335,$214466,,,$41045,$46158,,,$91309,$29395,,,$101062,$13305,$78739,$27784
2011,6037901101,Census Tract 9011.01,Lancaster,Los Angeles County,California,Lancaster,61036.0,9514.0,65106.0,13561.0,36152.0,68295.0,54589.0,1123.0,71077.0,6356.0,,,57703.0,41458.0,30658.0,2474.0,81639.0,36424.0,59565.0,6947.0,$61036,$9514,$65106,$13561,$36152,$68295,$54589,$1123,$71077,$6356,,,$57703,$41458,$30658,$2474,$81639,$36424,$59565,$6947
2011,6037901102,Census Tract 9011.02,Lancaster,Los Angeles County,California,Lancaster,83215.0,18832.0,92420.0,15888.0,79711.0,34616.0,,,77765.0,20426.0,,,60149.0,42954.0,51283.0,49580.0,92575.0,19833.0,80517.0,22637.0,$83215,$18832,$92420,$15888,$79711,$34616,,,$77765,$20426,,,$60149,$42954,$51283,$49580,$92575,$19833,$80517,$22637
2011,6037901205,Census Tract 9012.05,Lancaster,Los Angeles County,California,Lancaster,109938.0,9401.0,105477.0,8154.0,108661.0,26939.0,242436.0,137684.0,194125.0,46997.0,,,87121.0,85081.0,118878.0,57682.0,114556.0,7896.0,86329.0,18829.0,$109938,$9401,$105477,$8154,$108661,$26939,$242436,$137684,$194125,$46997,,,$87121,$85081,$118878,$57682,$114556,$7896,$86329,$18829
2011,6037901213,Census Tract 9012.13,Lancaster,Los Angeles County,California,Lancaster,149496.0,30674.0,158082.0,23852.0,81106.0,47839.0,,,200593.0,102497.0,,,5840.0,104141.0,16392.0,114276.0,151539.0,30440.0,160980.0,95865.0,$149496,$30674,$158082,$23852,$81106,$47839,,,$200593,$102497,,,$5840,$104141,$16392,$114276,$151539,$30440,$160980,$95865
2011,6037910202,Census Tract 9102.02,Lancaster,Los Angeles County,California,Lancaster,133101.0,32149.0,136648.0,39177.0,150703.0,36469.0,,,179934.0,64208.0,,,96104.0,40770.0,297345.0,190809.0,144532.0,41101.0,95554.0,27953.0,$133101,$32149,$136648,$39177,$150703,$36469,,,$179934,$64208,,,$96104,$40770,$297345,$190809,$144532,$41101,$95554,$27953
2012,6037900201,Census Tract 9002.01,Lancaster,Los Angeles County,California,Lancaster,54226.0,14806.0,56414.0,14931.0,,,,,3431.0,,,,41614.0,17035.0,,,55913.0,17253.0,60060.0,24557.0,$54226,$14806,$56414,$14931,,,,,$3431,,,,$41614,$17035,,,$55913,$17253,$60060,$24557
2012,6037900300,Census Tract 9003,Lancaster,Los Angeles County,California,Lancaster,53854.0,14441.0,50701.0,11754.0,82837.0,67431.0,,,71215.0,132725.0,,,114313.0,79770.0,,,47256.0,20815.0,59966.0,24571.0,$53854,$14441,$50701,$11754,$82837,$67431,,,$71215,$132725,,,$114313,$79770,,,$47256,$20815,$59966,$24571
2012,6037900501,Census Tract 9005.01,Lancaster,Los Angeles County,California,Lancaster,63015.0,6827.0,68640.0,11161.0,45288.0,12347.0,,,65018.0,120850.0,,,23778.0,17415.0,64256.0,29279.0,81247.0,17201.0,46423.0,24168.0,$63015,$6827,$68640,$11161,$45288,$12347,,,$65018,$120850,,,$23778,$17415,$64256,$29279,$81247,$17201,$46423,$24168
2012,6037900504,Census Tract 9005.04,Lancaster,Los Angeles County,California,Lancaster,84962.0,4685.0,88725.0,14060.0,67541.0,12392.0,,,88756.0,60082.0,,,78508.0,32920.0,127270.0,31564.0,103853.0,25183.0,84153.0,7912.0,$84962,$4685,$88725,$14060,$67541,$12392,,,$88756,$60082,,,$78508,$32920,$127270,$31564,$103853,$25183,$84153,$7912
2012,6037900505,Census Tract 9005.05,Lancaster,Los Angeles County,California,Lancaster,57933.0,41423.0,78028.0,41269.0,47505.0,52682.0,,,104677.0,30505.0,,,16516.0,130715.0,41828.0,47120.0,91741.0,36418.0,42972.0,22029.0,$57933,$41423,$78028,$41269,$47505,$52682,,,$104677,$30505,,,$16516,$130715,$41828,$47120,$91741,$36418,$42972,$22029
2012,6037900506,Census Tract 9005.06,Lancaster,Los Angeles County,California,Lancaster,81744.0,18209.0,97384.0,28056.0,61498.0,13854.0,,,40195.0,54941.0,,,60918.0,128815.0,41448.0,23045.0,99100.0,57232.0,85099.0,35274.0,$81744,$18209,$97384,$28056,$61498,$13854,,,$40195,$54941,,,$60918,$128815,$41448,$23045,$99100,$57232,$85099,$35274
2012,6037900507,Census Tract 9005.07,Lancaster,Los Angeles County,California,Lancaster,59764.0,12977.0,65708.0,12237.0,49979.0,56950.0,176093.0,121903.0,34857.0,65127.0,,,66639.0,34316.0,61050.0,8160.0,74189.0,29139.0,65222.0,10601.0,$59764,$12977,$65708,$12237,$49979,$56950,$176093,$121903,$34857,$65127,,,$66639,$34316,$61050,$8160,$74189,$29139,$65222,$10601
2012,6037900508,Census Tract 9005.08,Lancaster,Los Angeles County,California,Lancaster,98124.0,29417.0,100933.0,29657.0,82712.0,116240.0,,,132062.0,40245.0,,,61308.0,54712.0,,,104848.0,91013.0,68579.0,40119.0,$98124,$29417,$100933,$29657,$82712,$116240,,,$132062,$40245,,,$61308,$54712,,,$104848,$91013,$68579,$40119
2012,6037900602,Census Tract 9006.02,Lancaster,Los Angeles County,California,Lancaster,34582.0,3687.0,34913.0,4279.0,31694.0,20230.0,,,78250.0,490624.0,,,47763.0,24301.0,39850.0,17278.0,34791.0,4997.0,40380.0,9792.0,$34582,$3687,$34913,$4279,$31694,$20230,,,$78250,$490624,,,$47763,$24301,$39850,$17278,$34791,$4997,$40380,$9792
2012,6037900605,Census Tract 9006.05,Lancaster,Los Angeles County,California,Lancaster,58259.0,13484.0,56514.0,15362.0,90747.0,24091.0,,,144602.0,131663.0,,,12727.0,38860.0,48799.0,20664.0,55438.0,9899.0,50654.0,26860.0,$58259,$13484,$56514,$15362,$90747,$24091,,,$144602,$131663,,,$12727,$38860,$48799,$20664,$55438,$9899,$50654,$26860
2012,6037900606,Census Tract 9006.06,Lancaster,Los Angeles County,California,Lancaster,52506.0,7640.0,57364.0,11401.0,30555.0,18860.0,14415.0,6242.0,,,,,32938.0,4629.0,33326.0,25128.0,58835.0,24341.0,52161.0,12615.0,$52506,$7640,$57364,$11401,$30555,$18860,$14415,$6242,,,,,$32938,$4629,$33326,$25128,$58835,$24341,$52161,$12615
2012,6037900607,Census Tract 9006.07,Lancaster,Los Angeles County,California,Lancaster,48906.0,22245.0,51123.0,9779.0,41375.0,60618.0,,,48906.0,29771.0,,,27777.0,3565.0,28143.0,43331.0,53923.0,10054.0,32461.0,24549.0,$48906,$22245,$51123,$9779,$41375,$60618,,,$48906,$29771,,,$27777,$3565,$28143,$43331,$53923,$10054,$32461,$24549
2012,6037900608,Census Tract 9006.08,Lancaster,Los Angeles County,California,Lancaster,79023.0,28692.0,83667.0,25538.0,26693.0,35807.0,,,,,,,24270.0,74036.0,,,121525.0,58800.0,68255.0,20618.0,$79023,$28692,$83667,$25538,$26693,$35807,,,,,,,$24270,$74036,,,$121525,$58800,$68255,$20618
2012,6037900609,Census Tract 9006.09,Lancaster,Los Angeles County,California,Lancaster,53242.0,8142.0,70819.0,19800.0,16181.0,4669.0,,,,,,,69784.0,45866.0,,,105153.0,13783.0,54776.0,7925.0,$53242,$8142,$70819,$19800,$16181,$4669,,,,,,,$69784,$45866,,,$105153,$13783,$54776,$7925
2012,6037900701,Census Tract 9007.01,Lancaster,Los Angeles County,California,Lancaster,43613.0,10768.0,40664.0,14894.0,28117.0,27845.0,,,71965.0,201850.0,,,42709.0,10315.0,43287.0,32729.0,57602.0,32257.0,27322.0,9268.0,$43613,$10768,$40664,$14894,$28117,$27845,,,$71965,$201850,,,$42709,$10315,$43287,$32729,$57602,$32257,$27322,$9268
2012,6037900703,Census Tract 9007.03,Lancaster,Los Angeles County,California,Lancaster,44814.0,6800.0,48092.0,8890.0,26966.0,23939.0,80653.0,48582.0,93321.0,89963.0,,,46523.0,54124.0,103451.0,136986.0,48533.0,7446.0,46238.0,29035.0,$44814,$6800,$48092,$8890,$26966,$23939,$80653,$48582,$93321,$89963,,,$46523,$54124,$103451,$136986,$48533,$7446,$46238,$29035
2012,6037900704,Census Tract 9007.04,Lancaster,Los Angeles County,California,Lancaster,51263.0,7192.0,50068.0,9682.0,46644.0,10623.0,,,145932.0,64213.0,,,70804.0,17285.0,45760.0,22599.0,46636.0,5498.0,65287.0,8201.0,$51263,$7192,$50068,$9682,$46644,$10623,,,$145932,$64213,,,$70804,$17285,$45760,$22599,$46636,$5498,$65287,$8201
2012,6037900705,Census Tract 9007.05,Lancaster,Los Angeles County,California,Lancaster,51716.0,21034.0,72988.0,22467.0,25835.0,23894.0,82859.0,52888.0,293224.0,223849.0,,,41044.0,13377.0,54280.0,23866.0,67890.0,25372.0,50908.0,43753.0,$51716,$21034,$72988,$22467,$25835,$23894,$82859,$52888,$293224,$223849,,,$41044,$13377,$54280,$23866,$67890,$25372,$50908,$43753
2012,6037900803,Census Tract 9008.03,Lancaster,Los Angeles County,California,Lancaster,78488.0,10432.0,73489.0,20248.0,52461.0,60660.0,,,102707.0,46170.0,,,89518.0,23281.0,81840.0,20294.0,89566.0,25114.0,75380.0,20502.0,$78488,$10432,$73489,$20248,$52461,$60660,,,$102707,$46170,,,$89518,$23281,$81840,$20294,$89566,$25114,$75380,$20502
2012,6037900804,Census Tract 9008.04,Lancaster,Los Angeles County,California,Lancaster,51112.0,10329.0,53942.0,10554.0,23294.0,33961.0,,,,,,,58276.0,143235.0,,,59999.0,9202.0,51480.0,11131.0,$51112,$10329,$53942,$10554,$23294,$33961,,,,,,,$58276,$143235,,,$59999,$9202,$51480,$11131
2012,6037900805,Census Tract 9008.05,Lancaster,Los Angeles County,California,Lancaster,74442.0,13237.0,78048.0,16136.0,57372.0,11551.0,,,100672.0,97712.0,,,69549.0,39497.0,,,78404.0,21991.0,71164.0,17895.0,$74442,$13237,$78048,$16136,$57372,$11551,,,$100672,$97712,,,$69549,$39497,,,$78404,$21991,$71164,$17895
2012,6037900806,Census Tract 9008.06,Lancaster,Los Angeles County,California,Lancaster,20132.0,1945.0,28294.0,11359.0,18054.0,1627.0,,,22602.0,5116.0,,,33072.0,7913.0,5631.0,4663.0,28837.0,9925.0,31219.0,18732.0,$20132,$1945,$28294,$11359,$18054,$1627,,,$22602,$5116,,,$33072,$7913,$5631,$4663,$28837,$9925,$31219,$18732
2012,6037900900,Census Tract 9009,Lancaster,Los Angeles County,California,Lancaster,99275.0,29830.0,98511.0,25471.0,57658.0,389771.0,3431.0,,137693.0,68259.0,,,119434.0,7714.0,44960.0,13915.0,111541.0,30358.0,87183.0,57935.0,$99275,$29830,$98511,$25471,$57658,$389771,$3431,,$137693,$68259,,,$119434,$7714,$44960,$13915,$111541,$30358,$87183,$57935
2012,6037901003,Census Tract 9010.03,Lancaster,Los Angeles County,California,Lancaster,,,,,,,,,,,,,,,,,,,,,,,,,,,,,,,,,,,,,,,,
2012,6037901004,Census Tract 9010.04,Lancaster,Los Angeles County,California,Lancaster,114770.0,6924.0,113434.0,7214.0,137735.0,70152.0,,,105267.0,42063.0,,,156690.0,28640.0,146291.0,139745.0,112997.0,13106.0,115280.0,22827.0,$114770,$6924,$113434,$7214,$137735,$70152,,,$105267,$42063,,,$156690,$28640,$146291,$139745,$112997,$13106,$115280,$22827
2012,6037901007,Census Tract 9010.07,Lancaster,Los Angeles County,California,Lancaster,145003.0,50408.0,145044.0,52481.0,230231.0,388855.0,,,,,,,119548.0,411192.0,,,109164.0,72745.0,152549.0,26486.0,$145003,$50408,$145044,$52481,$230231,$388855,,,,,,,$119548,$411192,,,$109164,$72745,$152549,$26486
2012,6037901008,Census Tract 9010.08,Lancaster,Los Angeles County,California,Lancaster,99290.0,33037.0,101530.0,42699.0,84085.0,25788.0,,,54096.0,77425.0,,,116832.0,74291.0,144799.0,118646.0,131964.0,25176.0,65781.0,27064.0,$99290,$33037,$101530,$42699,$84085,$25788,,,$54096,$77425,,,$116832,$74291,$144799,$118646,$131964,$25176,$65781,$27064
2012,6037901009,Census Tract 9010.09,Lancaster,Los Angeles County,California,Lancaster,85324.0,18727.0,97813.0,18856.0,76376.0,35298.0,16131.0,2261.0,168455.0,196429.0,,,43043.0,96662.0,,,106118.0,24918.0,44032.0,14896.0,$85324,$18727,$97813,$18856,$76376,$35298,$16131,$2261,$168455,$196429,,,$43043,$96662,,,$106118,$24918,$44032,$14896
2012,6037901010,Census Tract 9010.10,Lancaster,Los Angeles County,California,Lancaster,73216.0,10599.0,85102.0,21173.0,14586.0,7218.0,42900.0,67960.0,81633.0,63746.0,,,72645.0,44141.0,,,98921.0,9593.0,54829.0,34508.0,$73216,$10599,$85102,$21173,$14586,$7218,$42900,$67960,$81633,$63746,,,$72645,$44141,,,$98921,$9593,$54829,$34508
2012,6037901011,Census Tract 9010.11,Lancaster,Los Angeles County,California,Lancaster,93657.0,18289.0,99796.0,10302.0,28961.0,91385.0,,,72788.0,30711.0,,,177714.0,63293.0,154823.0,19423.0,101057.0,12428.0,67913.0,77281.0,$93657,$18289,$99796,$10302,$28961,$91385,,,$72788,$30711,,,$177714,$63293,$154823,$19423,$101057,$12428,$67913,$77281
2012,6037901101,Census Tract 9011.01,Lancaster,Los Angeles County,California,Lancaster,66809.0,7891.0,67769.0,11359.0,36661.0,106688.0,,,74990.0,129853.0,,,42758.0,27269.0,,,86373.0,19484.0,63157.0,5535.0,$66809,$7891,$67769,$11359,$36661,$106688,,,$74990,$129853,,,$42758,$27269,,,$86373,$19484,$63157,$5535
2012,6037901102,Census Tract 9011.02,Lancaster,Los Angeles County,California,Lancaster,78320.0,3966.0,78860.0,8072.0,71072.0,33072.0,,,79902.0,4989.0,,,68355.0,58543.0,53040.0,52321.0,78114.0,9531.0,88141.0,26236.0,$78320,$3966,$78860,$8072,$71072,$33072,,,$79902,$4989,,,$68355,$58543,$53040,$52321,$78114,$9531,$88141,$26236
2012,6037901205,Census Tract 9012.05,Lancaster,Los Angeles County,California,Lancaster,108407.0,6506.0,105307.0,6057.0,110868.0,32555.0,,,196726.0,48838.0,,,154753.0,207967.0,116803.0,38959.0,111132.0,6222.0,83785.0,21630.0,$108407,$6506,$105307,$6057,$110868,$32555,,,$196726,$48838,,,$154753,$207967,$116803,$38959,$111132,$6222,$83785,$21630
2012,6037901213,Census Tract 9012.13,Lancaster,Los Angeles County,California,Lancaster,145861.0,27642.0,154038.0,26351.0,83787.0,35458.0,,,204015.0,32387.0,,,9806.0,169399.0,15993.0,121152.0,147405.0,29537.0,136209.0,68592.0,$145861,$27642,$154038,$26351,$83787,$35458,,,$204015,$32387,,,$9806,$169399,$15993,$121152,$147405,$29537,$136209,$68592
2012,6037910202,Census Tract 9102.02,Lancaster,Los Angeles County,California,Lancaster,133709.0,29102.0,143409.0,33899.0,151046.0,37022.0,,,179537.0,10057.0,,,84085.0,43440.0,,,146173.0,35464.0,97273.0,25714.0,$133709,$29102,$143409,$33899,$151046,$37022,,,$179537,$10057,,,$84085,$43440,,,$146173,$35464,$97273,$25714
2013,6037900201,Census Tract 9002.01,Lancaster,Los Angeles County,California,Lancaster,44458.0,24280.0,58440.0,23740.0,,,,,,,,,37001.0,22396.0,,,63560.0,24170.0,41740.0,5685.0,$44458,$24280,$58440,$23740,,,,,,,,,$37001,$22396,,,$63560,$24170,$41740,$5685
2013,6037900300,Census Tract 9003,Lancaster,Los Angeles County,California,Lancaster,58993.0,8713.0,51995.0,14436.0,90586.0,62397.0,,,70273.0,121251.0,,,57098.0,122365.0,,,46173.0,29935.0,57898.0,13421.0,$58993,$8713,$51995,$14436,$90586,$62397,,,$70273,$121251,,,$57098,$122365,,,$46173,$29935,$57898,$13421
2013,6037900501,Census Tract 9005.01,Lancaster,Los Angeles County,California,Lancaster,61479.0,13457.0,68515.0,10966.0,44873.0,10992.0,,,62700.0,60588.0,,,30428.0,33269.0,52403.0,29857.0,76633.0,10957.0,52488.0,24997.0,$61479,$13457,$68515,$10966,$44873,$10992,,,$62700,$60588,,,$30428,$33269,$52403,$29857,$76633,$10957,$52488,$24997
2013,6037900504,Census Tract 9005.04,Lancaster,Los Angeles County,California,Lancaster,85345.0,7461.0,87857.0,12156.0,63417.0,12670.0,,,86534.0,47871.0,,,91549.0,32713.0,109878.0,71064.0,90861.0,26437.0,85997.0,6658.0,$85345,$7461,$87857,$12156,$63417,$12670,,,$86534,$47871,,,$91549,$32713,$109878,$71064,$90861,$26437,$85997,$6658
2013,6037900505,Census Tract 9005.05,Lancaster,Los Angeles County,California,Lancaster,57224.0,30328.0,72381.0,35960.0,49757.0,58098.0,,,,,,,65645.0,39214.0,25356.0,51227.0,88292.0,42000.0,43514.0,22070.0,$57224,$30328,$72381,$35960,$49757,$58098,,,,,,,$65645,$39214,$25356,$51227,$88292,$42000,$43514,$22070
2013,6037900506,Census Tract 9005.06,Lancaster,Los Angeles County,California,Lancaster,65786.0,17900.0,87338.0,29386.0,47332.0,26952.0,,,,,,,53638.0,9445.0,,,106497.0,21681.0,79028.0,24181.0,$65786,$17900,$87338,$29386,$47332,$26952,,,,,,,$53638,$9445,,,$106497,$21681,$79028,$24181
2013,6037900507,Census Tract 9005.07,Lancaster,Los Angeles County,California,Lancaster,60462.0,9460.0,63235.0,11165.0,58151.0,34555.0,,,3379.0,,,,65927.0,47042.0,57767.0,29820.0,72188.0,14043.0,58890.0,11580.0,$60462,$9460,$63235,$11165,$58151,$34555,,,$3379,,,,$65927,$47042,$57767,$29820,$72188,$14043,$58890,$11580
2013,6037900508,Census Tract 9005.08,Lancaster,Los Angeles County,California,Lancaster,86163.0,9419.0,86804.0,12467.0,71360.0,91937.0,,,133189.0,2821.0,,,61580.0,81507.0,,,106028.0,43965.0,75344.0,18881.0,$86163,$9419,$86804,$12467,$71360,$91937,,,$133189,$2821,,,$61580,$81507,,,$106028,$43965,$75344,$18881
2013,6037900602,Census Tract 9006.02,Lancaster,Los Angeles County,California,Lancaster,38535.0,6883.0,38542.0,7844.0,31296.0,18098.0,,,,,,,59407.0,30386.0,37565.0,16586.0,29989.0,9542.0,44542.0,3601.0,$38535,$6883,$38542,$7844,$31296,$18098,,,,,,,$59407,$30386,$37565,$16586,$29989,$9542,$44542,$3601
2013,6037900605,Census Tract 9006.05,Lancaster,Los Angeles County,California,Lancaster,57549.0,11791.0,56198.0,13837.0,52192.0,43984.0,,,146027.0,134708.0,,,71496.0,54820.0,47755.0,23598.0,59380.0,8015.0,46433.0,17551.0,$57549,$11791,$56198,$13837,$52192,$43984,,,$146027,$134708,,,$71496,$54820,$47755,$23598,$59380,$8015,$46433,$17551
2013,6037900606,Census Tract 9006.06,Lancaster,Los Angeles County,California,Lancaster,44388.0,11043.0,53603.0,24264.0,35407.0,24387.0,,,,,,,33189.0,5101.0,,,54828.0,29316.0,40796.0,15440.0,$44388,$11043,$53603,$24264,$35407,$24387,,,,,,,$33189,$5101,,,$54828,$29316,$40796,$15440
2013,6037900607,Census Tract 9006.07,Lancaster,Los Angeles County,California,Lancaster,47486.0,12776.0,51612.0,10748.0,47633.0,50924.0,,,,,,,28519.0,1669.0,,,52087.0,17048.0,44289.0,22879.0,$47486,$12776,$51612,$10748,$47633,$50924,,,,,,,$28519,$1669,,,$52087,$17048,$44289,$22879
2013,6037900608,Census Tract 9006.08,Lancaster,Los Angeles County,California,Lancaster,79725.0,21574.0,81669.0,34839.0,53672.0,58397.0,,,,,,,23467.0,95095.0,,,133122.0,35894.0,67029.0,22665.0,$79725,$21574,$81669,$34839,$53672,$58397,,,,,,,$23467,$95095,,,$133122,$35894,$67029,$22665
2013,6037900609,Census Tract 9006.09,Lancaster,Los Angeles County,California,Lancaster,50149.0,11346.0,70038.0,18128.0,16411.0,10478.0,,,,,,,68220.0,45817.0,,,73456.0,29394.0,56585.0,16358.0,$50149,$11346,$70038,$18128,$16411,$10478,,,,,,,$68220,$45817,,,$73456,$29394,$56585,$16358
2013,6037900701,Census Tract 9007.01,Lancaster,Los Angeles County,California,Lancaster,40965.0,7614.0,38366.0,15578.0,22683.0,14540.0,,,78943.0,250395.0,,,41979.0,16190.0,44100.0,9377.0,43294.0,27884.0,31115.0,10291.0,$40965,$7614,$38366,$15578,$22683,$14540,,,$78943,$250395,,,$41979,$16190,$44100,$9377,$43294,$27884,$31115,$10291
2013,6037900703,Census Tract 9007.03,Lancaster,Los Angeles County,California,Lancaster,42811.0,8698.0,49218.0,11552.0,16473.0,10995.0,,,129148.0,161917.0,,,45159.0,57746.0,,,50202.0,9115.0,43255.0,19744.0,$42811,$8698,$49218,$11552,$16473,$10995,,,$129148,$161917,,,$45159,$57746,,,$50202,$9115,$43255,$19744
2013,6037900704,Census Tract 9007.04,Lancaster,Los Angeles County,California,Lancaster,50023.0,5009.0,49070.0,6146.0,40311.0,22123.0,,,108790.0,85192.0,,,68684.0,29307.0,49022.0,23838.0,44749.0,10870.0,61311.0,11859.0,$50023,$5009,$49070,$6146,$40311,$22123,,,$108790,$85192,,,$68684,$29307,$49022,$23838,$44749,$10870,$61311,$11859
2013,6037900705,Census Tract 9007.05,Lancaster,Los Angeles County,California,Lancaster,53062.0,13802.0,67737.0,19905.0,32625.0,21620.0,53018.0,59065.0,,,,,,,53115.0,11485.0,54206.0,23216.0,73460.0,15200.0,$53062,$13802,$67737,$19905,$32625,$21620,$53018,$59065,,,,,,,$53115,$11485,$54206,$23216,$73460,$15200
2013,6037900803,Census Tract 9008.03,Lancaster,Los Angeles County,California,Lancaster,74448.0,8866.0,72742.0,18538.0,47913.0,27814.0,,,100361.0,64632.0,,,90995.0,21521.0,88438.0,27361.0,81553.0,19010.0,79028.0,19965.0,$74448,$8866,$72742,$18538,$47913,$27814,,,$100361,$64632,,,$90995,$21521,$88438,$27361,$81553,$19010,$79028,$19965
2013,6037900804,Census Tract 9008.04,Lancaster,Los Angeles County,California,Lancaster,49939.0,7689.0,55073.0,9539.0,32118.0,35531.0,,,,,,,55591.0,1417.0,,,63579.0,10965.0,46393.0,12080.0,$49939,$7689,$55073,$9539,$32118,$35531,,,,,,,$55591,$1417,,,$63579,$10965,$46393,$12080
2013,6037900805,Census Tract 9008.05,Lancaster,Los Angeles County,California,Lancaster,73364.0,14024.0,72595.0,17720.0,54605.0,40551.0,,,132001.0,84390.0,,,147348.0,94401.0,,,78015.0,20468.0,79873.0,31163.0,$73364,$14024,$72595,$17720,$54605,$40551,,,$132001,$84390,,,$147348,$94401,,,$78015,$20468,$79873,$31163
2013,6037900806,Census Tract 9008.06,Lancaster,Los Angeles County,California,Lancaster,20926.0,2688.0,33504.0,7276.0,17883.0,2176.0,,,22557.0,8390.0,,,20792.0,8624.0,,,32894.0,11124.0,30709.0,16922.0,$20926,$2688,$33504,$7276,$17883,$2176,,,$22557,$8390,,,$20792,$8624,,,$32894,$11124,$30709,$16922
2013,6037900900,Census Tract 9009,Lancaster,Los Angeles County,California,Lancaster,85315.0,13513.0,86799.0,12429.0,,,,,132504.0,134401.0,,,115975.0,73390.0,44796.0,15564.0,87480.0,24984.0,84932.0,58490.0,$85315,$13513,$86799,$12429,,,,,$132504,$134401,,,$115975,$73390,$44796,$15564,$87480,$24984,$84932,$58490
2013,6037901003,Census Tract 9010.03,Lancaster,Los Angeles County,California,Lancaster,,,,,,,,,,,,,,,,,,,,,,,,,,,,,,,,,,,,,,,,
2013,6037901004,Census Tract 9010.04,Lancaster,Los Angeles County,California,Lancaster,106497.0,14246.0,104774.0,12032.0,94093.0,89695.0,,,116739.0,49217.0,,,157522.0,83126.0,143348.0,183772.0,107046.0,15361.0,102886.0,29609.0,$106497,$14246,$104774,$12032,$94093,$89695,,,$116739,$49217,,,$157522,$83126,$143348,$183772,$107046,$15361,$102886,$29609
2013,6037901007,Census Tract 9010.07,Lancaster,Los Angeles County,California,Lancaster,101328.0,9289.0,100421.0,15484.0,125816.0,196398.0,,,,,,,103925.0,10209.0,,,99880.0,21925.0,103263.0,31051.0,$101328,$9289,$100421,$15484,$125816,$196398,,,,,,,$103925,$10209,,,$99880,$21925,$103263,$31051
2013,6037901008,Census Tract 9010.08,Lancaster,Los Angeles County,California,Lancaster,99635.0,27470.0,95111.0,25106.0,128687.0,37215.0,,,136535.0,164639.0,,,115444.0,114499.0,109878.0,131159.0,125937.0,51814.0,73815.0,36458.0,$99635,$27470,$95111,$25106,$128687,$37215,,,$136535,$164639,,,$115444,$114499,$109878,$131159,$125937,$51814,$73815,$36458
2013,6037901009,Census Tract 9010.09,Lancaster,Los Angeles County,California,Lancaster,83619.0,12465.0,97738.0,16309.0,74691.0,32908.0,,,79061.0,97513.0,,,43348.0,139175.0,,,104460.0,17513.0,52403.0,18351.0,$83619,$12465,$97738,$16309,$74691,$32908,,,$79061,$97513,,,$43348,$139175,,,$104460,$17513,$52403,$18351
2013,6037901010,Census Tract 9010.10,Lancaster,Los Angeles County,California,Lancaster,71116.0,7262.0,74346.0,13018.0,11926.0,31386.0,77760.0,15849.0,68885.0,44408.0,,,63468.0,43572.0,,,96849.0,15202.0,57561.0,17384.0,$71116,$7262,$74346,$13018,$11926,$31386,$77760,$15849,$68885,$44408,,,$63468,$43572,,,$96849,$15202,$57561,$17384
2013,6037901011,Census Tract 9010.11,Lancaster,Los Angeles County,California,Lancaster,82201.0,16074.0,92173.0,15876.0,28125.0,20167.0,,,75152.0,32180.0,,,,,139709.0,163092.0,92825.0,13281.0,70864.0,74173.0,$82201,$16074,$92173,$15876,$28125,$20167,,,$75152,$32180,,,,,$139709,$163092,$92825,$13281,$70864,$74173
2013,6037901101,Census Tract 9011.01,Lancaster,Los Angeles County,California,Lancaster,64216.0,5519.0,63749.0,5499.0,99135.0,108523.0,,,176649.0,137384.0,,,43106.0,34029.0,,,68840.0,18815.0,61966.0,11074.0,$64216,$5519,$63749,$5499,$99135,$108523,,,$176649,$137384,,,$43106,$34029,,,$68840,$18815,$61966,$11074
2013,6037901102,Census Tract 9011.02,Lancaster,Los Angeles County,California,Lancaster,78956.0,5048.0,82079.0,11826.0,67877.0,35882.0,,,78687.0,2693.0,,,65758.0,24452.0,40430.0,116270.0,86997.0,12701.0,67008.0,21869.0,$78956,$5048,$82079,$11826,$67877,$35882,,,$78687,$2693,,,$65758,$24452,$40430,$116270,$86997,$12701,$67008,$21869
2013,6037901205,Census Tract 9012.05,Lancaster,Los Angeles County,California,Lancaster,107909.0,4280.0,106363.0,6985.0,109567.0,29783.0,,,194176.0,17449.0,,,95559.0,73995.0,101104.0,76284.0,109590.0,9764.0,83228.0,19632.0,$107909,$4280,$106363,$6985,$109567,$29783,,,$194176,$17449,,,$95559,$73995,$101104,$76284,$109590,$9764,$83228,$19632
2013,6037901213,Census Tract 9012.13,Lancaster,Los Angeles County,California,Lancaster,139900.0,21029.0,146376.0,26649.0,81478.0,21982.0,,,205810.0,75305.0,,,,,,,144625.0,30372.0,142184.0,35846.0,$139900,$21029,$146376,$26649,$81478,$21982,,,$205810,$75305,,,,,,,$144625,$30372,$142184,$35846
2013,6037910202,Census Tract 9102.02,Lancaster,Los Angeles County,California,Lancaster,131289.0,18234.0,121270.0,26141.0,152612.0,38287.0,,,173903.0,239823.0,,,95897.0,29914.0,,,123312.0,23677.0,97359.0,48100.0,$131289,$18234,$121270,$26141,$152612,$38287,,,$173903,$239823,,,$95897,$29914,,,$123312,$23677,$97359,$48100
2014,6037900201,Census Tract 9002.01,Lancaster,Los Angeles County,California,Lancaster,44537.0,20566.0,45368.0,22246.0,,,,,,,,,40321.0,16712.0,,,57845.0,27409.0,39603.0,10754.0,$44537,$20566,$45368,$22246,,,,,,,,,$40321,$16712,,,$57845,$27409,$39603,$10754
2014,6037900300,Census Tract 9003,Lancaster,Los Angeles County,California,Lancaster,57668.0,10294.0,50251.0,17352.0,58800.0,105768.0,,,125396.0,42988.0,,,99970.0,137996.0,105121.0,277948.0,57957.0,15653.0,47387.0,24535.0,$57668,$10294,$50251,$17352,$58800,$105768,,,$125396,$42988,,,$99970,$137996,$105121,$277948,$57957,$15653,$47387,$24535
2014,6037900501,Census Tract 9005.01,Lancaster,Los Angeles County,California,Lancaster,55750.0,13463.0,72029.0,12380.0,45767.0,5021.0,,,62998.0,59775.0,,,37789.0,31150.0,60120.0,36561.0,87500.0,22162.0,48839.0,15453.0,$55750,$13463,$72029,$12380,$45767,$5021,,,$62998,$59775,,,$37789,$31150,$60120,$36561,$87500,$22162,$48839,$15453
2014,6037900504,Census Tract 9005.04,Lancaster,Los Angeles County,California,Lancaster,78943.0,5676.0,87342.0,11232.0,56915.0,13530.0,,,86960.0,43078.0,,,79712.0,21375.0,90710.0,69303.0,88418.0,18480.0,84170.0,8900.0,$78943,$5676,$87342,$11232,$56915,$13530,,,$86960,$43078,,,$79712,$21375,$90710,$69303,$88418,$18480,$84170,$8900
2014,6037900505,Census Tract 9005.05,Lancaster,Los Angeles County,California,Lancaster,63045.0,22824.0,79640.0,15454.0,32879.0,22812.0,,,,,,,63271.0,70665.0,43231.0,37935.0,88955.0,9781.0,46057.0,23637.0,$63045,$22824,$79640,$15454,$32879,$22812,,,,,,,$63271,$70665,$43231,$37935,$88955,$9781,$46057,$23637
2014,6037900506,Census Tract 9005.06,Lancaster,Los Angeles County,California,Lancaster,56842.0,8286.0,76485.0,30140.0,39074.0,24129.0,,,119854.0,192807.0,,,,,,,86327.0,49799.0,62518.0,22695.0,$56842,$8286,$76485,$30140,$39074,$24129,,,$119854,$192807,,,,,,,$86327,$49799,$62518,$22695
2014,6037900507,Census Tract 9005.07,Lancaster,Los Angeles County,California,Lancaster,60200.0,4944.0,61520.0,9979.0,60219.0,10782.0,,,34431.0,30972.0,,,66925.0,94506.0,61797.0,38496.0,63107.0,22315.0,58063.0,15050.0,$60200,$4944,$61520,$9979,$60219,$10782,,,$34431,$30972,,,$66925,$94506,$61797,$38496,$63107,$22315,$58063,$15050
2014,6037900508,Census Tract 9005.08,Lancaster,Los Angeles County,California,Lancaster,74067.0,7241.0,79887.0,9488.0,24386.0,90331.0,,,132825.0,120896.0,,,29386.0,51930.0,5998.0,173699.0,80808.0,11275.0,70832.0,14736.0,$74067,$7241,$79887,$9488,$24386,$90331,,,$132825,$120896,,,$29386,$51930,$5998,$173699,$80808,$11275,$70832,$14736
2014,6037900602,Census Tract 9006.02,Lancaster,Los Angeles County,California,Lancaster,42770.0,4183.0,43322.0,3888.0,31106.0,23448.0,,,,,,,73991.0,44785.0,39406.0,11221.0,30998.0,8494.0,45796.0,3508.0,$42770,$4183,$43322,$3888,$31106,$23448,,,,,,,$73991,$44785,$39406,$11221,$30998,$8494,$45796,$3508
2014,6037900605,Census Tract 9006.05,Lancaster,Los Angeles County,California,Lancaster,55312.0,8484.0,52073.0,8030.0,80072.0,45834.0,,,,,,,62470.0,73518.0,51987.0,16722.0,57075.0,8717.0,45840.0,18306.0,$55312,$8484,$52073,$8030,$80072,$45834,,,,,,,$62470,$73518,$51987,$16722,$57075,$8717,$45840,$18306
2014,6037900606,Census Tract 9006.06,Lancaster,Los Angeles County,California,Lancaster,41779.0,8689.0,46509.0,11044.0,33144.0,9066.0,,,,,,,39074.0,10588.0,,,53805.0,17959.0,40363.0,10915.0,$41779,$8689,$46509,$11044,$33144,$9066,,,,,,,$39074,$10588,,,$53805,$17959,$40363,$10915
2014,6037900607,Census Tract 9006.07,Lancaster,Los Angeles County,California,Lancaster,35215.0,15027.0,53892.0,17357.0,10417.0,16836.0,,,,,,,25864.0,7353.0,22613.0,22871.0,53872.0,21450.0,46307.0,18771.0,$35215,$15027,$53892,$17357,$10417,$16836,,,,,,,$25864,$7353,$22613,$22871,$53872,$21450,$46307,$18771
2014,6037900608,Census Tract 9006.08,Lancaster,Los Angeles County,California,Lancaster,67257.0,14923.0,70757.0,15708.0,48917.0,22484.0,,,,,,,21353.0,9527.0,,,102498.0,37358.0,66814.0,19969.0,$67257,$14923,$70757,$15708,$48917,$22484,,,,,,,$21353,$9527,,,$102498,$37358,$66814,$19969
2014,6037900609,Census Tract 9006.09,Lancaster,Los Angeles County,California,Lancaster,56359.0,8529.0,65400.0,14498.0,23833.0,25960.0,,,81900.0,1954.0,,,55908.0,47567.0,,,73046.0,36211.0,56158.0,10526.0,$56359,$8529,$65400,$14498,$23833,$25960,,,$81900,$1954,,,$55908,$47567,,,$73046,$36211,$56158,$10526
2014,6037900701,Census Tract 9007.01,Lancaster,Los Angeles County,California,Lancaster,43856.0,6292.0,47111.0,12815.0,26811.0,15064.0,,,225106.0,10809.0,,,46741.0,23529.0,38167.0,17885.0,73576.0,26872.0,35567.0,16076.0,$43856,$6292,$47111,$12815,$26811,$15064,,,$225106,$10809,,,$46741,$23529,$38167,$17885,$73576,$26872,$35567,$16076
2014,6037900703,Census Tract 9007.03,Lancaster,Los Angeles County,California,Lancaster,40371.0,9762.0,42804.0,12180.0,17458.0,17755.0,,,49420.0,195109.0,,,44969.0,33773.0,34917.0,41557.0,40359.0,13085.0,53334.0,29767.0,$40371,$9762,$42804,$12180,$17458,$17755,,,$49420,$195109,,,$44969,$33773,$34917,$41557,$40359,$13085,$53334,$29767
2014,6037900704,Census Tract 9007.04,Lancaster,Los Angeles County,California,Lancaster,47536.0,6246.0,48650.0,8968.0,39639.0,20564.0,,,71913.0,71737.0,,,67300.0,44966.0,27767.0,50227.0,42122.0,19170.0,54751.0,12514.0,$47536,$6246,$48650,$8968,$39639,$20564,,,$71913,$71737,,,$67300,$44966,$27767,$50227,$42122,$19170,$54751,$12514
2014,6037900705,Census Tract 9007.05,Lancaster,Los Angeles County,California,Lancaster,56444.0,11215.0,58965.0,19012.0,38084.0,28792.0,53872.0,44775.0,,,,,,,29491.0,53321.0,52419.0,18878.0,59231.0,23472.0,$56444,$11215,$58965,$19012,$38084,$28792,$53872,$44775,,,,,,,$29491,$53321,$52419,$18878,$59231,$23472
2014,6037900803,Census Tract 9008.03,Lancaster,Los Angeles County,California,Lancaster,70607.0,13903.0,70407.0,19595.0,29538.0,33302.0,,,101292.0,66739.0,,,89193.0,14383.0,90730.0,20406.0,80415.0,20281.0,69375.0,25946.0,$70607,$13903,$70407,$19595,$29538,$33302,,,$101292,$66739,,,$89193,$14383,$90730,$20406,$80415,$20281,$69375,$25946
2014,6037900804,Census Tract 9008.04,Lancaster,Los Angeles County,California,Lancaster,50183.0,6612.0,52732.0,9299.0,36377.0,18851.0,,,81473.0,106575.0,,,54670.0,5511.0,26603.0,38189.0,61292.0,25683.0,48990.0,9277.0,$50183,$6612,$52732,$9299,$36377,$18851,,,$81473,$106575,,,$54670,$5511,$26603,$38189,$61292,$25683,$48990,$9277
2014,6037900805,Census Tract 9008.05,Lancaster,Los Angeles County,California,Lancaster,66935.0,12880.0,65697.0,11265.0,53634.0,22569.0,,,130459.0,130510.0,,,186760.0,179920.0,78646.0,5487.0,67839.0,15390.0,73965.0,17646.0,$66935,$12880,$65697,$11265,$53634,$22569,,,$130459,$130510,,,$186760,$179920,$78646,$5487,$67839,$15390,$73965,$17646
2014,6037900806,Census Tract 9008.06,Lancaster,Los Angeles County,California,Lancaster,20822.0,2960.0,30950.0,8187.0,17259.0,2308.0,,,22395.0,11644.0,,,21615.0,12755.0,,,29454.0,14858.0,29006.0,10564.0,$20822,$2960,$30950,$8187,$17259,$2308,,,$22395,$11644,,,$21615,$12755,,,$29454,$14858,$29006,$10564
2014,6037900900,Census Tract 9009,Lancaster,Los Angeles County,California,Lancaster,78511.0,18983.0,88911.0,15833.0,9371.0,87709.0,,,,,,,54703.0,92962.0,44154.0,15365.0,88636.0,22110.0,87126.0,59150.0,$78511,$18983,$88911,$15833,$9371,$87709,,,,,,,$54703,$92962,$44154,$15365,$88636,$22110,$87126,$59150
2014,6037901003,Census Tract 9010.03,Lancaster,Los Angeles County,California,Lancaster,,,,,,,,,,,,,,,,,,,,,,,,,,,,,,,,,,,,,,,,
2014,6037901004,Census Tract 9010.04,Lancaster,Los Angeles County,California,Lancaster,104691.0,7519.0,105618.0,9392.0,90856.0,33640.0,,,116478.0,72408.0,,,89136.0,154874.0,149961.0,53868.0,106132.0,11952.0,101960.0,33422.0,$104691,$7519,$105618,$9392,$90856,$33640,,,$116478,$72408,,,$89136,$154874,$149961,$53868,$106132,$11952,$101960,$33422
2014,6037901007,Census Tract 9010.07,Lancaster,Los Angeles County,California,Lancaster,119075.0,23289.0,127659.0,29064.0,83136.0,148239.0,,,,,,,,,,,115213.0,28266.0,143231.0,42166.0,$119075,$23289,$127659,$29064,$83136,$148239,,,,,,,,,,,$115213,$28266,$143231,$42166
2014,6037901008,Census Tract 9010.08,Lancaster,Los Angeles County,California,Lancaster,83519.0,16049.0,81805.0,23180.0,126469.0,87275.0,,,52874.0,101952.0,,,66841.0,88716.0,79810.0,90225.0,110072.0,57946.0,63183.0,25475.0,$83519,$16049,$81805,$23180,$126469,$87275,,,$52874,$101952,,,$66841,$88716,$79810,$90225,$110072,$57946,$63183,$25475
2014,6037901009,Census Tract 9010.09,Lancaster,Los Angeles County,California,Lancaster,88314.0,8001.0,99763.0,17772.0,61067.0,32906.0,,,,,,,155345.0,392769.0,,,114826.0,20306.0,50104.0,29345.0,$88314,$8001,$99763,$17772,$61067,$32906,,,,,,,$155345,$392769,,,$114826,$20306,$50104,$29345
2014,6037901010,Census Tract 9010.10,Lancaster,Los Angeles County,California,Lancaster,62461.0,12901.0,70842.0,16849.0,14894.0,58420.0,,,58195.0,71361.0,,,68588.0,98092.0,,,88873.0,22842.0,56770.0,9097.0,$62461,$12901,$70842,$16849,$14894,$58420,,,$58195,$71361,,,$68588,$98092,,,$88873,$22842,$56770,$9097
2014,6037901011,Census Tract 9010.11,Lancaster,Los Angeles County,California,Lancaster,81118.0,8375.0,88827.0,11699.0,27892.0,36010.0,,,74632.0,29644.0,,,95798.0,158930.0,80143.0,67272.0,87101.0,13884.0,94881.0,17134.0,$81118,$8375,$88827,$11699,$27892,$36010,,,$74632,$29644,,,$95798,$158930,$80143,$67272,$87101,$13884,$94881,$17134
2014,6037901101,Census Tract 9011.01,Lancaster,Los Angeles County,California,Lancaster,65568.0,7735.0,67047.0,16755.0,36145.0,35267.0,,,79603.0,205157.0,,,,,,,81397.0,25070.0,63916.0,2691.0,$65568,$7735,$67047,$16755,$36145,$35267,,,$79603,$205157,,,,,,,$81397,$25070,$63916,$2691
2014,6037901102,Census Tract 9011.02,Lancaster,Los Angeles County,California,Lancaster,78718.0,5382.0,82138.0,13735.0,53805.0,27052.0,,,80107.0,14987.0,,,71752.0,27155.0,90784.0,101504.0,95127.0,15080.0,63421.0,27312.0,$78718,$5382,$82138,$13735,$53805,$27052,,,$80107,$14987,,,$71752,$27155,$90784,$101504,$95127,$15080,$63421,$27312
2014,6037901205,Census Tract 9012.05,Lancaster,Los Angeles County,California,Lancaster,109307.0,7436.0,105062.0,10716.0,130474.0,34427.0,,,135677.0,118327.0,,,160380.0,65240.0,137530.0,79616.0,108870.0,11519.0,103415.0,36300.0,$109307,$7436,$105062,$10716,$130474,$34427,,,$135677,$118327,,,$160380,$65240,$137530,$79616,$108870,$11519,$103415,$36300
2014,6037901213,Census Tract 9012.13,Lancaster,Los Angeles County,California,Lancaster,133828.0,14279.0,133705.0,16136.0,140361.0,79091.0,,,256965.0,90357.0,,,,,,,131552.0,16295.0,135209.0,46956.0,$133828,$14279,$133705,$16136,$140361,$79091,,,$256965,$90357,,,,,,,$131552,$16295,$135209,$46956
2014,6037910202,Census Tract 9102.02,Lancaster,Los Angeles County,California,Lancaster,108908.0,31488.0,103060.0,15681.0,149796.0,32547.0,,,172667.0,265970.0,,,96580.0,58610.0,,,102811.0,23027.0,97008.0,53429.0,$108908,$31488,$103060,$15681,$149796,$32547,,,$172667,$265970,,,$96580,$58610,,,$102811,$23027,$97008,$53429
2015,6037900201,Census Tract 9002.01,Lancaster,Los Angeles County,California,Lancaster,50625.0,11279.0,49588.0,14584.0,,,,,,,,,58095.0,16506.0,,,48551.0,17289.0,54775.0,21757.0,$50625,$11279,$49588,$14584,,,,,,,,,$58095,$16506,,,$48551,$17289,$54775,$21757
2015,6037900300,Census Tract 9003,Lancaster,Los Angeles County,California,Lancaster,57216.0,12566.0,58095.0,10169.0,41147.0,16208.0,,,124765.0,15640.0,,,,,,,58386.0,19459.0,58439.0,20578.0,$57216,$12566,$58095,$10169,$41147,$16208,,,$124765,$15640,,,,,,,$58386,$19459,$58439,$20578
2015,6037900501,Census Tract 9005.01,Lancaster,Los Angeles County,California,Lancaster,51455.0,6325.0,64301.0,8315.0,45403.0,4099.0,,,,,,,43986.0,16711.0,59930.0,39931.0,76548.0,12854.0,50232.0,9377.0,$51455,$6325,$64301,$8315,$45403,$4099,,,,,,,$43986,$16711,$59930,$39931,$76548,$12854,$50232,$9377
2015,6037900504,Census Tract 9005.04,Lancaster,Los Angeles County,California,Lancaster,82034.0,9047.0,87558.0,9265.0,56711.0,19686.0,,,99867.0,78038.0,,,72480.0,36027.0,100963.0,24900.0,88313.0,13336.0,85344.0,14955.0,$82034,$9047,$87558,$9265,$56711,$19686,,,$99867,$78038,,,$72480,$36027,$100963,$24900,$88313,$13336,$85344,$14955
2015,6037900505,Census Tract 9005.05,Lancaster,Los Angeles County,California,Lancaster,46319.0,10650.0,67268.0,27297.0,31966.0,20444.0,,,,,,,41703.0,34408.0,43458.0,14890.0,79119.0,19694.0,44712.0,14547.0,$46319,$10650,$67268,$27297,$31966,$20444,,,,,,,$41703,$34408,$43458,$14890,$79119,$19694,$44712,$14547
2015,6037900506,Census Tract 9005.06,Lancaster,Los Angeles County,California,Lancaster,54136.0,7889.0,69382.0,22563.0,35549.0,28848.0,,,,,,,51386.0,20295.0,84376.0,42582.0,85032.0,29100.0,56515.0,18754.0,$54136,$7889,$69382,$22563,$35549,$28848,,,,,,,$51386,$20295,$84376,$42582,$85032,$29100,$56515,$18754
2015,6037900507,Census Tract 9005.07,Lancaster,Los Angeles County,California,Lancaster,51227.0,11007.0,52314.0,14662.0,48114.0,19302.0,,,,,,,,,110069.0,61003.0,61758.0,21212.0,48728.0,7584.0,$51227,$11007,$52314,$14662,$48114,$19302,,,,,,,,,$110069,$61003,$61758,$21212,$48728,$7584
2015,6037900508,Census Tract 9005.08,Lancaster,Los Angeles County,California,Lancaster,74483.0,4394.0,79444.0,11323.0,,,,,,,,,61631.0,26341.0,,,94739.0,17881.0,72448.0,11825.0,$74483,$4394,$79444,$11323,,,,,,,,,$61631,$26341,,,$94739,$17881,$72448,$11825
2015,6037900602,Census Tract 9006.02,Lancaster,Los Angeles County,California,Lancaster,45008.0,3778.0,46047.0,5058.0,,,,,,,,,68054.0,18532.0,37303.0,8489.0,43795.0,16961.0,47045.0,8536.0,$45008,$3778,$46047,$5058,,,,,,,,,$68054,$18532,$37303,$8489,$43795,$16961,$47045,$8536
2015,6037900605,Census Tract 9006.05,Lancaster,Los Angeles County,California,Lancaster,54920.0,8382.0,52482.0,9457.0,,,,,,,,,70352.0,52040.0,52561.0,13904.0,56519.0,8732.0,54361.0,20816.0,$54920,$8382,$52482,$9457,,,,,,,,,$70352,$52040,$52561,$13904,$56519,$8732,$54361,$20816
2015,6037900606,Census Tract 9006.06,Lancaster,Los Angeles County,California,Lancaster,41845.0,21241.0,44594.0,36911.0,43986.0,34733.0,,,,,,,,,,,56141.0,24869.0,30306.0,20660.0,$41845,$21241,$44594,$36911,$43986,$34733,,,,,,,,,,,$56141,$24869,$30306,$20660
2015,6037900607,Census Tract 9006.07,Lancaster,Los Angeles County,California,Lancaster,29525.0,8234.0,52673.0,20394.0,13486.0,10496.0,,,,,,,28402.0,4431.0,33197.0,17836.0,47970.0,16674.0,44678.0,12830.0,$29525,$8234,$52673,$20394,$13486,$10496,,,,,,,$28402,$4431,$33197,$17836,$47970,$16674,$44678,$12830
2015,6037900608,Census Tract 9006.08,Lancaster,Los Angeles County,California,Lancaster,62098.0,17743.0,71374.0,15186.0,47439.0,42612.0,,,,,,,21994.0,5268.0,,,91707.0,27069.0,66810.0,16598.0,$62098,$17743,$71374,$15186,$47439,$42612,,,,,,,$21994,$5268,,,$91707,$27069,$66810,$16598
2015,6037900609,Census Tract 9006.09,Lancaster,Los Angeles County,California,Lancaster,52892.0,7977.0,61152.0,7058.0,,,,,81683.0,4361.0,,,57680.0,41058.0,,,70502.0,9858.0,57893.0,7738.0,$52892,$7977,$61152,$7058,,,,,$81683,$4361,,,$57680,$41058,,,$70502,$9858,$57893,$7738
2015,6037900701,Census Tract 9007.01,Lancaster,Los Angeles County,California,Lancaster,43897.0,8549.0,54459.0,20383.0,19872.0,15459.0,,,,,,,46062.0,22352.0,23376.0,20220.0,74774.0,17507.0,44102.0,12693.0,$43897,$8549,$54459,$20383,$19872,$15459,,,,,,,$46062,$22352,$23376,$20220,$74774,$17507,$44102,$12693
2015,6037900703,Census Tract 9007.03,Lancaster,Los Angeles County,California,Lancaster,34253.0,6442.0,37015.0,8380.0,20416.0,17501.0,,,,,,,43058.0,41158.0,34672.0,14897.0,38705.0,8601.0,39214.0,21617.0,$34253,$6442,$37015,$8380,$20416,$17501,,,,,,,$43058,$41158,$34672,$14897,$38705,$8601,$39214,$21617
2015,6037900704,Census Tract 9007.04,Lancaster,Los Angeles County,California,Lancaster,45974.0,3490.0,48551.0,6760.0,39581.0,11874.0,,,,,,,,,3318.0,,44337.0,13717.0,50625.0,9036.0,$45974,$3490,$48551,$6760,$39581,$11874,,,,,,,,,$3318,,$44337,$13717,$50625,$9036
2015,6037900705,Census Tract 9007.05,Lancaster,Los Angeles County,California,Lancaster,57457.0,11549.0,59423.0,20888.0,38592.0,14082.0,54037.0,45103.0,,,,,40206.0,28082.0,58548.0,27933.0,51455.0,20374.0,74551.0,24689.0,$57457,$11549,$59423,$20888,$38592,$14082,$54037,$45103,,,,,$40206,$28082,$58548,$27933,$51455,$20374,$74551,$24689
2015,6037900803,Census Tract 9008.03,Lancaster,Los Angeles County,California,Lancaster,61732.0,7853.0,66755.0,14840.0,47951.0,33144.0,,,,,,,74070.0,21906.0,90982.0,13438.0,86007.0,19185.0,63192.0,11288.0,$61732,$7853,$66755,$14840,$47951,$33144,,,,,,,$74070,$21906,$90982,$13438,$86007,$19185,$63192,$11288
2015,6037900804,Census Tract 9008.04,Lancaster,Los Angeles County,California,Lancaster,49863.0,9550.0,53889.0,8668.0,34136.0,11802.0,,,70959.0,53166.0,,,54443.0,8222.0,40252.0,36514.0,61414.0,10161.0,47497.0,10642.0,$49863,$9550,$53889,$8668,$34136,$11802,,,$70959,$53166,,,$54443,$8222,$40252,$36514,$61414,$10161,$47497,$10642
2015,6037900805,Census Tract 9008.05,Lancaster,Los Angeles County,California,Lancaster,74279.0,10729.0,75247.0,9816.0,45391.0,17505.0,,,131056.0,45525.0,,,186371.0,62396.0,77737.0,30443.0,74817.0,12680.0,79597.0,18216.0,$74279,$10729,$75247,$9816,$45391,$17505,,,$131056,$45525,,,$186371,$62396,$77737,$30443,$74817,$12680,$79597,$18216
2015,6037900806,Census Tract 9008.06,Lancaster,Los Angeles County,California,Lancaster,25567.0,5944.0,31107.0,4598.0,16900.0,6805.0,,,,,,,26060.0,17450.0,,,29682.0,13142.0,32459.0,8091.0,$25567,$5944,$31107,$4598,$16900,$6805,,,,,,,$26060,$17450,,,$29682,$13142,$32459,$8091
2015,6037900900,Census Tract 9009,Lancaster,Los Angeles County,California,Lancaster,76169.0,19655.0,87582.0,19282.0,,,,,62198.0,44950.0,,,,,,,82827.0,28608.0,86887.0,28757.0,$76169,$19655,$87582,$19282,,,,,$62198,$44950,,,,,,,$82827,$28608,$86887,$28757
2015,6037901003,Census Tract 9010.03,Lancaster,Los Angeles County,California,Lancaster,,,,,,,,,,,,,,,,,,,,,,,,,,,,,,,,,,,,,,,,
2015,6037901004,Census Tract 9010.04,Lancaster,Los Angeles County,California,Lancaster,104192.0,7552.0,104402.0,6681.0,90948.0,39830.0,,,136064.0,22205.0,,,87845.0,43331.0,152253.0,28895.0,104245.0,6686.0,104826.0,15352.0,$104192,$7552,$104402,$6681,$90948,$39830,,,$136064,$22205,,,$87845,$43331,$152253,$28895,$104245,$6686,$104826,$15352
2015,6037901007,Census Tract 9010.07,Lancaster,Los Angeles County,California,Lancaster,129054.0,24582.0,135112.0,25211.0,,,,,,,,,,,,,123659.0,29162.0,144407.0,46316.0,$129054,$24582,$135112,$25211,,,,,,,,,,,,,$123659,$29162,$144407,$46316
2015,6037901008,Census Tract 9010.08,Lancaster,Los Angeles County,California,Lancaster,78702.0,10968.0,86728.0,23553.0,77267.0,13463.0,,,,,,,,,79673.0,65947.0,97267.0,42495.0,69160.0,15992.0,$78702,$10968,$86728,$23553,$77267,$13463,,,,,,,,,$79673,$65947,$97267,$42495,$69160,$15992
2015,6037901009,Census Tract 9010.09,Lancaster,Los Angeles County,California,Lancaster,79479.0,16726.0,90122.0,10339.0,58864.0,22578.0,,,,,,,,,,,102232.0,15925.0,50851.0,21927.0,$79479,$16726,$90122,$10339,$58864,$22578,,,,,,,,,,,$102232,$15925,$50851,$21927
2015,6037901010,Census Tract 9010.10,Lancaster,Los Angeles County,California,Lancaster,63603.0,11361.0,66998.0,14421.0,,,,,,,,,70662.0,38142.0,,,77482.0,22814.0,57857.0,6609.0,$63603,$11361,$66998,$14421,,,,,,,,,$70662,$38142,,,$77482,$22814,$57857,$6609
2015,6037901011,Census Tract 9010.11,Lancaster,Los Angeles County,California,Lancaster,76919.0,7764.0,78613.0,10496.0,,,,,74509.0,8265.0,,,,,74486.0,42524.0,78896.0,9367.0,83177.0,36683.0,$76919,$7764,$78613,$10496,,,,,$74509,$8265,,,,,$74486,$42524,$78896,$9367,$83177,$36683
2015,6037901101,Census Tract 9011.01,Lancaster,Los Angeles County,California,Lancaster,64204.0,7582.0,69841.0,23509.0,37287.0,14850.0,,,,,,,,,,,83242.0,20905.0,63732.0,4460.0,$64204,$7582,$69841,$23509,$37287,$14850,,,,,,,,,,,$83242,$20905,$63732,$4460
2015,6037901102,Census Tract 9011.02,Lancaster,Los Angeles County,California,Lancaster,79029.0,10436.0,83120.0,13774.0,76404.0,44667.0,,,,,,,92398.0,35943.0,,,100220.0,16410.0,50875.0,22683.0,$79029,$10436,$83120,$13774,$76404,$44667,,,,,,,$92398,$35943,,,$100220,$16410,$50875,$22683
2015,6037901205,Census Tract 9012.05,Lancaster,Los Angeles County,California,Lancaster,105986.0,8318.0,108594.0,6601.0,94995.0,45641.0,,,93590.0,46792.0,,,159445.0,94572.0,,,109630.0,8510.0,106942.0,34735.0,$105986,$8318,$108594,$6601,$94995,$45641,,,$93590,$46792,,,$159445,$94572,,,$109630,$8510,$106942,$34735
2015,6037901213,Census Tract 9012.13,Lancaster,Los Angeles County,California,Lancaster,135768.0,10529.0,134744.0,14252.0,140507.0,73469.0,,,,,,,,,,,131977.0,13975.0,135202.0,38746.0,$135768,$10529,$134744,$14252,$140507,$73469,,,,,,,,,,,$131977,$13975,$135202,$38746
2015,6037910202,Census Tract 9102.02,Lancaster,Los Angeles County,California,Lancaster,115802.0,22284.0,108946.0,23798.0,150278.0,64955.0,,,170043.0,52973.0,,,,,,,108419.0,27380.0,104948.0,59192.0,$115802,$22284,$108946,$23798,$150278,$64955,,,$170043,$52973,,,,,,,$108419,$27380,$104948,$59192
2016,6037900201,Census Tract 9002.01,Lancaster,Los Angeles County,California,Lancaster,52506.0,8273.0,53325.0,7628.0,,,,,,,,,,,,,56370.0,14545.0,48614.0,31394.0,$52506,$8273,$53325,$7628,,,,,,,,,,,,,$56370,$14545,$48614,$31394
2016,6037900300,Census Tract 9003,Lancaster,Los Angeles County,California,Lancaster,69579.0,11722.0,65404.0,12207.0,,,,,129455.0,8217.0,,,,,,,60508.0,14650.0,70356.0,10864.0,$69579,$11722,$65404,$12207,,,,,$129455,$8217,,,,,,,$60508,$14650,$70356,$10864
2016,6037900501,Census Tract 9005.01,Lancaster,Los Angeles County,California,Lancaster,52549.0,7361.0,61360.0,14104.0,46293.0,4717.0,,,61268.0,36717.0,,,49816.0,16903.0,60222.0,41106.0,74970.0,20226.0,48973.0,8292.0,$52549,$7361,$61360,$14104,$46293,$4717,,,$61268,$36717,,,$49816,$16903,$60222,$41106,$74970,$20226,$48973,$8292
2016,6037900504,Census Tract 9005.04,Lancaster,Los Angeles County,California,Lancaster,85591.0,9402.0,89047.0,16999.0,46975.0,25760.0,,,103783.0,37642.0,,,96317.0,33394.0,102358.0,37321.0,90772.0,19081.0,84275.0,26350.0,$85591,$9402,$89047,$16999,$46975,$25760,,,$103783,$37642,,,$96317,$33394,$102358,$37321,$90772,$19081,$84275,$26350
2016,6037900505,Census Tract 9005.05,Lancaster,Los Angeles County,California,Lancaster,53995.0,14513.0,62018.0,9199.0,40108.0,28345.0,,,,,,,55533.0,18328.0,,,79103.0,26927.0,46612.0,19047.0,$53995,$14513,$62018,$9199,$40108,$28345,,,,,,,$55533,$18328,,,$79103,$26927,$46612,$19047
2016,6037900506,Census Tract 9005.06,Lancaster,Los Angeles County,California,Lancaster,50252.0,11327.0,58902.0,18610.0,31603.0,18893.0,,,,,,,53725.0,26490.0,50471.0,17974.0,83026.0,19686.0,51406.0,11763.0,$50252,$11327,$58902,$18610,$31603,$18893,,,,,,,$53725,$26490,$50471,$17974,$83026,$19686,$51406,$11763
2016,6037900507,Census Tract 9005.07,Lancaster,Los Angeles County,California,Lancaster,57885.0,7812.0,58537.0,19705.0,56279.0,19790.0,,,109791.0,63113.0,,,50471.0,24108.0,98320.0,56832.0,72625.0,11920.0,47080.0,6645.0,$57885,$7812,$58537,$19705,$56279,$19790,,,$109791,$63113,,,$50471,$24108,$98320,$56832,$72625,$11920,$47080,$6645
2016,6037900508,Census Tract 9005.08,Lancaster,Los Angeles County,California,Lancaster,73304.0,5613.0,78247.0,6449.0,22345.0,15904.0,,,,,,,,,110611.0,68883.0,90283.0,10345.0,72895.0,6445.0,$73304,$5613,$78247,$6449,$22345,$15904,,,,,,,,,$110611,$68883,$90283,$10345,$72895,$6445
2016,6037900602,Census Tract 9006.02,Lancaster,Los Angeles County,California,Lancaster,44560.0,4622.0,44677.0,4714.0,31237.0,30301.0,,,,,,,67003.0,11452.0,36549.0,35360.0,35461.0,24239.0,45766.0,6118.0,$44560,$4622,$44677,$4714,$31237,$30301,,,,,,,$67003,$11452,$36549,$35360,$35461,$24239,$45766,$6118
2016,6037900605,Census Tract 9006.05,Lancaster,Los Angeles County,California,Lancaster,53452.0,6785.0,52233.0,10153.0,47522.0,35630.0,,,,,,,68698.0,31675.0,,,54806.0,4527.0,45448.0,35057.0,$53452,$6785,$52233,$10153,$47522,$35630,,,,,,,$68698,$31675,,,$54806,$4527,$45448,$35057
2016,6037900606,Census Tract 9006.06,Lancaster,Los Angeles County,California,Lancaster,35334.0,16818.0,35883.0,23547.0,44859.0,32102.0,,,,,,,,,,,48043.0,27174.0,26687.0,20261.0,$35334,$16818,$35883,$23547,$44859,$32102,,,,,,,,,,,$48043,$27174,$26687,$20261
2016,6037900607,Census Tract 9006.07,Lancaster,Los Angeles County,California,Lancaster,39197.0,10999.0,66052.0,15603.0,13064.0,8837.0,,,,,,,31790.0,2795.0,36379.0,17921.0,66060.0,18406.0,45761.0,20586.0,$39197,$10999,$66052,$15603,$13064,$8837,,,,,,,$31790,$2795,$36379,$17921,$66060,$18406,$45761,$20586
2016,6037900608,Census Tract 9006.08,Lancaster,Los Angeles County,California,Lancaster,56534.0,10417.0,68210.0,11483.0,16182.0,9798.0,,,,,,,,,,,84596.0,27972.0,55322.0,7273.0,$56534,$10417,$68210,$11483,$16182,$9798,,,,,,,,,,,$84596,$27972,$55322,$7273
2016,6037900609,Census Tract 9006.09,Lancaster,Los Angeles County,California,Lancaster,52375.0,10502.0,61627.0,14049.0,,,,,80670.0,1936.0,,,48250.0,33268.0,,,69423.0,15348.0,59258.0,13627.0,$52375,$10502,$61627,$14049,,,,,$80670,$1936,,,$48250,$33268,,,$69423,$15348,$59258,$13627
2016,6037900701,Census Tract 9007.01,Lancaster,Los Angeles County,California,Lancaster,39811.0,9082.0,47932.0,11725.0,16447.0,7644.0,,,,,,,53461.0,16813.0,,,58720.0,28479.0,45018.0,8791.0,$39811,$9082,$47932,$11725,$16447,$7644,,,,,,,$53461,$16813,,,$58720,$28479,$45018,$8791
2016,6037900703,Census Tract 9007.03,Lancaster,Los Angeles County,California,Lancaster,39739.0,8416.0,41769.0,7915.0,26865.0,18128.0,,,145023.0,125180.0,,,,,,,40660.0,10056.0,47592.0,18018.0,$39739,$8416,$41769,$7915,$26865,$18128,,,$145023,$125180,,,,,,,$40660,$10056,$47592,$18018
2016,6037900704,Census Tract 9007.04,Lancaster,Los Angeles County,California,Lancaster,49023.0,5136.0,54641.0,14891.0,43698.0,10352.0,,,70314.0,16207.0,,,,,,,55589.0,30596.0,50143.0,8659.0,$49023,$5136,$54641,$14891,$43698,$10352,,,$70314,$16207,,,,,,,$55589,$30596,$50143,$8659
2016,6037900705,Census Tract 9007.05,Lancaster,Los Angeles County,California,Lancaster,51659.0,7972.0,57490.0,9209.0,34048.0,25714.0,34412.0,20566.0,74887.0,53274.0,,,34412.0,23888.0,49160.0,36466.0,52397.0,14648.0,58232.0,8592.0,$51659,$7972,$57490,$9209,$34048,$25714,$34412,$20566,$74887,$53274,,,$34412,$23888,$49160,$36466,$52397,$14648,$58232,$8592
2016,6037900803,Census Tract 9008.03,Lancaster,Los Angeles County,California,Lancaster,61247.0,7648.0,65131.0,10663.0,56567.0,14342.0,,,,,,,72102.0,17859.0,,,60495.0,22645.0,71069.0,7592.0,$61247,$7648,$65131,$10663,$56567,$14342,,,,,,,$72102,$17859,,,$60495,$22645,$71069,$7592
2016,6037900804,Census Tract 9008.04,Lancaster,Los Angeles County,California,Lancaster,50015.0,13103.0,56891.0,9727.0,34670.0,10463.0,,,50390.0,36164.0,,,56899.0,12550.0,37362.0,33689.0,60303.0,12590.0,53667.0,14933.0,$50015,$13103,$56891,$9727,$34670,$10463,,,$50390,$36164,,,$56899,$12550,$37362,$33689,$60303,$12590,$53667,$14933
2016,6037900805,Census Tract 9008.05,Lancaster,Los Angeles County,California,Lancaster,74501.0,9583.0,75144.0,10683.0,45985.0,15220.0,,,132946.0,43304.0,,,78110.0,52291.0,80705.0,5303.0,73506.0,15380.0,79505.0,7138.0,$74501,$9583,$75144,$10683,$45985,$15220,,,$132946,$43304,,,$78110,$52291,$80705,$5303,$73506,$15380,$79505,$7138
2016,6037900806,Census Tract 9008.06,Lancaster,Los Angeles County,California,Lancaster,28533.0,5387.0,31022.0,5355.0,21195.0,5582.0,,,31018.0,23470.0,,,25810.0,13140.0,50617.0,44883.0,26055.0,11793.0,33525.0,4561.0,$28533,$5387,$31022,$5355,$21195,$5582,,,$31018,$23470,,,$25810,$13140,$50617,$44883,$26055,$11793,$33525,$4561
2016,6037900900,Census Tract 9009,Lancaster,Los Angeles County,California,Lancaster,73740.0,22289.0,79988.0,23128.0,,,,,,,,,135281.0,119921.0,,,79067.0,27464.0,86093.0,35612.0,$73740,$22289,$79988,$23128,,,,,,,,,$135281,$119921,,,$79067,$27464,$86093,$35612
2016,6037901003,Census Tract 9010.03,Lancaster,Los Angeles County,California,Lancaster,,,,,,,,,,,,,,,,,,,,,,,,,,,,,,,,,,,,,,,,
2016,6037901004,Census Tract 9010.04,Lancaster,Los Angeles County,California,Lancaster,103779.0,12984.0,113651.0,24893.0,73803.0,18690.0,,,132030.0,64072.0,,,,,153626.0,49228.0,112910.0,25034.0,122696.0,36676.0,$103779,$12984,$113651,$24893,$73803,$18690,,,$132030,$64072,,,,,$153626,$49228,$112910,$25034,$122696,$36676
2016,6037901007,Census Tract 9010.07,Lancaster,Los Angeles County,California,Lancaster,111703.0,19912.0,121262.0,16763.0,125523.0,80450.0,,,103002.0,52574.0,,,,,,,124837.0,21574.0,92858.0,92337.0,$111703,$19912,$121262,$16763,$125523,$80450,,,$103002,$52574,,,,,,,$124837,$21574,$92858,$92337
2016,6037901008,Census Tract 9010.08,Lancaster,Los Angeles County,California,Lancaster,75290.0,13077.0,85211.0,19199.0,52438.0,42838.0,,,64564.0,61901.0,,,,,65274.0,16935.0,95862.0,19289.0,70327.0,14294.0,$75290,$13077,$85211,$19199,$52438,$42838,,,$64564,$61901,,,,,$65274,$16935,$95862,$19289,$70327,$14294
2016,6037901009,Census Tract 9010.09,Lancaster,Los Angeles County,California,Lancaster,81569.0,18041.0,90636.0,11995.0,59395.0,14339.0,,,37952.0,27199.0,,,,,,,105312.0,14415.0,55256.0,26899.0,$81569,$18041,$90636,$11995,$59395,$14339,,,$37952,$27199,,,,,,,$105312,$14415,$55256,$26899
2016,6037901010,Census Tract 9010.10,Lancaster,Los Angeles County,California,Lancaster,61227.0,7994.0,62080.0,13282.0,59426.0,54548.0,,,,,,,69122.0,57381.0,,,72686.0,17269.0,56247.0,22269.0,$61227,$7994,$62080,$13282,$59426,$54548,,,,,,,$69122,$57381,,,$72686,$17269,$56247,$22269
2016,6037901011,Census Tract 9010.11,Lancaster,Los Angeles County,California,Lancaster,74304.0,7980.0,74631.0,13383.0,,,,,74304.0,41154.0,,,93040.0,75637.0,74105.0,43438.0,75543.0,13491.0,74287.0,33110.0,$74304,$7980,$74631,$13383,,,,,$74304,$41154,,,$93040,$75637,$74105,$43438,$75543,$13491,$74287,$33110
2016,6037901101,Census Tract 9011.01,Lancaster,Los Angeles County,California,Lancaster,79602.0,21294.0,87356.0,6949.0,36506.0,11455.0,,,,,,,,,,,104980.0,19052.0,62335.0,15442.0,$79602,$21294,$87356,$6949,$36506,$11455,,,,,,,,,,,$104980,$19052,$62335,$15442
2016,6037901102,Census Tract 9011.02,Lancaster,Los Angeles County,California,Lancaster,87505.0,14229.0,89892.0,12775.0,54173.0,39156.0,,,3276.0,,,,99322.0,47463.0,,,99413.0,16139.0,64067.0,29589.0,$87505,$14229,$89892,$12775,$54173,$39156,,,$3276,,,,$99322,$47463,,,$99413,$16139,$64067,$29589
2016,6037901205,Census Tract 9012.05,Lancaster,Los Angeles County,California,Lancaster,106406.0,6540.0,108853.0,4600.0,,,,,119623.0,55556.0,,,161250.0,105289.0,,,107750.0,6148.0,134411.0,57341.0,$106406,$6540,$108853,$4600,,,,,$119623,$55556,,,$161250,$105289,,,$107750,$6148,$134411,$57341
2016,6037901213,Census Tract 9012.13,Lancaster,Los Angeles County,California,Lancaster,144286.0,12219.0,146006.0,16747.0,141254.0,36806.0,,,256044.0,224602.0,,,,,,,144531.0,18446.0,186809.0,139601.0,$144286,$12219,$146006,$16747,$141254,$36806,,,$256044,$224602,,,,,,,$144531,$18446,$186809,$139601
2016,6037910202,Census Tract 9102.02,Lancaster,Los Angeles County,California,Lancaster,111430.0,13774.0,107729.0,12673.0,214184.0,20806.0,,,140295.0,98492.0,,,121809.0,105503.0,,,107677.0,15501.0,112796.0,36164.0,$111430,$13774,$107729,$12673,$214184,$20806,,,$140295,$98492,,,$121809,$105503,,,$107677,$15501,$112796,$36164
2017,6037900201,Census Tract 9002.01,Lancaster,Los Angeles County,California,Lancaster,58911.0,6870.0,59876.0,9010.0,,,,,,,,,,,,,89655.0,35915.0,,,$58911,$6870,$59876,$9010,,,,,,,,,,,,,$89655,$35915,,
2017,6037900300,Census Tract 9003,Lancaster,Los Angeles County,California,Lancaster,67117.0,16659.0,59971.0,16487.0,100981.0,73271.0,,,126477.0,87678.0,,,,,,,74402.0,41029.0,57172.0,22717.0,$67117,$16659,$59971,$16487,$100981,$73271,,,$126477,$87678,,,,,,,$74402,$41029,$57172,$22717
2017,6037900501,Census Tract 9005.01,Lancaster,Los Angeles County,California,Lancaster,58423.0,10160.0,67552.0,10851.0,44340.0,11398.0,,,,,,,62043.0,28892.0,,,76056.0,14400.0,58741.0,18298.0,$58423,$10160,$67552,$10851,$44340,$11398,,,,,,,$62043,$28892,,,$76056,$14400,$58741,$18298
2017,6037900504,Census Tract 9005.04,Lancaster,Los Angeles County,California,Lancaster,76078.0,7993.0,79784.0,9701.0,,,,,101890.0,40300.0,,,104044.0,80215.0,100987.0,6706.0,87554.0,6163.0,75615.0,11305.0,$76078,$7993,$79784,$9701,,,,,$101890,$40300,,,$104044,$80215,$100987,$6706,$87554,$6163,$75615,$11305
2017,6037900505,Census Tract 9005.05,Lancaster,Los Angeles County,California,Lancaster,43658.0,6903.0,51116.0,20234.0,27278.0,26583.0,,,,,,,44681.0,18260.0,,,56802.0,21518.0,44821.0,24727.0,$43658,$6903,$51116,$20234,$27278,$26583,,,,,,,$44681,$18260,,,$56802,$21518,$44821,$24727
2017,6037900506,Census Tract 9005.06,Lancaster,Los Angeles County,California,Lancaster,53180.0,8203.0,71492.0,20730.0,23596.0,15672.0,,,,,,,53218.0,31068.0,86111.0,65076.0,103643.0,20040.0,53012.0,10174.0,$53180,$8203,$71492,$20730,$23596,$15672,,,,,,,$53218,$31068,$86111,$65076,$103643,$20040,$53012,$10174
2017,6037900507,Census Tract 9005.07,Lancaster,Los Angeles County,California,Lancaster,59808.0,6933.0,61600.0,18997.0,59391.0,14916.0,,,113086.0,2887.0,,,50785.0,10151.0,82581.0,66297.0,73251.0,10518.0,43464.0,10632.0,$59808,$6933,$61600,$18997,$59391,$14916,,,$113086,$2887,,,$50785,$10151,$82581,$66297,$73251,$10518,$43464,$10632
2017,6037900508,Census Tract 9005.08,Lancaster,Los Angeles County,California,Lancaster,71866.0,5439.0,78526.0,6737.0,,,,,,,,,113122.0,68565.0,111317.0,79924.0,92812.0,11944.0,72345.0,6382.0,$71866,$5439,$78526,$6737,,,,,,,,,$113122,$68565,$111317,$79924,$92812,$11944,$72345,$6382
2017,6037900602,Census Tract 9006.02,Lancaster,Los Angeles County,California,Lancaster,44919.0,10208.0,44332.0,6355.0,,,,,,,,,74651.0,14441.0,,,35154.0,27179.0,48862.0,8552.0,$44919,$10208,$44332,$6355,,,,,,,,,$74651,$14441,,,$35154,$27179,$48862,$8552
2017,6037900605,Census Tract 9006.05,Lancaster,Los Angeles County,California,Lancaster,52728.0,6721.0,51361.0,7262.0,45812.0,18735.0,,,,,,,71884.0,34445.0,,,53280.0,8070.0,55128.0,20226.0,$52728,$6721,$51361,$7262,$45812,$18735,,,,,,,$71884,$34445,,,$53280,$8070,$55128,$20226
2017,6037900606,Census Tract 9006.06,Lancaster,Los Angeles County,California,Lancaster,33347.0,19065.0,28147.0,19719.0,47958.0,38064.0,,,,,,,,,,,45915.0,19668.0,,,$33347,$19065,$28147,$19719,$47958,$38064,,,,,,,,,,,$45915,$19668,,
2017,6037900607,Census Tract 9006.07,Lancaster,Los Angeles County,California,Lancaster,30924.0,9613.0,52075.0,13286.0,13736.0,8064.0,,,,,,,32291.0,9043.0,40114.0,25029.0,52492.0,15732.0,43123.0,7740.0,$30924,$9613,$52075,$13286,$13736,$8064,,,,,,,$32291,$9043,$40114,$25029,$52492,$15732,$43123,$7740
2017,6037900608,Census Tract 9006.08,Lancaster,Los Angeles County,California,Lancaster,61955.0,9033.0,68570.0,7074.0,,,,,,,,,36705.0,25220.0,,,83912.0,11717.0,58067.0,8119.0,$61955,$9033,$68570,$7074,,,,,,,,,$36705,$25220,,,$83912,$11717,$58067,$8119
2017,6037900609,Census Tract 9006.09,Lancaster,Los Angeles County,California,Lancaster,56007.0,11793.0,69860.0,18022.0,,,,,78201.0,74660.0,,,40114.0,14993.0,,,71038.0,22880.0,62177.0,28570.0,$56007,$11793,$69860,$18022,,,,,$78201,$74660,,,$40114,$14993,,,$71038,$22880,$62177,$28570
2017,6037900701,Census Tract 9007.01,Lancaster,Los Angeles County,California,Lancaster,46082.0,11921.0,54482.0,12851.0,20078.0,11074.0,,,50658.0,18515.0,,,46295.0,14215.0,,,59369.0,28967.0,47803.0,5282.0,$46082,$11921,$54482,$12851,$20078,$11074,,,$50658,$18515,,,$46295,$14215,,,$59369,$28967,$47803,$5282
2017,6037900703,Census Tract 9007.03,Lancaster,Los Angeles County,California,Lancaster,35592.0,12373.0,37780.0,13209.0,26005.0,19259.0,,,,,,,62432.0,33570.0,,,33021.0,7708.0,53545.0,14433.0,$35592,$12373,$37780,$13209,$26005,$19259,,,,,,,$62432,$33570,,,$33021,$7708,$53545,$14433
2017,6037900704,Census Tract 9007.04,Lancaster,Los Angeles County,California,Lancaster,50788.0,6212.0,67665.0,18952.0,46630.0,7712.0,,,70670.0,28611.0,,,81833.0,69397.0,,,70250.0,8159.0,49581.0,14753.0,$50788,$6212,$67665,$18952,$46630,$7712,,,$70670,$28611,,,$81833,$69397,,,$70250,$8159,$49581,$14753
2017,6037900705,Census Tract 9007.05,Lancaster,Los Angeles County,California,Lancaster,53714.0,10616.0,57618.0,9891.0,48789.0,48750.0,,,75735.0,19117.0,,,,,43998.0,20289.0,50205.0,9312.0,58757.0,12700.0,$53714,$10616,$57618,$9891,$48789,$48750,,,$75735,$19117,,,,,$43998,$20289,$50205,$9312,$58757,$12700
2017,6037900803,Census Tract 9008.03,Lancaster,Los Angeles County,California,Lancaster,68167.0,10864.0,72847.0,17365.0,56612.0,8023.0,,,,,,,59255.0,19975.0,,,69959.0,39697.0,70922.0,6947.0,$68167,$10864,$72847,$17365,$56612,$8023,,,,,,,$59255,$19975,,,$69959,$39697,$70922,$6947
2017,6037900804,Census Tract 9008.04,Lancaster,Los Angeles County,California,Lancaster,43929.0,7814.0,44735.0,13089.0,40114.0,16541.0,,,,,,,,,39472.0,34072.0,38440.0,27869.0,44816.0,11214.0,$43929,$7814,$44735,$13089,$40114,$16541,,,,,,,,,$39472,$34072,$38440,$27869,$44816,$11214
2017,6037900805,Census Tract 9008.05,Lancaster,Los Angeles County,California,Lancaster,75373.0,9268.0,76538.0,7707.0,46168.0,23821.0,,,,,,,,,79937.0,40943.0,80585.0,16026.0,77019.0,6212.0,$75373,$9268,$76538,$7707,$46168,$23821,,,,,,,,,$79937,$40943,$80585,$16026,$77019,$6212
2017,6037900806,Census Tract 9008.06,Lancaster,Los Angeles County,California,Lancaster,25729.0,7351.0,30308.0,7521.0,15839.0,9775.0,,,,,,,,,53129.0,26720.0,22428.0,15998.0,34166.0,6708.0,$25729,$7351,$30308,$7521,$15839,$9775,,,,,,,,,$53129,$26720,$22428,$15998,$34166,$6708
2017,6037900900,Census Tract 9009,Lancaster,Los Angeles County,California,Lancaster,69798.0,16209.0,69698.0,16355.0,7381.0,7015.0,,,91460.0,76516.0,,,135906.0,122694.0,,,67592.0,18617.0,110715.0,94053.0,$69798,$16209,$69698,$16355,$7381,$7015,,,$91460,$76516,,,$135906,$122694,,,$67592,$18617,$110715,$94053
2017,6037901003,Census Tract 9010.03,Lancaster,Los Angeles County,California,Lancaster,,,,,,,,,,,,,,,,,,,,,,,,,,,,,,,,,,,,,,,,
2017,6037901004,Census Tract 9010.04,Lancaster,Los Angeles County,California,Lancaster,104816.0,7464.0,109877.0,9671.0,72579.0,17065.0,,,96197.0,91468.0,,,120005.0,79582.0,156731.0,38456.0,105460.0,9396.0,125431.0,27705.0,$104816,$7464,$109877,$9671,$72579,$17065,,,$96197,$91468,,,$120005,$79582,$156731,$38456,$105460,$9396,$125431,$27705
2017,6037901007,Census Tract 9010.07,Lancaster,Los Angeles County,California,Lancaster,117802.0,13401.0,122930.0,7369.0,,,,,104457.0,36710.0,,,,,,,124926.0,12834.0,95738.0,86464.0,$117802,$13401,$122930,$7369,,,,,$104457,$36710,,,,,,,$124926,$12834,$95738,$86464
2017,6037901008,Census Tract 9010.08,Lancaster,Los Angeles County,California,Lancaster,80549.0,17877.0,87449.0,19156.0,72489.0,48106.0,,,76377.0,53492.0,,,,,77019.0,52497.0,89320.0,22375.0,85444.0,30220.0,$80549,$17877,$87449,$19156,$72489,$48106,,,$76377,$53492,,,,,$77019,$52497,$89320,$22375,$85444,$30220
2017,6037901009,Census Tract 9010.09,Lancaster,Los Angeles County,California,Lancaster,79602.0,18364.0,99833.0,20119.0,58446.0,8629.0,,,38395.0,17288.0,,,43359.0,5586.0,,,103049.0,15649.0,87168.0,41814.0,$79602,$18364,$99833,$20119,$58446,$8629,,,$38395,$17288,,,$43359,$5586,,,$103049,$15649,$87168,$41814
2017,6037901010,Census Tract 9010.10,Lancaster,Los Angeles County,California,Lancaster,67525.0,10091.0,69054.0,13177.0,59048.0,41082.0,,,,,,,63805.0,21922.0,,,80916.0,15228.0,58617.0,12448.0,$67525,$10091,$69054,$13177,$59048,$41082,,,,,,,$63805,$21922,,,$80916,$15228,$58617,$12448
2017,6037901011,Census Tract 9010.11,Lancaster,Los Angeles County,California,Lancaster,78065.0,10898.0,73963.0,10736.0,138868.0,89153.0,,,137263.0,98188.0,,,,,81249.0,48409.0,75300.0,11179.0,69263.0,30412.0,$78065,$10898,$73963,$10736,$138868,$89153,,,$137263,$98188,,,,,$81249,$48409,$75300,$11179,$69263,$30412
2017,6037901101,Census Tract 9011.01,Lancaster,Los Angeles County,California,Lancaster,87716.0,17524.0,95859.0,11943.0,,,,,46132.0,17568.0,,,,,,,106497.0,9598.0,77500.0,45265.0,$87716,$17524,$95859,$11943,,,,,$46132,$17568,,,,,,,$106497,$9598,$77500,$45265
2017,6037901102,Census Tract 9011.02,Lancaster,Los Angeles County,California,Lancaster,94460.0,8921.0,100075.0,9188.0,,,,,,,,,,,,,110097.0,17859.0,58931.0,20771.0,$94460,$8921,$100075,$9188,,,,,,,,,,,,,$110097,$17859,$58931,$20771
2017,6037901205,Census Tract 9012.05,Lancaster,Los Angeles County,California,Lancaster,98808.0,12440.0,105706.0,11840.0,58651.0,29758.0,,,145638.0,40660.0,,,99061.0,88071.0,,,105583.0,12545.0,104755.0,41283.0,$98808,$12440,$105706,$11840,$58651,$29758,,,$145638,$40660,,,$99061,$88071,,,$105583,$12545,$104755,$41283
2017,6037901213,Census Tract 9012.13,Lancaster,Los Angeles County,California,Lancaster,137960.0,13382.0,138883.0,19170.0,142429.0,35979.0,,,,,,,,,,,135265.0,23201.0,145431.0,107638.0,$137960,$13382,$138883,$19170,$142429,$35979,,,,,,,,,,,$135265,$23201,$145431,$107638
2017,6037910202,Census Tract 9102.02,Lancaster,Los Angeles County,California,Lancaster,112066.0,13310.0,109321.0,12786.0,204926.0,70556.0,,,132376.0,95283.0,,,225352.0,140997.0,48326.0,9689.0,106665.0,10917.0,211062.0,97515.0,$112066,$13310,$109321,$12786,$204926,$70556,,,$132376,$95283,,,$225352,$140997,$48326,$9689,$106665,$10917,$211062,$97515
2018,6037900201,Census Tract 9002.01,Lancaster,Los Angeles County,California,Lancaster,55940.0,9705.0,56014.0,10464.0,,,,,,,,,,,,,61869.0,25327.0,39722.0,24030.0,$55940,$9705,$56014,$10464,,,,,,,,,,,,,$61869,$25327,$39722,$24030
2018,6037900300,Census Tract 9003,Lancaster,Los Angeles County,California,Lancaster,67680.0,11345.0,63858.0,12775.0,73617.0,50244.0,,,124229.0,39180.0,,,,,,,73189.0,27194.0,55169.0,17759.0,$67680,$11345,$63858,$12775,$73617,$50244,,,$124229,$39180,,,,,,,$73189,$27194,$55169,$17759
2018,6037900501,Census Tract 9005.01,Lancaster,Los Angeles County,California,Lancaster,59120.0,8337.0,54676.0,12259.0,46402.0,39095.0,,,61453.0,11063.0,,,76749.0,37436.0,83308.0,38652.0,66264.0,15706.0,50084.0,16738.0,$59120,$8337,$54676,$12259,$46402,$39095,,,$61453,$11063,,,$76749,$37436,$83308,$38652,$66264,$15706,$50084,$16738
2018,6037900504,Census Tract 9005.04,Lancaster,Los Angeles County,California,Lancaster,77581.0,9380.0,78559.0,8155.0,49256.0,27166.0,,,102562.0,39362.0,,,87042.0,69445.0,101550.0,27755.0,86195.0,12978.0,77574.0,14771.0,$77581,$9380,$78559,$8155,$49256,$27166,,,$102562,$39362,,,$87042,$69445,$101550,$27755,$86195,$12978,$77574,$14771
2018,6037900505,Census Tract 9005.05,Lancaster,Los Angeles County,California,Lancaster,46111.0,10915.0,55924.0,12908.0,24006.0,9389.0,,,,,,,52002.0,18749.0,,,55169.0,12435.0,56891.0,12821.0,$46111,$10915,$55924,$12908,$24006,$9389,,,,,,,$52002,$18749,,,$55169,$12435,$56891,$12821
2018,6037900506,Census Tract 9005.06,Lancaster,Los Angeles County,California,Lancaster,62772.0,9216.0,82001.0,24143.0,54285.0,32969.0,,,,,,,69231.0,61082.0,,,86878.0,14065.0,59416.0,21477.0,$62772,$9216,$82001,$24143,$54285,$32969,,,,,,,$69231,$61082,,,$86878,$14065,$59416,$21477
2018,6037900507,Census Tract 9005.07,Lancaster,Los Angeles County,California,Lancaster,58841.0,8409.0,61204.0,12849.0,47548.0,36915.0,,,111496.0,20938.0,,,50331.0,13290.0,80711.0,59712.0,76367.0,23703.0,51688.0,7884.0,$58841,$8409,$61204,$12849,$47548,$36915,,,$111496,$20938,,,$50331,$13290,$80711,$59712,$76367,$23703,$51688,$7884
2018,6037900508,Census Tract 9005.08,Lancaster,Los Angeles County,California,Lancaster,64741.0,14319.0,80039.0,16414.0,,,,,38845.0,35736.0,,,106196.0,69343.0,108566.0,16102.0,97738.0,26493.0,67351.0,19843.0,$64741,$14319,$80039,$16414,,,,,$38845,$35736,,,$106196,$69343,$108566,$16102,$97738,$26493,$67351,$19843
2018,6037900602,Census Tract 9006.02,Lancaster,Los Angeles County,California,Lancaster,45775.0,9128.0,45189.0,8675.0,,,,,,,,,67195.0,23352.0,,,39158.0,34270.0,50227.0,8115.0,$45775,$9128,$45189,$8675,,,,,,,,,$67195,$23352,,,$39158,$34270,$50227,$8115
2018,6037900605,Census Tract 9006.05,Lancaster,Los Angeles County,California,Lancaster,50420.0,12328.0,49193.0,11927.0,,,,,,,,,79882.0,44198.0,,,50275.0,32622.0,62827.0,28761.0,$50420,$12328,$49193,$11927,,,,,,,,,$79882,$44198,,,$50275,$32622,$62827,$28761
2018,6037900606,Census Tract 9006.06,Lancaster,Los Angeles County,California,Lancaster,37696.0,24119.0,37766.0,21961.0,,,,,,,,,3131.0,,,,48803.0,14440.0,,,$37696,$24119,$37766,$21961,,,,,,,,,$3131,,,,$48803,$14440,,
2018,6037900607,Census Tract 9006.07,Lancaster,Los Angeles County,California,Lancaster,28845.0,6447.0,51375.0,8992.0,,,,,76358.0,48749.0,,,54430.0,50671.0,38688.0,30081.0,54243.0,12764.0,47920.0,7308.0,$28845,$6447,$51375,$8992,,,,,$76358,$48749,,,$54430,$50671,$38688,$30081,$54243,$12764,$47920,$7308
2018,6037900608,Census Tract 9006.08,Lancaster,Los Angeles County,California,Lancaster,61206.0,15192.0,71255.0,12096.0,,,,,,,,,51493.0,12865.0,,,83627.0,13950.0,55879.0,12497.0,$61206,$15192,$71255,$12096,,,,,,,,,$51493,$12865,,,$83627,$13950,$55879,$12497
2018,6037900609,Census Tract 9006.09,Lancaster,Los Angeles County,California,Lancaster,46765.0,13376.0,61304.0,22584.0,,,,,,,,,38179.0,18119.0,125752.0,62736.0,99054.0,20193.0,57729.0,11306.0,$46765,$13376,$61304,$22584,,,,,,,,,$38179,$18119,$125752,$62736,$99054,$20193,$57729,$11306
2018,6037900701,Census Tract 9007.01,Lancaster,Los Angeles County,California,Lancaster,47469.0,12206.0,52446.0,10830.0,13817.0,12473.0,,,72964.0,20798.0,,,54821.0,52652.0,,,59520.0,32992.0,47773.0,11425.0,$47469,$12206,$52446,$10830,$13817,$12473,,,$72964,$20798,,,$54821,$52652,,,$59520,$32992,$47773,$11425
2018,6037900703,Census Tract 9007.03,Lancaster,Los Angeles County,California,Lancaster,45591.0,7469.0,49789.0,10717.0,25256.0,22480.0,,,110034.0,85702.0,,,61347.0,22059.0,,,47814.0,11914.0,60361.0,12850.0,$45591,$7469,$49789,$10717,$25256,$22480,,,$110034,$85702,,,$61347,$22059,,,$47814,$11914,$60361,$12850
2018,6037900704,Census Tract 9007.04,Lancaster,Los Angeles County,California,Lancaster,55518.0,8839.0,69721.0,6547.0,49354.0,5818.0,,,69310.0,26200.0,,,,,,,72609.0,6585.0,42193.0,22141.0,$55518,$8839,$69721,$6547,$49354,$5818,,,$69310,$26200,,,,,,,$72609,$6585,$42193,$22141
2018,6037900705,Census Tract 9007.05,Lancaster,Los Angeles County,California,Lancaster,58024.0,10435.0,59136.0,11958.0,,,,,85952.0,31477.0,,,,,,,61828.0,16262.0,46842.0,25868.0,$58024,$10435,$59136,$11958,,,,,$85952,$31477,,,,,,,$61828,$16262,$46842,$25868
2018,6037900803,Census Tract 9008.03,Lancaster,Los Angeles County,California,Lancaster,70567.0,6287.0,74687.0,14461.0,57135.0,26002.0,,,,,,,59012.0,17140.0,,,97758.0,19366.0,71579.0,3758.0,$70567,$6287,$74687,$14461,$57135,$26002,,,,,,,$59012,$17140,,,$97758,$19366,$71579,$3758
2018,6037900804,Census Tract 9008.04,Lancaster,Los Angeles County,California,Lancaster,49754.0,11195.0,55447.0,11583.0,37838.0,17786.0,,,,,,,60303.0,50602.0,39418.0,1016.0,36221.0,13454.0,57452.0,10863.0,$49754,$11195,$55447,$11583,$37838,$17786,,,,,,,$60303,$50602,$39418,$1016,$36221,$13454,$57452,$10863
2018,6037900805,Census Tract 9008.05,Lancaster,Los Angeles County,California,Lancaster,74504.0,10014.0,71344.0,8288.0,,,,,,,,,130465.0,71965.0,81971.0,32454.0,64741.0,16993.0,78786.0,10564.0,$74504,$10014,$71344,$8288,,,,,,,,,$130465,$71965,$81971,$32454,$64741,$16993,$78786,$10564
2018,6037900806,Census Tract 9008.06,Lancaster,Los Angeles County,California,Lancaster,27050.0,5888.0,31787.0,3847.0,15355.0,8468.0,,,32480.0,27141.0,,,33362.0,18721.0,,,29898.0,5304.0,38274.0,11807.0,$27050,$5888,$31787,$3847,$15355,$8468,,,$32480,$27141,,,$33362,$18721,,,$29898,$5304,$38274,$11807
2018,6037900900,Census Tract 9009,Lancaster,Los Angeles County,California,Lancaster,70890.0,27941.0,69614.0,24446.0,,,,,84134.0,35213.0,,,,,,,68508.0,23126.0,110621.0,104443.0,$70890,$27941,$69614,$24446,,,,,$84134,$35213,,,,,,,$68508,$23126,$110621,$104443
2018,6037901003,Census Tract 9010.03,Lancaster,Los Angeles County,California,Lancaster,,,,,,,,,,,,,,,,,,,,,,,,,,,,,,,,,,,,,,,,
2018,6037901004,Census Tract 9010.04,Lancaster,Los Angeles County,California,Lancaster,107404.0,13081.0,110876.0,13537.0,80646.0,28914.0,,,132474.0,65429.0,,,86893.0,72367.0,166101.0,31577.0,113242.0,16326.0,106693.0,32337.0,$107404,$13081,$110876,$13537,$80646,$28914,,,$132474,$65429,,,$86893,$72367,$166101,$31577,$113242,$16326,$106693,$32337
2018,6037901007,Census Tract 9010.07,Lancaster,Los Angeles County,California,Lancaster,118726.0,20071.0,121501.0,12053.0,,,,,102593.0,15836.0,,,,,,,119040.0,15796.0,121546.0,76390.0,$118726,$20071,$121501,$12053,,,,,$102593,$15836,,,,,,,$119040,$15796,$121546,$76390
2018,6037901008,Census Tract 9010.08,Lancaster,Los Angeles County,California,Lancaster,76565.0,15370.0,84407.0,21677.0,47417.0,29997.0,,,77689.0,39828.0,,,88583.0,45399.0,132018.0,78238.0,90220.0,27245.0,76749.0,27021.0,$76565,$15370,$84407,$21677,$47417,$29997,,,$77689,$39828,,,$88583,$45399,$132018,$78238,$90220,$27245,$76749,$27021
2018,6037901009,Census Tract 9010.09,Lancaster,Los Angeles County,California,Lancaster,88316.0,14094.0,100636.0,18868.0,59566.0,18377.0,,,169885.0,102377.0,,,46427.0,42586.0,,,108260.0,15985.0,77608.0,17157.0,$88316,$14094,$100636,$18868,$59566,$18377,,,$169885,$102377,,,$46427,$42586,,,$108260,$15985,$77608,$17157
2018,6037901010,Census Tract 9010.10,Lancaster,Los Angeles County,California,Lancaster,78458.0,10479.0,79170.0,12616.0,62218.0,42580.0,,,,,,,96257.0,68551.0,249715.0,217798.0,86687.0,11454.0,70296.0,22165.0,$78458,$10479,$79170,$12616,$62218,$42580,,,,,,,$96257,$68551,$249715,$217798,$86687,$11454,$70296,$22165
2018,6037901011,Census Tract 9010.11,Lancaster,Los Angeles County,California,Lancaster,81912.0,10765.0,82551.0,17216.0,169684.0,96234.0,,,,,,,,,72364.0,44353.0,80372.0,19073.0,82171.0,26541.0,$81912,$10765,$82551,$17216,$169684,$96234,,,,,,,,,$72364,$44353,$80372,$19073,$82171,$26541
2018,6037901101,Census Tract 9011.01,Lancaster,Los Angeles County,California,Lancaster,85382.0,12652.0,93979.0,9585.0,,,,,44681.0,11077.0,,,,,,,99255.0,14638.0,66212.0,44790.0,$85382,$12652,$93979,$9585,,,,,$44681,$11077,,,,,,,$99255,$14638,$66212,$44790
2018,6037901102,Census Tract 9011.02,Lancaster,Los Angeles County,California,Lancaster,94387.0,14490.0,97452.0,9947.0,64443.0,28417.0,,,,,,,52190.0,44605.0,128213.0,25859.0,100244.0,12881.0,60833.0,33688.0,$94387,$14490,$97452,$9947,$64443,$28417,,,,,,,$52190,$44605,$128213,$25859,$100244,$12881,$60833,$33688
2018,6037901205,Census Tract 9012.05,Lancaster,Los Angeles County,California,Lancaster,93124.0,11499.0,105057.0,14191.0,57446.0,27815.0,,,138985.0,31013.0,,,,,,,110132.0,13614.0,93748.0,34892.0,$93124,$11499,$105057,$14191,$57446,$27815,,,$138985,$31013,,,,,,,$110132,$13614,$93748,$34892
2018,6037901213,Census Tract 9012.13,Lancaster,Los Angeles County,California,Lancaster,143131.0,15389.0,143556.0,21709.0,141546.0,45724.0,,,270450.0,21735.0,,,,,,,142875.0,23453.0,,,$143131,$15389,$143556,$21709,$141546,$45724,,,$270450,$21735,,,,,,,$142875,$23453,,
2018,6037910202,Census Tract 9102.02,Lancaster,Los Angeles County,California,Lancaster,123226.0,18674.0,120887.0,18511.0,220459.0,19801.0,,,135985.0,104696.0,,,151279.0,77655.0,,,119723.0,17687.0,135878.0,95262.0,$123226,$18674,$120887,$18511,$220459,$19801,,,$135985,$104696,,,$151279,$77655,,,$119723,$17687,$135878,$95262
2019,6037900201,Census Tract 9002.01,Lancaster,Los Angeles County,California,Lancaster,61074.0,28863.0,63382.0,31891.0,,,,,,,,,,,,,78458.0,37393.0,52745.0,33672.0,$61074,$28863,$63382,$31891,,,,,,,,,,,,,$78458,$37393,$52745,$33672
2019,6037900300,Census Tract 9003,Lancaster,Los Angeles County,California,Lancaster,69851.0,11830.0,69144.0,15948.0,101759.0,52646.0,,,,,,,52859.0,22188.0,,,85894.0,58238.0,56311.0,12175.0,$69851,$11830,$69144,$15948,$101759,$52646,,,,,,,$52859,$22188,,,$85894,$58238,$56311,$12175
2019,6037900501,Census Tract 9005.01,Lancaster,Los Angeles County,California,Lancaster,67893.0,8050.0,68512.0,15047.0,68282.0,15341.0,,,60345.0,19800.0,,,63228.0,27121.0,82765.0,60509.0,65482.0,21804.0,68586.0,18165.0,$67893,$8050,$68512,$15047,$68282,$15341,,,$60345,$19800,,,$63228,$27121,$82765,$60509,$65482,$21804,$68586,$18165
2019,6037900504,Census Tract 9005.04,Lancaster,Los Angeles County,California,Lancaster,72549.0,13903.0,79654.0,13444.0,49614.0,9144.0,,,99130.0,68771.0,,,101876.0,98478.0,102718.0,33289.0,90312.0,20829.0,73658.0,24783.0,$72549,$13903,$79654,$13444,$49614,$9144,,,$99130,$68771,,,$101876,$98478,$102718,$33289,$90312,$20829,$73658,$24783
2019,6037900505,Census Tract 9005.05,Lancaster,Los Angeles County,California,Lancaster,49913.0,11659.0,55826.0,9483.0,26409.0,23689.0,,,,,,,53703.0,19867.0,,,53613.0,14125.0,56353.0,10107.0,$49913,$11659,$55826,$9483,$26409,$23689,,,,,,,$53703,$19867,,,$53613,$14125,$56353,$10107
2019,6037900506,Census Tract 9005.06,Lancaster,Los Angeles County,California,Lancaster,69277.0,12585.0,82048.0,5869.0,62177.0,17178.0,,,,,,,54580.0,27788.0,64131.0,40744.0,84721.0,14753.0,67497.0,22517.0,$69277,$12585,$82048,$5869,$62177,$17178,,,,,,,$54580,$27788,$64131,$40744,$84721,$14753,$67497,$22517
2019,6037900507,Census Tract 9005.07,Lancaster,Los Angeles County,California,Lancaster,55623.0,10642.0,61212.0,14948.0,48081.0,15876.0,,,112498.0,57258.0,,,50198.0,2776.0,100544.0,67536.0,72817.0,13626.0,52137.0,5646.0,$55623,$10642,$61212,$14948,$48081,$15876,,,$112498,$57258,,,$50198,$2776,$100544,$67536,$72817,$13626,$52137,$5646
2019,6037900508,Census Tract 9005.08,Lancaster,Los Angeles County,California,Lancaster,87944.0,16863.0,97944.0,14180.0,24161.0,21716.0,,,,,,,111687.0,78909.0,106726.0,26791.0,118754.0,18159.0,85335.0,21417.0,$87944,$16863,$97944,$14180,$24161,$21716,,,,,,,$111687,$78909,$106726,$26791,$118754,$18159,$85335,$21417
2019,6037900602,Census Tract 9006.02,Lancaster,Los Angeles County,California,Lancaster,44306.0,9351.0,49351.0,9632.0,,,,,,,,,61791.0,18261.0,57067.0,10418.0,27750.0,22444.0,51055.0,5098.0,$44306,$9351,$49351,$9632,,,,,,,,,$61791,$18261,$57067,$10418,$27750,$22444,$51055,$5098
2019,6037900605,Census Tract 9006.05,Lancaster,Los Angeles County,California,Lancaster,47955.0,13612.0,41359.0,23515.0,,,,,,,,,79654.0,31658.0,,,33185.0,32520.0,48772.0,30579.0,$47955,$13612,$41359,$23515,,,,,,,,,$79654,$31658,,,$33185,$32520,$48772,$30579
2019,6037900606,Census Tract 9006.06,Lancaster,Los Angeles County,California,Lancaster,39413.0,16798.0,44009.0,20382.0,39314.0,24628.0,,,,,,,,,,,55504.0,18934.0,,,$39413,$16798,$44009,$20382,$39314,$24628,,,,,,,,,,,$55504,$18934,,
2019,6037900607,Census Tract 9006.07,Lancaster,Los Angeles County,California,Lancaster,48636.0,11625.0,56483.0,8118.0,14881.0,9848.0,,,66464.0,5741.0,,,,,,,56920.0,10338.0,51003.0,12489.0,$48636,$11625,$56483,$8118,$14881,$9848,,,$66464,$5741,,,,,,,$56920,$10338,$51003,$12489
2019,6037900608,Census Tract 9006.08,Lancaster,Los Angeles County,California,Lancaster,68409.0,13689.0,79117.0,14627.0,,,,,,,,,50767.0,17562.0,,,84541.0,12580.0,61121.0,21013.0,$68409,$13689,$79117,$14627,,,,,,,,,$50767,$17562,,,$84541,$12580,$61121,$21013
2019,6037900609,Census Tract 9006.09,Lancaster,Los Angeles County,California,Lancaster,42221.0,16490.0,60098.0,20717.0,,,,,,,,,96747.0,63724.0,,,89398.0,49468.0,60566.0,28407.0,$42221,$16490,$60098,$20717,,,,,,,,,$96747,$63724,,,$89398,$49468,$60566,$28407
2019,6037900701,Census Tract 9007.01,Lancaster,Los Angeles County,California,Lancaster,48417.0,7491.0,51223.0,6608.0,,,,,74435.0,34386.0,,,86486.0,58503.0,,,56463.0,25127.0,51668.0,5074.0,$48417,$7491,$51223,$6608,,,,,$74435,$34386,,,$86486,$58503,,,$56463,$25127,$51668,$5074
2019,6037900703,Census Tract 9007.03,Lancaster,Los Angeles County,California,Lancaster,50383.0,7975.0,54220.0,8466.0,41506.0,16409.0,,,,,,,61698.0,22832.0,,,52897.0,12077.0,59320.0,13057.0,$50383,$7975,$54220,$8466,$41506,$16409,,,,,,,$61698,$22832,,,$52897,$12077,$59320,$13057
2019,6037900704,Census Tract 9007.04,Lancaster,Los Angeles County,California,Lancaster,52096.0,8707.0,68962.0,8487.0,48324.0,11871.0,,,71151.0,30853.0,,,90765.0,53119.0,57074.0,27679.0,71989.0,6203.0,61767.0,28101.0,$52096,$8707,$68962,$8487,$48324,$11871,,,$71151,$30853,,,$90765,$53119,$57074,$27679,$71989,$6203,$61767,$28101
2019,6037900705,Census Tract 9007.05,Lancaster,Los Angeles County,California,Lancaster,58505.0,17026.0,55087.0,17493.0,,,,,99034.0,29112.0,,,43890.0,30641.0,,,64708.0,20549.0,42830.0,7134.0,$58505,$17026,$55087,$17493,,,,,$99034,$29112,,,$43890,$30641,,,$64708,$20549,$42830,$7134
2019,6037900803,Census Tract 9008.03,Lancaster,Los Angeles County,California,Lancaster,69097.0,9005.0,71667.0,12758.0,58311.0,7829.0,,,,,,,,,,,87688.0,24359.0,70351.0,6154.0,$69097,$9005,$71667,$12758,$58311,$7829,,,,,,,,,,,$87688,$24359,$70351,$6154
2019,6037900804,Census Tract 9008.04,Lancaster,Los Angeles County,California,Lancaster,49599.0,11388.0,55197.0,10339.0,,,,,,,,,49228.0,38824.0,38239.0,27725.0,37639.0,17691.0,55848.0,10630.0,$49599,$11388,$55197,$10339,,,,,,,,,$49228,$38824,$38239,$27725,$37639,$17691,$55848,$10630
2019,6037900805,Census Tract 9008.05,Lancaster,Los Angeles County,California,Lancaster,78241.0,5703.0,74691.0,8349.0,82033.0,30707.0,,,,,,,131447.0,77584.0,82718.0,78231.0,74131.0,11878.0,77725.0,8313.0,$78241,$5703,$74691,$8349,$82033,$30707,,,,,,,$131447,$77584,$82718,$78231,$74131,$11878,$77725,$8313
2019,6037900806,Census Tract 9008.06,Lancaster,Los Angeles County,California,Lancaster,26588.0,4967.0,29965.0,5363.0,19373.0,12089.0,,,33510.0,21902.0,,,32416.0,22628.0,16922.0,4311.0,29853.0,7794.0,32016.0,6877.0,$26588,$4967,$29965,$5363,$19373,$12089,,,$33510,$21902,,,$32416,$22628,$16922,$4311,$29853,$7794,$32016,$6877
2019,6037900900,Census Tract 9009,Lancaster,Los Angeles County,California,Lancaster,66540.0,15998.0,66263.0,17767.0,,,,,98842.0,95373.0,,,,,,,65116.0,15512.0,75743.0,59864.0,$66540,$15998,$66263,$17767,,,,,$98842,$95373,,,,,,,$65116,$15512,$75743,$59864
2019,6037901003,Census Tract 9010.03,Lancaster,Los Angeles County,California,Lancaster,,,,,,,,,,,,,,,,,,,,,,,,,,,,,,,,,,,,,,,,
2019,6037901004,Census Tract 9010.04,Lancaster,Los Angeles County,California,Lancaster,121464.0,15711.0,114354.0,25318.0,120421.0,38260.0,,,178486.0,72426.0,,,120621.0,98453.0,116841.0,53181.0,131276.0,16827.0,94019.0,28554.0,$121464,$15711,$114354,$25318,$120421,$38260,,,$178486,$72426,,,$120621,$98453,$116841,$53181,$131276,$16827,$94019,$28554
2019,6037901007,Census Tract 9010.07,Lancaster,Los Angeles County,California,Lancaster,109418.0,19939.0,120628.0,24704.0,,,,,103969.0,17074.0,,,,,,,106881.0,15086.0,124728.0,23483.0,$109418,$19939,$120628,$24704,,,,,$103969,$17074,,,,,,,$106881,$15086,$124728,$23483
2019,6037901008,Census Tract 9010.08,Lancaster,Los Angeles County,California,Lancaster,74024.0,18907.0,85730.0,23856.0,,,,,63843.0,40161.0,,,120507.0,85984.0,133712.0,60504.0,87967.0,22480.0,78458.0,42989.0,$74024,$18907,$85730,$23856,,,,,$63843,$40161,,,$120507,$85984,$133712,$60504,$87967,$22480,$78458,$42989
2019,6037901009,Census Tract 9010.09,Lancaster,Los Angeles County,California,Lancaster,94688.0,27926.0,111995.0,14026.0,60624.0,29606.0,,,172223.0,121965.0,,,45362.0,42146.0,,,114632.0,13656.0,80431.0,18936.0,$94688,$27926,$111995,$14026,$60624,$29606,,,$172223,$121965,,,$45362,$42146,,,$114632,$13656,$80431,$18936
2019,6037901010,Census Tract 9010.10,Lancaster,Los Angeles County,California,Lancaster,73718.0,12671.0,72780.0,14917.0,,,102742.0,53764.0,,,,,95534.0,64466.0,251782.0,202625.0,87101.0,14783.0,61273.0,12426.0,$73718,$12671,$72780,$14917,,,$102742,$53764,,,,,$95534,$64466,$251782,$202625,$87101,$14783,$61273,$12426
2019,6037901011,Census Tract 9010.11,Lancaster,Los Angeles County,California,Lancaster,89740.0,15081.0,87897.0,12012.0,148248.0,30060.0,,,123781.0,38362.0,,,,,84150.0,54328.0,87641.0,14482.0,84611.0,51450.0,$89740,$15081,$87897,$12012,$148248,$30060,,,$123781,$38362,,,,,$84150,$54328,$87641,$14482,$84611,$51450
2019,6037901101,Census Tract 9011.01,Lancaster,Los Angeles County,California,Lancaster,91987.0,12909.0,95572.0,7891.0,,,,,47576.0,12422.0,,,,,109034.0,77289.0,100380.0,13470.0,74956.0,48265.0,$91987,$12909,$95572,$7891,,,,,$47576,$12422,,,,,$109034,$77289,$100380,$13470,$74956,$48265
2019,6037901102,Census Tract 9011.02,Lancaster,Los Angeles County,California,Lancaster,105164.0,10785.0,111020.0,13249.0,64557.0,58366.0,,,3076.0,,,,,,,,114142.0,12856.0,83842.0,42936.0,$105164,$10785,$111020,$13249,$64557,$58366,,,$3076,,,,,,,,$114142,$12856,$83842,$42936
2019,6037901205,Census Tract 9012.05,Lancaster,Los Angeles County,California,Lancaster,94729.0,9650.0,109995.0,17725.0,58186.0,15105.0,,,137686.0,20847.0,,,93036.0,9478.0,94381.0,80159.0,113841.0,18595.0,93810.0,15644.0,$94729,$9650,$109995,$17725,$58186,$15105,,,$137686,$20847,,,$93036,$9478,$94381,$80159,$113841,$18595,$93810,$15644
2019,6037901213,Census Tract 9012.13,Lancaster,Los Angeles County,California,Lancaster,143676.0,11275.0,149956.0,13532.0,121725.0,36727.0,,,,,,,,,,,149787.0,16045.0,139993.0,16999.0,$143676,$11275,$149956,$13532,$121725,$36727,,,,,,,,,,,$149787,$16045,$139993,$16999
2019,6037910202,Census Tract 9102.02,Lancaster,Los Angeles County,California,Lancaster,136230.0,16408.0,136206.0,18702.0,215298.0,55457.0,,,169495.0,108205.0,,,124510.0,25620.0,,,129417.0,25542.0,135650.0,38530.0,$136230,$16408,$136206,$18702,$215298,$55457,,,$169495,$108205,,,$124510,$25620,,,$129417,$25542,$135650,$38530
2020,6037900301,Census Tract 9003.01,Lancaster,Los Angeles County,California,Lancaster,68795.0,16150.0,66890.0,24089.0,73531.0,28216.0,,,156373.0,152503.0,,,,,,,68140.0,35019.0,56896.0,33752.0,$68795,$16150,$66890,$24089,$73531,$28216,,,$156373,$152503,,,,,,,$68140,$35019,$56896,$33752
2020,6037900501,Census Tract 9005.01,Lancaster,Los Angeles County,California,Lancaster,73903.0,12609.0,91287.0,26011.0,65852.0,22571.0,,,62309.0,36396.0,,,,,95693.0,33104.0,92328.0,21111.0,82589.0,31917.0,$73903,$12609,$91287,$26011,$65852,$22571,,,$62309,$36396,,,,,$95693,$33104,$92328,$21111,$82589,$31917
2020,6037900504,Census Tract 9005.04,Lancaster,Los Angeles County,California,Lancaster,71916.0,8693.0,72312.0,12278.0,51315.0,30133.0,,,100959.0,69346.0,,,85669.0,69401.0,65519.0,51869.0,105622.0,36162.0,62435.0,7789.0,$71916,$8693,$72312,$12278,$51315,$30133,,,$100959,$69346,,,$85669,$69401,$65519,$51869,$105622,$36162,$62435,$7789
2020,6037900505,Census Tract 9005.05,Lancaster,Los Angeles County,California,Lancaster,55170.0,5529.0,56309.0,4276.0,54022.0,28866.0,,,,,,,,,3035.0,,53788.0,18629.0,55761.0,11685.0,$55170,$5529,$56309,$4276,$54022,$28866,,,,,,,,,$3035,,$53788,$18629,$55761,$11685
2020,6037900506,Census Tract 9005.06,Lancaster,Los Angeles County,California,Lancaster,67939.0,24123.0,80572.0,18761.0,66216.0,27546.0,,,,,,,,,64089.0,38320.0,81449.0,26228.0,62246.0,23053.0,$67939,$24123,$80572,$18761,$66216,$27546,,,,,,,,,$64089,$38320,$81449,$26228,$62246,$23053
2020,6037900508,Census Tract 9005.08,Lancaster,Los Angeles County,California,Lancaster,88530.0,18979.0,107791.0,21716.0,,,,,79515.0,76344.0,,,47975.0,28124.0,133167.0,43645.0,141951.0,48463.0,87676.0,37696.0,$88530,$18979,$107791,$21716,,,,,$79515,$76344,,,$47975,$28124,$133167,$43645,$141951,$48463,$87676,$37696
2020,6037900509,Census Tract 9005.09,Lancaster,Los Angeles County,California,Lancaster,58830.0,10969.0,57387.0,12550.0,,,,,90115.0,50915.0,,,,,,,71137.0,21677.0,53711.0,14219.0,$58830,$10969,$57387,$12550,,,,,$90115,$50915,,,,,,,$71137,$21677,$53711,$14219
2020,6037900510,Census Tract 9005.10,Lancaster,Los Angeles County,California,Lancaster,52145.0,13079.0,69837.0,47629.0,,,,,,,,,51679.0,46064.0,,,67939.0,39852.0,52894.0,30309.0,$52145,$13079,$69837,$47629,,,,,,,,,$51679,$46064,,,$67939,$39852,$52894,$30309
2020,6037900602,Census Tract 9006.02,Lancaster,Los Angeles County,California,Lancaster,49816.0,8462.0,49410.0,11063.0,39009.0,4525.0,,,,,,,66132.0,25493.0,54781.0,2544.0,54774.0,53869.0,50809.0,4861.0,$49816,$8462,$49410,$11063,$39009,$4525,,,,,,,$66132,$25493,$54781,$2544,$54774,$53869,$50809,$4861
2020,6037900606,Census Tract 9006.06,Lancaster,Los Angeles County,California,Lancaster,46801.0,4664.0,47101.0,994.0,41936.0,22090.0,,,,,,,,,,,47308.0,3212.0,41204.0,8656.0,$46801,$4664,$47101,$994,$41936,$22090,,,,,,,,,,,$47308,$3212,$41204,$8656
2020,6037900607,Census Tract 9006.07,Lancaster,Los Angeles County,California,Lancaster,65605.0,15250.0,59310.0,18906.0,28086.0,9289.0,,,66079.0,16621.0,,,73919.0,28068.0,,,60676.0,26624.0,72114.0,22701.0,$65605,$15250,$59310,$18906,$28086,$9289,,,$66079,$16621,,,$73919,$28068,,,$60676,$26624,$72114,$22701
2020,6037900608,Census Tract 9006.08,Lancaster,Los Angeles County,California,Lancaster,75942.0,26945.0,83952.0,9681.0,,,,,122784.0,25810.0,,,51011.0,11385.0,,,83017.0,12760.0,78154.0,46474.0,$75942,$26945,$83952,$9681,,,,,$122784,$25810,,,$51011,$11385,,,$83017,$12760,$78154,$46474
2020,6037900609,Census Tract 9006.09,Lancaster,Los Angeles County,California,Lancaster,46984.0,16883.0,59104.0,15104.0,26135.0,8853.0,,,,,,,98493.0,83115.0,,,85719.0,58092.0,47783.0,26874.0,$46984,$16883,$59104,$15104,$26135,$8853,,,,,,,$98493,$83115,,,$85719,$58092,$47783,$26874
2020,6037900610,Census Tract 9006.10,Lancaster,Los Angeles County,California,Lancaster,34028.0,24159.0,48148.0,18938.0,,,,,,,,,65198.0,40692.0,,,30016.0,17336.0,49069.0,37432.0,$34028,$24159,$48148,$18938,,,,,,,,,$65198,$40692,,,$30016,$17336,$49069,$37432
2020,6037900611,Census Tract 9006.11,Lancaster,Los Angeles County,California,Lancaster,85706.0,3606.0,85704.0,3821.0,,,,,,,,,,,134924.0,31082.0,122915.0,28753.0,85008.0,3475.0,$85706,$3606,$85704,$3821,,,,,,,,,,,$134924,$31082,$122915,$28753,$85008,$3475
2020,6037900701,Census Tract 9007.01,Lancaster,Los Angeles County,California,Lancaster,51473.0,5374.0,56362.0,15894.0,,,,,51185.0,50757.0,,,86653.0,39416.0,,,73149.0,37254.0,53466.0,10286.0,$51473,$5374,$56362,$15894,,,,,$51185,$50757,,,$86653,$39416,,,$73149,$37254,$53466,$10286
2020,6037900703,Census Tract 9007.03,Lancaster,Los Angeles County,California,Lancaster,55362.0,8196.0,53801.0,14729.0,52074.0,20854.0,,,109816.0,65363.0,,,62406.0,20814.0,,,59304.0,20642.0,54709.0,14939.0,$55362,$8196,$53801,$14729,$52074,$20854,,,$109816,$65363,,,$62406,$20814,,,$59304,$20642,$54709,$14939
2020,6037900704,Census Tract 9007.04,Lancaster,Los Angeles County,California,Lancaster,51542.0,10732.0,68955.0,6331.0,47748.0,4224.0,,,74998.0,14554.0,,,83690.0,57907.0,51458.0,14145.0,71941.0,5419.0,42353.0,15470.0,$51542,$10732,$68955,$6331,$47748,$4224,,,$74998,$14554,,,$83690,$57907,$51458,$14145,$71941,$5419,$42353,$15470
2020,6037900705,Census Tract 9007.05,Lancaster,Los Angeles County,California,Lancaster,59195.0,8280.0,58249.0,13065.0,59076.0,49685.0,,,102370.0,31633.0,,,,,39906.0,31309.0,62281.0,22869.0,43193.0,6080.0,$59195,$8280,$58249,$13065,$59076,$49685,,,$102370,$31633,,,,,$39906,$31309,$62281,$22869,$43193,$6080
2020,6037900804,Census Tract 9008.04,Lancaster,Los Angeles County,California,Lancaster,47367.0,4247.0,52203.0,15414.0,,,,,,,,,62246.0,43843.0,46023.0,6606.0,,,50376.0,12427.0,$47367,$4247,$52203,$15414,,,,,,,,,$62246,$43843,$46023,$6606,,,$50376,$12427
2020,6037900805,Census Tract 9008.05,Lancaster,Los Angeles County,California,Lancaster,80991.0,10169.0,67885.0,12483.0,115179.0,93633.0,,,,,,,129582.0,62334.0,,,59126.0,26104.0,78996.0,12481.0,$80991,$10169,$67885,$12483,$115179,$93633,,,,,,,$129582,$62334,,,$59126,$26104,$78996,$12481
2020,6037900806,Census Tract 9008.06,Lancaster,Los Angeles County,California,Lancaster,25865.0,4263.0,30472.0,9593.0,18260.0,9872.0,,,39169.0,21131.0,,,31153.0,21481.0,,,27327.0,12184.0,33157.0,14618.0,$25865,$4263,$30472,$9593,$18260,$9872,,,$39169,$21131,,,$31153,$21481,,,$27327,$12184,$33157,$14618
2020,6037900807,Census Tract 9008.07,Lancaster,Los Angeles County,California,Lancaster,76010.0,10179.0,79413.0,13823.0,76651.0,56254.0,,,,,,,,,,,146319.0,100345.0,70748.0,13495.0,$76010,$10179,$79413,$13823,$76651,$56254,,,,,,,,,,,$146319,$100345,$70748,$13495
2020,6037900808,Census Tract 9008.08,Lancaster,Los Angeles County,California,Lancaster,72045.0,35136.0,56462.0,52637.0,59949.0,52560.0,,,,,,,,,,,77428.0,47309.0,88604.0,87918.0,$72045,$35136,$56462,$52637,$59949,$52560,,,,,,,,,,,$77428,$47309,$88604,$87918
2020,6037900901,Census Tract 9009.01,Lancaster,Los Angeles County,California,Lancaster,65476.0,10754.0,69607.0,29044.0,,,,,63385.0,40051.0,,,44161.0,799.0,,,69744.0,25283.0,44638.0,10992.0,$65476,$10754,$69607,$29044,,,,,$63385,$40051,,,$44161,$799,,,$69744,$25283,$44638,$10992
2020,6037900902,Census Tract 9009.02,Lancaster,Los Angeles County,California,Lancaster,64472.0,20217.0,58906.0,19545.0,,,,,,,,,73811.0,21476.0,,,60349.0,26597.0,73320.0,35864.0,$64472,$20217,$58906,$19545,,,,,,,,,$73811,$21476,,,$60349,$26597,$73320,$35864
2020,6037901003,Census Tract 9010.03,Lancaster,Los Angeles County,California,Lancaster,,,,,,,,,,,,,,,,,,,,,,,,,,,,,,,,,,,,,,,,
2020,6037901007,Census Tract 9010.07,Lancaster,Los Angeles County,California,Lancaster,87766.0,21578.0,103633.0,29228.0,68055.0,33285.0,,,101719.0,28456.0,,,,,81436.0,68504.0,87766.0,23209.0,122594.0,30995.0,$87766,$21578,$103633,$29228,$68055,$33285,,,$101719,$28456,,,,,$81436,$68504,$87766,$23209,$122594,$30995
2020,6037901008,Census Tract 9010.08,Lancaster,Los Angeles County,California,Lancaster,85984.0,20149.0,82825.0,25852.0,,,,,57353.0,13613.0,,,,,126726.0,7408.0,88909.0,14428.0,82633.0,49843.0,$85984,$20149,$82825,$25852,,,,,$57353,$13613,,,,,$126726,$7408,$88909,$14428,$82633,$49843
2020,6037901009,Census Tract 9010.09,Lancaster,Los Angeles County,California,Lancaster,98404.0,17044.0,107344.0,13399.0,75530.0,19457.0,,,170543.0,74510.0,,,44154.0,11366.0,99243.0,44280.0,112773.0,14651.0,81777.0,35458.0,$98404,$17044,$107344,$13399,$75530,$19457,,,$170543,$74510,,,$44154,$11366,$99243,$44280,$112773,$14651,$81777,$35458
2020,6037901010,Census Tract 9010.10,Lancaster,Los Angeles County,California,Lancaster,69688.0,12363.0,67726.0,13945.0,59794.0,54233.0,,,,,,,96405.0,75580.0,,,77808.0,20760.0,60700.0,15985.0,$69688,$12363,$67726,$13945,$59794,$54233,,,,,,,$96405,$75580,,,$77808,$20760,$60700,$15985
2020,6037901011,Census Tract 9010.11,Lancaster,Los Angeles County,California,Lancaster,90935.0,27522.0,89885.0,20967.0,146885.0,50746.0,,,126617.0,16832.0,,,,,84563.0,74581.0,89305.0,16600.0,82741.0,57738.0,$90935,$27522,$89885,$20967,$146885,$50746,,,$126617,$16832,,,,,$84563,$74581,$89305,$16600,$82741,$57738
2020,6037901012,Census Tract 9010.12,Lancaster,Los Angeles County,California,Lancaster,129622.0,8990.0,135693.0,66419.0,125812.0,26867.0,,,146474.0,62920.0,,,,,,,159410.0,69206.0,120987.0,10502.0,$129622,$8990,$135693,$66419,$125812,$26867,,,$146474,$62920,,,,,,,$159410,$69206,$120987,$10502
2020,6037901013,Census Tract 9010.13,Lancaster,Los Angeles County,California,Lancaster,136258.0,40887.0,151629.0,29535.0,95083.0,57154.0,,,179208.0,152071.0,,,177375.0,132421.0,,,151288.0,27595.0,89742.0,81694.0,$136258,$40887,$151629,$29535,$95083,$57154,,,$179208,$152071,,,$177375,$132421,,,$151288,$27595,$89742,$81694
2020,6037901014,Census Tract 9010.14,Lancaster,Los Angeles County,California,Lancaster,138467.0,32657.0,96368.0,30092.0,158954.0,29489.0,,,240353.0,108578.0,,,,,169164.0,16788.0,108159.0,44017.0,122088.0,76965.0,$138467,$32657,$96368,$30092,$158954,$29489,,,$240353,$108578,,,,,$169164,$16788,$108159,$44017,$122088,$76965
2020,6037901101,Census Tract 9011.01,Lancaster,Los Angeles County,California,Lancaster,90484.0,11604.0,92351.0,13347.0,51083.0,40822.0,,,,,,,,,114244.0,29019.0,95125.0,22617.0,91309.0,37717.0,$90484,$11604,$92351,$13347,$51083,$40822,,,,,,,,,$114244,$29019,$95125,$22617,$91309,$37717
2020,6037901102,Census Tract 9011.02,Lancaster,Los Angeles County,California,Lancaster,93126.0,21427.0,96215.0,23142.0,73463.0,42119.0,,,,,,,,,110689.0,67878.0,97069.0,28133.0,90143.0,48148.0,$93126,$21427,$96215,$23142,$73463,$42119,,,,,,,,,$110689,$67878,$97069,$28133,$90143,$48148
2020,6037901214,Census Tract 9012.14,Lancaster,Los Angeles County,California,Lancaster,110209.0,27342.0,98955.0,31133.0,76400.0,39977.0,,,142410.0,50416.0,,,,,133938.0,26546.0,109839.0,44697.0,97559.0,25928.0,$110209,$27342,$98955,$31133,$76400,$39977,,,$142410,$50416,,,,,$133938,$26546,$109839,$44697,$97559,$25928
2020,6037901215,Census Tract 9012.15,Lancaster,Los Angeles County,California,Lancaster,53948.0,19146.0,68318.0,43831.0,24386.0,21976.0,,,,,,,,,,,66525.0,40522.0,,,$53948,$19146,$68318,$43831,$24386,$21976,,,,,,,,,,,$66525,$40522,,
2020,6037901216,Census Tract 9012.16,Lancaster,Los Angeles County,California,Lancaster,114809.0,22159.0,119959.0,24462.0,,,,,113864.0,28855.0,,,,,71776.0,43838.0,120219.0,30924.0,72403.0,70535.0,$114809,$22159,$119959,$24462,,,,,$113864,$28855,,,,,$71776,$43838,$120219,$30924,$72403,$70535
2020,6037901217,Census Tract 9012.17,Lancaster,Los Angeles County,California,Lancaster,138155.0,28243.0,138272.0,28416.0,,,,,,,,,,,,,139842.0,29099.0,,,$138155,$28243,$138272,$28416,,,,,,,,,,,,,$139842,$29099,,
2020,6037901300,Census Tract 9013,Lancaster,Los Angeles County,California,Lancaster,57143.0,18196.0,58261.0,23829.0,,,,,,,,,,,,,76213.0,51350.0,,,$57143,$18196,$58261,$23829,,,,,,,,,,,,,$76213,$51350,,
2020,6037910211,Census Tract 9102.11,Lancaster,Los Angeles County,California,Lancaster,211535.0,73539.0,222604.0,91663.0,,,,,,,,,,,,,200364.0,28600.0,,,$211535,$73539,$222604,$91663,,,,,,,,,,,,,$200364,$28600,,
2021,6037900301,Census Tract 9003.01,Lancaster,Los Angeles County,California,Lancaster,64735.0,17139.0,66618.0,22442.0,48748.0,40294.0,,,,,,,55446.0,23065.0,,,68231.0,16767.0,56950.0,21081.0,$64735,$17139,$66618,$22442,$48748,$40294,,,,,,,$55446,$23065,,,$68231,$16767,$56950,$21081
2021,6037900501,Census Tract 9005.01,Lancaster,Los Angeles County,California,Lancaster,74073.0,12574.0,88341.0,20618.0,66859.0,33112.0,,,,,,,59377.0,31002.0,105927.0,25521.0,89644.0,32976.0,93469.0,30324.0,$74073,$12574,$88341,$20618,$66859,$33112,,,,,,,$59377,$31002,$105927,$25521,$89644,$32976,$93469,$30324
2021,6037900504,Census Tract 9005.04,Lancaster,Los Angeles County,California,Lancaster,73180.0,10049.0,79755.0,33917.0,53376.0,28799.0,,,,,,,83996.0,42674.0,66583.0,32018.0,107077.0,40479.0,68066.0,13012.0,$73180,$10049,$79755,$33917,$53376,$28799,,,,,,,$83996,$42674,$66583,$32018,$107077,$40479,$68066,$13012
2021,6037900505,Census Tract 9005.05,Lancaster,Los Angeles County,California,Lancaster,62947.0,24579.0,56777.0,9045.0,110449.0,83818.0,,,,,,,,,,,53626.0,23059.0,62931.0,27584.0,$62947,$24579,$56777,$9045,$110449,$83818,,,,,,,,,,,$53626,$23059,$62931,$27584
2021,6037900506,Census Tract 9005.06,Lancaster,Los Angeles County,California,Lancaster,82501.0,14313.0,83546.0,18232.0,82017.0,34787.0,,,,,,,,,84523.0,45299.0,81917.0,36603.0,81890.0,30199.0,$82501,$14313,$83546,$18232,$82017,$34787,,,,,,,,,$84523,$45299,$81917,$36603,$81890,$30199
2021,6037900508,Census Tract 9005.08,Lancaster,Los Angeles County,California,Lancaster,95311.0,12927.0,110386.0,21025.0,23655.0,23432.0,,,,,,,48370.0,42796.0,127008.0,21788.0,154873.0,37702.0,83556.0,30701.0,$95311,$12927,$110386,$21025,$23655,$23432,,,,,,,$48370,$42796,$127008,$21788,$154873,$37702,$83556,$30701
2021,6037900509,Census Tract 9005.09,Lancaster,Los Angeles County,California,Lancaster,59515.0,11289.0,56573.0,9152.0,,,,,110978.0,44623.0,,,95393.0,31578.0,,,67119.0,20572.0,55345.0,13434.0,$59515,$11289,$56573,$9152,,,,,$110978,$44623,,,$95393,$31578,,,$67119,$20572,$55345,$13434
2021,6037900510,Census Tract 9005.10,Lancaster,Los Angeles County,California,Lancaster,47918.0,8937.0,47483.0,42969.0,,,,,,,,,49547.0,5176.0,,,,,48342.0,19500.0,$47918,$8937,$47483,$42969,,,,,,,,,$49547,$5176,,,,,$48342,$19500
2021,6037900602,Census Tract 9006.02,Lancaster,Los Angeles County,California,Lancaster,51083.0,9026.0,49836.0,14336.0,40418.0,6883.0,,,,,,,59423.0,25833.0,55322.0,2208.0,45429.0,33279.0,53243.0,5113.0,$51083,$9026,$49836,$14336,$40418,$6883,,,,,,,$59423,$25833,$55322,$2208,$45429,$33279,$53243,$5113
2021,6037900606,Census Tract 9006.06,Lancaster,Los Angeles County,California,Lancaster,47704.0,3016.0,48289.0,3835.0,41620.0,14124.0,,,,,,,,,,,48304.0,11810.0,46826.0,9000.0,$47704,$3016,$48289,$3835,$41620,$14124,,,,,,,,,,,$48304,$11810,$46826,$9000
2021,6037900607,Census Tract 9006.07,Lancaster,Los Angeles County,California,Lancaster,56795.0,15947.0,56963.0,21608.0,27516.0,10362.0,,,,,,,72648.0,22106.0,171965.0,44393.0,57677.0,31723.0,73167.0,16654.0,$56795,$15947,$56963,$21608,$27516,$10362,,,,,,,$72648,$22106,$171965,$44393,$57677,$31723,$73167,$16654
2021,6037900608,Census Tract 9006.08,Lancaster,Los Angeles County,California,Lancaster,77052.0,26206.0,83115.0,8487.0,63631.0,31956.0,,,,,,,56963.0,31427.0,,,77031.0,29277.0,79531.0,47799.0,$77052,$26206,$83115,$8487,$63631,$31956,,,,,,,$56963,$31427,,,$77031,$29277,$79531,$47799
2021,6037900609,Census Tract 9006.09,Lancaster,Los Angeles County,California,Lancaster,39727.0,16652.0,59644.0,21965.0,21202.0,12354.0,,,,,,,,,35804.0,27568.0,86410.0,46897.0,39892.0,20961.0,$39727,$16652,$59644,$21965,$21202,$12354,,,,,,,,,$35804,$27568,$86410,$46897,$39892,$20961
2021,6037900610,Census Tract 9006.10,Lancaster,Los Angeles County,California,Lancaster,28552.0,2435.0,29074.0,5331.0,,,,,,,,,73631.0,62279.0,27886.0,8233.0,22330.0,8965.0,31520.0,15609.0,$28552,$2435,$29074,$5331,,,,,,,,,$73631,$62279,$27886,$8233,$22330,$8965,$31520,$15609
2021,6037900611,Census Tract 9006.11,Lancaster,Los Angeles County,California,Lancaster,82912.0,12085.0,82772.0,6032.0,58125.0,50356.0,,,,,,,71887.0,30284.0,134640.0,37415.0,117974.0,25867.0,83229.0,8312.0,$82912,$12085,$82772,$6032,$58125,$50356,,,,,,,$71887,$30284,$134640,$37415,$117974,$25867,$83229,$8312
2021,6037900701,Census Tract 9007.01,Lancaster,Los Angeles County,California,Lancaster,54187.0,10312.0,62649.0,23008.0,,,,,50446.0,50298.0,,,88341.0,10509.0,59232.0,23269.0,74517.0,20152.0,61382.0,20694.0,$54187,$10312,$62649,$23008,,,,,$50446,$50298,,,$88341,$10509,$59232,$23269,$74517,$20152,$61382,$20694
2021,6037900703,Census Tract 9007.03,Lancaster,Los Angeles County,California,Lancaster,55887.0,6881.0,52619.0,15185.0,55735.0,22585.0,,,81939.0,32067.0,,,61912.0,18251.0,,,69669.0,22641.0,50494.0,19347.0,$55887,$6881,$52619,$15185,$55735,$22585,,,$81939,$32067,,,$61912,$18251,,,$69669,$22641,$50494,$19347
2021,6037900704,Census Tract 9007.04,Lancaster,Los Angeles County,California,Lancaster,59618.0,12109.0,67867.0,9533.0,48628.0,10039.0,,,54727.0,30598.0,,,82381.0,16179.0,72837.0,39286.0,71191.0,11076.0,65791.0,26238.0,$59618,$12109,$67867,$9533,$48628,$10039,,,$54727,$30598,,,$82381,$16179,$72837,$39286,$71191,$11076,$65791,$26238
2021,6037900705,Census Tract 9007.05,Lancaster,Los Angeles County,California,Lancaster,54722.0,17110.0,53326.0,19768.0,59519.0,39643.0,,,110260.0,18044.0,,,,,,,59457.0,15971.0,40473.0,6314.0,$54722,$17110,$53326,$19768,$59519,$39643,,,$110260,$18044,,,,,,,$59457,$15971,$40473,$6314
2021,6037900804,Census Tract 9008.04,Lancaster,Los Angeles County,California,Lancaster,47011.0,6817.0,51050.0,12750.0,,,,,,,,,75815.0,42478.0,44927.0,16736.0,60463.0,41866.0,48738.0,11002.0,$47011,$6817,$51050,$12750,,,,,,,,,$75815,$42478,$44927,$16736,$60463,$41866,$48738,$11002
2021,6037900805,Census Tract 9008.05,Lancaster,Los Angeles County,California,Lancaster,91995.0,18553.0,67401.0,18457.0,,,171780.0,96727.0,,,,,136856.0,49581.0,104785.0,70356.0,67910.0,25403.0,83755.0,37344.0,$91995,$18553,$67401,$18457,,,$171780,$96727,,,,,$136856,$49581,$104785,$70356,$67910,$25403,$83755,$37344
2021,6037900806,Census Tract 9008.06,Lancaster,Los Angeles County,California,Lancaster,26391.0,6712.0,24113.0,10750.0,14314.0,10829.0,,,47574.0,23821.0,,,,,43646.0,37093.0,22776.0,11342.0,44823.0,13414.0,$26391,$6712,$24113,$10750,$14314,$10829,,,$47574,$23821,,,,,$43646,$37093,$22776,$11342,$44823,$13414
2021,6037900807,Census Tract 9008.07,Lancaster,Los Angeles County,California,Lancaster,73887.0,14985.0,74778.0,51789.0,,,,,,,,,58123.0,22014.0,,,145184.0,123380.0,49078.0,24795.0,$73887,$14985,$74778,$51789,,,,,,,,,$58123,$22014,,,$145184,$123380,$49078,$24795
2021,6037900808,Census Tract 9008.08,Lancaster,Los Angeles County,California,Lancaster,82187.0,25758.0,88903.0,38683.0,70148.0,43961.0,,,,,,,,,87869.0,5262.0,93886.0,6978.0,,,$82187,$25758,$88903,$38683,$70148,$43961,,,,,,,,,$87869,$5262,$93886,$6978,,
2021,6037900901,Census Tract 9009.01,Lancaster,Los Angeles County,California,Lancaster,65924.0,12323.0,69474.0,44906.0,,,,,82135.0,75028.0,,,43252.0,19834.0,,,79974.0,36636.0,43429.0,26357.0,$65924,$12323,$69474,$44906,,,,,$82135,$75028,,,$43252,$19834,,,$79974,$36636,$43429,$26357
2021,6037900902,Census Tract 9009.02,Lancaster,Los Angeles County,California,Lancaster,59216.0,22983.0,53923.0,20427.0,,,,,,,,,73156.0,26966.0,,,53812.0,27083.0,71520.0,22913.0,$59216,$22983,$53923,$20427,,,,,,,,,$73156,$26966,,,$53812,$27083,$71520,$22913
2021,6037901003,Census Tract 9010.03,Lancaster,Los Angeles County,California,Lancaster,,,,,,,,,,,,,,,,,,,,,,,,,,,,,,,,,,,,,,,,
2021,6037901007,Census Tract 9010.07,Lancaster,Los Angeles County,California,Lancaster,106177.0,30129.0,108616.0,32797.0,67879.0,18546.0,,,,,,,84410.0,34315.0,124025.0,28458.0,97513.0,30935.0,139642.0,3864.0,$106177,$30129,$108616,$32797,$67879,$18546,,,,,,,$84410,$34315,$124025,$28458,$97513,$30935,$139642,$3864
2021,6037901008,Census Tract 9010.08,Lancaster,Los Angeles County,California,Lancaster,91126.0,14126.0,88920.0,26905.0,,,,,,,,,,,125253.0,50605.0,96344.0,26949.0,90981.0,23520.0,$91126,$14126,$88920,$26905,,,,,,,,,,,$125253,$50605,$96344,$26949,$90981,$23520
2021,6037901009,Census Tract 9010.09,Lancaster,Los Angeles County,California,Lancaster,97739.0,16410.0,102423.0,16214.0,79231.0,35124.0,,,168924.0,54643.0,,,,,97592.0,40302.0,103971.0,15842.0,95818.0,34141.0,$97739,$16410,$102423,$16214,$79231,$35124,,,$168924,$54643,,,,,$97592,$40302,$103971,$15842,$95818,$34141
2021,6037901010,Census Tract 9010.10,Lancaster,Los Angeles County,California,Lancaster,79772.0,12568.0,73889.0,9337.0,55427.0,53512.0,116564.0,21264.0,154718.0,75518.0,,,122054.0,72774.0,91817.0,64232.0,78054.0,21021.0,76916.0,43417.0,$79772,$12568,$73889,$9337,$55427,$53512,$116564,$21264,$154718,$75518,,,$122054,$72774,$91817,$64232,$78054,$21021,$76916,$43417
2021,6037901011,Census Tract 9010.11,Lancaster,Los Angeles County,California,Lancaster,87777.0,16542.0,91906.0,20566.0,114790.0,88079.0,,,110685.0,58178.0,,,,,83681.0,74978.0,89900.0,22060.0,76673.0,23919.0,$87777,$16542,$91906,$20566,$114790,$88079,,,$110685,$58178,,,,,$83681,$74978,$89900,$22060,$76673,$23919
2021,6037901012,Census Tract 9010.12,Lancaster,Los Angeles County,California,Lancaster,121359.0,10811.0,109540.0,4776.0,126496.0,9007.0,,,145316.0,71947.0,,,,,121570.0,16921.0,138004.0,78325.0,119481.0,13117.0,$121359,$10811,$109540,$4776,$126496,$9007,,,$145316,$71947,,,,,$121570,$16921,$138004,$78325,$119481,$13117
2021,6037901013,Census Tract 9010.13,Lancaster,Los Angeles County,California,Lancaster,152740.0,31836.0,152996.0,48305.0,,,,,177917.0,87516.0,,,,,113557.0,71161.0,176694.0,56769.0,125654.0,38407.0,$152740,$31836,$152996,$48305,,,,,$177917,$87516,,,,,$113557,$71161,$176694,$56769,$125654,$38407
2021,6037901014,Census Tract 9010.14,Lancaster,Los Angeles County,California,Lancaster,133991.0,26472.0,126067.0,26005.0,176965.0,168694.0,,,241345.0,149692.0,,,,,170310.0,43983.0,128555.0,26905.0,125719.0,48422.0,$133991,$26472,$126067,$26005,$176965,$168694,,,$241345,$149692,,,,,$170310,$43983,$128555,$26905,$125719,$48422
2021,6037901101,Census Tract 9011.01,Lancaster,Los Angeles County,California,Lancaster,92459.0,6817.0,91900.0,7724.0,73704.0,40835.0,,,,,,,,,110561.0,24760.0,92110.0,12141.0,93347.0,32326.0,$92459,$6817,$91900,$7724,$73704,$40835,,,,,,,,,$110561,$24760,$92110,$12141,$93347,$32326
2021,6037901102,Census Tract 9011.02,Lancaster,Los Angeles County,California,Lancaster,94208.0,23067.0,89526.0,29177.0,,,,,,,,,200244.0,112951.0,86732.0,73105.0,96487.0,29649.0,74703.0,56538.0,$94208,$23067,$89526,$29177,,,,,,,,,$200244,$112951,$86732,$73105,$96487,$29649,$74703,$56538
2021,6037901214,Census Tract 9012.14,Lancaster,Los Angeles County,California,Lancaster,104460.0,21210.0,104398.0,19910.0,,,,,140445.0,9397.0,,,89500.0,26120.0,,,111905.0,27474.0,98803.0,21011.0,$104460,$21210,$104398,$19910,,,,,$140445,$9397,,,$89500,$26120,,,$111905,$27474,$98803,$21011
2021,6037901215,Census Tract 9012.15,Lancaster,Los Angeles County,California,Lancaster,57204.0,12569.0,64803.0,17194.0,,,,,85686.0,70339.0,,,,,,,56090.0,37552.0,65994.0,48039.0,$57204,$12569,$64803,$17194,,,,,$85686,$70339,,,,,,,$56090,$37552,$65994,$48039
2021,6037901216,Census Tract 9012.16,Lancaster,Los Angeles County,California,Lancaster,113605.0,28532.0,119339.0,37021.0,,,,,,,,,,,,,120870.0,61608.0,72085.0,71156.0,$113605,$28532,$119339,$37021,,,,,,,,,,,,,$120870,$61608,$72085,$71156
2021,6037901217,Census Tract 9012.17,Lancaster,Los Angeles County,California,Lancaster,122712.0,32470.0,110698.0,40251.0,,,,,,,,,,,,,111693.0,36208.0,,,$122712,$32470,$110698,$40251,,,,,,,,,,,,,$111693,$36208,,
2021,6037901300,Census Tract 9013,Lancaster,Los Angeles County,California,Lancaster,60714.0,25614.0,59265.0,31692.0,,,,,,,,,65459.0,30644.0,97256.0,50610.0,94713.0,40518.0,45065.0,42021.0,$60714,$25614,$59265,$31692,,,,,,,,,$65459,$30644,$97256,$50610,$94713,$40518,$45065,$42021
2021,6037910211,Census Tract 9102.11,Lancaster,Los Angeles County,California,Lancaster,238358.0,64054.0,240063.0,71674.0,,,,,,,,,,,,,223170.0,32339.0,,,$238358,$64054,$240063,$71674,,,,,,,,,,,,,$223170,$32339,,
2022,6037900301,Census Tract 9003.01,Lancaster,Los Angeles County,California,Lancaster,67334.0,17274.0,68670.0,25742.0,67451.0,39931.0,,,,,,,55412.0,18401.0,,,67820.0,13785.0,56044.0,47785.0,$67334,$17274,$68670,$25742,$67451,$39931,,,,,,,$55412,$18401,,,$67820,$13785,$56044,$47785
2022,6037900501,Census Tract 9005.01,Lancaster,Los Angeles County,California,Lancaster,80782.0,13788.0,92446.0,21410.0,52971.0,34716.0,,,,,,,60870.0,41034.0,106765.0,32116.0,91125.0,51259.0,94702.0,30133.0,$80782,$13788,$92446,$21410,$52971,$34716,,,,,,,$60870,$41034,$106765,$32116,$91125,$51259,$94702,$30133
2022,6037900504,Census Tract 9005.04,Lancaster,Los Angeles County,California,Lancaster,91706.0,7543.0,106440.0,31014.0,82093.0,30857.0,,,,,,,103914.0,37701.0,66892.0,29118.0,108077.0,31304.0,95087.0,36062.0,$91706,$7543,$106440,$31014,$82093,$30857,,,,,,,$103914,$37701,$66892,$29118,$108077,$31304,$95087,$36062
2022,6037900505,Census Tract 9005.05,Lancaster,Los Angeles County,California,Lancaster,83528.0,17537.0,77802.0,34150.0,113957.0,13282.0,,,,,,,55104.0,33508.0,85032.0,54696.0,83515.0,11225.0,57246.0,36734.0,$83528,$17537,$77802,$34150,$113957,$13282,,,,,,,$55104,$33508,$85032,$54696,$83515,$11225,$57246,$36734
2022,6037900506,Census Tract 9005.06,Lancaster,Los Angeles County,California,Lancaster,82554.0,10871.0,85479.0,25094.0,71679.0,41463.0,,,,,,,76739.0,6756.0,88204.0,27452.0,80054.0,47868.0,94597.0,24455.0,$82554,$10871,$85479,$25094,$71679,$41463,,,,,,,$76739,$6756,$88204,$27452,$80054,$47868,$94597,$24455
2022,6037900508,Census Tract 9005.08,Lancaster,Los Angeles County,California,Lancaster,94769.0,13582.0,110980.0,16020.0,,,,,,,,,42271.0,13066.0,127877.0,20771.0,155628.0,34386.0,83266.0,34754.0,$94769,$13582,$110980,$16020,,,,,,,,,$42271,$13066,$127877,$20771,$155628,$34386,$83266,$34754
2022,6037900509,Census Tract 9005.09,Lancaster,Los Angeles County,California,Lancaster,64963.0,13382.0,58220.0,12816.0,63555.0,53454.0,,,68638.0,54333.0,,,118405.0,66967.0,101602.0,95204.0,65650.0,26077.0,64482.0,18705.0,$64963,$13382,$58220,$12816,$63555,$53454,,,$68638,$54333,,,$118405,$66967,$101602,$95204,$65650,$26077,$64482,$18705
2022,6037900510,Census Tract 9005.10,Lancaster,Los Angeles County,California,Lancaster,54848.0,20203.0,,,,,,,,,,,129500.0,123858.0,127422.0,107879.0,,,,,$54848,$20203,,,,,,,,,,,$129500,$123858,$127422,$107879,,,,
2022,6037900602,Census Tract 9006.02,Lancaster,Los Angeles County,California,Lancaster,52195.0,4478.0,55118.0,3987.0,40959.0,3743.0,,,,,,,57120.0,19952.0,51963.0,32516.0,55311.0,17830.0,54932.0,6288.0,$52195,$4478,$55118,$3987,$40959,$3743,,,,,,,$57120,$19952,$51963,$32516,$55311,$17830,$54932,$6288
2022,6037900606,Census Tract 9006.06,Lancaster,Los Angeles County,California,Lancaster,46730.0,2846.0,47663.0,17912.0,39875.0,9916.0,,,,,,,,,95373.0,45201.0,,,43831.0,12603.0,$46730,$2846,$47663,$17912,$39875,$9916,,,,,,,,,$95373,$45201,,,$43831,$12603
2022,6037900607,Census Tract 9006.07,Lancaster,Los Angeles County,California,Lancaster,66787.0,14640.0,75461.0,21263.0,31708.0,14538.0,,,,,,,72837.0,19832.0,131022.0,109108.0,75577.0,25687.0,73932.0,14385.0,$66787,$14640,$75461,$21263,$31708,$14538,,,,,,,$72837,$19832,$131022,$109108,$75577,$25687,$73932,$14385
2022,6037900608,Census Tract 9006.08,Lancaster,Los Angeles County,California,Lancaster,78338.0,26350.0,85211.0,15655.0,,,,,86529.0,69600.0,,,60291.0,26037.0,,,77465.0,45285.0,78178.0,46509.0,$78338,$26350,$85211,$15655,,,,,$86529,$69600,,,$60291,$26037,,,$77465,$45285,$78178,$46509
2022,6037900609,Census Tract 9006.09,Lancaster,Los Angeles County,California,Lancaster,60023.0,31307.0,52811.0,10271.0,92405.0,64405.0,,,29753.0,29208.0,,,89767.0,35652.0,51582.0,32811.0,59195.0,31633.0,47400.0,33735.0,$60023,$31307,$52811,$10271,$92405,$64405,,,$29753,$29208,,,$89767,$35652,$51582,$32811,$59195,$31633,$47400,$33735
2022,6037900610,Census Tract 9006.10,Lancaster,Los Angeles County,California,Lancaster,29609.0,2971.0,29234.0,6014.0,43520.0,24667.0,,,,,,,72442.0,58551.0,28717.0,10133.0,22623.0,11974.0,31932.0,13576.0,$29609,$2971,$29234,$6014,$43520,$24667,,,,,,,$72442,$58551,$28717,$10133,$22623,$11974,$31932,$13576
2022,6037900611,Census Tract 9006.11,Lancaster,Los Angeles County,California,Lancaster,90922.0,11293.0,89803.0,14033.0,97286.0,61739.0,,,156170.0,143077.0,,,79245.0,22282.0,106024.0,75176.0,116932.0,26928.0,89398.0,12975.0,$90922,$11293,$89803,$14033,$97286,$61739,,,$156170,$143077,,,$79245,$22282,$106024,$75176,$116932,$26928,$89398,$12975
2022,6037900701,Census Tract 9007.01,Lancaster,Los Angeles County,California,Lancaster,52851.0,10111.0,62315.0,21092.0,28434.0,26615.0,,,,,,,92279.0,13221.0,64364.0,21105.0,73510.0,26297.0,63056.0,14258.0,$52851,$10111,$62315,$21092,$28434,$26615,,,,,,,$92279,$13221,$64364,$21105,$73510,$26297,$63056,$14258
2022,6037900703,Census Tract 9007.03,Lancaster,Los Angeles County,California,Lancaster,67523.0,12492.0,58740.0,18929.0,67565.0,20028.0,,,82175.0,34710.0,,,55351.0,43084.0,79128.0,48244.0,70642.0,5940.0,43879.0,18507.0,$67523,$12492,$58740,$18929,$67565,$20028,,,$82175,$34710,,,$55351,$43084,$79128,$48244,$70642,$5940,$43879,$18507
2022,6037900704,Census Tract 9007.04,Lancaster,Los Angeles County,California,Lancaster,56214.0,15317.0,64087.0,17982.0,48347.0,27259.0,,,,,,,81281.0,26967.0,55859.0,11232.0,63640.0,19787.0,64410.0,26252.0,$56214,$15317,$64087,$17982,$48347,$27259,,,,,,,$81281,$26967,$55859,$11232,$63640,$19787,$64410,$26252
2022,6037900705,Census Tract 9007.05,Lancaster,Los Angeles County,California,Lancaster,60291.0,9552.0,61204.0,14913.0,59670.0,59456.0,,,111582.0,9439.0,,,29019.0,25439.0,,,62993.0,18030.0,40057.0,18575.0,$60291,$9552,$61204,$14913,$59670,$59456,,,$111582,$9439,,,$29019,$25439,,,$62993,$18030,$40057,$18575
2022,6037900804,Census Tract 9008.04,Lancaster,Los Angeles County,California,Lancaster,51750.0,13031.0,76369.0,18685.0,,,,,,,,,75544.0,45201.0,46122.0,11847.0,86640.0,22876.0,49477.0,20619.0,$51750,$13031,$76369,$18685,,,,,,,,,$75544,$45201,$46122,$11847,$86640,$22876,$49477,$20619
2022,6037900805,Census Tract 9008.05,Lancaster,Los Angeles County,California,Lancaster,97192.0,15477.0,69051.0,24253.0,158178.0,146193.0,143359.0,114597.0,110695.0,86332.0,,,129782.0,39088.0,89499.0,66842.0,68175.0,27091.0,101122.0,12571.0,$97192,$15477,$69051,$24253,$158178,$146193,$143359,$114597,$110695,$86332,,,$129782,$39088,$89499,$66842,$68175,$27091,$101122,$12571
2022,6037900806,Census Tract 9008.06,Lancaster,Los Angeles County,California,Lancaster,26262.0,5315.0,25112.0,8851.0,17945.0,9536.0,,,94233.0,68443.0,,,32378.0,14025.0,,,22628.0,8739.0,42888.0,24000.0,$26262,$5315,$25112,$8851,$17945,$9536,,,$94233,$68443,,,$32378,$14025,,,$22628,$8739,$42888,$24000
2022,6037900807,Census Tract 9008.07,Lancaster,Los Angeles County,California,Lancaster,80730.0,21627.0,74862.0,22154.0,94950.0,42294.0,,,,,,,,,,,81996.0,47257.0,65316.0,39846.0,$80730,$21627,$74862,$22154,$94950,$42294,,,,,,,,,,,$81996,$47257,$65316,$39846
2022,6037900808,Census Tract 9008.08,Lancaster,Los Angeles County,California,Lancaster,72252.0,30412.0,58664.0,20056.0,,,,,,,,,63054.0,37183.0,89070.0,17581.0,94862.0,45844.0,62468.0,48866.0,$72252,$30412,$58664,$20056,,,,,,,,,$63054,$37183,$89070,$17581,$94862,$45844,$62468,$48866
2022,6037900901,Census Tract 9009.01,Lancaster,Los Angeles County,California,Lancaster,52890.0,21106.0,67986.0,35093.0,,,,,129769.0,103774.0,,,42719.0,31280.0,,,67832.0,27354.0,,,$52890,$21106,$67986,$35093,,,,,$129769,$103774,,,$42719,$31280,,,$67832,$27354,,
2022,6037900902,Census Tract 9009.02,Lancaster,Los Angeles County,California,Lancaster,62971.0,24701.0,56587.0,24232.0,,,,,,,,,75757.0,40781.0,71947.0,66059.0,58714.0,31009.0,71947.0,29514.0,$62971,$24701,$56587,$24232,,,,,,,,,$75757,$40781,$71947,$66059,$58714,$31009,$71947,$29514
2022,6037901003,Census Tract 9010.03,Lancaster,Los Angeles County,California,Lancaster,,,,,,,,,,,,,,,,,,,,,,,,,,,,,,,,,,,,,,,,
2022,6037901007,Census Tract 9010.07,Lancaster,Los Angeles County,California,Lancaster,103379.0,20959.0,105029.0,29709.0,,,,,,,,,74024.0,17953.0,116831.0,32248.0,93021.0,27420.0,104036.0,49530.0,$103379,$20959,$105029,$29709,,,,,,,,,$74024,$17953,$116831,$32248,$93021,$27420,$104036,$49530
2022,6037901008,Census Tract 9010.08,Lancaster,Los Angeles County,California,Lancaster,94824.0,19089.0,77619.0,38538.0,,,141044.0,92581.0,,,,,123977.0,85419.0,123523.0,62435.0,96801.0,26655.0,90609.0,61267.0,$94824,$19089,$77619,$38538,,,$141044,$92581,,,,,$123977,$85419,$123523,$62435,$96801,$26655,$90609,$61267
2022,6037901009,Census Tract 9010.09,Lancaster,Los Angeles County,California,Lancaster,100447.0,7466.0,115985.0,14903.0,99487.0,56236.0,,,144196.0,65541.0,,,72246.0,31624.0,98185.0,38881.0,116287.0,24396.0,96794.0,32677.0,$100447,$7466,$115985,$14903,$99487,$56236,,,$144196,$65541,,,$72246,$31624,$98185,$38881,$116287,$24396,$96794,$32677
2022,6037901010,Census Tract 9010.10,Lancaster,Los Angeles County,California,Lancaster,79384.0,9963.0,74572.0,17369.0,66753.0,33680.0,115582.0,63172.0,156469.0,74685.0,,,70319.0,16288.0,92347.0,45187.0,82895.0,17447.0,73689.0,21208.0,$79384,$9963,$74572,$17369,$66753,$33680,$115582,$63172,$156469,$74685,,,$70319,$16288,$92347,$45187,$82895,$17447,$73689,$21208
2022,6037901011,Census Tract 9010.11,Lancaster,Los Angeles County,California,Lancaster,88481.0,21170.0,90122.0,26597.0,132687.0,42889.0,,,77640.0,70273.0,,,,,84407.0,63373.0,89493.0,24931.0,76905.0,29298.0,$88481,$21170,$90122,$26597,$132687,$42889,,,$77640,$70273,,,,,$84407,$63373,$89493,$24931,$76905,$29298
2022,6037901012,Census Tract 9010.12,Lancaster,Los Angeles County,California,Lancaster,125255.0,14459.0,107822.0,17220.0,131647.0,19111.0,,,148226.0,53404.0,,,,,129184.0,48982.0,164491.0,68247.0,118892.0,13899.0,$125255,$14459,$107822,$17220,$131647,$19111,,,$148226,$53404,,,,,$129184,$48982,$164491,$68247,$118892,$13899
2022,6037901013,Census Tract 9010.13,Lancaster,Los Angeles County,California,Lancaster,132164.0,30132.0,177101.0,59482.0,,,,,180700.0,103679.0,,,40328.0,7520.0,89142.0,51308.0,177586.0,35545.0,79975.0,50939.0,$132164,$30132,$177101,$59482,,,,,$180700,$103679,,,$40328,$7520,$89142,$51308,$177586,$35545,$79975,$50939
2022,6037901014,Census Tract 9010.14,Lancaster,Los Angeles County,California,Lancaster,125522.0,29152.0,108424.0,32320.0,,,,,241866.0,144453.0,,,137330.0,64480.0,176059.0,53974.0,110895.0,55297.0,135391.0,32502.0,$125522,$29152,$108424,$32320,,,,,$241866,$144453,,,$137330,$64480,$176059,$53974,$110895,$55297,$135391,$32502
2022,6037901101,Census Tract 9011.01,Lancaster,Los Angeles County,California,Lancaster,96880.0,13482.0,97805.0,20464.0,73915.0,775.0,,,110450.0,50461.0,,,,,99337.0,26766.0,98095.0,36463.0,77225.0,40091.0,$96880,$13482,$97805,$20464,$73915,$775,,,$110450,$50461,,,,,$99337,$26766,$98095,$36463,$77225,$40091
2022,6037901102,Census Tract 9011.02,Lancaster,Los Angeles County,California,Lancaster,98749.0,17282.0,91872.0,28016.0,71615.0,56462.0,,,,,,,201683.0,57794.0,105576.0,11052.0,97656.0,29694.0,104772.0,54005.0,$98749,$17282,$91872,$28016,$71615,$56462,,,,,,,$201683,$57794,$105576,$11052,$97656,$29694,$104772,$54005
2022,6037901214,Census Tract 9012.14,Lancaster,Los Angeles County,California,Lancaster,112223.0,18684.0,110366.0,16505.0,,,,,140852.0,60024.0,,,112945.0,79359.0,119292.0,45089.0,111385.0,26447.0,118000.0,43460.0,$112223,$18684,$110366,$16505,,,,,$140852,$60024,,,$112945,$79359,$119292,$45089,$111385,$26447,$118000,$43460
2022,6037901215,Census Tract 9012.15,Lancaster,Los Angeles County,California,Lancaster,57700.0,29304.0,66435.0,19295.0,,,,,84491.0,77669.0,,,,,,,57254.0,37667.0,78323.0,25306.0,$57700,$29304,$66435,$19295,,,,,$84491,$77669,,,,,,,$57254,$37667,$78323,$25306
2022,6037901216,Census Tract 9012.16,Lancaster,Los Angeles County,California,Lancaster,116850.0,19008.0,120460.0,81328.0,,,,,,,,,,,,,156001.0,60288.0,71830.0,55715.0,$116850,$19008,$120460,$81328,,,,,,,,,,,,,$156001,$60288,$71830,$55715
2022,6037901217,Census Tract 9012.17,Lancaster,Los Angeles County,California,Lancaster,123560.0,25195.0,113712.0,24497.0,,,,,,,,,,,,,113470.0,26797.0,141653.0,90292.0,$123560,$25195,$113712,$24497,,,,,,,,,,,,,$113470,$26797,$141653,$90292
2022,6037901300,Census Tract 9013,Lancaster,Los Angeles County,California,Lancaster,72868.0,22430.0,73083.0,19662.0,,,,,,,,,,,85463.0,23366.0,74078.0,19611.0,66919.0,47076.0,$72868,$22430,$73083,$19662,,,,,,,,,,,$85463,$23366,$74078,$19611,$66919,$47076
2022,6037910211,Census Tract 9102.11,Lancaster,Los Angeles County,California,Lancaster,240568.0,34760.0,244662.0,35440.0,,,,,,,,,,,,,239154.0,35294.0,,,$240568,$34760,$244662,$35440,,,,,,,,,,,,,$239154,$35294,,
2023,6037900301,Census Tract 9003.01,Lancaster,Los Angeles County,California,Lancaster,84579.0,26808.0,91560.0,21654.0,,,,,,,,,67482.0,42375.0,,,92297.0,60314.0,69054.0,32989.0,$84579,$26808,$91560,$21654,,,,,,,,,$67482,$42375,,,$92297,$60314,$69054,$32989
2023,6037900501,Census Tract 9005.01,Lancaster,Los Angeles County,California,Lancaster,84167.0,17354.0,103185.0,20676.0,53437.0,23592.0,,,,,,,61280.0,47374.0,97557.0,32184.0,91578.0,13559.0,96481.0,16228.0,$84167,$17354,$103185,$20676,$53437,$23592,,,,,,,$61280,$47374,$97557,$32184,$91578,$13559,$96481,$16228
2023,6037900504,Census Tract 9005.04,Lancaster,Los Angeles County,California,Lancaster,82390.0,19719.0,93139.0,15121.0,74012.0,35218.0,,,,,,,100656.0,83148.0,64916.0,26153.0,106419.0,29915.0,74153.0,22701.0,$82390,$19719,$93139,$15121,$74012,$35218,,,,,,,$100656,$83148,$64916,$26153,$106419,$29915,$74153,$22701
2023,6037900505,Census Tract 9005.05,Lancaster,Los Angeles County,California,Lancaster,83089.0,11923.0,77434.0,40298.0,89312.0,43920.0,119141.0,95449.0,,,,,54300.0,32962.0,95713.0,64193.0,78831.0,11977.0,63050.0,44886.0,$83089,$11923,$77434,$40298,$89312,$43920,$119141,$95449,,,,,$54300,$32962,$95713,$64193,$78831,$11977,$63050,$44886
2023,6037900506,Census Tract 9005.06,Lancaster,Los Angeles County,California,Lancaster,81676.0,16769.0,81309.0,32633.0,83894.0,41098.0,,,,,,,76928.0,7333.0,94253.0,49386.0,62906.0,56073.0,85518.0,37932.0,$81676,$16769,$81309,$32633,$83894,$41098,,,,,,,$76928,$7333,$94253,$49386,$62906,$56073,$85518,$37932
2023,6037900508,Census Tract 9005.08,Lancaster,Los Angeles County,California,Lancaster,98395.0,8228.0,99311.0,3468.0,94272.0,78995.0,,,104458.0,61630.0,,,44521.0,27126.0,128581.0,19973.0,101437.0,38874.0,84495.0,16709.0,$98395,$8228,$99311,$3468,$94272,$78995,,,$104458,$61630,,,$44521,$27126,$128581,$19973,$101437,$38874,$84495,$16709
2023,6037900509,Census Tract 9005.09,Lancaster,Los Angeles County,California,Lancaster,69874.0,13548.0,55697.0,24840.0,79257.0,20252.0,,,,,,,94608.0,62778.0,101651.0,57142.0,67482.0,41147.0,62130.0,23320.0,$69874,$13548,$55697,$24840,$79257,$20252,,,,,,,$94608,$62778,$101651,$57142,$67482,$41147,$62130,$23320
2023,6037900510,Census Tract 9005.10,Lancaster,Los Angeles County,California,Lancaster,50949.0,23969.0,31899.0,21252.0,55715.0,40197.0,,,,,,,,,,,,,,,$50949,$23969,$31899,$21252,$55715,$40197,,,,,,,,,,,,,,
2023,6037900602,Census Tract 9006.02,Lancaster,Los Angeles County,California,Lancaster,55243.0,3424.0,57527.0,1996.0,42809.0,5613.0,,,,,,,54472.0,15584.0,52567.0,18344.0,57111.0,1917.0,54933.0,5557.0,$55243,$3424,$57527,$1996,$42809,$5613,,,,,,,$54472,$15584,$52567,$18344,$57111,$1917,$54933,$5557
2023,6037900606,Census Tract 9006.06,Lancaster,Los Angeles County,California,Lancaster,48547.0,26944.0,48607.0,43575.0,41634.0,6575.0,,,,,,,69954.0,64733.0,79739.0,54172.0,,,70751.0,22138.0,$48547,$26944,$48607,$43575,$41634,$6575,,,,,,,$69954,$64733,$79739,$54172,,,$70751,$22138
2023,6037900607,Census Tract 9006.07,Lancaster,Los Angeles County,California,Lancaster,74803.0,5411.0,80921.0,38748.0,29981.0,12242.0,,,,,,,65480.0,15167.0,110401.0,74429.0,77084.0,42011.0,78633.0,38517.0,$74803,$5411,$80921,$38748,$29981,$12242,,,,,,,$65480,$15167,$110401,$74429,$77084,$42011,$78633,$38517
2023,6037900608,Census Tract 9006.08,Lancaster,Los Angeles County,California,Lancaster,78459.0,13272.0,79277.0,25249.0,,,,,,,,,79235.0,26977.0,,,66652.0,56922.0,79216.0,26892.0,$78459,$13272,$79277,$25249,,,,,,,,,$79235,$26977,,,$66652,$56922,$79216,$26892
2023,6037900609,Census Tract 9006.09,Lancaster,Los Angeles County,California,Lancaster,73343.0,38023.0,84105.0,31825.0,91376.0,48038.0,,,14476.0,13408.0,,,86854.0,22928.0,44928.0,24729.0,85174.0,24044.0,,,$73343,$38023,$84105,$31825,$91376,$48038,,,$14476,$13408,,,$86854,$22928,$44928,$24729,$85174,$24044,,
2023,6037900610,Census Tract 9006.10,Lancaster,Los Angeles County,California,Lancaster,33338.0,14196.0,30006.0,1124.0,44311.0,1585.0,,,,,,,72284.0,39909.0,,,28583.0,13893.0,41639.0,20988.0,$33338,$14196,$30006,$1124,$44311,$1585,,,,,,,$72284,$39909,,,$28583,$13893,$41639,$20988
2023,6037900611,Census Tract 9006.11,Lancaster,Los Angeles County,California,Lancaster,95669.0,24404.0,87330.0,70986.0,95456.0,74999.0,,,,,,,103666.0,25971.0,106601.0,71238.0,130989.0,95580.0,105551.0,32222.0,$95669,$24404,$87330,$70986,$95456,$74999,,,,,,,$103666,$25971,$106601,$71238,$130989,$95580,$105551,$32222
2023,6037900701,Census Tract 9007.01,Lancaster,Los Angeles County,California,Lancaster,58920.0,8427.0,61224.0,23184.0,37936.0,15773.0,,,,,,,92149.0,10140.0,60391.0,14212.0,73937.0,19674.0,61368.0,8243.0,$58920,$8427,$61224,$23184,$37936,$15773,,,,,,,$92149,$10140,$60391,$14212,$73937,$19674,$61368,$8243
2023,6037900703,Census Tract 9007.03,Lancaster,Los Angeles County,California,Lancaster,66589.0,14807.0,65623.0,20558.0,67993.0,17817.0,,,,,,,54186.0,31753.0,,,74171.0,9097.0,41150.0,17039.0,$66589,$14807,$65623,$20558,$67993,$17817,,,,,,,$54186,$31753,,,$74171,$9097,$41150,$17039
2023,6037900704,Census Tract 9007.04,Lancaster,Los Angeles County,California,Lancaster,67652.0,15900.0,62293.0,25911.0,86533.0,49729.0,,,56230.0,35658.0,,,74773.0,37996.0,56512.0,27816.0,51235.0,36475.0,68733.0,20969.0,$67652,$15900,$62293,$25911,$86533,$49729,,,$56230,$35658,,,$74773,$37996,$56512,$27816,$51235,$36475,$68733,$20969
2023,6037900705,Census Tract 9007.05,Lancaster,Los Angeles County,California,Lancaster,53266.0,20124.0,52797.0,28944.0,57342.0,23717.0,,,112467.0,3103.0,,,,,,,53368.0,38740.0,28251.0,17467.0,$53266,$20124,$52797,$28944,$57342,$23717,,,$112467,$3103,,,,,,,$53368,$38740,$28251,$17467
2023,6037900804,Census Tract 9008.04,Lancaster,Los Angeles County,California,Lancaster,47659.0,5079.0,58832.0,29578.0,21841.0,15406.0,,,,,,,51126.0,15313.0,46073.0,3458.0,93996.0,19846.0,48244.0,2512.0,$47659,$5079,$58832,$29578,$21841,$15406,,,,,,,$51126,$15313,$46073,$3458,$93996,$19846,$48244,$2512
2023,6037900805,Census Tract 9008.05,Lancaster,Los Angeles County,California,Lancaster,97330.0,11859.0,84986.0,30661.0,157458.0,100577.0,173494.0,92448.0,76901.0,61140.0,,,138895.0,13807.0,90347.0,29476.0,95218.0,26581.0,84474.0,27113.0,$97330,$11859,$84986,$30661,$157458,$100577,$173494,$92448,$76901,$61140,,,$138895,$13807,$90347,$29476,$95218,$26581,$84474,$27113
2023,6037900806,Census Tract 9008.06,Lancaster,Los Angeles County,California,Lancaster,26213.0,6532.0,22276.0,3685.0,15251.0,10589.0,,,93077.0,51411.0,,,,,44491.0,25000.0,21338.0,5100.0,44293.0,17583.0,$26213,$6532,$22276,$3685,$15251,$10589,,,$93077,$51411,,,,,$44491,$25000,$21338,$5100,$44293,$17583
2023,6037900807,Census Tract 9008.07,Lancaster,Los Angeles County,California,Lancaster,81632.0,37011.0,80144.0,14394.0,111945.0,36044.0,,,,,,,47856.0,43068.0,,,80022.0,14912.0,72293.0,27096.0,$81632,$37011,$80144,$14394,$111945,$36044,,,,,,,$47856,$43068,,,$80022,$14912,$72293,$27096
2023,6037900808,Census Tract 9008.08,Lancaster,Los Angeles County,California,Lancaster,66519.0,15520.0,48783.0,35314.0,,,,,,,,,62591.0,34871.0,87726.0,26790.0,81836.0,57732.0,63878.0,27035.0,$66519,$15520,$48783,$35314,,,,,,,,,$62591,$34871,$87726,$26790,$81836,$57732,$63878,$27035
2023,6037900901,Census Tract 9009.01,Lancaster,Los Angeles County,California,Lancaster,51993.0,18000.0,53073.0,14349.0,29423.0,26058.0,,,131062.0,59998.0,,,43396.0,41163.0,117048.0,9229.0,67410.0,35341.0,42217.0,2104.0,$51993,$18000,$53073,$14349,$29423,$26058,,,$131062,$59998,,,$43396,$41163,$117048,$9229,$67410,$35341,$42217,$2104
2023,6037900902,Census Tract 9009.02,Lancaster,Los Angeles County,California,Lancaster,70282.0,22778.0,69619.0,29612.0,,,,,,,,,75488.0,61075.0,71928.0,55716.0,71447.0,24655.0,71671.0,28664.0,$70282,$22778,$69619,$29612,,,,,,,,,$75488,$61075,$71928,$55716,$71447,$24655,$71671,$28664
2023,6037901003,Census Tract 9010.03,Lancaster,Los Angeles County,California,Lancaster,,,,,,,,,,,,,,,,,,,,,,,,,,,,,,,,,,,,,,,,
2023,6037901007,Census Tract 9010.07,Lancaster,Los Angeles County,California,Lancaster,86328.0,43719.0,100687.0,46314.0,,,,,,,,,82902.0,26771.0,81064.0,48686.0,88784.0,45932.0,75317.0,45484.0,$86328,$43719,$100687,$46314,,,,,,,,,$82902,$26771,$81064,$48686,$88784,$45932,$75317,$45484
2023,6037901008,Census Tract 9010.08,Lancaster,Los Angeles County,California,Lancaster,100661.0,17859.0,79282.0,27348.0,95825.0,71555.0,140396.0,104597.0,192923.0,86427.0,,,155216.0,56928.0,103406.0,53223.0,79678.0,26065.0,115162.0,35642.0,$100661,$17859,$79282,$27348,$95825,$71555,$140396,$104597,$192923,$86427,,,$155216,$56928,$103406,$53223,$79678,$26065,$115162,$35642
2023,6037901009,Census Tract 9010.09,Lancaster,Los Angeles County,California,Lancaster,97376.0,14589.0,106555.0,23344.0,73901.0,53744.0,,,,,,,,,95995.0,28071.0,99078.0,26368.0,117395.0,41426.0,$97376,$14589,$106555,$23344,$73901,$53744,,,,,,,,,$95995,$28071,$99078,$26368,$117395,$41426
2023,6037901010,Census Tract 9010.10,Lancaster,Los Angeles County,California,Lancaster,73656.0,17024.0,73482.0,20984.0,66559.0,42516.0,110658.0,41551.0,156747.0,86904.0,,,,,90248.0,75016.0,83788.0,24371.0,67932.0,24201.0,$73656,$17024,$73482,$20984,$66559,$42516,$110658,$41551,$156747,$86904,,,,,$90248,$75016,$83788,$24371,$67932,$24201
2023,6037901011,Census Tract 9010.11,Lancaster,Los Angeles County,California,Lancaster,96694.0,34938.0,87158.0,18321.0,132873.0,18274.0,,,117160.0,32352.0,,,,,80767.0,57080.0,86623.0,14023.0,82689.0,78664.0,$96694,$34938,$87158,$18321,$132873,$18274,,,$117160,$32352,,,,,$80767,$57080,$86623,$14023,$82689,$78664
2023,6037901012,Census Tract 9010.12,Lancaster,Los Angeles County,California,Lancaster,137847.0,18293.0,153621.0,59999.0,131447.0,89539.0,,,147539.0,40703.0,,,140163.0,58714.0,130139.0,66656.0,159257.0,65799.0,129427.0,28850.0,$137847,$18293,$153621,$59999,$131447,$89539,,,$147539,$40703,,,$140163,$58714,$130139,$66656,$159257,$65799,$129427,$28850
2023,6037901013,Census Tract 9010.13,Lancaster,Los Angeles County,California,Lancaster,132880.0,37659.0,150347.0,47155.0,93059.0,45941.0,,,179164.0,41787.0,,,41788.0,37947.0,89621.0,37960.0,175424.0,61223.0,79444.0,31292.0,$132880,$37659,$150347,$47155,$93059,$45941,,,$179164,$41787,,,$41788,$37947,$89621,$37960,$175424,$61223,$79444,$31292
2023,6037901014,Census Tract 9010.14,Lancaster,Los Angeles County,California,Lancaster,112864.0,19976.0,104611.0,28225.0,,,,,144446.0,68275.0,,,140097.0,12438.0,154550.0,83972.0,94761.0,32687.0,134060.0,34785.0,$112864,$19976,$104611,$28225,,,,,$144446,$68275,,,$140097,$12438,$154550,$83972,$94761,$32687,$134060,$34785
2023,6037901101,Census Tract 9011.01,Lancaster,Los Angeles County,California,Lancaster,104627.0,51032.0,153714.0,24951.0,73309.0,832.0,,,,,,,64015.0,46834.0,102697.0,22314.0,158808.0,14782.0,78563.0,39690.0,$104627,$51032,$153714,$24951,$73309,$832,,,,,,,$64015,$46834,$102697,$22314,$158808,$14782,$78563,$39690
2023,6037901102,Census Tract 9011.02,Lancaster,Los Angeles County,California,Lancaster,94103.0,21375.0,86620.0,32570.0,59144.0,43162.0,86444.0,52795.0,,,,,202327.0,12392.0,106204.0,28532.0,105340.0,26439.0,97791.0,39090.0,$94103,$21375,$86620,$32570,$59144,$43162,$86444,$52795,,,,,$202327,$12392,$106204,$28532,$105340,$26439,$97791,$39090
2023,6037901214,Census Tract 9012.14,Lancaster,Los Angeles County,California,Lancaster,112675.0,18323.0,111746.0,28248.0,,,,,,,,,109758.0,63477.0,119039.0,39585.0,112303.0,31571.0,118653.0,35881.0,$112675,$18323,$111746,$28248,,,,,,,,,$109758,$63477,$119039,$39585,$112303,$31571,$118653,$35881
2023,6037901215,Census Tract 9012.15,Lancaster,Los Angeles County,California,Lancaster,67494.0,21774.0,73290.0,22327.0,,,,,211626.0,192371.0,,,46708.0,28509.0,,,72486.0,47657.0,79927.0,29752.0,$67494,$21774,$73290,$22327,,,,,$211626,$192371,,,$46708,$28509,,,$72486,$47657,$79927,$29752
2023,6037901216,Census Tract 9012.16,Lancaster,Los Angeles County,California,Lancaster,117177.0,32538.0,120459.0,28701.0,,,,,,,,,,,,,130511.0,44949.0,74176.0,31881.0,$117177,$32538,$120459,$28701,,,,,,,,,,,,,$130511,$44949,$74176,$31881
2023,6037901217,Census Tract 9012.17,Lancaster,Los Angeles County,California,Lancaster,133468.0,24881.0,128351.0,29878.0,,,,,,,,,124812.0,122920.0,,,127065.0,29370.0,178534.0,106957.0,$133468,$24881,$128351,$29878,,,,,,,,,$124812,$122920,,,$127065,$29370,$178534,$106957
2023,6037901300,Census Tract 9013,Lancaster,Los Angeles County,California,Lancaster,65194.0,24684.0,73037.0,30432.0,,,,,,,,,,,,,73159.0,27364.0,66113.0,53655.0,$65194,$24684,$73037,$30432,,,,,,,,,,,,,$73159,$27364,$66113,$53655
2023,6037910211,Census Tract 9102.11,Lancaster,Los Angeles County,California,Lancaster,207913.0,28990.0,210747.0,44973.0,,,,,,,,,,,,,210747.0,44973.0,183472.0,36084.0,$207913,$28990,$210747,$44973,,,,,,,,,,,,,$210747,$44973,$183472,$36084
2024,6037900301,Census Tract 9003.01,Lancaster,Los Angeles County,California,Lancaster,92024.0,64995.0,120111.0,54533.0,,,,,,,,,67857.0,36586.0,127838.0,107061.0,100375.0,50490.0,67991.0,38336.0,$92024,$64995,$120111,$54533,,,,,,,,,$67857,$36586,$127838,$107061,$100375,$50490,$67991,$38336
2024,6037900501,Census Tract 9005.01,Lancaster,Los Angeles County,California,Lancaster,84149.0,21939.0,91447.0,7675.0,51952.0,37319.0,,,,,,,82910.0,26723.0,96477.0,26467.0,91151.0,13850.0,93750.0,19494.0,$84149,$21939,$91447,$7675,$51952,$37319,,,,,,,$82910,$26723,$96477,$26467,$91151,$13850,$93750,$19494
2024,6037900504,Census Tract 9005.04,Lancaster,Los Angeles County,California,Lancaster,90175.0,11805.0,89519.0,5993.0,98883.0,31026.0,,,,,,,101496.0,50615.0,65875.0,24153.0,90455.0,27872.0,75198.0,28469.0,$90175,$11805,$89519,$5993,$98883,$31026,,,,,,,$101496,$50615,$65875,$24153,$90455,$27872,$75198,$28469
2024,6037900505,Census Tract 9005.05,Lancaster,Los Angeles County,California,Lancaster,79432.0,19188.0,54875.0,12651.0,84022.0,39495.0,118382.0,116048.0,,,,,54350.0,45654.0,89444.0,28229.0,65375.0,37846.0,81250.0,40265.0,$79432,$19188,$54875,$12651,$84022,$39495,$118382,$116048,,,,,$54350,$45654,$89444,$28229,$65375,$37846,$81250,$40265
2024,6037900506,Census Tract 9005.06,Lancaster,Los Angeles County,California,Lancaster,91359.0,25607.0,93750.0,47656.0,90777.0,57488.0,,,,,,,77101.0,10647.0,95156.0,66908.0,91445.0,52496.0,95492.0,30410.0,$91359,$25607,$93750,$47656,$90777,$57488,,,,,,,$77101,$10647,$95156,$66908,$91445,$52496,$95492,$30410
2024,6037900508,Census Tract 9005.08,Lancaster,Los Angeles County,California,Lancaster,83508.0,9877.0,90694.0,29954.0,94659.0,51871.0,,,81397.0,15391.0,,,68698.0,18031.0,88417.0,55323.0,98375.0,24366.0,69089.0,20058.0,$83508,$9877,$90694,$29954,$94659,$51871,,,$81397,$15391,,,$68698,$18031,$88417,$55323,$98375,$24366,$69089,$20058
2024,6037900509,Census Tract 9005.09,Lancaster,Los Angeles County,California,Lancaster,70053.0,13113.0,69519.0,35195.0,75781.0,24917.0,,,,,,,77991.0,46568.0,,,69519.0,39318.0,62083.0,36190.0,$70053,$13113,$69519,$35195,$75781,$24917,,,,,,,$77991,$46568,,,$69519,$39318,$62083,$36190
2024,6037900510,Census Tract 9005.10,Lancaster,Los Angeles County,California,Lancaster,67632.0,41088.0,31175.0,20068.0,65547.0,61762.0,,,,,,,127589.0,42985.0,94315.0,37529.0,,,103323.0,28178.0,$67632,$41088,$31175,$20068,$65547,$61762,,,,,,,$127589,$42985,$94315,$37529,,,$103323,$28178
2024,6037900602,Census Tract 9006.02,Lancaster,Los Angeles County,California,Lancaster,55550.0,5542.0,56752.0,2142.0,40919.0,31598.0,,,,,,,56786.0,9410.0,53286.0,20523.0,56827.0,1734.0,53919.0,5302.0,$55550,$5542,$56752,$2142,$40919,$31598,,,,,,,$56786,$9410,$53286,$20523,$56827,$1734,$53919,$5302
2024,6037900606,Census Tract 9006.06,Lancaster,Los Angeles County,California,Lancaster,49507.0,18477.0,49668.0,26985.0,40224.0,11484.0,,,,,,,,,92963.0,43719.0,49673.0,35172.0,70577.0,22292.0,$49507,$18477,$49668,$26985,$40224,$11484,,,,,,,,,$92963,$43719,$49673,$35172,$70577,$22292
2024,6037900607,Census Tract 9006.07,Lancaster,Los Angeles County,California,Lancaster,74729.0,17038.0,79191.0,37306.0,33594.0,15652.0,,,,,,,66094.0,18515.0,108527.0,105104.0,77053.0,15652.0,74042.0,23425.0,$74729,$17038,$79191,$37306,$33594,$15652,,,,,,,$66094,$18515,$108527,$105104,$77053,$15652,$74042,$23425
2024,6037900608,Census Tract 9006.08,Lancaster,Los Angeles County,California,Lancaster,79486.0,19699.0,87875.0,28969.0,,,,,,,,,78622.0,16519.0,83922.0,65319.0,76339.0,49941.0,83448.0,22789.0,$79486,$19699,$87875,$28969,,,,,,,,,$78622,$16519,$83922,$65319,$76339,$49941,$83448,$22789
2024,6037900609,Census Tract 9006.09,Lancaster,Los Angeles County,California,Lancaster,72070.0,17899.0,84479.0,33657.0,91808.0,32231.0,,,,,,,72120.0,11727.0,46799.0,28271.0,100208.0,35130.0,70190.0,22533.0,$72070,$17899,$84479,$33657,$91808,$32231,,,,,,,$72120,$11727,$46799,$28271,$100208,$35130,$70190,$22533
2024,6037900610,Census Tract 9006.10,Lancaster,Los Angeles County,California,Lancaster,43352.0,6675.0,31705.0,23257.0,46944.0,17998.0,,,,,,,,,40223.0,29807.0,20461.0,17187.0,47411.0,18839.0,$43352,$6675,$31705,$23257,$46944,$17998,,,,,,,,,$40223,$29807,$20461,$17187,$47411,$18839
2024,6037900611,Census Tract 9006.11,Lancaster,Los Angeles County,California,Lancaster,98591.0,11350.0,111422.0,22803.0,97920.0,67853.0,,,82292.0,53794.0,,,104293.0,31387.0,105134.0,76804.0,110474.0,11421.0,106004.0,30594.0,$98591,$11350,$111422,$22803,$97920,$67853,,,$82292,$53794,,,$104293,$31387,$105134,$76804,$110474,$11421,$106004,$30594
2024,6037900701,Census Tract 9007.01,Lancaster,Los Angeles County,California,Lancaster,60250.0,10995.0,78971.0,17028.0,35313.0,17391.0,,,,,,,91106.0,19484.0,60647.0,12463.0,72917.0,36732.0,62951.0,5290.0,$60250,$10995,$78971,$17028,$35313,$17391,,,,,,,$91106,$19484,$60647,$12463,$72917,$36732,$62951,$5290
2024,6037900703,Census Tract 9007.03,Lancaster,Los Angeles County,California,Lancaster,59589.0,11349.0,66842.0,16436.0,59375.0,21490.0,,,,,,,46033.0,25201.0,26632.0,9661.0,80694.0,20218.0,40950.0,10763.0,$59589,$11349,$66842,$16436,$59375,$21490,,,,,,,$46033,$25201,$26632,$9661,$80694,$20218,$40950,$10763
2024,6037900704,Census Tract 9007.04,Lancaster,Los Angeles County,California,Lancaster,70469.0,11559.0,67734.0,27540.0,92609.0,14037.0,,,54792.0,40192.0,,,51553.0,20356.0,54909.0,29328.0,57037.0,31921.0,64342.0,25878.0,$70469,$11559,$67734,$27540,$92609,$14037,,,$54792,$40192,,,$51553,$20356,$54909,$29328,$57037,$31921,$64342,$25878
2024,6037900705,Census Tract 9007.05,Lancaster,Los Angeles County,California,Lancaster,47130.0,20261.0,46682.0,17068.0,41797.0,25560.0,,,111777.0,2039.0,,,,,,,47099.0,16888.0,37832.0,20546.0,$47130,$20261,$46682,$17068,$41797,$25560,,,$111777,$2039,,,,,,,$47099,$16888,$37832,$20546
2024,6037900804,Census Tract 9008.04,Lancaster,Los Angeles County,California,Lancaster,45391.0,5347.0,56964.0,28826.0,25865.0,5612.0,,,,,,,61375.0,25690.0,43237.0,20442.0,59750.0,49272.0,48625.0,10779.0,$45391,$5347,$56964,$28826,$25865,$5612,,,,,,,$61375,$25690,$43237,$20442,$59750,$49272,$48625,$10779
2024,6037900805,Census Tract 9008.05,Lancaster,Los Angeles County,California,Lancaster,98750.0,11208.0,97098.0,14187.0,158001.0,96052.0,110592.0,42000.0,,,,,101193.0,70183.0,84500.0,23404.0,98657.0,30268.0,91528.0,23519.0,$98750,$11208,$97098,$14187,$158001,$96052,$110592,$42000,,,,,$101193,$70183,$84500,$23404,$98657,$30268,$91528,$23519
2024,6037900806,Census Tract 9008.06,Lancaster,Los Angeles County,California,Lancaster,26735.0,13553.0,22681.0,5161.0,14984.0,13094.0,,,,,,,,,43877.0,17799.0,21875.0,6353.0,44977.0,23087.0,$26735,$13553,$22681,$5161,$14984,$13094,,,,,,,,,$43877,$17799,$21875,$6353,$44977,$23087
2024,6037900807,Census Tract 9008.07,Lancaster,Los Angeles County,California,Lancaster,76510.0,8760.0,73816.0,36789.0,77274.0,40894.0,,,,,,,80759.0,23627.0,,,73092.0,43810.0,80134.0,16906.0,$76510,$8760,$73816,$36789,$77274,$40894,,,,,,,$80759,$23627,,,$73092,$43810,$80134,$16906
2024,6037900808,Census Tract 9008.08,Lancaster,Los Angeles County,California,Lancaster,83297.0,9300.0,95215.0,75932.0,63500.0,56042.0,,,2499.0,,,,80700.0,38160.0,87907.0,10194.0,95581.0,38757.0,81953.0,21009.0,$83297,$9300,$95215,$75932,$63500,$56042,,,$2499,,,,$80700,$38160,$87907,$10194,$95581,$38757,$81953,$21009
2024,6037900901,Census Tract 9009.01,Lancaster,Los Angeles County,California,Lancaster,44747.0,18449.0,44924.0,22730.0,23875.0,13911.0,,,151250.0,50741.0,,,54620.0,53557.0,115039.0,70677.0,68964.0,30227.0,43542.0,5391.0,$44747,$18449,$44924,$22730,$23875,$13911,,,$151250,$50741,,,$54620,$53557,$115039,$70677,$68964,$30227,$43542,$5391
2024,6037900902,Census Tract 9009.02,Lancaster,Los Angeles County,California,Lancaster,72393.0,20099.0,78958.0,22723.0,,,,,,,,,,,71719.0,56235.0,78958.0,25636.0,76250.0,22880.0,$72393,$20099,$78958,$22723,,,,,,,,,,,$71719,$56235,$78958,$25636,$76250,$22880
2024,6037901003,Census Tract 9010.03,Lancaster,Los Angeles County,California,Lancaster,,,,,,,,,,,,,,,,,,,,,,,,,,,,,,,,,,,,,,,,
2024,6037901007,Census Tract 9010.07,Lancaster,Los Angeles County,California,Lancaster,89063.0,24528.0,106875.0,58299.0,69258.0,8732.0,,,,,,,61458.0,26050.0,102700.0,42312.0,96250.0,73837.0,76333.0,37031.0,$89063,$24528,$106875,$58299,$69258,$8732,,,,,,,$61458,$26050,$102700,$42312,$96250,$73837,$76333,$37031
2024,6037901008,Census Tract 9010.08,Lancaster,Los Angeles County,California,Lancaster,126906.0,22172.0,115750.0,94718.0,,,,,,,,,129250.0,46074.0,104286.0,49639.0,115875.0,99743.0,126500.0,8193.0,$126906,$22172,$115750,$94718,,,,,,,,,$129250,$46074,$104286,$49639,$115875,$99743,$126500,$8193
2024,6037901009,Census Tract 9010.09,Lancaster,Los Angeles County,California,Lancaster,99801.0,12872.0,123523.0,36318.0,,,,,,,,,80884.0,60190.0,96223.0,31398.0,107378.0,46843.0,96272.0,30961.0,$99801,$12872,$123523,$36318,,,,,,,,,$80884,$60190,$96223,$31398,$107378,$46843,$96272,$30961
2024,6037901010,Census Tract 9010.10,Lancaster,Los Angeles County,California,Lancaster,87232.0,17963.0,99325.0,38110.0,66743.0,14908.0,115099.0,58845.0,189375.0,168063.0,,,,,91958.0,55510.0,99175.0,36958.0,87202.0,42096.0,$87232,$17963,$99325,$38110,$66743,$14908,$115099,$58845,$189375,$168063,,,,,$91958,$55510,$99175,$36958,$87202,$42096
2024,6037901011,Census Tract 9010.11,Lancaster,Los Angeles County,California,Lancaster,86573.0,7993.0,82151.0,9904.0,122656.0,21701.0,,,96413.0,37856.0,,,,,80577.0,73070.0,81434.0,9740.0,82614.0,43237.0,$86573,$7993,$82151,$9904,$122656,$21701,,,$96413,$37856,,,,,$80577,$73070,$81434,$9740,$82614,$43237
2024,6037901012,Census Tract 9010.12,Lancaster,Los Angeles County,California,Lancaster,131250.0,18046.0,152644.0,93190.0,118639.0,33052.0,,,124958.0,54483.0,,,138692.0,21984.0,131260.0,70079.0,168977.0,59633.0,130847.0,17852.0,$131250,$18046,$152644,$93190,$118639,$33052,,,$124958,$54483,,,$138692,$21984,$131260,$70079,$168977,$59633,$130847,$17852
2024,6037901013,Census Tract 9010.13,Lancaster,Los Angeles County,California,Lancaster,125929.0,38491.0,150889.0,70004.0,152539.0,130903.0,,,177264.0,145357.0,,,,,115403.0,51451.0,175049.0,87257.0,117298.0,24468.0,$125929,$38491,$150889,$70004,$152539,$130903,,,$177264,$145357,,,,,$115403,$51451,$175049,$87257,$117298,$24468
2024,6037901014,Census Tract 9010.14,Lancaster,Los Angeles County,California,Lancaster,116615.0,26525.0,108152.0,23266.0,,,,,143092.0,29388.0,,,137759.0,119192.0,161295.0,14458.0,99844.0,37275.0,138246.0,41765.0,$116615,$26525,$108152,$23266,,,,,$143092,$29388,,,$137759,$119192,$161295,$14458,$99844,$37275,$138246,$41765
2024,6037901101,Census Tract 9011.01,Lancaster,Los Angeles County,California,Lancaster,103125.0,23853.0,124511.0,60455.0,,,,,161389.0,147770.0,,,75394.0,12988.0,101786.0,20189.0,147700.0,77875.0,76551.0,16097.0,$103125,$23853,$124511,$60455,,,,,$161389,$147770,,,$75394,$12988,$101786,$20189,$147700,$77875,$76551,$16097
2024,6037901102,Census Tract 9011.02,Lancaster,Los Angeles County,California,Lancaster,99420.0,23742.0,98259.0,37036.0,56830.0,30105.0,85987.0,24935.0,,,,,201114.0,71947.0,106697.0,3790.0,99330.0,34498.0,106500.0,13237.0,$99420,$23742,$98259,$37036,$56830,$30105,$85987,$24935,,,,,$201114,$71947,$106697,$3790,$99330,$34498,$106500,$13237
2024,6037901214,Census Tract 9012.14,Lancaster,Los Angeles County,California,Lancaster,119641.0,19930.0,120868.0,32760.0,,,,,,,,,137583.0,36794.0,117781.0,54554.0,112410.0,32335.0,138000.0,32529.0,$119641,$19930,$120868,$32760,,,,,,,,,$137583,$36794,$117781,$54554,$112410,$32335,$138000,$32529
2024,6037901215,Census Tract 9012.15,Lancaster,Los Angeles County,California,Lancaster,62121.0,18038.0,62337.0,18325.0,,,,,,,,,,,,,72645.0,35233.0,65987.0,36702.0,$62121,$18038,$62337,$18325,,,,,,,,,,,,,$72645,$35233,$65987,$36702
2024,6037901216,Census Tract 9012.16,Lancaster,Los Angeles County,California,Lancaster,143939.0,24301.0,148363.0,16894.0,153864.0,148039.0,,,,,,,168958.0,88507.0,,,149167.0,20420.0,114688.0,106077.0,$143939,$24301,$148363,$16894,$153864,$148039,,,,,,,$168958,$88507,,,$149167,$20420,$114688,$106077
2024,6037901217,Census Tract 9012.17,Lancaster,Los Angeles County,California,Lancaster,126250.0,39023.0,126827.0,39514.0,,,,,,,,,,,,,132083.0,39674.0,122768.0,102281.0,$126250,$39023,$126827,$39514,,,,,,,,,,,,,$132083,$39674,$122768,$102281
2024,6037901300,Census Tract 9013,Lancaster,Los Angeles County,California,Lancaster,65398.0,36784.0,65893.0,27765.0,,,,,,,,,,,,,72619.0,27623.0,,,$65398,$36784,$65893,$27765,,,,,,,,,,,,,$72619,$27623,,
2024,6037910211,Census Tract 9102.11,Lancaster,Los Angeles County,California,Lancaster,208125.0,28849.0,211442.0,56836.0,,,,,,,,,,,178833.0,92979.0,211442.0,56836.0,183750.0,79715.0,$208125,$28849,$211442,$56836,,,,,,,,,,,$178833,$92979,$211442,$56836,$183750,$79715
