YEAR,GEO_ID,TRACT,CITY,COUNTY,STATE,ABBREV_NAME,B19013_001E,B19013_001M,B19013A_001E,B19013A_001M,B19013B_001E,B19013B_001M,B19013C_001E,B19013C_001M,B19013D_001E,B19013D_001M,B19013E_001E,B19013E_001M,B19013F_001E,B19013F_001M,B19013G_001E,B19013G_001M,B19013H_001E,B19013H_001M,B19013I_001E,B19013I_001M,B19013_001E_string,B19013_001M_string,B19013A_001E_string,B19013A_001M_string,B19013B_001E_string,B19013B_001M_string,B19013C_001E_string,B19013C_001M_string,B19013D_001E_string,B19013D_001M_string,B19013E_001E_string,B19013E_001M_string,B19013F_001E_string,B19013F_001M_string,B19013G_001E_string,B19013G_001M_string,B19013H_001E_string,B19013H_001M_string,B19013I_001E_string,B19013I_001M_string
2010,6037542402,Census Tract 5424.02,Long Beach,Los Angeles County,California,LongBeach,67598.0,14961.0,57978.0,28878.0,94521.0,37856.0,,,,,56041.0,171347.0,65230.0,57169.0,,,,,59269.0,27600.0,$67598,$14961,$57978,$28878,$94521,$37856,,,,,$56041,$171347,$65230,$57169,,,,,$59269,$27600
2010,6037543305,Census Tract 5433.05,Long Beach,Los Angeles County,California,LongBeach,81658.0,17655.0,64387.0,25164.0,107075.0,62260.0,,,135433.0,123436.0,,,64809.0,81989.0,,,60260.0,19204.0,89786.0,37048.0,$81658,$17655,$64387,$25164,$107075,$62260,,,$135433,$123436,,,$64809,$81989,,,$60260,$19204,$89786,$37048
2010,6037544001,Census Tract 5440.01,Long Beach,Los Angeles County,California,LongBeach,75315.0,10252.0,72052.0,18367.0,89253.0,7922.0,,,91690.0,31390.0,,,63924.0,20117.0,14349.0,32591.0,95396.0,118074.0,69643.0,12595.0,$75315,$10252,$72052,$18367,$89253,$7922,,,$91690,$31390,,,$63924,$20117,$14349,$32591,$95396,$118074,$69643,$12595
2010,6037544002,Census Tract 5440.02,Long Beach,Los Angeles County,California,LongBeach,107328.0,36372.0,85430.0,64909.0,106860.0,247646.0,,,120217.0,61084.0,,,102290.0,100476.0,,,67942.0,64078.0,121286.0,70351.0,$107328,$36372,$85430,$64909,$106860,$247646,,,$120217,$61084,,,$102290,$100476,,,$67942,$64078,$121286,$70351
2010,6037555202,Census Tract 5552.02,Long Beach,Los Angeles County,California,LongBeach,141993.0,24275.0,153522.0,19523.0,133456.0,355076.0,,,135026.0,24197.0,,,124436.0,177403.0,,,154125.0,19348.0,123801.0,63913.0,$141993,$24275,$153522,$19523,$133456,$355076,,,$135026,$24197,,,$124436,$177403,,,$154125,$19348,$123801,$63913
2010,6037555211,Census Tract 5552.11,Long Beach,Los Angeles County,California,LongBeach,72959.0,19728.0,58583.0,17421.0,94969.0,77111.0,,,73310.0,23698.0,,,73769.0,27522.0,99428.0,38215.0,49864.0,27485.0,73193.0,25247.0,$72959,$19728,$58583,$17421,$94969,$77111,,,$73310,$23698,,,$73769,$27522,$99428,$38215,$49864,$27485,$73193,$25247
2010,6037570100,Census Tract 5701,Long Beach,Los Angeles County,California,LongBeach,109310.0,32634.0,111901.0,50404.0,73640.0,50558.0,,,107863.0,259303.0,139659.0,35787.0,76949.0,79746.0,,,82555.0,41601.0,110475.0,83399.0,$109310,$32634,$111901,$50404,$73640,$50558,,,$107863,$259303,$139659,$35787,$76949,$79746,,,$82555,$41601,$110475,$83399
2010,6037570202,Census Tract 5702.02,Long Beach,Los Angeles County,California,LongBeach,81888.0,12974.0,85294.0,19575.0,72887.0,69408.0,,,89907.0,37665.0,,,87476.0,21501.0,48207.0,33525.0,85869.0,26787.0,75188.0,21997.0,$81888,$12974,$85294,$19575,$72887,$69408,,,$89907,$37665,,,$87476,$21501,$48207,$33525,$85869,$26787,$75188,$21997
2010,6037570203,Census Tract 5702.03,Long Beach,Los Angeles County,California,LongBeach,49955.0,11619.0,57278.0,11072.0,28389.0,17196.0,,,64980.0,89084.0,145187.0,183712.0,73106.0,19632.0,31033.0,132854.0,61749.0,27714.0,65287.0,11191.0,$49955,$11619,$57278,$11072,$28389,$17196,,,$64980,$89084,$145187,$183712,$73106,$19632,$31033,$132854,$61749,$27714,$65287,$11191
2010,6037570204,Census Tract 5702.04,Long Beach,Los Angeles County,California,LongBeach,59040.0,4625.0,64237.0,30157.0,58670.0,22036.0,,,66312.0,53504.0,,,48720.0,28329.0,39113.0,37236.0,71046.0,55542.0,62307.0,14594.0,$59040,$4625,$64237,$30157,$58670,$22036,,,$66312,$53504,,,$48720,$28329,$39113,$37236,$71046,$55542,$62307,$14594
2010,6037570301,Census Tract 5703.01,Long Beach,Los Angeles County,California,LongBeach,56586.0,7163.0,70797.0,19133.0,59534.0,15203.0,,,37898.0,29085.0,173095.0,52606.0,52916.0,5368.0,21884.0,6911.0,84484.0,63423.0,54582.0,7789.0,$56586,$7163,$70797,$19133,$59534,$15203,,,$37898,$29085,$173095,$52606,$52916,$5368,$21884,$6911,$84484,$63423,$54582,$7789
2010,6037570303,Census Tract 5703.03,Long Beach,Los Angeles County,California,LongBeach,72188.0,8190.0,67663.0,29969.0,71641.0,16792.0,,,152355.0,225292.0,,,74894.0,27699.0,73608.0,1513.0,83301.0,35696.0,64678.0,17783.0,$72188,$8190,$67663,$29969,$71641,$16792,,,$152355,$225292,,,$74894,$27699,$73608,$1513,$83301,$35696,$64678,$17783
2010,6037570304,Census Tract 5703.04,Long Beach,Los Angeles County,California,LongBeach,53306.0,12612.0,42483.0,17097.0,46729.0,18250.0,,,53230.0,71135.0,,,63047.0,14835.0,28081.0,201409.0,35704.0,16162.0,63385.0,17546.0,$53306,$12612,$42483,$17097,$46729,$18250,,,$53230,$71135,,,$63047,$14835,$28081,$201409,$35704,$16162,$63385,$17546
2010,6037570402,Census Tract 5704.02,Long Beach,Los Angeles County,California,LongBeach,85527.0,24298.0,73297.0,12929.0,107020.0,33707.0,,,148713.0,21810.0,,,76297.0,47393.0,,,84320.0,28326.0,68298.0,15958.0,$85527,$24298,$73297,$12929,$107020,$33707,,,$148713,$21810,,,$76297,$47393,,,$84320,$28326,$68298,$15958
2010,6037570403,Census Tract 5704.03,Long Beach,Los Angeles County,California,LongBeach,48930.0,23137.0,38038.0,15571.0,92240.0,5120.0,,,,,,,41190.0,16316.0,,,,,40412.0,7661.0,$48930,$23137,$38038,$15571,$92240,$5120,,,,,,,$41190,$16316,,,,,$40412,$7661
2010,6037570404,Census Tract 5704.04,Long Beach,Los Angeles County,California,LongBeach,76022.0,19079.0,72631.0,20218.0,114175.0,80549.0,,,174322.0,230063.0,,,87777.0,68434.0,,,92735.0,7943.0,63745.0,20675.0,$76022,$19079,$72631,$20218,$114175,$80549,,,$174322,$230063,,,$87777,$68434,,,$92735,$7943,$63745,$20675
2010,6037570501,Census Tract 5705.01,Long Beach,Los Angeles County,California,LongBeach,88943.0,17282.0,95361.0,50151.0,100332.0,58646.0,,,53967.0,38167.0,,,88648.0,21790.0,134951.0,97072.0,112470.0,54308.0,87911.0,24069.0,$88943,$17282,$95361,$50151,$100332,$58646,,,$53967,$38167,,,$88648,$21790,$134951,$97072,$112470,$54308,$87911,$24069
2010,6037570502,Census Tract 5705.02,Long Beach,Los Angeles County,California,LongBeach,76924.0,5227.0,85930.0,17653.0,67792.0,15629.0,21090.0,31481.0,79542.0,13590.0,,,65358.0,8834.0,87376.0,22220.0,91672.0,24710.0,66192.0,15237.0,$76924,$5227,$85930,$17653,$67792,$15629,$21090,$31481,$79542,$13590,,,$65358,$8834,$87376,$22220,$91672,$24710,$66192,$15237
2010,6037570601,Census Tract 5706.01,Long Beach,Los Angeles County,California,LongBeach,64973.0,12973.0,66701.0,15596.0,60315.0,42089.0,,,70027.0,43766.0,,,63272.0,46393.0,,,83519.0,37537.0,57505.0,16115.0,$64973,$12973,$66701,$15596,$60315,$42089,,,$70027,$43766,,,$63272,$46393,,,$83519,$37537,$57505,$16115
2010,6037570602,Census Tract 5706.02,Long Beach,Los Angeles County,California,LongBeach,76692.0,19499.0,76227.0,38060.0,49552.0,28088.0,,,56180.0,42564.0,,,114071.0,62098.0,53468.0,33999.0,70503.0,40449.0,88491.0,5807.0,$76692,$19499,$76227,$38060,$49552,$28088,,,$56180,$42564,,,$114071,$62098,$53468,$33999,$70503,$40449,$88491,$5807
2010,6037570603,Census Tract 5706.03,Long Beach,Los Angeles County,California,LongBeach,45515.0,9797.0,48525.0,10069.0,39112.0,8742.0,26273.0,12999.0,71923.0,51970.0,,,72161.0,20778.0,54032.0,49819.0,39149.0,18166.0,52275.0,29024.0,$45515,$9797,$48525,$10069,$39112,$8742,$26273,$12999,$71923,$51970,,,$72161,$20778,$54032,$49819,$39149,$18166,$52275,$29024
2010,6037571000,Census Tract 5710,Long Beach,Los Angeles County,California,LongBeach,117690.0,15071.0,109736.0,15263.0,161667.0,119505.0,138351.0,14380.0,141523.0,107200.0,,,157463.0,75451.0,77218.0,133499.0,110736.0,15745.0,116301.0,47291.0,$117690,$15071,$109736,$15263,$161667,$119505,$138351,$14380,$141523,$107200,,,$157463,$75451,$77218,$133499,$110736,$15745,$116301,$47291
2010,6037571200,Census Tract 5712,Long Beach,Los Angeles County,California,LongBeach,105454.0,14263.0,102579.0,17975.0,49864.0,123669.0,,,143944.0,65067.0,,,64739.0,117245.0,,,102348.0,21572.0,63988.0,79331.0,$105454,$14263,$102579,$17975,$49864,$123669,,,$143944,$65067,,,$64739,$117245,,,$102348,$21572,$63988,$79331
2010,6037571400,Census Tract 5714,Long Beach,Los Angeles County,California,LongBeach,136018.0,8009.0,130808.0,26498.0,182057.0,24594.0,,,142298.0,44600.0,,,135734.0,4224.0,224871.0,142246.0,131826.0,27909.0,133337.0,18950.0,$136018,$8009,$130808,$26498,$182057,$24594,,,$142298,$44600,,,$135734,$4224,$224871,$142246,$131826,$27909,$133337,$18950
2010,6037571502,Census Tract 5715.02,Long Beach,Los Angeles County,California,LongBeach,73780.0,9763.0,69699.0,10904.0,64461.0,51302.0,,,102930.0,56894.0,,,112493.0,67236.0,84008.0,59551.0,62955.0,13145.0,86981.0,23375.0,$73780,$9763,$69699,$10904,$64461,$51302,,,$102930,$56894,,,$112493,$67236,$84008,$59551,$62955,$13145,$86981,$23375
2010,6037571503,Census Tract 5715.03,Long Beach,Los Angeles County,California,LongBeach,89164.0,20327.0,87744.0,39005.0,63164.0,35788.0,,,127518.0,36702.0,,,35593.0,78632.0,,,81350.0,28138.0,77224.0,106557.0,$89164,$20327,$87744,$39005,$63164,$35788,,,$127518,$36702,,,$35593,$78632,,,$81350,$28138,$77224,$106557
2010,6037571504,Census Tract 5715.04,Long Beach,Los Angeles County,California,LongBeach,79697.0,17022.0,90888.0,33649.0,59995.0,37593.0,,,138270.0,98415.0,,,57091.0,16459.0,57564.0,51166.0,116902.0,51850.0,56994.0,24649.0,$79697,$17022,$90888,$33649,$59995,$37593,,,$138270,$98415,,,$57091,$16459,$57564,$51166,$116902,$51850,$56994,$24649
2010,6037571600,Census Tract 5716,Long Beach,Los Angeles County,California,LongBeach,26273.0,8420.0,17965.0,12148.0,34089.0,16315.0,,,14226.0,22651.0,,,17015.0,8255.0,42270.0,16068.0,29286.0,28592.0,17593.0,5198.0,$26273,$8420,$17965,$12148,$34089,$16315,,,$14226,$22651,,,$17015,$8255,$42270,$16068,$29286,$28592,$17593,$5198
2010,6037571701,Census Tract 5717.01,Long Beach,Los Angeles County,California,LongBeach,66532.0,7983.0,67053.0,19683.0,50690.0,45945.0,,,93219.0,55791.0,,,63906.0,10391.0,159157.0,134927.0,67053.0,42163.0,65044.0,18743.0,$66532,$7983,$67053,$19683,$50690,$45945,,,$93219,$55791,,,$63906,$10391,$159157,$134927,$67053,$42163,$65044,$18743
2010,6037571703,Census Tract 5717.03,Long Beach,Los Angeles County,California,LongBeach,48001.0,7980.0,42663.0,37704.0,45893.0,16697.0,,,61464.0,48988.0,46690.0,67196.0,69669.0,38370.0,,,29979.0,31510.0,70295.0,29390.0,$48001,$7980,$42663,$37704,$45893,$16697,,,$61464,$48988,$46690,$67196,$69669,$38370,,,$29979,$31510,$70295,$29390
2010,6037571704,Census Tract 5717.04,Long Beach,Los Angeles County,California,LongBeach,61386.0,28998.0,84144.0,50952.0,63930.0,61365.0,,,46328.0,30045.0,,,59872.0,21803.0,119213.0,10369.0,78961.0,30034.0,68908.0,31101.0,$61386,$28998,$84144,$50952,$63930,$61365,,,$46328,$30045,,,$59872,$21803,$119213,$10369,$78961,$30034,$68908,$31101
2010,6037571800,Census Tract 5718,Long Beach,Los Angeles County,California,LongBeach,147593.0,15754.0,163604.0,33467.0,314897.0,362491.0,,,145332.0,32076.0,,,81866.0,37755.0,,,163942.0,31533.0,81350.0,70845.0,$147593,$15754,$163604,$33467,$314897,$362491,,,$145332,$32076,,,$81866,$37755,,,$163942,$31533,$81350,$70845
2010,6037571900,Census Tract 5719,Long Beach,Los Angeles County,California,LongBeach,99675.0,18412.0,119845.0,40487.0,74897.0,64649.0,,,32068.0,65190.0,,,104944.0,18672.0,87009.0,18137.0,121971.0,46753.0,104016.0,14390.0,$99675,$18412,$119845,$40487,$74897,$64649,,,$32068,$65190,,,$104944,$18672,$87009,$18137,$121971,$46753,$104016,$14390
2010,6037572001,Census Tract 5720.01,Long Beach,Los Angeles County,California,LongBeach,104712.0,11996.0,104121.0,15421.0,94162.0,62323.0,279560.0,326653.0,121858.0,62621.0,,,113890.0,106254.0,,,104158.0,14293.0,138928.0,112734.0,$104712,$11996,$104121,$15421,$94162,$62323,$279560,$326653,$121858,$62621,,,$113890,$106254,,,$104158,$14293,$138928,$112734
2010,6037572002,Census Tract 5720.02,Long Beach,Los Angeles County,California,LongBeach,80374.0,5986.0,80826.0,20713.0,76830.0,25786.0,,,95236.0,18943.0,,,74214.0,37606.0,,,79733.0,17480.0,75783.0,40218.0,$80374,$5986,$80826,$20713,$76830,$25786,,,$95236,$18943,,,$74214,$37606,,,$79733,$17480,$75783,$40218
2010,6037572100,Census Tract 5721,Long Beach,Los Angeles County,California,LongBeach,106134.0,35648.0,103828.0,19823.0,121121.0,61829.0,,,136125.0,213910.0,,,,,3614.0,,64879.0,37126.0,107884.0,131302.0,$106134,$35648,$103828,$19823,$121121,$61829,,,$136125,$213910,,,,,$3614,,$64879,$37126,$107884,$131302
2010,6037572201,Census Tract 5722.01,Long Beach,Los Angeles County,California,LongBeach,110167.0,18543.0,69599.0,39194.0,120793.0,78268.0,,,123309.0,23433.0,155135.0,449510.0,109608.0,60680.0,132250.0,32928.0,70165.0,67342.0,85373.0,23435.0,$110167,$18543,$69599,$39194,$120793,$78268,,,$123309,$23433,$155135,$449510,$109608,$60680,$132250,$32928,$70165,$67342,$85373,$23435
2010,6037572202,Census Tract 5722.02,Long Beach,Los Angeles County,California,LongBeach,107910.0,15849.0,120670.0,19699.0,127379.0,72466.0,,,104523.0,41029.0,108605.0,57448.0,116782.0,35045.0,70628.0,44345.0,122090.0,21559.0,117650.0,58967.0,$107910,$15849,$120670,$19699,$127379,$72466,,,$104523,$41029,$108605,$57448,$116782,$35045,$70628,$44345,$122090,$21559,$117650,$58967
2010,6037572301,Census Tract 5723.01,Long Beach,Los Angeles County,California,LongBeach,56041.0,29101.0,43450.0,12747.0,76420.0,17103.0,,,120670.0,52909.0,77831.0,658.0,43780.0,17778.0,,,37921.0,5426.0,44376.0,9426.0,$56041,$29101,$43450,$12747,$76420,$17103,,,$120670,$52909,$77831,$658,$43780,$17778,,,$37921,$5426,$44376,$9426
2010,6037572302,Census Tract 5723.02,Long Beach,Los Angeles County,California,LongBeach,99578.0,18098.0,108225.0,41981.0,58624.0,39966.0,82880.0,190675.0,75788.0,71302.0,130585.0,79959.0,73115.0,63463.0,46743.0,140957.0,77533.0,32741.0,107262.0,30583.0,$99578,$18098,$108225,$41981,$58624,$39966,$82880,$190675,$75788,$71302,$130585,$79959,$73115,$63463,$46743,$140957,$77533,$32741,$107262,$30583
2010,6037572400,Census Tract 5724,Long Beach,Los Angeles County,California,LongBeach,123053.0,13379.0,121121.0,109719.0,123676.0,24273.0,,,130653.0,93589.0,,,83007.0,112049.0,,,,,106257.0,71928.0,$123053,$13379,$121121,$109719,$123676,$24273,,,$130653,$93589,,,$83007,$112049,,,,,$106257,$71928
2010,6037572500,Census Tract 5725,Long Beach,Los Angeles County,California,LongBeach,31220.0,3705.0,42107.0,16075.0,25309.0,9794.0,,,26492.0,2456.0,,,36009.0,28801.0,14955.0,15052.0,40976.0,12093.0,35422.0,10825.0,$31220,$3705,$42107,$16075,$25309,$9794,,,$26492,$2456,,,$36009,$28801,$14955,$15052,$40976,$12093,$35422,$10825
2010,6037572600,Census Tract 5726,Long Beach,Los Angeles County,California,LongBeach,84062.0,14749.0,91755.0,19138.0,43862.0,17728.0,,,122488.0,36582.0,,,80145.0,27170.0,74119.0,19836.0,123170.0,83017.0,79334.0,11513.0,$84062,$14749,$91755,$19138,$43862,$17728,,,$122488,$36582,,,$80145,$27170,$74119,$19836,$123170,$83017,$79334,$11513
2010,6037572700,Census Tract 5727,Long Beach,Los Angeles County,California,LongBeach,81551.0,44014.0,55688.0,35778.0,62150.0,10339.0,,,128881.0,12012.0,,,94457.0,54836.0,,,43645.0,49322.0,76775.0,26427.0,$81551,$44014,$55688,$35778,$62150,$10339,,,$128881,$12012,,,$94457,$54836,,,$43645,$49322,$76775,$26427
2010,6037572800,Census Tract 5728,Long Beach,Los Angeles County,California,LongBeach,16993.0,2729.0,17913.0,7215.0,10281.0,9891.0,,,88355.0,207251.0,,,,,,,21760.0,10275.0,18571.0,17622.0,$16993,$2729,$17913,$7215,$10281,$9891,,,$88355,$207251,,,,,,,$21760,$10275,$18571,$17622
2010,6037572900,Census Tract 5729,Long Beach,Los Angeles County,California,LongBeach,68954.0,11263.0,55191.0,8268.0,108394.0,38487.0,,,75510.0,21278.0,112125.0,9251.0,76830.0,29123.0,,,17995.0,112896.0,57849.0,11876.0,$68954,$11263,$55191,$8268,$108394,$38487,,,$75510,$21278,$112125,$9251,$76830,$29123,,,$17995,$112896,$57849,$11876
2010,6037573002,Census Tract 5730.02,Long Beach,Los Angeles County,California,LongBeach,35471.0,7350.0,38108.0,10317.0,25177.0,17047.0,,,60380.0,18824.0,,,32609.0,10459.0,58095.0,16484.0,104851.0,96443.0,33091.0,9902.0,$35471,$7350,$38108,$10317,$25177,$17047,,,$60380,$18824,,,$32609,$10459,$58095,$16484,$104851,$96443,$33091,$9902
2010,6037573003,Census Tract 5730.03,Long Beach,Los Angeles County,California,LongBeach,59231.0,24662.0,51753.0,25542.0,123970.0,133590.0,,,123422.0,90954.0,,,,,,,53729.0,22492.0,25248.0,49420.0,$59231,$24662,$51753,$25542,$123970,$133590,,,$123422,$90954,,,,,,,$53729,$22492,$25248,$49420
2010,6037573004,Census Tract 5730.04,Long Beach,Los Angeles County,California,LongBeach,42620.0,21285.0,58137.0,41107.0,37881.0,34701.0,,,90471.0,84320.0,,,31289.0,21993.0,13939.0,200516.0,35334.0,172764.0,50887.0,23553.0,$42620,$21285,$58137,$41107,$37881,$34701,,,$90471,$84320,,,$31289,$21993,$13939,$200516,$35334,$172764,$50887,$23553
2010,6037573100,Census Tract 5731,Long Beach,Los Angeles County,California,LongBeach,64273.0,15843.0,39064.0,20948.0,72114.0,17554.0,64821.0,207486.0,81350.0,46696.0,3614.0,,74044.0,39258.0,59383.0,82475.0,33678.0,18066.0,72349.0,43068.0,$64273,$15843,$39064,$20948,$72114,$17554,$64821,$207486,$81350,$46696,$3614,,$74044,$39258,$59383,$82475,$33678,$18066,$72349,$43068
2010,6037573201,Census Tract 5732.01,Long Beach,Los Angeles County,California,LongBeach,42001.0,14766.0,54191.0,13758.0,39101.0,37450.0,,,69299.0,89920.0,,,39875.0,3423.0,,,38630.0,55507.0,42970.0,17721.0,$42001,$14766,$54191,$13758,$39101,$37450,,,$69299,$89920,,,$39875,$3423,,,$38630,$55507,$42970,$17721
2010,6037573202,Census Tract 5732.02,Long Beach,Los Angeles County,California,LongBeach,50738.0,7917.0,60500.0,23346.0,34643.0,12643.0,17676.0,113015.0,47581.0,23027.0,,,49757.0,17204.0,62723.0,24412.0,23173.0,3741.0,57817.0,7118.0,$50738,$7917,$60500,$23346,$34643,$12643,$17676,$113015,$47581,$23027,,,$49757,$17204,$62723,$24412,$23173,$3741,$57817,$7118
2010,6037573300,Census Tract 5733,Long Beach,Los Angeles County,California,LongBeach,39026.0,5494.0,32089.0,15281.0,29183.0,13155.0,,,48723.0,10411.0,,,39505.0,24456.0,119789.0,130430.0,,,38390.0,7159.0,$39026,$5494,$32089,$15281,$29183,$13155,,,$48723,$10411,,,$39505,$24456,$119789,$130430,,,$38390,$7159
2010,6037573401,Census Tract 5734.01,Long Beach,Los Angeles County,California,LongBeach,94045.0,8226.0,95396.0,19667.0,45194.0,32955.0,,,74864.0,38284.0,,,98191.0,8740.0,,,95534.0,18821.0,123068.0,84114.0,$94045,$8226,$95396,$19667,$45194,$32955,,,$74864,$38284,,,$98191,$8740,,,$95534,$18821,$123068,$84114
2010,6037573402,Census Tract 5734.02,Long Beach,Los Angeles County,California,LongBeach,89206.0,14205.0,92599.0,26716.0,105189.0,37070.0,124736.0,182143.0,88065.0,94632.0,,,76502.0,51387.0,101898.0,109237.0,111479.0,21368.0,65167.0,19337.0,$89206,$14205,$92599,$26716,$105189,$37070,$124736,$182143,$88065,$94632,,,$76502,$51387,$101898,$109237,$111479,$21368,$65167,$19337
2010,6037573403,Census Tract 5734.03,Long Beach,Los Angeles County,California,LongBeach,155503.0,22201.0,157138.0,30593.0,166691.0,37872.0,,,90153.0,93115.0,,,290070.0,392041.0,77218.0,82113.0,132484.0,40565.0,225759.0,72124.0,$155503,$22201,$157138,$30593,$166691,$37872,,,$90153,$93115,,,$290070,$392041,$77218,$82113,$132484,$40565,$225759,$72124
2010,6037573601,Census Tract 5736.01,Long Beach,Los Angeles County,California,LongBeach,125033.0,13324.0,127267.0,13402.0,73870.0,19132.0,,,196352.0,63570.0,,,128126.0,98589.0,211239.0,62088.0,129617.0,18241.0,121441.0,30405.0,$125033,$13324,$127267,$13402,$73870,$19132,,,$196352,$63570,,,$128126,$98589,$211239,$62088,$129617,$18241,$121441,$30405
2010,6037573700,Census Tract 5737,Long Beach,Los Angeles County,California,LongBeach,146285.0,12299.0,139319.0,17097.0,133373.0,172120.0,,,225068.0,127036.0,,,194443.0,35036.0,,,138717.0,16992.0,173288.0,43748.0,$146285,$12299,$139319,$17097,$133373,$172120,,,$225068,$127036,,,$194443,$35036,,,$138717,$16992,$173288,$43748
2010,6037573800,Census Tract 5738,Long Beach,Los Angeles County,California,LongBeach,137099.0,14623.0,135116.0,13363.0,124133.0,57719.0,,,154941.0,52742.0,,,127110.0,4139.0,262247.0,134247.0,132871.0,17731.0,134650.0,33820.0,$137099,$14623,$135116,$13363,$124133,$57719,,,$154941,$52742,,,$127110,$4139,$262247,$134247,$132871,$17731,$134650,$33820
2010,6037573902,Census Tract 5739.02,Long Beach,Los Angeles County,California,LongBeach,148018.0,21719.0,130964.0,30870.0,192736.0,53254.0,272572.0,105827.0,211690.0,101928.0,,,,,,,130964.0,30870.0,,,$148018,$21719,$130964,$30870,$192736,$53254,$272572,$105827,$211690,$101928,,,,,,,$130964,$30870,,
2010,6037574000,Census Tract 5740,Long Beach,Los Angeles County,California,LongBeach,138295.0,18042.0,136487.0,20872.0,,,,,125366.0,49458.0,,,86529.0,164947.0,222199.0,32022.0,132384.0,16517.0,149745.0,69343.0,$138295,$18042,$136487,$20872,,,,,$125366,$49458,,,$86529,$164947,$222199,$32022,$132384,$16517,$149745,$69343
2010,6037574100,Census Tract 5741,Long Beach,Los Angeles County,California,LongBeach,125528.0,12894.0,125358.0,11667.0,,,,,148557.0,50052.0,,,121592.0,82472.0,,,123908.0,15965.0,126243.0,58388.0,$125528,$12894,$125358,$11667,,,,,$148557,$50052,,,$121592,$82472,,,$123908,$15965,$126243,$58388
2010,6037574201,Census Tract 5742.01,Long Beach,Los Angeles County,California,LongBeach,131218.0,20023.0,119148.0,35124.0,124736.0,124823.0,131968.0,30719.0,145487.0,25863.0,,,104631.0,139876.0,,,117012.0,42157.0,130260.0,43199.0,$131218,$20023,$119148,$35124,$124736,$124823,$131968,$30719,$145487,$25863,,,$104631,$139876,,,$117012,$42157,$130260,$43199
2010,6037574202,Census Tract 5742.02,Long Beach,Los Angeles County,California,LongBeach,90973.0,17013.0,79814.0,14643.0,,,,,264739.0,323592.0,,,124349.0,40289.0,,,73099.0,12193.0,124736.0,20717.0,$90973,$17013,$79814,$14643,,,,,$264739,$323592,,,$124349,$40289,,,$73099,$12193,$124736,$20717
2010,6037574300,Census Tract 5743,Long Beach,Los Angeles County,California,LongBeach,134228.0,13314.0,140249.0,33142.0,39208.0,153791.0,,,132782.0,24518.0,,,114457.0,30509.0,162183.0,253890.0,140189.0,32076.0,116512.0,32505.0,$134228,$13314,$140249,$33142,$39208,$153791,,,$132782,$24518,,,$114457,$30509,$162183,$253890,$140189,$32076,$116512,$32505
2010,6037574400,Census Tract 5744,Long Beach,Los Angeles County,California,LongBeach,132691.0,18153.0,137676.0,21123.0,207533.0,230561.0,,,101169.0,85558.0,,,103460.0,187113.0,,,132527.0,21424.0,150045.0,55451.0,$132691,$18153,$137676,$21123,$207533,$230561,,,$101169,$85558,,,$103460,$187113,,,$132527,$21424,$150045,$55451
2010,6037574500,Census Tract 5745,Long Beach,Los Angeles County,California,LongBeach,133498.0,10244.0,129804.0,7668.0,92719.0,30825.0,,,165060.0,92338.0,,,138176.0,150421.0,260320.0,91283.0,129307.0,8424.0,150346.0,88007.0,$133498,$10244,$129804,$7668,$92719,$30825,,,$165060,$92338,,,$138176,$150421,$260320,$91283,$129307,$8424,$150346,$88007
2010,6037574601,Census Tract 5746.01,Long Beach,Los Angeles County,California,LongBeach,,,,,,,,,,,,,,,,,,,,,,,,,,,,,,,,,,,,,,,,
2010,6037574602,Census Tract 5746.02,Long Beach,Los Angeles County,California,LongBeach,122703.0,59616.0,108189.0,82686.0,121199.0,51416.0,,,170878.0,12070.0,,,,,,,108258.0,84814.0,156501.0,176858.0,$122703,$59616,$108189,$82686,$121199,$51416,,,$170878,$12070,,,,,,,$108258,$84814,$156501,$176858
2010,6037574700,Census Tract 5747,Long Beach,Los Angeles County,California,LongBeach,,,,,,,,,,,,,,,,,,,,,,,,,,,,,,,,,,,,,,,,
2010,6037574800,Census Tract 5748,Long Beach,Los Angeles County,California,LongBeach,105868.0,20318.0,119971.0,24599.0,25866.0,44277.0,,,65948.0,30635.0,,,63453.0,64517.0,109521.0,48936.0,131163.0,22827.0,62368.0,11985.0,$105868,$20318,$119971,$24599,$25866,$44277,,,$65948,$30635,,,$63453,$64517,$109521,$48936,$131163,$22827,$62368,$11985
2010,6037574901,Census Tract 5749.01,Long Beach,Los Angeles County,California,LongBeach,136235.0,13814.0,135181.0,13466.0,,,,,107662.0,76172.0,,,,,167795.0,278199.0,133926.0,15054.0,130160.0,53565.0,$136235,$13814,$135181,$13466,,,,,$107662,$76172,,,,,$167795,$278199,$133926,$15054,$130160,$53565
2010,6037574902,Census Tract 5749.02,Long Beach,Los Angeles County,California,LongBeach,68745.0,12322.0,72612.0,12683.0,38294.0,16889.0,,,45722.0,39180.0,,,100482.0,66468.0,52961.0,73255.0,71786.0,11382.0,98223.0,30742.0,$68745,$12322,$72612,$12683,$38294,$16889,,,$45722,$39180,,,$100482,$66468,$52961,$73255,$71786,$11382,$98223,$30742
2010,6037575001,Census Tract 5750.01,Long Beach,Los Angeles County,California,LongBeach,89585.0,17635.0,94908.0,19483.0,119163.0,104906.0,116868.0,69394.0,58881.0,51146.0,,,64068.0,59437.0,182585.0,117288.0,97513.0,30223.0,86170.0,22873.0,$89585,$17635,$94908,$19483,$119163,$104906,$116868,$69394,$58881,$51146,,,$64068,$59437,$182585,$117288,$97513,$30223,$86170,$22873
2010,6037575002,Census Tract 5750.02,Long Beach,Los Angeles County,California,LongBeach,82889.0,13243.0,83085.0,18071.0,42533.0,34283.0,77173.0,21478.0,119539.0,38925.0,,,86050.0,20642.0,93316.0,6272.0,85166.0,18880.0,84724.0,17574.0,$82889,$13243,$83085,$18071,$42533,$34283,$77173,$21478,$119539,$38925,,,$86050,$20642,$93316,$6272,$85166,$18880,$84724,$17574
2010,6037575101,Census Tract 5751.01,Long Beach,Los Angeles County,California,LongBeach,68883.0,14305.0,83013.0,19576.0,53458.0,26888.0,,,47866.0,17157.0,,,71949.0,11593.0,72673.0,47459.0,79542.0,59315.0,74327.0,12289.0,$68883,$14305,$83013,$19576,$53458,$26888,,,$47866,$17157,,,$71949,$11593,$72673,$47459,$79542,$59315,$74327,$12289
2010,6037575102,Census Tract 5751.02,Long Beach,Los Angeles County,California,LongBeach,50301.0,6763.0,33897.0,21920.0,19627.0,14393.0,,,37746.0,23955.0,,,57739.0,31695.0,50877.0,32993.0,37059.0,31986.0,54566.0,15826.0,$50301,$6763,$33897,$21920,$19627,$14393,,,$37746,$23955,,,$57739,$31695,$50877,$32993,$37059,$31986,$54566,$15826
2010,6037575103,Census Tract 5751.03,Long Beach,Los Angeles County,California,LongBeach,47293.0,6151.0,50140.0,5989.0,37314.0,13791.0,60491.0,12004.0,65317.0,57688.0,,,45382.0,36277.0,44471.0,20249.0,50502.0,10275.0,46129.0,8987.0,$47293,$6151,$50140,$5989,$37314,$13791,$60491,$12004,$65317,$57688,,,$45382,$36277,$44471,$20249,$50502,$10275,$46129,$8987
2010,6037575201,Census Tract 5752.01,Long Beach,Los Angeles County,California,LongBeach,44364.0,9348.0,43929.0,21651.0,41981.0,54418.0,,,39501.0,23109.0,,,48250.0,4388.0,25209.0,67715.0,44761.0,30926.0,46779.0,6878.0,$44364,$9348,$43929,$21651,$41981,$54418,,,$39501,$23109,,,$48250,$4388,$25209,$67715,$44761,$30926,$46779,$6878
2010,6037575202,Census Tract 5752.02,Long Beach,Los Angeles County,California,LongBeach,57473.0,10375.0,87885.0,10719.0,48294.0,63411.0,,,47544.0,25235.0,,,38905.0,16159.0,,,89585.0,35354.0,59657.0,20348.0,$57473,$10375,$87885,$10719,$48294,$63411,,,$47544,$25235,,,$38905,$16159,,,$89585,$35354,$59657,$20348
2010,6037575300,Census Tract 5753,Long Beach,Los Angeles County,California,LongBeach,37417.0,3912.0,37234.0,4407.0,28185.0,28602.0,6492.0,64646.0,39381.0,25760.0,65219.0,85098.0,40825.0,18047.0,31588.0,75393.0,17852.0,6304.0,40825.0,10485.0,$37417,$3912,$37234,$4407,$28185,$28602,$6492,$64646,$39381,$25760,$65219,$85098,$40825,$18047,$31588,$75393,$17852,$6304,$40825,$10485
2010,6037575401,Census Tract 5754.01,Long Beach,Los Angeles County,California,LongBeach,46328.0,9520.0,68695.0,17935.0,23769.0,13230.0,,,63013.0,63086.0,,,35639.0,8012.0,,,84490.0,76060.0,50207.0,13226.0,$46328,$9520,$68695,$17935,$23769,$13230,,,$63013,$63086,,,$35639,$8012,,,$84490,$76060,$50207,$13226
2010,6037575402,Census Tract 5754.02,Long Beach,Los Angeles County,California,LongBeach,41625.0,2741.0,42837.0,20338.0,26971.0,6265.0,,,124330.0,966.0,,,40781.0,2405.0,112313.0,98937.0,17667.0,19472.0,42512.0,4191.0,$41625,$2741,$42837,$20338,$26971,$6265,,,$124330,$966,,,$40781,$2405,$112313,$98937,$17667,$19472,$42512,$4191
2010,6037575500,Census Tract 5755,Long Beach,Los Angeles County,California,LongBeach,,,,,,,,,,,,,,,,,,,,,,,,,,,,,,,,,,,,,,,,
2010,6037575801,Census Tract 5758.01,Long Beach,Los Angeles County,California,LongBeach,50317.0,13242.0,48584.0,15790.0,74680.0,52569.0,,,,,,,20609.0,19907.0,,,70635.0,3870.0,32239.0,16065.0,$50317,$13242,$48584,$15790,$74680,$52569,,,,,,,$20609,$19907,,,$70635,$3870,$32239,$16065
2010,6037575802,Census Tract 5758.02,Long Beach,Los Angeles County,California,LongBeach,43437.0,6037.0,41832.0,10507.0,43430.0,17284.0,,,37150.0,6919.0,,,47137.0,30350.0,53909.0,35347.0,47640.0,23526.0,42838.0,12174.0,$43437,$6037,$41832,$10507,$43430,$17284,,,$37150,$6919,,,$47137,$30350,$53909,$35347,$47640,$23526,$42838,$12174
2010,6037575803,Census Tract 5758.03,Long Beach,Los Angeles County,California,LongBeach,31998.0,13266.0,30929.0,7039.0,50690.0,52754.0,,,50618.0,52903.0,,,46016.0,25112.0,,,16786.0,1759.0,47534.0,12432.0,$31998,$13266,$30929,$7039,$50690,$52754,,,$50618,$52903,,,$46016,$25112,,,$16786,$1759,$47534,$12432
2010,6037575901,Census Tract 5759.01,Long Beach,Los Angeles County,California,LongBeach,62202.0,8122.0,64221.0,24074.0,62870.0,34858.0,,,45917.0,66010.0,,,57849.0,25372.0,107743.0,53875.0,93018.0,12182.0,57995.0,8612.0,$62202,$8122,$64221,$24074,$62870,$34858,,,$45917,$66010,,,$57849,$25372,$107743,$53875,$93018,$12182,$57995,$8612
2010,6037575902,Census Tract 5759.02,Long Beach,Los Angeles County,California,LongBeach,47640.0,8283.0,45060.0,14871.0,44886.0,28330.0,,,51822.0,36666.0,,,46317.0,13135.0,66170.0,11467.0,44606.0,13424.0,52125.0,14689.0,$47640,$8283,$45060,$14871,$44886,$28330,,,$51822,$36666,,,$46317,$13135,$66170,$11467,$44606,$13424,$52125,$14689
2010,6037576001,Census Tract 5760.01,Long Beach,Los Angeles County,California,LongBeach,91839.0,17404.0,96038.0,29671.0,125504.0,52141.0,3614.0,,98577.0,92860.0,,,45737.0,48431.0,51341.0,36895.0,112760.0,42319.0,60090.0,33529.0,$91839,$17404,$96038,$29671,$125504,$52141,$3614,,$98577,$92860,,,$45737,$48431,$51341,$36895,$112760,$42319,$60090,$33529
2010,6037576200,Census Tract 5762,Long Beach,Los Angeles County,California,LongBeach,50971.0,9694.0,52307.0,25293.0,28832.0,34631.0,,,104990.0,109958.0,,,50256.0,13755.0,64384.0,154015.0,49653.0,28846.0,51185.0,9146.0,$50971,$9694,$52307,$25293,$28832,$34631,,,$104990,$109958,,,$50256,$13755,$64384,$154015,$49653,$28846,$51185,$9146
2010,6037576301,Census Tract 5763.01,Long Beach,Los Angeles County,California,LongBeach,46696.0,13229.0,35950.0,21356.0,54562.0,21780.0,3614.0,,94700.0,66136.0,,,43053.0,10889.0,130653.0,178896.0,32501.0,57726.0,42060.0,7060.0,$46696,$13229,$35950,$21356,$54562,$21780,$3614,,$94700,$66136,,,$43053,$10889,$130653,$178896,$32501,$57726,$42060,$7060
2010,6037576302,Census Tract 5763.02,Long Beach,Los Angeles County,California,LongBeach,30742.0,3597.0,37992.0,15048.0,33016.0,5948.0,50317.0,190801.0,16753.0,1474.0,,,30186.0,10958.0,16584.0,973.0,54891.0,23218.0,31091.0,4963.0,$30742,$3597,$37992,$15048,$33016,$5948,$50317,$190801,$16753,$1474,,,$30186,$10958,$16584,$973,$54891,$23218,$31091,$4963
2010,6037576401,Census Tract 5764.01,Long Beach,Los Angeles County,California,LongBeach,44943.0,13852.0,24834.0,23520.0,40429.0,8155.0,,,66888.0,51710.0,,,32339.0,36497.0,35152.0,32031.0,51522.0,63859.0,30832.0,21053.0,$44943,$13852,$24834,$23520,$40429,$8155,,,$66888,$51710,,,$32339,$36497,$35152,$32031,$51522,$63859,$30832,$21053
2010,6037576402,Census Tract 5764.02,Long Beach,Los Angeles County,California,LongBeach,41115.0,6540.0,58131.0,13087.0,29192.0,13943.0,,,31144.0,5072.0,,,34205.0,11583.0,95047.0,88629.0,58987.0,40999.0,42849.0,12615.0,$41115,$6540,$58131,$13087,$29192,$13943,,,$31144,$5072,,,$34205,$11583,$95047,$88629,$58987,$40999,$42849,$12615
2010,6037576403,Census Tract 5764.03,Long Beach,Los Angeles County,California,LongBeach,47582.0,5120.0,70736.0,8813.0,29331.0,20857.0,,,45003.0,40752.0,,,46126.0,9570.0,,,72722.0,8677.0,49848.0,18091.0,$47582,$5120,$70736,$8813,$29331,$20857,,,$45003,$40752,,,$46126,$9570,,,$72722,$8677,$49848,$18091
2010,6037576501,Census Tract 5765.01,Long Beach,Los Angeles County,California,LongBeach,52658.0,13824.0,60536.0,8975.0,24830.0,11850.0,,,46927.0,33500.0,,,26936.0,14310.0,80491.0,83795.0,71795.0,25760.0,56151.0,22573.0,$52658,$13824,$60536,$8975,$24830,$11850,,,$46927,$33500,,,$26936,$14310,$80491,$83795,$71795,$25760,$56151,$22573
2010,6037576502,Census Tract 5765.02,Long Beach,Los Angeles County,California,LongBeach,52316.0,6131.0,44309.0,8019.0,55260.0,9262.0,,,123068.0,138486.0,,,46889.0,17450.0,70823.0,40685.0,45502.0,7687.0,45823.0,5681.0,$52316,$6131,$44309,$8019,$55260,$9262,,,$123068,$138486,,,$46889,$17450,$70823,$40685,$45502,$7687,$45823,$5681
2010,6037576503,Census Tract 5765.03,Long Beach,Los Angeles County,California,LongBeach,46701.0,15167.0,47975.0,20789.0,44743.0,16046.0,54233.0,46910.0,34216.0,13596.0,,,57613.0,3782.0,41579.0,46856.0,37561.0,36478.0,56507.0,11928.0,$46701,$15167,$47975,$20789,$44743,$16046,$54233,$46910,$34216,$13596,,,$57613,$3782,$41579,$46856,$37561,$36478,$56507,$11928
2010,6037576601,Census Tract 5766.01,Long Beach,Los Angeles County,California,LongBeach,61260.0,8361.0,65697.0,7729.0,50868.0,31733.0,,,69583.0,20331.0,,,54562.0,49235.0,56041.0,24842.0,63725.0,7681.0,71218.0,20787.0,$61260,$8361,$65697,$7729,$50868,$31733,,,$69583,$20331,,,$54562,$49235,$56041,$24842,$63725,$7681,$71218,$20787
2010,6037576602,Census Tract 5766.02,Long Beach,Los Angeles County,California,LongBeach,91695.0,12419.0,90147.0,25737.0,100259.0,39692.0,,,111603.0,49034.0,,,66467.0,33439.0,90759.0,31551.0,95209.0,24872.0,66195.0,14195.0,$91695,$12419,$90147,$25737,$100259,$39692,,,$111603,$49034,,,$66467,$33439,$90759,$31551,$95209,$24872,$66195,$14195
2010,6037576700,Census Tract 5767,Long Beach,Los Angeles County,California,LongBeach,100994.0,9630.0,99516.0,11655.0,119012.0,133978.0,,,163664.0,168676.0,,,155198.0,129648.0,90590.0,35130.0,95812.0,15207.0,102677.0,8460.0,$100994,$9630,$99516,$11655,$119012,$133978,,,$163664,$168676,,,$155198,$129648,$90590,$35130,$95812,$15207,$102677,$8460
2010,6037576801,Census Tract 5768.01,Long Beach,Los Angeles County,California,LongBeach,64510.0,8844.0,67920.0,17890.0,64212.0,35496.0,,,78806.0,47526.0,,,45048.0,27118.0,73358.0,5661.0,72639.0,20451.0,58154.0,22218.0,$64510,$8844,$67920,$17890,$64212,$35496,,,$78806,$47526,,,$45048,$27118,$73358,$5661,$72639,$20451,$58154,$22218
2010,6037576802,Census Tract 5768.02,Long Beach,Los Angeles County,California,LongBeach,75310.0,13852.0,86170.0,23459.0,67995.0,16919.0,,,83244.0,73738.0,,,31410.0,27864.0,89832.0,50853.0,88688.0,25990.0,67554.0,35771.0,$75310,$13852,$86170,$23459,$67995,$16919,,,$83244,$73738,,,$31410,$27864,$89832,$50853,$88688,$25990,$67554,$35771
2010,6037576901,Census Tract 5769.01,Long Beach,Los Angeles County,California,LongBeach,51170.0,8648.0,70110.0,11354.0,54032.0,20541.0,,,35768.0,12332.0,,,45596.0,17443.0,94969.0,79714.0,76650.0,31435.0,45147.0,12494.0,$51170,$8648,$70110,$11354,$54032,$20541,,,$35768,$12332,,,$45596,$17443,$94969,$79714,$76650,$31435,$45147,$12494
2010,6037576903,Census Tract 5769.03,Long Beach,Los Angeles County,California,LongBeach,50135.0,5292.0,60166.0,18380.0,50932.0,96715.0,,,52754.0,49357.0,,,39375.0,10680.0,,,62584.0,26764.0,47343.0,11179.0,$50135,$5292,$60166,$18380,$50932,$96715,,,$52754,$49357,,,$39375,$10680,,,$62584,$26764,$47343,$11179
2010,6037576904,Census Tract 5769.04,Long Beach,Los Angeles County,California,LongBeach,54025.0,17073.0,58518.0,12498.0,91712.0,72113.0,,,35208.0,46846.0,,,62835.0,38822.0,26548.0,19968.0,59255.0,13477.0,49198.0,24260.0,$54025,$17073,$58518,$12498,$91712,$72113,,,$35208,$46846,,,$62835,$38822,$26548,$19968,$59255,$13477,$49198,$24260
2010,6037577000,Census Tract 5770,Long Beach,Los Angeles County,California,LongBeach,73951.0,6998.0,74064.0,14277.0,82220.0,13367.0,50272.0,110565.0,59218.0,20285.0,,,70826.0,21823.0,45998.0,117932.0,75488.0,17437.0,57211.0,25478.0,$73951,$6998,$74064,$14277,$82220,$13367,$50272,$110565,$59218,$20285,,,$70826,$21823,$45998,$117932,$75488,$17437,$57211,$25478
2010,6037577100,Census Tract 5771,Long Beach,Los Angeles County,California,LongBeach,87360.0,13359.0,104097.0,14961.0,83720.0,24142.0,,,53039.0,27240.0,,,59633.0,29843.0,45679.0,12761.0,108088.0,22671.0,58828.0,7393.0,$87360,$13359,$104097,$14961,$83720,$24142,,,$53039,$27240,,,$59633,$29843,$45679,$12761,$108088,$22671,$58828,$7393
2010,6037577200,Census Tract 5772,Long Beach,Los Angeles County,California,LongBeach,78410.0,13622.0,81669.0,17141.0,110877.0,108867.0,,,54595.0,81257.0,,,27157.0,37405.0,73717.0,87907.0,78674.0,13453.0,74443.0,40950.0,$78410,$13622,$81669,$17141,$110877,$108867,,,$54595,$81257,,,$27157,$37405,$73717,$87907,$78674,$13453,$74443,$40950
2010,6037577300,Census Tract 5773,Long Beach,Los Angeles County,California,LongBeach,72992.0,8051.0,84354.0,16154.0,38284.0,6183.0,36808.0,3329.0,142136.0,176478.0,,,60173.0,8878.0,67753.0,7217.0,79006.0,16783.0,65482.0,13155.0,$72992,$8051,$84354,$16154,$38284,$6183,$36808,$3329,$142136,$176478,,,$60173,$8878,$67753,$7217,$79006,$16783,$65482,$13155
2010,6037577400,Census Tract 5774,Long Beach,Los Angeles County,California,LongBeach,103240.0,13826.0,107563.0,13596.0,38663.0,13048.0,,,82977.0,166952.0,,,81892.0,44729.0,,,103186.0,14329.0,119598.0,22684.0,$103240,$13826,$107563,$13596,$38663,$13048,,,$82977,$166952,,,$81892,$44729,,,$103186,$14329,$119598,$22684
2010,6037577501,Census Tract 5775.01,Long Beach,Los Angeles County,California,LongBeach,152511.0,22904.0,161225.0,11651.0,,,,,45647.0,367127.0,,,74305.0,16425.0,80664.0,2083.0,161796.0,10887.0,74804.0,18543.0,$152511,$22904,$161225,$11651,,,,,$45647,$367127,,,$74305,$16425,$80664,$2083,$161796,$10887,$74804,$18543
2010,6037577504,Census Tract 5775.04,Long Beach,Los Angeles County,California,LongBeach,118492.0,33996.0,116191.0,26373.0,,,,,,,,,,,,,117012.0,54340.0,100874.0,39074.0,$118492,$33996,$116191,$26373,,,,,,,,,,,,,$117012,$54340,$100874,$39074
2010,6037577602,Census Tract 5776.02,Long Beach,Los Angeles County,California,LongBeach,118675.0,13599.0,120949.0,18490.0,94908.0,157340.0,,,91794.0,73361.0,,,90324.0,153373.0,111566.0,267211.0,122498.0,27526.0,88000.0,116892.0,$118675,$13599,$120949,$18490,$94908,$157340,,,$91794,$73361,,,$90324,$153373,$111566,$267211,$122498,$27526,$88000,$116892
2010,6037577603,Census Tract 5776.03,Long Beach,Los Angeles County,California,LongBeach,135475.0,19836.0,142039.0,22259.0,71164.0,62404.0,,,173594.0,60731.0,,,60560.0,148988.0,123621.0,71821.0,147549.0,18739.0,72618.0,40237.0,$135475,$19836,$142039,$22259,$71164,$62404,,,$173594,$60731,,,$60560,$148988,$123621,$71821,$147549,$18739,$72618,$40237
2010,6037577604,Census Tract 5776.04,Long Beach,Los Angeles County,California,LongBeach,125912.0,13882.0,127448.0,14533.0,192140.0,114891.0,,,49281.0,22694.0,,,,,,,127448.0,14533.0,,,$125912,$13882,$127448,$14533,$192140,$114891,,,$49281,$22694,,,,,,,$127448,$14533,,
2010,6037980006,Census Tract 9800.06,Long Beach,Los Angeles County,California,LongBeach,,,,,,,,,,,,,,,,,,,,,,,,,,,,,,,,,,,,,,,,
2010,6037980007,Census Tract 9800.07,Long Beach,Los Angeles County,California,LongBeach,,,,,,,,,,,,,,,,,,,,,,,,,,,,,,,,,,,,,,,,
2010,6037980018,Census Tract 9800.18,Long Beach,Los Angeles County,California,LongBeach,,,,,,,,,,,,,,,,,,,,,,,,,,,,,,,,,,,,,,,,
2010,6037980033,Census Tract 9800.33,Long Beach,Los Angeles County,California,LongBeach,,,,,,,,,,,,,,,,,,,,,,,,,,,,,,,,,,,,,,,,
2010,6037990300,Census Tract 9903,Long Beach,Los Angeles County,California,LongBeach,,,,,,,,,,,,,,,,,,,,,,,,,,,,,,,,,,,,,,,,
2011,6037542402,Census Tract 5424.02,Long Beach,Los Angeles County,California,LongBeach,69740.0,13455.0,70789.0,18741.0,71626.0,42763.0,,,,,31034.0,364032.0,66669.0,58195.0,,,38396.0,306864.0,68931.0,16430.0,$69740,$13455,$70789,$18741,$71626,$42763,,,,,$31034,$364032,$66669,$58195,,,$38396,$306864,$68931,$16430
2011,6037543305,Census Tract 5433.05,Long Beach,Los Angeles County,California,LongBeach,62967.0,11410.0,60707.0,5047.0,77644.0,34696.0,,,133350.0,202496.0,,,84383.0,91734.0,,,57653.0,15145.0,64502.0,35379.0,$62967,$11410,$60707,$5047,$77644,$34696,,,$133350,$202496,,,$84383,$91734,,,$57653,$15145,$64502,$35379
2011,6037544001,Census Tract 5440.01,Long Beach,Los Angeles County,California,LongBeach,75890.0,10692.0,49820.0,30165.0,90893.0,22531.0,,,94213.0,23380.0,,,79711.0,20724.0,12409.0,4862.0,62740.0,35090.0,67361.0,29422.0,$75890,$10692,$49820,$30165,$90893,$22531,,,$94213,$23380,,,$79711,$20724,$12409,$4862,$62740,$35090,$67361,$29422
2011,6037544002,Census Tract 5440.02,Long Beach,Los Angeles County,California,LongBeach,90388.0,41335.0,81463.0,13198.0,106866.0,60384.0,,,119739.0,64917.0,,,101770.0,78028.0,269994.0,283676.0,68124.0,39873.0,87435.0,78464.0,$90388,$41335,$81463,$13198,$106866,$60384,,,$119739,$64917,,,$101770,$78028,$269994,$283676,$68124,$39873,$87435,$78464
2011,6037555202,Census Tract 5552.02,Long Beach,Los Angeles County,California,LongBeach,132050.0,15506.0,150832.0,29004.0,271019.0,234071.0,,,123684.0,104500.0,,,82657.0,174416.0,,,151472.0,21906.0,121066.0,58221.0,$132050,$15506,$150832,$29004,$271019,$234071,,,$123684,$104500,,,$82657,$174416,,,$151472,$21906,$121066,$58221
2011,6037555211,Census Tract 5552.11,Long Beach,Los Angeles County,California,LongBeach,58392.0,12602.0,56326.0,10349.0,95819.0,70600.0,,,71190.0,16876.0,,,57579.0,21831.0,99050.0,31383.0,51761.0,98617.0,57143.0,8503.0,$58392,$12602,$56326,$10349,$95819,$70600,,,$71190,$16876,,,$57579,$21831,$99050,$31383,$51761,$98617,$57143,$8503
2011,6037570100,Census Tract 5701,Long Beach,Los Angeles County,California,LongBeach,106741.0,26051.0,108483.0,25410.0,75741.0,65075.0,,,107100.0,266416.0,138913.0,64871.0,46358.0,105132.0,,,91099.0,34264.0,108778.0,130714.0,$106741,$26051,$108483,$25410,$75741,$65075,,,$107100,$266416,$138913,$64871,$46358,$105132,,,$91099,$34264,$108778,$130714
2011,6037570202,Census Tract 5702.02,Long Beach,Los Angeles County,California,LongBeach,77053.0,8987.0,79983.0,33279.0,52460.0,36253.0,,,87730.0,25307.0,,,88910.0,16807.0,59915.0,31817.0,99858.0,38169.0,76149.0,14227.0,$77053,$8987,$79983,$33279,$52460,$36253,,,$87730,$25307,,,$88910,$16807,$59915,$31817,$99858,$38169,$76149,$14227
2011,6037570203,Census Tract 5702.03,Long Beach,Los Angeles County,California,LongBeach,60344.0,15181.0,57375.0,13530.0,35941.0,14827.0,,,95041.0,70890.0,,,87671.0,22451.0,78303.0,24164.0,53513.0,23107.0,78039.0,15041.0,$60344,$15181,$57375,$13530,$35941,$14827,,,$95041,$70890,,,$87671,$22451,$78303,$24164,$53513,$23107,$78039,$15041
2011,6037570204,Census Tract 5702.04,Long Beach,Los Angeles County,California,LongBeach,56840.0,10085.0,91975.0,31146.0,39418.0,56612.0,,,64756.0,63922.0,,,45725.0,23844.0,19710.0,46271.0,93409.0,16133.0,61192.0,20700.0,$56840,$10085,$91975,$31146,$39418,$56612,,,$64756,$63922,,,$45725,$23844,$19710,$46271,$93409,$16133,$61192,$20700
2011,6037570301,Census Tract 5703.01,Long Beach,Los Angeles County,California,LongBeach,58525.0,7633.0,67724.0,17071.0,64942.0,18665.0,,,23966.0,18647.0,168551.0,292940.0,53433.0,8418.0,21899.0,22246.0,78836.0,48787.0,53848.0,9764.0,$58525,$7633,$67724,$17071,$64942,$18665,,,$23966,$18647,$168551,$292940,$53433,$8418,$21899,$22246,$78836,$48787,$53848,$9764
2011,6037570303,Census Tract 5703.03,Long Beach,Los Angeles County,California,LongBeach,72267.0,11340.0,61317.0,36110.0,70501.0,53548.0,,,85460.0,78558.0,,,75604.0,15394.0,71243.0,30340.0,82558.0,42535.0,74309.0,11432.0,$72267,$11340,$61317,$36110,$70501,$53548,,,$85460,$78558,,,$75604,$15394,$71243,$30340,$82558,$42535,$74309,$11432
2011,6037570304,Census Tract 5703.04,Long Beach,Los Angeles County,California,LongBeach,55907.0,12137.0,45460.0,23833.0,60377.0,11006.0,,,53919.0,61998.0,,,61706.0,17042.0,27222.0,213407.0,43156.0,14537.0,61737.0,19888.0,$55907,$12137,$45460,$23833,$60377,$11006,,,$53919,$61998,,,$61706,$17042,$27222,$213407,$43156,$14537,$61737,$19888
2011,6037570402,Census Tract 5704.02,Long Beach,Los Angeles County,California,LongBeach,78836.0,17442.0,68192.0,7043.0,118853.0,31655.0,,,151039.0,32100.0,,,69536.0,45688.0,81682.0,25094.0,74018.0,32564.0,68260.0,12221.0,$78836,$17442,$68192,$7043,$118853,$31655,,,$151039,$32100,,,$69536,$45688,$81682,$25094,$74018,$32564,$68260,$12221
2011,6037570403,Census Tract 5704.03,Long Beach,Los Angeles County,California,LongBeach,45900.0,14068.0,40119.0,24204.0,78656.0,20105.0,,,13431.0,2919.0,,,41486.0,18709.0,,,,,40794.0,9351.0,$45900,$14068,$40119,$24204,$78656,$20105,,,$13431,$2919,,,$41486,$18709,,,,,$40794,$9351
2011,6037570404,Census Tract 5704.04,Long Beach,Los Angeles County,California,LongBeach,72995.0,17586.0,72485.0,21819.0,70885.0,64369.0,,,191542.0,72367.0,,,48268.0,87243.0,17169.0,287021.0,,,64872.0,22103.0,$72995,$17586,$72485,$21819,$70885,$64369,,,$191542,$72367,,,$48268,$87243,$17169,$287021,,,$64872,$22103
2011,6037570501,Census Tract 5705.01,Long Beach,Los Angeles County,California,LongBeach,86202.0,20796.0,118194.0,45903.0,79650.0,33587.0,,,71407.0,77611.0,,,78985.0,23637.0,134645.0,100621.0,124035.0,11422.0,77533.0,27432.0,$86202,$20796,$118194,$45903,$79650,$33587,,,$71407,$77611,,,$78985,$23637,$134645,$100621,$124035,$11422,$77533,$27432
2011,6037570502,Census Tract 5705.02,Long Beach,Los Angeles County,California,LongBeach,74723.0,13534.0,86894.0,19327.0,66354.0,34399.0,31534.0,34996.0,75113.0,15345.0,,,66265.0,15830.0,88503.0,70105.0,82924.0,24434.0,68722.0,26616.0,$74723,$13534,$86894,$19327,$66354,$34399,$31534,$34996,$75113,$15345,,,$66265,$15830,$88503,$70105,$82924,$24434,$68722,$26616
2011,6037570601,Census Tract 5706.01,Long Beach,Los Angeles County,California,LongBeach,67479.0,18050.0,63387.0,14747.0,60149.0,39439.0,,,99745.0,30810.0,,,84592.0,59331.0,48505.0,2720.0,68264.0,22312.0,60550.0,19279.0,$67479,$18050,$63387,$14747,$60149,$39439,,,$99745,$30810,,,$84592,$59331,$48505,$2720,$68264,$22312,$60550,$19279
2011,6037570602,Census Tract 5706.02,Long Beach,Los Angeles County,California,LongBeach,61681.0,17687.0,44828.0,35648.0,38092.0,51513.0,,,48231.0,19668.0,,,107603.0,43328.0,51556.0,11022.0,43591.0,46955.0,86062.0,20486.0,$61681,$17687,$44828,$35648,$38092,$51513,,,$48231,$19668,,,$107603,$43328,$51556,$11022,$43591,$46955,$86062,$20486
2011,6037570603,Census Tract 5706.03,Long Beach,Los Angeles County,California,LongBeach,45453.0,8176.0,49929.0,10057.0,39261.0,10604.0,,,70368.0,81504.0,,,70686.0,16014.0,20293.0,46449.0,52557.0,13591.0,63820.0,19285.0,$45453,$8176,$49929,$10057,$39261,$10604,,,$70368,$81504,,,$70686,$16014,$20293,$46449,$52557,$13591,$63820,$19285
2011,6037571000,Census Tract 5710,Long Beach,Los Angeles County,California,LongBeach,115760.0,17334.0,107553.0,16331.0,122121.0,118630.0,137816.0,13963.0,166931.0,142055.0,,,94603.0,93019.0,77784.0,139269.0,109056.0,17239.0,102995.0,21917.0,$115760,$17334,$107553,$16331,$122121,$118630,$137816,$13963,$166931,$142055,,,$94603,$93019,$77784,$139269,$109056,$17239,$102995,$21917
2011,6037571200,Census Tract 5712,Long Beach,Los Angeles County,California,LongBeach,107888.0,10611.0,96860.0,20957.0,151472.0,144923.0,,,170635.0,70533.0,,,104876.0,56327.0,234847.0,223938.0,100831.0,19732.0,103017.0,42840.0,$107888,$10611,$96860,$20957,$151472,$144923,,,$170635,$70533,,,$104876,$56327,$234847,$223938,$100831,$19732,$103017,$42840
2011,6037571400,Census Tract 5714,Long Beach,Los Angeles County,California,LongBeach,132204.0,4514.0,130428.0,23837.0,179497.0,80241.0,,,132741.0,26783.0,,,94322.0,88411.0,150274.0,148073.0,117268.0,32825.0,132249.0,9813.0,$132204,$4514,$130428,$23837,$179497,$80241,,,$132741,$26783,,,$94322,$88411,$150274,$148073,$117268,$32825,$132249,$9813
2011,6037571502,Census Tract 5715.02,Long Beach,Los Angeles County,California,LongBeach,71089.0,7442.0,66885.0,10396.0,79887.0,63968.0,,,99640.0,45042.0,,,77668.0,42887.0,72328.0,24248.0,64351.0,13577.0,71765.0,17652.0,$71089,$7442,$66885,$10396,$79887,$63968,,,$99640,$45042,,,$77668,$42887,$72328,$24248,$64351,$13577,$71765,$17652
2011,6037571503,Census Tract 5715.03,Long Beach,Los Angeles County,California,LongBeach,92804.0,13558.0,109494.0,108991.0,66024.0,63380.0,,,126954.0,77583.0,,,34445.0,85008.0,,,87860.0,26587.0,79627.0,131311.0,$92804,$13558,$109494,$108991,$66024,$63380,,,$126954,$77583,,,$34445,$85008,,,$87860,$26587,$79627,$131311
2011,6037571504,Census Tract 5715.04,Long Beach,Los Angeles County,California,LongBeach,76383.0,24372.0,125463.0,34071.0,43324.0,18552.0,,,137349.0,91256.0,,,55901.0,16265.0,84136.0,62414.0,138149.0,5493.0,55618.0,14342.0,$76383,$24372,$125463,$34071,$43324,$18552,,,$137349,$91256,,,$55901,$16265,$84136,$62414,$138149,$5493,$55618,$14342
2011,6037571600,Census Tract 5716,Long Beach,Los Angeles County,California,LongBeach,21572.0,4261.0,22707.0,7243.0,28810.0,20384.0,,,17143.0,49137.0,,,15719.0,2348.0,44519.0,12012.0,25653.0,15404.0,16755.0,4415.0,$21572,$4261,$22707,$7243,$28810,$20384,,,$17143,$49137,,,$15719,$2348,$44519,$12012,$25653,$15404,$16755,$4415
2011,6037571701,Census Tract 5717.01,Long Beach,Los Angeles County,California,LongBeach,66691.0,14808.0,65015.0,22336.0,34400.0,52927.0,,,93762.0,48585.0,,,68232.0,16800.0,158474.0,148277.0,68604.0,44212.0,65112.0,17114.0,$66691,$14808,$65015,$22336,$34400,$52927,,,$93762,$48585,,,$68232,$16800,$158474,$148277,$68604,$44212,$65112,$17114
2011,6037571703,Census Tract 5717.03,Long Beach,Los Angeles County,California,LongBeach,45265.0,10066.0,43031.0,27984.0,42630.0,17191.0,,,25596.0,6802.0,48445.0,51141.0,62656.0,27460.0,,,20741.0,25897.0,71988.0,30873.0,$45265,$10066,$43031,$27984,$42630,$17191,,,$25596,$6802,$48445,$51141,$62656,$27460,,,$20741,$25897,$71988,$30873
2011,6037571704,Census Tract 5717.04,Long Beach,Los Angeles County,California,LongBeach,57022.0,11970.0,84335.0,63915.0,33649.0,40580.0,,,47066.0,6290.0,5749.0,69649.0,67895.0,19753.0,118321.0,7780.0,51597.0,106094.0,70037.0,33321.0,$57022,$11970,$84335,$63915,$33649,$40580,,,$47066,$6290,$5749,$69649,$67895,$19753,$118321,$7780,$51597,$106094,$70037,$33321
2011,6037571800,Census Tract 5718,Long Beach,Los Angeles County,California,LongBeach,138326.0,26084.0,160253.0,38639.0,153949.0,107016.0,,,118157.0,39072.0,,,79290.0,15114.0,,,160899.0,38962.0,77797.0,65881.0,$138326,$26084,$160253,$38639,$153949,$107016,,,$118157,$39072,,,$79290,$15114,,,$160899,$38962,$77797,$65881
2011,6037571900,Census Tract 5719,Long Beach,Los Angeles County,California,LongBeach,101986.0,18964.0,106340.0,27093.0,95369.0,96287.0,,,64096.0,79088.0,,,106772.0,8282.0,87999.0,64330.0,106130.0,24998.0,107460.0,13930.0,$101986,$18964,$106340,$27093,$95369,$96287,,,$64096,$79088,,,$106772,$8282,$87999,$64330,$106130,$24998,$107460,$13930
2011,6037572001,Census Tract 5720.01,Long Beach,Los Angeles County,California,LongBeach,110650.0,23084.0,123072.0,27730.0,69602.0,51548.0,26925.0,119949.0,146284.0,48563.0,,,88404.0,81577.0,,,113874.0,35667.0,89886.0,77112.0,$110650,$23084,$123072,$27730,$69602,$51548,$26925,$119949,$146284,$48563,,,$88404,$81577,,,$113874,$35667,$89886,$77112
2011,6037572002,Census Tract 5720.02,Long Beach,Los Angeles County,California,LongBeach,81445.0,7087.0,81804.0,24242.0,81639.0,13508.0,,,89411.0,33744.0,,,74421.0,102378.0,,,80928.0,21162.0,76173.0,31670.0,$81445,$7087,$81804,$24242,$81639,$13508,,,$89411,$33744,,,$74421,$102378,,,$80928,$21162,$76173,$31670
2011,6037572100,Census Tract 5721,Long Beach,Los Angeles County,California,LongBeach,134521.0,58529.0,108195.0,82896.0,89128.0,41327.0,,,169221.0,68129.0,,,,,3502.0,,139495.0,109841.0,108134.0,110614.0,$134521,$58529,$108195,$82896,$89128,$41327,,,$169221,$68129,,,,,$3502,,$139495,$109841,$108134,$110614
2011,6037572201,Census Tract 5722.01,Long Beach,Los Angeles County,California,LongBeach,102195.0,16256.0,86073.0,22699.0,89231.0,67273.0,,,112960.0,19621.0,,,87086.0,43158.0,135947.0,114719.0,71668.0,51942.0,100734.0,34616.0,$102195,$16256,$86073,$22699,$89231,$67273,,,$112960,$19621,,,$87086,$43158,$135947,$114719,$71668,$51942,$100734,$34616
2011,6037572202,Census Tract 5722.02,Long Beach,Los Angeles County,California,LongBeach,107648.0,7673.0,123509.0,26919.0,87486.0,27613.0,,,106503.0,39489.0,108968.0,28707.0,116232.0,18677.0,81026.0,110321.0,129322.0,28598.0,110370.0,38507.0,$107648,$7673,$123509,$26919,$87486,$27613,,,$106503,$39489,$108968,$28707,$116232,$18677,$81026,$110321,$129322,$28598,$110370,$38507
2011,6037572301,Census Tract 5723.01,Long Beach,Los Angeles County,California,LongBeach,61828.0,14636.0,37925.0,15281.0,65915.0,10638.0,,,94077.0,44865.0,79749.0,231095.0,37666.0,58911.0,25694.0,90669.0,36018.0,11205.0,43140.0,16698.0,$61828,$14636,$37925,$15281,$65915,$10638,,,$94077,$44865,$79749,$231095,$37666,$58911,$25694,$90669,$36018,$11205,$43140,$16698
2011,6037572302,Census Tract 5723.02,Long Beach,Los Angeles County,California,LongBeach,97298.0,26350.0,106105.0,13698.0,62113.0,30372.0,204272.0,212406.0,105278.0,59936.0,41461.0,129130.0,100384.0,82238.0,48851.0,117153.0,56762.0,31108.0,107057.0,16754.0,$97298,$26350,$106105,$13698,$62113,$30372,$204272,$212406,$105278,$59936,$41461,$129130,$100384,$82238,$48851,$117153,$56762,$31108,$107057,$16754
2011,6037572400,Census Tract 5724,Long Beach,Los Angeles County,California,LongBeach,121435.0,29457.0,83135.0,69881.0,127104.0,28950.0,,,135534.0,122201.0,,,83507.0,81406.0,32410.0,38700.0,,,83091.0,29268.0,$121435,$29457,$83135,$69881,$127104,$28950,,,$135534,$122201,,,$83507,$81406,$32410,$38700,,,$83091,$29268
2011,6037572500,Census Tract 5725,Long Beach,Los Angeles County,California,LongBeach,29782.0,5427.0,36853.0,9533.0,23942.0,6022.0,,,30519.0,9706.0,,,24242.0,104284.0,22541.0,40969.0,39837.0,10681.0,23998.0,12827.0,$29782,$5427,$36853,$9533,$23942,$6022,,,$30519,$9706,,,$24242,$104284,$22541,$40969,$39837,$10681,$23998,$12827
2011,6037572600,Census Tract 5726,Long Beach,Los Angeles County,California,LongBeach,82187.0,11195.0,91867.0,11201.0,43755.0,16553.0,,,98259.0,33009.0,,,80915.0,48267.0,78736.0,23467.0,108887.0,21827.0,81882.0,10409.0,$82187,$11195,$91867,$11201,$43755,$16553,,,$98259,$33009,,,$80915,$48267,$78736,$23467,$108887,$21827,$81882,$10409
2011,6037572700,Census Tract 5727,Long Beach,Los Angeles County,California,LongBeach,75723.0,9462.0,42152.0,11530.0,61567.0,22406.0,,,124560.0,26168.0,,,75916.0,40332.0,75793.0,5896.0,42585.0,25676.0,59346.0,33052.0,$75723,$9462,$42152,$11530,$61567,$22406,,,$124560,$26168,,,$75916,$40332,$75793,$5896,$42585,$25676,$59346,$33052
2011,6037572800,Census Tract 5728,Long Beach,Los Angeles County,California,LongBeach,19347.0,4881.0,20206.0,7358.0,16497.0,5547.0,,,88646.0,274639.0,,,,,46601.0,7450.0,23150.0,8900.0,12263.0,14607.0,$19347,$4881,$20206,$7358,$16497,$5547,,,$88646,$274639,,,,,$46601,$7450,$23150,$8900,$12263,$14607
2011,6037572900,Census Tract 5729,Long Beach,Los Angeles County,California,LongBeach,64278.0,12583.0,48837.0,10297.0,44474.0,73357.0,,,74529.0,20646.0,108469.0,8930.0,87011.0,55724.0,100297.0,325248.0,17257.0,19661.0,56903.0,12319.0,$64278,$12583,$48837,$10297,$44474,$73357,,,$74529,$20646,$108469,$8930,$87011,$55724,$100297,$325248,$17257,$19661,$56903,$12319
2011,6037573002,Census Tract 5730.02,Long Beach,Los Angeles County,California,LongBeach,35754.0,7174.0,40294.0,13156.0,29478.0,20162.0,,,41371.0,28496.0,12730.0,183323.0,32932.0,2231.0,56840.0,32622.0,75228.0,69476.0,33629.0,4483.0,$35754,$7174,$40294,$13156,$29478,$20162,,,$41371,$28496,$12730,$183323,$32932,$2231,$56840,$32622,$75228,$69476,$33629,$4483
2011,6037573003,Census Tract 5730.03,Long Beach,Los Angeles County,California,LongBeach,68530.0,48750.0,51443.0,20448.0,123271.0,190377.0,,,196602.0,211765.0,,,,,,,93881.0,86659.0,24480.0,16063.0,$68530,$48750,$51443,$20448,$123271,$190377,,,$196602,$211765,,,,,,,$93881,$86659,$24480,$16063
2011,6037573004,Census Tract 5730.04,Long Beach,Los Angeles County,California,LongBeach,47153.0,13675.0,56442.0,27893.0,45579.0,20642.0,40489.0,16237.0,83008.0,97477.0,,,30473.0,16883.0,77084.0,167819.0,79587.0,118166.0,43610.0,26548.0,$47153,$13675,$56442,$27893,$45579,$20642,$40489,$16237,$83008,$97477,,,$30473,$16883,$77084,$167819,$79587,$118166,$43610,$26548
2011,6037573100,Census Tract 5731,Long Beach,Los Angeles County,California,LongBeach,72366.0,7963.0,58064.0,28249.0,76367.0,11470.0,167913.0,9006.0,75332.0,39834.0,3502.0,,69109.0,22918.0,62096.0,104733.0,37229.0,15251.0,69955.0,20066.0,$72366,$7963,$58064,$28249,$76367,$11470,$167913,$9006,$75332,$39834,$3502,,$69109,$22918,$62096,$104733,$37229,$15251,$69955,$20066
2011,6037573201,Census Tract 5732.01,Long Beach,Los Angeles County,California,LongBeach,44638.0,17630.0,56244.0,28961.0,64120.0,34497.0,,,30877.0,57607.0,,,41886.0,8681.0,36630.0,57143.0,37338.0,96624.0,49203.0,17038.0,$44638,$17630,$56244,$28961,$64120,$34497,,,$30877,$57607,,,$41886,$8681,$36630,$57143,$37338,$96624,$49203,$17038
2011,6037573202,Census Tract 5732.02,Long Beach,Los Angeles County,California,LongBeach,50643.0,7403.0,57322.0,26021.0,25897.0,12939.0,16818.0,82725.0,46780.0,35901.0,,,48616.0,20380.0,54494.0,10961.0,116940.0,196158.0,54871.0,4726.0,$50643,$7403,$57322,$26021,$25897,$12939,$16818,$82725,$46780,$35901,,,$48616,$20380,$54494,$10961,$116940,$196158,$54871,$4726
2011,6037573300,Census Tract 5733,Long Beach,Los Angeles County,California,LongBeach,40915.0,6391.0,28995.0,12130.0,27910.0,11345.0,,,45507.0,7026.0,,,57462.0,35538.0,119246.0,161417.0,157755.0,274320.0,37666.0,8137.0,$40915,$6391,$28995,$12130,$27910,$11345,,,$45507,$7026,,,$57462,$35538,$119246,$161417,$157755,$274320,$37666,$8137
2011,6037573401,Census Tract 5734.01,Long Beach,Los Angeles County,California,LongBeach,87922.0,30730.0,88796.0,31749.0,27739.0,29080.0,,,82339.0,32186.0,,,89180.0,24353.0,,,89647.0,22018.0,88262.0,41690.0,$87922,$30730,$88796,$31749,$27739,$29080,,,$82339,$32186,,,$89180,$24353,,,$89647,$22018,$88262,$41690
2011,6037573402,Census Tract 5734.02,Long Beach,Los Angeles County,California,LongBeach,89200.0,9553.0,90369.0,22258.0,89906.0,22168.0,179062.0,203094.0,86161.0,56205.0,,,75370.0,52457.0,102646.0,54450.0,109836.0,21656.0,67309.0,32288.0,$89200,$9553,$90369,$22258,$89906,$22168,$179062,$203094,$86161,$56205,,,$75370,$52457,$102646,$54450,$109836,$21656,$67309,$32288
2011,6037573403,Census Tract 5734.03,Long Beach,Los Angeles County,California,LongBeach,132212.0,15822.0,130486.0,27676.0,165336.0,36745.0,,,100443.0,77995.0,,,,,211258.0,149682.0,129133.0,14118.0,90069.0,167836.0,$132212,$15822,$130486,$27676,$165336,$36745,,,$100443,$77995,,,,,$211258,$149682,$129133,$14118,$90069,$167836
2011,6037573601,Census Tract 5736.01,Long Beach,Los Angeles County,California,LongBeach,123011.0,19185.0,125194.0,24365.0,75573.0,17438.0,,,172826.0,79804.0,,,127772.0,94289.0,136410.0,98352.0,125194.0,24152.0,127304.0,24043.0,$123011,$19185,$125194,$24365,$75573,$17438,,,$172826,$79804,,,$127772,$94289,$136410,$98352,$125194,$24152,$127304,$24043
2011,6037573700,Census Tract 5737,Long Beach,Los Angeles County,California,LongBeach,155152.0,15340.0,142382.0,16273.0,187704.0,28430.0,,,226170.0,70889.0,,,193860.0,41222.0,,,142940.0,14489.0,179920.0,31236.0,$155152,$15340,$142382,$16273,$187704,$28430,,,$226170,$70889,,,$193860,$41222,,,$142940,$14489,$179920,$31236
2011,6037573800,Census Tract 5738,Long Beach,Los Angeles County,California,LongBeach,141003.0,10776.0,141493.0,14727.0,228703.0,140965.0,,,141371.0,30818.0,,,127363.0,2380.0,259361.0,208769.0,141493.0,13540.0,134801.0,29981.0,$141003,$10776,$141493,$14727,$228703,$140965,,,$141371,$30818,,,$127363,$2380,$259361,$208769,$141493,$13540,$134801,$29981
2011,6037573902,Census Tract 5739.02,Long Beach,Los Angeles County,California,LongBeach,144396.0,29023.0,128765.0,44312.0,170185.0,53261.0,276021.0,222570.0,150529.0,142512.0,,,,,120256.0,143352.0,128765.0,44312.0,,,$144396,$29023,$128765,$44312,$170185,$53261,$276021,$222570,$150529,$142512,,,,,$120256,$143352,$128765,$44312,,
2011,6037574000,Census Tract 5740,Long Beach,Los Angeles County,California,LongBeach,142955.0,15464.0,147629.0,19218.0,,,,,125307.0,22827.0,,,141904.0,62564.0,223262.0,37219.0,142877.0,19457.0,148211.0,15546.0,$142955,$15464,$147629,$19218,,,,,$125307,$22827,,,$141904,$62564,$223262,$37219,$142877,$19457,$148211,$15546
2011,6037574100,Census Tract 5741,Long Beach,Los Angeles County,California,LongBeach,123481.0,6746.0,122983.0,12119.0,242857.0,85463.0,,,119714.0,40573.0,,,169497.0,209850.0,,,121271.0,19394.0,124669.0,30657.0,$123481,$6746,$122983,$12119,$242857,$85463,,,$119714,$40573,,,$169497,$209850,,,$121271,$19394,$124669,$30657
2011,6037574201,Census Tract 5742.01,Long Beach,Los Angeles County,California,LongBeach,131457.0,18473.0,118969.0,31170.0,123346.0,92276.0,131392.0,30054.0,144777.0,30608.0,,,142748.0,363962.0,,,118333.0,38190.0,133048.0,51771.0,$131457,$18473,$118969,$31170,$123346,$92276,$131392,$30054,$144777,$30608,,,$142748,$363962,,,$118333,$38190,$133048,$51771
2011,6037574202,Census Tract 5742.02,Long Beach,Los Angeles County,California,LongBeach,84569.0,19501.0,73831.0,8569.0,,,,,263423.0,320870.0,,,124260.0,38515.0,144734.0,148748.0,70789.0,9480.0,144801.0,21474.0,$84569,$19501,$73831,$8569,,,,,$263423,$320870,,,$124260,$38515,$144734,$148748,$70789,$9480,$144801,$21474
2011,6037574300,Census Tract 5743,Long Beach,Los Angeles County,California,LongBeach,135527.0,18657.0,139729.0,36511.0,37386.0,59053.0,,,134826.0,23422.0,,,114249.0,23824.0,222892.0,77791.0,145642.0,32019.0,116581.0,52379.0,$135527,$18657,$139729,$36511,$37386,$59053,,,$134826,$23422,,,$114249,$23824,$222892,$77791,$145642,$32019,$116581,$52379
2011,6037574400,Census Tract 5744,Long Beach,Los Angeles County,California,LongBeach,132407.0,11159.0,132945.0,10719.0,241762.0,187197.0,,,101232.0,121309.0,,,104092.0,239423.0,,,129422.0,8008.0,167015.0,24510.0,$132407,$11159,$132945,$10719,$241762,$187197,,,$101232,$121309,,,$104092,$239423,,,$129422,$8008,$167015,$24510
2011,6037574500,Census Tract 5745,Long Beach,Los Angeles County,California,LongBeach,131142.0,14646.0,129628.0,13732.0,148912.0,134460.0,,,104443.0,123791.0,,,141957.0,78728.0,220945.0,316996.0,130141.0,20131.0,136430.0,12678.0,$131142,$14646,$129628,$13732,$148912,$134460,,,$104443,$123791,,,$141957,$78728,$220945,$316996,$130141,$20131,$136430,$12678
2011,6037574601,Census Tract 5746.01,Long Beach,Los Angeles County,California,LongBeach,,,,,,,,,,,,,,,,,,,,,,,,,,,,,,,,,,,,,,,,
2011,6037574602,Census Tract 5746.02,Long Beach,Los Angeles County,California,LongBeach,152415.0,22045.0,110370.0,59038.0,,,,,281026.0,118340.0,,,,,,,140889.0,71276.0,75332.0,43827.0,$152415,$22045,$110370,$59038,,,,,$281026,$118340,,,,,,,$140889,$71276,$75332,$43827
2011,6037574700,Census Tract 5747,Long Beach,Los Angeles County,California,LongBeach,,,,,,,,,,,,,,,,,,,,,,,,,,,,,,,,,,,,,,,,
2011,6037574800,Census Tract 5748,Long Beach,Los Angeles County,California,LongBeach,111589.0,23212.0,120117.0,17865.0,26065.0,145524.0,,,124183.0,48749.0,,,62443.0,139914.0,79093.0,31774.0,121331.0,20260.0,77135.0,20228.0,$111589,$23212,$120117,$17865,$26065,$145524,,,$124183,$48749,,,$62443,$139914,$79093,$31774,$121331,$20260,$77135,$20228
2011,6037574901,Census Tract 5749.01,Long Beach,Los Angeles County,California,LongBeach,144151.0,13448.0,145139.0,11892.0,,,136966.0,44919.0,106087.0,57593.0,,,,,287603.0,210326.0,144357.0,11982.0,130641.0,33311.0,$144151,$13448,$145139,$11892,,,$136966,$44919,$106087,$57593,,,,,$287603,$210326,$144357,$11982,$130641,$33311
2011,6037574902,Census Tract 5749.02,Long Beach,Los Angeles County,California,LongBeach,77138.0,12790.0,80039.0,14340.0,38609.0,12834.0,,,53141.0,67706.0,,,99226.0,18572.0,55331.0,9127.0,77522.0,16293.0,100297.0,10202.0,$77138,$12790,$80039,$14340,$38609,$12834,,,$53141,$67706,,,$99226,$18572,$55331,$9127,$77522,$16293,$100297,$10202
2011,6037575001,Census Tract 5750.01,Long Beach,Los Angeles County,California,LongBeach,97912.0,21155.0,104623.0,24709.0,123471.0,85948.0,117101.0,1146.0,57922.0,78707.0,,,90514.0,59134.0,182977.0,136463.0,111246.0,38246.0,102241.0,23320.0,$97912,$21155,$104623,$24709,$123471,$85948,$117101,$1146,$57922,$78707,,,$90514,$59134,$182977,$136463,$111246,$38246,$102241,$23320
2011,6037575002,Census Tract 5750.02,Long Beach,Los Angeles County,California,LongBeach,84701.0,9015.0,82339.0,8392.0,40545.0,40835.0,77835.0,40697.0,110370.0,32696.0,,,96041.0,15647.0,102486.0,51988.0,83254.0,18629.0,83578.0,15562.0,$84701,$9015,$82339,$8392,$40545,$40835,$77835,$40697,$110370,$32696,,,$96041,$15647,$102486,$51988,$83254,$18629,$83578,$15562
2011,6037575101,Census Tract 5751.01,Long Beach,Los Angeles County,California,LongBeach,60408.0,14730.0,57033.0,40859.0,59915.0,68529.0,,,44435.0,22560.0,61317.0,153266.0,70076.0,11022.0,71904.0,18926.0,69492.0,51101.0,64351.0,16905.0,$60408,$14730,$57033,$40859,$59915,$68529,,,$44435,$22560,$61317,$153266,$70076,$11022,$71904,$18926,$69492,$51101,$64351,$16905
2011,6037575102,Census Tract 5751.02,Long Beach,Los Angeles County,California,LongBeach,48093.0,9502.0,44316.0,33341.0,28119.0,34641.0,,,32501.0,17476.0,,,68499.0,22845.0,36205.0,34138.0,85533.0,63469.0,57696.0,22283.0,$48093,$9502,$44316,$33341,$28119,$34641,,,$32501,$17476,,,$68499,$22845,$36205,$34138,$85533,$63469,$57696,$22283
2011,6037575103,Census Tract 5751.03,Long Beach,Los Angeles County,California,LongBeach,46323.0,5553.0,49540.0,4191.0,36870.0,18958.0,,,63189.0,48009.0,,,43947.0,20586.0,38542.0,16192.0,50954.0,23090.0,44908.0,4611.0,$46323,$5553,$49540,$4191,$36870,$18958,,,$63189,$48009,,,$43947,$20586,$38542,$16192,$50954,$23090,$44908,$4611
2011,6037575201,Census Tract 5752.01,Long Beach,Los Angeles County,California,LongBeach,42598.0,8294.0,41634.0,17651.0,21274.0,33725.0,,,53111.0,24822.0,,,48794.0,16563.0,56352.0,60120.0,47067.0,54565.0,45614.0,12804.0,$42598,$8294,$41634,$17651,$21274,$33725,,,$53111,$24822,,,$48794,$16563,$56352,$60120,$47067,$54565,$45614,$12804
2011,6037575202,Census Tract 5752.02,Long Beach,Los Angeles County,California,LongBeach,61685.0,15270.0,81463.0,15281.0,52167.0,67469.0,,,40760.0,18511.0,,,43408.0,34287.0,,,99184.0,21184.0,68925.0,13408.0,$61685,$15270,$81463,$15281,$52167,$67469,,,$40760,$18511,,,$43408,$34287,,,$99184,$21184,$68925,$13408
2011,6037575300,Census Tract 5753,Long Beach,Los Angeles County,California,LongBeach,36790.0,2615.0,36752.0,6352.0,26936.0,22974.0,6570.0,78554.0,53542.0,44141.0,,,40294.0,30370.0,34250.0,57094.0,34162.0,30703.0,38980.0,15682.0,$36790,$2615,$36752,$6352,$26936,$22974,$6570,$78554,$53542,$44141,,,$40294,$30370,$34250,$57094,$34162,$30703,$38980,$15682
2011,6037575401,Census Tract 5754.01,Long Beach,Los Angeles County,California,LongBeach,49432.0,8377.0,56442.0,13833.0,22297.0,21309.0,,,61317.0,44847.0,,,36353.0,10134.0,88095.0,122463.0,37308.0,12248.0,51113.0,10817.0,$49432,$8377,$56442,$13833,$22297,$21309,,,$61317,$44847,,,$36353,$10134,$88095,$122463,$37308,$12248,$51113,$10817
2011,6037575402,Census Tract 5754.02,Long Beach,Los Angeles County,California,LongBeach,43307.0,6691.0,46550.0,12841.0,29345.0,10586.0,,,30950.0,181630.0,,,42895.0,6262.0,91537.0,87581.0,17072.0,13661.0,46495.0,6813.0,$43307,$6691,$46550,$12841,$29345,$10586,,,$30950,$181630,,,$42895,$6262,$91537,$87581,$17072,$13661,$46495,$6813
2011,6037575500,Census Tract 5755,Long Beach,Los Angeles County,California,LongBeach,,,,,,,,,,,,,,,,,,,,,,,,,,,,,,,,,,,,,,,,
2011,6037575801,Census Tract 5758.01,Long Beach,Los Angeles County,California,LongBeach,45331.0,13872.0,45122.0,11191.0,76309.0,72684.0,,,,,,,31729.0,11581.0,27482.0,2597.0,71988.0,77936.0,34538.0,12521.0,$45331,$13872,$45122,$11191,$76309,$72684,,,,,,,$31729,$11581,$27482,$2597,$71988,$77936,$34538,$12521
2011,6037575802,Census Tract 5758.02,Long Beach,Los Angeles County,California,LongBeach,45001.0,6160.0,43798.0,6635.0,36133.0,25670.0,,,36229.0,6256.0,,,50735.0,29625.0,75018.0,42881.0,47849.0,26141.0,45397.0,12440.0,$45001,$6160,$43798,$6635,$36133,$25670,,,$36229,$6256,,,$50735,$29625,$75018,$42881,$47849,$26141,$45397,$12440
2011,6037575803,Census Tract 5758.03,Long Beach,Los Angeles County,California,LongBeach,33987.0,6846.0,36524.0,9980.0,30738.0,15003.0,,,16898.0,8750.0,,,51506.0,38417.0,50993.0,13078.0,17519.0,14666.0,50586.0,11600.0,$33987,$6846,$36524,$9980,$30738,$15003,,,$16898,$8750,,,$51506,$38417,$50993,$13078,$17519,$14666,$50586,$11600
2011,6037575901,Census Tract 5759.01,Long Beach,Los Angeles County,California,LongBeach,63157.0,12745.0,65353.0,23816.0,49345.0,31585.0,,,54947.0,168016.0,,,57503.0,37231.0,116911.0,14623.0,96811.0,12860.0,54449.0,12779.0,$63157,$12745,$65353,$23816,$49345,$31585,,,$54947,$168016,,,$57503,$37231,$116911,$14623,$96811,$12860,$54449,$12779
2011,6037575902,Census Tract 5759.02,Long Beach,Los Angeles County,California,LongBeach,46907.0,5806.0,47666.0,15798.0,32986.0,26825.0,,,52207.0,39273.0,,,46177.0,27136.0,56827.0,18026.0,44228.0,15323.0,48840.0,16583.0,$46907,$5806,$47666,$15798,$32986,$26825,,,$52207,$39273,,,$46177,$27136,$56827,$18026,$44228,$15323,$48840,$16583
2011,6037576001,Census Tract 5760.01,Long Beach,Los Angeles County,California,LongBeach,93927.0,24196.0,107292.0,23316.0,65629.0,92733.0,,,154021.0,59880.0,,,10056.0,68000.0,60624.0,19272.0,115117.0,29686.0,59189.0,30960.0,$93927,$24196,$107292,$23316,$65629,$92733,,,$154021,$59880,,,$10056,$68000,$60624,$19272,$115117,$29686,$59189,$30960
2011,6037576200,Census Tract 5762,Long Beach,Los Angeles County,California,LongBeach,51858.0,10551.0,66973.0,25857.0,29345.0,25533.0,,,165007.0,155337.0,,,50734.0,8392.0,37436.0,32340.0,69726.0,18846.0,50879.0,2174.0,$51858,$10551,$66973,$25857,$29345,$25533,,,$165007,$155337,,,$50734,$8392,$37436,$32340,$69726,$18846,$50879,$2174
2011,6037576301,Census Tract 5763.01,Long Beach,Los Angeles County,California,LongBeach,46616.0,15300.0,39167.0,13316.0,44711.0,16880.0,3502.0,,96296.0,37639.0,,,57618.0,26721.0,133758.0,169400.0,28672.0,26883.0,45140.0,19844.0,$46616,$15300,$39167,$13316,$44711,$16880,$3502,,$96296,$37639,,,$57618,$26721,$133758,$169400,$28672,$26883,$45140,$19844
2011,6037576302,Census Tract 5763.02,Long Beach,Los Angeles County,California,LongBeach,37296.0,6018.0,38404.0,11010.0,35202.0,15361.0,48469.0,155846.0,16249.0,5355.0,,,49160.0,36671.0,70119.0,58648.0,56352.0,39034.0,38596.0,13926.0,$37296,$6018,$38404,$11010,$35202,$15361,$48469,$155846,$16249,$5355,,,$49160,$36671,$70119,$58648,$56352,$39034,$38596,$13926
2011,6037576401,Census Tract 5764.01,Long Beach,Los Angeles County,California,LongBeach,42908.0,7718.0,35362.0,13111.0,39873.0,13701.0,,,77584.0,59965.0,,,34162.0,28276.0,50327.0,19732.0,23819.0,38533.0,37491.0,12963.0,$42908,$7718,$35362,$13111,$39873,$13701,,,$77584,$59965,,,$34162,$28276,$50327,$19732,$23819,$38533,$37491,$12963
2011,6037576402,Census Tract 5764.02,Long Beach,Los Angeles County,California,LongBeach,37599.0,7155.0,45374.0,16326.0,29782.0,25830.0,,,26194.0,12095.0,,,34838.0,17827.0,45258.0,110895.0,35491.0,10574.0,44766.0,17665.0,$37599,$7155,$45374,$16326,$29782,$25830,,,$26194,$12095,,,$34838,$17827,$45258,$110895,$35491,$10574,$44766,$17665
2011,6037576403,Census Tract 5764.03,Long Beach,Los Angeles County,California,LongBeach,47177.0,12047.0,67920.0,21470.0,17295.0,28557.0,,,40466.0,38494.0,,,46801.0,14464.0,51973.0,38142.0,73793.0,20244.0,48728.0,13791.0,$47177,$12047,$67920,$21470,$17295,$28557,,,$40466,$38494,,,$46801,$14464,$51973,$38142,$73793,$20244,$48728,$13791
2011,6037576501,Census Tract 5765.01,Long Beach,Los Angeles County,California,LongBeach,59133.0,4849.0,65337.0,9847.0,23624.0,11840.0,,,48655.0,21506.0,,,56937.0,41203.0,27330.0,100918.0,80296.0,25931.0,60495.0,6893.0,$59133,$4849,$65337,$9847,$23624,$11840,,,$48655,$21506,,,$56937,$41203,$27330,$100918,$80296,$25931,$60495,$6893
2011,6037576502,Census Tract 5765.02,Long Beach,Los Angeles County,California,LongBeach,56633.0,7365.0,46644.0,9523.0,57402.0,11307.0,44798.0,62857.0,64696.0,105938.0,,,61387.0,23040.0,68824.0,33484.0,46207.0,8395.0,54205.0,15278.0,$56633,$7365,$46644,$9523,$57402,$11307,$44798,$62857,$64696,$105938,,,$61387,$23040,$68824,$33484,$46207,$8395,$54205,$15278
2011,6037576503,Census Tract 5765.03,Long Beach,Los Angeles County,California,LongBeach,47788.0,12880.0,42630.0,10821.0,60149.0,26458.0,66732.0,62600.0,33894.0,16925.0,,,56696.0,14999.0,61317.0,19265.0,29125.0,15138.0,56477.0,18197.0,$47788,$12880,$42630,$10821,$60149,$26458,$66732,$62600,$33894,$16925,,,$56696,$14999,$61317,$19265,$29125,$15138,$56477,$18197
2011,6037576601,Census Tract 5766.01,Long Beach,Los Angeles County,California,LongBeach,64693.0,10333.0,69395.0,10084.0,50455.0,35290.0,,,67660.0,24152.0,,,74722.0,48113.0,70201.0,40048.0,65419.0,10611.0,77944.0,15513.0,$64693,$10333,$69395,$10084,$50455,$35290,,,$67660,$24152,,,$74722,$48113,$70201,$40048,$65419,$10611,$77944,$15513
2011,6037576602,Census Tract 5766.02,Long Beach,Los Angeles County,California,LongBeach,75378.0,13099.0,75208.0,12412.0,98799.0,115365.0,,,109785.0,40090.0,,,67273.0,38413.0,72353.0,33938.0,79127.0,15825.0,64820.0,11285.0,$75378,$13099,$75208,$12412,$98799,$115365,,,$109785,$40090,,,$67273,$38413,$72353,$33938,$79127,$15825,$64820,$11285
2011,6037576700,Census Tract 5767,Long Beach,Los Angeles County,California,LongBeach,98375.0,14346.0,89445.0,16211.0,118496.0,111836.0,,,189242.0,62705.0,,,135897.0,162817.0,92666.0,22392.0,87037.0,13414.0,102284.0,3453.0,$98375,$14346,$89445,$16211,$118496,$111836,,,$189242,$62705,,,$135897,$162817,$92666,$22392,$87037,$13414,$102284,$3453
2011,6037576801,Census Tract 5768.01,Long Beach,Los Angeles County,California,LongBeach,55782.0,13756.0,56749.0,16965.0,44738.0,32353.0,,,68714.0,38868.0,,,33111.0,30507.0,75147.0,20195.0,64120.0,26075.0,43266.0,17012.0,$55782,$13756,$56749,$16965,$44738,$32353,,,$68714,$38868,,,$33111,$30507,$75147,$20195,$64120,$26075,$43266,$17012
2011,6037576802,Census Tract 5768.02,Long Beach,Los Angeles County,California,LongBeach,74491.0,13748.0,77706.0,21281.0,44602.0,6575.0,,,84740.0,55497.0,,,57813.0,39835.0,83800.0,126819.0,79887.0,26775.0,77960.0,17972.0,$74491,$13748,$77706,$21281,$44602,$6575,,,$84740,$55497,,,$57813,$39835,$83800,$126819,$79887,$26775,$77960,$17972
2011,6037576901,Census Tract 5769.01,Long Beach,Los Angeles County,California,LongBeach,50336.0,7177.0,55380.0,14029.0,48341.0,16708.0,,,49092.0,19611.0,,,46075.0,22874.0,,,70076.0,25932.0,45807.0,12750.0,$50336,$7177,$55380,$14029,$48341,$16708,,,$49092,$19611,,,$46075,$22874,,,$70076,$25932,$45807,$12750
2011,6037576903,Census Tract 5769.03,Long Beach,Los Angeles County,California,LongBeach,51618.0,11306.0,64597.0,6682.0,50734.0,41973.0,26629.0,21823.0,55387.0,55221.0,,,47237.0,12782.0,,,66669.0,42619.0,48729.0,18253.0,$51618,$11306,$64597,$6682,$50734,$41973,$26629,$21823,$55387,$55221,,,$47237,$12782,,,$66669,$42619,$48729,$18253
2011,6037576904,Census Tract 5769.04,Long Beach,Los Angeles County,California,LongBeach,46886.0,17534.0,60471.0,14385.0,24168.0,40623.0,,,32168.0,34057.0,,,66354.0,61382.0,29697.0,10342.0,62344.0,24367.0,34648.0,35299.0,$46886,$17534,$60471,$14385,$24168,$40623,,,$32168,$34057,,,$66354,$61382,$29697,$10342,$62344,$24367,$34648,$35299
2011,6037577000,Census Tract 5770,Long Beach,Los Angeles County,California,LongBeach,76913.0,6692.0,73580.0,9165.0,83190.0,20971.0,48347.0,94408.0,85406.0,40929.0,,,78135.0,25515.0,34674.0,128404.0,75818.0,10471.0,58205.0,24391.0,$76913,$6692,$73580,$9165,$83190,$20971,$48347,$94408,$85406,$40929,,,$78135,$25515,$34674,$128404,$75818,$10471,$58205,$24391
2011,6037577100,Census Tract 5771,Long Beach,Los Angeles County,California,LongBeach,81256.0,13250.0,95075.0,20267.0,82499.0,13305.0,,,55436.0,49898.0,,,60958.0,2800.0,44423.0,20028.0,103586.0,17056.0,57834.0,6074.0,$81256,$13250,$95075,$20267,$82499,$13305,,,$55436,$49898,,,$60958,$2800,$44423,$20028,$103586,$17056,$57834,$6074
2011,6037577200,Census Tract 5772,Long Beach,Los Angeles County,California,LongBeach,85460.0,10265.0,86153.0,9038.0,,,,,109724.0,94170.0,,,27749.0,119492.0,180008.0,124953.0,82443.0,14939.0,86418.0,16904.0,$85460,$10265,$86153,$9038,,,,,$109724,$94170,,,$27749,$119492,$180008,$124953,$82443,$14939,$86418,$16904
2011,6037577300,Census Tract 5773,Long Beach,Los Angeles County,California,LongBeach,71492.0,5739.0,73395.0,10193.0,47461.0,37529.0,35184.0,3267.0,213922.0,236682.0,,,61635.0,38850.0,69330.0,29290.0,73477.0,10720.0,61555.0,14942.0,$71492,$5739,$73395,$10193,$47461,$37529,$35184,$3267,$213922,$236682,,,$61635,$38850,$69330,$29290,$73477,$10720,$61555,$14942
2011,6037577400,Census Tract 5774,Long Beach,Los Angeles County,California,LongBeach,101968.0,16747.0,101902.0,16182.0,,,,,44455.0,128357.0,,,83461.0,65776.0,151790.0,31063.0,100460.0,17648.0,120037.0,22703.0,$101968,$16747,$101902,$16182,,,,,$44455,$128357,,,$83461,$65776,$151790,$31063,$100460,$17648,$120037,$22703
2011,6037577501,Census Tract 5775.01,Long Beach,Los Angeles County,California,LongBeach,148649.0,21466.0,163145.0,21718.0,,,,,67011.0,15606.0,,,76803.0,23897.0,,,165344.0,18671.0,76243.0,21634.0,$148649,$21466,$163145,$21718,,,,,$67011,$15606,,,$76803,$23897,,,$165344,$18671,$76243,$21634
2011,6037577504,Census Tract 5775.04,Long Beach,Los Angeles County,California,LongBeach,148115.0,60777.0,148274.0,66987.0,,,,,,,,,,,,,147638.0,89367.0,154359.0,65970.0,$148115,$60777,$148274,$66987,,,,,,,,,,,,,$147638,$89367,$154359,$65970
2011,6037577602,Census Tract 5776.02,Long Beach,Los Angeles County,California,LongBeach,104141.0,21024.0,109494.0,30419.0,96004.0,97296.0,,,102925.0,42078.0,,,158656.0,128489.0,110529.0,19391.0,116560.0,25624.0,89638.0,71454.0,$104141,$21024,$109494,$30419,$96004,$97296,,,$102925,$42078,,,$158656,$128489,$110529,$19391,$116560,$25624,$89638,$71454
2011,6037577603,Census Tract 5776.03,Long Beach,Los Angeles County,California,LongBeach,127030.0,9001.0,137659.0,21288.0,72317.0,35269.0,,,164864.0,145057.0,,,30894.0,62261.0,78836.0,127461.0,145659.0,23938.0,71358.0,24700.0,$127030,$9001,$137659,$21288,$72317,$35269,,,$164864,$145057,,,$30894,$62261,$78836,$127461,$145659,$23938,$71358,$24700
2011,6037577604,Census Tract 5776.04,Long Beach,Los Angeles County,California,LongBeach,126137.0,8957.0,126653.0,9443.0,193225.0,118926.0,,,51908.0,265389.0,,,,,,,126027.0,12003.0,,,$126137,$8957,$126653,$9443,$193225,$118926,,,$51908,$265389,,,,,,,$126027,$12003,,
2011,6037980006,Census Tract 9800.06,Long Beach,Los Angeles County,California,LongBeach,,,,,,,,,,,,,,,,,,,,,,,,,,,,,,,,,,,,,,,,
2011,6037980007,Census Tract 9800.07,Long Beach,Los Angeles County,California,LongBeach,,,,,,,,,,,,,,,,,,,,,,,,,,,,,,,,,,,,,,,,
2011,6037980018,Census Tract 9800.18,Long Beach,Los Angeles County,California,LongBeach,,,,,,,,,,,,,,,,,,,,,,,,,,,,,,,,,,,,,,,,
2011,6037980033,Census Tract 9800.33,Long Beach,Los Angeles County,California,LongBeach,,,,,,,,,,,,,,,,,,,,,,,,,,,,,,,,,,,,,,,,
2011,6037990300,Census Tract 9903,Long Beach,Los Angeles County,California,LongBeach,,,,,,,,,,,,,,,,,,,,,,,,,,,,,,,,,,,,,,,,
2012,6037542402,Census Tract 5424.02,Long Beach,Los Angeles County,California,LongBeach,69379.0,11032.0,67954.0,20315.0,71795.0,41368.0,,,,,,,53196.0,41324.0,,,39336.0,13142.0,67782.0,11565.0,$69379,$11032,$67954,$20315,$71795,$41368,,,,,,,$53196,$41324,,,$39336,$13142,$67782,$11565
2012,6037543305,Census Tract 5433.05,Long Beach,Los Angeles County,California,LongBeach,64156.0,12215.0,60060.0,18843.0,89529.0,49118.0,,,130147.0,10103.0,,,86753.0,94298.0,,,48467.0,10915.0,68395.0,39342.0,$64156,$12215,$60060,$18843,$89529,$49118,,,$130147,$10103,,,$86753,$94298,,,$48467,$10915,$68395,$39342
2012,6037544001,Census Tract 5440.01,Long Beach,Los Angeles County,California,LongBeach,76752.0,10190.0,65126.0,35451.0,114973.0,146089.0,,,93523.0,50662.0,,,81288.0,45721.0,52021.0,59433.0,80956.0,19768.0,76258.0,26288.0,$76752,$10190,$65126,$35451,$114973,$146089,,,$93523,$50662,,,$81288,$45721,$52021,$59433,$80956,$19768,$76258,$26288
2012,6037544002,Census Tract 5440.02,Long Beach,Los Angeles County,California,LongBeach,120840.0,26026.0,83174.0,34301.0,108921.0,69448.0,,,123182.0,70167.0,98722.0,44305.0,74741.0,51682.0,136118.0,182050.0,58917.0,28918.0,121680.0,64064.0,$120840,$26026,$83174,$34301,$108921,$69448,,,$123182,$70167,$98722,$44305,$74741,$51682,$136118,$182050,$58917,$28918,$121680,$64064
2012,6037555202,Census Tract 5552.02,Long Beach,Los Angeles County,California,LongBeach,124190.0,27569.0,124971.0,30509.0,339942.0,153044.0,,,124554.0,60504.0,,,19465.0,424305.0,92387.0,160752.0,130847.0,31376.0,58285.0,99654.0,$124190,$27569,$124971,$30509,$339942,$153044,,,$124554,$60504,,,$19465,$424305,$92387,$160752,$130847,$31376,$58285,$99654
2012,6037555211,Census Tract 5552.11,Long Beach,Los Angeles County,California,LongBeach,58130.0,9725.0,56444.0,10237.0,93617.0,77880.0,,,61308.0,25381.0,,,47424.0,28528.0,,,61395.0,33317.0,53670.0,8075.0,$58130,$9725,$56444,$10237,$93617,$77880,,,$61308,$25381,,,$47424,$28528,,,$61395,$33317,$53670,$8075
2012,6037570100,Census Tract 5701,Long Beach,Los Angeles County,California,LongBeach,88962.0,27802.0,94666.0,42425.0,72873.0,42668.0,,,105903.0,31592.0,139505.0,57047.0,16146.0,83610.0,,,86230.0,32496.0,43544.0,120702.0,$88962,$27802,$94666,$42425,$72873,$42668,,,$105903,$31592,$139505,$57047,$16146,$83610,,,$86230,$32496,$43544,$120702
2012,6037570202,Census Tract 5702.02,Long Beach,Los Angeles County,California,LongBeach,72475.0,9158.0,82012.0,48809.0,72326.0,50039.0,43758.0,97353.0,63002.0,47620.0,,,73789.0,10543.0,59546.0,39798.0,105216.0,12247.0,70396.0,10492.0,$72475,$9158,$82012,$48809,$72326,$50039,$43758,$97353,$63002,$47620,,,$73789,$10543,$59546,$39798,$105216,$12247,$70396,$10492
2012,6037570203,Census Tract 5702.03,Long Beach,Los Angeles County,California,LongBeach,53460.0,23279.0,41828.0,27243.0,29363.0,13323.0,,,100138.0,35535.0,,,91635.0,22800.0,76498.0,30923.0,39530.0,4478.0,77672.0,27952.0,$53460,$23279,$41828,$27243,$29363,$13323,,,$100138,$35535,,,$91635,$22800,$76498,$30923,$39530,$4478,$77672,$27952
2012,6037570204,Census Tract 5702.04,Long Beach,Los Angeles County,California,LongBeach,60060.0,11838.0,94172.0,29613.0,62279.0,11790.0,,,67334.0,21209.0,,,45561.0,20746.0,35178.0,54458.0,94886.0,21850.0,55035.0,28880.0,$60060,$11838,$94172,$29613,$62279,$11790,,,$67334,$21209,,,$45561,$20746,$35178,$54458,$94886,$21850,$55035,$28880
2012,6037570301,Census Tract 5703.01,Long Beach,Los Angeles County,California,LongBeach,60275.0,7803.0,61403.0,15892.0,65845.0,15796.0,,,23810.0,70258.0,27307.0,301195.0,57577.0,11350.0,29172.0,30842.0,55537.0,32780.0,58052.0,13149.0,$60275,$7803,$61403,$15892,$65845,$15796,,,$23810,$70258,$27307,$301195,$57577,$11350,$29172,$30842,$55537,$32780,$58052,$13149
2012,6037570303,Census Tract 5703.03,Long Beach,Los Angeles County,California,LongBeach,71813.0,13635.0,66710.0,29241.0,62757.0,42361.0,,,86904.0,59583.0,,,77221.0,14371.0,72782.0,22375.0,83765.0,6922.0,73110.0,16840.0,$71813,$13635,$66710,$29241,$62757,$42361,,,$86904,$59583,,,$77221,$14371,$72782,$22375,$83765,$6922,$73110,$16840
2012,6037570304,Census Tract 5703.04,Long Beach,Los Angeles County,California,LongBeach,52831.0,9961.0,43889.0,9932.0,58852.0,19222.0,,,69581.0,49523.0,,,59953.0,18743.0,26208.0,1222.0,42991.0,12506.0,51833.0,10181.0,$52831,$9961,$43889,$9932,$58852,$19222,,,$69581,$49523,,,$59953,$18743,$26208,$1222,$42991,$12506,$51833,$10181
2012,6037570402,Census Tract 5704.02,Long Beach,Los Angeles County,California,LongBeach,74218.0,11825.0,66995.0,7679.0,96955.0,43834.0,,,151321.0,29235.0,,,67038.0,48062.0,64963.0,50101.0,75636.0,34788.0,66764.0,5727.0,$74218,$11825,$66995,$7679,$96955,$43834,,,$151321,$29235,,,$67038,$48062,$64963,$50101,$75636,$34788,$66764,$5727
2012,6037570403,Census Tract 5704.03,Long Beach,Los Angeles County,California,LongBeach,50856.0,21424.0,29172.0,25087.0,78405.0,7423.0,,,4816.0,2187.0,,,58696.0,29252.0,,,,,41674.0,17384.0,$50856,$21424,$29172,$25087,$78405,$7423,,,$4816,$2187,,,$58696,$29252,,,,,$41674,$17384
2012,6037570404,Census Tract 5704.04,Long Beach,Los Angeles County,California,LongBeach,63492.0,12469.0,64805.0,16703.0,62757.0,28705.0,,,190821.0,119395.0,,,44295.0,5936.0,100387.0,126117.0,,,61978.0,24439.0,$63492,$12469,$64805,$16703,$62757,$28705,,,$190821,$119395,,,$44295,$5936,$100387,$126117,,,$61978,$24439
2012,6037570501,Census Tract 5705.01,Long Beach,Los Angeles County,California,LongBeach,94381.0,25451.0,86277.0,32787.0,82025.0,39482.0,,,155497.0,197612.0,,,104467.0,44220.0,94810.0,102125.0,117032.0,57467.0,97106.0,37944.0,$94381,$25451,$86277,$32787,$82025,$39482,,,$155497,$197612,,,$104467,$44220,$94810,$102125,$117032,$57467,$97106,$37944
2012,6037570502,Census Tract 5705.02,Long Beach,Los Angeles County,California,LongBeach,70262.0,17400.0,77221.0,30807.0,78079.0,32063.0,,,74200.0,29834.0,,,66955.0,19531.0,40513.0,95145.0,72931.0,35935.0,67445.0,27994.0,$70262,$17400,$77221,$30807,$78079,$32063,,,$74200,$29834,,,$66955,$19531,$40513,$95145,$72931,$35935,$67445,$27994
2012,6037570601,Census Tract 5706.01,Long Beach,Los Angeles County,California,LongBeach,74052.0,20543.0,67268.0,22745.0,80224.0,49480.0,,,80279.0,34106.0,,,83227.0,43739.0,44718.0,39851.0,66581.0,30850.0,74552.0,28550.0,$74052,$20543,$67268,$22745,$80224,$49480,,,$80279,$34106,,,$83227,$43739,$44718,$39851,$66581,$30850,$74552,$28550
2012,6037570602,Census Tract 5706.02,Long Beach,Los Angeles County,California,LongBeach,61878.0,14769.0,54245.0,23884.0,82750.0,45521.0,,,45958.0,19046.0,,,88361.0,30163.0,59031.0,25021.0,59749.0,63523.0,74189.0,19508.0,$61878,$14769,$54245,$23884,$82750,$45521,,,$45958,$19046,,,$88361,$30163,$59031,$25021,$59749,$63523,$74189,$19508
2012,6037570603,Census Tract 5706.03,Long Beach,Los Angeles County,California,LongBeach,41865.0,5409.0,49795.0,4135.0,38024.0,9128.0,,,103185.0,129337.0,,,64979.0,17505.0,19266.0,9164.0,40469.0,15542.0,53560.0,14884.0,$41865,$5409,$49795,$4135,$38024,$9128,,,$103185,$129337,,,$64979,$17505,$19266,$9164,$40469,$15542,$53560,$14884
2012,6037571000,Census Tract 5710,Long Beach,Los Angeles County,California,LongBeach,109911.0,19180.0,105500.0,17418.0,123031.0,140551.0,137882.0,28589.0,166596.0,83927.0,,,95071.0,33230.0,77564.0,108021.0,113085.0,20636.0,97470.0,9382.0,$109911,$19180,$105500,$17418,$123031,$140551,$137882,$28589,$166596,$83927,,,$95071,$33230,$77564,$108021,$113085,$20636,$97470,$9382
2012,6037571200,Census Tract 5712,Long Beach,Los Angeles County,California,LongBeach,98716.0,15463.0,87399.0,19388.0,134773.0,188214.0,,,68533.0,196360.0,,,104549.0,34043.0,239636.0,290158.0,98474.0,15411.0,84451.0,25435.0,$98716,$15463,$87399,$19388,$134773,$188214,,,$68533,$196360,,,$104549,$34043,$239636,$290158,$98474,$15411,$84451,$25435
2012,6037571400,Census Tract 5714,Long Beach,Los Angeles County,California,LongBeach,120865.0,9917.0,118986.0,10286.0,135565.0,64394.0,,,128701.0,21954.0,,,61319.0,76007.0,165844.0,30568.0,111541.0,27044.0,119191.0,17137.0,$120865,$9917,$118986,$10286,$135565,$64394,,,$128701,$21954,,,$61319,$76007,$165844,$30568,$111541,$27044,$119191,$17137
2012,6037571502,Census Tract 5715.02,Long Beach,Los Angeles County,California,LongBeach,73474.0,9551.0,69177.0,15137.0,95785.0,24194.0,,,81863.0,41954.0,,,68343.0,38555.0,60417.0,19512.0,66924.0,18563.0,69213.0,24809.0,$73474,$9551,$69177,$15137,$95785,$24194,,,$81863,$41954,,,$68343,$38555,$60417,$19512,$66924,$18563,$69213,$24809
2012,6037571503,Census Tract 5715.03,Long Beach,Los Angeles County,California,LongBeach,100910.0,14641.0,86536.0,23607.0,94274.0,70631.0,,,142323.0,25310.0,,,138490.0,146770.0,101777.0,82805.0,79458.0,43838.0,140480.0,80970.0,$100910,$14641,$86536,$23607,$94274,$70631,,,$142323,$25310,,,$138490,$146770,$101777,$82805,$79458,$43838,$140480,$80970
2012,6037571504,Census Tract 5715.04,Long Beach,Los Angeles County,California,LongBeach,83128.0,16378.0,124625.0,31332.0,42317.0,27901.0,,,106714.0,51921.0,,,62785.0,66933.0,82588.0,52080.0,139440.0,11368.0,63048.0,33177.0,$83128,$16378,$124625,$31332,$42317,$27901,,,$106714,$51921,,,$62785,$66933,$82588,$52080,$139440,$11368,$63048,$33177
2012,6037571600,Census Tract 5716,Long Beach,Los Angeles County,California,LongBeach,19594.0,5108.0,26532.0,7494.0,22137.0,15112.0,,,16056.0,2945.0,,,14970.0,4540.0,13300.0,57363.0,28392.0,17028.0,16383.0,5046.0,$19594,$5108,$26532,$7494,$22137,$15112,,,$16056,$2945,,,$14970,$4540,$13300,$57363,$28392,$17028,$16383,$5046
2012,6037571701,Census Tract 5717.01,Long Beach,Los Angeles County,California,LongBeach,64014.0,13117.0,76096.0,33741.0,35178.0,43771.0,,,98896.0,49517.0,,,58141.0,6480.0,75234.0,149429.0,79795.0,40514.0,59697.0,7986.0,$64014,$13117,$76096,$33741,$35178,$43771,,,$98896,$49517,,,$58141,$6480,$75234,$149429,$79795,$40514,$59697,$7986
2012,6037571703,Census Tract 5717.03,Long Beach,Los Angeles County,California,LongBeach,41470.0,18484.0,30360.0,28623.0,38532.0,17889.0,,,25265.0,10940.0,46920.0,31516.0,69162.0,38748.0,,,29106.0,19767.0,62950.0,18065.0,$41470,$18484,$30360,$28623,$38532,$17889,,,$25265,$10940,$46920,$31516,$69162,$38748,,,$29106,$19767,$62950,$18065
2012,6037571704,Census Tract 5717.04,Long Beach,Los Angeles County,California,LongBeach,57743.0,12186.0,86204.0,47334.0,63391.0,49285.0,,,46442.0,14662.0,7619.0,2967.0,55812.0,15827.0,117574.0,128959.0,69784.0,89763.0,69888.0,22967.0,$57743,$12186,$86204,$47334,$63391,$49285,,,$46442,$14662,$7619,$2967,$55812,$15827,$117574,$128959,$69784,$89763,$69888,$22967
2012,6037571800,Census Tract 5718,Long Beach,Los Angeles County,California,LongBeach,133658.0,34836.0,139392.0,41794.0,149293.0,140300.0,,,108466.0,13368.0,,,79580.0,61855.0,47190.0,411244.0,137413.0,40233.0,94381.0,254430.0,$133658,$34836,$139392,$41794,$149293,$140300,,,$108466,$13368,,,$79580,$61855,$47190,$411244,$137413,$40233,$94381,$254430
2012,6037571900,Census Tract 5719,Long Beach,Los Angeles County,California,LongBeach,103882.0,7667.0,103713.0,15955.0,125269.0,108090.0,,,83883.0,134515.0,,,105778.0,14851.0,77641.0,29669.0,98620.0,24727.0,105925.0,14721.0,$103882,$7667,$103713,$15955,$125269,$108090,,,$83883,$134515,,,$105778,$14851,$77641,$29669,$98620,$24727,$105925,$14721
2012,6037572001,Census Tract 5720.01,Long Beach,Los Angeles County,California,LongBeach,106055.0,19760.0,123606.0,31844.0,82739.0,26166.0,,,122909.0,51123.0,,,93852.0,82231.0,85157.0,28641.0,113600.0,30110.0,119434.0,58723.0,$106055,$19760,$123606,$31844,$82739,$26166,,,$122909,$51123,,,$93852,$82231,$85157,$28641,$113600,$30110,$119434,$58723
2012,6037572002,Census Tract 5720.02,Long Beach,Los Angeles County,California,LongBeach,81531.0,5640.0,80036.0,10744.0,80165.0,6824.0,,,119185.0,84693.0,,,72524.0,117165.0,20211.0,301495.0,79244.0,12184.0,74962.0,41429.0,$81531,$5640,$80036,$10744,$80165,$6824,,,$119185,$84693,,,$72524,$117165,$20211,$301495,$79244,$12184,$74962,$41429
2012,6037572100,Census Tract 5721,Long Beach,Los Angeles County,California,LongBeach,109751.0,61625.0,108556.0,35149.0,114973.0,78258.0,,,168781.0,106266.0,,,175606.0,68959.0,3431.0,,127557.0,101400.0,109377.0,74578.0,$109751,$61625,$108556,$35149,$114973,$78258,,,$168781,$106266,,,$175606,$68959,$3431,,$127557,$101400,$109377,$74578
2012,6037572201,Census Tract 5722.01,Long Beach,Los Angeles County,California,LongBeach,100285.0,11740.0,88129.0,25286.0,79623.0,23320.0,,,116241.0,18339.0,154077.0,399116.0,88375.0,41541.0,195969.0,152644.0,93372.0,53851.0,97126.0,30570.0,$100285,$11740,$88129,$25286,$79623,$23320,,,$116241,$18339,$154077,$399116,$88375,$41541,$195969,$152644,$93372,$53851,$97126,$30570
2012,6037572202,Census Tract 5722.02,Long Beach,Los Angeles County,California,LongBeach,110874.0,19513.0,127475.0,19870.0,88344.0,23257.0,,,200773.0,122569.0,98671.0,38614.0,105841.0,51544.0,34043.0,267337.0,131275.0,35073.0,133036.0,44181.0,$110874,$19513,$127475,$19870,$88344,$23257,,,$200773,$122569,$98671,$38614,$105841,$51544,$34043,$267337,$131275,$35073,$133036,$44181
2012,6037572301,Census Tract 5723.01,Long Beach,Los Angeles County,California,LongBeach,56160.0,10718.0,34762.0,5141.0,67306.0,14721.0,,,97240.0,56086.0,77881.0,152313.0,53769.0,33298.0,41641.0,48838.0,34911.0,14999.0,37449.0,8279.0,$56160,$10718,$34762,$5141,$67306,$14721,,,$97240,$56086,$77881,$152313,$53769,$33298,$41641,$48838,$34911,$14999,$37449,$8279
2012,6037572302,Census Tract 5723.02,Long Beach,Los Angeles County,California,LongBeach,88660.0,34334.0,106612.0,21817.0,65883.0,33689.0,203920.0,57769.0,99958.0,53799.0,140977.0,86774.0,151352.0,61321.0,50889.0,16806.0,46523.0,16780.0,107713.0,26466.0,$88660,$34334,$106612,$21817,$65883,$33689,$203920,$57769,$99958,$53799,$140977,$86774,$151352,$61321,$50889,$16806,$46523,$16780,$107713,$26466
2012,6037572400,Census Tract 5724,Long Beach,Los Angeles County,California,LongBeach,105020.0,42469.0,79966.0,42370.0,121473.0,51435.0,,,133506.0,192195.0,,,138311.0,11214.0,34149.0,15525.0,55055.0,49891.0,97813.0,52989.0,$105020,$42469,$79966,$42370,$121473,$51435,,,$133506,$192195,,,$138311,$11214,$34149,$15525,$55055,$49891,$97813,$52989
2012,6037572500,Census Tract 5725,Long Beach,Los Angeles County,California,LongBeach,30707.0,7266.0,33653.0,11441.0,21927.0,11284.0,,,30479.0,17155.0,,,79093.0,110522.0,45106.0,43979.0,37351.0,6920.0,23848.0,9537.0,$30707,$7266,$33653,$11441,$21927,$11284,,,$30479,$17155,,,$79093,$110522,$45106,$43979,$37351,$6920,$23848,$9537
2012,6037572600,Census Tract 5726,Long Beach,Los Angeles County,California,LongBeach,79030.0,10800.0,74901.0,11876.0,59338.0,32440.0,,,84212.0,23614.0,,,84299.0,37608.0,101195.0,39971.0,111936.0,11335.0,78805.0,12037.0,$79030,$10800,$74901,$11876,$59338,$32440,,,$84212,$23614,,,$84299,$37608,$101195,$39971,$111936,$11335,$78805,$12037
2012,6037572700,Census Tract 5727,Long Beach,Los Angeles County,California,LongBeach,75399.0,13841.0,41242.0,22385.0,47653.0,24446.0,,,108626.0,16423.0,,,94197.0,26233.0,77064.0,30158.0,27028.0,29228.0,70700.0,31268.0,$75399,$13841,$41242,$22385,$47653,$24446,,,$108626,$16423,,,$94197,$26233,$77064,$30158,$27028,$29228,$70700,$31268
2012,6037572800,Census Tract 5728,Long Beach,Los Angeles County,California,LongBeach,24119.0,9435.0,23573.0,7850.0,15101.0,10285.0,,,90567.0,225469.0,,,,,49979.0,6234.0,26313.0,10547.0,15016.0,22768.0,$24119,$9435,$23573,$7850,$15101,$10285,,,$90567,$225469,,,,,$49979,$6234,$26313,$10547,$15016,$22768
2012,6037572900,Census Tract 5729,Long Beach,Los Angeles County,California,LongBeach,54226.0,15575.0,46739.0,4437.0,44567.0,104373.0,,,86030.0,25707.0,,,97607.0,16312.0,101401.0,374537.0,19449.0,76706.0,50794.0,8086.0,$54226,$15575,$46739,$4437,$44567,$104373,,,$86030,$25707,,,$97607,$16312,$101401,$374537,$19449,$76706,$50794,$8086
2012,6037573002,Census Tract 5730.02,Long Beach,Los Angeles County,California,LongBeach,37571.0,4997.0,41184.0,8914.0,38079.0,27970.0,,,55849.0,28788.0,13360.0,289594.0,34776.0,17388.0,55599.0,5685.0,134192.0,133217.0,35358.0,3528.0,$37571,$4997,$41184,$8914,$38079,$27970,,,$55849,$28788,$13360,$289594,$34776,$17388,$55599,$5685,$134192,$133217,$35358,$3528
2012,6037573003,Census Tract 5730.03,Long Beach,Los Angeles County,California,LongBeach,51935.0,44229.0,40579.0,18548.0,23795.0,203928.0,,,89723.0,17017.0,,,,,,,165332.0,174671.0,27311.0,26016.0,$51935,$44229,$40579,$18548,$23795,$203928,,,$89723,$17017,,,,,,,$165332,$174671,$27311,$26016
2012,6037573004,Census Tract 5730.04,Long Beach,Los Angeles County,California,LongBeach,42597.0,14123.0,51910.0,22086.0,37752.0,17225.0,,,75137.0,31131.0,,,29834.0,10179.0,123624.0,221981.0,28600.0,88268.0,43636.0,22094.0,$42597,$14123,$51910,$22086,$37752,$17225,,,$75137,$31131,,,$29834,$10179,$123624,$221981,$28600,$88268,$43636,$22094
2012,6037573100,Census Tract 5731,Long Beach,Los Angeles County,California,LongBeach,71076.0,7019.0,60404.0,25363.0,75161.0,18319.0,167065.0,93550.0,84266.0,29261.0,3431.0,,69818.0,38225.0,47476.0,154511.0,52338.0,61314.0,62098.0,23100.0,$71076,$7019,$60404,$25363,$75161,$18319,$167065,$93550,$84266,$29261,$3431,,$69818,$38225,$47476,$154511,$52338,$61314,$62098,$23100
2012,6037573201,Census Tract 5732.01,Long Beach,Los Angeles County,California,LongBeach,48784.0,13230.0,50926.0,16088.0,71309.0,11810.0,62634.0,62231.0,28380.0,6146.0,,,41596.0,18987.0,16692.0,43952.0,100481.0,142768.0,48162.0,14704.0,$48784,$13230,$50926,$16088,$71309,$11810,$62634,$62231,$28380,$6146,,,$41596,$18987,$16692,$43952,$100481,$142768,$48162,$14704
2012,6037573202,Census Tract 5732.02,Long Beach,Los Angeles County,California,LongBeach,53660.0,5722.0,58608.0,19976.0,47476.0,43567.0,,,49808.0,28737.0,,,49280.0,20385.0,54352.0,10286.0,117119.0,208177.0,55570.0,6834.0,$53660,$5722,$58608,$19976,$47476,$43567,,,$49808,$28737,,,$49280,$20385,$54352,$10286,$117119,$208177,$55570,$6834
2012,6037573300,Census Tract 5733,Long Beach,Los Angeles County,California,LongBeach,39776.0,4199.0,34652.0,13728.0,36108.0,22668.0,,,40163.0,8745.0,,,49764.0,45397.0,109974.0,52561.0,51695.0,118403.0,38419.0,9338.0,$39776,$4199,$34652,$13728,$36108,$22668,,,$40163,$8745,,,$49764,$45397,$109974,$52561,$51695,$118403,$38419,$9338
2012,6037573401,Census Tract 5734.01,Long Beach,Los Angeles County,California,LongBeach,75826.0,24502.0,90334.0,22135.0,26170.0,27418.0,,,87173.0,25037.0,,,69928.0,53740.0,,,91175.0,14395.0,69953.0,25089.0,$75826,$24502,$90334,$22135,$26170,$27418,,,$87173,$25037,,,$69928,$53740,,,$91175,$14395,$69953,$25089
2012,6037573402,Census Tract 5734.02,Long Beach,Los Angeles County,California,LongBeach,77788.0,9224.0,86781.0,15370.0,78142.0,14415.0,179109.0,205749.0,47722.0,70174.0,,,76383.0,36065.0,74517.0,52031.0,106791.0,22953.0,65403.0,24864.0,$77788,$9224,$86781,$15370,$78142,$14415,$179109,$205749,$47722,$70174,,,$76383,$36065,$74517,$52031,$106791,$22953,$65403,$24864
2012,6037573403,Census Tract 5734.03,Long Beach,Los Angeles County,California,LongBeach,133257.0,9190.0,132324.0,22601.0,145040.0,14851.0,,,88324.0,91275.0,,,11276.0,2902.0,211797.0,44561.0,131084.0,13978.0,172226.0,136196.0,$133257,$9190,$132324,$22601,$145040,$14851,,,$88324,$91275,,,$11276,$2902,$211797,$44561,$131084,$13978,$172226,$136196
2012,6037573601,Census Tract 5736.01,Long Beach,Los Angeles County,California,LongBeach,123381.0,12486.0,124186.0,12059.0,77697.0,17063.0,62144.0,100708.0,132133.0,96919.0,,,129069.0,43050.0,132946.0,81351.0,125630.0,14177.0,126985.0,11790.0,$123381,$12486,$124186,$12059,$77697,$17063,$62144,$100708,$132133,$96919,,,$129069,$43050,$132946,$81351,$125630,$14177,$126985,$11790
2012,6037573700,Census Tract 5737,Long Beach,Los Angeles County,California,LongBeach,152026.0,12092.0,140937.0,15364.0,186918.0,46869.0,,,216061.0,108393.0,,,193859.0,86211.0,,,136553.0,15929.0,179126.0,29592.0,$152026,$12092,$140937,$15364,$186918,$46869,,,$216061,$108393,,,$193859,$86211,,,$136553,$15929,$179126,$29592
2012,6037573800,Census Tract 5738,Long Beach,Los Angeles County,California,LongBeach,132648.0,9133.0,134261.0,9854.0,197341.0,74885.0,,,118748.0,50626.0,,,128057.0,4463.0,167978.0,209223.0,133231.0,12671.0,129208.0,6537.0,$132648,$9133,$134261,$9854,$197341,$74885,,,$118748,$50626,,,$128057,$4463,$167978,$209223,$133231,$12671,$129208,$6537
2012,6037573902,Census Tract 5739.02,Long Beach,Los Angeles County,California,LongBeach,144914.0,32497.0,132042.0,43569.0,151867.0,119436.0,273490.0,213578.0,210089.0,96458.0,,,,,120292.0,266173.0,132855.0,40459.0,85722.0,289008.0,$144914,$32497,$132042,$43569,$151867,$119436,$273490,$213578,$210089,$96458,,,,,$120292,$266173,$132855,$40459,$85722,$289008
2012,6037574000,Census Tract 5740,Long Beach,Los Angeles County,California,LongBeach,142056.0,18306.0,133735.0,24269.0,,,,,126222.0,22417.0,,,162397.0,14200.0,220244.0,125631.0,131961.0,21929.0,161695.0,18702.0,$142056,$18306,$133735,$24269,,,,,$126222,$22417,,,$162397,$14200,$220244,$125631,$131961,$21929,$161695,$18702
2012,6037574100,Census Tract 5741,Long Beach,Los Angeles County,California,LongBeach,120611.0,10649.0,119263.0,14826.0,241256.0,95861.0,88317.0,84658.0,115175.0,39131.0,,,123553.0,269005.0,47313.0,107554.0,112024.0,13224.0,132419.0,46858.0,$120611,$10649,$119263,$14826,$241256,$95861,$88317,$84658,$115175,$39131,,,$123553,$269005,$47313,$107554,$112024,$13224,$132419,$46858
2012,6037574201,Census Tract 5742.01,Long Beach,Los Angeles County,California,LongBeach,120302.0,22251.0,105469.0,36024.0,68150.0,105781.0,123210.0,34646.0,130874.0,35056.0,,,198485.0,239043.0,,,103224.0,42751.0,133506.0,49118.0,$120302,$22251,$105469,$36024,$68150,$105781,$123210,$34646,$130874,$35056,,,$198485,$239043,,,$103224,$42751,$133506,$49118
2012,6037574202,Census Tract 5742.02,Long Beach,Los Angeles County,California,LongBeach,81110.0,14055.0,74647.0,9617.0,20020.0,317083.0,,,98058.0,235549.0,,,120464.0,63112.0,145217.0,130222.0,66496.0,17577.0,133717.0,34801.0,$81110,$14055,$74647,$9617,$20020,$317083,,,$98058,$235549,,,$120464,$63112,$145217,$130222,$66496,$17577,$133717,$34801
2012,6037574300,Census Tract 5743,Long Beach,Los Angeles County,California,LongBeach,121130.0,15731.0,115219.0,14819.0,,,,,131353.0,91999.0,,,113011.0,54698.0,220679.0,29231.0,115127.0,17583.0,119017.0,45488.0,$121130,$15731,$115219,$14819,,,,,$131353,$91999,,,$113011,$54698,$220679,$29231,$115127,$17583,$119017,$45488
2012,6037574400,Census Tract 5744,Long Beach,Los Angeles County,California,LongBeach,137888.0,16825.0,133742.0,16212.0,299159.0,47263.0,,,131729.0,101438.0,,,106011.0,259390.0,,,127761.0,13260.0,164452.0,33446.0,$137888,$16825,$133742,$16212,$299159,$47263,,,$131729,$101438,,,$106011,$259390,,,$127761,$13260,$164452,$33446
2012,6037574500,Census Tract 5745,Long Beach,Los Angeles County,California,LongBeach,139624.0,18906.0,135981.0,21999.0,149367.0,107564.0,,,196154.0,157879.0,,,138997.0,100766.0,219740.0,319837.0,145636.0,30736.0,135702.0,27589.0,$139624,$18906,$135981,$21999,$149367,$107564,,,$196154,$157879,,,$138997,$100766,$219740,$319837,$145636,$30736,$135702,$27589
2012,6037574601,Census Tract 5746.01,Long Beach,Los Angeles County,California,LongBeach,,,,,,,,,,,,,,,,,,,,,,,,,,,,,,,,,,,,,,,,
2012,6037574602,Census Tract 5746.02,Long Beach,Los Angeles County,California,LongBeach,150511.0,14513.0,110588.0,54474.0,293127.0,108094.0,,,282755.0,78593.0,,,,,,,117261.0,55969.0,73789.0,78425.0,$150511,$14513,$110588,$54474,$293127,$108094,,,$282755,$78593,,,,,,,$117261,$55969,$73789,$78425
2012,6037574700,Census Tract 5747,Long Beach,Los Angeles County,California,LongBeach,,,,,,,,,,,,,,,,,,,,,,,,,,,,,,,,,,,,,,,,
2012,6037574800,Census Tract 5748,Long Beach,Los Angeles County,California,LongBeach,108109.0,17998.0,118049.0,24886.0,26897.0,425652.0,,,102045.0,58593.0,,,,,77528.0,25319.0,117872.0,24954.0,77116.0,21751.0,$108109,$17998,$118049,$24886,$26897,$425652,,,$102045,$58593,,,,,$77528,$25319,$117872,$24954,$77116,$21751
2012,6037574901,Census Tract 5749.01,Long Beach,Los Angeles County,California,LongBeach,140622.0,13447.0,144359.0,12184.0,,,137472.0,47958.0,133537.0,67652.0,,,,,169027.0,106006.0,143717.0,12970.0,129648.0,21360.0,$140622,$13447,$144359,$12184,,,$137472,$47958,$133537,$67652,,,,,$169027,$106006,$143717,$12970,$129648,$21360
2012,6037574902,Census Tract 5749.02,Long Beach,Los Angeles County,California,LongBeach,69376.0,9448.0,71327.0,9671.0,39728.0,35597.0,,,48906.0,37627.0,,,100730.0,25581.0,34035.0,47072.0,71028.0,9074.0,99821.0,9481.0,$69376,$9448,$71327,$9671,$39728,$35597,,,$48906,$37627,,,$100730,$25581,$34035,$47072,$71028,$9074,$99821,$9481
2012,6037575001,Census Tract 5750.01,Long Beach,Los Angeles County,California,LongBeach,94743.0,13989.0,110795.0,23659.0,130417.0,40432.0,114115.0,13017.0,56825.0,35174.0,,,91015.0,2448.0,32986.0,47858.0,118938.0,13596.0,92401.0,19565.0,$94743,$13989,$110795,$23659,$130417,$40432,$114115,$13017,$56825,$35174,,,$91015,$2448,$32986,$47858,$118938,$13596,$92401,$19565
2012,6037575002,Census Tract 5750.02,Long Beach,Los Angeles County,California,LongBeach,89968.0,11861.0,81593.0,18471.0,40700.0,48926.0,,,116221.0,25383.0,,,96754.0,23788.0,101451.0,57361.0,79380.0,19552.0,92792.0,13053.0,$89968,$11861,$81593,$18471,$40700,$48926,,,$116221,$25383,,,$96754,$23788,$101451,$57361,$79380,$19552,$92792,$13053
2012,6037575101,Census Tract 5751.01,Long Beach,Los Angeles County,California,LongBeach,56628.0,17429.0,47322.0,34526.0,37553.0,57005.0,,,40041.0,29559.0,13514.0,191508.0,63427.0,9099.0,70547.0,57335.0,66657.0,29476.0,57772.0,17793.0,$56628,$17429,$47322,$34526,$37553,$57005,,,$40041,$29559,$13514,$191508,$63427,$9099,$70547,$57335,$66657,$29476,$57772,$17793
2012,6037575102,Census Tract 5751.02,Long Beach,Los Angeles County,California,LongBeach,41046.0,9192.0,42773.0,18186.0,21880.0,21819.0,,,31345.0,14442.0,,,56830.0,37866.0,17940.0,12180.0,83870.0,65192.0,52191.0,11635.0,$41046,$9192,$42773,$18186,$21880,$21819,,,$31345,$14442,,,$56830,$37866,$17940,$12180,$83870,$65192,$52191,$11635
2012,6037575103,Census Tract 5751.03,Long Beach,Los Angeles County,California,LongBeach,48781.0,5469.0,49545.0,5449.0,50908.0,18810.0,,,38496.0,15551.0,,,55485.0,59164.0,36466.0,24026.0,49355.0,9673.0,48676.0,9578.0,$48781,$5469,$49545,$5449,$50908,$18810,,,$38496,$15551,,,$55485,$59164,$36466,$24026,$49355,$9673,$48676,$9578
2012,6037575201,Census Tract 5752.01,Long Beach,Los Angeles County,California,LongBeach,45061.0,5948.0,45553.0,9162.0,23217.0,46255.0,,,56343.0,23266.0,,,48048.0,10668.0,55685.0,56085.0,46630.0,19807.0,45771.0,9674.0,$45061,$5948,$45553,$9162,$23217,$46255,,,$56343,$23266,,,$48048,$10668,$55685,$56085,$46630,$19807,$45771,$9674
2012,6037575202,Census Tract 5752.02,Long Beach,Los Angeles County,California,LongBeach,52861.0,12405.0,62920.0,17120.0,50544.0,58397.0,,,37936.0,28873.0,,,43830.0,18455.0,,,86944.0,43022.0,54871.0,14729.0,$52861,$12405,$62920,$17120,$50544,$58397,,,$37936,$28873,,,$43830,$18455,,,$86944,$43022,$54871,$14729
2012,6037575300,Census Tract 5753,Long Beach,Los Angeles County,California,LongBeach,38013.0,4773.0,45933.0,10631.0,26411.0,10113.0,6190.0,73929.0,36322.0,8588.0,,,37180.0,23211.0,34893.0,72951.0,31868.0,30578.0,48805.0,11309.0,$38013,$4773,$45933,$10631,$26411,$10113,$6190,$73929,$36322,$8588,,,$37180,$23211,$34893,$72951,$31868,$30578,$48805,$11309
2012,6037575401,Census Tract 5754.01,Long Beach,Los Angeles County,California,LongBeach,52249.0,9828.0,56906.0,11471.0,19042.0,18013.0,,,67467.0,47092.0,,,37482.0,42458.0,36952.0,52451.0,57315.0,43363.0,54616.0,9331.0,$52249,$9828,$56906,$11471,$19042,$18013,,,$67467,$47092,,,$37482,$42458,$36952,$52451,$57315,$43363,$54616,$9331
2012,6037575402,Census Tract 5754.02,Long Beach,Los Angeles County,California,LongBeach,40841.0,6900.0,41614.0,10499.0,29908.0,25536.0,,,31102.0,87211.0,,,40405.0,16354.0,46676.0,88222.0,16302.0,16229.0,45189.0,6267.0,$40841,$6900,$41614,$10499,$29908,$25536,,,$31102,$87211,,,$40405,$16354,$46676,$88222,$16302,$16229,$45189,$6267
2012,6037575500,Census Tract 5755,Long Beach,Los Angeles County,California,LongBeach,,,,,,,,,,,,,,,,,,,,,,,,,,,,,,,,,,,,,,,,
2012,6037575801,Census Tract 5758.01,Long Beach,Los Angeles County,California,LongBeach,41091.0,6721.0,42461.0,6149.0,74113.0,52086.0,,,,,,,26741.0,9232.0,24636.0,12093.0,46201.0,62809.0,32795.0,8306.0,$41091,$6721,$42461,$6149,$74113,$52086,,,,,,,$26741,$9232,$24636,$12093,$46201,$62809,$32795,$8306
2012,6037575802,Census Tract 5758.02,Long Beach,Los Angeles County,California,LongBeach,44214.0,5105.0,44088.0,5950.0,28744.0,22706.0,,,36179.0,16546.0,,,60541.0,18687.0,76033.0,42991.0,46161.0,8911.0,50414.0,9603.0,$44214,$5105,$44088,$5950,$28744,$22706,,,$36179,$16546,,,$60541,$18687,$76033,$42991,$46161,$8911,$50414,$9603
2012,6037575803,Census Tract 5758.03,Long Beach,Los Angeles County,California,LongBeach,29200.0,5818.0,34783.0,12597.0,19402.0,8341.0,,,18113.0,14228.0,,,67497.0,13239.0,14872.0,62831.0,19612.0,15583.0,46210.0,25963.0,$29200,$5818,$34783,$12597,$19402,$8341,,,$18113,$14228,,,$67497,$13239,$14872,$62831,$19612,$15583,$46210,$25963
2012,6037575901,Census Tract 5759.01,Long Beach,Los Angeles County,California,LongBeach,50761.0,10772.0,54472.0,16489.0,38896.0,12119.0,,,100101.0,73423.0,,,36878.0,11434.0,114505.0,22570.0,89095.0,18100.0,45646.0,12114.0,$50761,$10772,$54472,$16489,$38896,$12119,,,$100101,$73423,,,$36878,$11434,$114505,$22570,$89095,$18100,$45646,$12114
2012,6037575902,Census Tract 5759.02,Long Beach,Los Angeles County,California,LongBeach,42679.0,4326.0,43285.0,3498.0,29782.0,11803.0,,,43758.0,42351.0,,,45506.0,35427.0,56989.0,26886.0,43565.0,5243.0,44026.0,22005.0,$42679,$4326,$43285,$3498,$29782,$11803,,,$43758,$42351,,,$45506,$35427,$56989,$26886,$43565,$5243,$44026,$22005
2012,6037576001,Census Tract 5760.01,Long Beach,Los Angeles County,California,LongBeach,94057.0,11721.0,106601.0,19715.0,80162.0,66756.0,,,138997.0,118762.0,,,9338.0,33046.0,64872.0,18751.0,112362.0,27032.0,59250.0,37231.0,$94057,$11721,$106601,$19715,$80162,$66756,,,$138997,$118762,,,$9338,$33046,$64872,$18751,$112362,$27032,$59250,$37231
2012,6037576200,Census Tract 5762,Long Beach,Los Angeles County,California,LongBeach,48382.0,15411.0,53969.0,24682.0,28585.0,9412.0,,,109283.0,141328.0,,,37998.0,23520.0,37054.0,63112.0,53411.0,31076.0,50005.0,8002.0,$48382,$15411,$53969,$24682,$28585,$9412,,,$109283,$141328,,,$37998,$23520,$37054,$63112,$53411,$31076,$50005,$8002
2012,6037576301,Census Tract 5763.01,Long Beach,Los Angeles County,California,LongBeach,44600.0,10702.0,41184.0,16623.0,44224.0,12948.0,3431.0,,103975.0,73371.0,,,43894.0,29579.0,44188.0,57241.0,47362.0,64945.0,41394.0,13627.0,$44600,$10702,$41184,$16623,$44224,$12948,$3431,,$103975,$73371,,,$43894,$29579,$44188,$57241,$47362,$64945,$41394,$13627
2012,6037576302,Census Tract 5763.02,Long Beach,Los Angeles County,California,LongBeach,39997.0,12309.0,39271.0,16947.0,34238.0,5501.0,51358.0,197024.0,17081.0,30574.0,,,53196.0,35052.0,69964.0,71146.0,55132.0,30684.0,45654.0,19269.0,$39997,$12309,$39271,$16947,$34238,$5501,$51358,$197024,$17081,$30574,,,$53196,$35052,$69964,$71146,$55132,$30684,$45654,$19269
2012,6037576401,Census Tract 5764.01,Long Beach,Los Angeles County,California,LongBeach,40162.0,7272.0,37555.0,7545.0,41250.0,3683.0,,,80138.0,46615.0,,,30108.0,4924.0,30655.0,38683.0,27005.0,26727.0,35343.0,8165.0,$40162,$7272,$37555,$7545,$41250,$3683,,,$80138,$46615,,,$30108,$4924,$30655,$38683,$27005,$26727,$35343,$8165
2012,6037576402,Census Tract 5764.02,Long Beach,Los Angeles County,California,LongBeach,41552.0,5093.0,42928.0,7689.0,34206.0,49418.0,,,19306.0,8275.0,,,50528.0,29341.0,45429.0,29272.0,35608.0,9710.0,44441.0,8658.0,$41552,$5093,$42928,$7689,$34206,$49418,,,$19306,$8275,,,$50528,$29341,$45429,$29272,$35608,$9710,$44441,$8658
2012,6037576403,Census Tract 5764.03,Long Beach,Los Angeles County,California,LongBeach,43944.0,6973.0,69835.0,28114.0,34320.0,11835.0,,,40356.0,13208.0,,,26346.0,11124.0,30255.0,60140.0,71699.0,15109.0,46142.0,16405.0,$43944,$6973,$69835,$28114,$34320,$11835,,,$40356,$13208,,,$26346,$11124,$30255,$60140,$71699,$15109,$46142,$16405
2012,6037576501,Census Tract 5765.01,Long Beach,Los Angeles County,California,LongBeach,43230.0,14339.0,59769.0,17635.0,15021.0,4954.0,16195.0,2589.0,52568.0,61980.0,,,64897.0,60906.0,79458.0,103771.0,72780.0,29325.0,55985.0,22448.0,$43230,$14339,$59769,$17635,$15021,$4954,$16195,$2589,$52568,$61980,,,$64897,$60906,$79458,$103771,$72780,$29325,$55985,$22448
2012,6037576502,Census Tract 5765.02,Long Beach,Los Angeles County,California,LongBeach,53196.0,6563.0,53608.0,11668.0,48143.0,33653.0,44494.0,87893.0,60428.0,14921.0,,,50952.0,21988.0,68259.0,28719.0,52951.0,16557.0,50451.0,11430.0,$53196,$6563,$53608,$11668,$48143,$33653,$44494,$87893,$60428,$14921,,,$50952,$21988,$68259,$28719,$52951,$16557,$50451,$11430
2012,6037576503,Census Tract 5765.03,Long Beach,Los Angeles County,California,LongBeach,46170.0,6382.0,41757.0,9099.0,63442.0,10258.0,37561.0,67479.0,32334.0,18343.0,,,48010.0,17270.0,69659.0,14933.0,33019.0,24253.0,46073.0,5180.0,$46170,$6382,$41757,$9099,$63442,$10258,$37561,$67479,$32334,$18343,,,$48010,$17270,$69659,$14933,$33019,$24253,$46073,$5180
2012,6037576601,Census Tract 5766.01,Long Beach,Los Angeles County,California,LongBeach,64217.0,12462.0,69350.0,8951.0,45937.0,55103.0,16732.0,132011.0,57429.0,15131.0,,,68772.0,71614.0,75241.0,62114.0,69735.0,11010.0,70939.0,19922.0,$64217,$12462,$69350,$8951,$45937,$55103,$16732,$132011,$57429,$15131,,,$68772,$71614,$75241,$62114,$69735,$11010,$70939,$19922
2012,6037576602,Census Tract 5766.02,Long Beach,Los Angeles County,California,LongBeach,77588.0,16921.0,76730.0,14255.0,36894.0,142200.0,,,102246.0,26270.0,,,55739.0,41779.0,89340.0,54189.0,78668.0,18235.0,60490.0,10940.0,$77588,$16921,$76730,$14255,$36894,$142200,,,$102246,$26270,,,$55739,$41779,$89340,$54189,$78668,$18235,$60490,$10940
2012,6037576700,Census Tract 5767,Long Beach,Los Angeles County,California,LongBeach,99967.0,9847.0,96955.0,12101.0,235975.0,220274.0,,,188884.0,50961.0,,,,,97567.0,50904.0,95775.0,16789.0,97955.0,15938.0,$99967,$9847,$96955,$12101,$235975,$220274,,,$188884,$50961,,,,,$97567,$50904,$95775,$16789,$97955,$15938
2012,6037576801,Census Tract 5768.01,Long Beach,Los Angeles County,California,LongBeach,44030.0,16051.0,47277.0,21252.0,43454.0,51918.0,,,36237.0,9728.0,,,33952.0,46074.0,83913.0,54097.0,64931.0,18080.0,36496.0,8970.0,$44030,$16051,$47277,$21252,$43454,$51918,,,$36237,$9728,,,$33952,$46074,$83913,$54097,$64931,$18080,$36496,$8970
2012,6037576802,Census Tract 5768.02,Long Beach,Los Angeles County,California,LongBeach,74715.0,14051.0,79569.0,19887.0,43955.0,11293.0,,,86075.0,91988.0,,,53857.0,36352.0,86144.0,50702.0,87762.0,20941.0,68016.0,28895.0,$74715,$14051,$79569,$19887,$43955,$11293,,,$86075,$91988,,,$53857,$36352,$86144,$50702,$87762,$20941,$68016,$28895
2012,6037576901,Census Tract 5769.01,Long Beach,Los Angeles County,California,LongBeach,45842.0,8047.0,49961.0,10370.0,37162.0,18063.0,,,37349.0,21158.0,,,46854.0,20352.0,,,61776.0,27508.0,46455.0,10770.0,$45842,$8047,$49961,$10370,$37162,$18063,,,$37349,$21158,,,$46854,$20352,,,$61776,$27508,$46455,$10770
2012,6037576903,Census Tract 5769.03,Long Beach,Los Angeles County,California,LongBeach,51946.0,9644.0,66226.0,11831.0,49409.0,30441.0,26149.0,21476.0,73009.0,69805.0,,,43039.0,7550.0,,,81725.0,30879.0,47691.0,14936.0,$51946,$9644,$66226,$11831,$49409,$30441,$26149,$21476,$73009,$69805,,,$43039,$7550,,,$81725,$30879,$47691,$14936
2012,6037576904,Census Tract 5769.04,Long Beach,Los Angeles County,California,LongBeach,50979.0,11592.0,70200.0,28123.0,33151.0,20653.0,,,31761.0,17617.0,,,63269.0,36783.0,29469.0,8415.0,84613.0,31485.0,47333.0,26096.0,$50979,$11592,$70200,$28123,$33151,$20653,,,$31761,$17617,,,$63269,$36783,$29469,$8415,$84613,$31485,$47333,$26096
2012,6037577000,Census Tract 5770,Long Beach,Los Angeles County,California,LongBeach,66066.0,9869.0,66826.0,8775.0,79495.0,61885.0,50216.0,43734.0,58656.0,44765.0,,,61625.0,39629.0,36772.0,83827.0,68673.0,8157.0,56357.0,8064.0,$66066,$9869,$66826,$8775,$79495,$61885,$50216,$43734,$58656,$44765,,,$61625,$39629,$36772,$83827,$68673,$8157,$56357,$8064
2012,6037577100,Census Tract 5771,Long Beach,Los Angeles County,California,LongBeach,83073.0,15533.0,88839.0,27514.0,85280.0,17993.0,,,51766.0,58436.0,,,60737.0,186318.0,66091.0,38402.0,100403.0,17796.0,59643.0,4792.0,$83073,$15533,$88839,$27514,$85280,$17993,,,$51766,$58436,,,$60737,$186318,$66091,$38402,$100403,$17796,$59643,$4792
2012,6037577200,Census Tract 5772,Long Beach,Los Angeles County,California,LongBeach,88438.0,6690.0,89138.0,8187.0,86186.0,86977.0,,,68183.0,113309.0,,,86064.0,90081.0,112570.0,136995.0,88873.0,11839.0,88386.0,9356.0,$88438,$6690,$89138,$8187,$86186,$86977,,,$68183,$113309,,,$86064,$90081,$112570,$136995,$88873,$11839,$88386,$9356
2012,6037577300,Census Tract 5773,Long Beach,Los Angeles County,California,LongBeach,73789.0,6804.0,80809.0,21454.0,47877.0,74239.0,35096.0,12826.0,217428.0,184289.0,,,58969.0,35921.0,67851.0,36632.0,82665.0,22402.0,60130.0,9595.0,$73789,$6804,$80809,$21454,$47877,$74239,$35096,$12826,$217428,$184289,,,$58969,$35921,$67851,$36632,$82665,$22402,$60130,$9595
2012,6037577400,Census Tract 5774,Long Beach,Los Angeles County,California,LongBeach,99898.0,18967.0,97813.0,20139.0,,,,,43880.0,243200.0,,,120836.0,54156.0,152125.0,24557.0,100849.0,15963.0,85474.0,53555.0,$99898,$18967,$97813,$20139,,,,,$43880,$243200,,,$120836,$54156,$152125,$24557,$100849,$15963,$85474,$53555
2012,6037577501,Census Tract 5775.01,Long Beach,Los Angeles County,California,LongBeach,126390.0,33358.0,145242.0,27952.0,,,,,66661.0,2997.0,,,90520.0,47811.0,,,146052.0,22761.0,89304.0,94622.0,$126390,$33358,$145242,$27952,,,,,$66661,$2997,,,$90520,$47811,,,$146052,$22761,$89304,$94622
2012,6037577504,Census Tract 5775.04,Long Beach,Los Angeles County,California,LongBeach,112933.0,37781.0,112706.0,37647.0,,,,,189834.0,167690.0,,,,,,,113993.0,43432.0,102362.0,35567.0,$112933,$37781,$112706,$37647,,,,,$189834,$167690,,,,,,,$113993,$43432,$102362,$35567
2012,6037577602,Census Tract 5776.02,Long Beach,Los Angeles County,California,LongBeach,117592.0,20751.0,117798.0,20640.0,102103.0,346295.0,,,130608.0,70131.0,,,158462.0,129092.0,94037.0,50504.0,118247.0,18921.0,88929.0,110861.0,$117592,$20751,$117798,$20640,$102103,$346295,,,$130608,$70131,,,$158462,$129092,$94037,$50504,$118247,$18921,$88929,$110861
2012,6037577603,Census Tract 5776.03,Long Beach,Los Angeles County,California,LongBeach,122508.0,13782.0,132133.0,19420.0,70234.0,8410.0,,,134993.0,136006.0,,,29418.0,24663.0,25979.0,52989.0,140477.0,24104.0,66581.0,36584.0,$122508,$13782,$132133,$19420,$70234,$8410,,,$134993,$136006,,,$29418,$24663,$25979,$52989,$140477,$24104,$66581,$36584
2012,6037577604,Census Tract 5776.04,Long Beach,Los Angeles County,California,LongBeach,125303.0,8407.0,125797.0,7103.0,192826.0,100146.0,,,50209.0,7331.0,,,,,,,125841.0,7516.0,82123.0,95086.0,$125303,$8407,$125797,$7103,$192826,$100146,,,$50209,$7331,,,,,,,$125841,$7516,$82123,$95086
2012,6037980006,Census Tract 9800.06,Long Beach,Los Angeles County,California,LongBeach,,,,,,,,,,,,,,,,,,,,,,,,,,,,,,,,,,,,,,,,
2012,6037980007,Census Tract 9800.07,Long Beach,Los Angeles County,California,LongBeach,,,,,,,,,,,,,,,,,,,,,,,,,,,,,,,,,,,,,,,,
2012,6037980018,Census Tract 9800.18,Long Beach,Los Angeles County,California,LongBeach,,,,,,,,,,,,,,,,,,,,,,,,,,,,,,,,,,,,,,,,
2012,6037980033,Census Tract 9800.33,Long Beach,Los Angeles County,California,LongBeach,,,,,,,,,,,,,,,,,,,,,,,,,,,,,,,,,,,,,,,,
2012,6037990300,Census Tract 9903,Long Beach,Los Angeles County,California,LongBeach,,,,,,,,,,,,,,,,,,,,,,,,,,,,,,,,,,,,,,,,
2013,6037542402,Census Tract 5424.02,Long Beach,Los Angeles County,California,LongBeach,71448.0,10754.0,68673.0,9799.0,89593.0,28469.0,,,,,,,69307.0,11500.0,,,28737.0,19514.0,69917.0,6946.0,$71448,$10754,$68673,$9799,$89593,$28469,,,,,,,$69307,$11500,,,$28737,$19514,$69917,$6946
2013,6037543305,Census Tract 5433.05,Long Beach,Los Angeles County,California,LongBeach,61028.0,7846.0,49314.0,14196.0,88077.0,45102.0,,,132529.0,91042.0,,,86550.0,43184.0,,,41839.0,18588.0,63645.0,7024.0,$61028,$7846,$49314,$14196,$88077,$45102,,,$132529,$91042,,,$86550,$43184,,,$41839,$18588,$63645,$7024
2013,6037544001,Census Tract 5440.01,Long Beach,Los Angeles County,California,LongBeach,70972.0,8662.0,68395.0,13423.0,86888.0,102622.0,,,84631.0,31378.0,,,81648.0,19059.0,15583.0,50076.0,73872.0,17191.0,75205.0,11050.0,$70972,$8662,$68395,$13423,$86888,$102622,,,$84631,$31378,,,$81648,$19059,$15583,$50076,$73872,$17191,$75205,$11050
2013,6037544002,Census Tract 5440.02,Long Beach,Los Angeles County,California,LongBeach,103712.0,40691.0,83699.0,16346.0,56629.0,46162.0,,,117766.0,54057.0,,,80084.0,87358.0,270507.0,301719.0,60479.0,38132.0,125768.0,72458.0,$103712,$40691,$83699,$16346,$56629,$46162,,,$117766,$54057,,,$80084,$87358,$270507,$301719,$60479,$38132,$125768,$72458
2013,6037555202,Census Tract 5552.02,Long Beach,Los Angeles County,California,LongBeach,132367.0,30375.0,132558.0,33150.0,272158.0,242567.0,,,109596.0,97432.0,,,,,,,133403.0,30756.0,80218.0,126382.0,$132367,$30375,$132558,$33150,$272158,$242567,,,$109596,$97432,,,,,,,$133403,$30756,$80218,$126382
2013,6037555211,Census Tract 5552.11,Long Beach,Los Angeles County,California,LongBeach,56536.0,9277.0,56598.0,9742.0,,,,,59694.0,50372.0,,,47613.0,37093.0,,,51389.0,21728.0,56786.0,17198.0,$56536,$9277,$56598,$9742,,,,,$59694,$50372,,,$47613,$37093,,,$51389,$21728,$56786,$17198
2013,6037570100,Census Tract 5701,Long Beach,Los Angeles County,California,LongBeach,107342.0,24826.0,113048.0,34425.0,76432.0,47577.0,,,108126.0,49277.0,,,75915.0,50056.0,131101.0,41154.0,111709.0,45413.0,148999.0,109557.0,$107342,$24826,$113048,$34425,$76432,$47577,,,$108126,$49277,,,$75915,$50056,$131101,$41154,$111709,$45413,$148999,$109557
2013,6037570202,Census Tract 5702.02,Long Beach,Los Angeles County,California,LongBeach,73859.0,10276.0,79661.0,33443.0,69614.0,27865.0,42895.0,87924.0,67292.0,31277.0,,,74016.0,12137.0,,,105017.0,23816.0,72583.0,7849.0,$73859,$10276,$79661,$33443,$69614,$27865,$42895,$87924,$67292,$31277,,,$74016,$12137,,,$105017,$23816,$72583,$7849
2013,6037570203,Census Tract 5702.03,Long Beach,Los Angeles County,California,LongBeach,55158.0,17019.0,57167.0,24385.0,37878.0,7783.0,,,49868.0,77595.0,,,89072.0,43336.0,79450.0,44069.0,40812.0,4076.0,74003.0,27611.0,$55158,$17019,$57167,$24385,$37878,$7783,,,$49868,$77595,,,$89072,$43336,$79450,$44069,$40812,$4076,$74003,$27611
2013,6037570204,Census Tract 5702.04,Long Beach,Los Angeles County,California,LongBeach,61406.0,12290.0,90438.0,52606.0,62239.0,29584.0,,,66810.0,33526.0,,,46698.0,21193.0,41816.0,2212.0,82348.0,65526.0,51920.0,31213.0,$61406,$12290,$90438,$52606,$62239,$29584,,,$66810,$33526,,,$46698,$21193,$41816,$2212,$82348,$65526,$51920,$31213
2013,6037570301,Census Tract 5703.01,Long Beach,Los Angeles County,California,LongBeach,51630.0,9412.0,53573.0,18600.0,53212.0,20991.0,,,15918.0,47501.0,,,53596.0,12352.0,38739.0,32349.0,47090.0,33189.0,52037.0,8510.0,$51630,$9412,$53573,$18600,$53212,$20991,,,$15918,$47501,,,$53596,$12352,$38739,$32349,$47090,$33189,$52037,$8510
2013,6037570303,Census Tract 5703.03,Long Beach,Los Angeles County,California,LongBeach,55623.0,12949.0,60528.0,19566.0,36344.0,33911.0,,,142478.0,119675.0,,,51777.0,33481.0,71366.0,28048.0,81781.0,45927.0,55542.0,9845.0,$55623,$12949,$60528,$19566,$36344,$33911,,,$142478,$119675,,,$51777,$33481,$71366,$28048,$81781,$45927,$55542,$9845
2013,6037570304,Census Tract 5703.04,Long Beach,Los Angeles County,California,LongBeach,53392.0,5654.0,50642.0,6006.0,60855.0,7453.0,,,62025.0,13999.0,,,54172.0,12715.0,,,52336.0,16087.0,49543.0,8766.0,$53392,$5654,$50642,$6006,$60855,$7453,,,$62025,$13999,,,$54172,$12715,,,$52336,$16087,$49543,$8766
2013,6037570402,Census Tract 5704.02,Long Beach,Los Angeles County,California,LongBeach,76386.0,9116.0,67406.0,15897.0,84897.0,27078.0,,,135679.0,124138.0,,,65772.0,38392.0,72688.0,29906.0,84352.0,15893.0,65230.0,5178.0,$76386,$9116,$67406,$15897,$84897,$27078,,,$135679,$124138,,,$65772,$38392,$72688,$29906,$84352,$15893,$65230,$5178
2013,6037570403,Census Tract 5704.03,Long Beach,Los Angeles County,California,LongBeach,59686.0,19518.0,22672.0,17698.0,91641.0,25521.0,,,5192.0,10377.0,,,57514.0,20864.0,,,,,43106.0,23317.0,$59686,$19518,$22672,$17698,$91641,$25521,,,$5192,$10377,,,$57514,$20864,,,,,$43106,$23317
2013,6037570404,Census Tract 5704.04,Long Beach,Los Angeles County,California,LongBeach,60517.0,11952.0,56911.0,11617.0,65146.0,19224.0,,,191278.0,124767.0,,,45724.0,20105.0,98890.0,124019.0,,,56348.0,9688.0,$60517,$11952,$56911,$11617,$65146,$19224,,,$191278,$124767,,,$45724,$20105,$98890,$124019,,,$56348,$9688
2013,6037570501,Census Tract 5705.01,Long Beach,Los Angeles County,California,LongBeach,85648.0,23558.0,73168.0,17383.0,79266.0,37120.0,,,72688.0,93105.0,,,108701.0,31327.0,96143.0,84821.0,79450.0,41338.0,101144.0,27669.0,$85648,$23558,$73168,$17383,$79266,$37120,,,$72688,$93105,,,$108701,$31327,$96143,$84821,$79450,$41338,$101144,$27669
2013,6037570502,Census Tract 5705.02,Long Beach,Los Angeles County,California,LongBeach,69476.0,10612.0,61993.0,9063.0,89265.0,24607.0,,,62715.0,27686.0,,,89803.0,30552.0,40371.0,91348.0,63110.0,19272.0,68067.0,17441.0,$69476,$10612,$61993,$9063,$89265,$24607,,,$62715,$27686,,,$89803,$30552,$40371,$91348,$63110,$19272,$68067,$17441
2013,6037570601,Census Tract 5706.01,Long Beach,Los Angeles County,California,LongBeach,54636.0,10674.0,57474.0,19034.0,35902.0,48602.0,,,39725.0,65291.0,,,64082.0,56456.0,40570.0,26970.0,64870.0,27727.0,55963.0,23700.0,$54636,$10674,$57474,$19034,$35902,$48602,,,$39725,$65291,,,$64082,$56456,$40570,$26970,$64870,$27727,$55963,$23700
2013,6037570602,Census Tract 5706.02,Long Beach,Los Angeles County,California,LongBeach,65633.0,11533.0,58171.0,30011.0,66577.0,57435.0,,,51277.0,19556.0,,,85172.0,24138.0,76295.0,60144.0,77109.0,64421.0,68692.0,16381.0,$65633,$11533,$58171,$30011,$66577,$57435,,,$51277,$19556,,,$85172,$24138,$76295,$60144,$77109,$64421,$68692,$16381
2013,6037570603,Census Tract 5706.03,Long Beach,Los Angeles County,California,LongBeach,40795.0,5710.0,48127.0,16389.0,40120.0,9956.0,,,46257.0,106793.0,,,50867.0,24500.0,22040.0,6983.0,33387.0,28353.0,48667.0,9627.0,$40795,$5710,$48127,$16389,$40120,$9956,,,$46257,$106793,,,$50867,$24500,$22040,$6983,$33387,$28353,$48667,$9627
2013,6037571000,Census Tract 5710,Long Beach,Los Angeles County,California,LongBeach,117063.0,13387.0,118968.0,12047.0,120967.0,89817.0,,,113070.0,135591.0,,,93386.0,2062.0,75055.0,96733.0,116470.0,20723.0,116386.0,35763.0,$117063,$13387,$118968,$12047,$120967,$89817,,,$113070,$135591,,,$93386,$2062,$75055,$96733,$116470,$20723,$116386,$35763
2013,6037571200,Census Tract 5712,Long Beach,Los Angeles County,California,LongBeach,103806.0,6549.0,102018.0,13095.0,107272.0,94190.0,,,65131.0,103765.0,,,109757.0,51979.0,237015.0,247760.0,104806.0,15437.0,103028.0,7792.0,$103806,$6549,$102018,$13095,$107272,$94190,,,$65131,$103765,,,$109757,$51979,$237015,$247760,$104806,$15437,$103028,$7792
2013,6037571400,Census Tract 5714,Long Beach,Los Angeles County,California,LongBeach,109878.0,17305.0,117240.0,13741.0,91237.0,27054.0,,,117023.0,15847.0,,,91639.0,71524.0,148216.0,32198.0,106947.0,24700.0,104612.0,36850.0,$109878,$17305,$117240,$13741,$91237,$27054,,,$117023,$15847,,,$91639,$71524,$148216,$32198,$106947,$24700,$104612,$36850
2013,6037571502,Census Tract 5715.02,Long Beach,Los Angeles County,California,LongBeach,78929.0,17369.0,72626.0,14248.0,91030.0,40143.0,,,109153.0,41210.0,,,77338.0,49048.0,72778.0,26579.0,73001.0,18958.0,78394.0,26106.0,$78929,$17369,$72626,$14248,$91030,$40143,,,$109153,$41210,,,$77338,$49048,$72778,$26579,$73001,$18958,$78394,$26106
2013,6037571503,Census Tract 5715.03,Long Beach,Los Angeles County,California,LongBeach,115859.0,44403.0,111568.0,66113.0,79450.0,52634.0,,,142446.0,55888.0,,,137206.0,27478.0,,,84709.0,60920.0,162900.0,52885.0,$115859,$44403,$111568,$66113,$79450,$52634,,,$142446,$55888,,,$137206,$27478,,,$84709,$60920,$162900,$52885
2013,6037571504,Census Tract 5715.04,Long Beach,Los Angeles County,California,LongBeach,83138.0,25373.0,115854.0,51958.0,36961.0,31683.0,,,139141.0,56009.0,,,60316.0,21651.0,55661.0,1283.0,143370.0,26284.0,60010.0,4499.0,$83138,$25373,$115854,$51958,$36961,$31683,,,$139141,$56009,,,$60316,$21651,$55661,$1283,$143370,$26284,$60010,$4499
2013,6037571600,Census Tract 5716,Long Beach,Los Angeles County,California,LongBeach,16777.0,3861.0,25356.0,8647.0,16797.0,5006.0,,,15881.0,2364.0,,,15603.0,10861.0,12509.0,54398.0,27409.0,13391.0,16116.0,6210.0,$16777,$3861,$25356,$8647,$16797,$5006,,,$15881,$2364,,,$15603,$10861,$12509,$54398,$27409,$13391,$16116,$6210
2013,6037571701,Census Tract 5717.01,Long Beach,Los Angeles County,California,LongBeach,67443.0,15538.0,76560.0,24394.0,37348.0,23441.0,,,98848.0,36748.0,,,61441.0,9933.0,77375.0,99985.0,83446.0,24195.0,61571.0,13641.0,$67443,$15538,$76560,$24394,$37348,$23441,,,$98848,$36748,,,$61441,$9933,$77375,$99985,$83446,$24195,$61571,$13641
2013,6037571703,Census Tract 5717.03,Long Beach,Los Angeles County,California,LongBeach,33188.0,22576.0,42503.0,25128.0,32394.0,23855.0,,,26242.0,21330.0,,,62076.0,58675.0,,,47830.0,18403.0,48841.0,39152.0,$33188,$22576,$42503,$25128,$32394,$23855,,,$26242,$21330,,,$62076,$58675,,,$47830,$18403,$48841,$39152
2013,6037571704,Census Tract 5717.04,Long Beach,Los Angeles County,California,LongBeach,64697.0,13786.0,57331.0,23247.0,84999.0,48245.0,,,46791.0,38351.0,,,68783.0,34567.0,118972.0,116451.0,70230.0,56750.0,68025.0,20629.0,$64697,$13786,$57331,$23247,$84999,$48245,,,$46791,$38351,,,$68783,$34567,$118972,$116451,$70230,$56750,$68025,$20629
2013,6037571800,Census Tract 5718,Long Beach,Los Angeles County,California,LongBeach,128472.0,35330.0,130033.0,45625.0,137906.0,117998.0,,,107765.0,47500.0,,,79028.0,85604.0,,,122894.0,41121.0,222049.0,121136.0,$128472,$35330,$130033,$45625,$137906,$117998,,,$107765,$47500,,,$79028,$85604,,,$122894,$41121,$222049,$121136
2013,6037571900,Census Tract 5719,Long Beach,Los Angeles County,California,LongBeach,96030.0,12943.0,96879.0,12920.0,74302.0,110577.0,,,82571.0,261729.0,,,106897.0,125795.0,76890.0,24714.0,101946.0,16853.0,96414.0,20706.0,$96030,$12943,$96879,$12920,$74302,$110577,,,$82571,$261729,,,$106897,$125795,$76890,$24714,$101946,$16853,$96414,$20706
2013,6037572001,Census Tract 5720.01,Long Beach,Los Angeles County,California,LongBeach,103551.0,10867.0,109370.0,21256.0,85085.0,30134.0,,,149017.0,64398.0,,,95340.0,75360.0,86923.0,23501.0,106190.0,21527.0,115729.0,79940.0,$103551,$10867,$109370,$21256,$85085,$30134,,,$149017,$64398,,,$95340,$75360,$86923,$23501,$106190,$21527,$115729,$79940
2013,6037572002,Census Tract 5720.02,Long Beach,Los Angeles County,California,LongBeach,82045.0,5151.0,73647.0,11713.0,82234.0,10859.0,,,116760.0,73556.0,,,81516.0,60408.0,144652.0,105714.0,72339.0,4695.0,96354.0,51293.0,$82045,$5151,$73647,$11713,$82234,$10859,,,$116760,$73556,,,$81516,$60408,$144652,$105714,$72339,$4695,$96354,$51293
2013,6037572100,Census Tract 5721,Long Beach,Los Angeles County,California,LongBeach,121711.0,40411.0,109967.0,33882.0,142207.0,72872.0,,,169677.0,60038.0,,,154252.0,113304.0,,,129240.0,89046.0,109967.0,47133.0,$121711,$40411,$109967,$33882,$142207,$72872,,,$169677,$60038,,,$154252,$113304,,,$129240,$89046,$109967,$47133
2013,6037572201,Census Tract 5722.01,Long Beach,Los Angeles County,California,LongBeach,94614.0,9566.0,91410.0,17099.0,64543.0,31512.0,,,116946.0,16603.0,,,84859.0,37162.0,197075.0,128526.0,86289.0,37492.0,101724.0,26775.0,$94614,$9566,$91410,$17099,$64543,$31512,,,$116946,$16603,,,$84859,$37162,$197075,$128526,$86289,$37492,$101724,$26775
2013,6037572202,Census Tract 5722.02,Long Beach,Los Angeles County,California,LongBeach,108598.0,14601.0,131600.0,13660.0,86659.0,18186.0,,,181157.0,175185.0,105409.0,38461.0,107511.0,39568.0,88043.0,76135.0,134240.0,24987.0,129760.0,39288.0,$108598,$14601,$131600,$13660,$86659,$18186,,,$181157,$175185,$105409,$38461,$107511,$39568,$88043,$76135,$134240,$24987,$129760,$39288
2013,6037572301,Census Tract 5723.01,Long Beach,Los Angeles County,California,LongBeach,62066.0,7208.0,36397.0,15818.0,63651.0,29428.0,,,116024.0,47916.0,49945.0,130180.0,62048.0,14244.0,41194.0,34597.0,34790.0,10282.0,51277.0,21724.0,$62066,$7208,$36397,$15818,$63651,$29428,,,$116024,$47916,$49945,$130180,$62048,$14244,$41194,$34597,$34790,$10282,$51277,$21724
2013,6037572302,Census Tract 5723.02,Long Beach,Los Angeles County,California,LongBeach,84742.0,27458.0,96918.0,33483.0,69011.0,28114.0,,,105431.0,31791.0,143475.0,139077.0,152890.0,7776.0,48270.0,25320.0,46437.0,13728.0,107462.0,47747.0,$84742,$27458,$96918,$33483,$69011,$28114,,,$105431,$31791,$143475,$139077,$152890,$7776,$48270,$25320,$46437,$13728,$107462,$47747
2013,6037572400,Census Tract 5724,Long Beach,Los Angeles County,California,LongBeach,89939.0,17806.0,79281.0,30831.0,89375.0,45040.0,,,135065.0,162374.0,,,140643.0,17955.0,39139.0,104533.0,55362.0,35756.0,98721.0,40988.0,$89939,$17806,$79281,$30831,$89375,$45040,,,$135065,$162374,,,$140643,$17955,$39139,$104533,$55362,$35756,$98721,$40988
2013,6037572500,Census Tract 5725,Long Beach,Los Angeles County,California,LongBeach,27232.0,3961.0,31949.0,10141.0,19581.0,4859.0,,,25598.0,5881.0,,,25942.0,75471.0,39256.0,30614.0,33808.0,19794.0,26852.0,13648.0,$27232,$3961,$31949,$10141,$19581,$4859,,,$25598,$5881,,,$25942,$75471,$39256,$30614,$33808,$19794,$26852,$13648
2013,6037572600,Census Tract 5726,Long Beach,Los Angeles County,California,LongBeach,82967.0,11246.0,76841.0,10436.0,59076.0,31584.0,,,90156.0,15592.0,,,86212.0,68405.0,102883.0,45464.0,71843.0,57990.0,83450.0,16081.0,$82967,$11246,$76841,$10436,$59076,$31584,,,$90156,$15592,,,$86212,$68405,$102883,$45464,$71843,$57990,$83450,$16081
2013,6037572700,Census Tract 5727,Long Beach,Los Angeles County,California,LongBeach,76257.0,16596.0,48633.0,23899.0,81447.0,64381.0,,,103432.0,40893.0,,,80506.0,31403.0,76223.0,8253.0,41839.0,28183.0,72814.0,22969.0,$76257,$16596,$48633,$23899,$81447,$64381,,,$103432,$40893,,,$80506,$31403,$76223,$8253,$41839,$28183,$72814,$22969
2013,6037572800,Census Tract 5728,Long Beach,Los Angeles County,California,LongBeach,23497.0,8977.0,24556.0,15978.0,15383.0,9971.0,,,38880.0,65917.0,,,,,50867.0,5758.0,26423.0,16536.0,9660.0,51269.0,$23497,$8977,$24556,$15978,$15383,$9971,,,$38880,$65917,,,,,$50867,$5758,$26423,$16536,$9660,$51269
2013,6037572900,Census Tract 5729,Long Beach,Los Angeles County,California,LongBeach,56758.0,14596.0,45743.0,8905.0,30186.0,23734.0,,,98770.0,28602.0,,,94980.0,16378.0,70829.0,250557.0,64961.0,143194.0,49381.0,10199.0,$56758,$14596,$45743,$8905,$30186,$23734,,,$98770,$28602,,,$94980,$16378,$70829,$250557,$64961,$143194,$49381,$10199
2013,6037573002,Census Tract 5730.02,Long Beach,Los Angeles County,California,LongBeach,38413.0,7123.0,40727.0,9869.0,22445.0,14356.0,,,58601.0,32288.0,,,35580.0,5016.0,57474.0,13655.0,73611.0,130061.0,36332.0,5605.0,$38413,$7123,$40727,$9869,$22445,$14356,,,$58601,$32288,,,$35580,$5016,$57474,$13655,$73611,$130061,$36332,$5605
2013,6037573003,Census Tract 5730.03,Long Beach,Los Angeles County,California,LongBeach,38470.0,40350.0,37241.0,29271.0,122149.0,194749.0,,,89382.0,37721.0,,,16179.0,131976.0,,,96073.0,78648.0,23650.0,11356.0,$38470,$40350,$37241,$29271,$122149,$194749,,,$89382,$37721,,,$16179,$131976,,,$96073,$78648,$23650,$11356
2013,6037573004,Census Tract 5730.04,Long Beach,Los Angeles County,California,LongBeach,38504.0,8694.0,42409.0,15966.0,35780.0,17721.0,,,78981.0,12039.0,,,28517.0,12101.0,27516.0,59103.0,21863.0,39387.0,36021.0,9151.0,$38504,$8694,$42409,$15966,$35780,$17721,,,$78981,$12039,,,$28517,$12101,$27516,$59103,$21863,$39387,$36021,$9151
2013,6037573100,Census Tract 5731,Long Beach,Los Angeles County,California,LongBeach,71297.0,9116.0,82472.0,31588.0,80014.0,16188.0,32082.0,51701.0,88888.0,35269.0,,,69197.0,33880.0,68583.0,67129.0,71395.0,49297.0,67713.0,25163.0,$71297,$9116,$82472,$31588,$80014,$16188,$32082,$51701,$88888,$35269,,,$69197,$33880,$68583,$67129,$71395,$49297,$67713,$25163
2013,6037573201,Census Tract 5732.01,Long Beach,Los Angeles County,California,LongBeach,48629.0,14081.0,48660.0,17356.0,67955.0,18711.0,,,33938.0,17034.0,,,47332.0,22975.0,16778.0,58433.0,149278.0,155987.0,47804.0,12698.0,$48629,$14081,$48660,$17356,$67955,$18711,,,$33938,$17034,,,$47332,$22975,$16778,$58433,$149278,$155987,$47804,$12698
2013,6037573202,Census Tract 5732.02,Long Beach,Los Angeles County,California,LongBeach,52460.0,6179.0,59909.0,24976.0,44515.0,31163.0,,,49705.0,34625.0,,,29478.0,12118.0,61333.0,17267.0,117696.0,51601.0,54341.0,7864.0,$52460,$6179,$59909,$24976,$44515,$31163,,,$49705,$34625,,,$29478,$12118,$61333,$17267,$117696,$51601,$54341,$7864
2013,6037573300,Census Tract 5733,Long Beach,Los Angeles County,California,LongBeach,41963.0,6677.0,36344.0,10064.0,34424.0,57740.0,,,37951.0,14511.0,,,71079.0,33941.0,87226.0,50288.0,129952.0,146490.0,42161.0,12492.0,$41963,$6677,$36344,$10064,$34424,$57740,,,$37951,$14511,,,$71079,$33941,$87226,$50288,$129952,$146490,$42161,$12492
2013,6037573401,Census Tract 5734.01,Long Beach,Los Angeles County,California,LongBeach,74820.0,15444.0,76657.0,22806.0,24849.0,20353.0,,,104806.0,99738.0,,,51651.0,95770.0,97442.0,47241.0,88888.0,15622.0,68251.0,22203.0,$74820,$15444,$76657,$22806,$24849,$20353,,,$104806,$99738,,,$51651,$95770,$97442,$47241,$88888,$15622,$68251,$22203
2013,6037573402,Census Tract 5734.02,Long Beach,Los Angeles County,California,LongBeach,78210.0,12189.0,86719.0,18898.0,78952.0,32019.0,,,64124.0,67498.0,,,107537.0,55261.0,72100.0,24331.0,116569.0,10700.0,52271.0,23728.0,$78210,$12189,$86719,$18898,$78952,$32019,,,$64124,$67498,,,$107537,$55261,$72100,$24331,$116569,$10700,$52271,$23728
2013,6037573403,Census Tract 5734.03,Long Beach,Los Angeles County,California,LongBeach,137179.0,11055.0,131245.0,11220.0,142599.0,8658.0,,,146879.0,55499.0,,,,,212112.0,124014.0,131211.0,9065.0,91041.0,156274.0,$137179,$11055,$131245,$11220,$142599,$8658,,,$146879,$55499,,,,,$212112,$124014,$131211,$9065,$91041,$156274
2013,6037573601,Census Tract 5736.01,Long Beach,Los Angeles County,California,LongBeach,129266.0,9568.0,129182.0,12486.0,77699.0,121520.0,,,138252.0,95563.0,,,143036.0,55956.0,145477.0,39574.0,127979.0,13960.0,134283.0,15939.0,$129266,$9568,$129182,$12486,$77699,$121520,,,$138252,$95563,,,$143036,$55956,$145477,$39574,$127979,$13960,$134283,$15939
2013,6037573700,Census Tract 5737,Long Beach,Los Angeles County,California,LongBeach,149194.0,18812.0,128472.0,22007.0,186912.0,106096.0,,,219333.0,80253.0,,,195945.0,99670.0,,,127627.0,23571.0,193416.0,23464.0,$149194,$18812,$128472,$22007,$186912,$106096,,,$219333,$80253,,,$195945,$99670,,,$127627,$23571,$193416,$23464
2013,6037573800,Census Tract 5738,Long Beach,Los Angeles County,California,LongBeach,132240.0,10721.0,134670.0,11112.0,124880.0,178701.0,,,107811.0,63771.0,,,126540.0,1336.0,167164.0,129512.0,134882.0,13269.0,128110.0,7533.0,$132240,$10721,$134670,$11112,$124880,$178701,,,$107811,$63771,,,$126540,$1336,$167164,$129512,$134882,$13269,$128110,$7533
2013,6037573902,Census Tract 5739.02,Long Beach,Los Angeles County,California,LongBeach,147722.0,19739.0,143581.0,35534.0,76703.0,119387.0,276666.0,177703.0,323082.0,191424.0,,,,,,,134751.0,35987.0,267425.0,215146.0,$147722,$19739,$143581,$35534,$76703,$119387,$276666,$177703,$323082,$191424,,,,,,,$134751,$35987,$267425,$215146
2013,6037574000,Census Tract 5740,Long Beach,Los Angeles County,California,LongBeach,140921.0,16282.0,138769.0,19878.0,,,,,129411.0,47389.0,,,160703.0,51471.0,154393.0,112797.0,133061.0,18952.0,160703.0,51021.0,$140921,$16282,$138769,$19878,,,,,$129411,$47389,,,$160703,$51471,$154393,$112797,$133061,$18952,$160703,$51021
2013,6037574100,Census Tract 5741,Long Beach,Los Angeles County,California,LongBeach,119063.0,12460.0,112478.0,15062.0,,,,,150448.0,45034.0,,,120077.0,4087.0,111906.0,160686.0,108310.0,15150.0,142334.0,41858.0,$119063,$12460,$112478,$15062,,,,,$150448,$45034,,,$120077,$4087,$111906,$160686,$108310,$15150,$142334,$41858
2013,6037574201,Census Tract 5742.01,Long Beach,Los Angeles County,California,LongBeach,123166.0,21072.0,117847.0,27723.0,67026.0,87897.0,,,132909.0,51100.0,,,,,,,124024.0,32046.0,132698.0,59141.0,$123166,$21072,$117847,$27723,$67026,$87897,,,$132909,$51100,,,,,,,$124024,$32046,$132698,$59141
2013,6037574202,Census Tract 5742.02,Long Beach,Los Angeles County,California,LongBeach,80464.0,11230.0,77561.0,10935.0,,,,,96354.0,197874.0,,,93608.0,80475.0,126594.0,114745.0,64136.0,13134.0,143289.0,23478.0,$80464,$11230,$77561,$10935,,,,,$96354,$197874,,,$93608,$80475,$126594,$114745,$64136,$13134,$143289,$23478
2013,6037574300,Census Tract 5743,Long Beach,Los Angeles County,California,LongBeach,111995.0,19474.0,102640.0,22653.0,,,,,170993.0,96861.0,,,138922.0,49304.0,221386.0,5685.0,100799.0,24791.0,139114.0,55739.0,$111995,$19474,$102640,$22653,,,,,$170993,$96861,,,$138922,$49304,$221386,$5685,$100799,$24791,$139114,$55739
2013,6037574400,Census Tract 5744,Long Beach,Los Angeles County,California,LongBeach,139686.0,22882.0,138205.0,20827.0,,,,,128472.0,104249.0,,,,,,,130974.0,12761.0,186177.0,35266.0,$139686,$22882,$138205,$20827,,,,,$128472,$104249,,,,,,,$130974,$12761,$186177,$35266
2013,6037574500,Census Tract 5745,Long Beach,Los Angeles County,California,LongBeach,123674.0,16308.0,120681.0,18749.0,116808.0,86662.0,,,164159.0,160527.0,,,,,,,117654.0,20775.0,136763.0,27304.0,$123674,$16308,$120681,$18749,$116808,$86662,,,$164159,$160527,,,,,,,$117654,$20775,$136763,$27304
2013,6037574601,Census Tract 5746.01,Long Beach,Los Angeles County,California,LongBeach,,,,,,,,,,,,,,,,,,,,,,,,,,,,,,,,,,,,,,,,
2013,6037574602,Census Tract 5746.02,Long Beach,Los Angeles County,California,LongBeach,151800.0,15812.0,112413.0,57772.0,268778.0,73804.0,,,280922.0,126584.0,,,,,,,140612.0,56805.0,76069.0,52770.0,$151800,$15812,$112413,$57772,$268778,$73804,,,$280922,$126584,,,,,,,$140612,$56805,$76069,$52770
2013,6037574700,Census Tract 5747,Long Beach,Los Angeles County,California,LongBeach,,,,,,,,,,,,,,,,,,,,,,,,,,,,,,,,,,,,,,,,
2013,6037574800,Census Tract 5748,Long Beach,Los Angeles County,California,LongBeach,98840.0,23070.0,103804.0,26004.0,64584.0,68702.0,,,122751.0,36759.0,,,,,76503.0,34153.0,109314.0,24767.0,74755.0,21356.0,$98840,$23070,$103804,$26004,$64584,$68702,,,$122751,$36759,,,,,$76503,$34153,$109314,$24767,$74755,$21356
2013,6037574901,Census Tract 5749.01,Long Beach,Los Angeles County,California,LongBeach,146955.0,15983.0,147912.0,19095.0,,,,,131431.0,67084.0,,,,,152890.0,177208.0,142150.0,18002.0,168776.0,28350.0,$146955,$15983,$147912,$19095,,,,,$131431,$67084,,,,,$152890,$177208,$142150,$18002,$168776,$28350
2013,6037574902,Census Tract 5749.02,Long Beach,Los Angeles County,California,LongBeach,74057.0,16413.0,69996.0,13782.0,88590.0,74737.0,,,55691.0,53069.0,,,100798.0,38590.0,36707.0,67405.0,70872.0,14210.0,99446.0,15931.0,$74057,$16413,$69996,$13782,$88590,$74737,,,$55691,$53069,,,$100798,$38590,$36707,$67405,$70872,$14210,$99446,$15931
2013,6037575001,Census Tract 5750.01,Long Beach,Los Angeles County,California,LongBeach,94726.0,15440.0,97857.0,19678.0,129881.0,50272.0,,,60276.0,44702.0,,,93255.0,41372.0,40148.0,136555.0,96466.0,33104.0,100749.0,21435.0,$94726,$15440,$97857,$19678,$129881,$50272,,,$60276,$44702,,,$93255,$41372,$40148,$136555,$96466,$33104,$100749,$21435
2013,6037575002,Census Tract 5750.02,Long Beach,Los Angeles County,California,LongBeach,89135.0,9120.0,82460.0,14670.0,79604.0,15280.0,,,114750.0,32417.0,,,80658.0,70959.0,103285.0,56536.0,77697.0,15206.0,92606.0,21748.0,$89135,$9120,$82460,$14670,$79604,$15280,,,$114750,$32417,,,$80658,$70959,$103285,$56536,$77697,$15206,$92606,$21748
2013,6037575101,Census Tract 5751.01,Long Beach,Los Angeles County,California,LongBeach,44645.0,14251.0,43387.0,23122.0,38598.0,47824.0,,,22069.0,18569.0,,,62980.0,11865.0,72688.0,26920.0,71594.0,32010.0,43226.0,24127.0,$44645,$14251,$43387,$23122,$38598,$47824,,,$22069,$18569,,,$62980,$11865,$72688,$26920,$71594,$32010,$43226,$24127
2013,6037575102,Census Tract 5751.02,Long Beach,Los Angeles County,California,LongBeach,39916.0,10873.0,43022.0,22796.0,11833.0,18888.0,,,32843.0,6013.0,,,60130.0,32787.0,17870.0,15876.0,65175.0,50866.0,51051.0,17442.0,$39916,$10873,$43022,$22796,$11833,$18888,,,$32843,$6013,,,$60130,$32787,$17870,$15876,$65175,$50866,$51051,$17442
2013,6037575103,Census Tract 5751.03,Long Beach,Los Angeles County,California,LongBeach,47082.0,8816.0,49955.0,7270.0,35957.0,17326.0,,,75224.0,84175.0,,,35330.0,57649.0,28737.0,33042.0,53208.0,26580.0,47815.0,12341.0,$47082,$8816,$49955,$7270,$35957,$17326,,,$75224,$84175,,,$35330,$57649,$28737,$33042,$53208,$26580,$47815,$12341
2013,6037575201,Census Tract 5752.01,Long Beach,Los Angeles County,California,LongBeach,42912.0,6148.0,44796.0,9412.0,19854.0,19320.0,,,47861.0,28760.0,,,55784.0,73099.0,62304.0,87813.0,46009.0,5860.0,45747.0,11226.0,$42912,$6148,$44796,$9412,$19854,$19320,,,$47861,$28760,,,$55784,$73099,$62304,$87813,$46009,$5860,$45747,$11226
2013,6037575202,Census Tract 5752.02,Long Beach,Los Angeles County,California,LongBeach,49657.0,14260.0,58508.0,14964.0,36969.0,22752.0,,,56026.0,43938.0,,,36978.0,23639.0,61034.0,24342.0,58171.0,43048.0,48811.0,18634.0,$49657,$14260,$58508,$14964,$36969,$22752,,,$56026,$43938,,,$36978,$23639,$61034,$24342,$58171,$43048,$48811,$18634
2013,6037575300,Census Tract 5753,Long Beach,Los Angeles County,California,LongBeach,45000.0,6238.0,48588.0,8061.0,26912.0,22242.0,50629.0,10705.0,43106.0,27681.0,,,34459.0,7876.0,70012.0,60267.0,45078.0,13591.0,49166.0,7384.0,$45000,$6238,$48588,$8061,$26912,$22242,$50629,$10705,$43106,$27681,,,$34459,$7876,$70012,$60267,$45078,$13591,$49166,$7384
2013,6037575401,Census Tract 5754.01,Long Beach,Los Angeles County,California,LongBeach,50127.0,6721.0,50920.0,6264.0,30501.0,24170.0,,,65529.0,39114.0,,,55672.0,21305.0,61778.0,62847.0,55784.0,39162.0,51265.0,6520.0,$50127,$6721,$50920,$6264,$30501,$24170,,,$65529,$39114,,,$55672,$21305,$61778,$62847,$55784,$39162,$51265,$6520
2013,6037575402,Census Tract 5754.02,Long Beach,Los Angeles County,California,LongBeach,40526.0,7629.0,39308.0,6522.0,67924.0,31411.0,41885.0,29285.0,32963.0,125163.0,,,38542.0,24057.0,16270.0,51494.0,26483.0,127958.0,39525.0,4304.0,$40526,$7629,$39308,$6522,$67924,$31411,$41885,$29285,$32963,$125163,,,$38542,$24057,$16270,$51494,$26483,$127958,$39525,$4304
2013,6037575500,Census Tract 5755,Long Beach,Los Angeles County,California,LongBeach,,,,,,,,,,,,,,,,,,,,,,,,,,,,,,,,,,,,,,,,
2013,6037575801,Census Tract 5758.01,Long Beach,Los Angeles County,California,LongBeach,40311.0,11289.0,40685.0,15981.0,75818.0,8612.0,,,,,,,25598.0,10053.0,25712.0,6643.0,43387.0,9652.0,28737.0,8901.0,$40311,$11289,$40685,$15981,$75818,$8612,,,,,,,$25598,$10053,$25712,$6643,$43387,$9652,$28737,$8901
2013,6037575802,Census Tract 5758.02,Long Beach,Los Angeles County,California,LongBeach,40267.0,6932.0,42207.0,4960.0,28006.0,17706.0,18396.0,2007.0,47452.0,50434.0,,,58636.0,27891.0,53756.0,39452.0,40908.0,17703.0,47455.0,11688.0,$40267,$6932,$42207,$4960,$28006,$17706,$18396,$2007,$47452,$50434,,,$58636,$27891,$53756,$39452,$40908,$17703,$47455,$11688
2013,6037575803,Census Tract 5758.03,Long Beach,Los Angeles County,California,LongBeach,30716.0,8541.0,31220.0,9049.0,33996.0,20416.0,,,16566.0,2008.0,,,66044.0,5619.0,16566.0,81930.0,16426.0,2376.0,53756.0,19597.0,$30716,$8541,$31220,$9049,$33996,$20416,,,$16566,$2008,,,$66044,$5619,$16566,$81930,$16426,$2376,$53756,$19597
2013,6037575901,Census Tract 5759.01,Long Beach,Los Angeles County,California,LongBeach,49489.0,10663.0,55050.0,12647.0,40830.0,12724.0,,,95574.0,121938.0,,,35499.0,26287.0,107726.0,66603.0,96354.0,26816.0,39818.0,10659.0,$49489,$10663,$55050,$12647,$40830,$12724,,,$95574,$121938,,,$35499,$26287,$107726,$66603,$96354,$26816,$39818,$10659
2013,6037575902,Census Tract 5759.02,Long Beach,Los Angeles County,California,LongBeach,42980.0,10612.0,43828.0,15962.0,33132.0,16198.0,,,47059.0,46548.0,,,22564.0,5984.0,69931.0,35608.0,43291.0,16374.0,26202.0,29757.0,$42980,$10612,$43828,$15962,$33132,$16198,,,$47059,$46548,,,$22564,$5984,$69931,$35608,$43291,$16374,$26202,$29757
2013,6037576001,Census Tract 5760.01,Long Beach,Los Angeles County,California,LongBeach,95847.0,17580.0,114298.0,24366.0,53994.0,63368.0,,,122022.0,43040.0,,,8758.0,774.0,71744.0,17397.0,117087.0,31679.0,58226.0,44245.0,$95847,$17580,$114298,$24366,$53994,$63368,,,$122022,$43040,,,$8758,$774,$71744,$17397,$117087,$31679,$58226,$44245
2013,6037576200,Census Tract 5762,Long Beach,Los Angeles County,California,LongBeach,37319.0,15003.0,51210.0,25654.0,28287.0,8364.0,,,120020.0,161987.0,,,35604.0,14366.0,35949.0,44558.0,67336.0,37849.0,39660.0,17845.0,$37319,$15003,$51210,$25654,$28287,$8364,,,$120020,$161987,,,$35604,$14366,$35949,$44558,$67336,$37849,$39660,$17845
2013,6037576301,Census Tract 5763.01,Long Beach,Los Angeles County,California,LongBeach,48504.0,10901.0,54885.0,14949.0,40641.0,26327.0,,,115079.0,152138.0,,,36513.0,24368.0,50206.0,35457.0,57629.0,28371.0,43871.0,16148.0,$48504,$10901,$54885,$14949,$40641,$26327,,,$115079,$152138,,,$36513,$24368,$50206,$35457,$57629,$28371,$43871,$16148
2013,6037576302,Census Tract 5763.02,Long Beach,Los Angeles County,California,LongBeach,49903.0,9902.0,35358.0,17705.0,47688.0,43583.0,,,25462.0,28893.0,,,55700.0,9702.0,73732.0,60707.0,37901.0,16228.0,52488.0,10587.0,$49903,$9902,$35358,$17705,$47688,$43583,,,$25462,$28893,,,$55700,$9702,$73732,$60707,$37901,$16228,$52488,$10587
2013,6037576401,Census Tract 5764.01,Long Beach,Los Angeles County,California,LongBeach,37906.0,6913.0,36830.0,10113.0,39122.0,3906.0,,,49470.0,30578.0,,,28684.0,1822.0,30072.0,40800.0,38128.0,29427.0,34276.0,6686.0,$37906,$6913,$36830,$10113,$39122,$3906,,,$49470,$30578,,,$28684,$1822,$30072,$40800,$38128,$29427,$34276,$6686
2013,6037576402,Census Tract 5764.02,Long Beach,Los Angeles County,California,LongBeach,41108.0,7698.0,40435.0,7481.0,61306.0,71740.0,59059.0,34239.0,24471.0,12193.0,,,62085.0,16733.0,44547.0,29564.0,33433.0,7331.0,46223.0,10504.0,$41108,$7698,$40435,$7481,$61306,$71740,$59059,$34239,$24471,$12193,,,$62085,$16733,$44547,$29564,$33433,$7331,$46223,$10504
2013,6037576403,Census Tract 5764.03,Long Beach,Los Angeles County,California,LongBeach,38535.0,6962.0,50279.0,30077.0,33264.0,14137.0,,,39260.0,3741.0,,,22780.0,35303.0,28997.0,33479.0,68650.0,49578.0,33370.0,21097.0,$38535,$6962,$50279,$30077,$33264,$14137,,,$39260,$3741,,,$22780,$35303,$28997,$33479,$68650,$49578,$33370,$21097
2013,6037576501,Census Tract 5765.01,Long Beach,Los Angeles County,California,LongBeach,44057.0,13523.0,57296.0,18466.0,16612.0,14020.0,,,103116.0,56911.0,,,39495.0,79914.0,78421.0,89258.0,61066.0,32268.0,46994.0,29060.0,$44057,$13523,$57296,$18466,$16612,$14020,,,$103116,$56911,,,$39495,$79914,$78421,$89258,$61066,$32268,$46994,$29060
2013,6037576502,Census Tract 5765.02,Long Beach,Los Angeles County,California,LongBeach,54736.0,9445.0,50933.0,12132.0,44890.0,27503.0,,,60112.0,17778.0,,,62649.0,26676.0,70238.0,35303.0,49529.0,18232.0,54960.0,12433.0,$54736,$9445,$50933,$12132,$44890,$27503,,,$60112,$17778,,,$62649,$26676,$70238,$35303,$49529,$18232,$54960,$12433
2013,6037576503,Census Tract 5765.03,Long Beach,Los Angeles County,California,LongBeach,47655.0,8770.0,40874.0,10075.0,57399.0,28472.0,,,22105.0,71717.0,,,48043.0,17956.0,53843.0,31899.0,43106.0,12193.0,40827.0,9898.0,$47655,$8770,$40874,$10075,$57399,$28472,,,$22105,$71717,,,$48043,$17956,$53843,$31899,$43106,$12193,$40827,$9898
2013,6037576601,Census Tract 5766.01,Long Beach,Los Angeles County,California,LongBeach,63279.0,12753.0,68142.0,12301.0,32230.0,48020.0,,,55730.0,18390.0,,,45121.0,65598.0,72791.0,39248.0,69801.0,10834.0,65927.0,23945.0,$63279,$12753,$68142,$12301,$32230,$48020,,,$55730,$18390,,,$45121,$65598,$72791,$39248,$69801,$10834,$65927,$23945
2013,6037576602,Census Tract 5766.02,Long Beach,Los Angeles County,California,LongBeach,76011.0,8064.0,76008.0,10924.0,75534.0,46529.0,,,109878.0,56138.0,,,63484.0,14555.0,91927.0,35373.0,77294.0,13556.0,65676.0,8693.0,$76011,$8064,$76008,$10924,$75534,$46529,,,$109878,$56138,,,$63484,$14555,$91927,$35373,$77294,$13556,$65676,$8693
2013,6037576700,Census Tract 5767,Long Beach,Los Angeles County,California,LongBeach,104351.0,15284.0,103917.0,12556.0,,,,,190173.0,38617.0,,,62827.0,120008.0,100204.0,43540.0,115499.0,24859.0,82908.0,34961.0,$104351,$15284,$103917,$12556,,,,,$190173,$38617,,,$62827,$120008,$100204,$43540,$115499,$24859,$82908,$34961
2013,6037576801,Census Tract 5768.01,Long Beach,Los Angeles County,California,LongBeach,45524.0,15786.0,54795.0,21071.0,41839.0,49137.0,,,35415.0,953.0,,,23140.0,98154.0,76733.0,21825.0,63084.0,15836.0,26970.0,22462.0,$45524,$15786,$54795,$21071,$41839,$49137,,,$35415,$953,,,$23140,$98154,$76733,$21825,$63084,$15836,$26970,$22462
2013,6037576802,Census Tract 5768.02,Long Beach,Los Angeles County,California,LongBeach,70765.0,13413.0,71920.0,17313.0,43507.0,16699.0,,,124176.0,95084.0,,,53981.0,41526.0,59890.0,47347.0,83733.0,23439.0,59165.0,30795.0,$70765,$13413,$71920,$17313,$43507,$16699,,,$124176,$95084,,,$53981,$41526,$59890,$47347,$83733,$23439,$59165,$30795
2013,6037576901,Census Tract 5769.01,Long Beach,Los Angeles County,California,LongBeach,42042.0,9301.0,48600.0,11696.0,34755.0,20868.0,,,34130.0,27001.0,,,51558.0,21589.0,20032.0,42001.0,48600.0,23663.0,49747.0,14216.0,$42042,$9301,$48600,$11696,$34755,$20868,,,$34130,$27001,,,$51558,$21589,$20032,$42001,$48600,$23663,$49747,$14216
2013,6037576903,Census Tract 5769.03,Long Beach,Los Angeles County,California,LongBeach,50450.0,8654.0,64941.0,7262.0,49273.0,11568.0,,,74119.0,36794.0,,,43365.0,6925.0,,,72312.0,15534.0,44040.0,7700.0,$50450,$8654,$64941,$7262,$49273,$11568,,,$74119,$36794,,,$43365,$6925,,,$72312,$15534,$44040,$7700
2013,6037576904,Census Tract 5769.04,Long Beach,Los Angeles County,California,LongBeach,52311.0,6528.0,72342.0,15202.0,41282.0,31695.0,,,27047.0,28537.0,,,47486.0,40423.0,29127.0,9426.0,85554.0,27726.0,33791.0,23784.0,$52311,$6528,$72342,$15202,$41282,$31695,,,$27047,$28537,,,$47486,$40423,$29127,$9426,$85554,$27726,$33791,$23784
2013,6037577000,Census Tract 5770,Long Beach,Los Angeles County,California,LongBeach,68911.0,10071.0,69705.0,8996.0,56305.0,30501.0,,,60335.0,56696.0,,,91706.0,38251.0,35741.0,190136.0,69950.0,10990.0,60750.0,18071.0,$68911,$10071,$69705,$8996,$56305,$30501,,,$60335,$56696,,,$91706,$38251,$35741,$190136,$69950,$10990,$60750,$18071
2013,6037577100,Census Tract 5771,Long Beach,Los Angeles County,California,LongBeach,81952.0,10272.0,96154.0,25501.0,82877.0,5808.0,,,53611.0,80840.0,,,59788.0,48533.0,66273.0,42861.0,102971.0,16965.0,58444.0,4682.0,$81952,$10272,$96154,$25501,$82877,$5808,,,$53611,$80840,,,$59788,$48533,$66273,$42861,$102971,$16965,$58444,$4682
2013,6037577200,Census Tract 5772,Long Beach,Los Angeles County,California,LongBeach,89188.0,6213.0,90662.0,6932.0,84966.0,79178.0,,,65625.0,23157.0,,,64116.0,99281.0,146856.0,72530.0,90240.0,11471.0,89848.0,9645.0,$89188,$6213,$90662,$6932,$84966,$79178,,,$65625,$23157,,,$64116,$99281,$146856,$72530,$90240,$11471,$89848,$9645
2013,6037577300,Census Tract 5773,Long Beach,Los Angeles County,California,LongBeach,72966.0,8943.0,74116.0,8417.0,,,34811.0,17371.0,217784.0,201996.0,,,149659.0,220319.0,66201.0,68944.0,73738.0,10486.0,63484.0,51193.0,$72966,$8943,$74116,$8417,,,$34811,$17371,$217784,$201996,,,$149659,$220319,$66201,$68944,$73738,$10486,$63484,$51193
2013,6037577400,Census Tract 5774,Long Beach,Los Angeles County,California,LongBeach,92731.0,18948.0,95932.0,20281.0,,,,,43006.0,87753.0,,,,,,,102415.0,20626.0,70699.0,33717.0,$92731,$18948,$95932,$20281,,,,,$43006,$87753,,,,,,,$102415,$20626,$70699,$33717
2013,6037577501,Census Tract 5775.01,Long Beach,Los Angeles County,California,LongBeach,122587.0,24130.0,126384.0,33742.0,,,,,70850.0,112811.0,,,,,,,135717.0,33051.0,74964.0,24665.0,$122587,$24130,$126384,$33742,,,,,$70850,$112811,,,,,,,$135717,$33051,$74964,$24665
2013,6037577504,Census Tract 5775.04,Long Beach,Los Angeles County,California,LongBeach,112920.0,10639.0,114499.0,13534.0,,,,,28737.0,8086.0,,,,,,,111794.0,15045.0,119582.0,27246.0,$112920,$10639,$114499,$13534,,,,,$28737,$8086,,,,,,,$111794,$15045,$119582,$27246
2013,6037577602,Census Tract 5776.02,Long Beach,Los Angeles County,California,LongBeach,96596.0,16501.0,102660.0,26464.0,76914.0,52656.0,,,92819.0,78933.0,,,90543.0,127432.0,97030.0,45187.0,103896.0,26404.0,89593.0,43054.0,$96596,$16501,$102660,$26464,$76914,$52656,,,$92819,$78933,,,$90543,$127432,$97030,$45187,$103896,$26404,$89593,$43054
2013,6037577603,Census Tract 5776.03,Long Beach,Los Angeles County,California,LongBeach,130255.0,16263.0,140474.0,20157.0,72650.0,27193.0,,,57418.0,366215.0,,,28875.0,25266.0,26552.0,23781.0,137348.0,20873.0,73452.0,145071.0,$130255,$16263,$140474,$20157,$72650,$27193,,,$57418,$366215,,,$28875,$25266,$26552,$23781,$137348,$20873,$73452,$145071
2013,6037577604,Census Tract 5776.04,Long Beach,Los Angeles County,California,LongBeach,125183.0,11710.0,123527.0,14321.0,,,,,63511.0,79826.0,,,,,,,124779.0,10425.0,80295.0,30762.0,$125183,$11710,$123527,$14321,,,,,$63511,$79826,,,,,,,$124779,$10425,$80295,$30762
2013,6037980006,Census Tract 9800.06,Long Beach,Los Angeles County,California,LongBeach,,,,,,,,,,,,,,,,,,,,,,,,,,,,,,,,,,,,,,,,
2013,6037980007,Census Tract 9800.07,Long Beach,Los Angeles County,California,LongBeach,,,,,,,,,,,,,,,,,,,,,,,,,,,,,,,,,,,,,,,,
2013,6037980018,Census Tract 9800.18,Long Beach,Los Angeles County,California,LongBeach,,,,,,,,,,,,,,,,,,,,,,,,,,,,,,,,,,,,,,,,
2013,6037980033,Census Tract 9800.33,Long Beach,Los Angeles County,California,LongBeach,,,,,,,,,,,,,,,,,,,,,,,,,,,,,,,,,,,,,,,,
2013,6037990300,Census Tract 9903,Long Beach,Los Angeles County,California,LongBeach,,,,,,,,,,,,,,,,,,,,,,,,,,,,,,,,,,,,,,,,
2014,6037542402,Census Tract 5424.02,Long Beach,Los Angeles County,California,LongBeach,78539.0,12420.0,69834.0,7630.0,96022.0,17359.0,,,,,,,74637.0,24644.0,,,33587.0,23122.0,71846.0,9218.0,$78539,$12420,$69834,$7630,$96022,$17359,,,,,,,$74637,$24644,,,$33587,$23122,$71846,$9218
2014,6037543305,Census Tract 5433.05,Long Beach,Los Angeles County,California,LongBeach,62179.0,10667.0,58497.0,21543.0,84293.0,44309.0,,,127336.0,90116.0,,,87070.0,47954.0,,,41171.0,15975.0,62628.0,16197.0,$62179,$10667,$58497,$21543,$84293,$44309,,,$127336,$90116,,,$87070,$47954,,,$41171,$15975,$62628,$16197
2014,6037544001,Census Tract 5440.01,Long Beach,Los Angeles County,California,LongBeach,69391.0,15306.0,66575.0,15124.0,96675.0,66008.0,,,71853.0,35561.0,,,92089.0,41742.0,16193.0,36980.0,71752.0,30396.0,74094.0,14251.0,$69391,$15306,$66575,$15124,$96675,$66008,,,$71853,$35561,,,$92089,$41742,$16193,$36980,$71752,$30396,$74094,$14251
2014,6037544002,Census Tract 5440.02,Long Beach,Los Angeles County,California,LongBeach,107696.0,19206.0,85986.0,34264.0,140292.0,88843.0,,,121794.0,38716.0,98862.0,46440.0,78449.0,74615.0,133848.0,33527.0,64846.0,23758.0,108076.0,37508.0,$107696,$19206,$85986,$34264,$140292,$88843,,,$121794,$38716,$98862,$46440,$78449,$74615,$133848,$33527,$64846,$23758,$108076,$37508
2014,6037555202,Census Tract 5552.02,Long Beach,Los Angeles County,California,LongBeach,135536.0,28186.0,134982.0,37152.0,271022.0,187533.0,,,109739.0,101729.0,,,,,,,145110.0,26474.0,108409.0,73973.0,$135536,$28186,$134982,$37152,$271022,$187533,,,$109739,$101729,,,,,,,$145110,$26474,$108409,$73973
2014,6037555211,Census Tract 5552.11,Long Beach,Los Angeles County,California,LongBeach,52918.0,5331.0,53370.0,4625.0,,,,,28424.0,66579.0,,,53853.0,24141.0,,,60491.0,36678.0,53144.0,4588.0,$52918,$5331,$53370,$4625,,,,,$28424,$66579,,,$53853,$24141,,,$60491,$36678,$53144,$4588
2014,6037570100,Census Tract 5701,Long Beach,Los Angeles County,California,LongBeach,120729.0,22216.0,110606.0,24168.0,107601.0,67112.0,,,157077.0,32923.0,,,,,89371.0,60333.0,108353.0,29748.0,150752.0,24607.0,$120729,$22216,$110606,$24168,$107601,$67112,,,$157077,$32923,,,,,$89371,$60333,$108353,$29748,$150752,$24607
2014,6037570202,Census Tract 5702.02,Long Beach,Los Angeles County,California,LongBeach,78539.0,17995.0,98100.0,22860.0,66508.0,35489.0,45226.0,54142.0,80365.0,36640.0,,,69066.0,27429.0,,,102635.0,15832.0,68939.0,21230.0,$78539,$17995,$98100,$22860,$66508,$35489,$45226,$54142,$80365,$36640,,,$69066,$27429,,,$102635,$15832,$68939,$21230
2014,6037570203,Census Tract 5702.03,Long Beach,Los Angeles County,California,LongBeach,53551.0,11848.0,55344.0,20721.0,38536.0,8090.0,,,42929.0,74219.0,,,87791.0,25067.0,77316.0,59674.0,43765.0,3315.0,76193.0,18447.0,$53551,$11848,$55344,$20721,$38536,$8090,,,$42929,$74219,,,$87791,$25067,$77316,$59674,$43765,$3315,$76193,$18447
2014,6037570204,Census Tract 5702.04,Long Beach,Los Angeles County,California,LongBeach,57977.0,12981.0,80227.0,52854.0,47111.0,31251.0,,,81856.0,72409.0,,,45828.0,53636.0,40677.0,2307.0,82721.0,53490.0,53088.0,33417.0,$57977,$12981,$80227,$52854,$47111,$31251,,,$81856,$72409,,,$45828,$53636,$40677,$2307,$82721,$53490,$53088,$33417
2014,6037570301,Census Tract 5703.01,Long Beach,Los Angeles County,California,LongBeach,62718.0,9132.0,57463.0,14193.0,77234.0,46900.0,,,96842.0,88581.0,,,65262.0,82029.0,61272.0,32073.0,58927.0,20167.0,55525.0,15163.0,$62718,$9132,$57463,$14193,$77234,$46900,,,$96842,$88581,,,$65262,$82029,$61272,$32073,$58927,$20167,$55525,$15163
2014,6037570303,Census Tract 5703.03,Long Beach,Los Angeles County,California,LongBeach,50111.0,8417.0,48005.0,15117.0,52687.0,65861.0,,,87634.0,78544.0,,,43175.0,14778.0,54685.0,10523.0,83769.0,64541.0,48005.0,9062.0,$50111,$8417,$48005,$15117,$52687,$65861,,,$87634,$78544,,,$43175,$14778,$54685,$10523,$83769,$64541,$48005,$9062
2014,6037570304,Census Tract 5703.04,Long Beach,Los Angeles County,California,LongBeach,53260.0,6566.0,51794.0,6663.0,53563.0,21901.0,,,70910.0,58379.0,,,46318.0,12758.0,26254.0,52994.0,53207.0,25941.0,48728.0,6112.0,$53260,$6566,$51794,$6663,$53563,$21901,,,$70910,$58379,,,$46318,$12758,$26254,$52994,$53207,$25941,$48728,$6112
2014,6037570402,Census Tract 5704.02,Long Beach,Los Angeles County,California,LongBeach,77871.0,11416.0,67441.0,6128.0,76901.0,27018.0,,,131227.0,62728.0,,,81473.0,34819.0,82898.0,88124.0,80227.0,43632.0,74822.0,15693.0,$77871,$11416,$67441,$6128,$76901,$27018,,,$131227,$62728,,,$81473,$34819,$82898,$88124,$80227,$43632,$74822,$15693
2014,6037570403,Census Tract 5704.03,Long Beach,Los Angeles County,California,LongBeach,60738.0,10346.0,27723.0,20236.0,97767.0,38620.0,,,32423.0,95223.0,,,60102.0,21445.0,106992.0,173514.0,,,48635.0,18340.0,$60738,$10346,$27723,$20236,$97767,$38620,,,$32423,$95223,,,$60102,$21445,$106992,$173514,,,$48635,$18340
2014,6037570404,Census Tract 5704.04,Long Beach,Los Angeles County,California,LongBeach,69279.0,12924.0,56770.0,8445.0,70873.0,17772.0,,,142993.0,125007.0,,,86295.0,31182.0,100238.0,96504.0,,,65601.0,16087.0,$69279,$12924,$56770,$8445,$70873,$17772,,,$142993,$125007,,,$86295,$31182,$100238,$96504,,,$65601,$16087
2014,6037570501,Census Tract 5705.01,Long Beach,Los Angeles County,California,LongBeach,83903.0,14569.0,89232.0,32140.0,79415.0,14041.0,,,68931.0,7541.0,,,107679.0,42233.0,,,104086.0,38092.0,100101.0,18686.0,$83903,$14569,$89232,$32140,$79415,$14041,,,$68931,$7541,,,$107679,$42233,,,$104086,$38092,$100101,$18686
2014,6037570502,Census Tract 5705.02,Long Beach,Los Angeles County,California,LongBeach,66693.0,10040.0,63614.0,10410.0,68726.0,46161.0,,,59924.0,13816.0,,,93667.0,27225.0,39074.0,86098.0,63119.0,8052.0,68554.0,30122.0,$66693,$10040,$63614,$10410,$68726,$46161,,,$59924,$13816,,,$93667,$27225,$39074,$86098,$63119,$8052,$68554,$30122
2014,6037570601,Census Tract 5706.01,Long Beach,Los Angeles County,California,LongBeach,63360.0,17885.0,62708.0,28616.0,31955.0,37673.0,,,83468.0,61612.0,,,94982.0,15483.0,46873.0,26716.0,68409.0,34103.0,82816.0,21195.0,$63360,$17885,$62708,$28616,$31955,$37673,,,$83468,$61612,,,$94982,$15483,$46873,$26716,$68409,$34103,$82816,$21195
2014,6037570602,Census Tract 5706.02,Long Beach,Los Angeles County,California,LongBeach,63183.0,7879.0,56256.0,18319.0,81473.0,104627.0,,,60511.0,14838.0,,,69773.0,13157.0,77508.0,39527.0,55092.0,38486.0,62167.0,10222.0,$63183,$7879,$56256,$18319,$81473,$104627,,,$60511,$14838,,,$69773,$13157,$77508,$39527,$55092,$38486,$62167,$10222
2014,6037570603,Census Tract 5706.03,Long Beach,Los Angeles County,California,LongBeach,38911.0,7075.0,48006.0,12134.0,35748.0,10370.0,,,58195.0,106352.0,,,51242.0,27272.0,21492.0,7283.0,32884.0,32998.0,48773.0,11019.0,$38911,$7075,$48006,$12134,$35748,$10370,,,$58195,$106352,,,$51242,$27272,$21492,$7283,$32884,$32998,$48773,$11019
2014,6037571000,Census Tract 5710,Long Beach,Los Angeles County,California,LongBeach,106919.0,14330.0,107390.0,12682.0,121442.0,38157.0,,,77435.0,83974.0,,,95606.0,81718.0,78480.0,112306.0,100775.0,13528.0,128528.0,24446.0,$106919,$14330,$107390,$12682,$121442,$38157,,,$77435,$83974,,,$95606,$81718,$78480,$112306,$100775,$13528,$128528,$24446
2014,6037571200,Census Tract 5712,Long Beach,Los Angeles County,California,LongBeach,104393.0,8276.0,102950.0,15941.0,108446.0,129295.0,,,56277.0,60978.0,,,122417.0,63214.0,118808.0,302845.0,109700.0,12719.0,103707.0,7994.0,$104393,$8276,$102950,$15941,$108446,$129295,,,$56277,$60978,,,$122417,$63214,$118808,$302845,$109700,$12719,$103707,$7994
2014,6037571400,Census Tract 5714,Long Beach,Los Angeles County,California,LongBeach,102680.0,11382.0,108076.0,22122.0,92488.0,17701.0,,,115809.0,13413.0,,,62824.0,56216.0,147920.0,37311.0,99208.0,22377.0,101681.0,33619.0,$102680,$11382,$108076,$22122,$92488,$17701,,,$115809,$13413,,,$62824,$56216,$147920,$37311,$99208,$22377,$101681,$33619
2014,6037571502,Census Tract 5715.02,Long Beach,Los Angeles County,California,LongBeach,77788.0,15241.0,72236.0,14802.0,95398.0,31077.0,,,95530.0,32049.0,,,64846.0,54365.0,73645.0,34964.0,78037.0,23805.0,65422.0,17889.0,$77788,$15241,$72236,$14802,$95398,$31077,,,$95530,$32049,,,$64846,$54365,$73645,$34964,$78037,$23805,$65422,$17889
2014,6037571503,Census Tract 5715.03,Long Beach,Los Angeles County,California,LongBeach,105808.0,34530.0,117388.0,63122.0,56079.0,69569.0,,,128306.0,43453.0,,,136928.0,88033.0,168489.0,103560.0,88702.0,59424.0,137605.0,42101.0,$105808,$34530,$117388,$63122,$56079,$69569,,,$128306,$43453,,,$136928,$88033,$168489,$103560,$88702,$59424,$137605,$42101
2014,6037571504,Census Tract 5715.04,Long Beach,Los Angeles County,California,LongBeach,72630.0,21476.0,86857.0,27602.0,40548.0,29979.0,,,106912.0,44825.0,,,59014.0,64541.0,,,136817.0,41242.0,60080.0,16894.0,$72630,$21476,$86857,$27602,$40548,$29979,,,$106912,$44825,,,$59014,$64541,,,$136817,$41242,$60080,$16894
2014,6037571600,Census Tract 5716,Long Beach,Los Angeles County,California,LongBeach,17061.0,3155.0,19121.0,12605.0,16527.0,3803.0,,,16555.0,29096.0,,,18290.0,9011.0,12332.0,43936.0,27078.0,10419.0,15716.0,3940.0,$17061,$3155,$19121,$12605,$16527,$3803,,,$16555,$29096,,,$18290,$9011,$12332,$43936,$27078,$10419,$15716,$3940
2014,6037571701,Census Tract 5717.01,Long Beach,Los Angeles County,California,LongBeach,61426.0,13056.0,73991.0,25086.0,35836.0,22223.0,,,98740.0,110330.0,,,60190.0,6640.0,75535.0,92193.0,80213.0,31550.0,61188.0,10351.0,$61426,$13056,$73991,$25086,$35836,$22223,,,$98740,$110330,,,$60190,$6640,$75535,$92193,$80213,$31550,$61188,$10351
2014,6037571703,Census Tract 5717.03,Long Beach,Los Angeles County,California,LongBeach,43008.0,10093.0,48219.0,14858.0,32335.0,43534.0,,,33809.0,13805.0,,,49204.0,17871.0,,,41346.0,32073.0,49851.0,15720.0,$43008,$10093,$48219,$14858,$32335,$43534,,,$33809,$13805,,,$49204,$17871,,,$41346,$32073,$49851,$15720
2014,6037571704,Census Tract 5717.04,Long Beach,Los Angeles County,California,LongBeach,60249.0,8776.0,55319.0,7981.0,57780.0,46178.0,,,80048.0,49283.0,,,68530.0,28383.0,62352.0,108419.0,53623.0,22250.0,67421.0,15845.0,$60249,$8776,$55319,$7981,$57780,$46178,,,$80048,$49283,,,$68530,$28383,$62352,$108419,$53623,$22250,$67421,$15845
2014,6037571800,Census Tract 5718,Long Beach,Los Angeles County,California,LongBeach,128432.0,16534.0,134680.0,31091.0,133572.0,18326.0,,,111956.0,36295.0,,,94775.0,104239.0,,,131960.0,30547.0,199609.0,161105.0,$128432,$16534,$134680,$31091,$133572,$18326,,,$111956,$36295,,,$94775,$104239,,,$131960,$30547,$199609,$161105
2014,6037571900,Census Tract 5719,Long Beach,Los Angeles County,California,LongBeach,92057.0,14616.0,90974.0,17171.0,102756.0,102334.0,,,262964.0,174304.0,,,91341.0,382453.0,76485.0,39474.0,89740.0,16453.0,91020.0,42544.0,$92057,$14616,$90974,$17171,$102756,$102334,,,$262964,$174304,,,$91341,$382453,$76485,$39474,$89740,$16453,$91020,$42544
2014,6037572001,Census Tract 5720.01,Long Beach,Los Angeles County,California,LongBeach,105939.0,15246.0,123690.0,18540.0,66979.0,3034.0,,,151993.0,116236.0,,,71570.0,17731.0,73096.0,34368.0,120866.0,25567.0,93857.0,51064.0,$105939,$15246,$123690,$18540,$66979,$3034,,,$151993,$116236,,,$71570,$17731,$73096,$34368,$120866,$25567,$93857,$51064
2014,6037572002,Census Tract 5720.02,Long Beach,Los Angeles County,California,LongBeach,85305.0,8725.0,78609.0,12774.0,85579.0,10637.0,,,122417.0,70080.0,,,86078.0,17182.0,89579.0,112137.0,71608.0,12856.0,114481.0,24248.0,$85305,$8725,$78609,$12774,$85579,$10637,,,$122417,$70080,,,$86078,$17182,$89579,$112137,$71608,$12856,$114481,$24248
2014,6037572100,Census Tract 5721,Long Beach,Los Angeles County,California,LongBeach,137493.0,23355.0,128029.0,37557.0,143686.0,77435.0,,,148694.0,24413.0,,,166271.0,148698.0,,,134015.0,27145.0,109406.0,88255.0,$137493,$23355,$128029,$37557,$143686,$77435,,,$148694,$24413,,,$166271,$148698,,,$134015,$27145,$109406,$88255
2014,6037572201,Census Tract 5722.01,Long Beach,Los Angeles County,California,LongBeach,96705.0,9693.0,91840.0,10117.0,72162.0,13295.0,,,126366.0,55553.0,160452.0,339128.0,70295.0,35659.0,146688.0,98202.0,91449.0,9740.0,100001.0,30892.0,$96705,$9693,$91840,$10117,$72162,$13295,,,$126366,$55553,$160452,$339128,$70295,$35659,$146688,$98202,$91449,$9740,$100001,$30892
2014,6037572202,Census Tract 5722.02,Long Beach,Los Angeles County,California,LongBeach,111734.0,17517.0,120638.0,35622.0,105939.0,49614.0,,,178187.0,135629.0,109915.0,2655.0,106299.0,58730.0,154632.0,126349.0,122394.0,38527.0,132146.0,38459.0,$111734,$17517,$120638,$35622,$105939,$49614,,,$178187,$135629,$109915,$2655,$106299,$58730,$154632,$126349,$122394,$38527,$132146,$38459
2014,6037572301,Census Tract 5723.01,Long Beach,Los Angeles County,California,LongBeach,62451.0,9102.0,41130.0,11761.0,65628.0,92145.0,,,144241.0,54903.0,49466.0,156834.0,61832.0,16079.0,40903.0,42651.0,26348.0,43596.0,49383.0,17050.0,$62451,$9102,$41130,$11761,$65628,$92145,,,$144241,$54903,$49466,$156834,$61832,$16079,$40903,$42651,$26348,$43596,$49383,$17050
2014,6037572302,Census Tract 5723.02,Long Beach,Los Angeles County,California,LongBeach,75913.0,21988.0,75499.0,23343.0,96992.0,103805.0,,,106684.0,15834.0,144190.0,60887.0,148456.0,119920.0,47387.0,29326.0,44166.0,4950.0,75260.0,17271.0,$75913,$21988,$75499,$23343,$96992,$103805,,,$106684,$15834,$144190,$60887,$148456,$119920,$47387,$29326,$44166,$4950,$75260,$17271
2014,6037572400,Census Tract 5724,Long Beach,Los Angeles County,California,LongBeach,89434.0,19593.0,80868.0,38103.0,87779.0,46533.0,,,153801.0,57205.0,,,,,103753.0,130358.0,54742.0,38155.0,82530.0,23673.0,$89434,$19593,$80868,$38103,$87779,$46533,,,$153801,$57205,,,,,$103753,$130358,$54742,$38155,$82530,$23673
2014,6037572500,Census Tract 5725,Long Beach,Los Angeles County,California,LongBeach,27896.0,4586.0,22385.0,7288.0,23140.0,18541.0,,,24342.0,6780.0,,,,,45310.0,34568.0,27030.0,16647.0,22427.0,9927.0,$27896,$4586,$22385,$7288,$23140,$18541,,,$24342,$6780,,,,,$45310,$34568,$27030,$16647,$22427,$9927
2014,6037572600,Census Tract 5726,Long Beach,Los Angeles County,California,LongBeach,91544.0,9923.0,87569.0,33962.0,60412.0,52659.0,,,90926.0,2628.0,,,46245.0,117100.0,101694.0,101287.0,70288.0,101322.0,96150.0,26706.0,$91544,$9923,$87569,$33962,$60412,$52659,,,$90926,$2628,,,$46245,$117100,$101694,$101287,$70288,$101322,$96150,$26706
2014,6037572700,Census Tract 5727,Long Beach,Los Angeles County,California,LongBeach,71361.0,10808.0,57780.0,26255.0,65262.0,53127.0,,,76855.0,26951.0,,,70832.0,34874.0,75405.0,21176.0,35392.0,20916.0,70721.0,24974.0,$71361,$10808,$57780,$26255,$65262,$53127,,,$76855,$26951,,,$70832,$34874,$75405,$21176,$35392,$20916,$70721,$24974
2014,6037572800,Census Tract 5728,Long Beach,Los Angeles County,California,LongBeach,26482.0,8271.0,27851.0,12284.0,21253.0,4535.0,,,,,,,,,48404.0,14583.0,27851.0,12284.0,,,$26482,$8271,$27851,$12284,$21253,$4535,,,,,,,,,$48404,$14583,$27851,$12284,,
2014,6037572900,Census Tract 5729,Long Beach,Los Angeles County,California,LongBeach,49252.0,14218.0,39535.0,12778.0,43501.0,26198.0,,,92954.0,28655.0,,,80180.0,50653.0,96807.0,173506.0,65559.0,83967.0,47411.0,9003.0,$49252,$14218,$39535,$12778,$43501,$26198,,,$92954,$28655,,,$80180,$50653,$96807,$173506,$65559,$83967,$47411,$9003
2014,6037573002,Census Tract 5730.02,Long Beach,Los Angeles County,California,LongBeach,38242.0,8816.0,39942.0,11306.0,21130.0,12752.0,,,35371.0,13062.0,,,43297.0,17433.0,58067.0,17843.0,100844.0,77758.0,35448.0,7647.0,$38242,$8816,$39942,$11306,$21130,$12752,,,$35371,$13062,,,$43297,$17433,$58067,$17843,$100844,$77758,$35448,$7647
2014,6037573003,Census Tract 5730.03,Long Beach,Los Angeles County,California,LongBeach,70757.0,22137.0,66508.0,71579.0,123540.0,119483.0,,,89371.0,33808.0,,,32215.0,67920.0,,,98856.0,99993.0,48011.0,51688.0,$70757,$22137,$66508,$71579,$123540,$119483,,,$89371,$33808,,,$32215,$67920,,,$98856,$99993,$48011,$51688
2014,6037573004,Census Tract 5730.04,Long Beach,Los Angeles County,California,LongBeach,36580.0,9854.0,36507.0,12722.0,31743.0,10653.0,,,76366.0,13255.0,,,34036.0,30603.0,26603.0,117546.0,44269.0,57494.0,35864.0,6398.0,$36580,$9854,$36507,$12722,$31743,$10653,,,$76366,$13255,,,$34036,$30603,$26603,$117546,$44269,$57494,$35864,$6398
2014,6037573100,Census Tract 5731,Long Beach,Los Angeles County,California,LongBeach,70119.0,5136.0,81889.0,34987.0,70280.0,3771.0,31481.0,18543.0,93874.0,9837.0,,,67244.0,67076.0,70333.0,67215.0,78741.0,36882.0,61325.0,27592.0,$70119,$5136,$81889,$34987,$70280,$3771,$31481,$18543,$93874,$9837,,,$67244,$67076,$70333,$67215,$78741,$36882,$61325,$27592
2014,6037573201,Census Tract 5732.01,Long Beach,Los Angeles County,California,LongBeach,41568.0,18613.0,47877.0,17831.0,50464.0,43519.0,51359.0,41443.0,33338.0,16900.0,,,67296.0,16977.0,38104.0,63865.0,29097.0,223023.0,51544.0,9967.0,$41568,$18613,$47877,$17831,$50464,$43519,$51359,$41443,$33338,$16900,,,$67296,$16977,$38104,$63865,$29097,$223023,$51544,$9967
2014,6037573202,Census Tract 5732.02,Long Beach,Los Angeles County,California,LongBeach,51392.0,6580.0,55177.0,20503.0,36342.0,27264.0,,,54315.0,19464.0,,,32813.0,19729.0,60597.0,19653.0,117683.0,73765.0,50683.0,14317.0,$51392,$6580,$55177,$20503,$36342,$27264,,,$54315,$19464,,,$32813,$19729,$60597,$19653,$117683,$73765,$50683,$14317
2014,6037573300,Census Tract 5733,Long Beach,Los Angeles County,California,LongBeach,41653.0,5053.0,36076.0,12389.0,40633.0,26811.0,,,40164.0,16186.0,,,70421.0,28442.0,83552.0,63034.0,131022.0,120303.0,42067.0,19007.0,$41653,$5053,$36076,$12389,$40633,$26811,,,$40164,$16186,,,$70421,$28442,$83552,$63034,$131022,$120303,$42067,$19007
2014,6037573401,Census Tract 5734.01,Long Beach,Los Angeles County,California,LongBeach,88879.0,19653.0,88374.0,23580.0,25079.0,48608.0,,,183504.0,107087.0,,,3324.0,,,,90589.0,11354.0,57780.0,31024.0,$88879,$19653,$88374,$23580,$25079,$48608,,,$183504,$107087,,,$3324,,,,$90589,$11354,$57780,$31024
2014,6037573402,Census Tract 5734.02,Long Beach,Los Angeles County,California,LongBeach,68203.0,9223.0,92874.0,21441.0,58433.0,23391.0,,,61451.0,39003.0,,,85353.0,87850.0,31705.0,12927.0,107974.0,12416.0,60613.0,27558.0,$68203,$9223,$92874,$21441,$58433,$23391,,,$61451,$39003,,,$85353,$87850,$31705,$12927,$107974,$12416,$60613,$27558
2014,6037573403,Census Tract 5734.03,Long Beach,Los Angeles County,California,LongBeach,143251.0,16452.0,133710.0,24828.0,144471.0,12579.0,,,130447.0,70526.0,,,,,211356.0,132860.0,134680.0,23015.0,102201.0,87131.0,$143251,$16452,$133710,$24828,$144471,$12579,,,$130447,$70526,,,,,$211356,$132860,$134680,$23015,$102201,$87131
2014,6037573601,Census Tract 5736.01,Long Beach,Los Angeles County,California,LongBeach,121578.0,14841.0,119467.0,17895.0,74913.0,133842.0,,,135603.0,157245.0,,,124795.0,121817.0,132762.0,62960.0,105482.0,21699.0,143755.0,28120.0,$121578,$14841,$119467,$17895,$74913,$133842,,,$135603,$157245,,,$124795,$121817,$132762,$62960,$105482,$21699,$143755,$28120
2014,6037573700,Census Tract 5737,Long Beach,Los Angeles County,California,LongBeach,147722.0,13299.0,133955.0,22330.0,186382.0,46149.0,,,221396.0,21783.0,,,195202.0,63802.0,,,128267.0,26114.0,188995.0,30465.0,$147722,$13299,$133955,$22330,$186382,$46149,,,$221396,$21783,,,$195202,$63802,,,$128267,$26114,$188995,$30465
2014,6037573800,Census Tract 5738,Long Beach,Los Angeles County,California,LongBeach,133674.0,8335.0,136072.0,8372.0,124703.0,122235.0,,,139829.0,59163.0,,,127696.0,2080.0,167194.0,86323.0,136933.0,10605.0,129525.0,10528.0,$133674,$8335,$136072,$8372,$124703,$122235,,,$139829,$59163,,,$127696,$2080,$167194,$86323,$136933,$10605,$129525,$10528
2014,6037573902,Census Tract 5739.02,Long Beach,Los Angeles County,California,LongBeach,145385.0,10607.0,144832.0,6643.0,99914.0,101403.0,,,225464.0,192212.0,,,,,3324.0,,143634.0,10689.0,211441.0,110614.0,$145385,$10607,$144832,$6643,$99914,$101403,,,$225464,$192212,,,,,$3324,,$143634,$10689,$211441,$110614
2014,6037574000,Census Tract 5740,Long Beach,Los Angeles County,California,LongBeach,151505.0,11632.0,149145.0,20712.0,,,,,160771.0,30670.0,,,161352.0,29470.0,151452.0,90327.0,140499.0,20779.0,174585.0,43888.0,$151505,$11632,$149145,$20712,,,,,$160771,$30670,,,$161352,$29470,$151452,$90327,$140499,$20779,$174585,$43888
2014,6037574100,Census Tract 5741,Long Beach,Los Angeles County,California,LongBeach,121933.0,6954.0,121064.0,13886.0,,,,,152138.0,61955.0,,,122009.0,7437.0,109994.0,130595.0,112544.0,18765.0,125773.0,39841.0,$121933,$6954,$121064,$13886,,,,,$152138,$61955,,,$122009,$7437,$109994,$130595,$112544,$18765,$125773,$39841
2014,6037574201,Census Tract 5742.01,Long Beach,Los Angeles County,California,LongBeach,131874.0,21779.0,129068.0,30414.0,,,,,111402.0,88564.0,,,,,,,126366.0,32117.0,194870.0,38657.0,$131874,$21779,$129068,$30414,,,,,$111402,$88564,,,,,,,$126366,$32117,$194870,$38657
2014,6037574202,Census Tract 5742.02,Long Beach,Los Angeles County,California,LongBeach,79700.0,11917.0,80112.0,11651.0,,,,,,,,,50546.0,63553.0,57530.0,96342.0,70601.0,12994.0,123872.0,45369.0,$79700,$11917,$80112,$11651,,,,,,,,,$50546,$63553,$57530,$96342,$70601,$12994,$123872,$45369
2014,6037574300,Census Tract 5743,Long Beach,Los Angeles County,California,LongBeach,108164.0,8131.0,106472.0,10875.0,23130.0,24778.0,,,196793.0,59854.0,,,,,220968.0,10511.0,106362.0,13064.0,111125.0,58498.0,$108164,$8131,$106472,$10875,$23130,$24778,,,$196793,$59854,,,,,$220968,$10511,$106362,$13064,$111125,$58498
2014,6037574400,Census Tract 5744,Long Beach,Los Angeles County,California,LongBeach,136648.0,17754.0,132186.0,14664.0,,,,,187887.0,118118.0,,,,,219797.0,158527.0,127239.0,12281.0,185854.0,32237.0,$136648,$17754,$132186,$14664,,,,,$187887,$118118,,,,,$219797,$158527,$127239,$12281,$185854,$32237
2014,6037574500,Census Tract 5745,Long Beach,Los Angeles County,California,LongBeach,121434.0,14621.0,120561.0,17371.0,117954.0,88644.0,,,197308.0,230401.0,,,235082.0,70726.0,,,123115.0,24676.0,120794.0,19141.0,$121434,$14621,$120561,$17371,$117954,$88644,,,$197308,$230401,,,$235082,$70726,,,$123115,$24676,$120794,$19141
2014,6037574601,Census Tract 5746.01,Long Beach,Los Angeles County,California,LongBeach,,,,,,,,,,,,,,,,,,,,,,,,,,,,,,,,,,,,,,,,
2014,6037574602,Census Tract 5746.02,Long Beach,Los Angeles County,California,LongBeach,156850.0,81489.0,92372.0,33319.0,292729.0,100187.0,,,283238.0,149768.0,,,,,,,102091.0,33037.0,91449.0,156475.0,$156850,$81489,$92372,$33319,$292729,$100187,,,$283238,$149768,,,,,,,$102091,$33037,$91449,$156475
2014,6037574700,Census Tract 5747,Long Beach,Los Angeles County,California,LongBeach,,,,,,,,,,,,,,,,,,,,,,,,,,,,,,,,,,,,,,,,
2014,6037574800,Census Tract 5748,Long Beach,Los Angeles County,California,LongBeach,97646.0,10095.0,98856.0,18453.0,100490.0,66389.0,,,103587.0,32207.0,,,,,78366.0,15164.0,104647.0,18947.0,78947.0,28833.0,$97646,$10095,$98856,$18453,$100490,$66389,,,$103587,$32207,,,,,$78366,$15164,$104647,$18947,$78947,$28833
2014,6037574901,Census Tract 5749.01,Long Beach,Los Angeles County,California,LongBeach,134950.0,14061.0,136342.0,18179.0,,,,,131354.0,40880.0,,,,,153246.0,214333.0,139430.0,21261.0,127791.0,18633.0,$134950,$14061,$136342,$18179,,,,,$131354,$40880,,,,,$153246,$214333,$139430,$21261,$127791,$18633
2014,6037574902,Census Tract 5749.02,Long Beach,Los Angeles County,California,LongBeach,71648.0,10059.0,69434.0,11463.0,93210.0,26476.0,,,53402.0,22262.0,,,96834.0,16267.0,19583.0,66512.0,72744.0,12718.0,91404.0,16910.0,$71648,$10059,$69434,$11463,$93210,$26476,,,$53402,$22262,,,$96834,$16267,$19583,$66512,$72744,$12718,$91404,$16910
2014,6037575001,Census Tract 5750.01,Long Beach,Los Angeles County,California,LongBeach,91258.0,19680.0,92384.0,29716.0,136342.0,49554.0,,,76796.0,49643.0,,,86699.0,32786.0,50048.0,63139.0,79321.0,33587.0,94608.0,21664.0,$91258,$19680,$92384,$29716,$136342,$49554,,,$76796,$49643,,,$86699,$32786,$50048,$63139,$79321,$33587,$94608,$21664
2014,6037575002,Census Tract 5750.02,Long Beach,Los Angeles County,California,LongBeach,89528.0,6223.0,86831.0,9540.0,82545.0,14947.0,,,89470.0,38333.0,,,68683.0,80763.0,102293.0,84526.0,87077.0,14857.0,85796.0,11128.0,$89528,$6223,$86831,$9540,$82545,$14947,,,$89470,$38333,,,$68683,$80763,$102293,$84526,$87077,$14857,$85796,$11128
2014,6037575101,Census Tract 5751.01,Long Beach,Los Angeles County,California,LongBeach,45874.0,16408.0,45576.0,12601.0,79929.0,47083.0,,,19088.0,7817.0,,,63361.0,47901.0,70971.0,10031.0,67300.0,16938.0,44168.0,14060.0,$45874,$16408,$45576,$12601,$79929,$47083,,,$19088,$7817,,,$63361,$47901,$70971,$10031,$67300,$16938,$44168,$14060
2014,6037575102,Census Tract 5751.02,Long Beach,Los Angeles County,California,LongBeach,32835.0,6783.0,36395.0,17359.0,12352.0,18871.0,,,30903.0,7754.0,,,81571.0,25154.0,16984.0,11584.0,32866.0,48373.0,42043.0,16905.0,$32835,$6783,$36395,$17359,$12352,$18871,,,$30903,$7754,,,$81571,$25154,$16984,$11584,$32866,$48373,$42043,$16905
2014,6037575103,Census Tract 5751.03,Long Beach,Los Angeles County,California,LongBeach,48619.0,6886.0,50570.0,5081.0,34785.0,15942.0,,,62470.0,66989.0,,,39074.0,55739.0,37619.0,25009.0,54662.0,38008.0,49062.0,6241.0,$48619,$6886,$50570,$5081,$34785,$15942,,,$62470,$66989,,,$39074,$55739,$37619,$25009,$54662,$38008,$49062,$6241
2014,6037575201,Census Tract 5752.01,Long Beach,Los Angeles County,California,LongBeach,45334.0,6685.0,43356.0,15846.0,26341.0,39120.0,,,57780.0,25380.0,,,52326.0,80554.0,62628.0,77561.0,62559.0,149062.0,43372.0,12472.0,$45334,$6685,$43356,$15846,$26341,$39120,,,$57780,$25380,,,$52326,$80554,$62628,$77561,$62559,$149062,$43372,$12472
2014,6037575202,Census Tract 5752.02,Long Beach,Los Angeles County,California,LongBeach,51055.0,16393.0,49992.0,18902.0,36500.0,108744.0,,,62416.0,27754.0,,,40529.0,18936.0,52594.0,12146.0,42459.0,28649.0,44893.0,14482.0,$51055,$16393,$49992,$18902,$36500,$108744,,,$62416,$27754,,,$40529,$18936,$52594,$12146,$42459,$28649,$44893,$14482
2014,6037575300,Census Tract 5753,Long Beach,Los Angeles County,California,LongBeach,40259.0,7586.0,47165.0,6297.0,31473.0,11051.0,48139.0,23545.0,36303.0,7035.0,,,33140.0,4535.0,68367.0,67445.0,45280.0,14089.0,47077.0,8729.0,$40259,$7586,$47165,$6297,$31473,$11051,$48139,$23545,$36303,$7035,,,$33140,$4535,$68367,$67445,$45280,$14089,$47077,$8729
2014,6037575401,Census Tract 5754.01,Long Beach,Los Angeles County,California,LongBeach,40736.0,10068.0,41078.0,12461.0,32331.0,32278.0,,,59858.0,71660.0,,,48635.0,28515.0,36165.0,56656.0,54130.0,36279.0,43344.0,11136.0,$40736,$10068,$41078,$12461,$32331,$32278,,,$59858,$71660,,,$48635,$28515,$36165,$56656,$54130,$36279,$43344,$11136
2014,6037575402,Census Tract 5754.02,Long Beach,Los Angeles County,California,LongBeach,43953.0,8284.0,39905.0,4658.0,63183.0,23870.0,25980.0,66494.0,35748.0,46234.0,,,51544.0,11502.0,16405.0,78472.0,26129.0,184175.0,41948.0,6084.0,$43953,$8284,$39905,$4658,$63183,$23870,$25980,$66494,$35748,$46234,,,$51544,$11502,$16405,$78472,$26129,$184175,$41948,$6084
2014,6037575500,Census Tract 5755,Long Beach,Los Angeles County,California,LongBeach,,,,,,,,,,,,,,,,,,,,,,,,,,,,,,,,,,,,,,,,
2014,6037575801,Census Tract 5758.01,Long Beach,Los Angeles County,California,LongBeach,29395.0,9317.0,28583.0,11909.0,65157.0,142605.0,,,,,,,28931.0,9499.0,24421.0,12688.0,25772.0,27581.0,27827.0,4677.0,$29395,$9317,$28583,$11909,$65157,$142605,,,,,,,$28931,$9499,$24421,$12688,$25772,$27581,$27827,$4677
2014,6037575802,Census Tract 5758.02,Long Beach,Los Angeles County,California,LongBeach,37165.0,3504.0,37936.0,4416.0,30711.0,5366.0,17043.0,3135.0,83610.0,80147.0,,,54246.0,37273.0,40498.0,36703.0,29532.0,12965.0,38766.0,5056.0,$37165,$3504,$37936,$4416,$30711,$5366,$17043,$3135,$83610,$80147,,,$54246,$37273,$40498,$36703,$29532,$12965,$38766,$5056
2014,6037575803,Census Tract 5758.03,Long Beach,Los Angeles County,California,LongBeach,34282.0,5172.0,38612.0,9404.0,34737.0,14156.0,,,15222.0,607.0,,,35974.0,44071.0,39350.0,36202.0,22032.0,9080.0,45923.0,9665.0,$34282,$5172,$38612,$9404,$34737,$14156,,,$15222,$607,,,$35974,$44071,$39350,$36202,$22032,$9080,$45923,$9665
2014,6037575901,Census Tract 5759.01,Long Beach,Los Angeles County,California,LongBeach,49337.0,10543.0,55344.0,12122.0,40288.0,31041.0,,,99578.0,28507.0,,,38072.0,6148.0,71972.0,64262.0,89312.0,33432.0,39396.0,11039.0,$49337,$10543,$55344,$12122,$40288,$31041,,,$99578,$28507,,,$38072,$6148,$71972,$64262,$89312,$33432,$39396,$11039
2014,6037575902,Census Tract 5759.02,Long Beach,Los Angeles County,California,LongBeach,40697.0,8480.0,41689.0,11485.0,37033.0,14466.0,,,36469.0,67817.0,,,22058.0,55956.0,110016.0,51071.0,43257.0,10433.0,34679.0,19813.0,$40697,$8480,$41689,$11485,$37033,$14466,,,$36469,$67817,,,$22058,$55956,$110016,$51071,$43257,$10433,$34679,$19813
2014,6037576001,Census Tract 5760.01,Long Beach,Los Angeles County,California,LongBeach,95204.0,16227.0,97713.0,18971.0,56865.0,55785.0,,,123323.0,43571.0,,,,,70536.0,15961.0,101681.0,19966.0,83408.0,19810.0,$95204,$16227,$97713,$18971,$56865,$55785,,,$123323,$43571,,,,,$70536,$15961,$101681,$19966,$83408,$19810
2014,6037576200,Census Tract 5762,Long Beach,Los Angeles County,California,LongBeach,36467.0,15705.0,52991.0,23122.0,19343.0,8947.0,,,107701.0,140155.0,,,35357.0,20116.0,37854.0,20326.0,67276.0,35434.0,41924.0,22424.0,$36467,$15705,$52991,$23122,$19343,$8947,,,$107701,$140155,,,$35357,$20116,$37854,$20326,$67276,$35434,$41924,$22424
2014,6037576301,Census Tract 5763.01,Long Beach,Los Angeles County,California,LongBeach,46815.0,8105.0,55163.0,23914.0,27343.0,13528.0,,,180305.0,217753.0,,,33254.0,23729.0,47720.0,30356.0,138089.0,33597.0,42233.0,11981.0,$46815,$8105,$55163,$23914,$27343,$13528,,,$180305,$217753,,,$33254,$23729,$47720,$30356,$138089,$33597,$42233,$11981
2014,6037576302,Census Tract 5763.02,Long Beach,Los Angeles County,California,LongBeach,48936.0,7384.0,38755.0,16183.0,34917.0,28907.0,,,45542.0,35532.0,,,52888.0,12478.0,107000.0,65811.0,37987.0,13336.0,55175.0,12468.0,$48936,$7384,$38755,$16183,$34917,$28907,,,$45542,$35532,,,$52888,$12478,$107000,$65811,$37987,$13336,$55175,$12468
2014,6037576401,Census Tract 5764.01,Long Beach,Los Angeles County,California,LongBeach,38377.0,5129.0,36453.0,8383.0,31985.0,8848.0,,,63896.0,23662.0,,,37237.0,14611.0,46763.0,22818.0,31592.0,31062.0,36884.0,4094.0,$38377,$5129,$36453,$8383,$31985,$8848,,,$63896,$23662,,,$37237,$14611,$46763,$22818,$31592,$31062,$36884,$4094
2014,6037576402,Census Tract 5764.02,Long Beach,Los Angeles County,California,LongBeach,43501.0,9811.0,42826.0,9013.0,64423.0,28793.0,61659.0,19592.0,19697.0,28298.0,,,53207.0,16080.0,45725.0,61898.0,32839.0,9504.0,50753.0,11193.0,$43501,$9811,$42826,$9013,$64423,$28793,$61659,$19592,$19697,$28298,,,$53207,$16080,$45725,$61898,$32839,$9504,$50753,$11193
2014,6037576403,Census Tract 5764.03,Long Beach,Los Angeles County,California,LongBeach,40530.0,5475.0,56826.0,36806.0,34584.0,9712.0,,,38829.0,6555.0,,,43079.0,22086.0,30656.0,24290.0,66841.0,47447.0,42285.0,15007.0,$40530,$5475,$56826,$36806,$34584,$9712,,,$38829,$6555,,,$43079,$22086,$30656,$24290,$66841,$47447,$42285,$15007
2014,6037576501,Census Tract 5765.01,Long Beach,Los Angeles County,California,LongBeach,47015.0,13378.0,60537.0,11450.0,17065.0,10061.0,,,103000.0,10048.0,,,39233.0,38144.0,53207.0,88502.0,66653.0,28950.0,57145.0,20529.0,$47015,$13378,$60537,$11450,$17065,$10061,,,$103000,$10048,,,$39233,$38144,$53207,$88502,$66653,$28950,$57145,$20529
2014,6037576502,Census Tract 5765.02,Long Beach,Los Angeles County,California,LongBeach,50534.0,7706.0,45170.0,9088.0,32541.0,28604.0,22425.0,74560.0,68171.0,25942.0,,,63091.0,30668.0,66970.0,14672.0,42741.0,8650.0,57209.0,9940.0,$50534,$7706,$45170,$9088,$32541,$28604,$22425,$74560,$68171,$25942,,,$63091,$30668,$66970,$14672,$42741,$8650,$57209,$9940
2014,6037576503,Census Tract 5765.03,Long Beach,Los Angeles County,California,LongBeach,53738.0,8228.0,45661.0,7652.0,60227.0,18050.0,67063.0,114992.0,88722.0,12937.0,,,40288.0,23700.0,67080.0,22674.0,57364.0,23846.0,40420.0,7668.0,$53738,$8228,$45661,$7652,$60227,$18050,$67063,$114992,$88722,$12937,,,$40288,$23700,$67080,$22674,$57364,$23846,$40420,$7668
2014,6037576601,Census Tract 5766.01,Long Beach,Los Angeles County,California,LongBeach,61781.0,10997.0,69988.0,14893.0,31903.0,40166.0,,,54520.0,71749.0,,,43334.0,62256.0,80272.0,59749.0,63868.0,22048.0,72625.0,12589.0,$61781,$10997,$69988,$14893,$31903,$40166,,,$54520,$71749,,,$43334,$62256,$80272,$59749,$63868,$22048,$72625,$12589
2014,6037576602,Census Tract 5766.02,Long Beach,Los Angeles County,California,LongBeach,81196.0,17207.0,76450.0,15789.0,76422.0,53011.0,,,115153.0,53646.0,,,59686.0,8300.0,91671.0,72140.0,87159.0,15834.0,65559.0,9935.0,$81196,$17207,$76450,$15789,$76422,$53011,,,$115153,$53646,,,$59686,$8300,$91671,$72140,$87159,$15834,$65559,$9935
2014,6037576700,Census Tract 5767,Long Beach,Los Angeles County,California,LongBeach,100196.0,18148.0,102992.0,12623.0,36054.0,60059.0,,,164079.0,166539.0,,,133366.0,149616.0,91760.0,54530.0,105134.0,22726.0,82373.0,39748.0,$100196,$18148,$102992,$12623,$36054,$60059,,,$164079,$166539,,,$133366,$149616,$91760,$54530,$105134,$22726,$82373,$39748
2014,6037576801,Census Tract 5768.01,Long Beach,Los Angeles County,California,LongBeach,42943.0,25700.0,53777.0,25055.0,9689.0,22066.0,,,35921.0,7158.0,,,68818.0,108134.0,55125.0,1885.0,64125.0,16977.0,35724.0,9899.0,$42943,$25700,$53777,$25055,$9689,$22066,,,$35921,$7158,,,$68818,$108134,$55125,$1885,$64125,$16977,$35724,$9899
2014,6037576802,Census Tract 5768.02,Long Beach,Los Angeles County,California,LongBeach,61137.0,13158.0,67264.0,17466.0,41821.0,18250.0,,,121089.0,110239.0,,,56717.0,17976.0,59706.0,151415.0,73159.0,16405.0,45655.0,18727.0,$61137,$13158,$67264,$17466,$41821,$18250,,,$121089,$110239,,,$56717,$17976,$59706,$151415,$73159,$16405,$45655,$18727
2014,6037576901,Census Tract 5769.01,Long Beach,Los Angeles County,California,LongBeach,42490.0,10825.0,47451.0,12135.0,34442.0,12409.0,,,34086.0,28130.0,,,57845.0,19832.0,50104.0,55491.0,51228.0,13291.0,49019.0,12091.0,$42490,$10825,$47451,$12135,$34442,$12409,,,$34086,$28130,,,$57845,$19832,$50104,$55491,$51228,$13291,$49019,$12091
2014,6037576903,Census Tract 5769.03,Long Beach,Los Angeles County,California,LongBeach,53373.0,13874.0,59538.0,18407.0,50546.0,24930.0,,,112095.0,69741.0,,,48161.0,20027.0,,,71615.0,21961.0,44680.0,11679.0,$53373,$13874,$59538,$18407,$50546,$24930,,,$112095,$69741,,,$48161,$20027,,,$71615,$21961,$44680,$11679
2014,6037576904,Census Tract 5769.04,Long Beach,Los Angeles County,California,LongBeach,62680.0,14879.0,70041.0,10732.0,41480.0,60758.0,,,35155.0,36741.0,,,,,28314.0,10697.0,81473.0,17738.0,50546.0,34949.0,$62680,$14879,$70041,$10732,$41480,$60758,,,$35155,$36741,,,,,$28314,$10697,$81473,$17738,$50546,$34949
2014,6037577000,Census Tract 5770,Long Beach,Los Angeles County,California,LongBeach,73621.0,9359.0,78827.0,11864.0,60831.0,13076.0,,,59633.0,56422.0,,,63703.0,9293.0,77694.0,65459.0,81875.0,14913.0,59663.0,14793.0,$73621,$9359,$78827,$11864,$60831,$13076,,,$59633,$56422,,,$63703,$9293,$77694,$65459,$81875,$14913,$59663,$14793
2014,6037577100,Census Tract 5771,Long Beach,Los Angeles County,California,LongBeach,79237.0,10434.0,82770.0,24238.0,67132.0,74952.0,,,107577.0,130828.0,,,62284.0,424485.0,44778.0,21019.0,98969.0,19295.0,63337.0,11825.0,$79237,$10434,$82770,$24238,$67132,$74952,,,$107577,$130828,,,$62284,$424485,$44778,$21019,$98969,$19295,$63337,$11825
2014,6037577200,Census Tract 5772,Long Beach,Los Angeles County,California,LongBeach,90795.0,5222.0,88434.0,7107.0,89059.0,143230.0,,,69078.0,98945.0,,,87154.0,92954.0,112550.0,53941.0,86549.0,11590.0,90954.0,9605.0,$90795,$5222,$88434,$7107,$89059,$143230,,,$69078,$98945,,,$87154,$92954,$112550,$53941,$86549,$11590,$90954,$9605
2014,6037577300,Census Tract 5773,Long Beach,Los Angeles County,California,LongBeach,70781.0,9137.0,70878.0,8968.0,,,,,69003.0,343705.0,,,193960.0,148919.0,38242.0,42420.0,70375.0,9144.0,77301.0,68488.0,$70781,$9137,$70878,$8968,,,,,$69003,$343705,,,$193960,$148919,$38242,$42420,$70375,$9144,$77301,$68488
2014,6037577400,Census Tract 5774,Long Beach,Los Angeles County,California,LongBeach,92281.0,15481.0,90392.0,15442.0,,,,,161283.0,69058.0,,,82388.0,129720.0,,,97415.0,15288.0,69668.0,25489.0,$92281,$15481,$90392,$15442,,,,,$161283,$69058,,,$82388,$129720,,,$97415,$15288,$69668,$25489
2014,6037577501,Census Tract 5775.01,Long Beach,Los Angeles County,California,LongBeach,113148.0,21591.0,113855.0,21492.0,,,,,69488.0,114482.0,,,,,,,124296.0,20127.0,63759.0,54529.0,$113148,$21591,$113855,$21492,,,,,$69488,$114482,,,,,,,$124296,$20127,$63759,$54529
2014,6037577504,Census Tract 5775.04,Long Beach,Los Angeles County,California,LongBeach,118329.0,25326.0,120027.0,22699.0,206432.0,89637.0,,,13302.0,35301.0,,,,,,,122209.0,49018.0,103038.0,38329.0,$118329,$25326,$120027,$22699,$206432,$89637,,,$13302,$35301,,,,,,,$122209,$49018,$103038,$38329
2014,6037577602,Census Tract 5776.02,Long Beach,Los Angeles County,California,LongBeach,105901.0,23190.0,117381.0,22792.0,101980.0,17868.0,,,100387.0,109678.0,,,,,78585.0,23919.0,118180.0,19172.0,46428.0,115009.0,$105901,$23190,$117381,$22792,$101980,$17868,,,$100387,$109678,,,,,$78585,$23919,$118180,$19172,$46428,$115009
2014,6037577603,Census Tract 5776.03,Long Beach,Los Angeles County,California,LongBeach,129085.0,15237.0,137008.0,18472.0,,,,,76229.0,197658.0,,,27306.0,13840.0,25772.0,13969.0,132545.0,16527.0,136759.0,207062.0,$129085,$15237,$137008,$18472,,,,,$76229,$197658,,,$27306,$13840,$25772,$13969,$132545,$16527,$136759,$207062
2014,6037577604,Census Tract 5776.04,Long Beach,Los Angeles County,California,LongBeach,120893.0,15546.0,112289.0,23629.0,170747.0,80215.0,,,62578.0,71906.0,,,,,,,119477.0,19971.0,98840.0,13024.0,$120893,$15546,$112289,$23629,$170747,$80215,,,$62578,$71906,,,,,,,$119477,$19971,$98840,$13024
2014,6037980006,Census Tract 9800.06,Long Beach,Los Angeles County,California,LongBeach,,,,,,,,,,,,,,,,,,,,,,,,,,,,,,,,,,,,,,,,
2014,6037980007,Census Tract 9800.07,Long Beach,Los Angeles County,California,LongBeach,,,,,,,,,,,,,,,,,,,,,,,,,,,,,,,,,,,,,,,,
2014,6037980018,Census Tract 9800.18,Long Beach,Los Angeles County,California,LongBeach,,,,,,,,,,,,,,,,,,,,,,,,,,,,,,,,,,,,,,,,
2014,6037980033,Census Tract 9800.33,Long Beach,Los Angeles County,California,LongBeach,,,,,,,,,,,,,,,,,,,,,,,,,,,,,,,,,,,,,,,,
2014,6037990300,Census Tract 9903,Long Beach,Los Angeles County,California,LongBeach,,,,,,,,,,,,,,,,,,,,,,,,,,,,,,,,,,,,,,,,
2015,6037542402,Census Tract 5424.02,Long Beach,Los Angeles County,California,LongBeach,76406.0,11311.0,68864.0,6038.0,83362.0,25574.0,,,,,,,79357.0,26959.0,,,35272.0,20684.0,75879.0,9894.0,$76406,$11311,$68864,$6038,$83362,$25574,,,,,,,$79357,$26959,,,$35272,$20684,$75879,$9894
2015,6037543305,Census Tract 5433.05,Long Beach,Los Angeles County,California,LongBeach,73335.0,20279.0,59306.0,12132.0,84215.0,36098.0,,,111210.0,60254.0,,,87972.0,46549.0,,,49381.0,40107.0,67017.0,38600.0,$73335,$20279,$59306,$12132,$84215,$36098,,,$111210,$60254,,,$87972,$46549,,,$49381,$40107,$67017,$38600
2015,6037544001,Census Tract 5440.01,Long Beach,Los Angeles County,California,LongBeach,72168.0,11930.0,73623.0,12594.0,,,,,,,,,87640.0,35652.0,,,71042.0,41168.0,74841.0,14437.0,$72168,$11930,$73623,$12594,,,,,,,,,$87640,$35652,,,$71042,$41168,$74841,$14437
2015,6037544002,Census Tract 5440.02,Long Beach,Los Angeles County,California,LongBeach,107374.0,10513.0,102800.0,21812.0,106507.0,73911.0,,,141917.0,40235.0,98554.0,35287.0,69714.0,24623.0,133273.0,47120.0,68054.0,56347.0,108060.0,8115.0,$107374,$10513,$102800,$21812,$106507,$73911,,,$141917,$40235,$98554,$35287,$69714,$24623,$133273,$47120,$68054,$56347,$108060,$8115
2015,6037555202,Census Tract 5552.02,Long Beach,Los Angeles County,California,LongBeach,142143.0,29721.0,145735.0,32063.0,,,,,,,,,,,,,148833.0,21757.0,120565.0,90300.0,$142143,$29721,$145735,$32063,,,,,,,,,,,,,$148833,$21757,$120565,$90300
2015,6037555211,Census Tract 5552.11,Long Beach,Los Angeles County,California,LongBeach,51757.0,7131.0,53791.0,5515.0,,,,,27835.0,14325.0,,,46310.0,20826.0,,,,,52814.0,6072.0,$51757,$7131,$53791,$5515,,,,,$27835,$14325,,,$46310,$20826,,,,,$52814,$6072
2015,6037570100,Census Tract 5701,Long Beach,Los Angeles County,California,LongBeach,107577.0,20801.0,98523.0,22567.0,121999.0,76632.0,,,84890.0,78600.0,,,,,128431.0,32606.0,90186.0,19297.0,119716.0,49826.0,$107577,$20801,$98523,$22567,$121999,$76632,,,$84890,$78600,,,,,$128431,$32606,$90186,$19297,$119716,$49826
2015,6037570202,Census Tract 5702.02,Long Beach,Los Angeles County,California,LongBeach,69631.0,11445.0,88526.0,28618.0,67082.0,13235.0,44908.0,32422.0,64496.0,30790.0,,,65980.0,13093.0,101113.0,65815.0,102819.0,45682.0,68578.0,16551.0,$69631,$11445,$88526,$28618,$67082,$13235,$44908,$32422,$64496,$30790,,,$65980,$13093,$101113,$65815,$102819,$45682,$68578,$16551
2015,6037570203,Census Tract 5702.03,Long Beach,Los Angeles County,California,LongBeach,56722.0,4613.0,61159.0,18366.0,48025.0,19060.0,,,72057.0,67519.0,,,74509.0,33931.0,58095.0,22535.0,53576.0,18558.0,72684.0,19635.0,$56722,$4613,$61159,$18366,$48025,$19060,,,$72057,$67519,,,$74509,$33931,$58095,$22535,$53576,$18558,$72684,$19635
2015,6037570204,Census Tract 5702.04,Long Beach,Los Angeles County,California,LongBeach,70083.0,22277.0,59755.0,46872.0,60703.0,34646.0,,,80681.0,46881.0,,,74442.0,30419.0,,,45922.0,40166.0,75197.0,19283.0,$70083,$22277,$59755,$46872,$60703,$34646,,,$80681,$46881,,,$74442,$30419,,,$45922,$40166,$75197,$19283
2015,6037570301,Census Tract 5703.01,Long Beach,Los Angeles County,California,LongBeach,54069.0,5783.0,44568.0,22817.0,80213.0,45129.0,,,96752.0,70444.0,,,50996.0,8646.0,,,57325.0,31349.0,47369.0,13243.0,$54069,$5783,$44568,$22817,$80213,$45129,,,$96752,$70444,,,$50996,$8646,,,$57325,$31349,$47369,$13243
2015,6037570303,Census Tract 5703.03,Long Beach,Los Angeles County,California,LongBeach,44297.0,9549.0,48454.0,16883.0,,,,,88123.0,67553.0,,,40822.0,8298.0,27664.0,10152.0,,,42581.0,3280.0,$44297,$9549,$48454,$16883,,,,,$88123,$67553,,,$40822,$8298,$27664,$10152,,,$42581,$3280
2015,6037570304,Census Tract 5703.04,Long Beach,Los Angeles County,California,LongBeach,55165.0,7038.0,53115.0,13422.0,62201.0,12574.0,,,83704.0,40705.0,,,40528.0,17642.0,30043.0,9400.0,69382.0,37959.0,47176.0,8117.0,$55165,$7038,$53115,$13422,$62201,$12574,,,$83704,$40705,,,$40528,$17642,$30043,$9400,$69382,$37959,$47176,$8117
2015,6037570402,Census Tract 5704.02,Long Beach,Los Angeles County,California,LongBeach,77576.0,13061.0,64512.0,15838.0,68766.0,29241.0,,,99591.0,63121.0,,,79673.0,24218.0,123659.0,107230.0,67640.0,31566.0,78711.0,12175.0,$77576,$13061,$64512,$15838,$68766,$29241,,,$99591,$63121,,,$79673,$24218,$123659,$107230,$67640,$31566,$78711,$12175
2015,6037570403,Census Tract 5704.03,Long Beach,Los Angeles County,California,LongBeach,55407.0,17212.0,35234.0,15442.0,100671.0,42543.0,,,,,,,43937.0,12507.0,,,,,42742.0,10808.0,$55407,$17212,$35234,$15442,$100671,$42543,,,,,,,$43937,$12507,,,,,$42742,$10808
2015,6037570404,Census Tract 5704.04,Long Beach,Los Angeles County,California,LongBeach,65969.0,8197.0,56317.0,5456.0,70156.0,15106.0,,,180260.0,137887.0,,,73615.0,13783.0,60751.0,57953.0,,,64734.0,10413.0,$65969,$8197,$56317,$5456,$70156,$15106,,,$180260,$137887,,,$73615,$13783,$60751,$57953,,,$64734,$10413
2015,6037570501,Census Tract 5705.01,Long Beach,Los Angeles County,California,LongBeach,86781.0,15844.0,79270.0,43216.0,87080.0,17135.0,,,70096.0,5695.0,,,102114.0,10604.0,,,91292.0,59222.0,100150.0,13183.0,$86781,$15844,$79270,$43216,$87080,$17135,,,$70096,$5695,,,$102114,$10604,,,$91292,$59222,$100150,$13183
2015,6037570502,Census Tract 5705.02,Long Beach,Los Angeles County,California,LongBeach,73161.0,16053.0,65224.0,11452.0,,,,,53985.0,11056.0,,,98619.0,11523.0,,,62805.0,6516.0,93873.0,20192.0,$73161,$16053,$65224,$11452,,,,,$53985,$11056,,,$98619,$11523,,,$62805,$6516,$93873,$20192
2015,6037570601,Census Tract 5706.01,Long Beach,Los Angeles County,California,LongBeach,55723.0,17600.0,55645.0,21407.0,35643.0,20359.0,,,44152.0,37550.0,,,89384.0,14260.0,,,53945.0,37556.0,81821.0,35376.0,$55723,$17600,$55645,$21407,$35643,$20359,,,$44152,$37550,,,$89384,$14260,,,$53945,$37556,$81821,$35376
2015,6037570602,Census Tract 5706.02,Long Beach,Los Angeles County,California,LongBeach,66664.0,9602.0,57058.0,9870.0,82226.0,55767.0,,,80578.0,32197.0,,,69600.0,11559.0,,,56302.0,21650.0,63722.0,13918.0,$66664,$9602,$57058,$9870,$82226,$55767,,,$80578,$32197,,,$69600,$11559,,,$56302,$21650,$63722,$13918
2015,6037570603,Census Tract 5706.03,Long Beach,Los Angeles County,California,LongBeach,41330.0,9972.0,64443.0,7804.0,31993.0,12243.0,,,,,,,63390.0,37432.0,,,57888.0,50495.0,64660.0,21269.0,$41330,$9972,$64443,$7804,$31993,$12243,,,,,,,$63390,$37432,,,$57888,$50495,$64660,$21269
2015,6037571000,Census Tract 5710,Long Beach,Los Angeles County,California,LongBeach,108526.0,11183.0,108324.0,12766.0,121061.0,13434.0,,,78843.0,55701.0,,,126813.0,96254.0,,,103575.0,15888.0,136590.0,24299.0,$108526,$11183,$108324,$12766,$121061,$13434,,,$78843,$55701,,,$126813,$96254,,,$103575,$15888,$136590,$24299
2015,6037571200,Census Tract 5712,Long Beach,Los Angeles County,California,LongBeach,105503.0,7205.0,103516.0,15103.0,115992.0,33755.0,,,56123.0,40208.0,,,,,,,110008.0,6191.0,98615.0,11063.0,$105503,$7205,$103516,$15103,$115992,$33755,,,$56123,$40208,,,,,,,$110008,$6191,$98615,$11063
2015,6037571400,Census Tract 5714,Long Beach,Los Angeles County,California,LongBeach,106386.0,10648.0,117041.0,16097.0,100445.0,18791.0,,,114402.0,41174.0,,,92011.0,20991.0,106230.0,60137.0,117423.0,16895.0,100547.0,19237.0,$106386,$10648,$117041,$16097,$100445,$18791,,,$114402,$41174,,,$92011,$20991,$106230,$60137,$117423,$16895,$100547,$19237
2015,6037571502,Census Tract 5715.02,Long Beach,Los Angeles County,California,LongBeach,73639.0,12449.0,68677.0,19476.0,76722.0,51025.0,,,98942.0,45587.0,,,60076.0,22522.0,74645.0,29945.0,74061.0,24624.0,59506.0,14044.0,$73639,$12449,$68677,$19476,$76722,$51025,,,$98942,$45587,,,$60076,$22522,$74645,$29945,$74061,$24624,$59506,$14044
2015,6037571503,Census Tract 5715.03,Long Beach,Los Angeles County,California,LongBeach,101656.0,11428.0,80963.0,39077.0,101115.0,43216.0,,,139652.0,36352.0,,,,,69075.0,62936.0,,,96271.0,65308.0,$101656,$11428,$80963,$39077,$101115,$43216,,,$139652,$36352,,,,,$69075,$62936,,,$96271,$65308
2015,6037571504,Census Tract 5715.04,Long Beach,Los Angeles County,California,LongBeach,80756.0,8954.0,80385.0,15662.0,80088.0,44618.0,,,106438.0,50635.0,,,58451.0,27090.0,,,97101.0,28452.0,63425.0,14135.0,$80756,$8954,$80385,$15662,$80088,$44618,,,$106438,$50635,,,$58451,$27090,,,$97101,$28452,$63425,$14135
2015,6037571600,Census Tract 5716,Long Beach,Los Angeles County,California,LongBeach,16322.0,1899.0,19504.0,9235.0,16272.0,2719.0,,,15976.0,6844.0,,,20156.0,9181.0,8963.0,2568.0,26685.0,10595.0,15962.0,4796.0,$16322,$1899,$19504,$9235,$16272,$2719,,,$15976,$6844,,,$20156,$9181,$8963,$2568,$26685,$10595,$15962,$4796
2015,6037571701,Census Tract 5717.01,Long Beach,Los Angeles County,California,LongBeach,63281.0,10620.0,59683.0,22691.0,45023.0,22942.0,,,85438.0,54918.0,,,61830.0,8141.0,56228.0,37533.0,69824.0,22715.0,58598.0,8598.0,$63281,$10620,$59683,$22691,$45023,$22942,,,$85438,$54918,,,$61830,$8141,$56228,$37533,$69824,$22715,$58598,$8598
2015,6037571703,Census Tract 5717.03,Long Beach,Los Angeles County,California,LongBeach,43848.0,13604.0,48534.0,19359.0,,,,,29091.0,14968.0,,,56586.0,22141.0,,,,,53322.0,14004.0,$43848,$13604,$48534,$19359,,,,,$29091,$14968,,,$56586,$22141,,,,,$53322,$14004
2015,6037571704,Census Tract 5717.04,Long Beach,Los Angeles County,California,LongBeach,53174.0,14722.0,53945.0,7460.0,40168.0,35064.0,,,,,,,64458.0,44411.0,42266.0,21667.0,54189.0,39628.0,57147.0,7679.0,$53174,$14722,$53945,$7460,$40168,$35064,,,,,,,$64458,$44411,$42266,$21667,$54189,$39628,$57147,$7679
2015,6037571800,Census Tract 5718,Long Beach,Los Angeles County,California,LongBeach,136108.0,19254.0,152555.0,38478.0,129171.0,12086.0,,,123659.0,76129.0,,,200212.0,102884.0,,,148764.0,39747.0,249143.0,136502.0,$136108,$19254,$152555,$38478,$129171,$12086,,,$123659,$76129,,,$200212,$102884,,,$148764,$39747,$249143,$136502
2015,6037571900,Census Tract 5719,Long Beach,Los Angeles County,California,LongBeach,95226.0,12159.0,94673.0,17320.0,100837.0,51311.0,,,197446.0,82467.0,,,,,,,97165.0,20783.0,90095.0,29107.0,$95226,$12159,$94673,$17320,$100837,$51311,,,$197446,$82467,,,,,,,$97165,$20783,$90095,$29107
2015,6037572001,Census Tract 5720.01,Long Beach,Los Angeles County,California,LongBeach,113219.0,19319.0,118905.0,14635.0,,,,,209307.0,117574.0,,,70368.0,23786.0,83866.0,31104.0,115658.0,16379.0,72379.0,40788.0,$113219,$19319,$118905,$14635,,,,,$209307,$117574,,,$70368,$23786,$83866,$31104,$115658,$16379,$72379,$40788
2015,6037572002,Census Tract 5720.02,Long Beach,Los Angeles County,California,LongBeach,85307.0,6774.0,74900.0,15052.0,83196.0,4031.0,,,120984.0,63340.0,,,84652.0,9032.0,141087.0,73608.0,71132.0,10133.0,105645.0,28425.0,$85307,$6774,$74900,$15052,$83196,$4031,,,$120984,$63340,,,$84652,$9032,$141087,$73608,$71132,$10133,$105645,$28425
2015,6037572100,Census Tract 5721,Long Beach,Los Angeles County,California,LongBeach,144961.0,7264.0,143163.0,23412.0,144763.0,48486.0,,,148003.0,29642.0,,,,,,,135554.0,10619.0,174284.0,45089.0,$144961,$7264,$143163,$23412,$144763,$48486,,,$148003,$29642,,,,,,,$135554,$10619,$174284,$45089
2015,6037572201,Census Tract 5722.01,Long Beach,Los Angeles County,California,LongBeach,88110.0,18007.0,81785.0,27492.0,72701.0,11268.0,,,119338.0,37588.0,,,69872.0,38736.0,197760.0,98715.0,69351.0,44071.0,97676.0,57148.0,$88110,$18007,$81785,$27492,$72701,$11268,,,$119338,$37588,,,$69872,$38736,$197760,$98715,$69351,$44071,$97676,$57148
2015,6037572202,Census Tract 5722.02,Long Beach,Los Angeles County,California,LongBeach,107735.0,10662.0,102469.0,34696.0,100837.0,43669.0,,,111417.0,99794.0,108023.0,18841.0,105566.0,49761.0,155819.0,123336.0,101693.0,40806.0,131128.0,38023.0,$107735,$10662,$102469,$34696,$100837,$43669,,,$111417,$99794,$108023,$18841,$105566,$49761,$155819,$123336,$101693,$40806,$131128,$38023
2015,6037572301,Census Tract 5723.01,Long Beach,Los Angeles County,California,LongBeach,67001.0,8757.0,65564.0,18045.0,,,,,100421.0,41190.0,,,61506.0,10375.0,,,67280.0,41860.0,63522.0,9753.0,$67001,$8757,$65564,$18045,,,,,$100421,$41190,,,$61506,$10375,,,$67280,$41860,$63522,$9753
2015,6037572302,Census Tract 5723.02,Long Beach,Los Angeles County,California,LongBeach,71927.0,17329.0,74627.0,25270.0,,,,,106646.0,14422.0,144989.0,33885.0,,,43156.0,34672.0,42578.0,12287.0,64095.0,19817.0,$71927,$17329,$74627,$25270,,,,,$106646,$14422,$144989,$33885,,,$43156,$34672,$42578,$12287,$64095,$19817
2015,6037572400,Census Tract 5724,Long Beach,Los Angeles County,California,LongBeach,65980.0,52793.0,91707.0,33874.0,36899.0,4580.0,,,153536.0,43375.0,,,,,,,54903.0,44897.0,112870.0,36547.0,$65980,$52793,$91707,$33874,$36899,$4580,,,$153536,$43375,,,,,,,$54903,$44897,$112870,$36547
2015,6037572500,Census Tract 5725,Long Beach,Los Angeles County,California,LongBeach,27255.0,5227.0,20657.0,3897.0,30707.0,15707.0,,,25313.0,5602.0,,,,,45901.0,40710.0,19164.0,13319.0,22454.0,3642.0,$27255,$5227,$20657,$3897,$30707,$15707,,,$25313,$5602,,,,,$45901,$40710,$19164,$13319,$22454,$3642
2015,6037572600,Census Tract 5726,Long Beach,Los Angeles County,California,LongBeach,99815.0,18876.0,75817.0,58332.0,76685.0,53998.0,,,91827.0,12017.0,,,127133.0,99319.0,,,,,102592.0,29464.0,$99815,$18876,$75817,$58332,$76685,$53998,,,$91827,$12017,,,$127133,$99319,,,,,$102592,$29464
2015,6037572700,Census Tract 5727,Long Beach,Los Angeles County,California,LongBeach,71752.0,9974.0,47825.0,28433.0,85206.0,46071.0,,,76425.0,17961.0,,,48827.0,38357.0,,,36223.0,29297.0,48853.0,37308.0,$71752,$9974,$47825,$28433,$85206,$46071,,,$76425,$17961,,,$48827,$38357,,,$36223,$29297,$48853,$37308
2015,6037572800,Census Tract 5728,Long Beach,Los Angeles County,California,LongBeach,26868.0,5191.0,21371.0,7107.0,,,,,,,,,,,48505.0,11214.0,21371.0,7107.0,,,$26868,$5191,$21371,$7107,,,,,,,,,,,$48505,$11214,$21371,$7107,,
2015,6037572900,Census Tract 5729,Long Beach,Los Angeles County,California,LongBeach,48077.0,10076.0,38834.0,9182.0,43659.0,26627.0,,,113368.0,46447.0,,,69714.0,51085.0,,,,,44816.0,7062.0,$48077,$10076,$38834,$9182,$43659,$26627,,,$113368,$46447,,,$69714,$51085,,,,,$44816,$7062
2015,6037573002,Census Tract 5730.02,Long Beach,Los Angeles County,California,LongBeach,33882.0,7148.0,32495.0,11019.0,,,,,,,,,43424.0,20119.0,,,,,32910.0,7591.0,$33882,$7148,$32495,$11019,,,,,,,,,$43424,$20119,,,,,$32910,$7591
2015,6037573003,Census Tract 5730.03,Long Beach,Los Angeles County,California,LongBeach,73610.0,12085.0,94234.0,34028.0,,,,,70267.0,47512.0,,,63628.0,60859.0,158101.0,71099.0,95140.0,15324.0,74016.0,9088.0,$73610,$12085,$94234,$34028,,,,,$70267,$47512,,,$63628,$60859,$158101,$71099,$95140,$15324,$74016,$9088
2015,6037573004,Census Tract 5730.04,Long Beach,Los Angeles County,California,LongBeach,35437.0,8433.0,36222.0,10792.0,29521.0,10522.0,,,62459.0,8225.0,,,,,,,,,34772.0,5098.0,$35437,$8433,$36222,$10792,$29521,$10522,,,$62459,$8225,,,,,,,,,$34772,$5098
2015,6037573100,Census Tract 5731,Long Beach,Los Angeles County,California,LongBeach,70111.0,3061.0,62693.0,20987.0,70737.0,4822.0,31268.0,19489.0,91718.0,52790.0,,,70104.0,26138.0,70212.0,49628.0,77539.0,34622.0,61889.0,23436.0,$70111,$3061,$62693,$20987,$70737,$4822,$31268,$19489,$91718,$52790,,,$70104,$26138,$70212,$49628,$77539,$34622,$61889,$23436
2015,6037573201,Census Tract 5732.01,Long Beach,Los Angeles County,California,LongBeach,36368.0,10490.0,42160.0,10245.0,31675.0,10834.0,60031.0,17369.0,33435.0,11040.0,,,67685.0,11989.0,,,,,48538.0,10263.0,$36368,$10490,$42160,$10245,$31675,$10834,$60031,$17369,$33435,$11040,,,$67685,$11989,,,,,$48538,$10263
2015,6037573202,Census Tract 5732.02,Long Beach,Los Angeles County,California,LongBeach,53495.0,3848.0,73796.0,20768.0,,,,,53626.0,9964.0,,,38769.0,14394.0,51631.0,6071.0,87142.0,61647.0,54195.0,8935.0,$53495,$3848,$73796,$20768,,,,,$53626,$9964,,,$38769,$14394,$51631,$6071,$87142,$61647,$54195,$8935
2015,6037573300,Census Tract 5733,Long Beach,Los Angeles County,California,LongBeach,40426.0,6673.0,42326.0,32824.0,40666.0,17616.0,,,30589.0,6088.0,,,71996.0,22770.0,83177.0,64721.0,131018.0,99685.0,58510.0,30718.0,$40426,$6673,$42326,$32824,$40666,$17616,,,$30589,$6088,,,$71996,$22770,$83177,$64721,$131018,$99685,$58510,$30718
2015,6037573401,Census Tract 5734.01,Long Beach,Los Angeles County,California,LongBeach,87098.0,25506.0,75084.0,31533.0,,,,,148142.0,67224.0,,,99960.0,59351.0,,,89009.0,24843.0,66948.0,41256.0,$87098,$25506,$75084,$31533,,,,,$148142,$67224,,,$99960,$59351,,,$89009,$24843,$66948,$41256
2015,6037573402,Census Tract 5734.02,Long Beach,Los Angeles County,California,LongBeach,64769.0,10384.0,89279.0,21804.0,60324.0,16058.0,,,60877.0,36296.0,,,,,31739.0,1085.0,100438.0,17329.0,52573.0,40806.0,$64769,$10384,$89279,$21804,$60324,$16058,,,$60877,$36296,,,,,$31739,$1085,$100438,$17329,$52573,$40806
2015,6037573403,Census Tract 5734.03,Long Beach,Los Angeles County,California,LongBeach,132112.0,9053.0,127046.0,15968.0,139162.0,9636.0,,,173661.0,123121.0,,,,,211430.0,76289.0,130201.0,5249.0,,,$132112,$9053,$127046,$15968,$139162,$9636,,,$173661,$123121,,,,,$211430,$76289,$130201,$5249,,
2015,6037573601,Census Tract 5736.01,Long Beach,Los Angeles County,California,LongBeach,132995.0,17616.0,123595.0,20451.0,275234.0,190932.0,,,,,,,144309.0,18106.0,130759.0,92924.0,117618.0,25445.0,144407.0,32457.0,$132995,$17616,$123595,$20451,$275234,$190932,,,,,,,$144309,$18106,$130759,$92924,$117618,$25445,$144407,$32457
2015,6037573700,Census Tract 5737,Long Beach,Los Angeles County,California,LongBeach,133178.0,17026.0,126425.0,20152.0,182072.0,85423.0,,,147465.0,83004.0,,,,,,,118873.0,18836.0,161903.0,21016.0,$133178,$17026,$126425,$20152,$182072,$85423,,,$147465,$83004,,,,,,,$118873,$18836,$161903,$21016
2015,6037573800,Census Tract 5738,Long Beach,Los Angeles County,California,LongBeach,128649.0,11656.0,128140.0,15762.0,,,102164.0,50149.0,140495.0,52105.0,,,161005.0,120874.0,147253.0,61263.0,125405.0,17505.0,149915.0,42897.0,$128649,$11656,$128140,$15762,,,$102164,$50149,$140495,$52105,,,$161005,$120874,$147253,$61263,$125405,$17505,$149915,$42897
2015,6037573902,Census Tract 5739.02,Long Beach,Los Angeles County,California,LongBeach,143808.0,16868.0,145006.0,8197.0,,,,,206029.0,137679.0,,,,,,,142649.0,19670.0,172624.0,28212.0,$143808,$16868,$145006,$8197,,,,,$206029,$137679,,,,,,,$142649,$19670,$172624,$28212
2015,6037574000,Census Tract 5740,Long Beach,Los Angeles County,California,LongBeach,154300.0,11436.0,157271.0,15468.0,,,,,161614.0,6497.0,,,161081.0,42065.0,134581.0,28738.0,151348.0,16458.0,185954.0,38690.0,$154300,$11436,$157271,$15468,,,,,$161614,$6497,,,$161081,$42065,$134581,$28738,$151348,$16458,$185954,$38690
2015,6037574100,Census Tract 5741,Long Beach,Los Angeles County,California,LongBeach,119900.0,11695.0,117533.0,14073.0,,,147505.0,48106.0,,,,,123225.0,27996.0,,,111348.0,11790.0,146716.0,15862.0,$119900,$11695,$117533,$14073,,,$147505,$48106,,,,,$123225,$27996,,,$111348,$11790,$146716,$15862
2015,6037574201,Census Tract 5742.01,Long Beach,Los Angeles County,California,LongBeach,123935.0,21925.0,114454.0,30825.0,,,,,,,,,,,,,114378.0,32906.0,159497.0,119342.0,$123935,$21925,$114454,$30825,,,,,,,,,,,,,$114378,$32906,$159497,$119342
2015,6037574202,Census Tract 5742.02,Long Beach,Los Angeles County,California,LongBeach,86360.0,12671.0,88373.0,10551.0,,,,,,,,,,,,,77681.0,17983.0,104156.0,48692.0,$86360,$12671,$88373,$10551,,,,,,,,,,,,,$77681,$17983,$104156,$48692
2015,6037574300,Census Tract 5743,Long Beach,Los Angeles County,California,LongBeach,101062.0,9927.0,98035.0,10956.0,22777.0,17952.0,,,175760.0,52520.0,,,,,220281.0,27203.0,97173.0,11761.0,111039.0,54423.0,$101062,$9927,$98035,$10956,$22777,$17952,,,$175760,$52520,,,,,$220281,$27203,$97173,$11761,$111039,$54423
2015,6037574400,Census Tract 5744,Long Beach,Los Angeles County,California,LongBeach,128267.0,15026.0,121865.0,17875.0,,,,,131958.0,39178.0,,,,,181754.0,79827.0,112363.0,13486.0,179166.0,33399.0,$128267,$15026,$121865,$17875,,,,,$131958,$39178,,,,,$181754,$79827,$112363,$13486,$179166,$33399
2015,6037574500,Census Tract 5745,Long Beach,Los Angeles County,California,LongBeach,124230.0,25770.0,120521.0,13052.0,,,,,180962.0,69821.0,,,246132.0,71040.0,,,127255.0,35496.0,117548.0,22433.0,$124230,$25770,$120521,$13052,,,,,$180962,$69821,,,$246132,$71040,,,$127255,$35496,$117548,$22433
2015,6037574601,Census Tract 5746.01,Long Beach,Los Angeles County,California,LongBeach,,,,,,,,,,,,,,,,,,,,,,,,,,,,,,,,,,,,,,,,
2015,6037574602,Census Tract 5746.02,Long Beach,Los Angeles County,California,LongBeach,110618.0,23635.0,85994.0,25092.0,292244.0,128114.0,,,214674.0,169396.0,,,,,,,90462.0,29604.0,,,$110618,$23635,$85994,$25092,$292244,$128114,,,$214674,$169396,,,,,,,$90462,$29604,,
2015,6037574700,Census Tract 5747,Long Beach,Los Angeles County,California,LongBeach,,,,,,,,,,,,,,,,,,,,,,,,,,,,,,,,,,,,,,,,
2015,6037574800,Census Tract 5748,Long Beach,Los Angeles County,California,LongBeach,95269.0,16899.0,104201.0,19260.0,63921.0,19213.0,,,119878.0,40646.0,,,,,77941.0,10029.0,105062.0,20738.0,78807.0,29337.0,$95269,$16899,$104201,$19260,$63921,$19213,,,$119878,$40646,,,,,$77941,$10029,$105062,$20738,$78807,$29337
2015,6037574901,Census Tract 5749.01,Long Beach,Los Angeles County,California,LongBeach,125270.0,17317.0,125227.0,29845.0,,,,,130022.0,48020.0,,,,,,,135870.0,20425.0,86036.0,53864.0,$125270,$17317,$125227,$29845,,,,,$130022,$48020,,,,,,,$135870,$20425,$86036,$53864
2015,6037574902,Census Tract 5749.02,Long Beach,Los Angeles County,California,LongBeach,68804.0,16099.0,65905.0,11009.0,92683.0,14682.0,,,46476.0,26964.0,,,100195.0,16768.0,,,65353.0,12691.0,91200.0,14473.0,$68804,$16099,$65905,$11009,$92683,$14682,,,$46476,$26964,,,$100195,$16768,,,$65353,$12691,$91200,$14473
2015,6037575001,Census Tract 5750.01,Long Beach,Los Angeles County,California,LongBeach,92420.0,11715.0,93592.0,23974.0,94611.0,57422.0,,,94137.0,22991.0,,,98405.0,77997.0,56586.0,42925.0,92058.0,34610.0,93977.0,13902.0,$92420,$11715,$93592,$23974,$94611,$57422,,,$94137,$22991,,,$98405,$77997,$56586,$42925,$92058,$34610,$93977,$13902
2015,6037575002,Census Tract 5750.02,Long Beach,Los Angeles County,California,LongBeach,87044.0,6890.0,85482.0,7791.0,95857.0,11646.0,,,88234.0,41637.0,,,49381.0,43942.0,143151.0,106531.0,81807.0,11020.0,85968.0,12809.0,$87044,$6890,$85482,$7791,$95857,$11646,,,$88234,$41637,,,$49381,$43942,$143151,$106531,$81807,$11020,$85968,$12809
2015,6037575101,Census Tract 5751.01,Long Beach,Los Angeles County,California,LongBeach,48883.0,14219.0,53209.0,14718.0,68436.0,47286.0,,,21050.0,7436.0,,,64665.0,22482.0,,,67246.0,16150.0,48838.0,16642.0,$48883,$14219,$53209,$14718,$68436,$47286,,,$21050,$7436,,,$64665,$22482,,,$67246,$16150,$48838,$16642
2015,6037575102,Census Tract 5751.02,Long Beach,Los Angeles County,California,LongBeach,33008.0,8828.0,44650.0,9526.0,11007.0,8190.0,,,27332.0,7788.0,,,42195.0,40281.0,17310.0,15954.0,31858.0,21330.0,44900.0,5958.0,$33008,$8828,$44650,$9526,$11007,$8190,,,$27332,$7788,,,$42195,$40281,$17310,$15954,$31858,$21330,$44900,$5958
2015,6037575103,Census Tract 5751.03,Long Beach,Los Angeles County,California,LongBeach,49198.0,6179.0,48490.0,6217.0,44816.0,29734.0,,,75523.0,64135.0,,,57431.0,39017.0,,,53684.0,11421.0,46617.0,10383.0,$49198,$6179,$48490,$6217,$44816,$29734,,,$75523,$64135,,,$57431,$39017,,,$53684,$11421,$46617,$10383
2015,6037575201,Census Tract 5752.01,Long Beach,Los Angeles County,California,LongBeach,49009.0,6870.0,49796.0,6870.0,,,,,49069.0,18667.0,,,,,91661.0,38827.0,,,45837.0,8327.0,$49009,$6870,$49796,$6870,,,,,$49069,$18667,,,,,$91661,$38827,,,$45837,$8327
2015,6037575202,Census Tract 5752.02,Long Beach,Los Angeles County,California,LongBeach,45784.0,13048.0,45508.0,14552.0,,,,,53827.0,35769.0,,,,,52770.0,20143.0,25120.0,15380.0,47721.0,18066.0,$45784,$13048,$45508,$14552,,,,,$53827,$35769,,,,,$52770,$20143,$25120,$15380,$47721,$18066
2015,6037575300,Census Tract 5753,Long Beach,Los Angeles County,California,LongBeach,40936.0,8513.0,45533.0,2559.0,34303.0,8089.0,,,36043.0,25064.0,,,34739.0,8727.0,,,44335.0,6682.0,44276.0,7961.0,$40936,$8513,$45533,$2559,$34303,$8089,,,$36043,$25064,,,$34739,$8727,,,$44335,$6682,$44276,$7961
2015,6037575401,Census Tract 5754.01,Long Beach,Los Angeles County,California,LongBeach,40107.0,6500.0,38486.0,5859.0,,,,,40777.0,6284.0,,,54997.0,27150.0,,,37657.0,19979.0,40398.0,8011.0,$40107,$6500,$38486,$5859,,,,,$40777,$6284,,,$54997,$27150,,,$37657,$19979,$40398,$8011
2015,6037575402,Census Tract 5754.02,Long Beach,Los Angeles County,California,LongBeach,43156.0,9113.0,41382.0,8236.0,53945.0,27263.0,,,34666.0,1649.0,,,53945.0,10850.0,,,100720.0,61473.0,43779.0,8793.0,$43156,$9113,$41382,$8236,$53945,$27263,,,$34666,$1649,,,$53945,$10850,,,$100720,$61473,$43779,$8793
2015,6037575500,Census Tract 5755,Long Beach,Los Angeles County,California,LongBeach,,,,,,,,,,,,,,,,,,,,,,,,,,,,,,,,,,,,,,,,
2015,6037575801,Census Tract 5758.01,Long Beach,Los Angeles County,California,LongBeach,35280.0,4330.0,35361.0,5215.0,43029.0,31808.0,,,,,,,29047.0,15804.0,24379.0,14567.0,35521.0,12534.0,33810.0,8257.0,$35280,$4330,$35361,$5215,$43029,$31808,,,,,,,$29047,$15804,$24379,$14567,$35521,$12534,$33810,$8257
2015,6037575802,Census Tract 5758.02,Long Beach,Los Angeles County,California,LongBeach,37380.0,3537.0,36517.0,12535.0,37538.0,14232.0,,,85879.0,72023.0,,,35766.0,17474.0,,,26759.0,3118.0,37449.0,3458.0,$37380,$3537,$36517,$12535,$37538,$14232,,,$85879,$72023,,,$35766,$17474,,,$26759,$3118,$37449,$3458
2015,6037575803,Census Tract 5758.03,Long Beach,Los Angeles County,California,LongBeach,30775.0,10326.0,26309.0,17316.0,35112.0,24722.0,,,15682.0,5329.0,,,,,51137.0,13058.0,19226.0,9194.0,37311.0,11417.0,$30775,$10326,$26309,$17316,$35112,$24722,,,$15682,$5329,,,,,$51137,$13058,$19226,$9194,$37311,$11417
2015,6037575901,Census Tract 5759.01,Long Beach,Los Angeles County,California,LongBeach,49696.0,14681.0,63473.0,16516.0,,,,,100145.0,25109.0,,,38109.0,7698.0,66948.0,39200.0,79673.0,20218.0,36822.0,7999.0,$49696,$14681,$63473,$16516,,,,,$100145,$25109,,,$38109,$7698,$66948,$39200,$79673,$20218,$36822,$7999
2015,6037575902,Census Tract 5759.02,Long Beach,Los Angeles County,California,LongBeach,39528.0,6693.0,39593.0,8309.0,39204.0,19104.0,,,,,,,,,,,36517.0,11721.0,39066.0,16715.0,$39528,$6693,$39593,$8309,$39204,$19104,,,,,,,,,,,$36517,$11721,$39066,$16715
2015,6037576001,Census Tract 5760.01,Long Beach,Los Angeles County,California,LongBeach,88041.0,17791.0,91379.0,23498.0,47914.0,15604.0,,,107780.0,36576.0,,,,,62244.0,55156.0,97729.0,23418.0,84821.0,25336.0,$88041,$17791,$91379,$23498,$47914,$15604,,,$107780,$36576,,,,,$62244,$55156,$97729,$23418,$84821,$25336
2015,6037576200,Census Tract 5762,Long Beach,Los Angeles County,California,LongBeach,30084.0,6457.0,36397.0,29675.0,16735.0,3236.0,,,,,,,27341.0,18237.0,28217.0,16332.0,52808.0,32975.0,27573.0,8335.0,$30084,$6457,$36397,$29675,$16735,$3236,,,,,,,$27341,$18237,$28217,$16332,$52808,$32975,$27573,$8335
2015,6037576301,Census Tract 5763.01,Long Beach,Los Angeles County,California,LongBeach,42317.0,4966.0,55414.0,20192.0,20325.0,5738.0,,,,,,,32485.0,12465.0,42787.0,26871.0,86550.0,56785.0,42415.0,5888.0,$42317,$4966,$55414,$20192,$20325,$5738,,,,,,,$32485,$12465,$42787,$26871,$86550,$56785,$42415,$5888
2015,6037576302,Census Tract 5763.02,Long Beach,Los Angeles County,California,LongBeach,48753.0,7900.0,53391.0,11244.0,35549.0,10275.0,,,64734.0,44445.0,,,51455.0,15834.0,67450.0,20028.0,49242.0,20144.0,53267.0,14161.0,$48753,$7900,$53391,$11244,$35549,$10275,,,$64734,$44445,,,$51455,$15834,$67450,$20028,$49242,$20144,$53267,$14161
2015,6037576401,Census Tract 5764.01,Long Beach,Los Angeles County,California,LongBeach,37137.0,2616.0,35336.0,2013.0,44327.0,20159.0,,,49284.0,31703.0,,,37033.0,15162.0,36912.0,17110.0,38822.0,29665.0,35432.0,2585.0,$37137,$2616,$35336,$2013,$44327,$20159,,,$49284,$31703,,,$37033,$15162,$36912,$17110,$38822,$29665,$35432,$2585
2015,6037576402,Census Tract 5764.02,Long Beach,Los Angeles County,California,LongBeach,51081.0,12171.0,43554.0,13677.0,,,62819.0,36675.0,61760.0,46177.0,,,53361.0,15921.0,46348.0,19386.0,33671.0,10790.0,53395.0,7864.0,$51081,$12171,$43554,$13677,,,$62819,$36675,$61760,$46177,,,$53361,$15921,$46348,$19386,$33671,$10790,$53395,$7864
2015,6037576403,Census Tract 5764.03,Long Beach,Los Angeles County,California,LongBeach,42841.0,4369.0,46238.0,7661.0,39006.0,23847.0,,,38526.0,6303.0,,,44522.0,29581.0,,,,,43961.0,3749.0,$42841,$4369,$46238,$7661,$39006,$23847,,,$38526,$6303,,,$44522,$29581,,,,,$43961,$3749
2015,6037576501,Census Tract 5765.01,Long Beach,Los Angeles County,California,LongBeach,43225.0,10229.0,49519.0,13904.0,21164.0,10930.0,,,101666.0,7193.0,,,,,,,48097.0,14330.0,53896.0,27320.0,$43225,$10229,$49519,$13904,$21164,$10930,,,$101666,$7193,,,,,,,$48097,$14330,$53896,$27320
2015,6037576502,Census Tract 5765.02,Long Beach,Los Angeles County,California,LongBeach,46567.0,7082.0,46407.0,12676.0,44511.0,19274.0,22003.0,11811.0,61000.0,30310.0,,,,,60916.0,14469.0,36701.0,9660.0,59091.0,15206.0,$46567,$7082,$46407,$12676,$44511,$19274,$22003,$11811,$61000,$30310,,,,,$60916,$14469,$36701,$9660,$59091,$15206
2015,6037576503,Census Tract 5765.03,Long Beach,Los Angeles County,California,LongBeach,53759.0,8310.0,47678.0,6254.0,62987.0,14884.0,,,90580.0,6306.0,,,37402.0,13428.0,71374.0,38649.0,53669.0,15344.0,41190.0,9530.0,$53759,$8310,$47678,$6254,$62987,$14884,,,$90580,$6306,,,$37402,$13428,$71374,$38649,$53669,$15344,$41190,$9530
2015,6037576601,Census Tract 5766.01,Long Beach,Los Angeles County,California,LongBeach,67007.0,13284.0,62631.0,17679.0,54320.0,40705.0,,,,,,,,,80621.0,57467.0,61008.0,12126.0,80859.0,15122.0,$67007,$13284,$62631,$17679,$54320,$40705,,,,,,,,,$80621,$57467,$61008,$12126,$80859,$15122
2015,6037576602,Census Tract 5766.02,Long Beach,Los Angeles County,California,LongBeach,75523.0,15190.0,75300.0,10927.0,73284.0,66252.0,,,149165.0,57382.0,,,59865.0,9716.0,,,79403.0,25506.0,66753.0,11312.0,$75523,$15190,$75300,$10927,$73284,$66252,,,$149165,$57382,,,$59865,$9716,,,$79403,$25506,$66753,$11312
2015,6037576700,Census Tract 5767,Long Beach,Los Angeles County,California,LongBeach,91861.0,21105.0,100081.0,22265.0,,,,,,,,,,,109772.0,39101.0,104148.0,22158.0,81039.0,18343.0,$91861,$21105,$100081,$22265,,,,,,,,,,,$109772,$39101,$104148,$22158,$81039,$18343
2015,6037576801,Census Tract 5768.01,Long Beach,Los Angeles County,California,LongBeach,54656.0,16819.0,48067.0,22759.0,,,,,,,,,,,55191.0,15949.0,61550.0,10849.0,35319.0,6022.0,$54656,$16819,$48067,$22759,,,,,,,,,,,$55191,$15949,$61550,$10849,$35319,$6022
2015,6037576802,Census Tract 5768.02,Long Beach,Los Angeles County,California,LongBeach,63507.0,12286.0,69337.0,18973.0,54361.0,21362.0,,,,,,,60442.0,8489.0,133959.0,105687.0,78524.0,10650.0,44230.0,13870.0,$63507,$12286,$69337,$18973,$54361,$21362,,,,,,,$60442,$8489,$133959,$105687,$78524,$10650,$44230,$13870
2015,6037576901,Census Tract 5769.01,Long Beach,Los Angeles County,California,LongBeach,40625.0,6088.0,41551.0,10022.0,33971.0,18099.0,,,23964.0,13211.0,,,59035.0,10627.0,50238.0,30609.0,46752.0,13151.0,46874.0,10739.0,$40625,$6088,$41551,$10022,$33971,$18099,,,$23964,$13211,,,$59035,$10627,$50238,$30609,$46752,$13151,$46874,$10739
2015,6037576903,Census Tract 5769.03,Long Beach,Los Angeles County,California,LongBeach,54590.0,12946.0,62592.0,7994.0,51029.0,16252.0,,,147893.0,58779.0,,,45528.0,7469.0,,,71675.0,18395.0,46177.0,13115.0,$54590,$12946,$62592,$7994,$51029,$16252,,,$147893,$58779,,,$45528,$7469,,,$71675,$18395,$46177,$13115
2015,6037576904,Census Tract 5769.04,Long Beach,Los Angeles County,California,LongBeach,63702.0,6112.0,70913.0,12031.0,33093.0,19938.0,,,,,,,,,63689.0,19545.0,84099.0,15818.0,59844.0,15628.0,$63702,$6112,$70913,$12031,$33093,$19938,,,,,,,,,$63689,$19545,$84099,$15818,$59844,$15628
2015,6037577000,Census Tract 5770,Long Beach,Los Angeles County,California,LongBeach,74983.0,6387.0,77301.0,9050.0,54043.0,16367.0,,,96593.0,31772.0,,,62819.0,11322.0,78625.0,11727.0,83155.0,11027.0,59670.0,21987.0,$74983,$6387,$77301,$9050,$54043,$16367,,,$96593,$31772,,,$62819,$11322,$78625,$11727,$83155,$11027,$59670,$21987
2015,6037577100,Census Tract 5771,Long Beach,Los Angeles County,California,LongBeach,75275.0,7451.0,80715.0,16452.0,,,,,,,,,,,54913.0,30509.0,93015.0,27276.0,55663.0,22674.0,$75275,$7451,$80715,$16452,,,,,,,,,,,$54913,$30509,$93015,$27276,$55663,$22674
2015,6037577200,Census Tract 5772,Long Beach,Los Angeles County,California,LongBeach,94704.0,8607.0,90564.0,8748.0,140449.0,128098.0,,,,,,,116126.0,51759.0,112209.0,31438.0,91515.0,7873.0,92158.0,18578.0,$94704,$8607,$90564,$8748,$140449,$128098,,,,,,,$116126,$51759,$112209,$31438,$91515,$7873,$92158,$18578
2015,6037577300,Census Tract 5773,Long Beach,Los Angeles County,California,LongBeach,78480.0,17447.0,77909.0,14875.0,,,,,,,,,194238.0,175673.0,38688.0,34905.0,81775.0,24537.0,76969.0,53078.0,$78480,$17447,$77909,$14875,,,,,,,,,$194238,$175673,$38688,$34905,$81775,$24537,$76969,$53078
2015,6037577400,Census Tract 5774,Long Beach,Los Angeles County,California,LongBeach,101666.0,24801.0,95165.0,27002.0,,,,,162027.0,71346.0,,,,,81148.0,48580.0,108830.0,20760.0,66608.0,21875.0,$101666,$24801,$95165,$27002,,,,,$162027,$71346,,,,,$81148,$48580,$108830,$20760,$66608,$21875
2015,6037577501,Census Tract 5775.01,Long Beach,Los Angeles County,California,LongBeach,115763.0,21801.0,123081.0,26819.0,,,,,,,,,,,,,132495.0,32838.0,65288.0,34458.0,$115763,$21801,$123081,$26819,,,,,,,,,,,,,$132495,$32838,$65288,$34458
2015,6037577504,Census Tract 5775.04,Long Beach,Los Angeles County,California,LongBeach,130654.0,40151.0,138929.0,36401.0,161835.0,78045.0,,,,,,,,,,,136440.0,56427.0,146399.0,72974.0,$130654,$40151,$138929,$36401,$161835,$78045,,,,,,,,,,,$136440,$56427,$146399,$72974
2015,6037577602,Census Tract 5776.02,Long Beach,Los Angeles County,California,LongBeach,101949.0,22639.0,116253.0,27868.0,101389.0,7173.0,,,,,,,,,79424.0,34194.0,116253.0,28286.0,,,$101949,$22639,$116253,$27868,$101389,$7173,,,,,,,,,$79424,$34194,$116253,$28286,,
2015,6037577603,Census Tract 5776.03,Long Beach,Los Angeles County,California,LongBeach,128695.0,13347.0,136373.0,19846.0,,,,,87450.0,33346.0,,,,,,,136806.0,21707.0,,,$128695,$13347,$136373,$19846,,,,,$87450,$33346,,,,,,,$136806,$21707,,
2015,6037577604,Census Tract 5776.04,Long Beach,Los Angeles County,California,LongBeach,113285.0,14388.0,110681.0,13927.0,169687.0,104083.0,,,108444.0,35543.0,,,,,,,111134.0,13007.0,,,$113285,$14388,$110681,$13927,$169687,$104083,,,$108444,$35543,,,,,,,$111134,$13007,,
2015,6037980006,Census Tract 9800.06,Long Beach,Los Angeles County,California,LongBeach,,,,,,,,,,,,,,,,,,,,,,,,,,,,,,,,,,,,,,,,
2015,6037980007,Census Tract 9800.07,Long Beach,Los Angeles County,California,LongBeach,,,,,,,,,,,,,,,,,,,,,,,,,,,,,,,,,,,,,,,,
2015,6037980018,Census Tract 9800.18,Long Beach,Los Angeles County,California,LongBeach,,,,,,,,,,,,,,,,,,,,,,,,,,,,,,,,,,,,,,,,
2015,6037980033,Census Tract 9800.33,Long Beach,Los Angeles County,California,LongBeach,,,,,,,,,,,,,,,,,,,,,,,,,,,,,,,,,,,,,,,,
2015,6037990300,Census Tract 9903,Long Beach,Los Angeles County,California,LongBeach,,,,,,,,,,,,,,,,,,,,,,,,,,,,,,,,,,,,,,,,
2016,6037542402,Census Tract 5424.02,Long Beach,Los Angeles County,California,LongBeach,77794.0,10060.0,66366.0,7943.0,86245.0,14770.0,,,,,,,95216.0,25152.0,,,,,72757.0,11227.0,$77794,$10060,$66366,$7943,$86245,$14770,,,,,,,$95216,$25152,,,,,$72757,$11227
2016,6037543305,Census Tract 5433.05,Long Beach,Los Angeles County,California,LongBeach,89799.0,16302.0,,,93032.0,16794.0,,,128227.0,75637.0,,,87122.0,45007.0,,,,,81319.0,39930.0,$89799,$16302,,,$93032,$16794,,,$128227,$75637,,,$87122,$45007,,,,,$81319,$39930
2016,6037544001,Census Tract 5440.01,Long Beach,Los Angeles County,California,LongBeach,75605.0,10307.0,75990.0,5582.0,,,,,54076.0,44464.0,,,,,,,80763.0,26400.0,76375.0,9892.0,$75605,$10307,$75990,$5582,,,,,$54076,$44464,,,,,,,$80763,$26400,$76375,$9892
2016,6037544002,Census Tract 5440.02,Long Beach,Los Angeles County,California,LongBeach,106216.0,6142.0,101472.0,11629.0,106216.0,57302.0,,,148755.0,39366.0,97993.0,62688.0,86337.0,10190.0,109791.0,1173.0,64113.0,8939.0,107036.0,6844.0,$106216,$6142,$101472,$11629,$106216,$57302,,,$148755,$39366,$97993,$62688,$86337,$10190,$109791,$1173,$64113,$8939,$107036,$6844
2016,6037555202,Census Tract 5552.02,Long Beach,Los Angeles County,California,LongBeach,145940.0,19149.0,146789.0,23011.0,,,,,116674.0,26425.0,,,,,,,152032.0,32949.0,106350.0,59003.0,$145940,$19149,$146789,$23011,,,,,$116674,$26425,,,,,,,$152032,$32949,$106350,$59003
2016,6037555211,Census Tract 5552.11,Long Beach,Los Angeles County,California,LongBeach,45766.0,12235.0,55145.0,20093.0,,,,,19009.0,8179.0,,,42531.0,13492.0,,,,,52316.0,10177.0,$45766,$12235,$55145,$20093,,,,,$19009,$8179,,,$42531,$13492,,,,,$52316,$10177
2016,6037570100,Census Tract 5701,Long Beach,Los Angeles County,California,LongBeach,114052.0,16895.0,107825.0,13115.0,125563.0,61429.0,,,116346.0,102272.0,,,,,130685.0,32978.0,107333.0,25490.0,109587.0,28251.0,$114052,$16895,$107825,$13115,$125563,$61429,,,$116346,$102272,,,,,$130685,$32978,$107333,$25490,$109587,$28251
2016,6037570202,Census Tract 5702.02,Long Beach,Los Angeles County,California,LongBeach,77445.0,13626.0,84976.0,38081.0,67530.0,16206.0,,,63987.0,29644.0,,,74970.0,17989.0,,,76362.0,57469.0,80375.0,12863.0,$77445,$13626,$84976,$38081,$67530,$16206,,,$63987,$29644,,,$74970,$17989,,,$76362,$57469,$80375,$12863
2016,6037570203,Census Tract 5702.03,Long Beach,Los Angeles County,California,LongBeach,55306.0,4372.0,69667.0,16087.0,51323.0,11614.0,,,,,,,54766.0,23185.0,,,,,65042.0,21828.0,$55306,$4372,$69667,$16087,$51323,$11614,,,,,,,$54766,$23185,,,,,$65042,$21828
2016,6037570204,Census Tract 5702.04,Long Beach,Los Angeles County,California,LongBeach,73769.0,23289.0,50896.0,30932.0,,,,,81661.0,41596.0,,,84938.0,22015.0,,,42991.0,21115.0,82844.0,18828.0,$73769,$23289,$50896,$30932,,,,,$81661,$41596,,,$84938,$22015,,,$42991,$21115,$82844,$18828
2016,6037570301,Census Tract 5703.01,Long Beach,Los Angeles County,California,LongBeach,50508.0,9891.0,39027.0,24478.0,54156.0,13609.0,,,,,,,52135.0,10228.0,,,38837.0,26784.0,49737.0,16676.0,$50508,$9891,$39027,$24478,$54156,$13609,,,,,,,$52135,$10228,,,$38837,$26784,$49737,$16676
2016,6037570303,Census Tract 5703.03,Long Beach,Los Angeles County,California,LongBeach,53401.0,16901.0,50870.0,15447.0,52165.0,51022.0,,,125631.0,117724.0,,,,,,,,,48701.0,19298.0,$53401,$16901,$50870,$15447,$52165,$51022,,,$125631,$117724,,,,,,,,,$48701,$19298
2016,6037570304,Census Tract 5703.04,Long Beach,Los Angeles County,California,LongBeach,57418.0,8373.0,65613.0,17446.0,71750.0,61986.0,,,88557.0,32379.0,,,41377.0,23404.0,31135.0,23485.0,58992.0,29293.0,53555.0,8421.0,$57418,$8373,$65613,$17446,$71750,$61986,,,$88557,$32379,,,$41377,$23404,$31135,$23485,$58992,$29293,$53555,$8421
2016,6037570402,Census Tract 5704.02,Long Beach,Los Angeles County,California,LongBeach,83599.0,4718.0,82176.0,32801.0,71774.0,28773.0,,,98320.0,54133.0,,,104972.0,30936.0,,,54970.0,51871.0,99959.0,26068.0,$83599,$4718,$82176,$32801,$71774,$28773,,,$98320,$54133,,,$104972,$30936,,,$54970,$51871,$99959,$26068
2016,6037570403,Census Tract 5704.03,Long Beach,Los Angeles County,California,LongBeach,47054.0,12759.0,33953.0,14503.0,107110.0,34732.0,,,,,,,34990.0,11198.0,,,,,34942.0,9894.0,$47054,$12759,$33953,$14503,$107110,$34732,,,,,,,$34990,$11198,,,,,$34942,$9894
2016,6037570404,Census Tract 5704.04,Long Beach,Los Angeles County,California,LongBeach,73784.0,6983.0,63179.0,14217.0,76868.0,9090.0,,,,,,,73740.0,11484.0,,,86194.0,73300.0,67107.0,9849.0,$73784,$6983,$63179,$14217,$76868,$9090,,,,,,,$73740,$11484,,,$86194,$73300,$67107,$9849
2016,6037570501,Census Tract 5705.01,Long Beach,Los Angeles County,California,LongBeach,77987.0,20896.0,76980.0,34334.0,,,,,70658.0,8186.0,,,106760.0,24966.0,,,70373.0,50167.0,100369.0,11755.0,$77987,$20896,$76980,$34334,,,,,$70658,$8186,,,$106760,$24966,,,$70373,$50167,$100369,$11755
2016,6037570502,Census Tract 5705.02,Long Beach,Los Angeles County,California,LongBeach,80612.0,22397.0,68824.0,16244.0,58556.0,17074.0,,,99195.0,71293.0,,,104220.0,10700.0,59768.0,38791.0,68620.0,33037.0,91543.0,16720.0,$80612,$22397,$68824,$16244,$58556,$17074,,,$99195,$71293,,,$104220,$10700,$59768,$38791,$68620,$33037,$91543,$16720
2016,6037570601,Census Tract 5706.01,Long Beach,Los Angeles County,California,LongBeach,56486.0,11725.0,66112.0,28854.0,39164.0,15346.0,,,43527.0,41036.0,,,65820.0,25347.0,,,67576.0,31497.0,58848.0,20856.0,$56486,$11725,$66112,$28854,$39164,$15346,,,$43527,$41036,,,$65820,$25347,,,$67576,$31497,$58848,$20856
2016,6037570602,Census Tract 5706.02,Long Beach,Los Angeles County,California,LongBeach,70416.0,14580.0,63908.0,23997.0,76108.0,19929.0,,,79476.0,30424.0,,,68636.0,27108.0,,,58583.0,30213.0,65925.0,19690.0,$70416,$14580,$63908,$23997,$76108,$19929,,,$79476,$30424,,,$68636,$27108,,,$58583,$30213,$65925,$19690
2016,6037570603,Census Tract 5706.03,Long Beach,Los Angeles County,California,LongBeach,44877.0,10480.0,55387.0,24449.0,32275.0,15704.0,,,,,,,79287.0,57847.0,,,,,65592.0,25727.0,$44877,$10480,$55387,$24449,$32275,$15704,,,,,,,$79287,$57847,,,,,$65592,$25727
2016,6037571000,Census Tract 5710,Long Beach,Los Angeles County,California,LongBeach,115243.0,9516.0,117701.0,12134.0,,,,,68824.0,18961.0,,,163048.0,116725.0,,,116800.0,10212.0,136245.0,26507.0,$115243,$9516,$117701,$12134,,,,,$68824,$18961,,,$163048,$116725,,,$116800,$10212,$136245,$26507
2016,6037571200,Census Tract 5712,Long Beach,Los Angeles County,California,LongBeach,100898.0,9873.0,99857.0,22255.0,115687.0,6709.0,,,,,,,78656.0,35706.0,,,105227.0,23812.0,83350.0,20389.0,$100898,$9873,$99857,$22255,$115687,$6709,,,,,,,$78656,$35706,,,$105227,$23812,$83350,$20389
2016,6037571400,Census Tract 5714,Long Beach,Los Angeles County,California,LongBeach,106943.0,10018.0,117126.0,14005.0,90253.0,35467.0,,,105531.0,43450.0,,,111877.0,32254.0,121917.0,47021.0,116135.0,21339.0,116346.0,15401.0,$106943,$10018,$117126,$14005,$90253,$35467,,,$105531,$43450,,,$111877,$32254,$121917,$47021,$116135,$21339,$116346,$15401
2016,6037571502,Census Tract 5715.02,Long Beach,Los Angeles County,California,LongBeach,74068.0,11644.0,75106.0,13220.0,66858.0,52695.0,,,95301.0,35351.0,,,58037.0,31596.0,73923.0,58984.0,78247.0,22131.0,63908.0,22960.0,$74068,$11644,$75106,$13220,$66858,$52695,,,$95301,$35351,,,$58037,$31596,$73923,$58984,$78247,$22131,$63908,$22960
2016,6037571503,Census Tract 5715.03,Long Beach,Los Angeles County,California,LongBeach,104785.0,21484.0,98418.0,26404.0,68765.0,15868.0,,,143598.0,19964.0,,,121709.0,67313.0,,,90492.0,29438.0,117256.0,47612.0,$104785,$21484,$98418,$26404,$68765,$15868,,,$143598,$19964,,,$121709,$67313,,,$90492,$29438,$117256,$47612
2016,6037571504,Census Tract 5715.04,Long Beach,Los Angeles County,California,LongBeach,81114.0,11448.0,79920.0,20685.0,80370.0,18850.0,,,92101.0,32071.0,,,82261.0,36651.0,,,95862.0,27118.0,73945.0,19672.0,$81114,$11448,$79920,$20685,$80370,$18850,,,$92101,$32071,,,$82261,$36651,,,$95862,$27118,$73945,$19672
2016,6037571600,Census Tract 5716,Long Beach,Los Angeles County,California,LongBeach,17441.0,3651.0,24908.0,5969.0,15794.0,2177.0,,,15904.0,7921.0,,,21693.0,13221.0,10488.0,2039.0,27038.0,16442.0,23463.0,6757.0,$17441,$3651,$24908,$5969,$15794,$2177,,,$15904,$7921,,,$21693,$13221,$10488,$2039,$27038,$16442,$23463,$6757
2016,6037571701,Census Tract 5717.01,Long Beach,Los Angeles County,California,LongBeach,60416.0,8672.0,57413.0,24471.0,47126.0,28959.0,,,61450.0,38917.0,,,58967.0,12502.0,55449.0,35083.0,83026.0,35305.0,56655.0,10608.0,$60416,$8672,$57413,$24471,$47126,$28959,,,$61450,$38917,,,$58967,$12502,$55449,$35083,$83026,$35305,$56655,$10608
2016,6037571703,Census Tract 5717.03,Long Beach,Los Angeles County,California,LongBeach,46293.0,16001.0,38881.0,20229.0,,,,,,,,,60541.0,32155.0,,,,,47786.0,14021.0,$46293,$16001,$38881,$20229,,,,,,,,,$60541,$32155,,,,,$47786,$14021
2016,6037571704,Census Tract 5717.04,Long Beach,Los Angeles County,California,LongBeach,54534.0,6657.0,53388.0,13179.0,54673.0,24512.0,,,66951.0,33850.0,,,65383.0,57473.0,41991.0,34054.0,70099.0,33762.0,54666.0,8997.0,$54534,$6657,$53388,$13179,$54673,$24512,,,$66951,$33850,,,$65383,$57473,$41991,$34054,$70099,$33762,$54666,$8997
2016,6037571800,Census Tract 5718,Long Beach,Los Angeles County,California,LongBeach,136641.0,14840.0,157469.0,32052.0,130255.0,24023.0,,,129833.0,64460.0,,,,,,,153141.0,40026.0,201098.0,122005.0,$136641,$14840,$157469,$32052,$130255,$24023,,,$129833,$64460,,,,,,,$153141,$40026,$201098,$122005
2016,6037571900,Census Tract 5719,Long Beach,Los Angeles County,California,LongBeach,92926.0,12790.0,93165.0,12468.0,78078.0,65211.0,,,207237.0,74836.0,,,,,,,94124.0,19094.0,65512.0,46936.0,$92926,$12790,$93165,$12468,$78078,$65211,,,$207237,$74836,,,,,,,$94124,$19094,$65512,$46936
2016,6037572001,Census Tract 5720.01,Long Beach,Los Angeles County,California,LongBeach,107716.0,13587.0,118245.0,10661.0,,,,,,,,,72279.0,34399.0,71883.0,37547.0,118084.0,11746.0,72988.0,38896.0,$107716,$13587,$118245,$10661,,,,,,,,,$72279,$34399,$71883,$37547,$118084,$11746,$72988,$38896
2016,6037572002,Census Tract 5720.02,Long Beach,Los Angeles County,California,LongBeach,89742.0,9183.0,74600.0,20916.0,92117.0,14689.0,,,106514.0,79254.0,,,84179.0,20514.0,142156.0,80315.0,64376.0,28585.0,115410.0,19991.0,$89742,$9183,$74600,$20916,$92117,$14689,,,$106514,$79254,,,$84179,$20514,$142156,$80315,$64376,$28585,$115410,$19991
2016,6037572100,Census Tract 5721,Long Beach,Los Angeles County,California,LongBeach,145062.0,5650.0,143969.0,49121.0,177045.0,76662.0,,,136739.0,42241.0,,,87084.0,26806.0,,,138741.0,12602.0,147481.0,42029.0,$145062,$5650,$143969,$49121,$177045,$76662,,,$136739,$42241,,,$87084,$26806,,,$138741,$12602,$147481,$42029
2016,6037572201,Census Tract 5722.01,Long Beach,Los Angeles County,California,LongBeach,93802.0,21920.0,66002.0,30000.0,71180.0,26912.0,,,124982.0,20717.0,,,,,,,68596.0,45854.0,54163.0,53243.0,$93802,$21920,$66002,$30000,$71180,$26912,,,$124982,$20717,,,,,,,$68596,$45854,$54163,$53243
2016,6037572202,Census Tract 5722.02,Long Beach,Los Angeles County,California,LongBeach,119326.0,16682.0,100287.0,35546.0,117438.0,16665.0,,,112249.0,47182.0,173768.0,130536.0,132427.0,23758.0,156716.0,93865.0,102492.0,25818.0,131913.0,27178.0,$119326,$16682,$100287,$35546,$117438,$16665,,,$112249,$47182,$173768,$130536,$132427,$23758,$156716,$93865,$102492,$25818,$131913,$27178
2016,6037572301,Census Tract 5723.01,Long Beach,Los Angeles County,California,LongBeach,68452.0,11774.0,69760.0,19338.0,,,,,94584.0,48140.0,,,59142.0,8061.0,,,70463.0,54258.0,64692.0,10225.0,$68452,$11774,$69760,$19338,,,,,$94584,$48140,,,$59142,$8061,,,$70463,$54258,$64692,$10225
2016,6037572302,Census Tract 5723.02,Long Beach,Los Angeles County,California,LongBeach,73591.0,8882.0,82816.0,16511.0,,,,,77290.0,35795.0,142565.0,74439.0,72669.0,30903.0,,,,,74787.0,10134.0,$73591,$8882,$82816,$16511,,,,,$77290,$35795,$142565,$74439,$72669,$30903,,,,,$74787,$10134
2016,6037572400,Census Tract 5724,Long Beach,Los Angeles County,California,LongBeach,91388.0,41209.0,91766.0,39189.0,,,,,152397.0,31852.0,,,,,,,91766.0,64788.0,99959.0,55069.0,$91388,$41209,$91766,$39189,,,,,$152397,$31852,,,,,,,$91766,$64788,$99959,$55069
2016,6037572500,Census Tract 5725,Long Beach,Los Angeles County,California,LongBeach,34507.0,7774.0,39440.0,17046.0,,,,,24239.0,12750.0,,,,,,,22258.0,12226.0,41097.0,2299.0,$34507,$7774,$39440,$17046,,,,,$24239,$12750,,,,,,,$22258,$12226,$41097,$2299
2016,6037572600,Census Tract 5726,Long Beach,Los Angeles County,California,LongBeach,99304.0,17847.0,60892.0,18743.0,,,,,98223.0,40696.0,116346.0,81327.0,,,103867.0,73809.0,,,102278.0,32029.0,$99304,$17847,$60892,$18743,,,,,$98223,$40696,$116346,$81327,,,$103867,$73809,,,$102278,$32029
2016,6037572700,Census Tract 5727,Long Beach,Los Angeles County,California,LongBeach,70311.0,8541.0,56402.0,23639.0,80787.0,20447.0,,,68210.0,20477.0,,,62087.0,23497.0,,,41854.0,26991.0,57512.0,21904.0,$70311,$8541,$56402,$23639,$80787,$20447,,,$68210,$20477,,,$62087,$23497,,,$41854,$26991,$57512,$21904
2016,6037572800,Census Tract 5728,Long Beach,Los Angeles County,California,LongBeach,24990.0,2298.0,21986.0,3260.0,23832.0,2238.0,,,,,,,,,,,21303.0,4975.0,,,$24990,$2298,$21986,$3260,$23832,$2238,,,,,,,,,,,$21303,$4975,,
2016,6037572900,Census Tract 5729,Long Beach,Los Angeles County,California,LongBeach,52854.0,7839.0,45161.0,5705.0,36870.0,30912.0,,,112522.0,57945.0,,,60046.0,39480.0,60034.0,7183.0,,,47210.0,7344.0,$52854,$7839,$45161,$5705,$36870,$30912,,,$112522,$57945,,,$60046,$39480,$60034,$7183,,,$47210,$7344
2016,6037573002,Census Tract 5730.02,Long Beach,Los Angeles County,California,LongBeach,41363.0,11313.0,41257.0,17050.0,,,,,,,,,43232.0,20444.0,,,,,39219.0,10320.0,$41363,$11313,$41257,$17050,,,,,,,,,$43232,$20444,,,,,$39219,$10320
2016,6037573003,Census Tract 5730.03,Long Beach,Los Angeles County,California,LongBeach,66858.0,13681.0,53140.0,28951.0,,,,,71774.0,37351.0,,,80295.0,25275.0,159224.0,39031.0,54896.0,54409.0,72216.0,12850.0,$66858,$13681,$53140,$28951,,,,,$71774,$37351,,,$80295,$25275,$159224,$39031,$54896,$54409,$72216,$12850
2016,6037573004,Census Tract 5730.04,Long Beach,Los Angeles County,California,LongBeach,42543.0,11998.0,43362.0,14208.0,39656.0,20549.0,,,67260.0,12424.0,,,,,59095.0,41879.0,69644.0,51693.0,35702.0,13466.0,$42543,$11998,$43362,$14208,$39656,$20549,,,$67260,$12424,,,,,$59095,$41879,$69644,$51693,$35702,$13466
2016,6037573100,Census Tract 5731,Long Beach,Los Angeles County,California,LongBeach,72414.0,6451.0,66664.0,24419.0,79391.0,14310.0,29947.0,20515.0,89923.0,32410.0,,,92200.0,53889.0,69547.0,48678.0,66202.0,34280.0,55387.0,32589.0,$72414,$6451,$66664,$24419,$79391,$14310,$29947,$20515,$89923,$32410,,,$92200,$53889,$69547,$48678,$66202,$34280,$55387,$32589
2016,6037573201,Census Tract 5732.01,Long Beach,Los Angeles County,California,LongBeach,39550.0,8294.0,46773.0,13077.0,29360.0,11914.0,62761.0,20109.0,35280.0,17563.0,,,27087.0,22353.0,,,,,46023.0,10110.0,$39550,$8294,$46773,$13077,$29360,$11914,$62761,$20109,$35280,$17563,,,$27087,$22353,,,,,$46023,$10110
2016,6037573202,Census Tract 5732.02,Long Beach,Los Angeles County,California,LongBeach,55660.0,5946.0,58568.0,22822.0,76526.0,38821.0,,,55133.0,13357.0,,,40732.0,15776.0,61376.0,56384.0,52642.0,49782.0,54686.0,9372.0,$55660,$5946,$58568,$22822,$76526,$38821,,,$55133,$13357,,,$40732,$15776,$61376,$56384,$52642,$49782,$54686,$9372
2016,6037573300,Census Tract 5733,Long Beach,Los Angeles County,California,LongBeach,45719.0,13787.0,52906.0,26452.0,41339.0,33704.0,,,39739.0,13682.0,,,61861.0,28710.0,,,,,57228.0,23550.0,$45719,$13787,$52906,$26452,$41339,$33704,,,$39739,$13682,,,$61861,$28710,,,,,$57228,$23550
2016,6037573401,Census Tract 5734.01,Long Beach,Los Angeles County,California,LongBeach,90705.0,25466.0,75379.0,35367.0,,,,,145295.0,75458.0,,,117985.0,106000.0,,,90995.0,21877.0,,,$90705,$25466,$75379,$35367,,,,,$145295,$75458,,,$117985,$106000,,,$90995,$21877,,
2016,6037573402,Census Tract 5734.02,Long Beach,Los Angeles County,California,LongBeach,69358.0,21564.0,87906.0,17068.0,58788.0,9692.0,,,61286.0,5889.0,,,92611.0,22854.0,,,98227.0,15052.0,76678.0,43597.0,$69358,$21564,$87906,$17068,$58788,$9692,,,$61286,$5889,,,$92611,$22854,,,$98227,$15052,$76678,$43597
2016,6037573403,Census Tract 5734.03,Long Beach,Los Angeles County,California,LongBeach,141551.0,16792.0,128636.0,17152.0,,,,,171446.0,73179.0,,,,,,,130685.0,9793.0,110727.0,72815.0,$141551,$16792,$128636,$17152,,,,,$171446,$73179,,,,,,,$130685,$9793,$110727,$72815
2016,6037573601,Census Tract 5736.01,Long Beach,Los Angeles County,California,LongBeach,132514.0,20497.0,122628.0,25982.0,282380.0,210723.0,,,137574.0,122102.0,,,122751.0,76450.0,,,111599.0,24890.0,135505.0,35158.0,$132514,$20497,$122628,$25982,$282380,$210723,,,$137574,$122102,,,$122751,$76450,,,$111599,$24890,$135505,$35158
2016,6037573700,Census Tract 5737,Long Beach,Los Angeles County,California,LongBeach,127239.0,18859.0,126660.0,19583.0,,,,,147999.0,80463.0,,,,,,,120770.0,19201.0,153141.0,28031.0,$127239,$18859,$126660,$19583,,,,,$147999,$80463,,,,,,,$120770,$19201,$153141,$28031
2016,6037573800,Census Tract 5738,Long Beach,Los Angeles County,California,LongBeach,128198.0,9389.0,127065.0,9702.0,,,128114.0,55029.0,124837.0,67262.0,,,214302.0,17673.0,114216.0,51954.0,125703.0,12842.0,176742.0,62999.0,$128198,$9389,$127065,$9702,,,$128114,$55029,$124837,$67262,,,$214302,$17673,$114216,$51954,$125703,$12842,$176742,$62999
2016,6037573902,Census Tract 5739.02,Long Beach,Los Angeles County,California,LongBeach,155007.0,12245.0,154764.0,13887.0,180489.0,90151.0,,,209136.0,120780.0,,,,,,,144750.0,17198.0,184187.0,23989.0,$155007,$12245,$154764,$13887,$180489,$90151,,,$209136,$120780,,,,,,,$144750,$17198,$184187,$23989
2016,6037574000,Census Tract 5740,Long Beach,Los Angeles County,California,LongBeach,160624.0,19242.0,160902.0,24230.0,,,,,162697.0,27479.0,,,219910.0,28997.0,135726.0,25797.0,150311.0,23328.0,185287.0,30426.0,$160624,$19242,$160902,$24230,,,,,$162697,$27479,,,$219910,$28997,$135726,$25797,$150311,$23328,$185287,$30426
2016,6037574100,Census Tract 5741,Long Beach,Los Angeles County,California,LongBeach,119495.0,12268.0,119735.0,14675.0,,,147183.0,29058.0,120559.0,97210.0,,,100895.0,28459.0,,,111123.0,16243.0,148531.0,8928.0,$119495,$12268,$119735,$14675,,,$147183,$29058,$120559,$97210,,,$100895,$28459,,,$111123,$16243,$148531,$8928
2016,6037574201,Census Tract 5742.01,Long Beach,Los Angeles County,California,LongBeach,122611.0,19114.0,121262.0,28556.0,122454.0,112952.0,,,,,,,94299.0,90311.0,,,116018.0,28769.0,134782.0,62763.0,$122611,$19114,$121262,$28556,$122454,$112952,,,,,,,$94299,$90311,,,$116018,$28769,$134782,$62763
2016,6037574202,Census Tract 5742.02,Long Beach,Los Angeles County,California,LongBeach,88222.0,11777.0,93769.0,11578.0,,,,,,,,,,,111157.0,17770.0,95043.0,15773.0,87025.0,14945.0,$88222,$11777,$93769,$11578,,,,,,,,,,,$111157,$17770,$95043,$15773,$87025,$14945
2016,6037574300,Census Tract 5743,Long Beach,Los Angeles County,California,LongBeach,106766.0,11151.0,107880.0,18575.0,,,,,120443.0,115975.0,,,,,190906.0,183800.0,108923.0,19810.0,97884.0,65938.0,$106766,$11151,$107880,$18575,,,,,$120443,$115975,,,,,$190906,$183800,$108923,$19810,$97884,$65938
2016,6037574400,Census Tract 5744,Long Beach,Los Angeles County,California,LongBeach,126809.0,15276.0,120500.0,16572.0,,,,,131562.0,24322.0,,,290250.0,223650.0,166910.0,66867.0,119720.0,16859.0,140223.0,79921.0,$126809,$15276,$120500,$16572,,,,,$131562,$24322,,,$290250,$223650,$166910,$66867,$119720,$16859,$140223,$79921
2016,6037574500,Census Tract 5745,Long Beach,Los Angeles County,California,LongBeach,118051.0,14645.0,117632.0,9173.0,,,,,178124.0,123167.0,,,,,,,122464.0,28649.0,116346.0,19675.0,$118051,$14645,$117632,$9173,,,,,$178124,$123167,,,,,,,$122464,$28649,$116346,$19675
2016,6037574601,Census Tract 5746.01,Long Beach,Los Angeles County,California,LongBeach,,,,,,,,,,,,,,,,,,,,,,,,,,,,,,,,,,,,,,,,
2016,6037574602,Census Tract 5746.02,Long Beach,Los Angeles County,California,LongBeach,108425.0,21413.0,92000.0,25996.0,268743.0,153775.0,,,161246.0,118678.0,,,,,,,88488.0,35909.0,203742.0,199289.0,$108425,$21413,$92000,$25996,$268743,$153775,,,$161246,$118678,,,,,,,$88488,$35909,$203742,$199289
2016,6037574700,Census Tract 5747,Long Beach,Los Angeles County,California,LongBeach,,,,,,,,,,,,,,,,,,,,,,,,,,,,,,,,,,,,,,,,
2016,6037574800,Census Tract 5748,Long Beach,Los Angeles County,California,LongBeach,82261.0,28957.0,94068.0,21524.0,54968.0,8251.0,,,105253.0,28931.0,,,,,87669.0,29883.0,97394.0,12067.0,67579.0,53730.0,$82261,$28957,$94068,$21524,$54968,$8251,,,$105253,$28931,,,,,$87669,$29883,$97394,$12067,$67579,$53730
2016,6037574901,Census Tract 5749.01,Long Beach,Los Angeles County,California,LongBeach,126812.0,14798.0,120749.0,23808.0,,,,,159156.0,45924.0,,,,,,,132733.0,21448.0,71282.0,50942.0,$126812,$14798,$120749,$23808,,,,,$159156,$45924,,,,,,,$132733,$21448,$71282,$50942
2016,6037574902,Census Tract 5749.02,Long Beach,Los Angeles County,California,LongBeach,66162.0,9923.0,64968.0,10312.0,91055.0,12038.0,,,,,,,124335.0,105230.0,,,64916.0,14196.0,68240.0,44383.0,$66162,$9923,$64968,$10312,$91055,$12038,,,,,,,$124335,$105230,,,$64916,$14196,$68240,$44383
2016,6037575001,Census Tract 5750.01,Long Beach,Los Angeles County,California,LongBeach,89356.0,12134.0,81071.0,20143.0,126782.0,16444.0,,,88052.0,16396.0,,,93852.0,24813.0,,,80842.0,27154.0,92468.0,9076.0,$89356,$12134,$81071,$20143,$126782,$16444,,,$88052,$16396,,,$93852,$24813,,,$80842,$27154,$92468,$9076
2016,6037575002,Census Tract 5750.02,Long Beach,Los Angeles County,California,LongBeach,93872.0,12166.0,98157.0,11490.0,95640.0,36091.0,,,85404.0,44652.0,,,,,,,98568.0,18760.0,91766.0,18235.0,$93872,$12166,$98157,$11490,$95640,$36091,,,$85404,$44652,,,,,,,$98568,$18760,$91766,$18235
2016,6037575101,Census Tract 5751.01,Long Beach,Los Angeles County,California,LongBeach,55215.0,7871.0,57424.0,12917.0,66821.0,31723.0,,,23488.0,14732.0,,,77369.0,21547.0,,,66285.0,15801.0,60631.0,15976.0,$55215,$7871,$57424,$12917,$66821,$31723,,,$23488,$14732,,,$77369,$21547,,,$66285,$15801,$60631,$15976
2016,6037575102,Census Tract 5751.02,Long Beach,Los Angeles County,California,LongBeach,39875.0,8212.0,41461.0,8317.0,,,,,28404.0,11660.0,,,47413.0,26569.0,,,29132.0,12333.0,45149.0,7256.0,$39875,$8212,$41461,$8317,,,,,$28404,$11660,,,$47413,$26569,,,$29132,$12333,$45149,$7256
2016,6037575103,Census Tract 5751.03,Long Beach,Los Angeles County,California,LongBeach,54729.0,8539.0,53754.0,12668.0,45542.0,23742.0,,,110883.0,37267.0,,,61178.0,30960.0,,,65820.0,22616.0,51797.0,13487.0,$54729,$8539,$53754,$12668,$45542,$23742,,,$110883,$37267,,,$61178,$30960,,,$65820,$22616,$51797,$13487
2016,6037575201,Census Tract 5752.01,Long Beach,Los Angeles County,California,LongBeach,47030.0,4962.0,47582.0,9474.0,47054.0,25867.0,,,39680.0,30536.0,,,69859.0,28202.0,88980.0,63885.0,48888.0,46857.0,45615.0,12184.0,$47030,$4962,$47582,$9474,$47054,$25867,,,$39680,$30536,,,$69859,$28202,$88980,$63885,$48888,$46857,$45615,$12184
2016,6037575202,Census Tract 5752.02,Long Beach,Los Angeles County,California,LongBeach,42433.0,10835.0,43370.0,14153.0,29496.0,19937.0,,,54896.0,26488.0,,,60631.0,33654.0,59165.0,16215.0,26093.0,13414.0,47671.0,16923.0,$42433,$10835,$43370,$14153,$29496,$19937,,,$54896,$26488,,,$60631,$33654,$59165,$16215,$26093,$13414,$47671,$16923
2016,6037575300,Census Tract 5753,Long Beach,Los Angeles County,California,LongBeach,42278.0,5655.0,44539.0,3887.0,35068.0,13170.0,35427.0,29263.0,53355.0,20982.0,,,35068.0,5958.0,,,,,44736.0,7090.0,$42278,$5655,$44539,$3887,$35068,$13170,$35427,$29263,$53355,$20982,,,$35068,$5958,,,,,$44736,$7090
2016,6037575401,Census Tract 5754.01,Long Beach,Los Angeles County,California,LongBeach,38730.0,6328.0,39731.0,8170.0,,,,,,,,,55606.0,28248.0,36830.0,17483.0,,,43084.0,6899.0,$38730,$6328,$39731,$8170,,,,,,,,,$55606,$28248,$36830,$17483,,,$43084,$6899
2016,6037575402,Census Tract 5754.02,Long Beach,Los Angeles County,California,LongBeach,49597.0,11353.0,45973.0,15514.0,,,,,75561.0,72651.0,,,66132.0,17025.0,,,,,49925.0,10699.0,$49597,$11353,$45973,$15514,,,,,$75561,$72651,,,$66132,$17025,,,,,$49925,$10699
2016,6037575500,Census Tract 5755,Long Beach,Los Angeles County,California,LongBeach,15385.0,1234.0,15021.0,741.0,,,,,,,,,,,,,,,,,$15385,$1234,$15021,$741,,,,,,,,,,,,,,,,
2016,6037575801,Census Tract 5758.01,Long Beach,Los Angeles County,California,LongBeach,34870.0,6644.0,37020.0,7091.0,44655.0,27975.0,,,,,,,28855.0,7950.0,14748.0,6182.0,42978.0,15680.0,33837.0,8368.0,$34870,$6644,$37020,$7091,$44655,$27975,,,,,,,$28855,$7950,$14748,$6182,$42978,$15680,$33837,$8368
2016,6037575802,Census Tract 5758.02,Long Beach,Los Angeles County,California,LongBeach,38114.0,4011.0,32118.0,10172.0,46314.0,21288.0,,,118852.0,68980.0,,,36051.0,13116.0,43110.0,32461.0,,,36283.0,5817.0,$38114,$4011,$32118,$10172,$46314,$21288,,,$118852,$68980,,,$36051,$13116,$43110,$32461,,,$36283,$5817
2016,6037575803,Census Tract 5758.03,Long Beach,Los Angeles County,California,LongBeach,26122.0,7455.0,24066.0,6117.0,,,,,17970.0,8461.0,,,45648.0,31962.0,38365.0,31839.0,23038.0,13694.0,36051.0,12843.0,$26122,$7455,$24066,$6117,,,,,$17970,$8461,,,$45648,$31962,$38365,$31839,$23038,$13694,$36051,$12843
2016,6037575901,Census Tract 5759.01,Long Beach,Los Angeles County,California,LongBeach,59451.0,10448.0,71282.0,12341.0,41240.0,39563.0,,,103146.0,26183.0,,,47358.0,11386.0,,,74301.0,15081.0,47339.0,16281.0,$59451,$10448,$71282,$12341,$41240,$39563,,,$103146,$26183,,,$47358,$11386,,,$74301,$15081,$47339,$16281
2016,6037575902,Census Tract 5759.02,Long Beach,Los Angeles County,California,LongBeach,44113.0,7471.0,41920.0,7606.0,40967.0,25139.0,,,73996.0,27368.0,,,,,,,39537.0,9869.0,46271.0,11783.0,$44113,$7471,$41920,$7606,$40967,$25139,,,$73996,$27368,,,,,,,$39537,$9869,$46271,$11783
2016,6037576001,Census Tract 5760.01,Long Beach,Los Angeles County,California,LongBeach,99635.0,22679.0,100427.0,34682.0,47583.0,43880.0,,,122391.0,26193.0,,,,,119858.0,58498.0,106300.0,28470.0,82077.0,18103.0,$99635,$22679,$100427,$34682,$47583,$43880,,,$122391,$26193,,,,,$119858,$58498,$106300,$28470,$82077,$18103
2016,6037576200,Census Tract 5762,Long Beach,Los Angeles County,California,LongBeach,32199.0,3882.0,35651.0,24730.0,16867.0,6146.0,,,,,,,27342.0,19262.0,,,52730.0,27854.0,28639.0,4646.0,$32199,$3882,$35651,$24730,$16867,$6146,,,,,,,$27342,$19262,,,$52730,$27854,$28639,$4646
2016,6037576301,Census Tract 5763.01,Long Beach,Los Angeles County,California,LongBeach,44881.0,6657.0,54335.0,18858.0,36740.0,25001.0,,,,,,,26069.0,13994.0,44900.0,27746.0,84802.0,24020.0,39706.0,11886.0,$44881,$6657,$54335,$18858,$36740,$25001,,,,,,,$26069,$13994,$44900,$27746,$84802,$24020,$39706,$11886
2016,6037576302,Census Tract 5763.02,Long Beach,Los Angeles County,California,LongBeach,52900.0,7454.0,53336.0,11093.0,34982.0,8272.0,,,,,,,39547.0,12712.0,,,53667.0,25043.0,52219.0,11396.0,$52900,$7454,$53336,$11093,$34982,$8272,,,,,,,$39547,$12712,,,$53667,$25043,$52219,$11396
2016,6037576401,Census Tract 5764.01,Long Beach,Los Angeles County,California,LongBeach,37498.0,3717.0,35486.0,5583.0,60904.0,43784.0,,,,,,,37155.0,12466.0,37540.0,11939.0,52984.0,29663.0,35682.0,3111.0,$37498,$3717,$35486,$5583,$60904,$43784,,,,,,,$37155,$12466,$37540,$11939,$52984,$29663,$35682,$3111
2016,6037576402,Census Tract 5764.02,Long Beach,Los Angeles County,California,LongBeach,47773.0,9844.0,47405.0,10723.0,23146.0,21228.0,77018.0,30330.0,60467.0,40072.0,,,53312.0,14605.0,,,,,53001.0,5503.0,$47773,$9844,$47405,$10723,$23146,$21228,$77018,$30330,$60467,$40072,,,$53312,$14605,,,,,$53001,$5503
2016,6037576403,Census Tract 5764.03,Long Beach,Los Angeles County,California,LongBeach,42638.0,3886.0,46728.0,3734.0,37924.0,16822.0,,,39913.0,11503.0,,,37143.0,18158.0,29847.0,15181.0,94133.0,60756.0,43243.0,3630.0,$42638,$3886,$46728,$3734,$37924,$16822,,,$39913,$11503,,,$37143,$18158,$29847,$15181,$94133,$60756,$43243,$3630
2016,6037576501,Census Tract 5765.01,Long Beach,Los Angeles County,California,LongBeach,40133.0,9666.0,47784.0,12564.0,19043.0,5842.0,,,104958.0,2919.0,,,37317.0,9647.0,,,46211.0,17058.0,38844.0,22903.0,$40133,$9666,$47784,$12564,$19043,$5842,,,$104958,$2919,,,$37317,$9647,,,$46211,$17058,$38844,$22903
2016,6037576502,Census Tract 5765.02,Long Beach,Los Angeles County,California,LongBeach,49160.0,8047.0,53079.0,8938.0,,,22532.0,6268.0,79980.0,33921.0,,,93102.0,68031.0,62087.0,29617.0,41709.0,13275.0,55073.0,16526.0,$49160,$8047,$53079,$8938,,,$22532,$6268,$79980,$33921,,,$93102,$68031,$62087,$29617,$41709,$13275,$55073,$16526
2016,6037576503,Census Tract 5765.03,Long Beach,Los Angeles County,California,LongBeach,58290.0,5911.0,56601.0,9340.0,84329.0,33058.0,37638.0,15798.0,90916.0,8972.0,,,31954.0,21886.0,,,64236.0,19290.0,49602.0,13706.0,$58290,$5911,$56601,$9340,$84329,$33058,$37638,$15798,$90916,$8972,,,$31954,$21886,,,$64236,$19290,$49602,$13706
2016,6037576601,Census Tract 5766.01,Long Beach,Los Angeles County,California,LongBeach,71130.0,16102.0,72819.0,21923.0,,,,,,,,,99745.0,80475.0,80607.0,43589.0,61137.0,15904.0,86850.0,18459.0,$71130,$16102,$72819,$21923,,,,,,,,,$99745,$80475,$80607,$43589,$61137,$15904,$86850,$18459
2016,6037576602,Census Tract 5766.02,Long Beach,Los Angeles County,California,LongBeach,74556.0,14032.0,79834.0,22197.0,72812.0,55815.0,,,124305.0,72283.0,,,65733.0,10498.0,,,79476.0,24879.0,68731.0,12285.0,$74556,$14032,$79834,$22197,$72812,$55815,,,$124305,$72283,,,$65733,$10498,,,$79476,$24879,$68731,$12285
2016,6037576700,Census Tract 5767,Long Beach,Los Angeles County,California,LongBeach,79931.0,10056.0,85143.0,16097.0,,,,,,,,,55210.0,35041.0,118336.0,65885.0,101669.0,20668.0,71147.0,10411.0,$79931,$10056,$85143,$16097,,,,,,,,,$55210,$35041,$118336,$65885,$101669,$20668,$71147,$10411
2016,6037576801,Census Tract 5768.01,Long Beach,Los Angeles County,California,LongBeach,70463.0,9436.0,67703.0,15076.0,67662.0,45124.0,,,91110.0,54285.0,,,,,115464.0,93888.0,74254.0,12173.0,,,$70463,$9436,$67703,$15076,$67662,$45124,,,$91110,$54285,,,,,$115464,$93888,$74254,$12173,,
2016,6037576802,Census Tract 5768.02,Long Beach,Los Angeles County,California,LongBeach,73498.0,10950.0,76394.0,18318.0,72895.0,13060.0,,,122081.0,37990.0,,,61123.0,4347.0,,,84466.0,12833.0,53699.0,19132.0,$73498,$10950,$76394,$18318,$72895,$13060,,,$122081,$37990,,,$61123,$4347,,,$84466,$12833,$53699,$19132
2016,6037576901,Census Tract 5769.01,Long Beach,Los Angeles County,California,LongBeach,32657.0,10763.0,35027.0,11633.0,27298.0,11359.0,,,15704.0,12108.0,,,57984.0,18020.0,50526.0,41375.0,47522.0,23092.0,40907.0,14127.0,$32657,$10763,$35027,$11633,$27298,$11359,,,$15704,$12108,,,$57984,$18020,$50526,$41375,$47522,$23092,$40907,$14127
2016,6037576903,Census Tract 5769.03,Long Beach,Los Angeles County,California,LongBeach,51062.0,10107.0,56125.0,15431.0,43740.0,12145.0,,,164891.0,53170.0,,,41607.0,8310.0,,,58583.0,13613.0,45631.0,14010.0,$51062,$10107,$56125,$15431,$43740,$12145,,,$164891,$53170,,,$41607,$8310,,,$58583,$13613,$45631,$14010
2016,6037576904,Census Tract 5769.04,Long Beach,Los Angeles County,California,LongBeach,63625.0,6666.0,69507.0,9097.0,,,,,,,,,46388.0,31916.0,63308.0,6766.0,82935.0,12906.0,58781.0,5974.0,$63625,$6666,$69507,$9097,,,,,,,,,$46388,$31916,$63308,$6766,$82935,$12906,$58781,$5974
2016,6037577000,Census Tract 5770,Long Beach,Los Angeles County,California,LongBeach,77948.0,9015.0,83832.0,8926.0,50609.0,8289.0,,,95918.0,30778.0,,,62504.0,17142.0,78793.0,12346.0,95471.0,18998.0,58671.0,16060.0,$77948,$9015,$83832,$8926,$50609,$8289,,,$95918,$30778,,,$62504,$17142,$78793,$12346,$95471,$18998,$58671,$16060
2016,6037577100,Census Tract 5771,Long Beach,Los Angeles County,California,LongBeach,80977.0,7049.0,90652.0,21448.0,42895.0,39032.0,,,111140.0,58233.0,,,33866.0,19987.0,53480.0,30527.0,101519.0,13410.0,66690.0,17904.0,$80977,$7049,$90652,$21448,$42895,$39032,,,$111140,$58233,,,$33866,$19987,$53480,$30527,$101519,$13410,$66690,$17904
2016,6037577200,Census Tract 5772,Long Beach,Los Angeles County,California,LongBeach,92365.0,19732.0,84626.0,17226.0,140674.0,108413.0,,,106385.0,41048.0,,,138253.0,93134.0,110322.0,2509.0,93045.0,22417.0,67861.0,13001.0,$92365,$19732,$84626,$17226,$140674,$108413,,,$106385,$41048,,,$138253,$93134,$110322,$2509,$93045,$22417,$67861,$13001
2016,6037577300,Census Tract 5773,Long Beach,Los Angeles County,California,LongBeach,93170.0,22932.0,91766.0,24598.0,,,,,139046.0,53157.0,,,,,,,94107.0,22358.0,75976.0,67094.0,$93170,$22932,$91766,$24598,,,,,$139046,$53157,,,,,,,$94107,$22358,$75976,$67094
2016,6037577400,Census Tract 5774,Long Beach,Los Angeles County,California,LongBeach,107721.0,15136.0,106446.0,21754.0,,,,,160012.0,78540.0,,,155323.0,25245.0,80477.0,22582.0,111866.0,17835.0,71729.0,30381.0,$107721,$15136,$106446,$21754,,,,,$160012,$78540,,,$155323,$25245,$80477,$22582,$111866,$17835,$71729,$30381
2016,6037577501,Census Tract 5775.01,Long Beach,Los Angeles County,California,LongBeach,116519.0,19710.0,113744.0,20837.0,,,,,122718.0,101198.0,,,,,,,126563.0,21532.0,72429.0,16649.0,$116519,$19710,$113744,$20837,,,,,$122718,$101198,,,,,,,$126563,$21532,$72429,$16649
2016,6037577504,Census Tract 5775.04,Long Beach,Los Angeles County,California,LongBeach,114239.0,25326.0,129221.0,29454.0,162229.0,97299.0,,,30630.0,20655.0,,,,,100779.0,41647.0,124305.0,31127.0,,,$114239,$25326,$129221,$29454,$162229,$97299,,,$30630,$20655,,,,,$100779,$41647,$124305,$31127,,
2016,6037577602,Census Tract 5776.02,Long Beach,Los Angeles County,California,LongBeach,114644.0,11652.0,125508.0,15649.0,61427.0,7421.0,,,,,,,,,112814.0,23023.0,125395.0,15737.0,,,$114644,$11652,$125508,$15649,$61427,$7421,,,,,,,,,$112814,$23023,$125395,$15737,,
2016,6037577603,Census Tract 5776.03,Long Beach,Los Angeles County,California,LongBeach,133042.0,13074.0,142892.0,20852.0,,,,,87305.0,34775.0,,,,,,,145306.0,21174.0,120009.0,76213.0,$133042,$13074,$142892,$20852,,,,,$87305,$34775,,,,,,,$145306,$21174,$120009,$76213
2016,6037577604,Census Tract 5776.04,Long Beach,Los Angeles County,California,LongBeach,120034.0,16409.0,124867.0,23898.0,171358.0,69043.0,,,93677.0,38435.0,,,,,,,117712.0,22949.0,216595.0,163537.0,$120034,$16409,$124867,$23898,$171358,$69043,,,$93677,$38435,,,,,,,$117712,$22949,$216595,$163537
2016,6037980006,Census Tract 9800.06,Long Beach,Los Angeles County,California,LongBeach,,,,,,,,,,,,,,,,,,,,,,,,,,,,,,,,,,,,,,,,
2016,6037980007,Census Tract 9800.07,Long Beach,Los Angeles County,California,LongBeach,,,,,,,,,,,,,,,,,,,,,,,,,,,,,,,,,,,,,,,,
2016,6037980018,Census Tract 9800.18,Long Beach,Los Angeles County,California,LongBeach,,,,,,,,,,,,,,,,,,,,,,,,,,,,,,,,,,,,,,,,
2016,6037980033,Census Tract 9800.33,Long Beach,Los Angeles County,California,LongBeach,,,,,,,,,,,,,,,,,,,,,,,,,,,,,,,,,,,,,,,,
2016,6037990300,Census Tract 9903,Long Beach,Los Angeles County,California,LongBeach,,,,,,,,,,,,,,,,,,,,,,,,,,,,,,,,,,,,,,,,
2017,6037542402,Census Tract 5424.02,Long Beach,Los Angeles County,California,LongBeach,74077.0,14382.0,65728.0,8027.0,68354.0,31837.0,,,,,,,93065.0,17806.0,,,,,71403.0,12224.0,$74077,$14382,$65728,$8027,$68354,$31837,,,,,,,$93065,$17806,,,,,$71403,$12224
2017,6037543305,Census Tract 5433.05,Long Beach,Los Angeles County,California,LongBeach,85626.0,14193.0,109803.0,67238.0,81993.0,14517.0,,,73226.0,69623.0,,,88073.0,30802.0,,,111371.0,57229.0,75137.0,19622.0,$85626,$14193,$109803,$67238,$81993,$14517,,,$73226,$69623,,,$88073,$30802,,,$111371,$57229,$75137,$19622
2017,6037544001,Census Tract 5440.01,Long Beach,Los Angeles County,California,LongBeach,74701.0,27176.0,75711.0,24516.0,,,,,84010.0,65806.0,,,,,,,66245.0,37540.0,76484.0,31941.0,$74701,$27176,$75711,$24516,,,,,$84010,$65806,,,,,,,$66245,$37540,$76484,$31941
2017,6037544002,Census Tract 5440.02,Long Beach,Los Angeles County,California,LongBeach,101919.0,9876.0,98520.0,12242.0,109110.0,21080.0,,,136388.0,56610.0,,,86111.0,34467.0,,,73275.0,29212.0,101302.0,12130.0,$101919,$9876,$98520,$12242,$109110,$21080,,,$136388,$56610,,,$86111,$34467,,,$73275,$29212,$101302,$12130
2017,6037555202,Census Tract 5552.02,Long Beach,Los Angeles County,California,LongBeach,144499.0,15483.0,145549.0,23274.0,,,,,121440.0,60740.0,,,,,,,147102.0,32922.0,106080.0,40006.0,$144499,$15483,$145549,$23274,,,,,$121440,$60740,,,,,,,$147102,$32922,$106080,$40006
2017,6037555211,Census Tract 5552.11,Long Beach,Los Angeles County,California,LongBeach,47763.0,15913.0,62534.0,14616.0,,,,,19522.0,7325.0,,,47948.0,25876.0,,,,,54218.0,16743.0,$47763,$15913,$62534,$14616,,,,,$19522,$7325,,,$47948,$25876,,,,,$54218,$16743
2017,6037570100,Census Tract 5701,Long Beach,Los Angeles County,California,LongBeach,108276.0,17849.0,104938.0,15930.0,154929.0,60728.0,,,64755.0,45730.0,108194.0,71277.0,65948.0,46078.0,125156.0,22622.0,115729.0,30850.0,88251.0,38863.0,$108276,$17849,$104938,$15930,$154929,$60728,,,$64755,$45730,$108194,$71277,$65948,$46078,$125156,$22622,$115729,$30850,$88251,$38863
2017,6037570202,Census Tract 5702.02,Long Beach,Los Angeles County,California,LongBeach,82120.0,8376.0,87850.0,29270.0,70264.0,16043.0,,,71976.0,36895.0,,,82389.0,10729.0,236329.0,171073.0,73518.0,50450.0,85595.0,11921.0,$82120,$8376,$87850,$29270,$70264,$16043,,,$71976,$36895,,,$82389,$10729,$236329,$171073,$73518,$50450,$85595,$11921
2017,6037570203,Census Tract 5702.03,Long Beach,Los Angeles County,California,LongBeach,54870.0,3490.0,67927.0,24980.0,51637.0,7231.0,,,,,,,56065.0,26423.0,,,52704.0,27774.0,67779.0,25308.0,$54870,$3490,$67927,$24980,$51637,$7231,,,,,,,$56065,$26423,,,$52704,$27774,$67779,$25308
2017,6037570204,Census Tract 5702.04,Long Beach,Los Angeles County,California,LongBeach,76855.0,11980.0,61776.0,41332.0,,,,,,,,,87913.0,24972.0,,,55157.0,30853.0,83716.0,18139.0,$76855,$11980,$61776,$41332,,,,,,,,,$87913,$24972,,,$55157,$30853,$83716,$18139
2017,6037570301,Census Tract 5703.01,Long Beach,Los Angeles County,California,LongBeach,46219.0,7174.0,37249.0,19692.0,47923.0,15862.0,,,,,,,47958.0,9353.0,,,46532.0,13159.0,43200.0,15300.0,$46219,$7174,$37249,$19692,$47923,$15862,,,,,,,$47958,$9353,,,$46532,$13159,$43200,$15300
2017,6037570303,Census Tract 5703.03,Long Beach,Los Angeles County,California,LongBeach,50423.0,8960.0,,,74507.0,61307.0,,,,,,,39512.0,30547.0,,,,,46318.0,11093.0,$50423,$8960,,,$74507,$61307,,,,,,,$39512,$30547,,,,,$46318,$11093
2017,6037570304,Census Tract 5703.04,Long Beach,Los Angeles County,California,LongBeach,68551.0,12720.0,77081.0,19957.0,89015.0,55157.0,,,90391.0,19220.0,,,31331.0,21768.0,,,61864.0,26423.0,56962.0,13055.0,$68551,$12720,$77081,$19957,$89015,$55157,,,$90391,$19220,,,$31331,$21768,,,$61864,$26423,$56962,$13055
2017,6037570402,Census Tract 5704.02,Long Beach,Los Angeles County,California,LongBeach,84106.0,10256.0,81833.0,45093.0,83931.0,30968.0,,,90544.0,49359.0,,,94469.0,26548.0,,,82079.0,56953.0,95873.0,22610.0,$84106,$10256,$81833,$45093,$83931,$30968,,,$90544,$49359,,,$94469,$26548,,,$82079,$56953,$95873,$22610
2017,6037570403,Census Tract 5704.03,Long Beach,Los Angeles County,California,LongBeach,50343.0,11323.0,42360.0,20234.0,116769.0,26370.0,,,116023.0,89888.0,,,36561.0,15395.0,,,,,40114.0,15242.0,$50343,$11323,$42360,$20234,$116769,$26370,,,$116023,$89888,,,$36561,$15395,,,,,$40114,$15242
2017,6037570404,Census Tract 5704.04,Long Beach,Los Angeles County,California,LongBeach,66696.0,10263.0,67145.0,20355.0,71257.0,20606.0,,,,,,,65692.0,15390.0,54957.0,14732.0,85042.0,39506.0,64664.0,9840.0,$66696,$10263,$67145,$20355,$71257,$20606,,,,,,,$65692,$15390,$54957,$14732,$85042,$39506,$64664,$9840
2017,6037570501,Census Tract 5705.01,Long Beach,Los Angeles County,California,LongBeach,77821.0,22591.0,93332.0,48822.0,,,,,68736.0,5973.0,74612.0,32316.0,98216.0,27459.0,162431.0,125610.0,73489.0,61303.0,99918.0,18609.0,$77821,$22591,$93332,$48822,,,,,$68736,$5973,$74612,$32316,$98216,$27459,$162431,$125610,$73489,$61303,$99918,$18609
2017,6037570502,Census Tract 5705.02,Long Beach,Los Angeles County,California,LongBeach,72705.0,14663.0,66647.0,17514.0,60171.0,56166.0,,,54377.0,24963.0,,,93351.0,15376.0,63982.0,54156.0,65157.0,19677.0,83906.0,14813.0,$72705,$14663,$66647,$17514,$60171,$56166,,,$54377,$24963,,,$93351,$15376,$63982,$54156,$65157,$19677,$83906,$14813
2017,6037570601,Census Tract 5706.01,Long Beach,Los Angeles County,California,LongBeach,59006.0,6762.0,55741.0,18397.0,46227.0,21080.0,,,,,,,65073.0,29992.0,,,70309.0,30910.0,58300.0,7222.0,$59006,$6762,$55741,$18397,$46227,$21080,,,,,,,$65073,$29992,,,$70309,$30910,$58300,$7222
2017,6037570602,Census Tract 5706.02,Long Beach,Los Angeles County,California,LongBeach,78005.0,10751.0,83564.0,26314.0,72934.0,24061.0,,,81593.0,30595.0,,,75816.0,18867.0,98093.0,38940.0,74933.0,45745.0,78150.0,13373.0,$78005,$10751,$83564,$26314,$72934,$24061,,,$81593,$30595,,,$75816,$18867,$98093,$38940,$74933,$45745,$78150,$13373
2017,6037570603,Census Tract 5706.03,Long Beach,Los Angeles County,California,LongBeach,50243.0,11457.0,57631.0,12810.0,40861.0,13238.0,,,43570.0,31885.0,,,62578.0,43466.0,116973.0,95112.0,57658.0,23669.0,64379.0,21991.0,$50243,$11457,$57631,$12810,$40861,$13238,,,$43570,$31885,,,$62578,$43466,$116973,$95112,$57658,$23669,$64379,$21991
2017,6037571000,Census Tract 5710,Long Beach,Los Angeles County,California,LongBeach,122660.0,14224.0,128998.0,10178.0,59977.0,41784.0,,,67713.0,16848.0,,,161900.0,132279.0,,,126760.0,14184.0,135700.0,37015.0,$122660,$14224,$128998,$10178,$59977,$41784,,,$67713,$16848,,,$161900,$132279,,,$126760,$14184,$135700,$37015
2017,6037571200,Census Tract 5712,Long Beach,Los Angeles County,California,LongBeach,107888.0,12843.0,117876.0,38217.0,116208.0,10192.0,,,,,,,78860.0,16460.0,,,125637.0,59531.0,96655.0,25958.0,$107888,$12843,$117876,$38217,$116208,$10192,,,,,,,$78860,$16460,,,$125637,$59531,$96655,$25958
2017,6037571400,Census Tract 5714,Long Beach,Los Angeles County,California,LongBeach,101588.0,7997.0,113523.0,17865.0,91060.0,24647.0,,,100285.0,63733.0,,,99589.0,14456.0,110515.0,25851.0,112921.0,19606.0,102425.0,21549.0,$101588,$7997,$113523,$17865,$91060,$24647,,,$100285,$63733,,,$99589,$14456,$110515,$25851,$112921,$19606,$102425,$21549
2017,6037571502,Census Tract 5715.02,Long Beach,Los Angeles County,California,LongBeach,76187.0,14215.0,74956.0,27700.0,,,,,103815.0,48349.0,,,64896.0,25532.0,102108.0,40589.0,75529.0,31263.0,63647.0,20025.0,$76187,$14215,$74956,$27700,,,,,$103815,$48349,,,$64896,$25532,$102108,$40589,$75529,$31263,$63647,$20025
2017,6037571503,Census Tract 5715.03,Long Beach,Los Angeles County,California,LongBeach,97343.0,24635.0,85782.0,24364.0,66589.0,10525.0,,,167677.0,28468.0,,,111606.0,68066.0,66637.0,42955.0,80389.0,38889.0,112141.0,43742.0,$97343,$24635,$85782,$24364,$66589,$10525,,,$167677,$28468,,,$111606,$68066,$66637,$42955,$80389,$38889,$112141,$43742
2017,6037571504,Census Tract 5715.04,Long Beach,Los Angeles County,California,LongBeach,82206.0,11062.0,92664.0,27655.0,81277.0,13677.0,,,,,,,71157.0,39260.0,,,102870.0,24275.0,66846.0,20146.0,$82206,$11062,$92664,$27655,$81277,$13677,,,,,,,$71157,$39260,,,$102870,$24275,$66846,$20146
2017,6037571600,Census Tract 5716,Long Beach,Los Angeles County,California,LongBeach,20790.0,3349.0,22464.0,11111.0,16383.0,6177.0,,,20859.0,17307.0,,,28736.0,5570.0,11109.0,7399.0,16848.0,12310.0,29190.0,6295.0,$20790,$3349,$22464,$11111,$16383,$6177,,,$20859,$17307,,,$28736,$5570,$11109,$7399,$16848,$12310,$29190,$6295
2017,6037571701,Census Tract 5717.01,Long Beach,Los Angeles County,California,LongBeach,65343.0,12156.0,67659.0,32632.0,60382.0,33823.0,,,85272.0,60882.0,,,65466.0,17445.0,,,72741.0,34191.0,61699.0,13908.0,$65343,$12156,$67659,$32632,$60382,$33823,,,$85272,$60882,,,$65466,$17445,,,$72741,$34191,$61699,$13908
2017,6037571703,Census Tract 5717.03,Long Beach,Los Angeles County,California,LongBeach,47513.0,10273.0,46532.0,44493.0,,,,,36732.0,17585.0,,,50811.0,43896.0,,,94312.0,80607.0,49703.0,15519.0,$47513,$10273,$46532,$44493,,,,,$36732,$17585,,,$50811,$43896,,,$94312,$80607,$49703,$15519
2017,6037571704,Census Tract 5717.04,Long Beach,Los Angeles County,California,LongBeach,56355.0,7303.0,55357.0,18790.0,39914.0,19532.0,,,59599.0,49428.0,,,64277.0,35487.0,59971.0,30958.0,83598.0,38415.0,55822.0,8489.0,$56355,$7303,$55357,$18790,$39914,$19532,,,$59599,$49428,,,$64277,$35487,$59971,$30958,$83598,$38415,$55822,$8489
2017,6037571800,Census Tract 5718,Long Beach,Los Angeles County,California,LongBeach,128339.0,9454.0,159408.0,30603.0,125374.0,90280.0,,,136096.0,4511.0,,,116080.0,87635.0,,,159346.0,28706.0,117585.0,15877.0,$128339,$9454,$159408,$30603,$125374,$90280,,,$136096,$4511,,,$116080,$87635,,,$159346,$28706,$117585,$15877
2017,6037571900,Census Tract 5719,Long Beach,Los Angeles County,California,LongBeach,95572.0,10328.0,95622.0,15919.0,75692.0,59348.0,,,195804.0,9555.0,,,90228.0,74837.0,133515.0,50640.0,109703.0,18094.0,66665.0,30274.0,$95572,$10328,$95622,$15919,$75692,$59348,,,$195804,$9555,,,$90228,$74837,$133515,$50640,$109703,$18094,$66665,$30274
2017,6037572001,Census Tract 5720.01,Long Beach,Los Angeles County,California,LongBeach,117296.0,14634.0,126760.0,20902.0,,,,,164940.0,120929.0,,,58223.0,24022.0,70901.0,70359.0,127965.0,20479.0,70682.0,28982.0,$117296,$14634,$126760,$20902,,,,,$164940,$120929,,,$58223,$24022,$70901,$70359,$127965,$20479,$70682,$28982
2017,6037572002,Census Tract 5720.02,Long Beach,Los Angeles County,California,LongBeach,85631.0,9254.0,68996.0,33992.0,89137.0,14229.0,,,98480.0,54574.0,,,85093.0,17342.0,142204.0,29922.0,52114.0,24582.0,108468.0,25515.0,$85631,$9254,$68996,$33992,$89137,$14229,,,$98480,$54574,,,$85093,$17342,$142204,$29922,$52114,$24582,$108468,$25515
2017,6037572100,Census Tract 5721,Long Beach,Los Angeles County,California,LongBeach,148222.0,15201.0,151631.0,50278.0,177037.0,47418.0,,,136548.0,34077.0,,,94211.0,22527.0,,,131174.0,73503.0,190485.0,89112.0,$148222,$15201,$151631,$50278,$177037,$47418,,,$136548,$34077,,,$94211,$22527,,,$131174,$73503,$190485,$89112
2017,6037572201,Census Tract 5722.01,Long Beach,Los Angeles County,California,LongBeach,100774.0,11046.0,80278.0,33003.0,101369.0,24781.0,,,145938.0,31411.0,,,,,,,91002.0,25353.0,71603.0,48467.0,$100774,$11046,$80278,$33003,$101369,$24781,,,$145938,$31411,,,,,,,$91002,$25353,$71603,$48467
2017,6037572202,Census Tract 5722.02,Long Beach,Los Angeles County,California,LongBeach,116315.0,14400.0,94907.0,36159.0,116964.0,10156.0,,,127474.0,100176.0,118186.0,102046.0,130772.0,46442.0,155299.0,102494.0,101711.0,24352.0,106168.0,50607.0,$116315,$14400,$94907,$36159,$116964,$10156,,,$127474,$100176,$118186,$102046,$130772,$46442,$155299,$102494,$101711,$24352,$106168,$50607
2017,6037572301,Census Tract 5723.01,Long Beach,Los Angeles County,California,LongBeach,80164.0,19632.0,92423.0,11113.0,,,,,91862.0,35522.0,,,58011.0,3522.0,,,,,79843.0,17148.0,$80164,$19632,$92423,$11113,,,,,$91862,$35522,,,$58011,$3522,,,,,$79843,$17148
2017,6037572302,Census Tract 5723.02,Long Beach,Los Angeles County,California,LongBeach,84098.0,18002.0,82682.0,47974.0,112611.0,31687.0,,,80549.0,27914.0,,,76662.0,61230.0,,,,,80701.0,23371.0,$84098,$18002,$82682,$47974,$112611,$31687,,,$80549,$27914,,,$76662,$61230,,,,,$80701,$23371
2017,6037572400,Census Tract 5724,Long Beach,Los Angeles County,California,LongBeach,107327.0,24764.0,119379.0,34908.0,48458.0,32461.0,,,155963.0,26538.0,,,,,,,107506.0,45785.0,121626.0,51435.0,$107327,$24764,$119379,$34908,$48458,$32461,,,$155963,$26538,,,,,,,$107506,$45785,$121626,$51435
2017,6037572500,Census Tract 5725,Long Beach,Los Angeles County,California,LongBeach,31004.0,10386.0,29999.0,12693.0,,,,,19657.0,10096.0,,,65338.0,43395.0,141302.0,111111.0,29091.0,10410.0,39332.0,27788.0,$31004,$10386,$29999,$12693,,,,,$19657,$10096,,,$65338,$43395,$141302,$111111,$29091,$10410,$39332,$27788
2017,6037572600,Census Tract 5726,Long Beach,Los Angeles County,California,LongBeach,99483.0,20817.0,55959.0,9011.0,114926.0,47677.0,,,116331.0,45368.0,117333.0,65013.0,,,105340.0,69709.0,,,65520.0,35463.0,$99483,$20817,$55959,$9011,$114926,$47677,,,$116331,$45368,$117333,$65013,,,$105340,$69709,,,$65520,$35463
2017,6037572700,Census Tract 5727,Long Beach,Los Angeles County,California,LongBeach,76402.0,10864.0,70601.0,13571.0,91337.0,34480.0,,,79321.0,21382.0,,,70200.0,25352.0,,,,,71621.0,10473.0,$76402,$10864,$70601,$13571,$91337,$34480,,,$79321,$21382,,,$70200,$25352,,,,,$71621,$10473
2017,6037572800,Census Tract 5728,Long Beach,Los Angeles County,California,LongBeach,23727.0,1594.0,20613.0,3606.0,23935.0,1131.0,,,,,,,,,,,19872.0,3408.0,,,$23727,$1594,$20613,$3606,$23935,$1131,,,,,,,,,,,$19872,$3408,,
2017,6037572900,Census Tract 5729,Long Beach,Los Angeles County,California,LongBeach,55028.0,7613.0,52210.0,12802.0,,,,,120059.0,42232.0,,,50143.0,19832.0,62348.0,14087.0,,,52210.0,9549.0,$55028,$7613,$52210,$12802,,,,,$120059,$42232,,,$50143,$19832,$62348,$14087,,,$52210,$9549
2017,6037573002,Census Tract 5730.02,Long Beach,Los Angeles County,California,LongBeach,43570.0,8031.0,41972.0,13798.0,36675.0,34630.0,,,158487.0,101774.0,,,45762.0,24398.0,,,,,43364.0,8025.0,$43570,$8031,$41972,$13798,$36675,$34630,,,$158487,$101774,,,$45762,$24398,,,,,$43364,$8025
2017,6037573003,Census Tract 5730.03,Long Beach,Los Angeles County,California,LongBeach,72489.0,13643.0,94287.0,14639.0,31977.0,31847.0,,,61240.0,25202.0,,,77197.0,57758.0,158049.0,29157.0,94134.0,20618.0,77910.0,19790.0,$72489,$13643,$94287,$14639,$31977,$31847,,,$61240,$25202,,,$77197,$57758,$158049,$29157,$94134,$20618,$77910,$19790
2017,6037573004,Census Tract 5730.04,Long Beach,Los Angeles County,California,LongBeach,47722.0,10924.0,44019.0,18243.0,40280.0,14413.0,,,,,,,,,58223.0,49677.0,94439.0,55188.0,35182.0,7716.0,$47722,$10924,$44019,$18243,$40280,$14413,,,,,,,,,$58223,$49677,$94439,$55188,$35182,$7716
2017,6037573100,Census Tract 5731,Long Beach,Los Angeles County,California,LongBeach,72074.0,9222.0,65473.0,13604.0,74262.0,16839.0,,,91074.0,29588.0,,,90169.0,26614.0,68850.0,24452.0,62839.0,21895.0,67903.0,19129.0,$72074,$9222,$65473,$13604,$74262,$16839,,,$91074,$29588,,,$90169,$26614,$68850,$24452,$62839,$21895,$67903,$19129
2017,6037573201,Census Tract 5732.01,Long Beach,Los Angeles County,California,LongBeach,45088.0,12136.0,53352.0,14079.0,32493.0,16230.0,,,37834.0,32040.0,,,,,,,,,53830.0,10892.0,$45088,$12136,$53352,$14079,$32493,$16230,,,$37834,$32040,,,,,,,,,$53830,$10892
2017,6037573202,Census Tract 5732.02,Long Beach,Los Angeles County,California,LongBeach,57122.0,9030.0,58280.0,15286.0,55013.0,29722.0,,,67086.0,11815.0,,,45371.0,15777.0,74898.0,21913.0,54020.0,48572.0,54418.0,11510.0,$57122,$9030,$58280,$15286,$55013,$29722,,,$67086,$11815,,,$45371,$15777,$74898,$21913,$54020,$48572,$54418,$11510
2017,6037573300,Census Tract 5733,Long Beach,Los Angeles County,California,LongBeach,49865.0,15653.0,56777.0,30541.0,39656.0,35850.0,,,49124.0,18225.0,,,60285.0,27167.0,28882.0,16232.0,128595.0,91531.0,56036.0,17106.0,$49865,$15653,$56777,$30541,$39656,$35850,,,$49124,$18225,,,$60285,$27167,$28882,$16232,$128595,$91531,$56036,$17106
2017,6037573401,Census Tract 5734.01,Long Beach,Los Angeles County,California,LongBeach,92351.0,11830.0,83337.0,23328.0,,,,,116331.0,53884.0,,,91282.0,3702.0,94754.0,6344.0,82133.0,18764.0,97343.0,24208.0,$92351,$11830,$83337,$23328,,,,,$116331,$53884,,,$91282,$3702,$94754,$6344,$82133,$18764,$97343,$24208
2017,6037573402,Census Tract 5734.02,Long Beach,Los Angeles County,California,LongBeach,77559.0,25319.0,95138.0,26221.0,56962.0,30414.0,,,63172.0,8513.0,,,95599.0,23899.0,,,99130.0,23384.0,90497.0,51184.0,$77559,$25319,$95138,$26221,$56962,$30414,,,$63172,$8513,,,$95599,$23899,,,$99130,$23384,$90497,$51184
2017,6037573403,Census Tract 5734.03,Long Beach,Los Angeles County,California,LongBeach,134446.0,26830.0,132672.0,16035.0,,,,,157868.0,43331.0,,,,,,,142325.0,25383.0,102408.0,56303.0,$134446,$26830,$132672,$16035,,,,,$157868,$43331,,,,,,,$142325,$25383,$102408,$56303
2017,6037573601,Census Tract 5736.01,Long Beach,Los Angeles County,California,LongBeach,135746.0,21862.0,132518.0,28050.0,282996.0,232024.0,,,124889.0,89623.0,,,,,130729.0,27597.0,108076.0,26473.0,149309.0,37872.0,$135746,$21862,$132518,$28050,$282996,$232024,,,$124889,$89623,,,,,$130729,$27597,$108076,$26473,$149309,$37872
2017,6037573700,Census Tract 5737,Long Beach,Los Angeles County,California,LongBeach,120998.0,16229.0,117924.0,15341.0,,,,,185899.0,102714.0,,,,,,,115921.0,16320.0,161505.0,35911.0,$120998,$16229,$117924,$15341,,,,,$185899,$102714,,,,,,,$115921,$16320,$161505,$35911
2017,6037573800,Census Tract 5738,Long Beach,Los Angeles County,California,LongBeach,131952.0,18601.0,128976.0,14349.0,,,130307.0,88033.0,181316.0,83721.0,,,216276.0,42316.0,114281.0,56253.0,126323.0,15308.0,175620.0,48541.0,$131952,$18601,$128976,$14349,,,$130307,$88033,$181316,$83721,,,$216276,$42316,$114281,$56253,$126323,$15308,$175620,$48541
2017,6037573902,Census Tract 5739.02,Long Beach,Los Angeles County,California,LongBeach,148204.0,19997.0,147299.0,21280.0,180915.0,52453.0,,,194152.0,174906.0,,,,,,,137992.0,21130.0,184176.0,14664.0,$148204,$19997,$147299,$21280,$180915,$52453,,,$194152,$174906,,,,,,,$137992,$21130,$184176,$14664
2017,6037574000,Census Tract 5740,Long Beach,Los Angeles County,California,LongBeach,161588.0,23537.0,156245.0,30207.0,,,,,210331.0,126470.0,,,218622.0,84378.0,135439.0,16920.0,146581.0,26415.0,187125.0,65865.0,$161588,$23537,$156245,$30207,,,,,$210331,$126470,,,$218622,$84378,$135439,$16920,$146581,$26415,$187125,$65865
2017,6037574100,Census Tract 5741,Long Beach,Los Angeles County,California,LongBeach,130208.0,8802.0,130550.0,8568.0,,,,,118050.0,79748.0,,,101087.0,85643.0,219679.0,164167.0,128238.0,13276.0,149609.0,34327.0,$130208,$8802,$130550,$8568,,,,,$118050,$79748,,,$101087,$85643,$219679,$164167,$128238,$13276,$149609,$34327
2017,6037574201,Census Tract 5742.01,Long Beach,Los Angeles County,California,LongBeach,127579.0,13893.0,131067.0,17716.0,,,,,136388.0,100185.0,,,94423.0,61152.0,,,128703.0,23962.0,135620.0,46200.0,$127579,$13893,$131067,$17716,,,,,$136388,$100185,,,$94423,$61152,,,$128703,$23962,$135620,$46200
2017,6037574202,Census Tract 5742.02,Long Beach,Los Angeles County,California,LongBeach,88090.0,12648.0,88835.0,18473.0,,,,,212296.0,128569.0,,,,,111217.0,17178.0,80342.0,17791.0,89214.0,28104.0,$88090,$12648,$88835,$18473,,,,,$212296,$128569,,,,,$111217,$17178,$80342,$17791,$89214,$28104
2017,6037574300,Census Tract 5743,Long Beach,Los Angeles County,California,LongBeach,118689.0,20219.0,125061.0,17672.0,,,,,,,,,,,,,125329.0,19831.0,,,$118689,$20219,$125061,$17672,,,,,,,,,,,,,$125329,$19831,,
2017,6037574400,Census Tract 5744,Long Beach,Los Angeles County,California,LongBeach,131102.0,16205.0,120483.0,19814.0,186214.0,80964.0,,,145815.0,60373.0,,,,,150829.0,50462.0,120531.0,20812.0,129970.0,94015.0,$131102,$16205,$120483,$19814,$186214,$80964,,,$145815,$60373,,,,,$150829,$50462,$120531,$20812,$129970,$94015
2017,6037574500,Census Tract 5745,Long Beach,Los Angeles County,California,LongBeach,117543.0,10789.0,116618.0,7359.0,,,,,130772.0,112342.0,,,,,,,115132.0,9138.0,119807.0,36698.0,$117543,$10789,$116618,$7359,,,,,$130772,$112342,,,,,,,$115132,$9138,$119807,$36698
2017,6037574601,Census Tract 5746.01,Long Beach,Los Angeles County,California,LongBeach,,,,,,,,,,,,,,,,,,,,,,,,,,,,,,,,,,,,,,,,
2017,6037574602,Census Tract 5746.02,Long Beach,Los Angeles County,California,LongBeach,105213.0,15702.0,103594.0,14269.0,,,,,95690.0,64673.0,,,,,,,104397.0,20980.0,202710.0,193049.0,$105213,$15702,$103594,$14269,,,,,$95690,$64673,,,,,,,$104397,$20980,$202710,$193049
2017,6037574700,Census Tract 5747,Long Beach,Los Angeles County,California,LongBeach,,,,,,,,,,,,,,,,,,,,,,,,,,,,,,,,,,,,,,,,
2017,6037574800,Census Tract 5748,Long Beach,Los Angeles County,California,LongBeach,91176.0,24691.0,96106.0,14829.0,56345.0,11933.0,,,84881.0,38969.0,,,,,88251.0,32048.0,107811.0,36656.0,67841.0,64986.0,$91176,$24691,$96106,$14829,$56345,$11933,,,$84881,$38969,,,,,$88251,$32048,$107811,$36656,$67841,$64986
2017,6037574901,Census Tract 5749.01,Long Beach,Los Angeles County,California,LongBeach,123093.0,16557.0,128044.0,24298.0,,,,,128803.0,71602.0,,,122405.0,92660.0,,,135013.0,26121.0,83237.0,53383.0,$123093,$16557,$128044,$24298,,,,,$128803,$71602,,,$122405,$92660,,,$135013,$26121,$83237,$53383
2017,6037574902,Census Tract 5749.02,Long Beach,Los Angeles County,California,LongBeach,65587.0,10991.0,65787.0,15241.0,91845.0,21929.0,,,,,,,,,94669.0,83186.0,77621.0,29136.0,65126.0,27939.0,$65587,$10991,$65787,$15241,$91845,$21929,,,,,,,,,$94669,$83186,$77621,$29136,$65126,$27939
2017,6037575001,Census Tract 5750.01,Long Beach,Los Angeles County,California,LongBeach,95623.0,14352.0,95769.0,15908.0,125416.0,31054.0,,,86913.0,21184.0,,,92013.0,53609.0,,,101978.0,23618.0,94712.0,4257.0,$95623,$14352,$95769,$15908,$125416,$31054,,,$86913,$21184,,,$92013,$53609,,,$101978,$23618,$94712,$4257
2017,6037575002,Census Tract 5750.02,Long Beach,Los Angeles County,California,LongBeach,88893.0,9247.0,99625.0,14175.0,95953.0,41452.0,,,64664.0,20178.0,,,,,46030.0,38009.0,100731.0,19428.0,85456.0,12644.0,$88893,$9247,$99625,$14175,$95953,$41452,,,$64664,$20178,,,,,$46030,$38009,$100731,$19428,$85456,$12644
2017,6037575101,Census Tract 5751.01,Long Beach,Los Angeles County,California,LongBeach,51678.0,9707.0,58534.0,13987.0,60973.0,53174.0,93733.0,65779.0,,,,,57764.0,40954.0,,,72205.0,33887.0,52951.0,15825.0,$51678,$9707,$58534,$13987,$60973,$53174,$93733,$65779,,,,,$57764,$40954,,,$72205,$33887,$52951,$15825
2017,6037575102,Census Tract 5751.02,Long Beach,Los Angeles County,California,LongBeach,39915.0,5767.0,46811.0,10593.0,,,,,27278.0,10512.0,,,42068.0,32066.0,,,32894.0,23552.0,45188.0,6457.0,$39915,$5767,$46811,$10593,,,,,$27278,$10512,,,$42068,$32066,,,$32894,$23552,$45188,$6457
2017,6037575103,Census Tract 5751.03,Long Beach,Los Angeles County,California,LongBeach,59927.0,8959.0,60973.0,16449.0,38436.0,22871.0,,,113122.0,22356.0,,,59946.0,12647.0,43056.0,27905.0,65621.0,17978.0,59663.0,7593.0,$59927,$8959,$60973,$16449,$38436,$22871,,,$113122,$22356,,,$59946,$12647,$43056,$27905,$65621,$17978,$59663,$7593
2017,6037575201,Census Tract 5752.01,Long Beach,Los Angeles County,California,LongBeach,52352.0,6227.0,52304.0,8342.0,64371.0,46186.0,,,45074.0,31610.0,,,65598.0,14774.0,61890.0,42113.0,59249.0,16732.0,52472.0,5563.0,$52352,$6227,$52304,$8342,$64371,$46186,,,$45074,$31610,,,$65598,$14774,$61890,$42113,$59249,$16732,$52472,$5563
2017,6037575202,Census Tract 5752.02,Long Beach,Los Angeles County,California,LongBeach,48851.0,16947.0,53084.0,22434.0,33021.0,22235.0,,,58348.0,33021.0,,,60244.0,13640.0,62177.0,36891.0,43123.0,37027.0,57192.0,15252.0,$48851,$16947,$53084,$22434,$33021,$22235,,,$58348,$33021,,,$60244,$13640,$62177,$36891,$43123,$37027,$57192,$15252
2017,6037575300,Census Tract 5753,Long Beach,Los Angeles County,California,LongBeach,44254.0,7342.0,46448.0,12982.0,39714.0,10617.0,34716.0,34454.0,51972.0,30552.0,,,39579.0,9240.0,,,,,47757.0,9801.0,$44254,$7342,$46448,$12982,$39714,$10617,$34716,$34454,$51972,$30552,,,$39579,$9240,,,,,$47757,$9801
2017,6037575401,Census Tract 5754.01,Long Beach,Los Angeles County,California,LongBeach,40932.0,5438.0,39145.0,9658.0,,,,,,,,,69143.0,20268.0,36732.0,5937.0,19255.0,9472.0,43636.0,5219.0,$40932,$5438,$39145,$9658,,,,,,,,,$69143,$20268,$36732,$5937,$19255,$9472,$43636,$5219
2017,6037575402,Census Tract 5754.02,Long Beach,Los Angeles County,California,LongBeach,53256.0,10553.0,48367.0,16840.0,,,,,,,,,66322.0,16266.0,,,,,55183.0,8975.0,$53256,$10553,$48367,$16840,,,,,,,,,$66322,$16266,,,,,$55183,$8975
2017,6037575500,Census Tract 5755,Long Beach,Los Angeles County,California,LongBeach,,,14708.0,743.0,,,,,,,,,,,,,,,,,,,$14708,$743,,,,,,,,,,,,,,,,
2017,6037575801,Census Tract 5758.01,Long Beach,Los Angeles County,California,LongBeach,39991.0,9025.0,39472.0,9545.0,43615.0,29215.0,53129.0,7735.0,,,,,33549.0,17889.0,,,41719.0,8315.0,37607.0,11648.0,$39991,$9025,$39472,$9545,$43615,$29215,$53129,$7735,,,,,$33549,$17889,,,$41719,$8315,$37607,$11648
2017,6037575802,Census Tract 5758.02,Long Beach,Los Angeles County,California,LongBeach,37332.0,3705.0,32091.0,7738.0,49260.0,22469.0,,,122284.0,77606.0,,,39045.0,18669.0,,,,,34456.0,5592.0,$37332,$3705,$32091,$7738,$49260,$22469,,,$122284,$77606,,,$39045,$18669,,,,,$34456,$5592
2017,6037575803,Census Tract 5758.03,Long Beach,Los Angeles County,California,LongBeach,30037.0,7821.0,24805.0,7317.0,54622.0,37372.0,,,20859.0,11568.0,,,54904.0,24031.0,,,17115.0,13862.0,45558.0,13546.0,$30037,$7821,$24805,$7317,$54622,$37372,,,$20859,$11568,,,$54904,$24031,,,$17115,$13862,$45558,$13546
2017,6037575901,Census Tract 5759.01,Long Beach,Los Angeles County,California,LongBeach,66670.0,5888.0,74726.0,9733.0,65965.0,11717.0,,,118811.0,28583.0,,,40284.0,20739.0,24133.0,23326.0,79337.0,16885.0,51515.0,9475.0,$66670,$5888,$74726,$9733,$65965,$11717,,,$118811,$28583,,,$40284,$20739,$24133,$23326,$79337,$16885,$51515,$9475
2017,6037575902,Census Tract 5759.02,Long Beach,Los Angeles County,California,LongBeach,48775.0,7593.0,41520.0,14284.0,46532.0,20649.0,,,74879.0,13994.0,,,,,,,38560.0,8568.0,56914.0,51323.0,$48775,$7593,$41520,$14284,$46532,$20649,,,$74879,$13994,,,,,,,$38560,$8568,$56914,$51323
2017,6037576001,Census Tract 5760.01,Long Beach,Los Angeles County,California,LongBeach,100132.0,19854.0,99534.0,27566.0,47545.0,45459.0,,,109771.0,32775.0,,,,,122135.0,64624.0,102936.0,22124.0,81432.0,19079.0,$100132,$19854,$99534,$27566,$47545,$45459,,,$109771,$32775,,,,,$122135,$64624,$102936,$22124,$81432,$19079
2017,6037576200,Census Tract 5762,Long Beach,Los Angeles County,California,LongBeach,39463.0,17401.0,39377.0,19682.0,23801.0,22463.0,,,52048.0,33725.0,,,59506.0,6717.0,,,68438.0,39761.0,32775.0,13060.0,$39463,$17401,$39377,$19682,$23801,$22463,,,$52048,$33725,,,$59506,$6717,,,$68438,$39761,$32775,$13060
2017,6037576301,Census Tract 5763.01,Long Beach,Los Angeles County,California,LongBeach,41114.0,7769.0,50865.0,12475.0,31378.0,23061.0,,,,,,,31216.0,24783.0,45555.0,36605.0,72700.0,19597.0,41027.0,8134.0,$41114,$7769,$50865,$12475,$31378,$23061,,,,,,,$31216,$24783,$45555,$36605,$72700,$19597,$41027,$8134
2017,6037576302,Census Tract 5763.02,Long Beach,Los Angeles County,California,LongBeach,51146.0,9323.0,56678.0,10821.0,35026.0,4977.0,,,78440.0,40561.0,,,37605.0,3151.0,,,,,52513.0,22690.0,$51146,$9323,$56678,$10821,$35026,$4977,,,$78440,$40561,,,$37605,$3151,,,,,$52513,$22690
2017,6037576401,Census Tract 5764.01,Long Beach,Los Angeles County,California,LongBeach,44819.0,10087.0,35214.0,18635.0,59020.0,32894.0,,,62020.0,59673.0,,,46599.0,15610.0,41489.0,13885.0,52060.0,41773.0,42033.0,7104.0,$44819,$10087,$35214,$18635,$59020,$32894,,,$62020,$59673,,,$46599,$15610,$41489,$13885,$52060,$41773,$42033,$7104
2017,6037576402,Census Tract 5764.02,Long Beach,Los Angeles County,California,LongBeach,48110.0,10938.0,54247.0,15818.0,27905.0,13288.0,76056.0,32285.0,47468.0,30869.0,,,43566.0,5244.0,,,62578.0,54283.0,53478.0,5805.0,$48110,$10938,$54247,$15818,$27905,$13288,$76056,$32285,$47468,$30869,,,$43566,$5244,,,$62578,$54283,$53478,$5805
2017,6037576403,Census Tract 5764.03,Long Beach,Los Angeles County,California,LongBeach,44150.0,4855.0,48700.0,8787.0,40241.0,14436.0,,,40463.0,6989.0,,,38370.0,27149.0,,,77019.0,67186.0,44125.0,4647.0,$44150,$4855,$48700,$8787,$40241,$14436,,,$40463,$6989,,,$38370,$27149,,,$77019,$67186,$44125,$4647
2017,6037576501,Census Tract 5765.01,Long Beach,Los Angeles County,California,LongBeach,49765.0,9745.0,51293.0,13715.0,,,,,105299.0,10608.0,,,37489.0,1584.0,,,49073.0,18083.0,50062.0,17559.0,$49765,$9745,$51293,$13715,,,,,$105299,$10608,,,$37489,$1584,,,$49073,$18083,$50062,$17559
2017,6037576502,Census Tract 5765.02,Long Beach,Los Angeles County,California,LongBeach,56555.0,7783.0,53200.0,8966.0,49525.0,17904.0,22785.0,5100.0,91932.0,28627.0,,,98199.0,5086.0,63745.0,43075.0,45409.0,16028.0,62120.0,11157.0,$56555,$7783,$53200,$8966,$49525,$17904,$22785,$5100,$91932,$28627,,,$98199,$5086,$63745,$43075,$45409,$16028,$62120,$11157
2017,6037576503,Census Tract 5765.03,Long Beach,Los Angeles County,California,LongBeach,59133.0,6979.0,64442.0,12658.0,57323.0,29811.0,38579.0,12283.0,92033.0,7296.0,,,24977.0,19712.0,50981.0,19793.0,67227.0,12341.0,48486.0,10997.0,$59133,$6979,$64442,$12658,$57323,$29811,$38579,$12283,$92033,$7296,,,$24977,$19712,$50981,$19793,$67227,$12341,$48486,$10997
2017,6037576601,Census Tract 5766.01,Long Beach,Los Angeles County,California,LongBeach,77333.0,9099.0,78704.0,18861.0,,,,,130442.0,16409.0,,,100867.0,81992.0,68596.0,27545.0,61709.0,27244.0,85818.0,30230.0,$77333,$9099,$78704,$18861,,,,,$130442,$16409,,,$100867,$81992,$68596,$27545,$61709,$27244,$85818,$30230
2017,6037576602,Census Tract 5766.02,Long Beach,Los Angeles County,California,LongBeach,79684.0,17658.0,89504.0,17727.0,74688.0,41328.0,,,145443.0,127904.0,,,68383.0,8903.0,,,93065.0,16572.0,70176.0,7389.0,$79684,$17658,$89504,$17727,$74688,$41328,,,$145443,$127904,,,$68383,$8903,,,$93065,$16572,$70176,$7389
2017,6037576700,Census Tract 5767,Long Beach,Los Angeles County,California,LongBeach,79704.0,24188.0,92904.0,27922.0,64904.0,50717.0,,,144755.0,131863.0,,,62364.0,31179.0,111517.0,26008.0,106888.0,41323.0,77468.0,16844.0,$79704,$24188,$92904,$27922,$64904,$50717,,,$144755,$131863,,,$62364,$31179,$111517,$26008,$106888,$41323,$77468,$16844
2017,6037576801,Census Tract 5768.01,Long Beach,Los Angeles County,California,LongBeach,66449.0,9948.0,64049.0,12057.0,65700.0,29218.0,,,,,,,34058.0,24335.0,,,70834.0,12061.0,34114.0,24256.0,$66449,$9948,$64049,$12057,$65700,$29218,,,,,,,$34058,$24335,,,$70834,$12061,$34114,$24256
2017,6037576802,Census Tract 5768.02,Long Beach,Los Angeles County,California,LongBeach,72961.0,7861.0,77197.0,15843.0,72536.0,4221.0,,,88251.0,62194.0,,,59966.0,5864.0,,,78861.0,12702.0,59914.0,12939.0,$72961,$7861,$77197,$15843,$72536,$4221,,,$88251,$62194,,,$59966,$5864,,,$78861,$12702,$59914,$12939
2017,6037576901,Census Tract 5769.01,Long Beach,Los Angeles County,California,LongBeach,38530.0,7618.0,42303.0,17939.0,30614.0,12259.0,,,23816.0,16557.0,,,51576.0,18600.0,53626.0,16957.0,79159.0,37009.0,41719.0,12458.0,$38530,$7618,$42303,$17939,$30614,$12259,,,$23816,$16557,,,$51576,$18600,$53626,$16957,$79159,$37009,$41719,$12458
2017,6037576903,Census Tract 5769.03,Long Beach,Los Angeles County,California,LongBeach,51504.0,10544.0,55839.0,14065.0,,,,,,,,,53188.0,6792.0,,,56802.0,25157.0,53818.0,6696.0,$51504,$10544,$55839,$14065,,,,,,,,,$53188,$6792,,,$56802,$25157,$53818,$6696
2017,6037576904,Census Tract 5769.04,Long Beach,Los Angeles County,California,LongBeach,69081.0,10787.0,68404.0,10292.0,122360.0,69671.0,,,,,,,72082.0,19080.0,62244.0,7129.0,72789.0,16650.0,60528.0,14338.0,$69081,$10787,$68404,$10292,$122360,$69671,,,,,,,$72082,$19080,$62244,$7129,$72789,$16650,$60528,$14338
2017,6037577000,Census Tract 5770,Long Beach,Los Angeles County,California,LongBeach,75295.0,13210.0,84367.0,10186.0,49012.0,19282.0,,,75200.0,64868.0,,,70908.0,15637.0,82935.0,17495.0,94552.0,20275.0,54555.0,24074.0,$75295,$13210,$84367,$10186,$49012,$19282,,,$75200,$64868,,,$70908,$15637,$82935,$17495,$94552,$20275,$54555,$24074
2017,6037577100,Census Tract 5771,Long Beach,Los Angeles County,California,LongBeach,88875.0,13308.0,98972.0,20051.0,,,,,128686.0,52469.0,,,,,51748.0,26685.0,108716.0,12819.0,73275.0,20859.0,$88875,$13308,$98972,$20051,,,,,$128686,$52469,,,,,$51748,$26685,$108716,$12819,$73275,$20859
2017,6037577200,Census Tract 5772,Long Beach,Los Angeles County,California,LongBeach,103834.0,14987.0,91479.0,12430.0,168792.0,66742.0,,,,,,,139336.0,48594.0,110557.0,15171.0,94614.0,20131.0,92950.0,45661.0,$103834,$14987,$91479,$12430,$168792,$66742,,,,,,,$139336,$48594,$110557,$15171,$94614,$20131,$92950,$45661
2017,6037577300,Census Tract 5773,Long Beach,Los Angeles County,California,LongBeach,90716.0,17410.0,86422.0,17257.0,,,,,138040.0,118702.0,,,236370.0,116028.0,,,88893.0,16906.0,,,$90716,$17410,$86422,$17257,,,,,$138040,$118702,,,$236370,$116028,,,$88893,$16906,,
2017,6037577400,Census Tract 5774,Long Beach,Los Angeles County,California,LongBeach,116242.0,15994.0,116539.0,15591.0,,,,,159743.0,85531.0,,,,,93243.0,31036.0,116182.0,19790.0,94134.0,54704.0,$116242,$15994,$116539,$15591,,,,,$159743,$85531,,,,,$93243,$31036,$116182,$19790,$94134,$54704
2017,6037577501,Census Tract 5775.01,Long Beach,Los Angeles County,California,LongBeach,128511.0,29723.0,129240.0,34152.0,,,,,,,,,,,,,144232.0,50626.0,67207.0,39675.0,$128511,$29723,$129240,$34152,,,,,,,,,,,,,$144232,$50626,$67207,$39675
2017,6037577504,Census Tract 5775.04,Long Beach,Los Angeles County,California,LongBeach,118315.0,32086.0,141603.0,34021.0,,,,,31089.0,29168.0,,,,,99162.0,55298.0,142137.0,32995.0,89535.0,38943.0,$118315,$32086,$141603,$34021,,,,,$31089,$29168,,,,,$99162,$55298,$142137,$32995,$89535,$38943
2017,6037577602,Census Tract 5776.02,Long Beach,Los Angeles County,California,LongBeach,110314.0,15472.0,118967.0,34202.0,60109.0,6366.0,,,100927.0,45084.0,,,,,111905.0,30423.0,128632.0,33453.0,,,$110314,$15472,$118967,$34202,$60109,$6366,,,$100927,$45084,,,,,$111905,$30423,$128632,$33453,,
2017,6037577603,Census Tract 5776.03,Long Beach,Los Angeles County,California,LongBeach,130030.0,4303.0,135737.0,18053.0,,,,,107033.0,35936.0,,,,,,,140326.0,21731.0,119379.0,76206.0,$130030,$4303,$135737,$18053,,,,,$107033,$35936,,,,,,,$140326,$21731,$119379,$76206
2017,6037577604,Census Tract 5776.04,Long Beach,Los Angeles County,California,LongBeach,125289.0,13231.0,119807.0,17559.0,170940.0,50784.0,,,111072.0,89594.0,,,,,,,118002.0,14228.0,218793.0,141633.0,$125289,$13231,$119807,$17559,$170940,$50784,,,$111072,$89594,,,,,,,$118002,$14228,$218793,$141633
2017,6037980006,Census Tract 9800.06,Long Beach,Los Angeles County,California,LongBeach,,,,,,,,,,,,,,,,,,,,,,,,,,,,,,,,,,,,,,,,
2017,6037980007,Census Tract 9800.07,Long Beach,Los Angeles County,California,LongBeach,,,,,,,,,,,,,,,,,,,,,,,,,,,,,,,,,,,,,,,,
2017,6037980018,Census Tract 9800.18,Long Beach,Los Angeles County,California,LongBeach,,,,,,,,,,,,,,,,,,,,,,,,,,,,,,,,,,,,,,,,
2017,6037980033,Census Tract 9800.33,Long Beach,Los Angeles County,California,LongBeach,,,,,,,,,,,,,,,,,,,,,,,,,,,,,,,,,,,,,,,,
2017,6037990300,Census Tract 9903,Long Beach,Los Angeles County,California,LongBeach,,,,,,,,,,,,,,,,,,,,,,,,,,,,,,,,,,,,,,,,
2018,6037542402,Census Tract 5424.02,Long Beach,Los Angeles County,California,LongBeach,77500.0,13010.0,76923.0,18999.0,65159.0,20353.0,,,,,,,87266.0,14653.0,,,,,84749.0,16614.0,$77500,$13010,$76923,$18999,$65159,$20353,,,,,,,$87266,$14653,,,,,$84749,$16614
2018,6037543305,Census Tract 5433.05,Long Beach,Los Angeles County,California,LongBeach,79847.0,11185.0,91070.0,41446.0,78258.0,17519.0,,,,,,,86147.0,46031.0,,,102203.0,41673.0,77793.0,19705.0,$79847,$11185,$91070,$41446,$78258,$17519,,,,,,,$86147,$46031,,,$102203,$41673,$77793,$19705
2018,6037544001,Census Tract 5440.01,Long Beach,Los Angeles County,California,LongBeach,77120.0,20367.0,91491.0,29211.0,48652.0,14425.0,,,85973.0,54574.0,,,,,,,77105.0,20099.0,92874.0,33088.0,$77120,$20367,$91491,$29211,$48652,$14425,,,$85973,$54574,,,,,,,$77105,$20099,$92874,$33088
2018,6037544002,Census Tract 5440.02,Long Beach,Los Angeles County,California,LongBeach,102570.0,8316.0,100861.0,8320.0,111097.0,30470.0,,,157023.0,58798.0,,,85028.0,43423.0,,,87087.0,47055.0,100387.0,13469.0,$102570,$8316,$100861,$8320,$111097,$30470,,,$157023,$58798,,,$85028,$43423,,,$87087,$47055,$100387,$13469
2018,6037555202,Census Tract 5552.02,Long Beach,Los Angeles County,California,LongBeach,140501.0,11338.0,140309.0,17900.0,,,,,121436.0,51005.0,,,,,,,152380.0,50888.0,99416.0,31520.0,$140501,$11338,$140309,$17900,,,,,$121436,$51005,,,,,,,$152380,$50888,$99416,$31520
2018,6037555211,Census Tract 5552.11,Long Beach,Los Angeles County,California,LongBeach,55787.0,14796.0,64219.0,8799.0,,,,,21754.0,18375.0,,,61086.0,19470.0,,,63926.0,729.0,60877.0,15325.0,$55787,$14796,$64219,$8799,,,,,$21754,$18375,,,$61086,$19470,,,$63926,$729,$60877,$15325
2018,6037570100,Census Tract 5701,Long Beach,Los Angeles County,California,LongBeach,107232.0,16904.0,98620.0,20793.0,153812.0,69967.0,,,,,157154.0,112470.0,132689.0,92336.0,102035.0,38669.0,105184.0,18211.0,97232.0,26235.0,$107232,$16904,$98620,$20793,$153812,$69967,,,,,$157154,$112470,$132689,$92336,$102035,$38669,$105184,$18211,$97232,$26235
2018,6037570202,Census Tract 5702.02,Long Beach,Los Angeles County,California,LongBeach,73877.0,11693.0,80987.0,39999.0,66602.0,42431.0,,,72311.0,31092.0,,,69941.0,19657.0,,,69310.0,53004.0,77408.0,18637.0,$73877,$11693,$80987,$39999,$66602,$42431,,,$72311,$31092,,,$69941,$19657,,,$69310,$53004,$77408,$18637
2018,6037570203,Census Tract 5702.03,Long Beach,Los Angeles County,California,LongBeach,55578.0,3702.0,70484.0,17485.0,53813.0,10928.0,,,,,,,55749.0,17752.0,,,55213.0,37248.0,58766.0,21011.0,$55578,$3702,$70484,$17485,$53813,$10928,,,,,,,$55749,$17752,,,$55213,$37248,$58766,$21011
2018,6037570204,Census Tract 5702.04,Long Beach,Los Angeles County,California,LongBeach,69467.0,25282.0,76489.0,33018.0,32143.0,25493.0,,,,,,,74400.0,25404.0,,,73617.0,42624.0,74540.0,16057.0,$69467,$25282,$76489,$33018,$32143,$25493,,,,,,,$74400,$25404,,,$73617,$42624,$74540,$16057
2018,6037570301,Census Tract 5703.01,Long Beach,Los Angeles County,California,LongBeach,47983.0,5762.0,48660.0,13939.0,40209.0,14365.0,,,,,,,50155.0,7264.0,,,49599.0,23619.0,47938.0,7436.0,$47983,$5762,$48660,$13939,$40209,$14365,,,,,,,$50155,$7264,,,$49599,$23619,$47938,$7436
2018,6037570303,Census Tract 5703.03,Long Beach,Los Angeles County,California,LongBeach,52538.0,9557.0,103769.0,95605.0,31192.0,22104.0,,,,,,,,,,,,,56352.0,51857.0,$52538,$9557,$103769,$95605,$31192,$22104,,,,,,,,,,,,,$56352,$51857
2018,6037570304,Census Tract 5703.04,Long Beach,Los Angeles County,California,LongBeach,67933.0,10257.0,75392.0,14268.0,86230.0,40888.0,,,82872.0,37825.0,,,49838.0,12759.0,,,76749.0,32166.0,62877.0,16385.0,$67933,$10257,$75392,$14268,$86230,$40888,,,$82872,$37825,,,$49838,$12759,,,$76749,$32166,$62877,$16385
2018,6037570402,Census Tract 5704.02,Long Beach,Los Angeles County,California,LongBeach,93474.0,14875.0,99200.0,36437.0,87834.0,26442.0,,,104943.0,45260.0,,,104029.0,25090.0,,,,,104640.0,10975.0,$93474,$14875,$99200,$36437,$87834,$26442,,,$104943,$45260,,,$104029,$25090,,,,,$104640,$10975
2018,6037570403,Census Tract 5704.03,Long Beach,Los Angeles County,California,LongBeach,52692.0,11561.0,44587.0,18169.0,107606.0,83256.0,,,116116.0,51568.0,,,46011.0,15910.0,,,,,46080.0,11417.0,$52692,$11561,$44587,$18169,$107606,$83256,,,$116116,$51568,,,$46011,$15910,,,,,$46080,$11417
2018,6037570404,Census Tract 5704.04,Long Beach,Los Angeles County,California,LongBeach,65263.0,9697.0,81817.0,4634.0,54914.0,21663.0,,,,,,,59520.0,12875.0,48780.0,32419.0,85887.0,10646.0,64624.0,7931.0,$65263,$9697,$81817,$4634,$54914,$21663,,,,,,,$59520,$12875,$48780,$32419,$85887,$10646,$64624,$7931
2018,6037570501,Census Tract 5705.01,Long Beach,Los Angeles County,California,LongBeach,79203.0,15554.0,96776.0,42193.0,88301.0,57509.0,,,74161.0,18410.0,76843.0,13480.0,69225.0,42693.0,130004.0,114159.0,97000.0,52532.0,77495.0,46545.0,$79203,$15554,$96776,$42193,$88301,$57509,,,$74161,$18410,$76843,$13480,$69225,$42693,$130004,$114159,$97000,$52532,$77495,$46545
2018,6037570502,Census Tract 5705.02,Long Beach,Los Angeles County,California,LongBeach,74587.0,18341.0,73248.0,42171.0,,,,,56440.0,25521.0,,,86819.0,22168.0,62166.0,39690.0,63850.0,30108.0,88106.0,23440.0,$74587,$18341,$73248,$42171,,,,,$56440,$25521,,,$86819,$22168,$62166,$39690,$63850,$30108,$88106,$23440
2018,6037570601,Census Tract 5706.01,Long Beach,Los Angeles County,California,LongBeach,65935.0,10947.0,85799.0,32449.0,46011.0,17241.0,,,84581.0,34232.0,,,66159.0,15251.0,,,109054.0,31359.0,61951.0,12542.0,$65935,$10947,$85799,$32449,$46011,$17241,,,$84581,$34232,,,$66159,$15251,,,$109054,$31359,$61951,$12542
2018,6037570602,Census Tract 5706.02,Long Beach,Los Angeles County,California,LongBeach,79170.0,13183.0,84973.0,20742.0,77197.0,24828.0,,,68626.0,50429.0,,,77925.0,22391.0,77532.0,55325.0,68657.0,40938.0,84033.0,19756.0,$79170,$13183,$84973,$20742,$77197,$24828,,,$68626,$50429,,,$77925,$22391,$77532,$55325,$68657,$40938,$84033,$19756
2018,6037570603,Census Tract 5706.03,Long Beach,Los Angeles County,California,LongBeach,54625.0,9800.0,56074.0,13876.0,40618.0,22507.0,,,43496.0,22618.0,52037.0,42872.0,78664.0,28155.0,117299.0,102280.0,53337.0,9503.0,67994.0,18452.0,$54625,$9800,$56074,$13876,$40618,$22507,,,$43496,$22618,$52037,$42872,$78664,$28155,$117299,$102280,$53337,$9503,$67994,$18452
2018,6037571000,Census Tract 5710,Long Beach,Los Angeles County,California,LongBeach,124209.0,13207.0,120606.0,12406.0,,,,,104073.0,90440.0,,,161174.0,79160.0,173078.0,54491.0,117287.0,6606.0,147408.0,37788.0,$124209,$13207,$120606,$12406,,,,,$104073,$90440,,,$161174,$79160,$173078,$54491,$117287,$6606,$147408,$37788
2018,6037571200,Census Tract 5712,Long Beach,Los Angeles County,California,LongBeach,114089.0,9415.0,119860.0,20896.0,114083.0,8491.0,,,,,,,,,,,124009.0,25166.0,78172.0,23516.0,$114089,$9415,$119860,$20896,$114083,$8491,,,,,,,,,,,$124009,$25166,$78172,$23516
2018,6037571400,Census Tract 5714,Long Beach,Los Angeles County,California,LongBeach,106932.0,15664.0,126871.0,22787.0,63389.0,23012.0,,,,,,,113558.0,38951.0,,,122521.0,23929.0,119736.0,29443.0,$106932,$15664,$126871,$22787,$63389,$23012,,,,,,,$113558,$38951,,,$122521,$23929,$119736,$29443
2018,6037571502,Census Tract 5715.02,Long Beach,Los Angeles County,California,LongBeach,73381.0,6540.0,62652.0,15396.0,83537.0,23918.0,,,79289.0,10413.0,,,64567.0,25913.0,,,72344.0,19870.0,57401.0,14200.0,$73381,$6540,$62652,$15396,$83537,$23918,,,$79289,$10413,,,$64567,$25913,,,$72344,$19870,$57401,$14200
2018,6037571503,Census Tract 5715.03,Long Beach,Los Angeles County,California,LongBeach,97981.0,19509.0,125479.0,46176.0,67954.0,12868.0,,,168609.0,25795.0,,,70484.0,27756.0,67730.0,6592.0,135225.0,35006.0,73047.0,17286.0,$97981,$19509,$125479,$46176,$67954,$12868,,,$168609,$25795,,,$70484,$27756,$67730,$6592,$135225,$35006,$73047,$17286
2018,6037571504,Census Tract 5715.04,Long Beach,Los Angeles County,California,LongBeach,81310.0,13321.0,97111.0,24540.0,79681.0,20987.0,,,86394.0,84903.0,,,55548.0,24912.0,,,97215.0,26290.0,72527.0,22402.0,$81310,$13321,$97111,$24540,$79681,$20987,,,$86394,$84903,,,$55548,$24912,,,$97215,$26290,$72527,$22402
2018,6037571600,Census Tract 5716,Long Beach,Los Angeles County,California,LongBeach,20522.0,4849.0,23285.0,9796.0,15359.0,3643.0,,,12791.0,12205.0,,,33081.0,5576.0,19383.0,15278.0,16603.0,10120.0,32830.0,6342.0,$20522,$4849,$23285,$9796,$15359,$3643,,,$12791,$12205,,,$33081,$5576,$19383,$15278,$16603,$10120,$32830,$6342
2018,6037571701,Census Tract 5717.01,Long Beach,Los Angeles County,California,LongBeach,64710.0,12158.0,52930.0,19284.0,58819.0,15336.0,,,101636.0,23878.0,,,67744.0,28918.0,,,56967.0,18308.0,66378.0,21344.0,$64710,$12158,$52930,$19284,$58819,$15336,,,$101636,$23878,,,$67744,$28918,,,$56967,$18308,$66378,$21344
2018,6037571703,Census Tract 5717.03,Long Beach,Los Angeles County,California,LongBeach,50013.0,17838.0,86147.0,45696.0,,,,,35743.0,24090.0,,,63315.0,43780.0,,,102419.0,53377.0,62713.0,28686.0,$50013,$17838,$86147,$45696,,,,,$35743,$24090,,,$63315,$43780,,,$102419,$53377,$62713,$28686
2018,6037571704,Census Tract 5717.04,Long Beach,Los Angeles County,California,LongBeach,57035.0,5323.0,58178.0,30210.0,37696.0,29870.0,,,66725.0,40351.0,,,69858.0,16746.0,39471.0,21526.0,86735.0,21591.0,62882.0,12856.0,$57035,$5323,$58178,$30210,$37696,$29870,,,$66725,$40351,,,$69858,$16746,$39471,$21526,$86735,$21591,$62882,$12856
2018,6037571800,Census Tract 5718,Long Beach,Los Angeles County,California,LongBeach,133137.0,16837.0,170158.0,89779.0,,,,,138879.0,120969.0,,,116811.0,44419.0,,,171155.0,93572.0,118679.0,18049.0,$133137,$16837,$170158,$89779,,,,,$138879,$120969,,,$116811,$44419,,,$171155,$93572,$118679,$18049
2018,6037571900,Census Tract 5719,Long Beach,Los Angeles County,California,LongBeach,85625.0,34182.0,94605.0,34411.0,98504.0,71022.0,,,193916.0,8612.0,,,65060.0,27600.0,132465.0,67283.0,87017.0,51946.0,75277.0,18303.0,$85625,$34182,$94605,$34411,$98504,$71022,,,$193916,$8612,,,$65060,$27600,$132465,$67283,$87017,$51946,$75277,$18303
2018,6037572001,Census Tract 5720.01,Long Beach,Los Angeles County,California,LongBeach,125305.0,19035.0,130653.0,21188.0,,,,,158422.0,117258.0,,,57291.0,51322.0,,,132534.0,22262.0,95838.0,54931.0,$125305,$19035,$130653,$21188,,,,,$158422,$117258,,,$57291,$51322,,,$132534,$22262,$95838,$54931
2018,6037572002,Census Tract 5720.02,Long Beach,Los Angeles County,California,LongBeach,89737.0,9914.0,65687.0,30244.0,104473.0,18049.0,,,102095.0,15198.0,,,105204.0,94632.0,183084.0,78114.0,53080.0,35862.0,88853.0,44152.0,$89737,$9914,$65687,$30244,$104473,$18049,,,$102095,$15198,,,$105204,$94632,$183084,$78114,$53080,$35862,$88853,$44152
2018,6037572100,Census Tract 5721,Long Beach,Los Angeles County,California,LongBeach,140446.0,15459.0,137522.0,27524.0,153406.0,50012.0,,,137551.0,12150.0,,,95154.0,48627.0,,,122172.0,56357.0,133137.0,75130.0,$140446,$15459,$137522,$27524,$153406,$50012,,,$137551,$12150,,,$95154,$48627,,,$122172,$56357,$133137,$75130
2018,6037572201,Census Tract 5722.01,Long Beach,Los Angeles County,California,LongBeach,85047.0,19927.0,73189.0,51405.0,67067.0,52667.0,,,107008.0,18924.0,,,,,80953.0,76444.0,79210.0,77238.0,73094.0,42091.0,$85047,$19927,$73189,$51405,$67067,$52667,,,$107008,$18924,,,,,$80953,$76444,$79210,$77238,$73094,$42091
2018,6037572202,Census Tract 5722.02,Long Beach,Los Angeles County,California,LongBeach,116040.0,11281.0,94731.0,27061.0,118579.0,12963.0,,,105987.0,34007.0,,,131000.0,39660.0,,,100418.0,32881.0,99817.0,33498.0,$116040,$11281,$94731,$27061,$118579,$12963,,,$105987,$34007,,,$131000,$39660,,,$100418,$32881,$99817,$33498
2018,6037572301,Census Tract 5723.01,Long Beach,Los Angeles County,California,LongBeach,75706.0,24644.0,92064.0,30023.0,101048.0,57303.0,,,61956.0,24165.0,,,56387.0,28268.0,,,61798.0,33898.0,81208.0,26581.0,$75706,$24644,$92064,$30023,$101048,$57303,,,$61956,$24165,,,$56387,$28268,,,$61798,$33898,$81208,$26581
2018,6037572302,Census Tract 5723.02,Long Beach,Los Angeles County,California,LongBeach,91943.0,24536.0,107136.0,46463.0,139089.0,67593.0,,,84581.0,34991.0,,,92021.0,38352.0,,,,,84149.0,27806.0,$91943,$24536,$107136,$46463,$139089,$67593,,,$84581,$34991,,,$92021,$38352,,,,,$84149,$27806
2018,6037572400,Census Tract 5724,Long Beach,Los Angeles County,California,LongBeach,117908.0,24166.0,129273.0,11615.0,,,,,150053.0,23312.0,,,138031.0,97684.0,,,129064.0,56962.0,138045.0,25974.0,$117908,$24166,$129273,$11615,,,,,$150053,$23312,,,$138031,$97684,,,$129064,$56962,$138045,$25974
2018,6037572500,Census Tract 5725,Long Beach,Los Angeles County,California,LongBeach,37048.0,8979.0,36172.0,20749.0,34890.0,25924.0,,,23571.0,10460.0,,,64689.0,59635.0,141527.0,65855.0,,,56387.0,34553.0,$37048,$8979,$36172,$20749,$34890,$25924,,,$23571,$10460,,,$64689,$59635,$141527,$65855,,,$56387,$34553
2018,6037572600,Census Tract 5726,Long Beach,Los Angeles County,California,LongBeach,83328.0,16468.0,62199.0,5681.0,67482.0,38841.0,,,124678.0,38140.0,,,64845.0,57308.0,104672.0,26426.0,141947.0,68939.0,63131.0,6283.0,$83328,$16468,$62199,$5681,$67482,$38841,,,$124678,$38140,,,$64845,$57308,$104672,$26426,$141947,$68939,$63131,$6283
2018,6037572700,Census Tract 5727,Long Beach,Los Angeles County,California,LongBeach,79683.0,8878.0,71885.0,13591.0,80329.0,30739.0,,,82018.0,15616.0,,,81622.0,8987.0,104316.0,91628.0,43364.0,26755.0,75053.0,11493.0,$79683,$8878,$71885,$13591,$80329,$30739,,,$82018,$15616,,,$81622,$8987,$104316,$91628,$43364,$26755,$75053,$11493
2018,6037572800,Census Tract 5728,Long Beach,Los Angeles County,California,LongBeach,22130.0,3041.0,19579.0,5849.0,22783.0,7769.0,,,,,,,,,,,17229.0,7020.0,,,$22130,$3041,$19579,$5849,$22783,$7769,,,,,,,,,,,$17229,$7020,,
2018,6037572900,Census Tract 5729,Long Beach,Los Angeles County,California,LongBeach,53661.0,11247.0,52408.0,18771.0,60303.0,55759.0,,,74204.0,62432.0,,,48331.0,18419.0,61435.0,19749.0,,,52154.0,14577.0,$53661,$11247,$52408,$18771,$60303,$55759,,,$74204,$62432,,,$48331,$18419,$61435,$19749,,,$52154,$14577
2018,6037573002,Census Tract 5730.02,Long Beach,Los Angeles County,California,LongBeach,41877.0,8200.0,36049.0,4081.0,62795.0,19490.0,,,39644.0,5560.0,,,33906.0,21480.0,,,,,36049.0,6359.0,$41877,$8200,$36049,$4081,$62795,$19490,,,$39644,$5560,,,$33906,$21480,,,,,$36049,$6359
2018,6037573003,Census Tract 5730.03,Long Beach,Los Angeles County,California,LongBeach,79170.0,11425.0,94625.0,12294.0,,,,,63592.0,14074.0,,,78763.0,40068.0,157807.0,66106.0,95154.0,13953.0,78763.0,17365.0,$79170,$11425,$94625,$12294,,,,,$63592,$14074,,,$78763,$40068,$157807,$66106,$95154,$13953,$78763,$17365
2018,6037573004,Census Tract 5730.04,Long Beach,Los Angeles County,California,LongBeach,51161.0,8517.0,60499.0,11016.0,39866.0,10375.0,,,66539.0,29341.0,60344.0,45203.0,,,57823.0,39139.0,137836.0,56982.0,51688.0,27705.0,$51161,$8517,$60499,$11016,$39866,$10375,,,$66539,$29341,$60344,$45203,,,$57823,$39139,$137836,$56982,$51688,$27705
2018,6037573100,Census Tract 5731,Long Beach,Los Angeles County,California,LongBeach,68359.0,6142.0,62556.0,17303.0,69186.0,12121.0,,,74624.0,18773.0,,,88816.0,28597.0,,,63655.0,22785.0,67351.0,16567.0,$68359,$6142,$62556,$17303,$69186,$12121,,,$74624,$18773,,,$88816,$28597,,,$63655,$22785,$67351,$16567
2018,6037573201,Census Tract 5732.01,Long Beach,Los Angeles County,California,LongBeach,49339.0,8231.0,55731.0,11954.0,34384.0,19511.0,,,79569.0,58199.0,,,25173.0,5681.0,70171.0,66083.0,31413.0,27028.0,55023.0,9021.0,$49339,$8231,$55731,$11954,$34384,$19511,,,$79569,$58199,,,$25173,$5681,$70171,$66083,$31413,$27028,$55023,$9021
2018,6037573202,Census Tract 5732.02,Long Beach,Los Angeles County,California,LongBeach,58797.0,12609.0,53807.0,12766.0,51920.0,23085.0,,,68319.0,14035.0,,,78150.0,15426.0,72731.0,27145.0,,,57653.0,15909.0,$58797,$12609,$53807,$12766,$51920,$23085,,,$68319,$14035,,,$78150,$15426,$72731,$27145,,,$57653,$15909
2018,6037573300,Census Tract 5733,Long Beach,Los Angeles County,California,LongBeach,44513.0,11745.0,39941.0,16797.0,,,,,47661.0,20172.0,,,51786.0,16548.0,,,38881.0,4521.0,45032.0,21438.0,$44513,$11745,$39941,$16797,,,,,$47661,$20172,,,$51786,$16548,,,$38881,$4521,$45032,$21438
2018,6037573401,Census Tract 5734.01,Long Beach,Los Angeles County,California,LongBeach,92412.0,23759.0,80619.0,37203.0,66811.0,35860.0,,,,,,,93503.0,12980.0,,,80343.0,35929.0,96217.0,14513.0,$92412,$23759,$80619,$37203,$66811,$35860,,,,,,,$93503,$12980,,,$80343,$35929,$96217,$14513
2018,6037573402,Census Tract 5734.02,Long Beach,Los Angeles County,California,LongBeach,85311.0,17278.0,95130.0,13279.0,59172.0,16692.0,,,71025.0,34339.0,,,93531.0,36781.0,21516.0,3039.0,102185.0,38644.0,,,$85311,$17278,$95130,$13279,$59172,$16692,,,$71025,$34339,,,$93531,$36781,$21516,$3039,$102185,$38644,,
2018,6037573403,Census Tract 5734.03,Long Beach,Los Angeles County,California,LongBeach,126782.0,22413.0,131635.0,28288.0,72834.0,38332.0,,,158894.0,56936.0,,,,,,,133039.0,15815.0,105105.0,18846.0,$126782,$22413,$131635,$28288,$72834,$38332,,,$158894,$56936,,,,,,,$133039,$15815,$105105,$18846
2018,6037573601,Census Tract 5736.01,Long Beach,Los Angeles County,California,LongBeach,150691.0,24417.0,151045.0,25814.0,,,,,,,,,68500.0,41313.0,,,140066.0,34911.0,164563.0,70940.0,$150691,$24417,$151045,$25814,,,,,,,,,$68500,$41313,,,$140066,$34911,$164563,$70940
2018,6037573700,Census Tract 5737,Long Beach,Los Angeles County,California,LongBeach,136356.0,22990.0,132530.0,13381.0,,,,,257013.0,81408.0,,,,,,,124949.0,15886.0,172387.0,34501.0,$136356,$22990,$132530,$13381,,,,,$257013,$81408,,,,,,,$124949,$15886,$172387,$34501
2018,6037573800,Census Tract 5738,Long Beach,Los Angeles County,California,LongBeach,146588.0,15890.0,130004.0,20907.0,,,131405.0,130199.0,207038.0,36960.0,,,214282.0,38669.0,157728.0,32904.0,119353.0,14463.0,194080.0,37001.0,$146588,$15890,$130004,$20907,,,$131405,$130199,$207038,$36960,,,$214282,$38669,$157728,$32904,$119353,$14463,$194080,$37001
2018,6037573902,Census Tract 5739.02,Long Beach,Los Angeles County,California,LongBeach,158198.0,32122.0,154752.0,37511.0,182475.0,57658.0,,,195476.0,139927.0,,,,,,,139906.0,16476.0,184477.0,26464.0,$158198,$32122,$154752,$37511,$182475,$57658,,,$195476,$139927,,,,,,,$139906,$16476,$184477,$26464
2018,6037574000,Census Tract 5740,Long Beach,Los Angeles County,California,LongBeach,166867.0,13804.0,162113.0,19640.0,,,,,211844.0,67623.0,,,238602.0,59529.0,133421.0,72846.0,159176.0,20579.0,174253.0,54821.0,$166867,$13804,$162113,$19640,,,,,$211844,$67623,,,$238602,$59529,$133421,$72846,$159176,$20579,$174253,$54821
2018,6037574100,Census Tract 5741,Long Beach,Los Angeles County,California,LongBeach,132267.0,7268.0,132962.0,7290.0,,,,,110817.0,62080.0,,,104088.0,61409.0,214933.0,139563.0,131342.0,6664.0,161691.0,51136.0,$132267,$7268,$132962,$7290,,,,,$110817,$62080,,,$104088,$61409,$214933,$139563,$131342,$6664,$161691,$51136
2018,6037574201,Census Tract 5742.01,Long Beach,Los Angeles County,California,LongBeach,127073.0,12848.0,128885.0,27793.0,,,,,132836.0,38504.0,,,94292.0,75188.0,,,126711.0,34535.0,135847.0,57813.0,$127073,$12848,$128885,$27793,,,,,$132836,$38504,,,$94292,$75188,,,$126711,$34535,$135847,$57813
2018,6037574202,Census Tract 5742.02,Long Beach,Los Angeles County,California,LongBeach,90557.0,12549.0,94256.0,15039.0,3131.0,,,,186391.0,156441.0,,,38531.0,9707.0,109903.0,49235.0,83984.0,12408.0,100610.0,30225.0,$90557,$12549,$94256,$15039,$3131,,,,$186391,$156441,,,$38531,$9707,$109903,$49235,$83984,$12408,$100610,$30225
2018,6037574300,Census Tract 5743,Long Beach,Los Angeles County,California,LongBeach,129395.0,13935.0,132549.0,11072.0,,,,,105741.0,34673.0,,,,,,,132434.0,9966.0,,,$129395,$13935,$132549,$11072,,,,,$105741,$34673,,,,,,,$132434,$9966,,
2018,6037574400,Census Tract 5744,Long Beach,Los Angeles County,California,LongBeach,133172.0,18813.0,131570.0,29767.0,165872.0,62081.0,,,132614.0,46988.0,,,289768.0,272389.0,179082.0,91988.0,130004.0,26823.0,139794.0,74491.0,$133172,$18813,$131570,$29767,$165872,$62081,,,$132614,$46988,,,$289768,$272389,$179082,$91988,$130004,$26823,$139794,$74491
2018,6037574500,Census Tract 5745,Long Beach,Los Angeles County,California,LongBeach,117343.0,14738.0,116472.0,8887.0,191873.0,79432.0,,,106196.0,85318.0,,,,,221894.0,60876.0,115312.0,11418.0,116871.0,32355.0,$117343,$14738,$116472,$8887,$191873,$79432,,,$106196,$85318,,,,,$221894,$60876,$115312,$11418,$116871,$32355
2018,6037574601,Census Tract 5746.01,Long Beach,Los Angeles County,California,LongBeach,,,,,,,,,,,,,,,,,,,,,,,,,,,,,,,,,,,,,,,,
2018,6037574602,Census Tract 5746.02,Long Beach,Los Angeles County,California,LongBeach,106211.0,18429.0,105311.0,17093.0,,,,,,,,,,,,,105404.0,19538.0,226332.0,90050.0,$106211,$18429,$105311,$17093,,,,,,,,,,,,,$105404,$19538,$226332,$90050
2018,6037574700,Census Tract 5747,Long Beach,Los Angeles County,California,LongBeach,,,,,,,,,,,,,,,,,,,,,,,,,,,,,,,,,,,,,,,,
2018,6037574800,Census Tract 5748,Long Beach,Los Angeles County,California,LongBeach,92817.0,9182.0,105138.0,19912.0,54870.0,7994.0,,,83909.0,47991.0,,,,,90672.0,11542.0,126631.0,38927.0,,,$92817,$9182,$105138,$19912,$54870,$7994,,,$83909,$47991,,,,,$90672,$11542,$126631,$38927,,
2018,6037574901,Census Tract 5749.01,Long Beach,Los Angeles County,California,LongBeach,138799.0,25926.0,143399.0,17875.0,,,,,175768.0,92830.0,,,,,,,145311.0,21610.0,123370.0,77938.0,$138799,$25926,$143399,$17875,,,,,$175768,$92830,,,,,,,$145311,$21610,$123370,$77938
2018,6037574902,Census Tract 5749.02,Long Beach,Los Angeles County,California,LongBeach,66003.0,9046.0,67943.0,25317.0,51062.0,26451.0,,,,,,,,,109866.0,22957.0,84973.0,29442.0,66166.0,39519.0,$66003,$9046,$67943,$25317,$51062,$26451,,,,,,,,,$109866,$22957,$84973,$29442,$66166,$39519
2018,6037575001,Census Tract 5750.01,Long Beach,Los Angeles County,California,LongBeach,100557.0,14037.0,108598.0,16430.0,112628.0,32301.0,,,86371.0,23508.0,,,92238.0,26585.0,,,129364.0,34347.0,94321.0,3101.0,$100557,$14037,$108598,$16430,$112628,$32301,,,$86371,$23508,,,$92238,$26585,,,$129364,$34347,$94321,$3101
2018,6037575002,Census Tract 5750.02,Long Beach,Los Angeles County,California,LongBeach,89084.0,9704.0,95682.0,6551.0,70354.0,27831.0,,,97808.0,65233.0,,,,,,,95436.0,8464.0,86300.0,12202.0,$89084,$9704,$95682,$6551,$70354,$27831,,,$97808,$65233,,,,,,,$95436,$8464,$86300,$12202
2018,6037575101,Census Tract 5751.01,Long Beach,Los Angeles County,California,LongBeach,50265.0,4866.0,52240.0,7656.0,,,,,47220.0,26862.0,,,56387.0,26190.0,,,53157.0,23609.0,52102.0,7367.0,$50265,$4866,$52240,$7656,,,,,$47220,$26862,,,$56387,$26190,,,$53157,$23609,$52102,$7367
2018,6037575102,Census Tract 5751.02,Long Beach,Los Angeles County,California,LongBeach,40972.0,4077.0,46058.0,8065.0,33218.0,17778.0,,,29290.0,17510.0,,,56544.0,30275.0,,,28664.0,10777.0,50470.0,14915.0,$40972,$4077,$46058,$8065,$33218,$17778,,,$29290,$17510,,,$56544,$30275,,,$28664,$10777,$50470,$14915
2018,6037575103,Census Tract 5751.03,Long Beach,Los Angeles County,California,LongBeach,63553.0,5269.0,67686.0,6338.0,45172.0,20396.0,,,70354.0,38083.0,,,74630.0,27318.0,65417.0,8756.0,68340.0,14367.0,66960.0,7313.0,$63553,$5269,$67686,$6338,$45172,$20396,,,$70354,$38083,,,$74630,$27318,$65417,$8756,$68340,$14367,$66960,$7313
2018,6037575201,Census Tract 5752.01,Long Beach,Los Angeles County,California,LongBeach,49558.0,12604.0,53978.0,9660.0,40656.0,13555.0,,,45502.0,25157.0,,,63398.0,8353.0,,,58977.0,20268.0,53897.0,12024.0,$49558,$12604,$53978,$9660,$40656,$13555,,,$45502,$25157,,,$63398,$8353,,,$58977,$20268,$53897,$12024
2018,6037575202,Census Tract 5752.02,Long Beach,Los Angeles County,California,LongBeach,51315.0,10888.0,50718.0,16233.0,36097.0,31487.0,,,55960.0,29635.0,,,59377.0,17625.0,,,,,54717.0,10201.0,$51315,$10888,$50718,$16233,$36097,$31487,,,$55960,$29635,,,$59377,$17625,,,,,$54717,$10201
2018,6037575300,Census Tract 5753,Long Beach,Los Angeles County,California,LongBeach,42962.0,7660.0,47947.0,13757.0,36249.0,27412.0,,,39855.0,31524.0,,,36305.0,10389.0,,,,,48904.0,13837.0,$42962,$7660,$47947,$13757,$36249,$27412,,,$39855,$31524,,,$36305,$10389,,,,,$48904,$13837
2018,6037575401,Census Tract 5754.01,Long Beach,Los Angeles County,California,LongBeach,39482.0,4785.0,40903.0,3712.0,,,,,,,,,46402.0,45494.0,33519.0,12423.0,26040.0,24456.0,42064.0,4402.0,$39482,$4785,$40903,$3712,,,,,,,,,$46402,$45494,$33519,$12423,$26040,$24456,$42064,$4402
2018,6037575402,Census Tract 5754.02,Long Beach,Los Angeles County,California,LongBeach,58178.0,6171.0,52291.0,12556.0,,,,,45946.0,27830.0,,,69858.0,9821.0,,,,,60006.0,5634.0,$58178,$6171,$52291,$12556,,,,,$45946,$27830,,,$69858,$9821,,,,,$60006,$5634
2018,6037575500,Census Tract 5755,Long Beach,Los Angeles County,California,LongBeach,15206.0,7170.0,14357.0,543.0,,,,,,,,,,,,,,,19398.0,7546.0,$15206,$7170,$14357,$543,,,,,,,,,,,,,,,$19398,$7546
2018,6037575801,Census Tract 5758.01,Long Beach,Los Angeles County,California,LongBeach,43352.0,6012.0,44662.0,5250.0,,,64219.0,59415.0,,,,,48556.0,39679.0,,,46641.0,9152.0,43932.0,12765.0,$43352,$6012,$44662,$5250,,,$64219,$59415,,,,,$48556,$39679,,,$46641,$9152,$43932,$12765
2018,6037575802,Census Tract 5758.02,Long Beach,Los Angeles County,California,LongBeach,39090.0,7667.0,35765.0,5569.0,47929.0,39031.0,,,108076.0,62869.0,,,40144.0,22141.0,,,64414.0,55169.0,36845.0,3871.0,$39090,$7667,$35765,$5569,$47929,$39031,,,$108076,$62869,,,$40144,$22141,,,$64414,$55169,$36845,$3871
2018,6037575803,Census Tract 5758.03,Long Beach,Los Angeles County,California,LongBeach,32766.0,9440.0,37959.0,14205.0,57231.0,31640.0,,,21975.0,8489.0,,,45597.0,24626.0,,,25916.0,13700.0,40158.0,12369.0,$32766,$9440,$37959,$14205,$57231,$31640,,,$21975,$8489,,,$45597,$24626,,,$25916,$13700,$40158,$12369
2018,6037575901,Census Tract 5759.01,Long Beach,Los Angeles County,California,LongBeach,64873.0,5077.0,71659.0,10765.0,65677.0,18228.0,,,120345.0,9352.0,,,49115.0,19451.0,23644.0,22519.0,72443.0,11918.0,52845.0,9498.0,$64873,$5077,$71659,$10765,$65677,$18228,,,$120345,$9352,,,$49115,$19451,$23644,$22519,$72443,$11918,$52845,$9498
2018,6037575902,Census Tract 5759.02,Long Beach,Los Angeles County,California,LongBeach,54907.0,12809.0,56679.0,20455.0,40661.0,25983.0,,,73575.0,37914.0,,,79049.0,33676.0,,,55469.0,21718.0,75281.0,37465.0,$54907,$12809,$56679,$20455,$40661,$25983,,,$73575,$37914,,,$79049,$33676,,,$55469,$21718,$75281,$37465
2018,6037576001,Census Tract 5760.01,Long Beach,Los Angeles County,California,LongBeach,93538.0,22633.0,103241.0,18437.0,64768.0,44323.0,,,87290.0,44036.0,,,,,121546.0,104781.0,104031.0,14698.0,113135.0,62309.0,$93538,$22633,$103241,$18437,$64768,$44323,,,$87290,$44036,,,,,$121546,$104781,$104031,$14698,$113135,$62309
2018,6037576200,Census Tract 5762,Long Beach,Los Angeles County,California,LongBeach,44996.0,14063.0,51254.0,19827.0,,,,,51043.0,36822.0,,,57397.0,52944.0,,,50579.0,24858.0,50645.0,36682.0,$44996,$14063,$51254,$19827,,,,,$51043,$36822,,,$57397,$52944,,,$50579,$24858,$50645,$36682
2018,6037576301,Census Tract 5763.01,Long Beach,Los Angeles County,California,LongBeach,44546.0,10953.0,50044.0,13931.0,26823.0,17585.0,,,,,,,53584.0,33250.0,90929.0,83260.0,86147.0,54594.0,41302.0,9117.0,$44546,$10953,$50044,$13931,$26823,$17585,,,,,,,$53584,$33250,$90929,$83260,$86147,$54594,$41302,$9117
2018,6037576302,Census Tract 5763.02,Long Beach,Los Angeles County,California,LongBeach,44735.0,9910.0,57905.0,12849.0,35434.0,2560.0,,,,,,,44218.0,22826.0,,,64520.0,16999.0,56415.0,15667.0,$44735,$9910,$57905,$12849,$35434,$2560,,,,,,,$44218,$22826,,,$64520,$16999,$56415,$15667
2018,6037576401,Census Tract 5764.01,Long Beach,Los Angeles County,California,LongBeach,51395.0,8359.0,41507.0,17345.0,69457.0,22009.0,,,62652.0,53193.0,,,58797.0,13646.0,40254.0,10985.0,50598.0,27385.0,45483.0,14261.0,$51395,$8359,$41507,$17345,$69457,$22009,,,$62652,$53193,,,$58797,$13646,$40254,$10985,$50598,$27385,$45483,$14261
2018,6037576402,Census Tract 5764.02,Long Beach,Los Angeles County,California,LongBeach,51352.0,11799.0,65073.0,22932.0,30767.0,15874.0,,,40515.0,28626.0,,,44640.0,13919.0,59129.0,50629.0,75723.0,51180.0,57153.0,6971.0,$51352,$11799,$65073,$22932,$30767,$15874,,,$40515,$28626,,,$44640,$13919,$59129,$50629,$75723,$51180,$57153,$6971
2018,6037576403,Census Tract 5764.03,Long Beach,Los Angeles County,California,LongBeach,46661.0,3977.0,47546.0,5589.0,44097.0,11405.0,,,46780.0,24403.0,,,46892.0,10831.0,,,61322.0,52459.0,46519.0,4653.0,$46661,$3977,$47546,$5589,$44097,$11405,,,$46780,$24403,,,$46892,$10831,,,$61322,$52459,$46519,$4653
2018,6037576501,Census Tract 5765.01,Long Beach,Los Angeles County,California,LongBeach,44604.0,8113.0,46869.0,8801.0,21326.0,4787.0,,,85253.0,78210.0,,,,,15468.0,3896.0,45078.0,7169.0,52886.0,16614.0,$44604,$8113,$46869,$8801,$21326,$4787,,,$85253,$78210,,,,,$15468,$3896,$45078,$7169,$52886,$16614
2018,6037576502,Census Tract 5765.02,Long Beach,Los Angeles County,California,LongBeach,58808.0,12364.0,54637.0,15152.0,46060.0,18969.0,22555.0,10260.0,110077.0,41451.0,,,93766.0,16204.0,,,50794.0,12646.0,66890.0,14294.0,$58808,$12364,$54637,$15152,$46060,$18969,$22555,$10260,$110077,$41451,,,$93766,$16204,,,$50794,$12646,$66890,$14294
2018,6037576503,Census Tract 5765.03,Long Beach,Los Angeles County,California,LongBeach,66734.0,9320.0,71649.0,8021.0,55469.0,35027.0,38827.0,1094.0,91565.0,3308.0,,,60645.0,16443.0,56835.0,16008.0,81323.0,11631.0,54821.0,13228.0,$66734,$9320,$71649,$8021,$55469,$35027,$38827,$1094,$91565,$3308,,,$60645,$16443,$56835,$16008,$81323,$11631,$54821,$13228
2018,6037576601,Census Tract 5766.01,Long Beach,Los Angeles County,California,LongBeach,79066.0,21715.0,86032.0,25397.0,,,,,130151.0,69863.0,,,79844.0,34270.0,,,79569.0,40709.0,86078.0,20162.0,$79066,$21715,$86032,$25397,,,,,$130151,$69863,,,$79844,$34270,,,$79569,$40709,$86078,$20162
2018,6037576602,Census Tract 5766.02,Long Beach,Los Angeles County,California,LongBeach,81689.0,17790.0,90859.0,17172.0,,,,,,,,,67221.0,22574.0,,,92033.0,12126.0,72325.0,17861.0,$81689,$17790,$90859,$17172,,,,,,,,,$67221,$22574,,,$92033,$12126,$72325,$17861
2018,6037576700,Census Tract 5767,Long Beach,Los Angeles County,California,LongBeach,80369.0,8858.0,83307.0,15604.0,51809.0,46106.0,,,89019.0,72065.0,,,55145.0,930.0,115907.0,26763.0,83359.0,19530.0,79049.0,27712.0,$80369,$8858,$83307,$15604,$51809,$46106,,,$89019,$72065,,,$55145,$930,$115907,$26763,$83359,$19530,$79049,$27712
2018,6037576801,Census Tract 5768.01,Long Beach,Los Angeles County,California,LongBeach,68403.0,12581.0,62228.0,15986.0,68647.0,36589.0,,,113763.0,53522.0,,,38570.0,25269.0,,,73189.0,15971.0,44444.0,21175.0,$68403,$12581,$62228,$15986,$68647,$36589,,,$113763,$53522,,,$38570,$25269,,,$73189,$15971,$44444,$21175
2018,6037576802,Census Tract 5768.02,Long Beach,Los Angeles County,California,LongBeach,73891.0,6443.0,78651.0,14294.0,73240.0,3843.0,,,85625.0,51641.0,,,61825.0,2920.0,,,79546.0,12183.0,61819.0,8343.0,$73891,$6443,$78651,$14294,$73240,$3843,,,$85625,$51641,,,$61825,$2920,,,$79546,$12183,$61819,$8343
2018,6037576901,Census Tract 5769.01,Long Beach,Los Angeles County,California,LongBeach,38880.0,5798.0,44751.0,15970.0,29294.0,9538.0,,,24793.0,16014.0,,,46103.0,24724.0,51873.0,20778.0,65785.0,50322.0,46240.0,12578.0,$38880,$5798,$44751,$15970,$29294,$9538,,,$24793,$16014,,,$46103,$24724,$51873,$20778,$65785,$50322,$46240,$12578
2018,6037576903,Census Tract 5769.03,Long Beach,Los Angeles County,California,LongBeach,48355.0,10828.0,43062.0,14797.0,,,,,,,,,51884.0,7819.0,113655.0,76772.0,36088.0,18350.0,52807.0,8419.0,$48355,$10828,$43062,$14797,,,,,,,,,$51884,$7819,$113655,$76772,$36088,$18350,$52807,$8419
2018,6037576904,Census Tract 5769.04,Long Beach,Los Angeles County,California,LongBeach,63580.0,5021.0,63797.0,4215.0,51550.0,12928.0,,,113338.0,54682.0,,,73617.0,8531.0,69074.0,57020.0,67779.0,6457.0,61556.0,5956.0,$63580,$5021,$63797,$4215,$51550,$12928,,,$113338,$54682,,,$73617,$8531,$69074,$57020,$67779,$6457,$61556,$5956
2018,6037577000,Census Tract 5770,Long Beach,Los Angeles County,California,LongBeach,77801.0,15260.0,82880.0,17239.0,,,,,74688.0,66983.0,,,73835.0,22398.0,91917.0,22135.0,88172.0,12987.0,64459.0,28065.0,$77801,$15260,$82880,$17239,,,,,$74688,$66983,,,$73835,$22398,$91917,$22135,$88172,$12987,$64459,$28065
2018,6037577100,Census Tract 5771,Long Beach,Los Angeles County,California,LongBeach,88210.0,14181.0,98493.0,21848.0,45423.0,22223.0,,,102887.0,57792.0,,,,,46844.0,22098.0,99353.0,19010.0,80253.0,28843.0,$88210,$14181,$98493,$21848,$45423,$22223,,,$102887,$57792,,,,,$46844,$22098,$99353,$19010,$80253,$28843
2018,6037577200,Census Tract 5772,Long Beach,Los Angeles County,California,LongBeach,107863.0,11561.0,98777.0,16798.0,166812.0,41693.0,,,,,,,138298.0,65541.0,110273.0,95189.0,102776.0,28103.0,98195.0,57929.0,$107863,$11561,$98777,$16798,$166812,$41693,,,,,,,$138298,$65541,$110273,$95189,$102776,$28103,$98195,$57929
2018,6037577300,Census Tract 5773,Long Beach,Los Angeles County,California,LongBeach,95112.0,17837.0,94583.0,16912.0,,,,,137931.0,104959.0,,,,,,,94110.0,15738.0,,,$95112,$17837,$94583,$16912,,,,,$137931,$104959,,,,,,,$94110,$15738,,
2018,6037577400,Census Tract 5774,Long Beach,Los Angeles County,California,LongBeach,116608.0,11757.0,116690.0,11161.0,,,,,198637.0,77725.0,,,,,91003.0,25249.0,118298.0,15699.0,92412.0,47888.0,$116608,$11757,$116690,$11161,,,,,$198637,$77725,,,,,$91003,$25249,$118298,$15699,$92412,$47888
2018,6037577501,Census Tract 5775.01,Long Beach,Los Angeles County,California,LongBeach,142534.0,36317.0,153655.0,39426.0,,,,,,,,,,,,,164173.0,27316.0,68048.0,32978.0,$142534,$36317,$153655,$39426,,,,,,,,,,,,,$164173,$27316,$68048,$32978
2018,6037577504,Census Tract 5775.04,Long Beach,Los Angeles County,California,LongBeach,117901.0,15471.0,126141.0,21154.0,92569.0,87193.0,,,,,,,,,,,122565.0,22496.0,141360.0,52391.0,$117901,$15471,$126141,$21154,$92569,$87193,,,,,,,,,,,$122565,$22496,$141360,$52391
2018,6037577602,Census Tract 5776.02,Long Beach,Los Angeles County,California,LongBeach,111708.0,14687.0,120878.0,23113.0,58278.0,672.0,,,102593.0,47622.0,,,,,112227.0,101594.0,121219.0,26636.0,,,$111708,$14687,$120878,$23113,$58278,$672,,,$102593,$47622,,,,,$112227,$101594,$121219,$26636,,
2018,6037577603,Census Tract 5776.03,Long Beach,Los Angeles County,California,LongBeach,131556.0,18043.0,143745.0,19665.0,,,,,106602.0,36796.0,,,,,,,151149.0,22965.0,80535.0,73265.0,$131556,$18043,$143745,$19665,,,,,$106602,$36796,,,,,,,$151149,$22965,$80535,$73265
2018,6037577604,Census Tract 5776.04,Long Beach,Los Angeles County,California,LongBeach,119642.0,10009.0,120919.0,21217.0,,,,,96068.0,25144.0,,,,,,,118288.0,13782.0,217717.0,113714.0,$119642,$10009,$120919,$21217,,,,,$96068,$25144,,,,,,,$118288,$13782,$217717,$113714
2018,6037980006,Census Tract 9800.06,Long Beach,Los Angeles County,California,LongBeach,,,,,,,,,,,,,,,,,,,,,,,,,,,,,,,,,,,,,,,,
2018,6037980007,Census Tract 9800.07,Long Beach,Los Angeles County,California,LongBeach,,,,,,,,,,,,,,,,,,,,,,,,,,,,,,,,,,,,,,,,
2018,6037980018,Census Tract 9800.18,Long Beach,Los Angeles County,California,LongBeach,,,,,,,,,,,,,,,,,,,,,,,,,,,,,,,,,,,,,,,,
2018,6037980033,Census Tract 9800.33,Long Beach,Los Angeles County,California,LongBeach,,,,,,,,,,,,,,,,,,,,,,,,,,,,,,,,,,,,,,,,
2018,6037990300,Census Tract 9903,Long Beach,Los Angeles County,California,LongBeach,,,,,,,,,,,,,,,,,,,,,,,,,,,,,,,,,,,,,,,,
2019,6037542402,Census Tract 5424.02,Long Beach,Los Angeles County,California,LongBeach,83938.0,10452.0,80612.0,24743.0,83147.0,35101.0,,,,,,,86386.0,20646.0,,,,,84919.0,12157.0,$83938,$10452,$80612,$24743,$83147,$35101,,,,,,,$86386,$20646,,,,,$84919,$12157
2019,6037543305,Census Tract 5433.05,Long Beach,Los Angeles County,California,LongBeach,88303.0,11220.0,104996.0,29291.0,76048.0,18569.0,,,92611.0,45711.0,,,90765.0,19909.0,,,107110.0,26263.0,79557.0,19421.0,$88303,$11220,$104996,$29291,$76048,$18569,,,$92611,$45711,,,$90765,$19909,,,$107110,$26263,$79557,$19421
2019,6037544001,Census Tract 5440.01,Long Beach,Los Angeles County,California,LongBeach,96747.0,22239.0,96178.0,30223.0,50705.0,4138.0,,,109995.0,28781.0,,,110892.0,109143.0,,,76278.0,25975.0,114081.0,29281.0,$96747,$22239,$96178,$30223,$50705,$4138,,,$109995,$28781,,,$110892,$109143,,,$76278,$25975,$114081,$29281
2019,6037544002,Census Tract 5440.02,Long Beach,Los Angeles County,California,LongBeach,99226.0,10769.0,93293.0,11308.0,112755.0,25339.0,,,158839.0,74132.0,,,87326.0,36115.0,167377.0,99212.0,95050.0,30315.0,88970.0,13254.0,$99226,$10769,$93293,$11308,$112755,$25339,,,$158839,$74132,,,$87326,$36115,$167377,$99212,$95050,$30315,$88970,$13254
2019,6037555202,Census Tract 5552.02,Long Beach,Los Angeles County,California,LongBeach,152371.0,43449.0,141196.0,45093.0,,,,,151236.0,45101.0,,,,,,,141196.0,50702.0,133840.0,97453.0,$152371,$43449,$141196,$45093,,,,,$151236,$45101,,,,,,,$141196,$50702,$133840,$97453
2019,6037555211,Census Tract 5552.11,Long Beach,Los Angeles County,California,LongBeach,58305.0,16328.0,63390.0,18614.0,,,,,27271.0,13427.0,,,67016.0,16948.0,,,62802.0,22513.0,67449.0,18357.0,$58305,$16328,$63390,$18614,,,,,$27271,$13427,,,$67016,$16948,,,$62802,$22513,$67449,$18357
2019,6037570100,Census Tract 5701,Long Beach,Los Angeles County,California,LongBeach,98149.0,15693.0,93328.0,17337.0,167025.0,135485.0,,,,,,,107516.0,67726.0,93842.0,85469.0,101919.0,32566.0,95995.0,14759.0,$98149,$15693,$93328,$17337,$167025,$135485,,,,,,,$107516,$67726,$93842,$85469,$101919,$32566,$95995,$14759
2019,6037570202,Census Tract 5702.02,Long Beach,Los Angeles County,California,LongBeach,72219.0,13453.0,86519.0,41925.0,,,,,70436.0,24028.0,,,65452.0,16197.0,235094.0,191802.0,,,75200.0,17044.0,$72219,$13453,$86519,$41925,,,,,$70436,$24028,,,$65452,$16197,$235094,$191802,,,$75200,$17044
2019,6037570203,Census Tract 5702.03,Long Beach,Los Angeles County,California,LongBeach,54074.0,8017.0,70494.0,26657.0,53409.0,14418.0,,,,,,,46557.0,13101.0,53295.0,9703.0,,,56011.0,22651.0,$54074,$8017,$70494,$26657,$53409,$14418,,,,,,,$46557,$13101,$53295,$9703,,,$56011,$22651
2019,6037570204,Census Tract 5702.04,Long Beach,Los Angeles County,California,LongBeach,60240.0,25051.0,61536.0,49047.0,26373.0,16160.0,,,,,,,81877.0,36551.0,,,63459.0,41456.0,80167.0,31319.0,$60240,$25051,$61536,$49047,$26373,$16160,,,,,,,$81877,$36551,,,$63459,$41456,$80167,$31319
2019,6037570301,Census Tract 5703.01,Long Beach,Los Angeles County,California,LongBeach,48442.0,6504.0,46976.0,27947.0,45880.0,18398.0,,,33052.0,26748.0,,,51308.0,8238.0,124737.0,58709.0,56407.0,29980.0,49431.0,9147.0,$48442,$6504,$46976,$27947,$45880,$18398,,,$33052,$26748,,,$51308,$8238,$124737,$58709,$56407,$29980,$49431,$9147
2019,6037570303,Census Tract 5703.03,Long Beach,Los Angeles County,California,LongBeach,76919.0,29695.0,106508.0,39710.0,,,,,,,,,93437.0,50325.0,,,108126.0,106043.0,94626.0,10313.0,$76919,$29695,$106508,$39710,,,,,,,,,$93437,$50325,,,$108126,$106043,$94626,$10313
2019,6037570304,Census Tract 5703.04,Long Beach,Los Angeles County,California,LongBeach,63263.0,7184.0,71465.0,15588.0,78038.0,54470.0,,,64954.0,41234.0,,,52026.0,15954.0,,,53184.0,30847.0,62491.0,13225.0,$63263,$7184,$71465,$15588,$78038,$54470,,,$64954,$41234,,,$52026,$15954,,,$53184,$30847,$62491,$13225
2019,6037570402,Census Tract 5704.02,Long Beach,Los Angeles County,California,LongBeach,86663.0,15640.0,82560.0,66105.0,70557.0,33522.0,,,99226.0,9484.0,,,90227.0,22805.0,,,,,92633.0,20838.0,$86663,$15640,$82560,$66105,$70557,$33522,,,$99226,$9484,,,$90227,$22805,,,,,$92633,$20838
2019,6037570403,Census Tract 5704.03,Long Beach,Los Angeles County,California,LongBeach,59906.0,11473.0,,,,,,,111106.0,91740.0,,,56920.0,18680.0,,,,,56431.0,15188.0,$59906,$11473,,,,,,,$111106,$91740,,,$56920,$18680,,,,,$56431,$15188
2019,6037570404,Census Tract 5704.04,Long Beach,Los Angeles County,California,LongBeach,67415.0,13836.0,82738.0,8717.0,63928.0,21600.0,,,,,,,55152.0,6307.0,,,84483.0,13295.0,63214.0,11953.0,$67415,$13836,$82738,$8717,$63928,$21600,,,,,,,$55152,$6307,,,$84483,$13295,$63214,$11953
2019,6037570501,Census Tract 5705.01,Long Beach,Los Angeles County,California,LongBeach,75349.0,12282.0,106802.0,29752.0,,,,,78018.0,24492.0,75121.0,10289.0,56207.0,23205.0,160248.0,138770.0,106303.0,38892.0,71898.0,39773.0,$75349,$12282,$106802,$29752,,,,,$78018,$24492,$75121,$10289,$56207,$23205,$160248,$138770,$106303,$38892,$71898,$39773
2019,6037570502,Census Tract 5705.02,Long Beach,Los Angeles County,California,LongBeach,81675.0,18747.0,66269.0,54081.0,139416.0,35782.0,,,83733.0,74668.0,,,81954.0,17459.0,64250.0,40341.0,65736.0,43307.0,79905.0,18088.0,$81675,$18747,$66269,$54081,$139416,$35782,,,$83733,$74668,,,$81954,$17459,$64250,$40341,$65736,$43307,$79905,$18088
2019,6037570601,Census Tract 5706.01,Long Beach,Los Angeles County,California,LongBeach,60928.0,12115.0,76260.0,38470.0,45067.0,13459.0,,,70093.0,32002.0,,,65746.0,14995.0,,,114148.0,47743.0,61464.0,15048.0,$60928,$12115,$76260,$38470,$45067,$13459,,,$70093,$32002,,,$65746,$14995,,,$114148,$47743,$61464,$15048
2019,6037570602,Census Tract 5706.02,Long Beach,Los Angeles County,California,LongBeach,76277.0,9490.0,94611.0,36872.0,79227.0,27716.0,,,64147.0,15984.0,,,74663.0,26619.0,79688.0,55645.0,102233.0,72198.0,79344.0,23968.0,$76277,$9490,$94611,$36872,$79227,$27716,,,$64147,$15984,,,$74663,$26619,$79688,$55645,$102233,$72198,$79344,$23968
2019,6037570603,Census Tract 5706.03,Long Beach,Los Angeles County,California,LongBeach,61072.0,8978.0,64708.0,15880.0,58720.0,26324.0,,,65305.0,32522.0,,,70685.0,14805.0,,,56319.0,16414.0,69997.0,13951.0,$61072,$8978,$64708,$15880,$58720,$26324,,,$65305,$32522,,,$70685,$14805,,,$56319,$16414,$69997,$13951
2019,6037571000,Census Tract 5710,Long Beach,Los Angeles County,California,LongBeach,130157.0,9224.0,127324.0,11687.0,,,,,179222.0,81699.0,,,94062.0,32914.0,173325.0,57762.0,126555.0,14815.0,127686.0,34077.0,$130157,$9224,$127324,$11687,,,,,$179222,$81699,,,$94062,$32914,$173325,$57762,$126555,$14815,$127686,$34077
2019,6037571200,Census Tract 5712,Long Beach,Los Angeles County,California,LongBeach,115417.0,9172.0,123569.0,23056.0,115172.0,6151.0,,,126357.0,64721.0,,,76818.0,7831.0,114243.0,51327.0,123716.0,16336.0,82048.0,28011.0,$115417,$9172,$123569,$23056,$115172,$6151,,,$126357,$64721,,,$76818,$7831,$114243,$51327,$123716,$16336,$82048,$28011
2019,6037571400,Census Tract 5714,Long Beach,Los Angeles County,California,LongBeach,108627.0,16923.0,128556.0,20378.0,66990.0,27116.0,,,98115.0,60624.0,,,123225.0,42601.0,215203.0,93356.0,119527.0,26288.0,129830.0,28992.0,$108627,$16923,$128556,$20378,$66990,$27116,,,$98115,$60624,,,$123225,$42601,$215203,$93356,$119527,$26288,$129830,$28992
2019,6037571502,Census Tract 5715.02,Long Beach,Los Angeles County,California,LongBeach,70313.0,11654.0,83213.0,42793.0,57106.0,12940.0,,,76705.0,5200.0,,,54586.0,32232.0,,,109054.0,53529.0,52941.0,15698.0,$70313,$11654,$83213,$42793,$57106,$12940,,,$76705,$5200,,,$54586,$32232,,,$109054,$53529,$52941,$15698
2019,6037571503,Census Tract 5715.03,Long Beach,Los Angeles County,California,LongBeach,110096.0,38142.0,137763.0,15140.0,72955.0,51988.0,,,175947.0,26577.0,,,86406.0,62859.0,65107.0,32839.0,139364.0,26284.0,99795.0,52854.0,$110096,$38142,$137763,$15140,$72955,$51988,,,$175947,$26577,,,$86406,$62859,$65107,$32839,$139364,$26284,$99795,$52854
2019,6037571504,Census Tract 5715.04,Long Beach,Los Angeles County,California,LongBeach,83858.0,13599.0,91204.0,30875.0,82731.0,30849.0,,,132464.0,109605.0,,,64228.0,35648.0,53844.0,47468.0,81279.0,26858.0,73144.0,27543.0,$83858,$13599,$91204,$30875,$82731,$30849,,,$132464,$109605,,,$64228,$35648,$53844,$47468,$81279,$26858,$73144,$27543
2019,6037571600,Census Tract 5716,Long Beach,Los Angeles County,California,LongBeach,23907.0,4636.0,25666.0,6407.0,18461.0,9844.0,,,,,,,29229.0,11775.0,,,24857.0,11026.0,30819.0,12157.0,$23907,$4636,$25666,$6407,$18461,$9844,,,,,,,$29229,$11775,,,$24857,$11026,$30819,$12157
2019,6037571701,Census Tract 5717.01,Long Beach,Los Angeles County,California,LongBeach,63784.0,11154.0,52139.0,8305.0,61935.0,7453.0,,,113784.0,58908.0,,,68868.0,26511.0,89226.0,69651.0,57267.0,30140.0,62561.0,13998.0,$63784,$11154,$52139,$8305,$61935,$7453,,,$113784,$58908,,,$68868,$26511,$89226,$69651,$57267,$30140,$62561,$13998
2019,6037571703,Census Tract 5717.03,Long Beach,Los Angeles County,California,LongBeach,55463.0,19337.0,103841.0,15098.0,27200.0,14055.0,,,,,,,,,,,140301.0,80159.0,66425.0,40025.0,$55463,$19337,$103841,$15098,$27200,$14055,,,,,,,,,,,$140301,$80159,$66425,$40025
2019,6037571704,Census Tract 5717.04,Long Beach,Los Angeles County,California,LongBeach,62075.0,10969.0,88919.0,17315.0,41757.0,26100.0,,,91534.0,26621.0,,,62748.0,21273.0,,,92474.0,23409.0,62235.0,19730.0,$62075,$10969,$88919,$17315,$41757,$26100,,,$91534,$26621,,,$62748,$21273,,,$92474,$23409,$62235,$19730
2019,6037571800,Census Tract 5718,Long Beach,Los Angeles County,California,LongBeach,131117.0,20745.0,170468.0,81427.0,,,,,138199.0,24527.0,,,116478.0,61273.0,,,190321.0,92370.0,117687.0,27060.0,$131117,$20745,$170468,$81427,,,,,$138199,$24527,,,$116478,$61273,,,$190321,$92370,$117687,$27060
2019,6037571900,Census Tract 5719,Long Beach,Los Angeles County,California,LongBeach,82449.0,29962.0,86304.0,35069.0,76041.0,48549.0,,,192764.0,61275.0,,,74074.0,36734.0,133765.0,27805.0,105208.0,42927.0,70516.0,10064.0,$82449,$29962,$86304,$35069,$76041,$48549,,,$192764,$61275,,,$74074,$36734,$133765,$27805,$105208,$42927,$70516,$10064
2019,6037572001,Census Tract 5720.01,Long Beach,Los Angeles County,California,LongBeach,123840.0,20361.0,127156.0,20542.0,,,,,154512.0,86859.0,,,,,197085.0,130105.0,131253.0,34569.0,80612.0,50495.0,$123840,$20361,$127156,$20542,,,,,$154512,$86859,,,,,$197085,$130105,$131253,$34569,$80612,$50495
2019,6037572002,Census Tract 5720.02,Long Beach,Los Angeles County,California,LongBeach,90234.0,5669.0,55216.0,23606.0,93650.0,21257.0,,,102591.0,9521.0,,,,,157770.0,77906.0,53887.0,18197.0,86457.0,32802.0,$90234,$5669,$55216,$23606,$93650,$21257,,,$102591,$9521,,,,,$157770,$77906,$53887,$18197,$86457,$32802
2019,6037572100,Census Tract 5721,Long Beach,Los Angeles County,California,LongBeach,127505.0,20320.0,125123.0,27770.0,149685.0,37352.0,,,142557.0,30392.0,,,93157.0,59891.0,,,,,116148.0,69339.0,$127505,$20320,$125123,$27770,$149685,$37352,,,$142557,$30392,,,$93157,$59891,,,,,$116148,$69339
2019,6037572201,Census Tract 5722.01,Long Beach,Los Angeles County,California,LongBeach,72724.0,21604.0,72600.0,42597.0,37690.0,30935.0,,,120763.0,27201.0,,,65477.0,7925.0,78788.0,65561.0,83493.0,56754.0,65454.0,11772.0,$72724,$21604,$72600,$42597,$37690,$30935,,,$120763,$27201,,,$65477,$7925,$78788,$65561,$83493,$56754,$65454,$11772
2019,6037572202,Census Tract 5722.02,Long Beach,Los Angeles County,California,LongBeach,115170.0,6885.0,120883.0,31441.0,114120.0,2656.0,,,103457.0,21398.0,,,132429.0,31470.0,,,101136.0,58076.0,121957.0,10760.0,$115170,$6885,$120883,$31441,$114120,$2656,,,$103457,$21398,,,$132429,$31470,,,$101136,$58076,$121957,$10760
2019,6037572301,Census Tract 5723.01,Long Beach,Los Angeles County,California,LongBeach,68580.0,12921.0,93264.0,33975.0,101760.0,68472.0,,,51177.0,19269.0,,,57360.0,20410.0,,,,,77207.0,22091.0,$68580,$12921,$93264,$33975,$101760,$68472,,,$51177,$19269,,,$57360,$20410,,,,,$77207,$22091
2019,6037572302,Census Tract 5723.02,Long Beach,Los Angeles County,California,LongBeach,93226.0,14556.0,94751.0,31786.0,,,,,80509.0,28783.0,,,101262.0,32131.0,,,95072.0,57694.0,99000.0,17367.0,$93226,$14556,$94751,$31786,,,,,$80509,$28783,,,$101262,$32131,,,$95072,$57694,$99000,$17367
2019,6037572400,Census Tract 5724,Long Beach,Los Angeles County,California,LongBeach,117105.0,41784.0,129532.0,9479.0,67997.0,65692.0,,,133532.0,56224.0,,,121533.0,81901.0,,,129738.0,58230.0,129033.0,19179.0,$117105,$41784,$129532,$9479,$67997,$65692,,,$133532,$56224,,,$121533,$81901,,,$129738,$58230,$129033,$19179
2019,6037572500,Census Tract 5725,Long Beach,Los Angeles County,California,LongBeach,36401.0,14772.0,44437.0,17449.0,20048.0,9326.0,,,49347.0,43965.0,,,65565.0,59719.0,,,34187.0,23889.0,60168.0,30492.0,$36401,$14772,$44437,$17449,$20048,$9326,,,$49347,$43965,,,$65565,$59719,,,$34187,$23889,$60168,$30492
2019,6037572600,Census Tract 5726,Long Beach,Los Angeles County,California,LongBeach,80765.0,18831.0,61993.0,4582.0,66343.0,34526.0,,,169565.0,81158.0,,,80573.0,70421.0,106008.0,36975.0,145378.0,109854.0,63236.0,5530.0,$80765,$18831,$61993,$4582,$66343,$34526,,,$169565,$81158,,,$80573,$70421,$106008,$36975,$145378,$109854,$63236,$5530
2019,6037572700,Census Tract 5727,Long Beach,Los Angeles County,California,LongBeach,84304.0,13244.0,69419.0,20792.0,72956.0,20587.0,,,88108.0,40960.0,,,79842.0,12605.0,,,,,73961.0,17919.0,$84304,$13244,$69419,$20792,$72956,$20587,,,$88108,$40960,,,$79842,$12605,,,,,$73961,$17919
2019,6037572800,Census Tract 5728,Long Beach,Los Angeles County,California,LongBeach,16615.0,8016.0,19315.0,3707.0,7239.0,3965.0,,,,,,,,,,,16922.0,4946.0,,,$16615,$8016,$19315,$3707,$7239,$3965,,,,,,,,,,,$16922,$4946,,
2019,6037572900,Census Tract 5729,Long Beach,Los Angeles County,California,LongBeach,58166.0,9496.0,61536.0,12803.0,,,,,89786.0,58392.0,,,51029.0,15802.0,63294.0,13089.0,128841.0,124548.0,56802.0,8774.0,$58166,$9496,$61536,$12803,,,,,$89786,$58392,,,$51029,$15802,$63294,$13089,$128841,$124548,$56802,$8774
2019,6037573002,Census Tract 5730.02,Long Beach,Los Angeles County,California,LongBeach,53936.0,12814.0,48602.0,31596.0,55199.0,20745.0,,,,,,,,,,,,,46778.0,23193.0,$53936,$12814,$48602,$31596,$55199,$20745,,,,,,,,,,,,,$46778,$23193
2019,6037573003,Census Tract 5730.03,Long Beach,Los Angeles County,California,LongBeach,84966.0,11771.0,94266.0,7014.0,,,,,66260.0,11708.0,,,85296.0,75054.0,156916.0,85270.0,102671.0,13668.0,84953.0,20120.0,$84966,$11771,$94266,$7014,,,,,$66260,$11708,,,$85296,$75054,$156916,$85270,$102671,$13668,$84953,$20120
2019,6037573004,Census Tract 5730.04,Long Beach,Los Angeles County,California,LongBeach,51580.0,7109.0,62510.0,15522.0,35545.0,11846.0,,,,,59329.0,40485.0,33005.0,29053.0,60305.0,45227.0,124289.0,19573.0,60404.0,10091.0,$51580,$7109,$62510,$15522,$35545,$11846,,,,,$59329,$40485,$33005,$29053,$60305,$45227,$124289,$19573,$60404,$10091
2019,6037573100,Census Tract 5731,Long Beach,Los Angeles County,California,LongBeach,74601.0,13134.0,66117.0,16156.0,86685.0,15123.0,,,74997.0,31579.0,,,72751.0,34903.0,,,110956.0,82095.0,68576.0,9160.0,$74601,$13134,$66117,$16156,$86685,$15123,,,$74997,$31579,,,$72751,$34903,,,$110956,$82095,$68576,$9160
2019,6037573201,Census Tract 5732.01,Long Beach,Los Angeles County,California,LongBeach,46426.0,5852.0,44949.0,10767.0,46635.0,15733.0,,,92149.0,18330.0,,,29970.0,17707.0,,,34806.0,27738.0,44357.0,9334.0,$46426,$5852,$44949,$10767,$46635,$15733,,,$92149,$18330,,,$29970,$17707,,,$34806,$27738,$44357,$9334
2019,6037573202,Census Tract 5732.02,Long Beach,Los Angeles County,California,LongBeach,67218.0,6707.0,57741.0,20554.0,62497.0,20554.0,,,74099.0,10070.0,,,82210.0,9118.0,,,,,66327.0,12020.0,$67218,$6707,$57741,$20554,$62497,$20554,,,$74099,$10070,,,$82210,$9118,,,,,$66327,$12020
2019,6037573300,Census Tract 5733,Long Beach,Los Angeles County,California,LongBeach,50062.0,15169.0,39895.0,36764.0,44306.0,44246.0,,,50873.0,20469.0,,,51172.0,16655.0,,,38118.0,5600.0,55670.0,24715.0,$50062,$15169,$39895,$36764,$44306,$44246,,,$50873,$20469,,,$51172,$16655,,,$38118,$5600,$55670,$24715
2019,6037573401,Census Tract 5734.01,Long Beach,Los Angeles County,California,LongBeach,92352.0,26813.0,82227.0,47466.0,65410.0,49035.0,,,126148.0,43575.0,,,93380.0,22817.0,103585.0,90599.0,102816.0,35467.0,92381.0,40290.0,$92352,$26813,$82227,$47466,$65410,$49035,,,$126148,$43575,,,$93380,$22817,$103585,$90599,$102816,$35467,$92381,$40290
2019,6037573402,Census Tract 5734.02,Long Beach,Los Angeles County,California,LongBeach,81852.0,19051.0,79996.0,31856.0,59805.0,54269.0,,,95380.0,48128.0,,,93447.0,15666.0,21265.0,2762.0,100970.0,53761.0,59826.0,42426.0,$81852,$19051,$79996,$31856,$59805,$54269,,,$95380,$48128,,,$93447,$15666,$21265,$2762,$100970,$53761,$59826,$42426
2019,6037573403,Census Tract 5734.03,Long Beach,Los Angeles County,California,LongBeach,124734.0,23415.0,116697.0,29186.0,71243.0,48523.0,,,159432.0,53978.0,,,107058.0,90718.0,,,114183.0,35252.0,129994.0,103028.0,$124734,$23415,$116697,$29186,$71243,$48523,,,$159432,$53978,,,$107058,$90718,,,$114183,$35252,$129994,$103028
2019,6037573601,Census Tract 5736.01,Long Beach,Los Angeles County,California,LongBeach,146479.0,23462.0,147145.0,21326.0,,,,,,,,,,,,,138743.0,27615.0,212737.0,108375.0,$146479,$23462,$147145,$21326,,,,,,,,,,,,,$138743,$27615,$212737,$108375
2019,6037573700,Census Tract 5737,Long Beach,Los Angeles County,California,LongBeach,132216.0,23863.0,130379.0,19752.0,,,,,228366.0,198264.0,,,,,273064.0,74060.0,115967.0,16804.0,161317.0,25604.0,$132216,$23863,$130379,$19752,,,,,$228366,$198264,,,,,$273064,$74060,$115967,$16804,$161317,$25604
2019,6037573800,Census Tract 5738,Long Beach,Los Angeles County,California,LongBeach,142942.0,25977.0,121533.0,17639.0,,,128711.0,118178.0,208102.0,33687.0,,,216849.0,39913.0,158262.0,39490.0,116775.0,9081.0,191683.0,44018.0,$142942,$25977,$121533,$17639,,,$128711,$118178,$208102,$33687,,,$216849,$39913,$158262,$39490,$116775,$9081,$191683,$44018
2019,6037573902,Census Tract 5739.02,Long Beach,Los Angeles County,California,LongBeach,153839.0,37945.0,146762.0,40252.0,135378.0,82242.0,,,286909.0,136093.0,,,,,,,139993.0,39455.0,185810.0,80535.0,$153839,$37945,$146762,$40252,$135378,$82242,,,$286909,$136093,,,,,,,$139993,$39455,$185810,$80535
2019,6037574000,Census Tract 5740,Long Beach,Los Angeles County,California,LongBeach,169726.0,16709.0,169282.0,29371.0,,,,,209944.0,18263.0,,,207990.0,156762.0,133840.0,58173.0,161531.0,27408.0,171860.0,75193.0,$169726,$16709,$169282,$29371,,,,,$209944,$18263,,,$207990,$156762,$133840,$58173,$161531,$27408,$171860,$75193
2019,6037574100,Census Tract 5741,Long Beach,Los Angeles County,California,LongBeach,132815.0,11783.0,133122.0,13277.0,158915.0,53085.0,145927.0,10998.0,107149.0,28997.0,,,111020.0,46433.0,213259.0,154793.0,130928.0,8844.0,161723.0,55277.0,$132815,$11783,$133122,$13277,$158915,$53085,$145927,$10998,$107149,$28997,,,$111020,$46433,$213259,$154793,$130928,$8844,$161723,$55277
2019,6037574201,Census Tract 5742.01,Long Beach,Los Angeles County,California,LongBeach,133101.0,8894.0,133327.0,12253.0,,,,,135598.0,17191.0,,,93534.0,75377.0,,,126148.0,28672.0,145122.0,15669.0,$133101,$8894,$133327,$12253,,,,,$135598,$17191,,,$93534,$75377,,,$126148,$28672,$145122,$15669
2019,6037574202,Census Tract 5742.02,Long Beach,Los Angeles County,California,LongBeach,95240.0,15695.0,97059.0,17875.0,3076.0,,,,,,,,,,90957.0,35095.0,93842.0,20857.0,100215.0,48495.0,$95240,$15695,$97059,$17875,$3076,,,,,,,,,,$90957,$35095,$93842,$20857,$100215,$48495
2019,6037574300,Census Tract 5743,Long Beach,Los Angeles County,California,LongBeach,128535.0,10033.0,131344.0,12409.0,,,,,122166.0,28087.0,,,,,,,131077.0,10041.0,125738.0,122587.0,$128535,$10033,$131344,$12409,,,,,$122166,$28087,,,,,,,$131077,$10041,$125738,$122587
2019,6037574400,Census Tract 5744,Long Beach,Los Angeles County,California,LongBeach,150469.0,20942.0,154864.0,20687.0,,,,,106534.0,22206.0,,,,,180953.0,106384.0,141378.0,22764.0,194760.0,19022.0,$150469,$20942,$154864,$20687,,,,,$106534,$22206,,,,,$180953,$106384,$141378,$22764,$194760,$19022
2019,6037574500,Census Tract 5745,Long Beach,Los Angeles County,California,LongBeach,123189.0,22485.0,120324.0,20401.0,191145.0,84112.0,,,102944.0,74471.0,,,88011.0,75697.0,221015.0,104221.0,118328.0,17157.0,123899.0,84531.0,$123189,$22485,$120324,$20401,$191145,$84112,,,$102944,$74471,,,$88011,$75697,$221015,$104221,$118328,$17157,$123899,$84531
2019,6037574601,Census Tract 5746.01,Long Beach,Los Angeles County,California,LongBeach,,,,,,,,,,,,,,,,,,,,,,,,,,,,,,,,,,,,,,,,
2019,6037574602,Census Tract 5746.02,Long Beach,Los Angeles County,California,LongBeach,116533.0,17687.0,117738.0,14584.0,,,,,,,,,,,,,117584.0,21754.0,137336.0,136123.0,$116533,$17687,$117738,$14584,,,,,,,,,,,,,$117584,$21754,$137336,$136123
2019,6037574700,Census Tract 5747,Long Beach,Los Angeles County,California,LongBeach,,,,,,,,,,,,,,,,,,,,,,,,,,,,,,,,,,,,,,,,
2019,6037574800,Census Tract 5748,Long Beach,Los Angeles County,California,LongBeach,86919.0,15455.0,105946.0,21103.0,56888.0,7144.0,,,82194.0,69545.0,,,,,,,127532.0,28529.0,,,$86919,$15455,$105946,$21103,$56888,$7144,,,$82194,$69545,,,,,,,$127532,$28529,,
2019,6037574901,Census Tract 5749.01,Long Beach,Los Angeles County,California,LongBeach,149444.0,36913.0,159562.0,32995.0,,,,,179082.0,55981.0,,,,,106267.0,32841.0,163884.0,36870.0,136257.0,105804.0,$149444,$36913,$159562,$32995,,,,,$179082,$55981,,,,,$106267,$32841,$163884,$36870,$136257,$105804
2019,6037574902,Census Tract 5749.02,Long Beach,Los Angeles County,California,LongBeach,62899.0,16431.0,63121.0,30347.0,57360.0,24266.0,,,,,,,,,113181.0,60764.0,79151.0,36659.0,43495.0,34216.0,$62899,$16431,$63121,$30347,$57360,$24266,,,,,,,,,$113181,$60764,$79151,$36659,$43495,$34216
2019,6037575001,Census Tract 5750.01,Long Beach,Los Angeles County,California,LongBeach,102742.0,13667.0,115054.0,20334.0,96765.0,34081.0,,,88491.0,34365.0,,,93543.0,21406.0,,,144640.0,24411.0,93863.0,5491.0,$102742,$13667,$115054,$20334,$96765,$34081,,,$88491,$34365,,,$93543,$21406,,,$144640,$24411,$93863,$5491
2019,6037575002,Census Tract 5750.02,Long Beach,Los Angeles County,California,LongBeach,93101.0,11977.0,95819.0,10639.0,71461.0,37460.0,,,124995.0,77226.0,,,64727.0,27094.0,16238.0,2652.0,93586.0,9810.0,93671.0,30143.0,$93101,$11977,$95819,$10639,$71461,$37460,,,$124995,$77226,,,$64727,$27094,$16238,$2652,$93586,$9810,$93671,$30143
2019,6037575101,Census Tract 5751.01,Long Beach,Los Angeles County,California,LongBeach,56920.0,11055.0,57262.0,14721.0,,,,,59019.0,33701.0,,,63523.0,9768.0,,,54330.0,30083.0,59298.0,11782.0,$56920,$11055,$57262,$14721,,,,,$59019,$33701,,,$63523,$9768,,,$54330,$30083,$59298,$11782
2019,6037575102,Census Tract 5751.02,Long Beach,Los Angeles County,California,LongBeach,44984.0,4447.0,50575.0,15651.0,37049.0,34048.0,,,31489.0,19544.0,,,48408.0,15897.0,,,32039.0,23715.0,53935.0,14456.0,$44984,$4447,$50575,$15651,$37049,$34048,,,$31489,$19544,,,$48408,$15897,,,$32039,$23715,$53935,$14456
2019,6037575103,Census Tract 5751.03,Long Beach,Los Angeles County,California,LongBeach,66376.0,3872.0,70040.0,10703.0,35790.0,17465.0,,,64035.0,8235.0,,,74612.0,26081.0,66387.0,57117.0,74868.0,21178.0,69450.0,7580.0,$66376,$3872,$70040,$10703,$35790,$17465,,,$64035,$8235,,,$74612,$26081,$66387,$57117,$74868,$21178,$69450,$7580
2019,6037575201,Census Tract 5752.01,Long Beach,Los Angeles County,California,LongBeach,56674.0,12738.0,67856.0,19042.0,38698.0,7248.0,,,58203.0,36958.0,,,62220.0,9463.0,,,59777.0,13002.0,63843.0,14546.0,$56674,$12738,$67856,$19042,$38698,$7248,,,$58203,$36958,,,$62220,$9463,,,$59777,$13002,$63843,$14546
2019,6037575202,Census Tract 5752.02,Long Beach,Los Angeles County,California,LongBeach,46459.0,5829.0,47998.0,7307.0,,,,,39922.0,32849.0,,,55382.0,18484.0,,,,,50254.0,9571.0,$46459,$5829,$47998,$7307,,,,,$39922,$32849,,,$55382,$18484,,,,,$50254,$9571
2019,6037575300,Census Tract 5753,Long Beach,Los Angeles County,California,LongBeach,46729.0,11170.0,55856.0,12606.0,34973.0,28964.0,,,41976.0,28561.0,,,53074.0,32774.0,,,,,57591.0,7790.0,$46729,$11170,$55856,$12606,$34973,$28964,,,$41976,$28561,,,$53074,$32774,,,,,$57591,$7790
2019,6037575401,Census Tract 5754.01,Long Beach,Los Angeles County,California,LongBeach,39939.0,4342.0,41832.0,3132.0,12499.0,10103.0,,,,,,,47484.0,14852.0,,,25493.0,8789.0,43536.0,6838.0,$39939,$4342,$41832,$3132,$12499,$10103,,,,,,,$47484,$14852,,,$25493,$8789,$43536,$6838
2019,6037575402,Census Tract 5754.02,Long Beach,Los Angeles County,California,LongBeach,56858.0,5299.0,52026.0,14268.0,63074.0,44002.0,,,57760.0,43443.0,,,66343.0,12945.0,35383.0,29320.0,61865.0,37421.0,56556.0,5960.0,$56858,$5299,$52026,$14268,$63074,$44002,,,$57760,$43443,,,$66343,$12945,$35383,$29320,$61865,$37421,$56556,$5960
2019,6037575500,Census Tract 5755,Long Beach,Los Angeles County,California,LongBeach,17563.0,8741.0,15897.0,2749.0,,,,,,,,,,,,,,,22129.0,8091.0,$17563,$8741,$15897,$2749,,,,,,,,,,,,,,,$22129,$8091
2019,6037575801,Census Tract 5758.01,Long Beach,Los Angeles County,California,LongBeach,45011.0,4945.0,44856.0,2756.0,26514.0,17563.0,,,,,,,61096.0,22256.0,,,45229.0,9235.0,50767.0,16888.0,$45011,$4945,$44856,$2756,$26514,$17563,,,,,,,$61096,$22256,,,$45229,$9235,$50767,$16888
2019,6037575802,Census Tract 5758.02,Long Beach,Los Angeles County,California,LongBeach,48529.0,16271.0,39811.0,21652.0,,,,,127205.0,62636.0,,,56920.0,38413.0,24742.0,24406.0,70574.0,46954.0,44805.0,16914.0,$48529,$16271,$39811,$21652,,,,,$127205,$62636,,,$56920,$38413,$24742,$24406,$70574,$46954,$44805,$16914
2019,6037575803,Census Tract 5758.03,Long Beach,Los Angeles County,California,LongBeach,33518.0,7990.0,34558.0,7088.0,44798.0,23532.0,,,25088.0,5275.0,,,,,14769.0,11145.0,,,45536.0,16821.0,$33518,$7990,$34558,$7088,$44798,$23532,,,$25088,$5275,,,,,$14769,$11145,,,$45536,$16821
2019,6037575901,Census Tract 5759.01,Long Beach,Los Angeles County,California,LongBeach,67442.0,8446.0,72347.0,7157.0,66060.0,20561.0,,,119758.0,15255.0,,,54086.0,36467.0,,,73587.0,8709.0,63165.0,11755.0,$67442,$8446,$72347,$7157,$66060,$20561,,,$119758,$15255,,,$54086,$36467,,,$73587,$8709,$63165,$11755
2019,6037575902,Census Tract 5759.02,Long Beach,Los Angeles County,California,LongBeach,55203.0,8011.0,55963.0,21194.0,,,,,71249.0,55489.0,,,80896.0,13546.0,,,49137.0,27046.0,71851.0,41890.0,$55203,$8011,$55963,$21194,,,,,$71249,$55489,,,$80896,$13546,,,$49137,$27046,$71851,$41890
2019,6037576001,Census Tract 5760.01,Long Beach,Los Angeles County,California,LongBeach,99025.0,18543.0,110428.0,17739.0,48459.0,33321.0,,,73737.0,30731.0,,,,,,,111364.0,20717.0,98585.0,50988.0,$99025,$18543,$110428,$17739,$48459,$33321,,,$73737,$30731,,,,,,,$111364,$20717,$98585,$50988
2019,6037576200,Census Tract 5762,Long Beach,Los Angeles County,California,LongBeach,44146.0,12417.0,49726.0,11836.0,,,,,49952.0,33729.0,,,,,,,51628.0,26484.0,36625.0,30887.0,$44146,$12417,$49726,$11836,,,,,$49952,$33729,,,,,,,$51628,$26484,$36625,$30887
2019,6037576301,Census Tract 5763.01,Long Beach,Los Angeles County,California,LongBeach,48026.0,12829.0,59633.0,12479.0,25274.0,12723.0,,,87842.0,43751.0,,,50425.0,34972.0,72445.0,42677.0,81706.0,24453.0,43998.0,12191.0,$48026,$12829,$59633,$12479,$25274,$12723,,,$87842,$43751,,,$50425,$34972,$72445,$42677,$81706,$24453,$43998,$12191
2019,6037576302,Census Tract 5763.02,Long Beach,Los Angeles County,California,LongBeach,52577.0,19753.0,69227.0,11697.0,37545.0,3925.0,,,,,,,44613.0,19040.0,39175.0,24060.0,69459.0,23621.0,57763.0,17178.0,$52577,$19753,$69227,$11697,$37545,$3925,,,,,,,$44613,$19040,$39175,$24060,$69459,$23621,$57763,$17178
2019,6037576401,Census Tract 5764.01,Long Beach,Los Angeles County,California,LongBeach,57946.0,11121.0,52660.0,7480.0,68405.0,19038.0,,,,,,,72623.0,14393.0,37775.0,27077.0,52244.0,11579.0,63176.0,15236.0,$57946,$11121,$52660,$7480,$68405,$19038,,,,,,,$72623,$14393,$37775,$27077,$52244,$11579,$63176,$15236
2019,6037576402,Census Tract 5764.02,Long Beach,Los Angeles County,California,LongBeach,55874.0,13009.0,69997.0,20809.0,37068.0,17947.0,,,37102.0,14444.0,,,56639.0,5021.0,,,77689.0,18891.0,58336.0,11006.0,$55874,$13009,$69997,$20809,$37068,$17947,,,$37102,$14444,,,$56639,$5021,,,$77689,$18891,$58336,$11006
2019,6037576403,Census Tract 5764.03,Long Beach,Los Angeles County,California,LongBeach,47900.0,1901.0,47761.0,2653.0,48999.0,12852.0,,,57536.0,44459.0,,,45382.0,8549.0,,,92880.0,51893.0,46035.0,2933.0,$47900,$1901,$47761,$2653,$48999,$12852,,,$57536,$44459,,,$45382,$8549,,,$92880,$51893,$46035,$2933
2019,6037576501,Census Tract 5765.01,Long Beach,Los Angeles County,California,LongBeach,45219.0,8779.0,46862.0,9404.0,,,,,71620.0,32279.0,,,35383.0,20998.0,,,45142.0,6903.0,50175.0,27949.0,$45219,$8779,$46862,$9404,,,,,$71620,$32279,,,$35383,$20998,,,$45142,$6903,$50175,$27949
2019,6037576502,Census Tract 5765.02,Long Beach,Los Angeles County,California,LongBeach,66658.0,6259.0,67290.0,10305.0,46625.0,23594.0,,,111118.0,32133.0,,,98481.0,11821.0,,,64239.0,10203.0,73198.0,22931.0,$66658,$6259,$67290,$10305,$46625,$23594,,,$111118,$32133,,,$98481,$11821,,,$64239,$10203,$73198,$22931
2019,6037576503,Census Tract 5765.03,Long Beach,Los Angeles County,California,LongBeach,70986.0,8775.0,73396.0,11175.0,,,38753.0,810.0,78266.0,23383.0,,,60657.0,15539.0,61152.0,15694.0,81192.0,16604.0,60892.0,14445.0,$70986,$8775,$73396,$11175,,,$38753,$810,$78266,$23383,,,$60657,$15539,$61152,$15694,$81192,$16604,$60892,$14445
2019,6037576601,Census Tract 5766.01,Long Beach,Los Angeles County,California,LongBeach,68634.0,19835.0,87805.0,18995.0,42443.0,30901.0,,,127782.0,84567.0,,,54869.0,36232.0,57890.0,55037.0,79670.0,32773.0,78868.0,21082.0,$68634,$19835,$87805,$18995,$42443,$30901,,,$127782,$84567,,,$54869,$36232,$57890,$55037,$79670,$32773,$78868,$21082
2019,6037576602,Census Tract 5766.02,Long Beach,Los Angeles County,California,LongBeach,76807.0,16311.0,86569.0,18520.0,41908.0,12056.0,,,40767.0,20335.0,,,75793.0,38858.0,,,87479.0,18416.0,74819.0,28495.0,$76807,$16311,$86569,$18520,$41908,$12056,,,$40767,$20335,,,$75793,$38858,,,$87479,$18416,$74819,$28495
2019,6037576700,Census Tract 5767,Long Beach,Los Angeles County,California,LongBeach,89892.0,17869.0,96418.0,19579.0,,,,,,,,,54340.0,22696.0,110544.0,57756.0,92095.0,33292.0,79580.0,38828.0,$89892,$17869,$96418,$19579,,,,,,,,,$54340,$22696,$110544,$57756,$92095,$33292,$79580,$38828
2019,6037576801,Census Tract 5768.01,Long Beach,Los Angeles County,California,LongBeach,61513.0,13199.0,58590.0,20559.0,67068.0,15871.0,,,102944.0,34420.0,,,39294.0,14856.0,,,69917.0,18425.0,39373.0,10557.0,$61513,$13199,$58590,$20559,$67068,$15871,,,$102944,$34420,,,$39294,$14856,,,$69917,$18425,$39373,$10557
2019,6037576802,Census Tract 5768.02,Long Beach,Los Angeles County,California,LongBeach,76599.0,8017.0,87597.0,16269.0,73381.0,6718.0,,,74804.0,27065.0,,,59536.0,16025.0,113922.0,82080.0,87145.0,14701.0,61997.0,11559.0,$76599,$8017,$87597,$16269,$73381,$6718,,,$74804,$27065,,,$59536,$16025,$113922,$82080,$87145,$14701,$61997,$11559
2019,6037576901,Census Tract 5769.01,Long Beach,Los Angeles County,California,LongBeach,38652.0,3083.0,39161.0,11235.0,37297.0,17086.0,,,32630.0,17001.0,,,39065.0,10001.0,63758.0,38906.0,,,39966.0,8988.0,$38652,$3083,$39161,$11235,$37297,$17086,,,$32630,$17001,,,$39065,$10001,$63758,$38906,,,$39966,$8988
2019,6037576903,Census Tract 5769.03,Long Beach,Los Angeles County,California,LongBeach,50924.0,9234.0,49621.0,12658.0,,,,,66305.0,53410.0,,,50881.0,13932.0,82902.0,56399.0,35857.0,33881.0,51951.0,10831.0,$50924,$9234,$49621,$12658,,,,,$66305,$53410,,,$50881,$13932,$82902,$56399,$35857,$33881,$51951,$10831
2019,6037576904,Census Tract 5769.04,Long Beach,Los Angeles County,California,LongBeach,64456.0,16640.0,63796.0,18541.0,51743.0,29382.0,,,96040.0,82630.0,,,71865.0,16055.0,77455.0,46456.0,70920.0,20843.0,71352.0,23849.0,$64456,$16640,$63796,$18541,$51743,$29382,,,$96040,$82630,,,$71865,$16055,$77455,$46456,$70920,$20843,$71352,$23849
2019,6037577000,Census Tract 5770,Long Beach,Los Angeles County,California,LongBeach,87241.0,11801.0,86667.0,11894.0,,,,,103457.0,60856.0,,,,,105124.0,13932.0,90457.0,30701.0,77958.0,45898.0,$87241,$11801,$86667,$11894,,,,,$103457,$60856,,,,,$105124,$13932,$90457,$30701,$77958,$45898
2019,6037577100,Census Tract 5771,Long Beach,Los Angeles County,California,LongBeach,97515.0,11938.0,107900.0,13503.0,46073.0,42531.0,,,102987.0,63447.0,,,,,66864.0,41231.0,108604.0,11767.0,85042.0,26722.0,$97515,$11938,$107900,$13503,$46073,$42531,,,$102987,$63447,,,,,$66864,$41231,$108604,$11767,$85042,$26722
2019,6037577200,Census Tract 5772,Long Beach,Los Angeles County,California,LongBeach,107943.0,17554.0,99321.0,18495.0,169772.0,94016.0,,,168402.0,109845.0,,,139304.0,35266.0,,,110072.0,30997.0,88585.0,51166.0,$107943,$17554,$99321,$18495,$169772,$94016,,,$168402,$109845,,,$139304,$35266,,,$110072,$30997,$88585,$51166
2019,6037577300,Census Tract 5773,Long Beach,Los Angeles County,California,LongBeach,105884.0,12193.0,107098.0,12625.0,,,,,139197.0,71883.0,,,,,,,105985.0,12658.0,,,$105884,$12193,$107098,$12625,,,,,$139197,$71883,,,,,,,$105985,$12658,,
2019,6037577400,Census Tract 5774,Long Beach,Los Angeles County,California,LongBeach,99995.0,22686.0,105284.0,27762.0,,,,,199221.0,161587.0,,,,,94355.0,18336.0,92020.0,30305.0,112082.0,34510.0,$99995,$22686,$105284,$27762,,,,,$199221,$161587,,,,,$94355,$18336,$92020,$30305,$112082,$34510
2019,6037577501,Census Tract 5775.01,Long Beach,Los Angeles County,California,LongBeach,153993.0,33161.0,155916.0,31278.0,,,,,,,,,,,,,159795.0,23812.0,74704.0,33600.0,$153993,$33161,$155916,$31278,,,,,,,,,,,,,$159795,$23812,$74704,$33600
2019,6037577504,Census Tract 5775.04,Long Beach,Los Angeles County,California,LongBeach,118061.0,20357.0,119994.0,10514.0,,,,,187376.0,152327.0,,,,,,,119687.0,16106.0,92163.0,89852.0,$118061,$20357,$119994,$10514,,,,,$187376,$152327,,,,,,,$119687,$16106,$92163,$89852
2019,6037577602,Census Tract 5776.02,Long Beach,Los Angeles County,California,LongBeach,111481.0,15907.0,112088.0,17818.0,,,,,103243.0,30565.0,,,,,,,112601.0,19835.0,,,$111481,$15907,$112088,$17818,,,,,$103243,$30565,,,,,,,$112601,$19835,,
2019,6037577603,Census Tract 5776.03,Long Beach,Los Angeles County,California,LongBeach,130870.0,10002.0,141788.0,19631.0,123365.0,119146.0,,,111486.0,15459.0,,,,,210375.0,111719.0,145754.0,17723.0,118200.0,77814.0,$130870,$10002,$141788,$19631,$123365,$119146,,,$111486,$15459,,,,,$210375,$111719,$145754,$17723,$118200,$77814
2019,6037577604,Census Tract 5776.04,Long Beach,Los Angeles County,California,LongBeach,121840.0,24692.0,121840.0,26458.0,,,,,94501.0,35267.0,,,,,,,119481.0,24444.0,201529.0,178134.0,$121840,$24692,$121840,$26458,,,,,$94501,$35267,,,,,,,$119481,$24444,$201529,$178134
2019,6037980006,Census Tract 9800.06,Long Beach,Los Angeles County,California,LongBeach,,,,,,,,,,,,,,,,,,,,,,,,,,,,,,,,,,,,,,,,
2019,6037980007,Census Tract 9800.07,Long Beach,Los Angeles County,California,LongBeach,,,,,,,,,,,,,,,,,,,,,,,,,,,,,,,,,,,,,,,,
2019,6037980018,Census Tract 9800.18,Long Beach,Los Angeles County,California,LongBeach,,,,,,,,,,,,,,,,,,,,,,,,,,,,,,,,,,,,,,,,
2019,6037980033,Census Tract 9800.33,Long Beach,Los Angeles County,California,LongBeach,,,,,,,,,,,,,,,,,,,,,,,,,,,,,,,,,,,,,,,,
2019,6037990300,Census Tract 9903,Long Beach,Los Angeles County,California,LongBeach,,,,,,,,,,,,,,,,,,,,,,,,,,,,,,,,,,,,,,,,
2020,6037544002,Census Tract 5440.02,Long Beach,Los Angeles County,California,LongBeach,95246.0,8474.0,92284.0,16019.0,146885.0,71401.0,,,108609.0,86206.0,,,85818.0,25402.0,159410.0,32973.0,91309.0,52899.0,89067.0,13718.0,$95246,$8474,$92284,$16019,$146885,$71401,,,$108609,$86206,,,$85818,$25402,$159410,$32973,$91309,$52899,$89067,$13718
2020,6037555202,Census Tract 5552.02,Long Beach,Los Angeles County,California,LongBeach,164976.0,34538.0,158567.0,38422.0,,,,,99593.0,93673.0,,,,,,,170738.0,38782.0,154666.0,149873.0,$164976,$34538,$158567,$38422,,,,,$99593,$93673,,,,,,,$170738,$38782,$154666,$149873
2020,6037570100,Census Tract 5701,Long Beach,Los Angeles County,California,LongBeach,102168.0,11966.0,75126.0,21985.0,152426.0,76219.0,,,116900.0,66724.0,,,105414.0,44197.0,96093.0,30398.0,87676.0,33726.0,92609.0,36232.0,$102168,$11966,$75126,$21985,$152426,$76219,,,$116900,$66724,,,$105414,$44197,$96093,$30398,$87676,$33726,$92609,$36232
2020,6037570202,Census Tract 5702.02,Long Beach,Los Angeles County,California,LongBeach,68470.0,25397.0,99610.0,38662.0,,,,,74429.0,14939.0,,,60664.0,29773.0,,,77428.0,61586.0,78677.0,40372.0,$68470,$25397,$99610,$38662,,,,,$74429,$14939,,,$60664,$29773,,,$77428,$61586,$78677,$40372
2020,6037570203,Census Tract 5702.03,Long Beach,Los Angeles County,California,LongBeach,56664.0,19955.0,,,56449.0,18392.0,,,,,,,56489.0,26766.0,,,,,56743.0,30461.0,$56664,$19955,,,$56449,$18392,,,,,,,$56489,$26766,,,,,$56743,$30461
2020,6037570204,Census Tract 5702.04,Long Beach,Los Angeles County,California,LongBeach,60387.0,17862.0,83289.0,20731.0,,,,,,,,,59627.0,48454.0,192177.0,125199.0,67370.0,66437.0,82289.0,40706.0,$60387,$17862,$83289,$20731,,,,,,,,,$59627,$48454,$192177,$125199,$67370,$66437,$82289,$40706
2020,6037570303,Census Tract 5703.03,Long Beach,Los Angeles County,California,LongBeach,64700.0,20704.0,,,41351.0,21275.0,,,,,,,95086.0,44893.0,,,56021.0,47163.0,93217.0,24868.0,$64700,$20704,,,$41351,$21275,,,,,,,$95086,$44893,,,$56021,$47163,$93217,$24868
2020,6037570304,Census Tract 5703.04,Long Beach,Los Angeles County,California,LongBeach,65316.0,12624.0,73779.0,21287.0,81568.0,38843.0,,,85452.0,44512.0,,,61456.0,13219.0,,,54560.0,16189.0,64406.0,13138.0,$65316,$12624,$73779,$21287,$81568,$38843,,,$85452,$44512,,,$61456,$13219,,,$54560,$16189,$64406,$13138
2020,6037570305,Census Tract 5703.05,Long Beach,Los Angeles County,California,LongBeach,50005.0,7961.0,45691.0,9715.0,38966.0,21289.0,,,,,,,63494.0,6865.0,,,41851.0,8923.0,61304.0,22385.0,$50005,$7961,$45691,$9715,$38966,$21289,,,,,,,$63494,$6865,,,$41851,$8923,$61304,$22385
2020,6037570306,Census Tract 5703.06,Long Beach,Los Angeles County,California,LongBeach,63838.0,60902.0,125440.0,73359.0,,,,,,,,,,,,,,,,,$63838,$60902,$125440,$73359,,,,,,,,,,,,,,,,
2020,6037570402,Census Tract 5704.02,Long Beach,Los Angeles County,California,LongBeach,90854.0,14592.0,93621.0,38216.0,92260.0,26452.0,,,100352.0,10126.0,,,75049.0,18467.0,,,,,88814.0,20453.0,$90854,$14592,$93621,$38216,$92260,$26452,,,$100352,$10126,,,$75049,$18467,,,,,$88814,$20453
2020,6037570403,Census Tract 5704.03,Long Beach,Los Angeles County,California,LongBeach,67208.0,7881.0,64316.0,59787.0,116473.0,103410.0,,,68847.0,53596.0,,,65161.0,8508.0,,,,,65325.0,8374.0,$67208,$7881,$64316,$59787,$116473,$103410,,,$68847,$53596,,,$65161,$8508,,,,,$65325,$8374
2020,6037570404,Census Tract 5704.04,Long Beach,Los Angeles County,California,LongBeach,79104.0,9416.0,81776.0,10158.0,65586.0,29279.0,,,,,,,60180.0,14497.0,,,81296.0,6253.0,66404.0,13156.0,$79104,$9416,$81776,$10158,$65586,$29279,,,,,,,$60180,$14497,,,$81296,$6253,$66404,$13156
2020,6037570502,Census Tract 5705.02,Long Beach,Los Angeles County,California,LongBeach,87958.0,16300.0,63833.0,43753.0,134549.0,45840.0,,,58423.0,38705.0,,,79813.0,20111.0,,,51502.0,48955.0,86065.0,27629.0,$87958,$16300,$63833,$43753,$134549,$45840,,,$58423,$38705,,,$79813,$20111,,,$51502,$48955,$86065,$27629
2020,6037570503,Census Tract 5705.03,Long Beach,Los Angeles County,California,LongBeach,62938.0,7528.0,78417.0,53355.0,,,,,,,,,72030.0,49500.0,,,94956.0,41985.0,63205.0,25774.0,$62938,$7528,$78417,$53355,,,,,,,,,$72030,$49500,,,$94956,$41985,$63205,$25774
2020,6037570504,Census Tract 5705.04,Long Beach,Los Angeles County,California,LongBeach,63505.0,19169.0,180466.0,139863.0,,,,,76958.0,43189.0,,,34475.0,33695.0,87271.0,20277.0,,,54203.0,23816.0,$63505,$19169,$180466,$139863,,,,,$76958,$43189,,,$34475,$33695,$87271,$20277,,,$54203,$23816
2020,6037570601,Census Tract 5706.01,Long Beach,Los Angeles County,California,LongBeach,73253.0,11685.0,102621.0,23627.0,44476.0,20979.0,,,74819.0,14211.0,,,65165.0,10819.0,155766.0,59909.0,122214.0,30013.0,79240.0,23921.0,$73253,$11685,$102621,$23627,$44476,$20979,,,$74819,$14211,,,$65165,$10819,$155766,$59909,$122214,$30013,$79240,$23921
2020,6037570602,Census Tract 5706.02,Long Beach,Los Angeles County,California,LongBeach,82040.0,20738.0,100959.0,40223.0,107466.0,38923.0,,,56553.0,12764.0,,,101491.0,51418.0,77428.0,47631.0,105894.0,48762.0,101212.0,26987.0,$82040,$20738,$100959,$40223,$107466,$38923,,,$56553,$12764,,,$101491,$51418,$77428,$47631,$105894,$48762,$101212,$26987
2020,6037570603,Census Tract 5706.03,Long Beach,Los Angeles County,California,LongBeach,54214.0,15566.0,52919.0,12088.0,42355.0,23276.0,,,65156.0,25604.0,,,67104.0,21547.0,104195.0,101851.0,51618.0,12303.0,58198.0,17599.0,$54214,$15566,$52919,$12088,$42355,$23276,,,$65156,$25604,,,$67104,$21547,$104195,$101851,$51618,$12303,$58198,$17599
2020,6037571201,Census Tract 5712.01,Long Beach,Los Angeles County,California,LongBeach,127341.0,11685.0,155590.0,38971.0,,,,,,,,,124757.0,65526.0,,,159945.0,40453.0,100557.0,45608.0,$127341,$11685,$155590,$38971,,,,,,,,,$124757,$65526,,,$159945,$40453,$100557,$45608
2020,6037571202,Census Tract 5712.02,Long Beach,Los Angeles County,California,LongBeach,94887.0,42851.0,117811.0,30528.0,104528.0,66865.0,,,,,,,71597.0,28235.0,,,111542.0,40090.0,,,$94887,$42851,$117811,$30528,$104528,$66865,,,,,,,$71597,$28235,,,$111542,$40090,,
2020,6037571300,Census Tract 5713,Long Beach,Los Angeles County,California,LongBeach,128118.0,17227.0,129721.0,21506.0,119747.0,59745.0,,,117407.0,81055.0,,,150569.0,80176.0,268719.0,164743.0,120910.0,28533.0,182182.0,63010.0,$128118,$17227,$129721,$21506,$119747,$59745,,,$117407,$81055,,,$150569,$80176,$268719,$164743,$120910,$28533,$182182,$63010
2020,6037571502,Census Tract 5715.02,Long Beach,Los Angeles County,California,LongBeach,66235.0,10761.0,70541.0,30172.0,56264.0,10915.0,,,91850.0,54861.0,,,62752.0,34570.0,,,78642.0,48565.0,52341.0,18213.0,$66235,$10761,$70541,$30172,$56264,$10915,,,$91850,$54861,,,$62752,$34570,,,$78642,$48565,$52341,$18213
2020,6037571504,Census Tract 5715.04,Long Beach,Los Angeles County,California,LongBeach,90332.0,12889.0,99725.0,60589.0,86537.0,40380.0,,,86404.0,40802.0,,,92571.0,4438.0,61977.0,24058.0,88922.0,73495.0,92013.0,6279.0,$90332,$12889,$99725,$60589,$86537,$40380,,,$86404,$40802,,,$92571,$4438,$61977,$24058,$88922,$73495,$92013,$6279
2020,6037571505,Census Tract 5715.05,Long Beach,Los Angeles County,California,LongBeach,99268.0,32518.0,139759.0,19168.0,95334.0,37844.0,,,177153.0,42561.0,,,76858.0,41119.0,79716.0,35478.0,142602.0,63710.0,81597.0,27065.0,$99268,$32518,$139759,$19168,$95334,$37844,,,$177153,$42561,,,$76858,$41119,$79716,$35478,$142602,$63710,$81597,$27065
2020,6037571600,Census Tract 5716,Long Beach,Los Angeles County,California,LongBeach,25595.0,5654.0,24508.0,6565.0,26223.0,10816.0,,,,,,,24559.0,8031.0,,,22773.0,9984.0,25274.0,10437.0,$25595,$5654,$24508,$6565,$26223,$10816,,,,,,,$24559,$8031,,,$22773,$9984,$25274,$10437
2020,6037571701,Census Tract 5717.01,Long Beach,Los Angeles County,California,LongBeach,73211.0,19667.0,54148.0,14158.0,63330.0,21802.0,,,114651.0,38211.0,,,80464.0,22521.0,114623.0,26755.0,74054.0,37712.0,62869.0,14315.0,$73211,$19667,$54148,$14158,$63330,$21802,,,$114651,$38211,,,$80464,$22521,$114623,$26755,$74054,$37712,$62869,$14315
2020,6037571703,Census Tract 5717.03,Long Beach,Los Angeles County,California,LongBeach,63444.0,19053.0,110116.0,34884.0,,,56743.0,32067.0,78856.0,35073.0,,,64686.0,45182.0,,,142140.0,79543.0,64686.0,32001.0,$63444,$19053,$110116,$34884,,,$56743,$32067,$78856,$35073,,,$64686,$45182,,,$142140,$79543,$64686,$32001
2020,6037571704,Census Tract 5717.04,Long Beach,Los Angeles County,California,LongBeach,67559.0,14765.0,92967.0,17708.0,,,,,134992.0,84522.0,,,64348.0,23520.0,80393.0,893.0,93859.0,37298.0,74034.0,17905.0,$67559,$14765,$92967,$17708,,,,,$134992,$84522,,,$64348,$23520,$80393,$893,$93859,$37298,$74034,$17905
2020,6037571800,Census Tract 5718,Long Beach,Los Angeles County,California,LongBeach,130797.0,22609.0,175409.0,35169.0,,,,,141292.0,80032.0,,,118691.0,60341.0,63465.0,62118.0,184081.0,56698.0,95241.0,49959.0,$130797,$22609,$175409,$35169,,,,,$141292,$80032,,,$118691,$60341,$63465,$62118,$184081,$56698,$95241,$49959
2020,6037571900,Census Tract 5719,Long Beach,Los Angeles County,California,LongBeach,81251.0,18321.0,85708.0,33420.0,,,,,142102.0,124007.0,,,73726.0,20469.0,,,108492.0,58230.0,69200.0,10534.0,$81251,$18321,$85708,$33420,,,,,$142102,$124007,,,$73726,$20469,,,$108492,$58230,$69200,$10534
2020,6037572001,Census Tract 5720.01,Long Beach,Los Angeles County,California,LongBeach,116101.0,18464.0,133133.0,30165.0,86549.0,38498.0,,,113927.0,65033.0,,,111518.0,110573.0,,,142102.0,46661.0,81436.0,49696.0,$116101,$18464,$133133,$30165,$86549,$38498,,,$113927,$65033,,,$111518,$110573,,,$142102,$46661,$81436,$49696
2020,6037572201,Census Tract 5722.01,Long Beach,Los Angeles County,California,LongBeach,88877.0,30488.0,,,,,,,104451.0,12909.0,,,65424.0,9832.0,134203.0,37087.0,,,79189.0,40709.0,$88877,$30488,,,,,,,$104451,$12909,,,$65424,$9832,$134203,$37087,,,$79189,$40709
2020,6037572202,Census Tract 5722.02,Long Beach,Los Angeles County,California,LongBeach,120877.0,9067.0,121238.0,27947.0,116310.0,16921.0,,,107718.0,13413.0,,,131447.0,24015.0,251071.0,123868.0,120443.0,72154.0,123435.0,7706.0,$120877,$9067,$121238,$27947,$116310,$16921,,,$107718,$13413,,,$131447,$24015,$251071,$123868,$120443,$72154,$123435,$7706
2020,6037572301,Census Tract 5723.01,Long Beach,Los Angeles County,California,LongBeach,67590.0,8942.0,92609.0,61212.0,97381.0,92650.0,,,61234.0,21117.0,,,67508.0,10080.0,,,51894.0,41847.0,71471.0,12603.0,$67590,$8942,$92609,$61212,$97381,$92650,,,$61234,$21117,,,$67508,$10080,,,$51894,$41847,$71471,$12603
2020,6037572500,Census Tract 5725,Long Beach,Los Angeles County,California,LongBeach,49733.0,21698.0,76123.0,33147.0,16808.0,9480.0,,,50519.0,43080.0,,,65343.0,37522.0,115778.0,105090.0,76061.0,39373.0,66375.0,33931.0,$49733,$21698,$76123,$33147,$16808,$9480,,,$50519,$43080,,,$65343,$37522,$115778,$105090,$76061,$39373,$66375,$33931
2020,6037572600,Census Tract 5726,Long Beach,Los Angeles County,California,LongBeach,76389.0,20579.0,64637.0,2643.0,63400.0,22857.0,,,171062.0,55864.0,,,80970.0,77983.0,103996.0,47824.0,98113.0,48436.0,65204.0,2449.0,$76389,$20579,$64637,$2643,$63400,$22857,,,$171062,$55864,,,$80970,$77983,$103996,$47824,$98113,$48436,$65204,$2449
2020,6037572700,Census Tract 5727,Long Beach,Los Angeles County,California,LongBeach,86698.0,6082.0,85084.0,20798.0,75150.0,24959.0,,,108161.0,19896.0,,,79198.0,7568.0,105565.0,39464.0,,,85312.0,9908.0,$86698,$6082,$85084,$20798,$75150,$24959,,,$108161,$19896,,,$79198,$7568,$105565,$39464,,,$85312,$9908
2020,6037573002,Census Tract 5730.02,Long Beach,Los Angeles County,California,LongBeach,54481.0,10844.0,47658.0,21144.0,66800.0,19127.0,,,56932.0,21423.0,,,45546.0,33798.0,,,,,46140.0,15505.0,$54481,$10844,$47658,$21144,$66800,$19127,,,$56932,$21423,,,$45546,$33798,,,,,$46140,$15505
2020,6037573003,Census Tract 5730.03,Long Beach,Los Angeles County,California,LongBeach,91669.0,12784.0,94770.0,7664.0,,,,,66193.0,11967.0,,,104755.0,89135.0,,,104299.0,11351.0,88308.0,24099.0,$91669,$12784,$94770,$7664,,,,,$66193,$11967,,,$104755,$89135,,,$104299,$11351,$88308,$24099
2020,6037573004,Census Tract 5730.04,Long Beach,Los Angeles County,California,LongBeach,58184.0,12369.0,78946.0,38733.0,47823.0,19155.0,,,,,59209.0,39871.0,49848.0,33263.0,,,127310.0,36681.0,76090.0,27976.0,$58184,$12369,$78946,$38733,$47823,$19155,,,,,$59209,$39871,$49848,$33263,,,$127310,$36681,$76090,$27976
2020,6037573101,Census Tract 5731.01,Long Beach,Los Angeles County,California,LongBeach,70596.0,39990.0,85648.0,47393.0,,,,,40612.0,31201.0,,,85847.0,35986.0,,,146414.0,56311.0,71646.0,45674.0,$70596,$39990,$85648,$47393,,,,,$40612,$31201,,,$85847,$35986,,,$146414,$56311,$71646,$45674
2020,6037573102,Census Tract 5731.02,Long Beach,Los Angeles County,California,LongBeach,86941.0,19666.0,91134.0,33143.0,80616.0,67851.0,,,148841.0,123986.0,,,68402.0,27629.0,85727.0,51672.0,123624.0,70490.0,68505.0,17081.0,$86941,$19666,$91134,$33143,$80616,$67851,,,$148841,$123986,,,$68402,$27629,$85727,$51672,$123624,$70490,$68505,$17081
2020,6037573201,Census Tract 5732.01,Long Beach,Los Angeles County,California,LongBeach,47845.0,7711.0,47737.0,11626.0,46586.0,20672.0,,,80633.0,35354.0,,,30701.0,15233.0,68167.0,47663.0,35425.0,15698.0,47867.0,14658.0,$47845,$7711,$47737,$11626,$46586,$20672,,,$80633,$35354,,,$30701,$15233,$68167,$47663,$35425,$15698,$47867,$14658
2020,6037573202,Census Tract 5732.02,Long Beach,Los Angeles County,California,LongBeach,66992.0,9319.0,53950.0,23417.0,70665.0,18189.0,20496.0,7537.0,90007.0,85411.0,,,67307.0,22263.0,,,84801.0,26913.0,58450.0,10071.0,$66992,$9319,$53950,$23417,$70665,$18189,$20496,$7537,$90007,$85411,,,$67307,$22263,,,$84801,$26913,$58450,$10071
2020,6037573300,Census Tract 5733,Long Beach,Los Angeles County,California,LongBeach,59116.0,7411.0,55280.0,34267.0,,,,,65586.0,16512.0,,,61234.0,10150.0,,,,,58428.0,7127.0,$59116,$7411,$55280,$34267,,,,,$65586,$16512,,,$61234,$10150,,,,,$58428,$7127
2020,6037573601,Census Tract 5736.01,Long Beach,Los Angeles County,California,LongBeach,132669.0,26142.0,115966.0,38517.0,,,,,,,,,,,,,101153.0,20452.0,210603.0,52409.0,$132669,$26142,$115966,$38517,,,,,,,,,,,,,$101153,$20452,$210603,$52409
2020,6037573700,Census Tract 5737,Long Beach,Los Angeles County,California,LongBeach,143814.0,14154.0,136596.0,16764.0,,,,,148425.0,136583.0,,,,,134612.0,64443.0,120106.0,21252.0,144847.0,36209.0,$143814,$14154,$136596,$16764,,,,,$148425,$136583,,,,,$134612,$64443,$120106,$21252,$144847,$36209
2020,6037573800,Census Tract 5738,Long Beach,Los Angeles County,California,LongBeach,135187.0,22135.0,115221.0,31068.0,,,208561.0,131945.0,207676.0,33268.0,,,219704.0,175787.0,155994.0,83125.0,113056.0,20408.0,175958.0,77719.0,$135187,$22135,$115221,$31068,,,$208561,$131945,$207676,$33268,,,$219704,$175787,$155994,$83125,$113056,$20408,$175958,$77719
2020,6037573902,Census Tract 5739.02,Long Beach,Los Angeles County,California,LongBeach,177978.0,34355.0,170037.0,30715.0,204766.0,110585.0,,,214064.0,183108.0,,,,,,,169025.0,34713.0,183116.0,101733.0,$177978,$34355,$170037,$30715,$204766,$110585,,,$214064,$183108,,,,,,,$169025,$34713,$183116,$101733
2020,6037574000,Census Tract 5740,Long Beach,Los Angeles County,California,LongBeach,151193.0,25660.0,137649.0,17686.0,159263.0,61602.0,,,205866.0,38556.0,,,208406.0,155097.0,181044.0,71532.0,136392.0,15014.0,207439.0,97153.0,$151193,$25660,$137649,$17686,$159263,$61602,,,$205866,$38556,,,$208406,$155097,$181044,$71532,$136392,$15014,$207439,$97153
2020,6037574100,Census Tract 5741,Long Beach,Los Angeles County,California,LongBeach,131475.0,14838.0,137363.0,20111.0,117187.0,29031.0,,,152092.0,68356.0,,,44591.0,6176.0,,,134940.0,14935.0,158030.0,94895.0,$131475,$14838,$137363,$20111,$117187,$29031,,,$152092,$68356,,,$44591,$6176,,,$134940,$14935,$158030,$94895
2020,6037574201,Census Tract 5742.01,Long Beach,Los Angeles County,California,LongBeach,134208.0,8488.0,135303.0,16837.0,,,,,132993.0,11661.0,,,95646.0,63078.0,189814.0,1013.0,126424.0,20594.0,148063.0,87793.0,$134208,$8488,$135303,$16837,,,,,$132993,$11661,,,$95646,$63078,$189814,$1013,$126424,$20594,$148063,$87793
2020,6037574202,Census Tract 5742.02,Long Beach,Los Angeles County,California,LongBeach,108550.0,16644.0,108550.0,22957.0,163661.0,51054.0,,,186257.0,111057.0,,,,,78512.0,26359.0,103723.0,21711.0,125189.0,35428.0,$108550,$16644,$108550,$22957,$163661,$51054,,,$186257,$111057,,,,,$78512,$26359,$103723,$21711,$125189,$35428
2020,6037574300,Census Tract 5743,Long Beach,Los Angeles County,California,LongBeach,131921.0,23349.0,143216.0,29476.0,,,,,119347.0,28932.0,,,,,,,132631.0,18087.0,182878.0,177294.0,$131921,$23349,$143216,$29476,,,,,$119347,$28932,,,,,,,$132631,$18087,$182878,$177294
2020,6037574400,Census Tract 5744,Long Beach,Los Angeles County,California,LongBeach,146206.0,19230.0,141951.0,19206.0,,,,,131913.0,106121.0,,,,,214254.0,132206.0,137910.0,20374.0,196353.0,25042.0,$146206,$19230,$141951,$19206,,,,,$131913,$106121,,,,,$214254,$132206,$137910,$20374,$196353,$25042
2020,6037574500,Census Tract 5745,Long Beach,Los Angeles County,California,LongBeach,123283.0,20028.0,122383.0,22379.0,191672.0,34465.0,,,90007.0,61851.0,,,,,240574.0,41425.0,116807.0,11837.0,169152.0,101019.0,$123283,$20028,$122383,$22379,$191672,$34465,,,$90007,$61851,,,,,$240574,$41425,$116807,$11837,$169152,$101019
2020,6037574602,Census Tract 5746.02,Long Beach,Los Angeles County,California,LongBeach,134170.0,40185.0,140053.0,66585.0,,,,,98031.0,65650.0,,,,,,,121455.0,24098.0,,,$134170,$40185,$140053,$66585,,,,,$98031,$65650,,,,,,,$121455,$24098,,
2020,6037574800,Census Tract 5748,Long Beach,Los Angeles County,California,LongBeach,77462.0,20299.0,100634.0,30110.0,59968.0,10913.0,,,79705.0,77850.0,,,,,,,108965.0,51701.0,35622.0,24749.0,$77462,$20299,$100634,$30110,$59968,$10913,,,$79705,$77850,,,,,,,$108965,$51701,$35622,$24749
2020,6037574901,Census Tract 5749.01,Long Beach,Los Angeles County,California,LongBeach,158875.0,17939.0,159439.0,10310.0,,,,,270607.0,143280.0,,,,,,,159636.0,12908.0,137244.0,124019.0,$158875,$17939,$159439,$10310,,,,,$270607,$143280,,,,,,,$159636,$12908,$137244,$124019
2020,6037574902,Census Tract 5749.02,Long Beach,Los Angeles County,California,LongBeach,61756.0,18728.0,78439.0,41961.0,46685.0,8113.0,,,77253.0,59321.0,,,,,,,94938.0,29499.0,48012.0,20411.0,$61756,$18728,$78439,$41961,$46685,$8113,,,$77253,$59321,,,,,,,$94938,$29499,$48012,$20411
2020,6037575001,Census Tract 5750.01,Long Beach,Los Angeles County,California,LongBeach,106407.0,17855.0,108752.0,20344.0,111587.0,39093.0,,,81413.0,71188.0,,,,,19230.0,16798.0,142406.0,35635.0,91208.0,31352.0,$106407,$17855,$108752,$20344,$111587,$39093,,,$81413,$71188,,,,,$19230,$16798,$142406,$35635,$91208,$31352
2020,6037575002,Census Tract 5750.02,Long Beach,Los Angeles County,California,LongBeach,80123.0,18930.0,94038.0,17209.0,59949.0,21595.0,,,57691.0,54367.0,,,67529.0,26486.0,,,93477.0,26506.0,93824.0,28433.0,$80123,$18930,$94038,$17209,$59949,$21595,,,$57691,$54367,,,$67529,$26486,,,$93477,$26506,$93824,$28433
2020,6037575101,Census Tract 5751.01,Long Beach,Los Angeles County,California,LongBeach,61632.0,13256.0,61970.0,16693.0,,,,,,,,,62752.0,7157.0,,,69412.0,20765.0,57510.0,14085.0,$61632,$13256,$61970,$16693,,,,,,,,,$62752,$7157,,,$69412,$20765,$57510,$14085
2020,6037575102,Census Tract 5751.02,Long Beach,Los Angeles County,California,LongBeach,43635.0,11253.0,52138.0,10441.0,36466.0,9034.0,,,37737.0,20651.0,,,48444.0,35873.0,,,32262.0,27559.0,50445.0,11134.0,$43635,$11253,$52138,$10441,$36466,$9034,,,$37737,$20651,,,$48444,$35873,,,$32262,$27559,$50445,$11134
2020,6037575103,Census Tract 5751.03,Long Beach,Los Angeles County,California,LongBeach,64065.0,4485.0,65712.0,18092.0,35460.0,17776.0,,,64472.0,5165.0,,,88814.0,32306.0,101212.0,83820.0,95996.0,22218.0,62532.0,13677.0,$64065,$4485,$65712,$18092,$35460,$17776,,,$64472,$5165,,,$88814,$32306,$101212,$83820,$95996,$22218,$62532,$13677
2020,6037575201,Census Tract 5752.01,Long Beach,Los Angeles County,California,LongBeach,59627.0,12016.0,69098.0,8141.0,39404.0,12577.0,,,67812.0,50058.0,,,50046.0,21438.0,55505.0,22888.0,58938.0,9209.0,65057.0,14850.0,$59627,$12016,$69098,$8141,$39404,$12577,,,$67812,$50058,,,$50046,$21438,$55505,$22888,$58938,$9209,$65057,$14850
2020,6037575202,Census Tract 5752.02,Long Beach,Los Angeles County,California,LongBeach,50027.0,6356.0,56932.0,20181.0,35194.0,25770.0,,,47242.0,27937.0,,,49721.0,13764.0,,,158524.0,106284.0,51350.0,8311.0,$50027,$6356,$56932,$20181,$35194,$25770,,,$47242,$27937,,,$49721,$13764,,,$158524,$106284,$51350,$8311
2020,6037575300,Census Tract 5753,Long Beach,Los Angeles County,California,LongBeach,48950.0,16167.0,58221.0,14316.0,,,,,37075.0,20655.0,,,53440.0,29731.0,,,35171.0,34893.0,59537.0,14224.0,$48950,$16167,$58221,$14316,,,,,$37075,$20655,,,$53440,$29731,,,$35171,$34893,$59537,$14224
2020,6037575401,Census Tract 5754.01,Long Beach,Los Angeles County,California,LongBeach,39364.0,8282.0,39342.0,9573.0,,,,,,,,,51334.0,25696.0,37402.0,31565.0,58051.0,28830.0,39283.0,9308.0,$39364,$8282,$39342,$9573,,,,,,,,,$51334,$25696,$37402,$31565,$58051,$28830,$39283,$9308
2020,6037575402,Census Tract 5754.02,Long Beach,Los Angeles County,California,LongBeach,63278.0,8264.0,61153.0,9849.0,80194.0,3599.0,,,55483.0,35812.0,,,67426.0,17384.0,,,43889.0,24626.0,61134.0,8821.0,$63278,$8264,$61153,$9849,$80194,$3599,,,$55483,$35812,,,$67426,$17384,,,$43889,$24626,$61134,$8821
2020,6037575801,Census Tract 5758.01,Long Beach,Los Angeles County,California,LongBeach,41969.0,8181.0,45546.0,13826.0,20647.0,15572.0,103996.0,77639.0,,,,,70076.0,15059.0,,,61378.0,35274.0,41783.0,8359.0,$41969,$8181,$45546,$13826,$20647,$15572,$103996,$77639,,,,,$70076,$15059,,,$61378,$35274,$41783,$8359
2020,6037575802,Census Tract 5758.02,Long Beach,Los Angeles County,California,LongBeach,55816.0,12267.0,52125.0,25520.0,,,,,112346.0,62547.0,,,64216.0,11963.0,41929.0,19637.0,62336.0,36328.0,57423.0,16990.0,$55816,$12267,$52125,$25520,,,,,$112346,$62547,,,$64216,$11963,$41929,$19637,$62336,$36328,$57423,$16990
2020,6037575803,Census Tract 5758.03,Long Beach,Los Angeles County,California,LongBeach,32370.0,8897.0,35013.0,4705.0,44461.0,23028.0,,,23192.0,5615.0,,,,,18363.0,12458.0,27327.0,21481.0,42707.0,17615.0,$32370,$8897,$35013,$4705,$44461,$23028,,,$23192,$5615,,,,,$18363,$12458,$27327,$21481,$42707,$17615
2020,6037575901,Census Tract 5759.01,Long Beach,Los Angeles County,California,LongBeach,63460.0,14181.0,66848.0,21330.0,72326.0,21004.0,,,,,,,53297.0,30180.0,,,76112.0,14901.0,,,$63460,$14181,$66848,$21330,$72326,$21004,,,,,,,$53297,$30180,,,$76112,$14901,,
2020,6037575902,Census Tract 5759.02,Long Beach,Los Angeles County,California,LongBeach,67773.0,11157.0,77656.0,19333.0,61123.0,38128.0,,,100385.0,64966.0,,,54098.0,50400.0,,,76563.0,15682.0,79040.0,36441.0,$67773,$11157,$77656,$19333,$61123,$38128,,,$100385,$64966,,,$54098,$50400,,,$76563,$15682,$79040,$36441
2020,6037576001,Census Tract 5760.01,Long Beach,Los Angeles County,California,LongBeach,108227.0,14926.0,113633.0,15982.0,64523.0,22101.0,,,101491.0,44614.0,,,197668.0,182176.0,103521.0,77578.0,118829.0,33670.0,75889.0,41106.0,$108227,$14926,$113633,$15982,$64523,$22101,,,$101491,$44614,,,$197668,$182176,$103521,$77578,$118829,$33670,$75889,$41106
2020,6037576200,Census Tract 5762,Long Beach,Los Angeles County,California,LongBeach,52688.0,11459.0,61942.0,21742.0,,,,,54745.0,19917.0,,,52722.0,25287.0,,,75809.0,45172.0,51538.0,21816.0,$52688,$11459,$61942,$21742,,,,,$54745,$19917,,,$52722,$25287,,,$75809,$45172,$51538,$21816
2020,6037576301,Census Tract 5763.01,Long Beach,Los Angeles County,California,LongBeach,55940.0,3789.0,61043.0,8889.0,29044.0,11085.0,,,86874.0,48505.0,,,53620.0,24587.0,56870.0,38614.0,88922.0,29489.0,55148.0,9030.0,$55940,$3789,$61043,$8889,$29044,$11085,,,$86874,$48505,,,$53620,$24587,$56870,$38614,$88922,$29489,$55148,$9030
2020,6037576302,Census Tract 5763.02,Long Beach,Los Angeles County,California,LongBeach,41736.0,7282.0,75315.0,18611.0,38847.0,8327.0,,,40025.0,22073.0,,,42509.0,16830.0,37258.0,29849.0,,,58957.0,29651.0,$41736,$7282,$75315,$18611,$38847,$8327,,,$40025,$22073,,,$42509,$16830,$37258,$29849,,,$58957,$29651
2020,6037576401,Census Tract 5764.01,Long Beach,Los Angeles County,California,LongBeach,59562.0,13876.0,41681.0,28181.0,58926.0,30370.0,,,,,,,74508.0,23029.0,97911.0,64014.0,35731.0,33922.0,73349.0,25288.0,$59562,$13876,$41681,$28181,$58926,$30370,,,,,,,$74508,$23029,$97911,$64014,$35731,$33922,$73349,$25288
2020,6037576402,Census Tract 5764.02,Long Beach,Los Angeles County,California,LongBeach,55937.0,6284.0,67451.0,24504.0,29713.0,18018.0,,,36728.0,11501.0,,,57115.0,5830.0,,,77483.0,22705.0,57647.0,7862.0,$55937,$6284,$67451,$24504,$29713,$18018,,,$36728,$11501,,,$57115,$5830,,,$77483,$22705,$57647,$7862
2020,6037576403,Census Tract 5764.03,Long Beach,Los Angeles County,California,LongBeach,49625.0,7545.0,72798.0,32578.0,47178.0,7698.0,,,65844.0,19432.0,,,44612.0,3511.0,,,103426.0,12919.0,47284.0,4660.0,$49625,$7545,$72798,$32578,$47178,$7698,,,$65844,$19432,,,$44612,$3511,,,$103426,$12919,$47284,$4660
2020,6037576501,Census Tract 5765.01,Long Beach,Los Angeles County,California,LongBeach,44493.0,13055.0,50621.0,17233.0,,,,,,,,,34324.0,31741.0,22497.0,15686.0,50936.0,29102.0,41425.0,14787.0,$44493,$13055,$50621,$17233,,,,,,,,,$34324,$31741,$22497,$15686,$50936,$29102,$41425,$14787
2020,6037576502,Census Tract 5765.02,Long Beach,Los Angeles County,California,LongBeach,71588.0,10397.0,70479.0,6695.0,62526.0,34695.0,,,113915.0,28311.0,,,87921.0,22560.0,,,70465.0,11677.0,72500.0,30898.0,$71588,$10397,$70479,$6695,$62526,$34695,,,$113915,$28311,,,$87921,$22560,,,$70465,$11677,$72500,$30898
2020,6037576503,Census Tract 5765.03,Long Beach,Los Angeles County,California,LongBeach,70716.0,7853.0,75578.0,30086.0,,,,,68318.0,22608.0,,,76500.0,36286.0,56173.0,20640.0,100791.0,28297.0,68123.0,15074.0,$70716,$7853,$75578,$30086,,,,,$68318,$22608,,,$76500,$36286,$56173,$20640,$100791,$28297,$68123,$15074
2020,6037576601,Census Tract 5766.01,Long Beach,Los Angeles County,California,LongBeach,64089.0,21318.0,97145.0,17878.0,43945.0,32996.0,,,,,,,53095.0,12398.0,56881.0,54288.0,96405.0,17544.0,67239.0,29169.0,$64089,$21318,$97145,$17878,$43945,$32996,,,,,,,$53095,$12398,$56881,$54288,$96405,$17544,$67239,$29169
2020,6037576602,Census Tract 5766.02,Long Beach,Los Angeles County,California,LongBeach,87155.0,21648.0,90411.0,18535.0,62824.0,14131.0,,,91729.0,57647.0,,,74946.0,26527.0,,,92535.0,17362.0,75428.0,30455.0,$87155,$21648,$90411,$18535,$62824,$14131,,,$91729,$57647,,,$74946,$26527,,,$92535,$17362,$75428,$30455
2020,6037576700,Census Tract 5767,Long Beach,Los Angeles County,California,LongBeach,106232.0,20599.0,116394.0,30139.0,,,,,,,,,53435.0,14233.0,,,116141.0,26137.0,96458.0,66888.0,$106232,$20599,$116394,$30139,,,,,,,,,$53435,$14233,,,$116141,$26137,$96458,$66888
2020,6037576801,Census Tract 5768.01,Long Beach,Los Angeles County,California,LongBeach,67795.0,17270.0,71192.0,16981.0,61123.0,15460.0,,,117381.0,23951.0,,,37316.0,5168.0,119710.0,849.0,74139.0,19883.0,58998.0,39684.0,$67795,$17270,$71192,$16981,$61123,$15460,,,$117381,$23951,,,$37316,$5168,$119710,$849,$74139,$19883,$58998,$39684
2020,6037576802,Census Tract 5768.02,Long Beach,Los Angeles County,California,LongBeach,86442.0,11764.0,95646.0,22101.0,75460.0,10741.0,,,78103.0,32911.0,,,67408.0,19560.0,112422.0,54579.0,92040.0,35786.0,68786.0,37749.0,$86442,$11764,$95646,$22101,$75460,$10741,,,$78103,$32911,,,$67408,$19560,$112422,$54579,$92040,$35786,$68786,$37749
2020,6037576901,Census Tract 5769.01,Long Beach,Los Angeles County,California,LongBeach,50986.0,17069.0,59614.0,18841.0,37749.0,6573.0,,,49558.0,31006.0,,,38230.0,9756.0,64903.0,33755.0,52737.0,36921.0,60175.0,14610.0,$50986,$17069,$59614,$18841,$37749,$6573,,,$49558,$31006,,,$38230,$9756,$64903,$33755,$52737,$36921,$60175,$14610
2020,6037576903,Census Tract 5769.03,Long Beach,Los Angeles County,California,LongBeach,46449.0,10053.0,40205.0,14001.0,,,,,47697.0,35965.0,,,50707.0,17882.0,97164.0,51944.0,30533.0,24829.0,51558.0,14909.0,$46449,$10053,$40205,$14001,,,,,$47697,$35965,,,$50707,$17882,$97164,$51944,$30533,$24829,$51558,$14909
2020,6037576904,Census Tract 5769.04,Long Beach,Los Angeles County,California,LongBeach,70047.0,20831.0,70785.0,19300.0,,,,,98872.0,90972.0,,,70877.0,15135.0,,,79608.0,18249.0,56325.0,21668.0,$70047,$20831,$70785,$19300,,,,,$98872,$90972,,,$70877,$15135,,,$79608,$18249,$56325,$21668
2020,6037577000,Census Tract 5770,Long Beach,Los Angeles County,California,LongBeach,86512.0,20788.0,84840.0,27140.0,,,,,127995.0,97079.0,,,113597.0,11333.0,96360.0,37912.0,86227.0,30964.0,86805.0,30161.0,$86512,$20788,$84840,$27140,,,,,$127995,$97079,,,$113597,$11333,$96360,$37912,$86227,$30964,$86805,$30161
2020,6037577100,Census Tract 5771,Long Beach,Los Angeles County,California,LongBeach,97411.0,7786.0,109681.0,19303.0,,,,,102757.0,56643.0,,,124546.0,91475.0,69710.0,45136.0,104287.0,17231.0,96896.0,52499.0,$97411,$7786,$109681,$19303,,,,,$102757,$56643,,,$124546,$91475,$69710,$45136,$104287,$17231,$96896,$52499
2020,6037577200,Census Tract 5772,Long Beach,Los Angeles County,California,LongBeach,107512.0,8994.0,99405.0,23211.0,149668.0,54462.0,,,108229.0,14709.0,,,140069.0,62346.0,168321.0,133834.0,103300.0,32138.0,102178.0,49995.0,$107512,$8994,$99405,$23211,$149668,$54462,,,$108229,$14709,,,$140069,$62346,$168321,$133834,$103300,$32138,$102178,$49995
2020,6037577300,Census Tract 5773,Long Beach,Los Angeles County,California,LongBeach,109555.0,19276.0,104376.0,19099.0,,,,,98591.0,5193.0,,,,,178088.0,71821.0,104210.0,19257.0,,,$109555,$19276,$104376,$19099,,,,,$98591,$5193,,,,,$178088,$71821,$104210,$19257,,
2020,6037577400,Census Tract 5774,Long Beach,Los Angeles County,California,LongBeach,118453.0,21346.0,117176.0,22265.0,,,,,195714.0,48105.0,,,61942.0,60448.0,164555.0,106651.0,117039.0,40797.0,121317.0,88420.0,$118453,$21346,$117176,$22265,,,,,$195714,$48105,,,$61942,$60448,$164555,$106651,$117039,$40797,$121317,$88420
2020,6037577501,Census Tract 5775.01,Long Beach,Los Angeles County,California,LongBeach,159288.0,28661.0,159713.0,27836.0,,,,,151724.0,149329.0,,,,,,,161603.0,27593.0,75368.0,32453.0,$159288,$28661,$159713,$27836,,,,,$151724,$149329,,,,,,,$161603,$27593,$75368,$32453
2020,6037577504,Census Tract 5775.04,Long Beach,Los Angeles County,California,LongBeach,117096.0,19593.0,123772.0,13399.0,,,,,273826.0,188170.0,,,,,41307.0,23176.0,123931.0,16507.0,90041.0,79474.0,$117096,$19593,$123772,$13399,,,,,$273826,$188170,,,,,$41307,$23176,$123931,$16507,$90041,$79474
2020,6037577602,Census Tract 5776.02,Long Beach,Los Angeles County,California,LongBeach,109685.0,12161.0,110850.0,8717.0,,,,,115572.0,30141.0,,,,,110321.0,33658.0,111239.0,12324.0,98612.0,19785.0,$109685,$12161,$110850,$8717,,,,,$115572,$30141,,,,,$110321,$33658,$111239,$12324,$98612,$19785
2020,6037577604,Census Tract 5776.04,Long Beach,Los Angeles County,California,LongBeach,133297.0,55109.0,126010.0,54132.0,,,,,,,,,,,,,137244.0,53788.0,,,$133297,$55109,$126010,$54132,,,,,,,,,,,,,$137244,$53788,,
2020,6037577605,Census Tract 5776.05,Long Beach,Los Angeles County,California,LongBeach,127438.0,5516.0,130564.0,19719.0,125934.0,944.0,,,115003.0,19989.0,,,,,,,135602.0,21327.0,,,$127438,$5516,$130564,$19719,$125934,$944,,,$115003,$19989,,,,,,,$135602,$21327,,
2020,6037577606,Census Tract 5776.06,Long Beach,Los Angeles County,California,LongBeach,141981.0,25928.0,142179.0,29895.0,,,,,,,,,,,160386.0,103200.0,142649.0,51456.0,106147.0,65190.0,$141981,$25928,$142179,$29895,,,,,,,,,,,$160386,$103200,$142649,$51456,$106147,$65190
2020,6037577700,Census Tract 5777,Long Beach,Los Angeles County,California,LongBeach,83981.0,12053.0,116698.0,40788.0,67939.0,47406.0,,,71165.0,33603.0,,,99441.0,32126.0,83850.0,23332.0,117069.0,42343.0,115509.0,28504.0,$83981,$12053,$116698,$40788,$67939,$47406,,,$71165,$33603,,,$99441,$32126,$83850,$23332,$117069,$42343,$115509,$28504
2020,6037577900,Census Tract 5779,Long Beach,Los Angeles County,California,LongBeach,93788.0,5649.0,61766.0,13559.0,110547.0,13839.0,,,96582.0,58913.0,,,93520.0,36607.0,127353.0,71211.0,53270.0,20745.0,108196.0,28383.0,$93788,$5649,$61766,$13559,$110547,$13839,,,$96582,$58913,,,$93520,$36607,$127353,$71211,$53270,$20745,$108196,$28383
2020,6037578000,Census Tract 5780,Long Beach,Los Angeles County,California,LongBeach,55891.0,8796.0,55374.0,19676.0,,,,,65933.0,45444.0,,,62319.0,18755.0,,,,,62198.0,14989.0,$55891,$8796,$55374,$19676,,,,,$65933,$45444,,,$62319,$18755,,,,,$62198,$14989
2020,6037578100,Census Tract 5781,Long Beach,Los Angeles County,California,LongBeach,,,,,,,,,,,,,,,,,,,,,,,,,,,,,,,,,,,,,,,,
2020,6037980006,Census Tract 9800.06,Long Beach,Los Angeles County,California,LongBeach,,,,,,,,,,,,,,,,,,,,,,,,,,,,,,,,,,,,,,,,
2020,6037980007,Census Tract 9800.07,Long Beach,Los Angeles County,California,LongBeach,,,,,,,,,,,,,,,,,,,,,,,,,,,,,,,,,,,,,,,,
2020,6037980011,Census Tract 9800.11,Long Beach,Los Angeles County,California,LongBeach,21887.0,13903.0,,,,,,,,,,,,,,,,,,,$21887,$13903,,,,,,,,,,,,,,,,,,
2020,6037980018,Census Tract 9800.18,Long Beach,Los Angeles County,California,LongBeach,,,,,,,,,,,,,,,,,,,,,,,,,,,,,,,,,,,,,,,,
2020,6037980033,Census Tract 9800.33,Long Beach,Los Angeles County,California,LongBeach,,,,,,,,,,,,,,,,,,,,,,,,,,,,,,,,,,,,,,,,
2020,6037990300,Census Tract 9903,Long Beach,Los Angeles County,California,LongBeach,,,,,,,,,,,,,,,,,,,,,,,,,,,,,,,,,,,,,,,,
2021,6037544002,Census Tract 5440.02,Long Beach,Los Angeles County,California,LongBeach,95248.0,9968.0,87339.0,12054.0,146166.0,68040.0,,,108906.0,19394.0,,,88341.0,25250.0,141121.0,12794.0,85807.0,80192.0,90352.0,9811.0,$95248,$9968,$87339,$12054,$146166,$68040,,,$108906,$19394,,,$88341,$25250,$141121,$12794,$85807,$80192,$90352,$9811
2021,6037555202,Census Tract 5552.02,Long Beach,Los Angeles County,California,LongBeach,186578.0,67379.0,175366.0,69282.0,,,,,,,,,120974.0,39307.0,248152.0,36969.0,185975.0,65883.0,195966.0,125895.0,$186578,$67379,$175366,$69282,,,,,,,,,$120974,$39307,$248152,$36969,$185975,$65883,$195966,$125895
2021,6037570100,Census Tract 5701,Long Beach,Los Angeles County,California,LongBeach,98288.0,9460.0,74810.0,20394.0,150725.0,121921.0,,,180105.0,74702.0,,,107040.0,76025.0,93964.0,32842.0,80893.0,26075.0,95838.0,10041.0,$98288,$9460,$74810,$20394,$150725,$121921,,,$180105,$74702,,,$107040,$76025,$93964,$32842,$80893,$26075,$95838,$10041
2021,6037570202,Census Tract 5702.02,Long Beach,Los Angeles County,California,LongBeach,73518.0,23324.0,99719.0,39539.0,,,,,101478.0,54836.0,,,51474.0,18592.0,116340.0,71620.0,98737.0,51249.0,76166.0,33099.0,$73518,$23324,$99719,$39539,,,,,$101478,$54836,,,$51474,$18592,$116340,$71620,$98737,$51249,$76166,$33099
2021,6037570203,Census Tract 5702.03,Long Beach,Los Angeles County,California,LongBeach,67696.0,22163.0,,,68514.0,29234.0,,,,,,,57554.0,37165.0,72824.0,66925.0,,,56904.0,31650.0,$67696,$22163,,,$68514,$29234,,,,,,,$57554,$37165,$72824,$66925,,,$56904,$31650
2021,6037570204,Census Tract 5702.04,Long Beach,Los Angeles County,California,LongBeach,63450.0,13470.0,88504.0,17810.0,39631.0,37936.0,,,,,,,60555.0,21326.0,,,76302.0,38740.0,87291.0,47913.0,$63450,$13470,$88504,$17810,$39631,$37936,,,,,,,$60555,$21326,,,$76302,$38740,$87291,$47913
2021,6037570303,Census Tract 5703.03,Long Beach,Los Angeles County,California,LongBeach,62399.0,15693.0,105987.0,9566.0,38732.0,7108.0,,,,,,,62505.0,9134.0,75181.0,47230.0,99593.0,69420.0,66445.0,29645.0,$62399,$15693,$105987,$9566,$38732,$7108,,,,,,,$62505,$9134,$75181,$47230,$99593,$69420,$66445,$29645
2021,6037570304,Census Tract 5703.04,Long Beach,Los Angeles County,California,LongBeach,59860.0,13167.0,61138.0,17337.0,51613.0,37443.0,,,62017.0,52464.0,,,62457.0,13070.0,,,53356.0,13010.0,53970.0,17118.0,$59860,$13167,$61138,$17337,$51613,$37443,,,$62017,$52464,,,$62457,$13070,,,$53356,$13010,$53970,$17118
2021,6037570305,Census Tract 5703.05,Long Beach,Los Angeles County,California,LongBeach,49271.0,10333.0,37227.0,19839.0,37927.0,35820.0,,,,,,,63352.0,13100.0,,,36972.0,24892.0,62557.0,16832.0,$49271,$10333,$37227,$19839,$37927,$35820,,,,,,,$63352,$13100,,,$36972,$24892,$62557,$16832
2021,6037570306,Census Tract 5703.06,Long Beach,Los Angeles County,California,LongBeach,61839.0,49757.0,126175.0,11728.0,,,,,,,,,,,,,128364.0,11094.0,,,$61839,$49757,$126175,$11728,,,,,,,,,,,,,$128364,$11094,,
2021,6037570402,Census Tract 5704.02,Long Beach,Los Angeles County,California,LongBeach,88283.0,13560.0,92759.0,53476.0,88515.0,26100.0,,,99444.0,11590.0,,,75307.0,18698.0,182475.0,152167.0,,,77842.0,24018.0,$88283,$13560,$92759,$53476,$88515,$26100,,,$99444,$11590,,,$75307,$18698,$182475,$152167,,,$77842,$24018
2021,6037570403,Census Tract 5704.03,Long Beach,Los Angeles County,California,LongBeach,67212.0,6766.0,95763.0,49633.0,,,,,67940.0,47098.0,,,62328.0,6943.0,,,,,65766.0,8244.0,$67212,$6766,$95763,$49633,,,,,$67940,$47098,,,$62328,$6943,,,,,$65766,$8244
2021,6037570404,Census Tract 5704.04,Long Beach,Los Angeles County,California,LongBeach,77564.0,9545.0,83777.0,28702.0,64962.0,22505.0,,,,,,,67776.0,21234.0,,,82703.0,11288.0,68935.0,15200.0,$77564,$9545,$83777,$28702,$64962,$22505,,,,,,,$67776,$21234,,,$82703,$11288,$68935,$15200
2021,6037570502,Census Tract 5705.02,Long Beach,Los Angeles County,California,LongBeach,91810.0,13286.0,90065.0,22648.0,94437.0,38434.0,,,,,,,70742.0,20502.0,269691.0,214914.0,89065.0,76581.0,89789.0,29055.0,$91810,$13286,$90065,$22648,$94437,$38434,,,,,,,$70742,$20502,$269691,$214914,$89065,$76581,$89789,$29055
2021,6037570503,Census Tract 5705.03,Long Beach,Los Angeles County,California,LongBeach,85840.0,35504.0,98227.0,45379.0,92565.0,67377.0,,,,,,,107695.0,54405.0,,,98290.0,42259.0,96986.0,75315.0,$85840,$35504,$98227,$45379,$92565,$67377,,,,,,,$107695,$54405,,,$98290,$42259,$96986,$75315
2021,6037570504,Census Tract 5705.04,Long Beach,Los Angeles County,California,LongBeach,69153.0,32003.0,181144.0,99864.0,,,,,80043.0,13612.0,,,,,88733.0,26266.0,180635.0,140223.0,57813.0,31809.0,$69153,$32003,$181144,$99864,,,,,$80043,$13612,,,,,$88733,$26266,$180635,$140223,$57813,$31809
2021,6037570601,Census Tract 5706.01,Long Beach,Los Angeles County,California,LongBeach,81143.0,11525.0,112615.0,21509.0,57712.0,18220.0,,,75979.0,16196.0,,,77031.0,14291.0,106115.0,40336.0,111926.0,21058.0,98145.0,24905.0,$81143,$11525,$112615,$21509,$57712,$18220,,,$75979,$16196,,,$77031,$14291,$106115,$40336,$111926,$21058,$98145,$24905
2021,6037570602,Census Tract 5706.02,Long Beach,Los Angeles County,California,LongBeach,75416.0,19740.0,75886.0,23988.0,113183.0,60023.0,,,61652.0,31663.0,,,67963.0,25202.0,95960.0,50397.0,78059.0,58658.0,76575.0,30275.0,$75416,$19740,$75886,$23988,$113183,$60023,,,$61652,$31663,,,$67963,$25202,$95960,$50397,$78059,$58658,$76575,$30275
2021,6037570603,Census Tract 5706.03,Long Beach,Los Angeles County,California,LongBeach,51795.0,14559.0,56119.0,10830.0,40629.0,23904.0,,,43446.0,28458.0,,,67844.0,10427.0,,,56057.0,10629.0,68109.0,10149.0,$51795,$14559,$56119,$10830,$40629,$23904,,,$43446,$28458,,,$67844,$10427,,,$56057,$10629,$68109,$10149
2021,6037571201,Census Tract 5712.01,Long Beach,Los Angeles County,California,LongBeach,131498.0,14962.0,141627.0,44197.0,,,,,,,,,125639.0,26442.0,,,181841.0,54942.0,98659.0,48958.0,$131498,$14962,$141627,$44197,,,,,,,,,$125639,$26442,,,$181841,$54942,$98659,$48958
2021,6037571202,Census Tract 5712.02,Long Beach,Los Angeles County,California,LongBeach,92964.0,45660.0,108202.0,37899.0,,,,,,,,,71100.0,54052.0,,,94858.0,38560.0,,,$92964,$45660,$108202,$37899,,,,,,,,,$71100,$54052,,,$94858,$38560,,
2021,6037571300,Census Tract 5713,Long Beach,Los Angeles County,California,LongBeach,128640.0,17551.0,129337.0,19162.0,117668.0,112246.0,,,86761.0,79400.0,,,198984.0,68489.0,221817.0,101232.0,123878.0,24036.0,187544.0,62016.0,$128640,$17551,$129337,$19162,$117668,$112246,,,$86761,$79400,,,$198984,$68489,$221817,$101232,$123878,$24036,$187544,$62016
2021,6037571502,Census Tract 5715.02,Long Beach,Los Angeles County,California,LongBeach,77507.0,24084.0,72160.0,39565.0,61527.0,9054.0,166222.0,48703.0,103896.0,89918.0,,,,,,,105061.0,61110.0,64549.0,41028.0,$77507,$24084,$72160,$39565,$61527,$9054,$166222,$48703,$103896,$89918,,,,,,,$105061,$61110,$64549,$41028
2021,6037571504,Census Tract 5715.04,Long Beach,Los Angeles County,California,LongBeach,84089.0,23424.0,78435.0,70095.0,65604.0,48550.0,,,85667.0,32075.0,,,94617.0,61332.0,73859.0,39810.0,75307.0,67950.0,93289.0,25458.0,$84089,$23424,$78435,$70095,$65604,$48550,,,$85667,$32075,,,$94617,$61332,$73859,$39810,$75307,$67950,$93289,$25458
2021,6037571505,Census Tract 5715.05,Long Beach,Los Angeles County,California,LongBeach,96701.0,6022.0,140265.0,31255.0,107409.0,80416.0,,,123967.0,88328.0,,,72195.0,24351.0,95719.0,61471.0,140884.0,48331.0,86192.0,24654.0,$96701,$6022,$140265,$31255,$107409,$80416,,,$123967,$88328,,,$72195,$24351,$95719,$61471,$140884,$48331,$86192,$24654
2021,6037571600,Census Tract 5716,Long Beach,Los Angeles County,California,LongBeach,27102.0,4483.0,28501.0,14795.0,25898.0,8898.0,,,,,,,19852.0,15075.0,49883.0,6735.0,26821.0,5159.0,29196.0,9017.0,$27102,$4483,$28501,$14795,$25898,$8898,,,,,,,$19852,$15075,$49883,$6735,$26821,$5159,$29196,$9017
2021,6037571701,Census Tract 5717.01,Long Beach,Los Angeles County,California,LongBeach,81861.0,8398.0,60577.0,27934.0,61739.0,13164.0,,,153511.0,54041.0,,,82972.0,26351.0,89114.0,41139.0,76292.0,34778.0,81583.0,20658.0,$81861,$8398,$60577,$27934,$61739,$13164,,,$153511,$54041,,,$82972,$26351,$89114,$41139,$76292,$34778,$81583,$20658
2021,6037571703,Census Tract 5717.03,Long Beach,Los Angeles County,California,LongBeach,50268.0,15941.0,110305.0,50655.0,24228.0,8770.0,,,,,,,51946.0,35892.0,,,94809.0,86384.0,57159.0,27058.0,$50268,$15941,$110305,$50655,$24228,$8770,,,,,,,$51946,$35892,,,$94809,$86384,$57159,$27058
2021,6037571704,Census Tract 5717.04,Long Beach,Los Angeles County,California,LongBeach,62734.0,16825.0,91847.0,17814.0,,,,,,,,,48826.0,21508.0,82669.0,7432.0,99719.0,74690.0,68122.0,17567.0,$62734,$16825,$91847,$17814,,,,,,,,,$48826,$21508,$82669,$7432,$99719,$74690,$68122,$17567
2021,6037571800,Census Tract 5718,Long Beach,Los Angeles County,California,LongBeach,132270.0,26104.0,221577.0,73110.0,69635.0,32613.0,,,139625.0,40772.0,,,,,92966.0,90243.0,241851.0,57172.0,114698.0,45601.0,$132270,$26104,$221577,$73110,$69635,$32613,,,$139625,$40772,,,,,$92966,$90243,$241851,$57172,$114698,$45601
2021,6037571900,Census Tract 5719,Long Beach,Los Angeles County,California,LongBeach,98936.0,30598.0,111256.0,39578.0,,,,,129919.0,120279.0,,,76072.0,23145.0,,,133021.0,34770.0,69321.0,16831.0,$98936,$30598,$111256,$39578,,,,,$129919,$120279,,,$76072,$23145,,,$133021,$34770,$69321,$16831
2021,6037572001,Census Tract 5720.01,Long Beach,Los Angeles County,California,LongBeach,115939.0,27737.0,133356.0,34871.0,84711.0,48984.0,,,112347.0,75454.0,,,150656.0,103861.0,173100.0,50580.0,138304.0,43713.0,122394.0,40513.0,$115939,$27737,$133356,$34871,$84711,$48984,,,$112347,$75454,,,$150656,$103861,$173100,$50580,$138304,$43713,$122394,$40513
2021,6037572201,Census Tract 5722.01,Long Beach,Los Angeles County,California,LongBeach,86458.0,22467.0,85807.0,38116.0,,,,,94412.0,16599.0,,,64501.0,6391.0,133749.0,36693.0,85518.0,63037.0,91126.0,46525.0,$86458,$22467,$85807,$38116,,,,,$94412,$16599,,,$64501,$6391,$133749,$36693,$85518,$63037,$91126,$46525
2021,6037572202,Census Tract 5722.02,Long Beach,Los Angeles County,California,LongBeach,120480.0,6969.0,121765.0,6161.0,114650.0,12174.0,,,108616.0,27954.0,,,159786.0,102812.0,251475.0,102684.0,119897.0,74570.0,123032.0,21876.0,$120480,$6969,$121765,$6161,$114650,$12174,,,$108616,$27954,,,$159786,$102812,$251475,$102684,$119897,$74570,$123032,$21876
2021,6037572301,Census Tract 5723.01,Long Beach,Los Angeles County,California,LongBeach,69935.0,10793.0,50887.0,33017.0,,,,,68356.0,29833.0,,,79444.0,22038.0,174993.0,102714.0,45378.0,26917.0,76272.0,16536.0,$69935,$10793,$50887,$33017,,,,,$68356,$29833,,,$79444,$22038,$174993,$102714,$45378,$26917,$76272,$16536
2021,6037572500,Census Tract 5725,Long Beach,Los Angeles County,California,LongBeach,58743.0,18599.0,72686.0,20490.0,23803.0,16767.0,,,51578.0,41282.0,,,78392.0,59260.0,,,74686.0,33251.0,78959.0,27473.0,$58743,$18599,$72686,$20490,$23803,$16767,,,$51578,$41282,,,$78392,$59260,,,$74686,$33251,$78959,$27473
2021,6037572600,Census Tract 5726,Long Beach,Los Angeles County,California,LongBeach,83635.0,21574.0,66242.0,32148.0,62702.0,20342.0,,,170346.0,69803.0,24995.0,911.0,103788.0,62812.0,133904.0,83300.0,78747.0,43870.0,82693.0,32739.0,$83635,$21574,$66242,$32148,$62702,$20342,,,$170346,$69803,$24995,$911,$103788,$62812,$133904,$83300,$78747,$43870,$82693,$32739
2021,6037572700,Census Tract 5727,Long Beach,Los Angeles County,California,LongBeach,91660.0,9844.0,84746.0,12854.0,,,,,114450.0,16093.0,,,77615.0,8124.0,,,,,84610.0,9174.0,$91660,$9844,$84746,$12854,,,,,$114450,$16093,,,$77615,$8124,,,,,$84610,$9174
2021,6037573002,Census Tract 5730.02,Long Beach,Los Angeles County,California,LongBeach,61035.0,10339.0,62647.0,25535.0,61853.0,15905.0,,,55931.0,12560.0,,,71389.0,34383.0,,,14157.0,12217.0,68393.0,8249.0,$61035,$10339,$62647,$25535,$61853,$15905,,,$55931,$12560,,,$71389,$34383,,,$14157,$12217,$68393,$8249
2021,6037573003,Census Tract 5730.03,Long Beach,Los Angeles County,California,LongBeach,96035.0,11994.0,102137.0,12244.0,146559.0,84740.0,,,70435.0,13106.0,,,117173.0,47073.0,83417.0,23804.0,106009.0,13143.0,96125.0,15814.0,$96035,$11994,$102137,$12244,$146559,$84740,,,$70435,$13106,,,$117173,$47073,$83417,$23804,$106009,$13143,$96125,$15814
2021,6037573004,Census Tract 5730.04,Long Beach,Los Angeles County,California,LongBeach,58151.0,10281.0,93805.0,51363.0,40096.0,14477.0,,,,,58948.0,46301.0,49860.0,41412.0,,,126799.0,70131.0,66256.0,33096.0,$58151,$10281,$93805,$51363,$40096,$14477,,,,,$58948,$46301,$49860,$41412,,,$126799,$70131,$66256,$33096
2021,6037573101,Census Tract 5731.01,Long Beach,Los Angeles County,California,LongBeach,62112.0,32702.0,84325.0,48391.0,,,,,47345.0,43085.0,,,87946.0,6205.0,,,144607.0,24464.0,62145.0,32993.0,$62112,$32702,$84325,$48391,,,,,$47345,$43085,,,$87946,$6205,,,$144607,$24464,$62145,$32993
2021,6037573102,Census Tract 5731.02,Long Beach,Los Angeles County,California,LongBeach,93568.0,38675.0,69128.0,56859.0,133804.0,75337.0,,,151049.0,58749.0,,,67309.0,33760.0,,,165418.0,110035.0,64980.0,34369.0,$93568,$38675,$69128,$56859,$133804,$75337,,,$151049,$58749,,,$67309,$33760,,,$165418,$110035,$64980,$34369
2021,6037573201,Census Tract 5732.01,Long Beach,Los Angeles County,California,LongBeach,53661.0,5613.0,53522.0,8327.0,,,,,80837.0,33283.0,,,45257.0,14701.0,,,44261.0,23312.0,54539.0,4414.0,$53661,$5613,$53522,$8327,,,,,$80837,$33283,,,$45257,$14701,,,$44261,$23312,$54539,$4414
2021,6037573202,Census Tract 5732.02,Long Beach,Los Angeles County,California,LongBeach,70267.0,5924.0,67840.0,29795.0,69739.0,26689.0,19714.0,11258.0,,,,,78228.0,28109.0,,,85230.0,62469.0,67926.0,13741.0,$70267,$5924,$67840,$29795,$69739,$26689,$19714,$11258,,,,,$78228,$28109,,,$85230,$62469,$67926,$13741
2021,6037573300,Census Tract 5733,Long Beach,Los Angeles County,California,LongBeach,55255.0,9547.0,,,45494.0,32023.0,,,56926.0,14537.0,,,62500.0,4255.0,84431.0,58651.0,,,60955.0,7704.0,$55255,$9547,,,$45494,$32023,,,$56926,$14537,,,$62500,$4255,$84431,$58651,,,$60955,$7704
2021,6037573601,Census Tract 5736.01,Long Beach,Los Angeles County,California,LongBeach,130931.0,18595.0,127699.0,22842.0,,,,,208621.0,182724.0,,,,,119674.0,108504.0,118443.0,34324.0,211876.0,88539.0,$130931,$18595,$127699,$22842,,,,,$208621,$182724,,,,,$119674,$108504,$118443,$34324,$211876,$88539
2021,6037573700,Census Tract 5737,Long Beach,Los Angeles County,California,LongBeach,151376.0,18206.0,148969.0,27230.0,,,,,187109.0,72766.0,,,,,134753.0,118450.0,130547.0,38094.0,160913.0,45978.0,$151376,$18206,$148969,$27230,,,,,$187109,$72766,,,,,$134753,$118450,$130547,$38094,$160913,$45978
2021,6037573800,Census Tract 5738,Long Beach,Los Angeles County,California,LongBeach,145545.0,29914.0,121183.0,33307.0,,,207818.0,129066.0,239162.0,66066.0,,,,,238064.0,78243.0,116501.0,23813.0,207391.0,35976.0,$145545,$29914,$121183,$33307,,,$207818,$129066,$239162,$66066,,,,,$238064,$78243,$116501,$23813,$207391,$35976
2021,6037573902,Census Tract 5739.02,Long Beach,Los Angeles County,California,LongBeach,179289.0,34727.0,173786.0,37474.0,217232.0,168303.0,,,188268.0,129254.0,,,247416.0,200093.0,,,175892.0,35151.0,198405.0,149407.0,$179289,$34727,$173786,$37474,$217232,$168303,,,$188268,$129254,,,$247416,$200093,,,$175892,$35151,$198405,$149407
2021,6037574000,Census Tract 5740,Long Beach,Los Angeles County,California,LongBeach,152062.0,16128.0,141312.0,19701.0,121480.0,74410.0,,,170455.0,52610.0,,,207215.0,147487.0,188795.0,26598.0,138925.0,15819.0,207335.0,67159.0,$152062,$16128,$141312,$19701,$121480,$74410,,,$170455,$52610,,,$207215,$147487,$188795,$26598,$138925,$15819,$207335,$67159
2021,6037574100,Census Tract 5741,Long Beach,Los Angeles County,California,LongBeach,136959.0,16190.0,143166.0,17621.0,113958.0,14102.0,,,151863.0,26338.0,,,45602.0,41441.0,142959.0,80902.0,134885.0,7706.0,211820.0,66948.0,$136959,$16190,$143166,$17621,$113958,$14102,,,$151863,$26338,,,$45602,$41441,$142959,$80902,$134885,$7706,$211820,$66948
2021,6037574201,Census Tract 5742.01,Long Beach,Los Angeles County,California,LongBeach,144982.0,16168.0,136277.0,15797.0,,,,,138739.0,51184.0,,,,,189716.0,71253.0,127986.0,22565.0,146603.0,28361.0,$144982,$16168,$136277,$15797,,,,,$138739,$51184,,,,,$189716,$71253,$127986,$22565,$146603,$28361
2021,6037574202,Census Tract 5742.02,Long Beach,Los Angeles County,California,LongBeach,108435.0,20199.0,118392.0,24883.0,152476.0,48293.0,,,186303.0,134578.0,,,46922.0,46379.0,73497.0,53118.0,106547.0,24126.0,124657.0,35355.0,$108435,$20199,$118392,$24883,$152476,$48293,,,$186303,$134578,,,$46922,$46379,$73497,$53118,$106547,$24126,$124657,$35355
2021,6037574300,Census Tract 5743,Long Beach,Los Angeles County,California,LongBeach,123902.0,20372.0,134132.0,30213.0,,,,,122535.0,4583.0,,,45531.0,2290.0,,,131232.0,21653.0,,,$123902,$20372,$134132,$30213,,,,,$122535,$4583,,,$45531,$2290,,,$131232,$21653,,
2021,6037574400,Census Tract 5744,Long Beach,Los Angeles County,California,LongBeach,146346.0,25197.0,143484.0,22609.0,,,,,113250.0,86973.0,,,,,232132.0,29186.0,136957.0,31168.0,197888.0,22692.0,$146346,$25197,$143484,$22609,,,,,$113250,$86973,,,,,$232132,$29186,$136957,$31168,$197888,$22692
2021,6037574500,Census Tract 5745,Long Beach,Los Angeles County,California,LongBeach,147477.0,51877.0,126317.0,58751.0,,,,,,,,,,,238346.0,103377.0,123187.0,34521.0,169552.0,100270.0,$147477,$51877,$126317,$58751,,,,,,,,,,,$238346,$103377,$123187,$34521,$169552,$100270
2021,6037574602,Census Tract 5746.02,Long Beach,Los Angeles County,California,LongBeach,120926.0,36970.0,135227.0,48367.0,,,,,89500.0,25160.0,,,,,,,117610.0,18332.0,,,$120926,$36970,$135227,$48367,,,,,$89500,$25160,,,,,,,$117610,$18332,,
2021,6037574800,Census Tract 5748,Long Beach,Los Angeles County,California,LongBeach,81042.0,23629.0,108786.0,36803.0,65240.0,3549.0,,,,,,,24817.0,2187.0,36929.0,31937.0,127493.0,43486.0,37167.0,21021.0,$81042,$23629,$108786,$36803,$65240,$3549,,,,,,,$24817,$2187,$36929,$31937,$127493,$43486,$37167,$21021
2021,6037574901,Census Tract 5749.01,Long Beach,Los Angeles County,California,LongBeach,157951.0,20598.0,160243.0,8303.0,,,,,265747.0,116152.0,,,44957.0,14898.0,121831.0,51700.0,159905.0,10914.0,,,$157951,$20598,$160243,$8303,,,,,$265747,$116152,,,$44957,$14898,$121831,$51700,$159905,$10914,,
2021,6037574902,Census Tract 5749.02,Long Beach,Los Angeles County,California,LongBeach,79416.0,28363.0,87054.0,36292.0,63962.0,35114.0,,,84676.0,11625.0,,,56279.0,27624.0,,,97030.0,46838.0,54658.0,5722.0,$79416,$28363,$87054,$36292,$63962,$35114,,,$84676,$11625,,,$56279,$27624,,,$97030,$46838,$54658,$5722
2021,6037575001,Census Tract 5750.01,Long Beach,Los Angeles County,California,LongBeach,108982.0,12040.0,115725.0,24601.0,102823.0,77123.0,,,114966.0,90050.0,,,,,,,137219.0,32747.0,70962.0,68228.0,$108982,$12040,$115725,$24601,$102823,$77123,,,$114966,$90050,,,,,,,$137219,$32747,$70962,$68228
2021,6037575002,Census Tract 5750.02,Long Beach,Los Angeles County,California,LongBeach,81824.0,28143.0,94679.0,26685.0,59643.0,20792.0,,,,,,,68192.0,49598.0,,,102476.0,47688.0,83417.0,34649.0,$81824,$28143,$94679,$26685,$59643,$20792,,,,,,,$68192,$49598,,,$102476,$47688,$83417,$34649
2021,6037575101,Census Tract 5751.01,Long Beach,Los Angeles County,California,LongBeach,57060.0,10366.0,57173.0,16647.0,69630.0,29720.0,50526.0,30512.0,,,,,67175.0,23975.0,55631.0,3053.0,67825.0,32413.0,57060.0,8948.0,$57060,$10366,$57173,$16647,$69630,$29720,$50526,$30512,,,,,$67175,$23975,$55631,$3053,$67825,$32413,$57060,$8948
2021,6037575102,Census Tract 5751.02,Long Beach,Los Angeles County,California,LongBeach,46743.0,7191.0,49114.0,18368.0,33792.0,3071.0,,,40239.0,29281.0,,,59913.0,9249.0,,,,,53584.0,17432.0,$46743,$7191,$49114,$18368,$33792,$3071,,,$40239,$29281,,,$59913,$9249,,,,,$53584,$17432
2021,6037575103,Census Tract 5751.03,Long Beach,Los Angeles County,California,LongBeach,63282.0,7454.0,73709.0,35864.0,35835.0,12355.0,,,63051.0,6213.0,,,87502.0,38322.0,63217.0,19184.0,97271.0,20079.0,56915.0,19171.0,$63282,$7454,$73709,$35864,$35835,$12355,,,$63051,$6213,,,$87502,$38322,$63217,$19184,$97271,$20079,$56915,$19171
2021,6037575201,Census Tract 5752.01,Long Beach,Los Angeles County,California,LongBeach,59488.0,9179.0,68549.0,6362.0,40082.0,15636.0,86410.0,65193.0,68198.0,33998.0,,,40115.0,7277.0,93858.0,61951.0,59823.0,14268.0,61115.0,16167.0,$59488,$9179,$68549,$6362,$40082,$15636,$86410,$65193,$68198,$33998,,,$40115,$7277,$93858,$61951,$59823,$14268,$61115,$16167
2021,6037575202,Census Tract 5752.02,Long Beach,Los Angeles County,California,LongBeach,58028.0,8237.0,72813.0,32158.0,48630.0,39657.0,,,35138.0,22257.0,,,55645.0,12411.0,223804.0,204271.0,157685.0,62873.0,57830.0,5809.0,$58028,$8237,$72813,$32158,$48630,$39657,,,$35138,$22257,,,$55645,$12411,$223804,$204271,$157685,$62873,$57830,$5809
2021,6037575300,Census Tract 5753,Long Beach,Los Angeles County,California,LongBeach,49989.0,15447.0,58375.0,18928.0,,,,,22731.0,21554.0,,,59727.0,34382.0,116064.0,71740.0,50274.0,34173.0,64065.0,10564.0,$49989,$15447,$58375,$18928,,,,,$22731,$21554,,,$59727,$34382,$116064,$71740,$50274,$34173,$64065,$10564
2021,6037575401,Census Tract 5754.01,Long Beach,Los Angeles County,California,LongBeach,43543.0,12859.0,39415.0,14391.0,,,,,,,,,48643.0,19495.0,67632.0,59082.0,49550.0,23214.0,39153.0,13099.0,$43543,$12859,$39415,$14391,,,,,,,,,$48643,$19495,$67632,$59082,$49550,$23214,$39153,$13099
2021,6037575402,Census Tract 5754.02,Long Beach,Los Angeles County,California,LongBeach,59435.0,10350.0,63367.0,9795.0,78733.0,30477.0,,,,,,,55515.0,13116.0,39025.0,14206.0,44763.0,29181.0,57445.0,6980.0,$59435,$10350,$63367,$9795,$78733,$30477,,,,,,,$55515,$13116,$39025,$14206,$44763,$29181,$57445,$6980
2021,6037575801,Census Tract 5758.01,Long Beach,Los Angeles County,California,LongBeach,45590.0,16382.0,45908.0,13532.0,25015.0,23103.0,101954.0,97004.0,,,,,84901.0,13680.0,39433.0,35156.0,51774.0,30561.0,45213.0,24863.0,$45590,$16382,$45908,$13532,$25015,$23103,$101954,$97004,,,,,$84901,$13680,$39433,$35156,$51774,$30561,$45213,$24863
2021,6037575802,Census Tract 5758.02,Long Beach,Los Angeles County,California,LongBeach,54160.0,8455.0,53463.0,20166.0,,,,,69755.0,47245.0,,,63948.0,10078.0,51373.0,4962.0,53970.0,38154.0,58933.0,8105.0,$54160,$8455,$53463,$20166,,,,,$69755,$47245,,,$63948,$10078,$51373,$4962,$53970,$38154,$58933,$8105
2021,6037575803,Census Tract 5758.03,Long Beach,Los Angeles County,California,LongBeach,30601.0,12728.0,34677.0,7349.0,31546.0,25885.0,,,14019.0,7423.0,,,,,,,32002.0,14902.0,38349.0,24272.0,$30601,$12728,$34677,$7349,$31546,$25885,,,$14019,$7423,,,,,,,$32002,$14902,$38349,$24272
2021,6037575901,Census Tract 5759.01,Long Beach,Los Angeles County,California,LongBeach,64147.0,13829.0,62997.0,25352.0,90421.0,52999.0,,,84259.0,50948.0,,,59739.0,17816.0,,,77975.0,35362.0,40136.0,35844.0,$64147,$13829,$62997,$25352,$90421,$52999,,,$84259,$50948,,,$59739,$17816,,,$77975,$35362,$40136,$35844
2021,6037575902,Census Tract 5759.02,Long Beach,Los Angeles County,California,LongBeach,64712.0,8646.0,75943.0,16258.0,61234.0,23869.0,,,82065.0,68521.0,,,53032.0,36242.0,,,76548.0,20048.0,54101.0,47615.0,$64712,$8646,$75943,$16258,$61234,$23869,,,$82065,$68521,,,$53032,$36242,,,$76548,$20048,$54101,$47615
2021,6037576001,Census Tract 5760.01,Long Beach,Los Angeles County,California,LongBeach,102814.0,6982.0,105140.0,13686.0,61988.0,33529.0,,,95845.0,33999.0,,,,,83001.0,55725.0,106271.0,19103.0,86330.0,36900.0,$102814,$6982,$105140,$13686,$61988,$33529,,,$95845,$33999,,,,,$83001,$55725,$106271,$19103,$86330,$36900
2021,6037576200,Census Tract 5762,Long Beach,Los Angeles County,California,LongBeach,56369.0,10377.0,73826.0,25373.0,48746.0,27279.0,,,,,,,50334.0,12905.0,59460.0,40122.0,75709.0,36627.0,51562.0,6308.0,$56369,$10377,$73826,$25373,$48746,$27279,,,,,,,$50334,$12905,$59460,$40122,$75709,$36627,$51562,$6308
2021,6037576301,Census Tract 5763.01,Long Beach,Los Angeles County,California,LongBeach,59654.0,9097.0,65202.0,12196.0,25208.0,5847.0,,,87697.0,43709.0,,,36314.0,7672.0,72581.0,13149.0,95471.0,29870.0,62010.0,9353.0,$59654,$9097,$65202,$12196,$25208,$5847,,,$87697,$43709,,,$36314,$7672,$72581,$13149,$95471,$29870,$62010,$9353
2021,6037576302,Census Tract 5763.02,Long Beach,Los Angeles County,California,LongBeach,42955.0,17421.0,77996.0,19601.0,36837.0,32654.0,,,41239.0,25926.0,,,58814.0,22844.0,,,,,59819.0,25511.0,$42955,$17421,$77996,$19601,$36837,$32654,,,$41239,$25926,,,$58814,$22844,,,,,$59819,$25511
2021,6037576401,Census Tract 5764.01,Long Beach,Los Angeles County,California,LongBeach,58682.0,17647.0,50766.0,23737.0,58363.0,42610.0,,,,,,,73117.0,24732.0,,,34535.0,33743.0,63238.0,17190.0,$58682,$17647,$50766,$23737,$58363,$42610,,,,,,,$73117,$24732,,,$34535,$33743,$63238,$17190
2021,6037576402,Census Tract 5764.02,Long Beach,Los Angeles County,California,LongBeach,57729.0,6482.0,76646.0,12048.0,38812.0,12076.0,,,35689.0,12364.0,,,57195.0,3006.0,,,84576.0,13815.0,61075.0,6671.0,$57729,$6482,$76646,$12048,$38812,$12076,,,$35689,$12364,,,$57195,$3006,,,$84576,$13815,$61075,$6671
2021,6037576403,Census Tract 5764.03,Long Beach,Los Angeles County,California,LongBeach,54791.0,15048.0,75864.0,24321.0,47791.0,11673.0,,,,,,,47067.0,4509.0,189877.0,112311.0,102289.0,5760.0,48143.0,8500.0,$54791,$15048,$75864,$24321,$47791,$11673,,,,,,,$47067,$4509,$189877,$112311,$102289,$5760,$48143,$8500
2021,6037576501,Census Tract 5765.01,Long Beach,Los Angeles County,California,LongBeach,46237.0,19426.0,51764.0,21082.0,38088.0,23027.0,,,,,,,,,,,49366.0,25127.0,51683.0,25512.0,$46237,$19426,$51764,$21082,$38088,$23027,,,,,,,,,,,$49366,$25127,$51683,$25512
2021,6037576502,Census Tract 5765.02,Long Beach,Los Angeles County,California,LongBeach,76851.0,21618.0,70416.0,12771.0,,,,,115496.0,50983.0,,,59899.0,50820.0,,,71990.0,21366.0,84518.0,37079.0,$76851,$21618,$70416,$12771,,,,,$115496,$50983,,,$59899,$50820,,,$71990,$21366,$84518,$37079
2021,6037576503,Census Tract 5765.03,Long Beach,Los Angeles County,California,LongBeach,72533.0,10493.0,84523.0,30344.0,35394.0,4394.0,,,73032.0,16108.0,,,68066.0,26305.0,61871.0,22059.0,106971.0,19975.0,68211.0,17668.0,$72533,$10493,$84523,$30344,$35394,$4394,,,$73032,$16108,,,$68066,$26305,$61871,$22059,$106971,$19975,$68211,$17668
2021,6037576601,Census Tract 5766.01,Long Beach,Los Angeles County,California,LongBeach,63477.0,8429.0,80021.0,32464.0,55880.0,23935.0,,,,,,,52435.0,24101.0,56770.0,30139.0,90100.0,33449.0,53794.0,3147.0,$63477,$8429,$80021,$32464,$55880,$23935,,,,,,,$52435,$24101,$56770,$30139,$90100,$33449,$53794,$3147
2021,6037576602,Census Tract 5766.02,Long Beach,Los Angeles County,California,LongBeach,86442.0,10528.0,93931.0,14767.0,62595.0,44933.0,,,91028.0,29125.0,,,49613.0,27764.0,,,95163.0,17491.0,65601.0,44113.0,$86442,$10528,$93931,$14767,$62595,$44933,,,$91028,$29125,,,$49613,$27764,,,$95163,$17491,$65601,$44113
2021,6037576700,Census Tract 5767,Long Beach,Los Angeles County,California,LongBeach,110685.0,21111.0,123512.0,27964.0,31137.0,25347.0,,,158000.0,125650.0,,,54761.0,44284.0,,,128294.0,24539.0,100410.0,47706.0,$110685,$21111,$123512,$27964,$31137,$25347,,,$158000,$125650,,,$54761,$44284,,,$128294,$24539,$100410,$47706
2021,6037576801,Census Tract 5768.01,Long Beach,Los Angeles County,California,LongBeach,64162.0,11006.0,64156.0,24971.0,63083.0,13962.0,,,115594.0,54373.0,,,,,45699.0,19697.0,59803.0,32653.0,51291.0,42523.0,$64162,$11006,$64156,$24971,$63083,$13962,,,$115594,$54373,,,,,$45699,$19697,$59803,$32653,$51291,$42523
2021,6037576802,Census Tract 5768.02,Long Beach,Los Angeles County,California,LongBeach,81425.0,20053.0,90897.0,26129.0,73376.0,6897.0,,,68645.0,16066.0,,,72531.0,17257.0,115095.0,38291.0,96125.0,21772.0,71094.0,28729.0,$81425,$20053,$90897,$26129,$73376,$6897,,,$68645,$16066,,,$72531,$17257,$115095,$38291,$96125,$21772,$71094,$28729
2021,6037576901,Census Tract 5769.01,Long Beach,Los Angeles County,California,LongBeach,56092.0,9535.0,66712.0,14425.0,37226.0,9284.0,,,52679.0,24909.0,,,43266.0,27280.0,66980.0,14715.0,53367.0,44852.0,64410.0,8233.0,$56092,$9535,$66712,$14425,$37226,$9284,,,$52679,$24909,,,$43266,$27280,$66980,$14715,$53367,$44852,$64410,$8233
2021,6037576903,Census Tract 5769.03,Long Beach,Los Angeles County,California,LongBeach,53946.0,13612.0,47589.0,16877.0,66107.0,50986.0,,,,,,,64090.0,13761.0,80086.0,55686.0,42361.0,28526.0,55808.0,14363.0,$53946,$13612,$47589,$16877,$66107,$50986,,,,,,,$64090,$13761,$80086,$55686,$42361,$28526,$55808,$14363
2021,6037576904,Census Tract 5769.04,Long Beach,Los Angeles County,California,LongBeach,74435.0,11955.0,75151.0,16043.0,,,,,96885.0,73960.0,,,73607.0,9435.0,,,80487.0,32764.0,72977.0,30557.0,$74435,$11955,$75151,$16043,,,,,$96885,$73960,,,$73607,$9435,,,$80487,$32764,$72977,$30557
2021,6037577000,Census Tract 5770,Long Beach,Los Angeles County,California,LongBeach,85299.0,15344.0,82267.0,25633.0,,,,,104823.0,67917.0,,,113665.0,24995.0,,,73962.0,28283.0,86452.0,33666.0,$85299,$15344,$82267,$25633,,,,,$104823,$67917,,,$113665,$24995,,,$73962,$28283,$86452,$33666
2021,6037577100,Census Tract 5771,Long Beach,Los Angeles County,California,LongBeach,97637.0,11298.0,98521.0,20562.0,65881.0,59067.0,,,203348.0,129163.0,,,124749.0,105226.0,89819.0,18368.0,97789.0,13305.0,95401.0,51825.0,$97637,$11298,$98521,$20562,$65881,$59067,,,$203348,$129163,,,$124749,$105226,$89819,$18368,$97789,$13305,$95401,$51825
2021,6037577200,Census Tract 5772,Long Beach,Los Angeles County,California,LongBeach,108741.0,13135.0,104316.0,29634.0,110504.0,53851.0,,,109269.0,70640.0,,,125560.0,57757.0,129374.0,101005.0,99390.0,31632.0,115171.0,27588.0,$108741,$13135,$104316,$29634,$110504,$53851,,,$109269,$70640,,,$125560,$57757,$129374,$101005,$99390,$31632,$115171,$27588
2021,6037577300,Census Tract 5773,Long Beach,Los Angeles County,California,LongBeach,112857.0,15478.0,107187.0,13479.0,,,,,96447.0,29410.0,,,,,174659.0,39922.0,105912.0,15270.0,,,$112857,$15478,$107187,$13479,,,,,$96447,$29410,,,,,$174659,$39922,$105912,$15270,,
2021,6037577400,Census Tract 5774,Long Beach,Los Angeles County,California,LongBeach,117758.0,15367.0,118482.0,14079.0,,,,,194483.0,132509.0,,,,,163562.0,45386.0,116128.0,31620.0,140088.0,36786.0,$117758,$15367,$118482,$14079,,,,,$194483,$132509,,,,,$163562,$45386,$116128,$31620,$140088,$36786
2021,6037577501,Census Tract 5775.01,Long Beach,Los Angeles County,California,LongBeach,159948.0,28787.0,162666.0,25690.0,,,,,,,,,,,,,167872.0,35237.0,74438.0,56333.0,$159948,$28787,$162666,$25690,,,,,,,,,,,,,$167872,$35237,$74438,$56333
2021,6037577504,Census Tract 5775.04,Long Beach,Los Angeles County,California,LongBeach,118638.0,17114.0,122541.0,13879.0,,,,,241851.0,224560.0,,,,,,,122764.0,15343.0,90433.0,66125.0,$118638,$17114,$122541,$13879,,,,,$241851,$224560,,,,,,,$122764,$15343,$90433,$66125
2021,6037577602,Census Tract 5776.02,Long Beach,Los Angeles County,California,LongBeach,111308.0,11150.0,111253.0,17639.0,,,,,131483.0,79437.0,,,,,,,111531.0,21267.0,100103.0,16159.0,$111308,$11150,$111253,$17639,,,,,$131483,$79437,,,,,,,$111531,$21267,$100103,$16159
2021,6037577604,Census Tract 5776.04,Long Beach,Los Angeles County,California,LongBeach,111223.0,28450.0,108906.0,25608.0,,,,,170406.0,110129.0,,,,,,,109847.0,36524.0,81969.0,51483.0,$111223,$28450,$108906,$25608,,,,,$170406,$110129,,,,,,,$109847,$36524,$81969,$51483
2021,6037577605,Census Tract 5776.05,Long Beach,Los Angeles County,California,LongBeach,124630.0,8028.0,122251.0,14642.0,,,,,120736.0,17682.0,,,,,,,124221.0,22163.0,95471.0,90977.0,$124630,$8028,$122251,$14642,,,,,$120736,$17682,,,,,,,$124221,$22163,$95471,$90977
2021,6037577606,Census Tract 5776.06,Long Beach,Los Angeles County,California,LongBeach,140932.0,19335.0,150925.0,32610.0,,,,,,,,,,,,,152270.0,65183.0,106875.0,52324.0,$140932,$19335,$150925,$32610,,,,,,,,,,,,,$152270,$65183,$106875,$52324
2021,6037577700,Census Tract 5777,Long Beach,Los Angeles County,California,LongBeach,85095.0,15387.0,106685.0,42465.0,64962.0,12953.0,,,68593.0,41805.0,,,102685.0,17011.0,83246.0,19340.0,98841.0,76676.0,106444.0,16868.0,$85095,$15387,$106685,$42465,$64962,$12953,,,$68593,$41805,,,$102685,$17011,$83246,$19340,$98841,$76676,$106444,$16868
2021,6037577900,Census Tract 5779,Long Beach,Los Angeles County,California,LongBeach,90768.0,8332.0,61211.0,11940.0,99177.0,19040.0,,,96275.0,64148.0,,,93688.0,27048.0,152352.0,62471.0,54671.0,23345.0,84678.0,22311.0,$90768,$8332,$61211,$11940,$99177,$19040,,,$96275,$64148,,,$93688,$27048,$152352,$62471,$54671,$23345,$84678,$22311
2021,6037578000,Census Tract 5780,Long Beach,Los Angeles County,California,LongBeach,66429.0,15379.0,57742.0,23057.0,,,,,66527.0,47048.0,,,71617.0,15810.0,180170.0,176139.0,44190.0,18162.0,70776.0,11135.0,$66429,$15379,$57742,$23057,,,,,$66527,$47048,,,$71617,$15810,$180170,$176139,$44190,$18162,$70776,$11135
2021,6037578100,Census Tract 5781,Long Beach,Los Angeles County,California,LongBeach,,,,,,,,,,,,,,,,,,,,,,,,,,,,,,,,,,,,,,,,
2021,6037980006,Census Tract 9800.06,Long Beach,Los Angeles County,California,LongBeach,,,,,,,,,,,,,,,,,,,,,,,,,,,,,,,,,,,,,,,,
2021,6037980007,Census Tract 9800.07,Long Beach,Los Angeles County,California,LongBeach,,,,,,,,,,,,,,,,,,,,,,,,,,,,,,,,,,,,,,,,
2021,6037980011,Census Tract 9800.11,Long Beach,Los Angeles County,California,LongBeach,,,,,,,,,,,,,,,,,,,,,,,,,,,,,,,,,,,,,,,,
2021,6037980018,Census Tract 9800.18,Long Beach,Los Angeles County,California,LongBeach,,,,,,,,,,,,,,,,,,,,,,,,,,,,,,,,,,,,,,,,
2021,6037980033,Census Tract 9800.33,Long Beach,Los Angeles County,California,LongBeach,,,,,,,,,,,,,,,,,,,,,,,,,,,,,,,,,,,,,,,,
2021,6037990300,Census Tract 9903,Long Beach,Los Angeles County,California,LongBeach,,,,,,,,,,,,,,,,,,,,,,,,,,,,,,,,,,,,,,,,
2022,6037544002,Census Tract 5440.02,Long Beach,Los Angeles County,California,LongBeach,102953.0,10322.0,90619.0,12199.0,183255.0,41026.0,103165.0,91560.0,116228.0,19814.0,,,92782.0,18902.0,117099.0,16438.0,91910.0,50967.0,94034.0,8820.0,$102953,$10322,$90619,$12199,$183255,$41026,$103165,$91560,$116228,$19814,,,$92782,$18902,$117099,$16438,$91910,$50967,$94034,$8820
2022,6037555202,Census Tract 5552.02,Long Beach,Los Angeles County,California,LongBeach,174277.0,45427.0,187613.0,39817.0,,,,,69000.0,46083.0,,,120135.0,46228.0,247897.0,53626.0,187694.0,37490.0,196281.0,130035.0,$174277,$45427,$187613,$39817,,,,,$69000,$46083,,,$120135,$46228,$247897,$53626,$187694,$37490,$196281,$130035
2022,6037570100,Census Tract 5701,Long Beach,Los Angeles County,California,LongBeach,106050.0,12974.0,77976.0,24001.0,,,,,135320.0,85093.0,,,106571.0,90022.0,134315.0,52544.0,87506.0,32746.0,106071.0,16840.0,$106050,$12974,$77976,$24001,,,,,$135320,$85093,,,$106571,$90022,$134315,$52544,$87506,$32746,$106071,$16840
2022,6037570202,Census Tract 5702.02,Long Beach,Los Angeles County,California,LongBeach,77387.0,24263.0,129342.0,37660.0,40245.0,37320.0,,,112990.0,42077.0,,,47876.0,8594.0,92446.0,57160.0,100382.0,31718.0,90548.0,37948.0,$77387,$24263,$129342,$37660,$40245,$37320,,,$112990,$42077,,,$47876,$8594,$92446,$57160,$100382,$31718,$90548,$37948
2022,6037570203,Census Tract 5702.03,Long Beach,Los Angeles County,California,LongBeach,63736.0,22542.0,,,69893.0,34623.0,,,,,,,49070.0,15403.0,,,,,47652.0,14753.0,$63736,$22542,,,$69893,$34623,,,,,,,$49070,$15403,,,,,$47652,$14753
2022,6037570204,Census Tract 5702.04,Long Beach,Los Angeles County,California,LongBeach,62990.0,9071.0,89088.0,30651.0,60291.0,52914.0,,,52649.0,4553.0,,,62418.0,11051.0,,,,,70711.0,37241.0,$62990,$9071,$89088,$30651,$60291,$52914,,,$52649,$4553,,,$62418,$11051,,,,,$70711,$37241
2022,6037570303,Census Tract 5703.03,Long Beach,Los Angeles County,California,LongBeach,62646.0,11400.0,96588.0,71624.0,38342.0,8577.0,,,,,,,60674.0,11689.0,93956.0,69107.0,65418.0,41566.0,63435.0,21529.0,$62646,$11400,$96588,$71624,$38342,$8577,,,,,,,$60674,$11689,$93956,$69107,$65418,$41566,$63435,$21529
2022,6037570304,Census Tract 5703.04,Long Beach,Los Angeles County,California,LongBeach,64858.0,13492.0,59169.0,16312.0,58837.0,46324.0,54675.0,40857.0,64042.0,48145.0,,,68553.0,16413.0,115274.0,57895.0,50593.0,15744.0,64554.0,10738.0,$64858,$13492,$59169,$16312,$58837,$46324,$54675,$40857,$64042,$48145,,,$68553,$16413,$115274,$57895,$50593,$15744,$64554,$10738
2022,6037570305,Census Tract 5703.05,Long Beach,Los Angeles County,California,LongBeach,45386.0,16728.0,29110.0,22709.0,37553.0,7739.0,,,53994.0,7331.0,,,65261.0,10966.0,,,35150.0,33236.0,61099.0,14611.0,$45386,$16728,$29110,$22709,$37553,$7739,,,$53994,$7331,,,$65261,$10966,,,$35150,$33236,$61099,$14611
2022,6037570306,Census Tract 5703.06,Long Beach,Los Angeles County,California,LongBeach,109650.0,45645.0,127118.0,8274.0,138067.0,112710.0,,,,,,,108232.0,54534.0,126785.0,67478.0,128215.0,12013.0,108447.0,58650.0,$109650,$45645,$127118,$8274,$138067,$112710,,,,,,,$108232,$54534,$126785,$67478,$128215,$12013,$108447,$58650
2022,6037570402,Census Tract 5704.02,Long Beach,Los Angeles County,California,LongBeach,87732.0,14401.0,93712.0,44131.0,86938.0,35901.0,,,102495.0,9982.0,132863.0,94370.0,72461.0,22881.0,151844.0,137512.0,124351.0,84314.0,76034.0,15388.0,$87732,$14401,$93712,$44131,$86938,$35901,,,$102495,$9982,$132863,$94370,$72461,$22881,$151844,$137512,$124351,$84314,$76034,$15388
2022,6037570403,Census Tract 5704.03,Long Beach,Los Angeles County,California,LongBeach,68113.0,6425.0,84686.0,66409.0,71049.0,54860.0,,,,,,,67332.0,9996.0,44425.0,37831.0,,,65965.0,9478.0,$68113,$6425,$84686,$66409,$71049,$54860,,,,,,,$67332,$9996,$44425,$37831,,,$65965,$9478
2022,6037570404,Census Tract 5704.04,Long Beach,Los Angeles County,California,LongBeach,79439.0,10986.0,82934.0,35121.0,79467.0,17501.0,,,,,,,67484.0,15192.0,,,81250.0,14312.0,67928.0,13730.0,$79439,$10986,$82934,$35121,$79467,$17501,,,,,,,$67484,$15192,,,$81250,$14312,$67928,$13730
2022,6037570502,Census Tract 5705.02,Long Beach,Los Angeles County,California,LongBeach,95362.0,12166.0,96831.0,37012.0,94758.0,41707.0,,,92934.0,53117.0,,,74545.0,20603.0,,,88606.0,58983.0,101106.0,36574.0,$95362,$12166,$96831,$37012,$94758,$41707,,,$92934,$53117,,,$74545,$20603,,,$88606,$58983,$101106,$36574
2022,6037570503,Census Tract 5705.03,Long Beach,Los Angeles County,California,LongBeach,90242.0,15288.0,90653.0,34044.0,86002.0,40416.0,,,102682.0,80354.0,,,93456.0,18444.0,,,128777.0,107753.0,91106.0,20516.0,$90242,$15288,$90653,$34044,$86002,$40416,,,$102682,$80354,,,$93456,$18444,,,$128777,$107753,$91106,$20516
2022,6037570504,Census Tract 5705.04,Long Beach,Los Angeles County,California,LongBeach,83310.0,12139.0,,,29312.0,21561.0,,,113400.0,64964.0,,,,,87500.0,15801.0,,,58999.0,17619.0,$83310,$12139,,,$29312,$21561,,,$113400,$64964,,,,,$87500,$15801,,,$58999,$17619
2022,6037570601,Census Tract 5706.01,Long Beach,Los Angeles County,California,LongBeach,86174.0,15533.0,111104.0,18382.0,40077.0,21810.0,,,76797.0,15627.0,,,78646.0,23445.0,88427.0,40879.0,106992.0,21385.0,100875.0,11892.0,$86174,$15533,$111104,$18382,$40077,$21810,,,$76797,$15627,,,$78646,$23445,$88427,$40879,$106992,$21385,$100875,$11892
2022,6037570602,Census Tract 5706.02,Long Beach,Los Angeles County,California,LongBeach,83515.0,24990.0,85413.0,48146.0,,,,,88105.0,44055.0,,,52509.0,21610.0,77842.0,65268.0,,,73317.0,36199.0,$83515,$24990,$85413,$48146,,,,,$88105,$44055,,,$52509,$21610,$77842,$65268,,,$73317,$36199
2022,6037570603,Census Tract 5706.03,Long Beach,Los Angeles County,California,LongBeach,61812.0,14615.0,51314.0,17201.0,44520.0,33477.0,,,,,126209.0,53208.0,76201.0,11277.0,,,48041.0,19005.0,69453.0,15197.0,$61812,$14615,$51314,$17201,$44520,$33477,,,,,$126209,$53208,$76201,$11277,,,$48041,$19005,$69453,$15197
2022,6037571201,Census Tract 5712.01,Long Beach,Los Angeles County,California,LongBeach,133140.0,42752.0,167642.0,50360.0,,,,,,,,,125055.0,16318.0,,,189779.0,39520.0,119606.0,31934.0,$133140,$42752,$167642,$50360,,,,,,,,,$125055,$16318,,,$189779,$39520,$119606,$31934
2022,6037571202,Census Tract 5712.02,Long Beach,Los Angeles County,California,LongBeach,105262.0,39576.0,125484.0,19265.0,,,,,,,,,,,,,123327.0,42392.0,,,$105262,$39576,$125484,$19265,,,,,,,,,,,,,$123327,$42392,,
2022,6037571300,Census Tract 5713,Long Beach,Los Angeles County,California,LongBeach,137490.0,21383.0,136898.0,23844.0,,,,,134203.0,98149.0,,,,,222258.0,128707.0,122860.0,25754.0,199630.0,36898.0,$137490,$21383,$136898,$23844,,,,,$134203,$98149,,,,,$222258,$128707,$122860,$25754,$199630,$36898
2022,6037571502,Census Tract 5715.02,Long Beach,Los Angeles County,California,LongBeach,103880.0,35046.0,105912.0,48280.0,65427.0,12340.0,167326.0,24996.0,113518.0,52842.0,,,,,109006.0,85642.0,109439.0,32669.0,75151.0,56551.0,$103880,$35046,$105912,$48280,$65427,$12340,$167326,$24996,$113518,$52842,,,,,$109006,$85642,$109439,$32669,$75151,$56551
2022,6037571504,Census Tract 5715.04,Long Beach,Los Angeles County,California,LongBeach,86277.0,28423.0,80599.0,61425.0,45120.0,31001.0,,,113570.0,44040.0,,,121196.0,44600.0,72885.0,36011.0,80054.0,67217.0,93508.0,50802.0,$86277,$28423,$80599,$61425,$45120,$31001,,,$113570,$44040,,,$121196,$44600,$72885,$36011,$80054,$67217,$93508,$50802
2022,6037571505,Census Tract 5715.05,Long Beach,Los Angeles County,California,LongBeach,95082.0,1023.0,140203.0,26665.0,96246.0,54046.0,,,122458.0,48147.0,,,72126.0,25730.0,66933.0,57424.0,140143.0,45153.0,89432.0,23352.0,$95082,$1023,$140203,$26665,$96246,$54046,,,$122458,$48147,,,$72126,$25730,$66933,$57424,$140143,$45153,$89432,$23352
2022,6037571600,Census Tract 5716,Long Beach,Los Angeles County,California,LongBeach,25599.0,5590.0,29141.0,13546.0,24675.0,8071.0,,,,,,,,,45553.0,19214.0,28471.0,12964.0,,,$25599,$5590,$29141,$13546,$24675,$8071,,,,,,,,,$45553,$19214,$28471,$12964,,
2022,6037571701,Census Tract 5717.01,Long Beach,Los Angeles County,California,LongBeach,82970.0,9783.0,86306.0,39137.0,78304.0,36761.0,,,93403.0,68691.0,,,82856.0,10530.0,76101.0,32788.0,96917.0,23468.0,80835.0,17123.0,$82970,$9783,$86306,$39137,$78304,$36761,,,$93403,$68691,,,$82856,$10530,$76101,$32788,$96917,$23468,$80835,$17123
2022,6037571703,Census Tract 5717.03,Long Beach,Los Angeles County,California,LongBeach,42619.0,17722.0,110013.0,41726.0,26387.0,21709.0,,,,,,,30815.0,27541.0,,,95424.0,64664.0,48233.0,31064.0,$42619,$17722,$110013,$41726,$26387,$21709,,,,,,,$30815,$27541,,,$95424,$64664,$48233,$31064
2022,6037571704,Census Tract 5717.04,Long Beach,Los Angeles County,California,LongBeach,60157.0,11079.0,87087.0,16107.0,25605.0,24768.0,,,,,,,59844.0,24965.0,81973.0,7910.0,85195.0,31158.0,75784.0,14069.0,$60157,$11079,$87087,$16107,$25605,$24768,,,,,,,$59844,$24965,$81973,$7910,$85195,$31158,$75784,$14069
2022,6037571800,Census Tract 5718,Long Beach,Los Angeles County,California,LongBeach,140009.0,42938.0,188912.0,75163.0,70492.0,23192.0,,,166135.0,111882.0,,,,,93488.0,56596.0,197956.0,86872.0,,,$140009,$42938,$188912,$75163,$70492,$23192,,,$166135,$111882,,,,,$93488,$56596,$197956,$86872,,
2022,6037571900,Census Tract 5719,Long Beach,Los Angeles County,California,LongBeach,122060.0,62386.0,123123.0,54429.0,,,,,184922.0,40773.0,,,63299.0,19376.0,159151.0,78860.0,137850.0,54720.0,69327.0,15918.0,$122060,$62386,$123123,$54429,,,,,$184922,$40773,,,$63299,$19376,$159151,$78860,$137850,$54720,$69327,$15918
2022,6037572001,Census Tract 5720.01,Long Beach,Los Angeles County,California,LongBeach,109194.0,43831.0,139400.0,40793.0,84236.0,985.0,,,112075.0,83886.0,,,109252.0,101465.0,,,140436.0,36398.0,107679.0,42089.0,$109194,$43831,$139400,$40793,$84236,$985,,,$112075,$83886,,,$109252,$101465,,,$140436,$36398,$107679,$42089
2022,6037572201,Census Tract 5722.01,Long Beach,Los Angeles County,California,LongBeach,80282.0,26946.0,69558.0,61677.0,51274.0,44586.0,,,95796.0,12083.0,,,65071.0,5098.0,134116.0,109389.0,,,87436.0,46563.0,$80282,$26946,$69558,$61677,$51274,$44586,,,$95796,$12083,,,$65071,$5098,$134116,$109389,,,$87436,$46563
2022,6037572202,Census Tract 5722.02,Long Beach,Los Angeles County,California,LongBeach,117137.0,13900.0,121742.0,14538.0,112543.0,16009.0,,,103260.0,14952.0,,,,,239032.0,222844.0,101697.0,66363.0,122252.0,45212.0,$117137,$13900,$121742,$14538,$112543,$16009,,,$103260,$14952,,,,,$239032,$222844,$101697,$66363,$122252,$45212
2022,6037572301,Census Tract 5723.01,Long Beach,Los Angeles County,California,LongBeach,71634.0,21561.0,43172.0,18070.0,,,,,81625.0,24958.0,95461.0,83778.0,89192.0,52505.0,175270.0,124801.0,45404.0,34021.0,70696.0,11624.0,$71634,$21561,$43172,$18070,,,,,$81625,$24958,$95461,$83778,$89192,$52505,$175270,$124801,$45404,$34021,$70696,$11624
2022,6037572500,Census Tract 5725,Long Beach,Los Angeles County,California,LongBeach,57611.0,20196.0,68138.0,14728.0,25711.0,20727.0,,,,,,,,,,,69478.0,29390.0,66163.0,17011.0,$57611,$20196,$68138,$14728,$25711,$20727,,,,,,,,,,,$69478,$29390,$66163,$17011
2022,6037572600,Census Tract 5726,Long Beach,Los Angeles County,California,LongBeach,93224.0,18086.0,77708.0,33708.0,,,,,173136.0,43016.0,23496.0,2375.0,145165.0,36323.0,73019.0,52266.0,80555.0,60123.0,99759.0,24798.0,$93224,$18086,$77708,$33708,,,,,$173136,$43016,$23496,$2375,$145165,$36323,$73019,$52266,$80555,$60123,$99759,$24798
2022,6037572700,Census Tract 5727,Long Beach,Los Angeles County,California,LongBeach,88000.0,10789.0,83090.0,30820.0,33830.0,15317.0,,,109469.0,12598.0,,,77314.0,8882.0,,,,,77492.0,12238.0,$88000,$10789,$83090,$30820,$33830,$15317,,,$109469,$12598,,,$77314,$8882,,,,,$77492,$12238
2022,6037573002,Census Tract 5730.02,Long Beach,Los Angeles County,California,LongBeach,63194.0,12639.0,72901.0,22556.0,55081.0,17048.0,,,54307.0,3119.0,,,71797.0,56787.0,90370.0,89768.0,,,83737.0,25243.0,$63194,$12639,$72901,$22556,$55081,$17048,,,$54307,$3119,,,$71797,$56787,$90370,$89768,,,$83737,$25243
2022,6037573003,Census Tract 5730.03,Long Beach,Los Angeles County,California,LongBeach,104840.0,22314.0,108158.0,25669.0,,,,,74102.0,12899.0,,,142287.0,25682.0,81862.0,26957.0,109133.0,22740.0,115893.0,70723.0,$104840,$22314,$108158,$25669,,,,,$74102,$12899,,,$142287,$25682,$81862,$26957,$109133,$22740,$115893,$70723
2022,6037573004,Census Tract 5730.04,Long Beach,Los Angeles County,California,LongBeach,57672.0,17448.0,96198.0,40807.0,37944.0,11576.0,,,70375.0,30472.0,,,60827.0,18849.0,,,114699.0,33730.0,80449.0,25389.0,$57672,$17448,$96198,$40807,$37944,$11576,,,$70375,$30472,,,$60827,$18849,,,$114699,$33730,$80449,$25389
2022,6037573101,Census Tract 5731.01,Long Beach,Los Angeles County,California,LongBeach,67144.0,30569.0,86864.0,44457.0,,,,,46966.0,26820.0,,,,,,,145962.0,4285.0,58796.0,28578.0,$67144,$30569,$86864,$44457,,,,,$46966,$26820,,,,,,,$145962,$4285,$58796,$28578
2022,6037573102,Census Tract 5731.02,Long Beach,Los Angeles County,California,LongBeach,105308.0,19568.0,107705.0,43773.0,118830.0,88744.0,,,150695.0,51292.0,,,68401.0,23804.0,,,168219.0,73260.0,67740.0,42517.0,$105308,$19568,$107705,$43773,$118830,$88744,,,$150695,$51292,,,$68401,$23804,,,$168219,$73260,$67740,$42517
2022,6037573201,Census Tract 5732.01,Long Beach,Los Angeles County,California,LongBeach,55171.0,6114.0,54326.0,11240.0,30421.0,23480.0,,,70583.0,15777.0,,,44768.0,11530.0,,,46967.0,24671.0,55280.0,7091.0,$55171,$6114,$54326,$11240,$30421,$23480,,,$70583,$15777,,,$44768,$11530,,,$46967,$24671,$55280,$7091
2022,6037573202,Census Tract 5732.02,Long Beach,Los Angeles County,California,LongBeach,76260.0,9663.0,85547.0,39397.0,71634.0,11392.0,,,131803.0,127032.0,,,67384.0,20178.0,,,84407.0,66766.0,73222.0,13277.0,$76260,$9663,$85547,$39397,$71634,$11392,,,$131803,$127032,,,$67384,$20178,,,$84407,$66766,$73222,$13277
2022,6037573300,Census Tract 5733,Long Beach,Los Angeles County,California,LongBeach,45955.0,9364.0,38280.0,12862.0,36783.0,15161.0,,,56004.0,29357.0,,,59794.0,17338.0,87575.0,46700.0,,,45127.0,19258.0,$45955,$9364,$38280,$12862,$36783,$15161,,,$56004,$29357,,,$59794,$17338,$87575,$46700,,,$45127,$19258
2022,6037573601,Census Tract 5736.01,Long Beach,Los Angeles County,California,LongBeach,131510.0,17455.0,120503.0,26120.0,,,,,209115.0,179385.0,,,,,,,115719.0,32108.0,227766.0,160314.0,$131510,$17455,$120503,$26120,,,,,$209115,$179385,,,,,,,$115719,$32108,$227766,$160314
2022,6037573700,Census Tract 5737,Long Beach,Los Angeles County,California,LongBeach,148357.0,24169.0,158432.0,28602.0,,,,,161095.0,73638.0,,,196220.0,131901.0,119689.0,33086.0,149852.0,31008.0,144102.0,39861.0,$148357,$24169,$158432,$28602,,,,,$161095,$73638,,,$196220,$131901,$119689,$33086,$149852,$31008,$144102,$39861
2022,6037573800,Census Tract 5738,Long Beach,Los Angeles County,California,LongBeach,135712.0,25348.0,120229.0,33829.0,,,,,240420.0,67832.0,,,,,172834.0,112296.0,115122.0,30481.0,206365.0,71913.0,$135712,$25348,$120229,$33829,,,,,$240420,$67832,,,,,$172834,$112296,$115122,$30481,$206365,$71913
2022,6037573902,Census Tract 5739.02,Long Beach,Los Angeles County,California,LongBeach,169634.0,35727.0,157985.0,42325.0,263210.0,149620.0,,,207222.0,55824.0,,,,,198865.0,147946.0,165063.0,38462.0,121386.0,95604.0,$169634,$35727,$157985,$42325,$263210,$149620,,,$207222,$55824,,,,,$198865,$147946,$165063,$38462,$121386,$95604
2022,6037574000,Census Tract 5740,Long Beach,Los Angeles County,California,LongBeach,151704.0,15430.0,144698.0,19777.0,140846.0,18472.0,,,168866.0,22718.0,,,,,190810.0,9121.0,139988.0,15752.0,197398.0,74271.0,$151704,$15430,$144698,$19777,$140846,$18472,,,$168866,$22718,,,,,$190810,$9121,$139988,$15752,$197398,$74271
2022,6037574100,Census Tract 5741,Long Beach,Los Angeles County,California,LongBeach,146202.0,14625.0,139339.0,13720.0,116831.0,35602.0,,,164348.0,84000.0,,,,,143359.0,74594.0,134901.0,11850.0,154842.0,95669.0,$146202,$14625,$139339,$13720,$116831,$35602,,,$164348,$84000,,,,,$143359,$74594,$134901,$11850,$154842,$95669
2022,6037574201,Census Tract 5742.01,Long Beach,Los Angeles County,California,LongBeach,149819.0,21898.0,137196.0,24910.0,254785.0,161043.0,,,196707.0,124336.0,,,,,189123.0,1696.0,133023.0,26062.0,149987.0,22740.0,$149819,$21898,$137196,$24910,$254785,$161043,,,$196707,$124336,,,,,$189123,$1696,$133023,$26062,$149987,$22740
2022,6037574202,Census Tract 5742.02,Long Beach,Los Angeles County,California,LongBeach,121624.0,12281.0,124338.0,9110.0,153312.0,86635.0,,,186137.0,87518.0,,,,,,,123262.0,17501.0,123685.0,25078.0,$121624,$12281,$124338,$9110,$153312,$86635,,,$186137,$87518,,,,,,,$123262,$17501,$123685,$25078
2022,6037574300,Census Tract 5743,Long Beach,Los Angeles County,California,LongBeach,114755.0,20160.0,115098.0,34915.0,,,,,125183.0,20341.0,,,44094.0,19252.0,,,114475.0,33798.0,102336.0,85411.0,$114755,$20160,$115098,$34915,,,,,$125183,$20341,,,$44094,$19252,,,$114475,$33798,$102336,$85411
2022,6037574400,Census Tract 5744,Long Beach,Los Angeles County,California,LongBeach,148016.0,20058.0,146451.0,19293.0,,,,,127664.0,105790.0,,,90308.0,27726.0,216223.0,31008.0,138948.0,24733.0,183129.0,87739.0,$148016,$20058,$146451,$19293,,,,,$127664,$105790,,,$90308,$27726,$216223,$31008,$138948,$24733,$183129,$87739
2022,6037574500,Census Tract 5745,Long Beach,Los Angeles County,California,LongBeach,126745.0,68882.0,124877.0,56943.0,,,,,,,,,,,,,124562.0,52867.0,,,$126745,$68882,$124877,$56943,,,,,,,,,,,,,$124562,$52867,,
2022,6037574602,Census Tract 5746.02,Long Beach,Los Angeles County,California,LongBeach,142354.0,54019.0,171941.0,63442.0,204721.0,200207.0,,,97074.0,24385.0,,,,,,,138765.0,42406.0,,,$142354,$54019,$171941,$63442,$204721,$200207,,,$97074,$24385,,,,,,,$138765,$42406,,
2022,6037574800,Census Tract 5748,Long Beach,Los Angeles County,California,LongBeach,79852.0,22606.0,96131.0,22841.0,66097.0,33845.0,,,81960.0,48247.0,,,,,,,97710.0,24627.0,37469.0,27316.0,$79852,$22606,$96131,$22841,$66097,$33845,,,$81960,$48247,,,,,,,$97710,$24627,$37469,$27316
2022,6037574901,Census Tract 5749.01,Long Beach,Los Angeles County,California,LongBeach,158515.0,24321.0,159568.0,8370.0,,,,,,,,,46949.0,9389.0,124601.0,32021.0,159401.0,8942.0,,,$158515,$24321,$159568,$8370,,,,,,,,,$46949,$9389,$124601,$32021,$159401,$8942,,
2022,6037574902,Census Tract 5749.02,Long Beach,Los Angeles County,California,LongBeach,84288.0,9262.0,97752.0,16798.0,69643.0,20861.0,,,84298.0,22759.0,,,,,115297.0,25394.0,119486.0,43008.0,83913.0,56254.0,$84288,$9262,$97752,$16798,$69643,$20861,,,$84298,$22759,,,,,$115297,$25394,$119486,$43008,$83913,$56254
2022,6037575001,Census Tract 5750.01,Long Beach,Los Angeles County,California,LongBeach,107298.0,12312.0,108262.0,20320.0,97497.0,54389.0,,,134138.0,37716.0,,,,,,,123262.0,41339.0,83376.0,68697.0,$107298,$12312,$108262,$20320,$97497,$54389,,,$134138,$37716,,,,,,,$123262,$41339,$83376,$68697
2022,6037575002,Census Tract 5750.02,Long Beach,Los Angeles County,California,LongBeach,91740.0,14755.0,93275.0,13862.0,60819.0,40756.0,,,150320.0,89738.0,,,104504.0,102934.0,74433.0,58588.0,94404.0,32987.0,96222.0,17546.0,$91740,$14755,$93275,$13862,$60819,$40756,,,$150320,$89738,,,$104504,$102934,$74433,$58588,$94404,$32987,$96222,$17546
2022,6037575101,Census Tract 5751.01,Long Beach,Los Angeles County,California,LongBeach,63162.0,12844.0,56199.0,22515.0,74307.0,34634.0,,,,,,,67548.0,18186.0,58769.0,49653.0,68749.0,35204.0,59058.0,10700.0,$63162,$12844,$56199,$22515,$74307,$34634,,,,,,,$67548,$18186,$58769,$49653,$68749,$35204,$59058,$10700
2022,6037575102,Census Tract 5751.02,Long Beach,Los Angeles County,California,LongBeach,58984.0,14813.0,66406.0,23358.0,35398.0,6215.0,,,54210.0,37536.0,,,61062.0,14442.0,,,,,65160.0,12575.0,$58984,$14813,$66406,$23358,$35398,$6215,,,$54210,$37536,,,$61062,$14442,,,,,$65160,$12575
2022,6037575103,Census Tract 5751.03,Long Beach,Los Angeles County,California,LongBeach,65196.0,7083.0,72262.0,39204.0,54118.0,20434.0,,,62194.0,6002.0,,,89767.0,38966.0,82337.0,34641.0,94783.0,10574.0,56906.0,19369.0,$65196,$7083,$72262,$39204,$54118,$20434,,,$62194,$6002,,,$89767,$38966,$82337,$34641,$94783,$10574,$56906,$19369
2022,6037575201,Census Tract 5752.01,Long Beach,Los Angeles County,California,LongBeach,55339.0,9491.0,71325.0,10021.0,43730.0,14455.0,,,57164.0,49369.0,,,42448.0,31833.0,,,73186.0,28329.0,62195.0,19272.0,$55339,$9491,$71325,$10021,$43730,$14455,,,$57164,$49369,,,$42448,$31833,,,$73186,$28329,$62195,$19272
2022,6037575202,Census Tract 5752.02,Long Beach,Los Angeles County,California,LongBeach,57611.0,16356.0,74560.0,26579.0,,,,,35254.0,19707.0,,,54693.0,10826.0,103989.0,72826.0,159409.0,1333.0,55758.0,13917.0,$57611,$16356,$74560,$26579,,,,,$35254,$19707,,,$54693,$10826,$103989,$72826,$159409,$1333,$55758,$13917
2022,6037575300,Census Tract 5753,Long Beach,Los Angeles County,California,LongBeach,48894.0,13496.0,56719.0,16286.0,,,,,37821.0,30334.0,,,48328.0,28697.0,115405.0,46009.0,,,57368.0,17356.0,$48894,$13496,$56719,$16286,,,,,$37821,$30334,,,$48328,$28697,$115405,$46009,,,$57368,$17356
2022,6037575401,Census Tract 5754.01,Long Beach,Los Angeles County,California,LongBeach,44213.0,14254.0,45219.0,15082.0,,,,,,,,,48680.0,16557.0,52609.0,39832.0,49074.0,11155.0,39949.0,18772.0,$44213,$14254,$45219,$15082,,,,,,,,,$48680,$16557,$52609,$39832,$49074,$11155,$39949,$18772
2022,6037575402,Census Tract 5754.02,Long Beach,Los Angeles County,California,LongBeach,63976.0,16666.0,71112.0,19144.0,81026.0,28044.0,,,,,,,54832.0,22593.0,,,61996.0,42418.0,62435.0,13794.0,$63976,$16666,$71112,$19144,$81026,$28044,,,,,,,$54832,$22593,,,$61996,$42418,$62435,$13794
2022,6037575801,Census Tract 5758.01,Long Beach,Los Angeles County,California,LongBeach,47637.0,31335.0,47306.0,20144.0,,,,,,,,,88561.0,23829.0,,,71813.0,51644.0,45966.0,29215.0,$47637,$31335,$47306,$20144,,,,,,,,,$88561,$23829,,,$71813,$51644,$45966,$29215
2022,6037575802,Census Tract 5758.02,Long Beach,Los Angeles County,California,LongBeach,49930.0,11099.0,47920.0,25712.0,30597.0,20711.0,,,48115.0,29372.0,,,60421.0,16386.0,49643.0,9031.0,81951.0,38284.0,50207.0,17011.0,$49930,$11099,$47920,$25712,$30597,$20711,,,$48115,$29372,,,$60421,$16386,$49643,$9031,$81951,$38284,$50207,$17011
2022,6037575803,Census Tract 5758.03,Long Beach,Los Angeles County,California,LongBeach,30442.0,9967.0,36793.0,12317.0,30780.0,12627.0,,,14920.0,8104.0,,,,,,,32615.0,11295.0,36242.0,25554.0,$30442,$9967,$36793,$12317,$30780,$12627,,,$14920,$8104,,,,,,,$32615,$11295,$36242,$25554
2022,6037575901,Census Tract 5759.01,Long Beach,Los Angeles County,California,LongBeach,57862.0,23770.0,,,,,,,83825.0,40879.0,,,65721.0,25828.0,,,75752.0,45770.0,,,$57862,$23770,,,,,,,$83825,$40879,,,$65721,$25828,,,$75752,$45770,,
2022,6037575902,Census Tract 5759.02,Long Beach,Los Angeles County,California,LongBeach,66706.0,14283.0,76885.0,21724.0,59368.0,17870.0,,,113526.0,63018.0,,,39421.0,11886.0,,,77685.0,31956.0,53968.0,23853.0,$66706,$14283,$76885,$21724,$59368,$17870,,,$113526,$63018,,,$39421,$11886,,,$77685,$31956,$53968,$23853
2022,6037576001,Census Tract 5760.01,Long Beach,Los Angeles County,California,LongBeach,112928.0,13136.0,114279.0,7285.0,,,,,114285.0,43491.0,,,97527.0,81453.0,102669.0,27283.0,114811.0,13535.0,102815.0,12828.0,$112928,$13136,$114279,$7285,,,,,$114285,$43491,,,$97527,$81453,$102669,$27283,$114811,$13535,$102815,$12828
2022,6037576200,Census Tract 5762,Long Beach,Los Angeles County,California,LongBeach,52602.0,13359.0,64135.0,25949.0,,,33942.0,10092.0,,,,,49433.0,29287.0,67182.0,35654.0,73772.0,33735.0,50965.0,8707.0,$52602,$13359,$64135,$25949,,,$33942,$10092,,,,,$49433,$29287,$67182,$35654,$73772,$33735,$50965,$8707
2022,6037576301,Census Tract 5763.01,Long Beach,Los Angeles County,California,LongBeach,56958.0,13780.0,62476.0,28283.0,22940.0,3667.0,,,112990.0,56423.0,,,36610.0,14782.0,72964.0,16067.0,,,67679.0,11654.0,$56958,$13780,$62476,$28283,$22940,$3667,,,$112990,$56423,,,$36610,$14782,$72964,$16067,,,$67679,$11654
2022,6037576302,Census Tract 5763.02,Long Beach,Los Angeles County,California,LongBeach,67139.0,38557.0,79089.0,17633.0,41342.0,32901.0,,,,,,,81728.0,47743.0,,,,,84658.0,24441.0,$67139,$38557,$79089,$17633,$41342,$32901,,,,,,,$81728,$47743,,,,,$84658,$24441
2022,6037576401,Census Tract 5764.01,Long Beach,Los Angeles County,California,LongBeach,49398.0,22887.0,34109.0,10067.0,,,,,,,,,60685.0,34655.0,79472.0,44052.0,34049.0,21056.0,59384.0,27073.0,$49398,$22887,$34109,$10067,,,,,,,,,$60685,$34655,$79472,$44052,$34049,$21056,$59384,$27073
2022,6037576402,Census Tract 5764.02,Long Beach,Los Angeles County,California,LongBeach,58392.0,4875.0,75643.0,19947.0,41132.0,29307.0,,,27354.0,18044.0,,,58728.0,8052.0,60386.0,20825.0,83403.0,17085.0,61769.0,5860.0,$58392,$4875,$75643,$19947,$41132,$29307,,,$27354,$18044,,,$58728,$8052,$60386,$20825,$83403,$17085,$61769,$5860
2022,6037576403,Census Tract 5764.03,Long Beach,Los Angeles County,California,LongBeach,66854.0,15308.0,89320.0,30609.0,47633.0,19671.0,,,83721.0,31159.0,,,48007.0,7368.0,,,102282.0,19966.0,53145.0,30139.0,$66854,$15308,$89320,$30609,$47633,$19671,,,$83721,$31159,,,$48007,$7368,,,$102282,$19966,$53145,$30139
2022,6037576501,Census Tract 5765.01,Long Beach,Los Angeles County,California,LongBeach,41807.0,8992.0,44160.0,16612.0,35431.0,16431.0,,,,,,,,,,,43684.0,11626.0,62078.0,38526.0,$41807,$8992,$44160,$16612,$35431,$16431,,,,,,,,,,,$43684,$11626,$62078,$38526
2022,6037576502,Census Tract 5765.02,Long Beach,Los Angeles County,California,LongBeach,88587.0,19292.0,82302.0,23525.0,93499.0,45454.0,89499.0,80536.0,142777.0,43967.0,,,59219.0,45461.0,90851.0,38003.0,83960.0,28852.0,88309.0,31057.0,$88587,$19292,$82302,$23525,$93499,$45454,$89499,$80536,$142777,$43967,,,$59219,$45461,$90851,$38003,$83960,$28852,$88309,$31057
2022,6037576503,Census Tract 5765.03,Long Beach,Los Angeles County,California,LongBeach,74019.0,11205.0,74205.0,25822.0,34165.0,10579.0,,,72781.0,29487.0,,,78305.0,26959.0,82786.0,8787.0,82770.0,47613.0,77763.0,10788.0,$74019,$11205,$74205,$25822,$34165,$10579,,,$72781,$29487,,,$78305,$26959,$82786,$8787,$82770,$47613,$77763,$10788
2022,6037576601,Census Tract 5766.01,Long Beach,Los Angeles County,California,LongBeach,64177.0,9955.0,96271.0,16707.0,43519.0,24128.0,,,,,,,49656.0,34587.0,77453.0,30779.0,99845.0,19503.0,52542.0,12917.0,$64177,$9955,$96271,$16707,$43519,$24128,,,,,,,$49656,$34587,$77453,$30779,$99845,$19503,$52542,$12917
2022,6037576602,Census Tract 5766.02,Long Beach,Los Angeles County,California,LongBeach,92642.0,12808.0,102904.0,8628.0,,,,,92750.0,36601.0,,,48739.0,16327.0,,,104534.0,12782.0,87310.0,68777.0,$92642,$12808,$102904,$8628,,,,,$92750,$36601,,,$48739,$16327,,,$104534,$12782,$87310,$68777
2022,6037576700,Census Tract 5767,Long Beach,Los Angeles County,California,LongBeach,97656.0,21753.0,115995.0,24421.0,,,,,222824.0,121636.0,,,56248.0,31337.0,56870.0,21437.0,112218.0,20652.0,132640.0,78031.0,$97656,$21753,$115995,$24421,,,,,$222824,$121636,,,$56248,$31337,$56870,$21437,$112218,$20652,$132640,$78031
2022,6037576801,Census Tract 5768.01,Long Beach,Los Angeles County,California,LongBeach,67578.0,12533.0,71009.0,22459.0,64880.0,13232.0,,,112033.0,104279.0,,,,,,,72885.0,16233.0,60427.0,33394.0,$67578,$12533,$71009,$22459,$64880,$13232,,,$112033,$104279,,,,,,,$72885,$16233,$60427,$33394
2022,6037576802,Census Tract 5768.02,Long Beach,Los Angeles County,California,LongBeach,81169.0,18891.0,90065.0,25600.0,73201.0,23956.0,,,68008.0,7406.0,,,66607.0,17973.0,123396.0,35774.0,96894.0,24893.0,73298.0,31272.0,$81169,$18891,$90065,$25600,$73201,$23956,,,$68008,$7406,,,$66607,$17973,$123396,$35774,$96894,$24893,$73298,$31272
2022,6037576901,Census Tract 5769.01,Long Beach,Los Angeles County,California,LongBeach,56127.0,8066.0,68067.0,12217.0,37323.0,9011.0,81153.0,69691.0,54156.0,23195.0,,,42682.0,31001.0,67157.0,18206.0,54470.0,34664.0,67105.0,12071.0,$56127,$8066,$68067,$12217,$37323,$9011,$81153,$69691,$54156,$23195,,,$42682,$31001,$67157,$18206,$54470,$34664,$67105,$12071
2022,6037576903,Census Tract 5769.03,Long Beach,Los Angeles County,California,LongBeach,64419.0,8054.0,53104.0,14367.0,74973.0,53060.0,,,113883.0,91588.0,,,66063.0,13948.0,82621.0,27601.0,65054.0,27064.0,59797.0,15578.0,$64419,$8054,$53104,$14367,$74973,$53060,,,$113883,$91588,,,$66063,$13948,$82621,$27601,$65054,$27064,$59797,$15578
2022,6037576904,Census Tract 5769.04,Long Beach,Los Angeles County,California,LongBeach,70052.0,20634.0,70627.0,13332.0,,,,,,,,,57611.0,29200.0,127013.0,60348.0,74551.0,17484.0,57879.0,30074.0,$70052,$20634,$70627,$13332,,,,,,,,,$57611,$29200,$127013,$60348,$74551,$17484,$57879,$30074
2022,6037577000,Census Tract 5770,Long Beach,Los Angeles County,California,LongBeach,89638.0,15740.0,87531.0,9793.0,118374.0,84031.0,,,107345.0,23970.0,,,113081.0,23821.0,,,87685.0,14425.0,97805.0,25779.0,$89638,$15740,$87531,$9793,$118374,$84031,,,$107345,$23970,,,$113081,$23821,,,$87685,$14425,$97805,$25779
2022,6037577100,Census Tract 5771,Long Beach,Los Angeles County,California,LongBeach,95408.0,9038.0,97990.0,17626.0,65891.0,59185.0,,,,,,,,,85621.0,13638.0,105993.0,24573.0,83567.0,15985.0,$95408,$9038,$97990,$17626,$65891,$59185,,,,,,,,,$85621,$13638,$105993,$24573,$83567,$15985
2022,6037577200,Census Tract 5772,Long Beach,Los Angeles County,California,LongBeach,113335.0,14080.0,115108.0,25809.0,142486.0,54055.0,,,108506.0,867.0,,,126672.0,41681.0,126757.0,89056.0,119310.0,24463.0,115153.0,39593.0,$113335,$14080,$115108,$25809,$142486,$54055,,,$108506,$867,,,$126672,$41681,$126757,$89056,$119310,$24463,$115153,$39593
2022,6037577300,Census Tract 5773,Long Beach,Los Angeles County,California,LongBeach,112120.0,19474.0,107379.0,15845.0,,,,,97245.0,35570.0,,,58664.0,12872.0,174654.0,16555.0,105445.0,15751.0,126834.0,114404.0,$112120,$19474,$107379,$15845,,,,,$97245,$35570,,,$58664,$12872,$174654,$16555,$105445,$15751,$126834,$114404
2022,6037577400,Census Tract 5774,Long Beach,Los Angeles County,California,LongBeach,118540.0,13978.0,117967.0,15309.0,57688.0,49993.0,,,194271.0,94687.0,,,,,,,116371.0,23449.0,141210.0,38141.0,$118540,$13978,$117967,$15309,$57688,$49993,,,$194271,$94687,,,,,,,$116371,$23449,$141210,$38141
2022,6037577501,Census Tract 5775.01,Long Beach,Los Angeles County,California,LongBeach,151440.0,30303.0,157146.0,26721.0,183675.0,161449.0,,,,,,,,,80940.0,76436.0,161714.0,23174.0,76838.0,55859.0,$151440,$30303,$157146,$26721,$183675,$161449,,,,,,,,,$80940,$76436,$161714,$23174,$76838,$55859
2022,6037577504,Census Tract 5775.04,Long Beach,Los Angeles County,California,LongBeach,91106.0,25956.0,97939.0,32247.0,,,,,,,,,,,79048.0,63061.0,113660.0,35784.0,59547.0,53701.0,$91106,$25956,$97939,$32247,,,,,,,,,,,$79048,$63061,$113660,$35784,$59547,$53701
2022,6037577602,Census Tract 5776.02,Long Beach,Los Angeles County,California,LongBeach,114347.0,13292.0,120631.0,16991.0,,,96820.0,86279.0,220110.0,218916.0,,,,,98662.0,72653.0,120682.0,17757.0,98417.0,3802.0,$114347,$13292,$120631,$16991,,,$96820,$86279,$220110,$218916,,,,,$98662,$72653,$120682,$17757,$98417,$3802
2022,6037577604,Census Tract 5776.04,Long Beach,Los Angeles County,California,LongBeach,108474.0,25540.0,108822.0,34958.0,,,,,,,,,,,103339.0,2935.0,109440.0,48659.0,104038.0,9744.0,$108474,$25540,$108822,$34958,,,,,,,,,,,$103339,$2935,$109440,$48659,$104038,$9744
2022,6037577605,Census Tract 5776.05,Long Beach,Los Angeles County,California,LongBeach,125081.0,16527.0,129374.0,21098.0,,,,,,,,,,,,,135347.0,25455.0,103834.0,93765.0,$125081,$16527,$129374,$21098,,,,,,,,,,,,,$135347,$25455,$103834,$93765
2022,6037577606,Census Tract 5776.06,Long Beach,Los Angeles County,California,LongBeach,155732.0,31139.0,158044.0,97879.0,36612.0,34969.0,,,,,,,,,,,239215.0,146422.0,106659.0,23362.0,$155732,$31139,$158044,$97879,$36612,$34969,,,,,,,,,,,$239215,$146422,$106659,$23362
2022,6037577700,Census Tract 5777,Long Beach,Los Angeles County,California,LongBeach,93032.0,17764.0,93563.0,52651.0,60514.0,11697.0,,,73993.0,42736.0,122089.0,110196.0,108332.0,10137.0,82871.0,43398.0,,,115713.0,14638.0,$93032,$17764,$93563,$52651,$60514,$11697,,,$73993,$42736,$122089,$110196,$108332,$10137,$82871,$43398,,,$115713,$14638
2022,6037577900,Census Tract 5779,Long Beach,Los Angeles County,California,LongBeach,90789.0,8298.0,62765.0,13232.0,97318.0,16425.0,,,95909.0,24250.0,,,105510.0,49930.0,127151.0,32562.0,60655.0,12562.0,80285.0,25683.0,$90789,$8298,$62765,$13232,$97318,$16425,,,$95909,$24250,,,$105510,$49930,$127151,$32562,$60655,$12562,$80285,$25683
2022,6037578000,Census Tract 5780,Long Beach,Los Angeles County,California,LongBeach,67540.0,16092.0,55393.0,24338.0,30257.0,6219.0,,,71456.0,33557.0,,,73876.0,11576.0,,,,,71074.0,11551.0,$67540,$16092,$55393,$24338,$30257,$6219,,,$71456,$33557,,,$73876,$11576,,,,,$71074,$11551
2022,6037578100,Census Tract 5781,Long Beach,Los Angeles County,California,LongBeach,,,,,,,,,,,,,,,,,,,,,,,,,,,,,,,,,,,,,,,,
2022,6037980006,Census Tract 9800.06,Long Beach,Los Angeles County,California,LongBeach,,,,,,,,,,,,,,,,,,,,,,,,,,,,,,,,,,,,,,,,
2022,6037980007,Census Tract 9800.07,Long Beach,Los Angeles County,California,LongBeach,,,,,,,,,,,,,,,,,,,,,,,,,,,,,,,,,,,,,,,,
2022,6037980011,Census Tract 9800.11,Long Beach,Los Angeles County,California,LongBeach,,,,,,,,,,,,,,,,,,,,,,,,,,,,,,,,,,,,,,,,
2022,6037980018,Census Tract 9800.18,Long Beach,Los Angeles County,California,LongBeach,,,,,,,,,,,,,,,,,,,,,,,,,,,,,,,,,,,,,,,,
2022,6037980033,Census Tract 9800.33,Long Beach,Los Angeles County,California,LongBeach,,,,,,,,,,,,,,,,,,,,,,,,,,,,,,,,,,,,,,,,
2022,6037990300,Census Tract 9903,Long Beach,Los Angeles County,California,LongBeach,,,,,,,,,,,,,,,,,,,,,,,,,,,,,,,,,,,,,,,,
2023,6037544002,Census Tract 5440.02,Long Beach,Los Angeles County,California,LongBeach,113416.0,12722.0,93244.0,15826.0,183072.0,155811.0,,,119665.0,30267.0,,,93610.0,6634.0,140896.0,37683.0,92730.0,90986.0,100365.0,30215.0,$113416,$12722,$93244,$15826,$183072,$155811,,,$119665,$30267,,,$93610,$6634,$140896,$37683,$92730,$90986,$100365,$30215
2023,6037555202,Census Tract 5552.02,Long Beach,Los Angeles County,California,LongBeach,153506.0,32345.0,154851.0,51736.0,,,,,90843.0,73189.0,,,120437.0,40120.0,245747.0,54670.0,155073.0,50205.0,,,$153506,$32345,$154851,$51736,,,,,$90843,$73189,,,$120437,$40120,$245747,$54670,$155073,$50205,,
2023,6037570100,Census Tract 5701,Long Beach,Los Angeles County,California,LongBeach,106260.0,8160.0,87240.0,35230.0,111302.0,82159.0,,,126099.0,111994.0,,,106738.0,9588.0,114042.0,50761.0,87369.0,28588.0,106589.0,18490.0,$106260,$8160,$87240,$35230,$111302,$82159,,,$126099,$111994,,,$106738,$9588,$114042,$50761,$87369,$28588,$106589,$18490
2023,6037570202,Census Tract 5702.02,Long Beach,Los Angeles County,California,LongBeach,85781.0,25207.0,128672.0,29794.0,42201.0,28289.0,,,113446.0,31385.0,,,,,91124.0,53935.0,99438.0,40210.0,105897.0,28650.0,$85781,$25207,$128672,$29794,$42201,$28289,,,$113446,$31385,,,,,$91124,$53935,$99438,$40210,$105897,$28650
2023,6037570203,Census Tract 5702.03,Long Beach,Los Angeles County,California,LongBeach,55285.0,25137.0,,,67738.0,26359.0,,,,,,,50969.0,25100.0,,,,,45784.0,12258.0,$55285,$25137,,,$67738,$26359,,,,,,,$50969,$25100,,,,,$45784,$12258
2023,6037570204,Census Tract 5702.04,Long Beach,Los Angeles County,California,LongBeach,70997.0,17425.0,88899.0,50869.0,40002.0,27729.0,,,77621.0,43590.0,,,73557.0,43130.0,,,,,88190.0,18203.0,$70997,$17425,$88899,$50869,$40002,$27729,,,$77621,$43590,,,$73557,$43130,,,,,$88190,$18203
2023,6037570303,Census Tract 5703.03,Long Beach,Los Angeles County,California,LongBeach,64707.0,6807.0,66862.0,63693.0,,,,,44521.0,18299.0,,,61667.0,19704.0,88155.0,29619.0,66814.0,58993.0,65425.0,10258.0,$64707,$6807,$66862,$63693,,,,,$44521,$18299,,,$61667,$19704,$88155,$29619,$66814,$58993,$65425,$10258
2023,6037570304,Census Tract 5703.04,Long Beach,Los Angeles County,California,LongBeach,57024.0,13480.0,49196.0,10639.0,42217.0,23114.0,48758.0,14411.0,97908.0,78768.0,,,64025.0,24399.0,66645.0,53262.0,45594.0,9318.0,61874.0,24038.0,$57024,$13480,$49196,$10639,$42217,$23114,$48758,$14411,$97908,$78768,,,$64025,$24399,$66645,$53262,$45594,$9318,$61874,$24038
2023,6037570305,Census Tract 5703.05,Long Beach,Los Angeles County,California,LongBeach,60047.0,15248.0,35196.0,17388.0,39929.0,15977.0,,,57988.0,33091.0,,,75467.0,6866.0,,,,,69345.0,14318.0,$60047,$15248,$35196,$17388,$39929,$15977,,,$57988,$33091,,,$75467,$6866,,,,,$69345,$14318
2023,6037570306,Census Tract 5703.06,Long Beach,Los Angeles County,California,LongBeach,111688.0,35467.0,120290.0,8558.0,156294.0,38224.0,,,42975.0,32092.0,,,110074.0,25930.0,127079.0,51183.0,126957.0,14831.0,110454.0,12691.0,$111688,$35467,$120290,$8558,$156294,$38224,,,$42975,$32092,,,$110074,$25930,$127079,$51183,$126957,$14831,$110454,$12691
2023,6037570402,Census Tract 5704.02,Long Beach,Los Angeles County,California,LongBeach,92447.0,15976.0,117842.0,63559.0,88562.0,37441.0,,,114151.0,51294.0,203732.0,144546.0,75210.0,35329.0,154040.0,67903.0,,,84047.0,43578.0,$92447,$15976,$117842,$63559,$88562,$37441,,,$114151,$51294,$203732,$144546,$75210,$35329,$154040,$67903,,,$84047,$43578
2023,6037570403,Census Tract 5704.03,Long Beach,Los Angeles County,California,LongBeach,71497.0,20243.0,131297.0,66566.0,,,,,68441.0,43222.0,,,70503.0,22412.0,49723.0,9661.0,,,66613.0,19488.0,$71497,$20243,$131297,$66566,,,,,$68441,$43222,,,$70503,$22412,$49723,$9661,,,$66613,$19488
2023,6037570404,Census Tract 5704.04,Long Beach,Los Angeles County,California,LongBeach,80149.0,7926.0,82262.0,33786.0,81064.0,17955.0,126385.0,66867.0,,,,,67875.0,11518.0,76807.0,67298.0,80841.0,48928.0,70013.0,9007.0,$80149,$7926,$82262,$33786,$81064,$17955,$126385,$66867,,,,,$67875,$11518,$76807,$67298,$80841,$48928,$70013,$9007
2023,6037570502,Census Tract 5705.02,Long Beach,Los Angeles County,California,LongBeach,101948.0,23017.0,122726.0,48150.0,89720.0,50593.0,,,106892.0,41378.0,,,76071.0,26199.0,,,91664.0,91637.0,111773.0,48362.0,$101948,$23017,$122726,$48150,$89720,$50593,,,$106892,$41378,,,$76071,$26199,,,$91664,$91637,$111773,$48362
2023,6037570503,Census Tract 5705.03,Long Beach,Los Angeles County,California,LongBeach,88917.0,20846.0,128852.0,79977.0,87261.0,27108.0,,,64766.0,59107.0,,,91866.0,47675.0,61156.0,47782.0,129066.0,110422.0,90969.0,48177.0,$88917,$20846,$128852,$79977,$87261,$27108,,,$64766,$59107,,,$91866,$47675,$61156,$47782,$129066,$110422,$90969,$48177
2023,6037570504,Census Tract 5705.04,Long Beach,Los Angeles County,California,LongBeach,91973.0,11376.0,174565.0,106092.0,,,,,,,,,64036.0,27405.0,86549.0,37562.0,175687.0,148761.0,90937.0,14163.0,$91973,$11376,$174565,$106092,,,,,,,,,$64036,$27405,$86549,$37562,$175687,$148761,$90937,$14163
2023,6037570601,Census Tract 5706.01,Long Beach,Los Angeles County,California,LongBeach,82297.0,12102.0,100824.0,12879.0,56324.0,20133.0,,,76371.0,12563.0,,,75145.0,15182.0,93502.0,33826.0,85353.0,44296.0,101190.0,14010.0,$82297,$12102,$100824,$12879,$56324,$20133,,,$76371,$12563,,,$75145,$15182,$93502,$33826,$85353,$44296,$101190,$14010
2023,6037570602,Census Tract 5706.02,Long Beach,Los Angeles County,California,LongBeach,79183.0,31107.0,94574.0,73638.0,,,,,85431.0,57866.0,,,,,109340.0,36949.0,,,73849.0,41225.0,$79183,$31107,$94574,$73638,,,,,$85431,$57866,,,,,$109340,$36949,,,$73849,$41225
2023,6037570603,Census Tract 5706.03,Long Beach,Los Angeles County,California,LongBeach,49056.0,19541.0,54615.0,25860.0,43023.0,29328.0,,,68217.0,6257.0,127708.0,38145.0,42579.0,15097.0,40532.0,28880.0,55186.0,26077.0,43877.0,12727.0,$49056,$19541,$54615,$25860,$43023,$29328,,,$68217,$6257,$127708,$38145,$42579,$15097,$40532,$28880,$55186,$26077,$43877,$12727
2023,6037571201,Census Tract 5712.01,Long Beach,Los Angeles County,California,LongBeach,157449.0,60727.0,179164.0,37776.0,93931.0,59507.0,,,,,,,125781.0,71322.0,,,199571.0,30382.0,123923.0,13432.0,$157449,$60727,$179164,$37776,$93931,$59507,,,,,,,$125781,$71322,,,$199571,$30382,$123923,$13432
2023,6037571202,Census Tract 5712.02,Long Beach,Los Angeles County,California,LongBeach,93551.0,44318.0,96702.0,57017.0,,,,,72875.0,70447.0,,,69483.0,50625.0,117016.0,26207.0,94204.0,45761.0,,,$93551,$44318,$96702,$57017,,,,,$72875,$70447,,,$69483,$50625,$117016,$26207,$94204,$45761,,
2023,6037571300,Census Tract 5713,Long Beach,Los Angeles County,California,LongBeach,138143.0,33645.0,136684.0,24561.0,192103.0,69869.0,,,173451.0,99793.0,,,175370.0,163837.0,162341.0,150639.0,122963.0,22058.0,191516.0,25250.0,$138143,$33645,$136684,$24561,$192103,$69869,,,$173451,$99793,,,$175370,$163837,$162341,$150639,$122963,$22058,$191516,$25250
2023,6037571502,Census Tract 5715.02,Long Beach,Los Angeles County,California,LongBeach,104615.0,21248.0,108260.0,34937.0,66395.0,15771.0,167392.0,75083.0,113462.0,32501.0,,,131906.0,108367.0,109041.0,43671.0,118920.0,42425.0,107570.0,58930.0,$104615,$21248,$108260,$34937,$66395,$15771,$167392,$75083,$113462,$32501,,,$131906,$108367,$109041,$43671,$118920,$42425,$107570,$58930
2023,6037571504,Census Tract 5715.04,Long Beach,Los Angeles County,California,LongBeach,88869.0,23507.0,77364.0,53017.0,71233.0,52450.0,,,105709.0,63548.0,,,123392.0,17518.0,96622.0,44632.0,77051.0,50299.0,128846.0,19921.0,$88869,$23507,$77364,$53017,$71233,$52450,,,$105709,$63548,,,$123392,$17518,$96622,$44632,$77051,$50299,$128846,$19921
2023,6037571505,Census Tract 5715.05,Long Beach,Los Angeles County,California,LongBeach,96473.0,9406.0,139383.0,66909.0,121478.0,58095.0,,,106283.0,67320.0,,,66910.0,54838.0,95628.0,40192.0,139461.0,76210.0,95589.0,8646.0,$96473,$9406,$139383,$66909,$121478,$58095,,,$106283,$67320,,,$66910,$54838,$95628,$40192,$139461,$76210,$95589,$8646
2023,6037571600,Census Tract 5716,Long Beach,Los Angeles County,California,LongBeach,29430.0,7203.0,29595.0,21727.0,28638.0,10864.0,,,,,,,19730.0,19054.0,41883.0,13775.0,27397.0,14845.0,31491.0,19083.0,$29430,$7203,$29595,$21727,$28638,$10864,,,,,,,$19730,$19054,$41883,$13775,$27397,$14845,$31491,$19083
2023,6037571701,Census Tract 5717.01,Long Beach,Los Angeles County,California,LongBeach,79950.0,10339.0,85291.0,26536.0,82630.0,58816.0,,,,,,,81402.0,48100.0,60476.0,54711.0,94666.0,26253.0,75765.0,29327.0,$79950,$10339,$85291,$26536,$82630,$58816,,,,,,,$81402,$48100,$60476,$54711,$94666,$26253,$75765,$29327
2023,6037571703,Census Tract 5717.03,Long Beach,Los Angeles County,California,LongBeach,,,97791.0,21952.0,19261.0,9602.0,,,,,,,,,,,94494.0,19851.0,77745.0,39897.0,,,$97791,$21952,$19261,$9602,,,,,,,,,,,$94494,$19851,$77745,$39897
2023,6037571704,Census Tract 5717.04,Long Beach,Los Angeles County,California,LongBeach,60372.0,14678.0,85825.0,24417.0,35256.0,34061.0,116963.0,21409.0,75488.0,75259.0,,,43535.0,22677.0,82166.0,16175.0,98220.0,86878.0,70556.0,26056.0,$60372,$14678,$85825,$24417,$35256,$34061,$116963,$21409,$75488,$75259,,,$43535,$22677,$82166,$16175,$98220,$86878,$70556,$26056
2023,6037571800,Census Tract 5718,Long Beach,Los Angeles County,California,LongBeach,127386.0,31723.0,175852.0,33855.0,71345.0,33814.0,,,191538.0,108609.0,,,,,67094.0,41778.0,176662.0,37336.0,101758.0,40577.0,$127386,$31723,$175852,$33855,$71345,$33814,,,$191538,$108609,,,,,$67094,$41778,$176662,$37336,$101758,$40577
2023,6037571900,Census Tract 5719,Long Beach,Los Angeles County,California,LongBeach,132058.0,44299.0,125865.0,47312.0,,,,,158782.0,64692.0,,,46263.0,32634.0,158396.0,59029.0,138354.0,55858.0,69137.0,39935.0,$132058,$44299,$125865,$47312,,,,,$158782,$64692,,,$46263,$32634,$158396,$59029,$138354,$55858,$69137,$39935
2023,6037572001,Census Tract 5720.01,Long Beach,Los Angeles County,California,LongBeach,106621.0,33021.0,137651.0,39067.0,86481.0,31751.0,,,154788.0,127392.0,,,,,105424.0,44436.0,139231.0,37060.0,104028.0,36853.0,$106621,$33021,$137651,$39067,$86481,$31751,,,$154788,$127392,,,,,$105424,$44436,$139231,$37060,$104028,$36853
2023,6037572201,Census Tract 5722.01,Long Beach,Los Angeles County,California,LongBeach,79626.0,25707.0,,,95861.0,63923.0,,,102095.0,39587.0,,,65097.0,5064.0,118379.0,102058.0,,,65840.0,38796.0,$79626,$25707,,,$95861,$63923,,,$102095,$39587,,,$65097,$5064,$118379,$102058,,,$65840,$38796
2023,6037572202,Census Tract 5722.02,Long Beach,Los Angeles County,California,LongBeach,120715.0,5989.0,119403.0,25173.0,111898.0,87327.0,,,124555.0,28939.0,,,,,239833.0,73892.0,98699.0,45647.0,121717.0,49706.0,$120715,$5989,$119403,$25173,$111898,$87327,,,$124555,$28939,,,,,$239833,$73892,$98699,$45647,$121717,$49706
2023,6037572301,Census Tract 5723.01,Long Beach,Los Angeles County,California,LongBeach,93645.0,24207.0,,,,,,,95732.0,38860.0,93502.0,62986.0,121095.0,72937.0,160554.0,30747.0,,,104225.0,50880.0,$93645,$24207,,,,,,,$95732,$38860,$93502,$62986,$121095,$72937,$160554,$30747,,,$104225,$50880
2023,6037572500,Census Tract 5725,Long Beach,Los Angeles County,California,LongBeach,52312.0,30419.0,71627.0,18291.0,24916.0,20241.0,,,,,,,,,,,75799.0,27371.0,63731.0,8988.0,$52312,$30419,$71627,$18291,$24916,$20241,,,,,,,,,,,$75799,$27371,$63731,$8988
2023,6037572600,Census Tract 5726,Long Beach,Los Angeles County,California,LongBeach,121623.0,33102.0,91423.0,31563.0,63297.0,35090.0,,,208601.0,65341.0,,,123386.0,52109.0,,,88784.0,47496.0,106283.0,31693.0,$121623,$33102,$91423,$31563,$63297,$35090,,,$208601,$65341,,,$123386,$52109,,,$88784,$47496,$106283,$31693
2023,6037572700,Census Tract 5727,Long Beach,Los Angeles County,California,LongBeach,90785.0,12466.0,84949.0,25754.0,,,,,106561.0,16817.0,,,85053.0,72031.0,,,84603.0,52543.0,85015.0,24589.0,$90785,$12466,$84949,$25754,,,,,$106561,$16817,,,$85053,$72031,,,$84603,$52543,$85015,$24589
2023,6037573002,Census Tract 5730.02,Long Beach,Los Angeles County,California,LongBeach,61310.0,5289.0,67216.0,16764.0,47043.0,20070.0,,,55447.0,17908.0,,,70899.0,43482.0,90000.0,60679.0,21265.0,9354.0,82980.0,21331.0,$61310,$5289,$67216,$16764,$47043,$20070,,,$55447,$17908,,,$70899,$43482,$90000,$60679,$21265,$9354,$82980,$21331
2023,6037573003,Census Tract 5730.03,Long Beach,Los Angeles County,California,LongBeach,110229.0,24361.0,121081.0,25150.0,,,,,95540.0,39808.0,,,141778.0,70683.0,,,119665.0,24461.0,89519.0,86333.0,$110229,$24361,$121081,$25150,,,,,$95540,$39808,,,$141778,$70683,,,$119665,$24461,$89519,$86333
2023,6037573004,Census Tract 5730.04,Long Beach,Los Angeles County,California,LongBeach,59877.0,14863.0,76346.0,44350.0,25520.0,18532.0,,,70025.0,40944.0,,,60262.0,14432.0,,,76346.0,68074.0,73619.0,18837.0,$59877,$14863,$76346,$44350,$25520,$18532,,,$70025,$40944,,,$60262,$14432,,,$76346,$68074,$73619,$18837
2023,6037573101,Census Tract 5731.01,Long Beach,Los Angeles County,California,LongBeach,72875.0,27625.0,108514.0,57591.0,,,,,,,,,,,52892.0,33323.0,145521.0,7099.0,59932.0,16703.0,$72875,$27625,$108514,$57591,,,,,,,,,,,$52892,$33323,$145521,$7099,$59932,$16703
2023,6037573102,Census Tract 5731.02,Long Beach,Los Angeles County,California,LongBeach,115346.0,15747.0,147125.0,58987.0,120609.0,92327.0,,,146440.0,29452.0,,,69042.0,28859.0,,,169892.0,37304.0,69387.0,33279.0,$115346,$15747,$147125,$58987,$120609,$92327,,,$146440,$29452,,,$69042,$28859,,,$169892,$37304,$69387,$33279
2023,6037573201,Census Tract 5732.01,Long Beach,Los Angeles County,California,LongBeach,55722.0,16683.0,47480.0,19960.0,,,,,71355.0,23263.0,,,64465.0,39909.0,120119.0,51957.0,45035.0,40578.0,55990.0,19142.0,$55722,$16683,$47480,$19960,,,,,$71355,$23263,,,$64465,$39909,$120119,$51957,$45035,$40578,$55990,$19142
2023,6037573202,Census Tract 5732.02,Long Beach,Los Angeles County,California,LongBeach,81085.0,16252.0,108233.0,26475.0,70825.0,48308.0,,,160749.0,158403.0,,,67893.0,17446.0,,,104225.0,24353.0,69120.0,13952.0,$81085,$16252,$108233,$26475,$70825,$48308,,,$160749,$158403,,,$67893,$17446,,,$104225,$24353,$69120,$13952
2023,6037573300,Census Tract 5733,Long Beach,Los Angeles County,California,LongBeach,52979.0,10948.0,,,30764.0,17622.0,,,61906.0,25024.0,,,61155.0,17690.0,86854.0,51161.0,250560.0,227664.0,56616.0,18125.0,$52979,$10948,,,$30764,$17622,,,$61906,$25024,,,$61155,$17690,$86854,$51161,$250560,$227664,$56616,$18125
2023,6037573601,Census Tract 5736.01,Long Beach,Los Angeles County,California,LongBeach,132642.0,9755.0,130878.0,14302.0,,,,,,,,,,,160444.0,83343.0,122668.0,19616.0,146266.0,46644.0,$132642,$9755,$130878,$14302,,,,,,,,,,,$160444,$83343,$122668,$19616,$146266,$46644
2023,6037573700,Census Tract 5737,Long Beach,Los Angeles County,California,LongBeach,147322.0,13222.0,143173.0,21108.0,,,,,148546.0,15645.0,,,142944.0,96817.0,134989.0,44930.0,144596.0,25381.0,142853.0,33897.0,$147322,$13222,$143173,$21108,,,,,$148546,$15645,,,$142944,$96817,$134989,$44930,$144596,$25381,$142853,$33897
2023,6037573800,Census Tract 5738,Long Beach,Los Angeles County,California,LongBeach,118636.0,23157.0,114401.0,37567.0,,,,,206090.0,68487.0,,,,,116320.0,49950.0,117896.0,37764.0,117750.0,26468.0,$118636,$23157,$114401,$37567,,,,,$206090,$68487,,,,,$116320,$49950,$117896,$37764,$117750,$26468
2023,6037573902,Census Tract 5739.02,Long Beach,Los Angeles County,California,LongBeach,170897.0,23833.0,164549.0,31837.0,220287.0,157251.0,,,206668.0,79884.0,,,247995.0,117914.0,155842.0,34171.0,164625.0,31859.0,224319.0,112093.0,$170897,$23833,$164549,$31837,$220287,$157251,,,$206668,$79884,,,$247995,$117914,$155842,$34171,$164625,$31859,$224319,$112093
2023,6037574000,Census Tract 5740,Long Beach,Los Angeles County,California,LongBeach,144278.0,13665.0,137536.0,13773.0,139851.0,21585.0,,,159281.0,17118.0,,,,,187310.0,3708.0,135788.0,9942.0,197083.0,73367.0,$144278,$13665,$137536,$13773,$139851,$21585,,,$159281,$17118,,,,,$187310,$3708,$135788,$9942,$197083,$73367
2023,6037574100,Census Tract 5741,Long Beach,Los Angeles County,California,LongBeach,140988.0,16091.0,141264.0,19295.0,115233.0,22065.0,,,154688.0,10420.0,,,,,92561.0,37950.0,137203.0,14906.0,148730.0,11474.0,$140988,$16091,$141264,$19295,$115233,$22065,,,$154688,$10420,,,,,$92561,$37950,$137203,$14906,$148730,$11474
2023,6037574201,Census Tract 5742.01,Long Beach,Los Angeles County,California,LongBeach,147353.0,20388.0,129102.0,22860.0,192396.0,99474.0,,,197641.0,143726.0,,,,,189179.0,24002.0,125788.0,20102.0,148639.0,24090.0,$147353,$20388,$129102,$22860,$192396,$99474,,,$197641,$143726,,,,,$189179,$24002,$125788,$20102,$148639,$24090
2023,6037574202,Census Tract 5742.02,Long Beach,Los Angeles County,California,LongBeach,123955.0,11031.0,123862.0,13439.0,,,,,185564.0,116485.0,,,175807.0,34889.0,,,121338.0,20788.0,125760.0,57890.0,$123955,$11031,$123862,$13439,,,,,$185564,$116485,,,$175807,$34889,,,$121338,$20788,$125760,$57890
2023,6037574300,Census Tract 5743,Long Beach,Los Angeles County,California,LongBeach,124137.0,31902.0,114401.0,63479.0,,,,,133423.0,106673.0,,,,,130120.0,89851.0,121724.0,57643.0,101241.0,70380.0,$124137,$31902,$114401,$63479,,,,,$133423,$106673,,,,,$130120,$89851,$121724,$57643,$101241,$70380
2023,6037574400,Census Tract 5744,Long Beach,Los Angeles County,California,LongBeach,136859.0,31599.0,118350.0,37420.0,,,,,190886.0,59267.0,,,89471.0,33551.0,196097.0,22647.0,117707.0,35332.0,184725.0,53921.0,$136859,$31599,$118350,$37420,,,,,$190886,$59267,,,$89471,$33551,$196097,$22647,$117707,$35332,$184725,$53921
2023,6037574500,Census Tract 5745,Long Beach,Los Angeles County,California,LongBeach,125688.0,52825.0,125856.0,50167.0,,,,,,,,,179548.0,148674.0,,,124943.0,35144.0,,,$125688,$52825,$125856,$50167,,,,,,,,,$179548,$148674,,,$124943,$35144,,
2023,6037574602,Census Tract 5746.02,Long Beach,Los Angeles County,California,LongBeach,145143.0,41033.0,148525.0,67328.0,,,,,97440.0,40454.0,,,,,,,138109.0,23428.0,,,$145143,$41033,$148525,$67328,,,,,$97440,$40454,,,,,,,$138109,$23428,,
2023,6037574800,Census Tract 5748,Long Beach,Los Angeles County,California,LongBeach,94923.0,27553.0,106655.0,26764.0,,,,,117551.0,64438.0,,,94188.0,30663.0,,,107704.0,32163.0,54834.0,50106.0,$94923,$27553,$106655,$26764,,,,,$117551,$64438,,,$94188,$30663,,,$107704,$32163,$54834,$50106
2023,6037574901,Census Tract 5749.01,Long Beach,Los Angeles County,California,LongBeach,157808.0,30759.0,160339.0,16051.0,,,,,,,,,,,176281.0,108307.0,159987.0,19975.0,,,$157808,$30759,$160339,$16051,,,,,,,,,,,$176281,$108307,$159987,$19975,,
2023,6037574902,Census Tract 5749.02,Long Beach,Los Angeles County,California,LongBeach,88458.0,8659.0,100107.0,16463.0,78315.0,15422.0,,,86725.0,37616.0,,,,,114004.0,60506.0,106084.0,27598.0,90470.0,17416.0,$88458,$8659,$100107,$16463,$78315,$15422,,,$86725,$37616,,,,,$114004,$60506,$106084,$27598,$90470,$17416
2023,6037575001,Census Tract 5750.01,Long Beach,Los Angeles County,California,LongBeach,96337.0,16857.0,79409.0,32056.0,97568.0,81869.0,,,140669.0,39636.0,,,67829.0,48995.0,,,79042.0,25278.0,67277.0,65051.0,$96337,$16857,$79409,$32056,$97568,$81869,,,$140669,$39636,,,$67829,$48995,,,$79042,$25278,$67277,$65051
2023,6037575002,Census Tract 5750.02,Long Beach,Los Angeles County,California,LongBeach,94207.0,26773.0,104708.0,23633.0,61631.0,46522.0,,,,,,,115419.0,114701.0,81493.0,51061.0,109243.0,55879.0,104755.0,8130.0,$94207,$26773,$104708,$23633,$61631,$46522,,,,,,,$115419,$114701,$81493,$51061,$109243,$55879,$104755,$8130
2023,6037575101,Census Tract 5751.01,Long Beach,Los Angeles County,California,LongBeach,67569.0,11946.0,68390.0,13950.0,79777.0,27056.0,,,36028.0,35968.0,,,,,57225.0,28244.0,88699.0,25698.0,58561.0,13146.0,$67569,$11946,$68390,$13950,$79777,$27056,,,$36028,$35968,,,,,$57225,$28244,$88699,$25698,$58561,$13146
2023,6037575102,Census Tract 5751.02,Long Beach,Los Angeles County,California,LongBeach,49282.0,20073.0,71627.0,22617.0,37032.0,3170.0,,,30238.0,10678.0,,,52085.0,12185.0,,,,,65623.0,23707.0,$49282,$20073,$71627,$22617,$37032,$3170,,,$30238,$10678,,,$52085,$12185,,,,,$65623,$23707
2023,6037575103,Census Tract 5751.03,Long Beach,Los Angeles County,California,LongBeach,65688.0,9614.0,71724.0,31746.0,55532.0,24926.0,,,64159.0,5417.0,,,71099.0,36387.0,,,99319.0,16866.0,52740.0,13401.0,$65688,$9614,$71724,$31746,$55532,$24926,,,$64159,$5417,,,$71099,$36387,,,$99319,$16866,$52740,$13401
2023,6037575201,Census Tract 5752.01,Long Beach,Los Angeles County,California,LongBeach,52955.0,8318.0,47652.0,32176.0,55973.0,37865.0,,,51498.0,30923.0,,,,,93288.0,72817.0,47223.0,34811.0,52756.0,30362.0,$52955,$8318,$47652,$32176,$55973,$37865,,,$51498,$30923,,,,,$93288,$72817,$47223,$34811,$52756,$30362
2023,6037575202,Census Tract 5752.02,Long Beach,Los Angeles County,California,LongBeach,61309.0,17294.0,77394.0,44476.0,32069.0,21920.0,,,36800.0,11943.0,,,58117.0,11471.0,,,158242.0,954.0,67494.0,15868.0,$61309,$17294,$77394,$44476,$32069,$21920,,,$36800,$11943,,,$58117,$11471,,,$158242,$954,$67494,$15868
2023,6037575300,Census Tract 5753,Long Beach,Los Angeles County,California,LongBeach,39825.0,9010.0,35434.0,24143.0,,,,,27793.0,14917.0,,,47241.0,23982.0,93931.0,40173.0,29693.0,26465.0,49035.0,19538.0,$39825,$9010,$35434,$24143,,,,,$27793,$14917,,,$47241,$23982,$93931,$40173,$29693,$26465,$49035,$19538
2023,6037575401,Census Tract 5754.01,Long Beach,Los Angeles County,California,LongBeach,49718.0,13211.0,45035.0,16005.0,,,,,29595.0,22649.0,,,52728.0,12765.0,52633.0,22047.0,49828.0,26878.0,49309.0,20097.0,$49718,$13211,$45035,$16005,,,,,$29595,$22649,,,$52728,$12765,$52633,$22047,$49828,$26878,$49309,$20097
2023,6037575402,Census Tract 5754.02,Long Beach,Los Angeles County,California,LongBeach,71127.0,16177.0,80903.0,34102.0,76501.0,56217.0,,,,,,,72105.0,40892.0,,,,,71370.0,11562.0,$71127,$16177,$80903,$34102,$76501,$56217,,,,,,,$72105,$40892,,,,,$71370,$11562
2023,6037575801,Census Tract 5758.01,Long Beach,Los Angeles County,California,LongBeach,41043.0,14658.0,44521.0,16880.0,,,,,,,,,88488.0,42742.0,,,,,44153.0,18068.0,$41043,$14658,$44521,$16880,,,,,,,,,$88488,$42742,,,,,$44153,$18068
2023,6037575802,Census Tract 5758.02,Long Beach,Los Angeles County,California,LongBeach,56195.0,6063.0,66574.0,40764.0,32465.0,30934.0,,,54071.0,15937.0,,,61809.0,5892.0,49396.0,9111.0,86640.0,44802.0,59927.0,12575.0,$56195,$6063,$66574,$40764,$32465,$30934,,,$54071,$15937,,,$61809,$5892,$49396,$9111,$86640,$44802,$59927,$12575
2023,6037575803,Census Tract 5758.03,Long Beach,Los Angeles County,California,LongBeach,24527.0,9770.0,32054.0,9571.0,20511.0,15341.0,,,14487.0,9760.0,,,,,96387.0,71285.0,32311.0,8684.0,29678.0,27794.0,$24527,$9770,$32054,$9571,$20511,$15341,,,$14487,$9760,,,,,$96387,$71285,$32311,$8684,$29678,$27794
2023,6037575901,Census Tract 5759.01,Long Beach,Los Angeles County,California,LongBeach,59091.0,30560.0,58694.0,57687.0,38469.0,38346.0,,,,,,,78268.0,11297.0,,,89409.0,30232.0,44104.0,40715.0,$59091,$30560,$58694,$57687,$38469,$38346,,,,,,,$78268,$11297,,,$89409,$30232,$44104,$40715
2023,6037575902,Census Tract 5759.02,Long Beach,Los Angeles County,California,LongBeach,61130.0,9956.0,70975.0,31156.0,53251.0,17581.0,,,89248.0,41307.0,,,35734.0,8485.0,90563.0,72546.0,95043.0,62497.0,43668.0,38783.0,$61130,$9956,$70975,$31156,$53251,$17581,,,$89248,$41307,,,$35734,$8485,$90563,$72546,$95043,$62497,$43668,$38783
2023,6037576001,Census Tract 5760.01,Long Beach,Los Angeles County,California,LongBeach,110954.0,13017.0,112854.0,21759.0,,,,,102571.0,42234.0,,,60476.0,53274.0,81820.0,45852.0,119365.0,32651.0,74451.0,32372.0,$110954,$13017,$112854,$21759,,,,,$102571,$42234,,,$60476,$53274,$81820,$45852,$119365,$32651,$74451,$32372
2023,6037576200,Census Tract 5762,Long Beach,Los Angeles County,California,LongBeach,56172.0,13789.0,62695.0,28978.0,61971.0,54374.0,35546.0,30143.0,,,,,49443.0,25199.0,73015.0,27237.0,83359.0,42741.0,49815.0,10531.0,$56172,$13789,$62695,$28978,$61971,$54374,$35546,$30143,,,,,$49443,$25199,$73015,$27237,$83359,$42741,$49815,$10531
2023,6037576301,Census Tract 5763.01,Long Beach,Los Angeles County,California,LongBeach,55394.0,17255.0,98306.0,68920.0,25477.0,9172.0,,,89919.0,81547.0,,,42513.0,23841.0,74501.0,20793.0,101817.0,64435.0,68091.0,4352.0,$55394,$17255,$98306,$68920,$25477,$9172,,,$89919,$81547,,,$42513,$23841,$74501,$20793,$101817,$64435,$68091,$4352
2023,6037576302,Census Tract 5763.02,Long Beach,Los Angeles County,California,LongBeach,58046.0,37093.0,83578.0,29481.0,32726.0,5676.0,,,,,,,87755.0,60364.0,50079.0,32262.0,,,87497.0,8663.0,$58046,$37093,$83578,$29481,$32726,$5676,,,,,,,$87755,$60364,$50079,$32262,,,$87497,$8663
2023,6037576401,Census Tract 5764.01,Long Beach,Los Angeles County,California,LongBeach,64866.0,28891.0,35726.0,30717.0,76213.0,22658.0,,,,,,,63428.0,36101.0,82029.0,34371.0,,,70770.0,19749.0,$64866,$28891,$35726,$30717,$76213,$22658,,,,,,,$63428,$36101,$82029,$34371,,,$70770,$19749
2023,6037576402,Census Tract 5764.02,Long Beach,Los Angeles County,California,LongBeach,56768.0,8017.0,73838.0,15106.0,24770.0,16636.0,,,,,,,58432.0,4599.0,56733.0,25688.0,75917.0,58209.0,59093.0,7753.0,$56768,$8017,$73838,$15106,$24770,$16636,,,,,,,$58432,$4599,$56733,$25688,$75917,$58209,$59093,$7753
2023,6037576403,Census Tract 5764.03,Long Beach,Los Angeles County,California,LongBeach,77490.0,11733.0,88427.0,17529.0,47992.0,14544.0,,,104868.0,61490.0,,,51168.0,31585.0,,,103718.0,12996.0,71872.0,21409.0,$77490,$11733,$88427,$17529,$47992,$14544,,,$104868,$61490,,,$51168,$31585,,,$103718,$12996,$71872,$21409
2023,6037576501,Census Tract 5765.01,Long Beach,Los Angeles County,California,LongBeach,42977.0,28029.0,45955.0,42957.0,27955.0,11845.0,,,,,,,67670.0,34913.0,57791.0,11171.0,73343.0,54631.0,58940.0,25885.0,$42977,$28029,$45955,$42957,$27955,$11845,,,,,,,$67670,$34913,$57791,$11171,$73343,$54631,$58940,$25885
2023,6037576502,Census Tract 5765.02,Long Beach,Los Angeles County,California,LongBeach,82994.0,20950.0,72571.0,22683.0,,,91209.0,69299.0,155142.0,60427.0,,,73725.0,51751.0,107227.0,27821.0,74373.0,24598.0,87377.0,27551.0,$82994,$20950,$72571,$22683,,,$91209,$69299,$155142,$60427,,,$73725,$51751,$107227,$27821,$74373,$24598,$87377,$27551
2023,6037576503,Census Tract 5765.03,Long Beach,Los Angeles County,California,LongBeach,68856.0,9481.0,68683.0,8986.0,36078.0,22500.0,,,73528.0,35191.0,,,76274.0,34301.0,73729.0,12447.0,77946.0,42557.0,68964.0,9987.0,$68856,$9481,$68683,$8986,$36078,$22500,,,$73528,$35191,,,$76274,$34301,$73729,$12447,$77946,$42557,$68964,$9987
2023,6037576601,Census Tract 5766.01,Long Beach,Los Angeles County,California,LongBeach,71228.0,19523.0,84169.0,36540.0,,,,,121320.0,98987.0,,,,,76907.0,37493.0,84461.0,43908.0,57622.0,20996.0,$71228,$19523,$84169,$36540,,,,,$121320,$98987,,,,,$76907,$37493,$84461,$43908,$57622,$20996
2023,6037576602,Census Tract 5766.02,Long Beach,Los Angeles County,California,LongBeach,90861.0,14427.0,107157.0,13370.0,59227.0,29018.0,,,92122.0,58211.0,,,42895.0,25267.0,35218.0,31262.0,107670.0,13230.0,,,$90861,$14427,$107157,$13370,$59227,$29018,,,$92122,$58211,,,$42895,$25267,$35218,$31262,$107670,$13230,,
2023,6037576700,Census Tract 5767,Long Beach,Los Angeles County,California,LongBeach,100767.0,15734.0,121381.0,22204.0,75753.0,16628.0,,,158757.0,114584.0,,,82600.0,22691.0,55382.0,8936.0,118211.0,17931.0,105696.0,71562.0,$100767,$15734,$121381,$22204,$75753,$16628,,,$158757,$114584,,,$82600,$22691,$55382,$8936,$118211,$17931,$105696,$71562
2023,6037576801,Census Tract 5768.01,Long Beach,Los Angeles County,California,LongBeach,73906.0,15363.0,81944.0,38701.0,,,,,104614.0,29501.0,,,,,67900.0,28052.0,69432.0,44512.0,68988.0,37408.0,$73906,$15363,$81944,$38701,,,,,$104614,$29501,,,,,$67900,$28052,$69432,$44512,$68988,$37408
2023,6037576802,Census Tract 5768.02,Long Beach,Los Angeles County,California,LongBeach,101349.0,24239.0,104592.0,46694.0,75614.0,53147.0,,,68244.0,15020.0,,,87951.0,78618.0,126629.0,49264.0,102811.0,35379.0,99429.0,78737.0,$101349,$24239,$104592,$46694,$75614,$53147,,,$68244,$15020,,,$87951,$78618,$126629,$49264,$102811,$35379,$99429,$78737
2023,6037576901,Census Tract 5769.01,Long Beach,Los Angeles County,California,LongBeach,63336.0,9581.0,68354.0,6057.0,45561.0,15698.0,,,41690.0,34505.0,,,52326.0,36961.0,,,55107.0,35192.0,69016.0,6496.0,$63336,$9581,$68354,$6057,$45561,$15698,,,$41690,$34505,,,$52326,$36961,,,$55107,$35192,$69016,$6496
2023,6037576903,Census Tract 5769.03,Long Beach,Los Angeles County,California,LongBeach,73016.0,9130.0,62296.0,7745.0,88831.0,77107.0,,,114987.0,92159.0,,,79348.0,46154.0,81064.0,21307.0,69068.0,9690.0,61763.0,15950.0,$73016,$9130,$62296,$7745,$88831,$77107,,,$114987,$92159,,,$79348,$46154,$81064,$21307,$69068,$9690,$61763,$15950
2023,6037576904,Census Tract 5769.04,Long Beach,Los Angeles County,California,LongBeach,73749.0,9757.0,80080.0,26885.0,,,,,,,,,51308.0,12355.0,92301.0,77774.0,86805.0,47144.0,55973.0,35705.0,$73749,$9757,$80080,$26885,,,,,,,,,$51308,$12355,$92301,$77774,$86805,$47144,$55973,$35705
2023,6037577000,Census Tract 5770,Long Beach,Los Angeles County,California,LongBeach,85777.0,13747.0,85603.0,13349.0,,,,,105004.0,28490.0,,,113676.0,29348.0,37216.0,31920.0,85911.0,15386.0,87274.0,39935.0,$85777,$13747,$85603,$13349,,,,,$105004,$28490,,,$113676,$29348,$37216,$31920,$85911,$15386,$87274,$39935
2023,6037577100,Census Tract 5771,Long Beach,Los Angeles County,California,LongBeach,97925.0,16467.0,110735.0,29065.0,64899.0,54073.0,,,,,,,82465.0,46655.0,90744.0,13031.0,115598.0,24872.0,80730.0,11842.0,$97925,$16467,$110735,$29065,$64899,$54073,,,,,,,$82465,$46655,$90744,$13031,$115598,$24872,$80730,$11842
2023,6037577200,Census Tract 5772,Long Beach,Los Angeles County,California,LongBeach,111861.0,9209.0,108052.0,20321.0,144247.0,82167.0,,,109713.0,32325.0,,,115070.0,41861.0,128266.0,64761.0,115141.0,17616.0,107711.0,21247.0,$111861,$9209,$108052,$20321,$144247,$82167,,,$109713,$32325,,,$115070,$41861,$128266,$64761,$115141,$17616,$107711,$21247
2023,6037577300,Census Tract 5773,Long Beach,Los Angeles County,California,LongBeach,111967.0,18985.0,105511.0,14718.0,,,,,95832.0,27364.0,,,63979.0,33157.0,169113.0,37022.0,106391.0,19083.0,103684.0,45608.0,$111967,$18985,$105511,$14718,,,,,$95832,$27364,,,$63979,$33157,$169113,$37022,$106391,$19083,$103684,$45608
2023,6037577400,Census Tract 5774,Long Beach,Los Angeles County,California,LongBeach,123434.0,21314.0,121552.0,23659.0,,,,,194295.0,118626.0,,,,,163921.0,87093.0,122153.0,29947.0,141427.0,48772.0,$123434,$21314,$121552,$23659,,,,,$194295,$118626,,,,,$163921,$87093,$122153,$29947,$141427,$48772
2023,6037577501,Census Tract 5775.01,Long Beach,Los Angeles County,California,LongBeach,135636.0,36624.0,136627.0,39892.0,,,,,212378.0,144038.0,,,,,76882.0,55879.0,137329.0,37599.0,76754.0,38761.0,$135636,$36624,$136627,$39892,,,,,$212378,$144038,,,,,$76882,$55879,$137329,$37599,$76754,$38761
2023,6037577504,Census Tract 5775.04,Long Beach,Los Angeles County,California,LongBeach,96890.0,36937.0,110903.0,33996.0,,,,,,,,,,,85138.0,47371.0,115805.0,22153.0,40769.0,37600.0,$96890,$36937,$110903,$33996,,,,,,,,,,,$85138,$47371,$115805,$22153,$40769,$37600
2023,6037577602,Census Tract 5776.02,Long Beach,Los Angeles County,California,LongBeach,112385.0,13324.0,112353.0,22824.0,,,95258.0,90363.0,254024.0,81516.0,,,,,,,112792.0,25618.0,99400.0,32266.0,$112385,$13324,$112353,$22824,,,$95258,$90363,$254024,$81516,,,,,,,$112792,$25618,$99400,$32266
2023,6037577604,Census Tract 5776.04,Long Beach,Los Angeles County,California,LongBeach,111761.0,45784.0,112864.0,52302.0,,,,,,,,,,,101222.0,6796.0,112864.0,60398.0,108214.0,19892.0,$111761,$45784,$112864,$52302,,,,,,,,,,,$101222,$6796,$112864,$60398,$108214,$19892
2023,6037577605,Census Tract 5776.05,Long Beach,Los Angeles County,California,LongBeach,127629.0,22810.0,136669.0,25390.0,,,,,145271.0,118521.0,,,,,,,137465.0,30212.0,,,$127629,$22810,$136669,$25390,,,,,$145271,$118521,,,,,,,$137465,$30212,,
2023,6037577606,Census Tract 5776.06,Long Beach,Los Angeles County,California,LongBeach,140092.0,16644.0,154863.0,47890.0,,,,,,,,,,,,,173781.0,128437.0,105405.0,35367.0,$140092,$16644,$154863,$47890,,,,,,,,,,,,,$173781,$128437,$105405,$35367
2023,6037577700,Census Tract 5777,Long Beach,Los Angeles County,California,LongBeach,94304.0,13642.0,100043.0,23736.0,53675.0,20672.0,,,85814.0,64527.0,,,99623.0,16659.0,87497.0,21256.0,,,103055.0,13956.0,$94304,$13642,$100043,$23736,$53675,$20672,,,$85814,$64527,,,$99623,$16659,$87497,$21256,,,$103055,$13956
2023,6037577900,Census Tract 5779,Long Beach,Los Angeles County,California,LongBeach,87083.0,19992.0,63934.0,11935.0,91272.0,8533.0,,,96959.0,17575.0,,,81386.0,61078.0,89498.0,64992.0,61592.0,15711.0,77245.0,30611.0,$87083,$19992,$63934,$11935,$91272,$8533,,,$96959,$17575,,,$81386,$61078,$89498,$64992,$61592,$15711,$77245,$30611
2023,6037578000,Census Tract 5780,Long Beach,Los Angeles County,California,LongBeach,60879.0,17953.0,54209.0,54134.0,30632.0,6697.0,,,138323.0,121544.0,,,75993.0,14686.0,,,75596.0,44631.0,61562.0,23788.0,$60879,$17953,$54209,$54134,$30632,$6697,,,$138323,$121544,,,$75993,$14686,,,$75596,$44631,$61562,$23788
2023,6037578100,Census Tract 5781,Long Beach,Los Angeles County,California,LongBeach,,,,,,,,,,,,,,,,,,,,,,,,,,,,,,,,,,,,,,,,
2023,6037980006,Census Tract 9800.06,Long Beach,Los Angeles County,California,LongBeach,,,,,,,,,,,,,,,,,,,,,,,,,,,,,,,,,,,,,,,,
2023,6037980007,Census Tract 9800.07,Long Beach,Los Angeles County,California,LongBeach,,,,,,,,,,,,,,,,,,,,,,,,,,,,,,,,,,,,,,,,
2023,6037980011,Census Tract 9800.11,Long Beach,Los Angeles County,California,LongBeach,,,,,,,,,,,,,,,,,,,,,,,,,,,,,,,,,,,,,,,,
2023,6037980018,Census Tract 9800.18,Long Beach,Los Angeles County,California,LongBeach,,,,,,,,,,,,,,,,,,,,,,,,,,,,,,,,,,,,,,,,
2023,6037980033,Census Tract 9800.33,Long Beach,Los Angeles County,California,LongBeach,,,,,,,,,,,,,,,,,,,,,,,,,,,,,,,,,,,,,,,,
2023,6037990300,Census Tract 9903,Long Beach,Los Angeles County,California,LongBeach,,,,,,,,,,,,,,,,,,,,,,,,,,,,,,,,,,,,,,,,
2024,6037544002,Census Tract 5440.02,Long Beach,Los Angeles County,California,LongBeach,105667.0,13797.0,87917.0,66544.0,63750.0,28788.0,,,118750.0,36716.0,,,93250.0,16655.0,138452.0,12679.0,,,96823.0,14774.0,$105667,$13797,$87917,$66544,$63750,$28788,,,$118750,$36716,,,$93250,$16655,$138452,$12679,,,$96823,$14774
2024,6037555202,Census Tract 5552.02,Long Beach,Los Angeles County,California,LongBeach,144583.0,28126.0,155483.0,51205.0,,,,,116111.0,66085.0,,,142583.0,60458.0,245428.0,165916.0,155682.0,47879.0,195104.0,153816.0,$144583,$28126,$155483,$51205,,,,,$116111,$66085,,,$142583,$60458,$245428,$165916,$155682,$47879,$195104,$153816
2024,6037570100,Census Tract 5701,Long Beach,Los Angeles County,California,LongBeach,113478.0,4708.0,103472.0,30283.0,111912.0,7626.0,,,176250.0,43018.0,,,172841.0,69335.0,112602.0,58975.0,103472.0,30283.0,105417.0,73654.0,$113478,$4708,$103472,$30283,$111912,$7626,,,$176250,$43018,,,$172841,$69335,$112602,$58975,$103472,$30283,$105417,$73654
2024,6037570202,Census Tract 5702.02,Long Beach,Los Angeles County,California,LongBeach,72702.0,32102.0,98317.0,51636.0,44297.0,39740.0,,,103026.0,57557.0,,,70083.0,56691.0,75764.0,49510.0,97596.0,37816.0,79185.0,43100.0,$72702,$32102,$98317,$51636,$44297,$39740,,,$103026,$57557,,,$70083,$56691,$75764,$49510,$97596,$37816,$79185,$43100
2024,6037570203,Census Tract 5702.03,Long Beach,Los Angeles County,California,LongBeach,57094.0,26302.0,,,66458.0,33011.0,,,,,,,55919.0,36617.0,85288.0,49893.0,,,50114.0,29462.0,$57094,$26302,,,$66458,$33011,,,,,,,$55919,$36617,$85288,$49893,,,$50114,$29462
2024,6037570204,Census Tract 5702.04,Long Beach,Los Angeles County,California,LongBeach,77609.0,17507.0,89161.0,47184.0,65543.0,36104.0,,,77601.0,46118.0,,,62969.0,52443.0,,,,,87642.0,33715.0,$77609,$17507,$89161,$47184,$65543,$36104,,,$77601,$46118,,,$62969,$52443,,,,,$87642,$33715
2024,6037570303,Census Tract 5703.03,Long Beach,Los Angeles County,California,LongBeach,64848.0,6402.0,67083.0,37012.0,38834.0,18059.0,,,55227.0,41738.0,,,63750.0,7409.0,87731.0,36415.0,67083.0,37012.0,66011.0,8758.0,$64848,$6402,$67083,$37012,$38834,$18059,,,$55227,$41738,,,$63750,$7409,$87731,$36415,$67083,$37012,$66011,$8758
2024,6037570304,Census Tract 5703.04,Long Beach,Los Angeles County,California,LongBeach,64188.0,18216.0,54583.0,18323.0,42188.0,30391.0,,,45000.0,10587.0,,,83657.0,25624.0,115135.0,47986.0,46111.0,22300.0,73059.0,18684.0,$64188,$18216,$54583,$18323,$42188,$30391,,,$45000,$10587,,,$83657,$25624,$115135,$47986,$46111,$22300,$73059,$18684
2024,6037570305,Census Tract 5703.05,Long Beach,Los Angeles County,California,LongBeach,67545.0,12367.0,,,39306.0,27610.0,,,,,,,79926.0,9654.0,,,,,78750.0,15619.0,$67545,$12367,,,$39306,$27610,,,,,,,$79926,$9654,,,,,$78750,$15619
2024,6037570306,Census Tract 5703.06,Long Beach,Los Angeles County,California,LongBeach,108368.0,40446.0,94844.0,71279.0,,,,,44219.0,41175.0,,,121563.0,31345.0,,,120700.0,55424.0,115197.0,20836.0,$108368,$40446,$94844,$71279,,,,,$44219,$41175,,,$121563,$31345,,,$120700,$55424,$115197,$20836
2024,6037570402,Census Tract 5704.02,Long Beach,Los Angeles County,California,LongBeach,103953.0,17622.0,159712.0,53386.0,91042.0,16129.0,,,,,129500.0,38291.0,83542.0,41994.0,152250.0,81556.0,,,109821.0,22403.0,$103953,$17622,$159712,$53386,$91042,$16129,,,,,$129500,$38291,$83542,$41994,$152250,$81556,,,$109821,$22403
2024,6037570403,Census Tract 5704.03,Long Beach,Los Angeles County,California,LongBeach,69391.0,7167.0,130500.0,106340.0,68918.0,54742.0,72986.0,25919.0,68958.0,44401.0,,,62617.0,24370.0,67500.0,51590.0,,,65729.0,13508.0,$69391,$7167,$130500,$106340,$68918,$54742,$72986,$25919,$68958,$44401,,,$62617,$24370,$67500,$51590,,,$65729,$13508
2024,6037570404,Census Tract 5704.04,Long Beach,Los Angeles County,California,LongBeach,80505.0,8648.0,75000.0,33534.0,89205.0,26447.0,,,,,,,67232.0,20062.0,89297.0,23906.0,80670.0,76613.0,68056.0,14495.0,$80505,$8648,$75000,$33534,$89205,$26447,,,,,,,$67232,$20062,$89297,$23906,$80670,$76613,$68056,$14495
2024,6037570502,Census Tract 5705.02,Long Beach,Los Angeles County,California,LongBeach,102222.0,27974.0,132788.0,37035.0,,,,,105795.0,23221.0,,,73796.0,32881.0,,,130156.0,70323.0,126250.0,45249.0,$102222,$27974,$132788,$37035,,,,,$105795,$23221,,,$73796,$32881,,,$130156,$70323,$126250,$45249
2024,6037570503,Census Tract 5705.03,Long Beach,Los Angeles County,California,LongBeach,87960.0,17797.0,89375.0,15931.0,60625.0,44526.0,,,84491.0,36367.0,,,92313.0,88048.0,61839.0,46397.0,,,89961.0,22746.0,$87960,$17797,$89375,$15931,$60625,$44526,,,$84491,$36367,,,$92313,$88048,$61839,$46397,,,$89961,$22746
2024,6037570504,Census Tract 5705.04,Long Beach,Los Angeles County,California,LongBeach,92375.0,11142.0,127212.0,70543.0,,,,,,,,,70083.0,24652.0,86136.0,26671.0,172969.0,73772.0,87386.0,16309.0,$92375,$11142,$127212,$70543,,,,,,,,,$70083,$24652,$86136,$26671,$172969,$73772,$87386,$16309
2024,6037570601,Census Tract 5706.01,Long Beach,Los Angeles County,California,LongBeach,98783.0,15602.0,101744.0,13896.0,,,,,75875.0,43165.0,,,86705.0,48970.0,109191.0,54638.0,90703.0,23862.0,102188.0,12246.0,$98783,$15602,$101744,$13896,,,,,$75875,$43165,,,$86705,$48970,$109191,$54638,$90703,$23862,$102188,$12246
2024,6037570602,Census Tract 5706.02,Long Beach,Los Angeles County,California,LongBeach,86645.0,24091.0,109883.0,53340.0,,,,,86266.0,33162.0,,,50307.0,13386.0,108494.0,36005.0,108867.0,47253.0,76625.0,60934.0,$86645,$24091,$109883,$53340,,,,,$86266,$33162,,,$50307,$13386,$108494,$36005,$108867,$47253,$76625,$60934
2024,6037570603,Census Tract 5706.03,Long Beach,Los Angeles County,California,LongBeach,46339.0,5320.0,48341.0,21106.0,46284.0,25053.0,,,68942.0,16676.0,,,41776.0,4268.0,39141.0,15746.0,48147.0,28858.0,42159.0,6630.0,$46339,$5320,$48341,$21106,$46284,$25053,,,$68942,$16676,,,$41776,$4268,$39141,$15746,$48147,$28858,$42159,$6630
2024,6037571201,Census Tract 5712.01,Long Beach,Los Angeles County,California,LongBeach,179148.0,63323.0,179290.0,54317.0,78802.0,37810.0,,,,,,,198548.0,53634.0,200046.0,179718.0,200541.0,33122.0,130352.0,74808.0,$179148,$63323,$179290,$54317,$78802,$37810,,,,,,,$198548,$53634,$200046,$179718,$200541,$33122,$130352,$74808
2024,6037571202,Census Tract 5712.02,Long Beach,Los Angeles County,California,LongBeach,104821.0,35493.0,92625.0,47283.0,,,,,,,,,,,119387.0,6266.0,93563.0,44518.0,108000.0,61522.0,$104821,$35493,$92625,$47283,,,,,,,,,,,$119387,$6266,$93563,$44518,$108000,$61522
2024,6037571300,Census Tract 5713,Long Beach,Los Angeles County,California,LongBeach,136806.0,28656.0,136000.0,21084.0,191336.0,51659.0,,,135625.0,96910.0,,,,,,,135467.0,19425.0,175077.0,156557.0,$136806,$28656,$136000,$21084,$191336,$51659,,,$135625,$96910,,,,,,,$135467,$19425,$175077,$156557
2024,6037571502,Census Tract 5715.02,Long Beach,Los Angeles County,California,LongBeach,102981.0,8966.0,97450.0,24403.0,87939.0,28410.0,187813.0,107549.0,200407.0,146998.0,,,131359.0,84544.0,109000.0,12701.0,101856.0,10987.0,107188.0,59396.0,$102981,$8966,$97450,$24403,$87939,$28410,$187813,$107549,$200407,$146998,,,$131359,$84544,$109000,$12701,$101856,$10987,$107188,$59396
2024,6037571504,Census Tract 5715.04,Long Beach,Los Angeles County,California,LongBeach,89880.0,40137.0,,,72143.0,43902.0,,,79722.0,73288.0,,,127740.0,10432.0,,,,,128005.0,20184.0,$89880,$40137,,,$72143,$43902,,,$79722,$73288,,,$127740,$10432,,,,,$128005,$20184
2024,6037571505,Census Tract 5715.05,Long Beach,Los Angeles County,California,LongBeach,95871.0,9512.0,79107.0,77020.0,108315.0,17631.0,,,108015.0,40718.0,,,95192.0,35301.0,95411.0,44149.0,99167.0,73089.0,95707.0,10027.0,$95871,$9512,$79107,$77020,$108315,$17631,,,$108015,$40718,,,$95192,$35301,$95411,$44149,$99167,$73089,$95707,$10027
2024,6037571600,Census Tract 5716,Long Beach,Los Angeles County,California,LongBeach,31402.0,8039.0,42222.0,36299.0,28281.0,11908.0,,,,,,,,,37039.0,8797.0,26354.0,15584.0,40083.0,11315.0,$31402,$8039,$42222,$36299,$28281,$11908,,,,,,,,,$37039,$8797,$26354,$15584,$40083,$11315
2024,6037571701,Census Tract 5717.01,Long Beach,Los Angeles County,California,LongBeach,81867.0,12603.0,96098.0,4394.0,,,,,,,,,82019.0,35758.0,,,96123.0,3755.0,81538.0,21297.0,$81867,$12603,$96098,$4394,,,,,,,,,$82019,$35758,,,$96123,$3755,$81538,$21297
2024,6037571703,Census Tract 5717.03,Long Beach,Los Angeles County,California,LongBeach,67750.0,23982.0,84531.0,38674.0,,,,,52865.0,37477.0,,,57404.0,49659.0,96569.0,43563.0,97500.0,28490.0,75078.0,26253.0,$67750,$23982,$84531,$38674,,,,,$52865,$37477,,,$57404,$49659,$96569,$43563,$97500,$28490,$75078,$26253
2024,6037571704,Census Tract 5717.04,Long Beach,Los Angeles County,California,LongBeach,63021.0,10131.0,80625.0,35292.0,26577.0,18306.0,,,64167.0,15825.0,,,37308.0,25134.0,81962.0,13201.0,82375.0,60561.0,67454.0,25278.0,$63021,$10131,$80625,$35292,$26577,$18306,,,$64167,$15825,,,$37308,$25134,$81962,$13201,$82375,$60561,$67454,$25278
2024,6037571800,Census Tract 5718,Long Beach,Los Angeles County,California,LongBeach,131204.0,45711.0,182760.0,35050.0,70179.0,11443.0,,,,,,,,,66645.0,49639.0,177269.0,34153.0,101154.0,64532.0,$131204,$45711,$182760,$35050,$70179,$11443,,,,,,,,,$66645,$49639,$177269,$34153,$101154,$64532
2024,6037571900,Census Tract 5719,Long Beach,Los Angeles County,California,LongBeach,165625.0,32749.0,181625.0,83539.0,,,,,172885.0,82176.0,,,,,158944.0,42040.0,228158.0,83670.0,83917.0,64249.0,$165625,$32749,$181625,$83539,,,,,$172885,$82176,,,,,$158944,$42040,$228158,$83670,$83917,$64249
2024,6037572001,Census Tract 5720.01,Long Beach,Los Angeles County,California,LongBeach,130929.0,34148.0,141599.0,35333.0,86728.0,12513.0,,,,,,,,,141563.0,85896.0,141366.0,33408.0,116039.0,18940.0,$130929,$34148,$141599,$35333,$86728,$12513,,,,,,,,,$141563,$85896,$141366,$33408,$116039,$18940
2024,6037572201,Census Tract 5722.01,Long Beach,Los Angeles County,California,LongBeach,89545.0,19242.0,,,96964.0,58579.0,,,121188.0,35029.0,,,,,123667.0,115954.0,,,89236.0,57130.0,$89545,$19242,,,$96964,$58579,,,$121188,$35029,,,,,$123667,$115954,,,$89236,$57130
2024,6037572202,Census Tract 5722.02,Long Beach,Los Angeles County,California,LongBeach,138134.0,33718.0,96960.0,22501.0,,,,,138256.0,18689.0,,,,,240317.0,44645.0,97012.0,40702.0,179291.0,87959.0,$138134,$33718,$96960,$22501,,,,,$138256,$18689,,,,,$240317,$44645,$97012,$40702,$179291,$87959
2024,6037572301,Census Tract 5723.01,Long Beach,Los Angeles County,California,LongBeach,103576.0,26719.0,,,,,,,104167.0,23644.0,173750.0,119605.0,89554.0,60872.0,141429.0,78263.0,,,89554.0,54858.0,$103576,$26719,,,,,,,$104167,$23644,$173750,$119605,$89554,$60872,$141429,$78263,,,$89554,$54858
2024,6037572500,Census Tract 5725,Long Beach,Los Angeles County,California,LongBeach,58354.0,21430.0,73500.0,7667.0,36023.0,31708.0,,,,,,,,,60898.0,54032.0,75058.0,8515.0,62109.0,18305.0,$58354,$21430,$73500,$7667,$36023,$31708,,,,,,,,,$60898,$54032,$75058,$8515,$62109,$18305
2024,6037572600,Census Tract 5726,Long Beach,Los Angeles County,California,LongBeach,121746.0,24392.0,82031.0,49505.0,60694.0,34187.0,,,169886.0,67486.0,,,121567.0,49517.0,135370.0,117416.0,,,120853.0,27176.0,$121746,$24392,$82031,$49505,$60694,$34187,,,$169886,$67486,,,$121567,$49517,$135370,$117416,,,$120853,$27176
2024,6037572700,Census Tract 5727,Long Beach,Los Angeles County,California,LongBeach,89375.0,10182.0,86078.0,20212.0,,,,,96174.0,19651.0,,,79344.0,14094.0,,,101058.0,85468.0,85532.0,14983.0,$89375,$10182,$86078,$20212,,,,,$96174,$19651,,,$79344,$14094,,,$101058,$85468,$85532,$14983
2024,6037573002,Census Tract 5730.02,Long Beach,Los Angeles County,California,LongBeach,62066.0,18116.0,70560.0,21764.0,61098.0,27404.0,,,54323.0,25779.0,,,60682.0,38979.0,88125.0,32073.0,,,83293.0,18732.0,$62066,$18116,$70560,$21764,$61098,$27404,,,$54323,$25779,,,$60682,$38979,$88125,$32073,,,$83293,$18732
2024,6037573003,Census Tract 5730.03,Long Beach,Los Angeles County,California,LongBeach,97375.0,29085.0,120208.0,51845.0,,,,,94688.0,30974.0,,,116563.0,58247.0,88875.0,85751.0,102083.0,57348.0,89875.0,75178.0,$97375,$29085,$120208,$51845,,,,,$94688,$30974,,,$116563,$58247,$88875,$85751,$102083,$57348,$89875,$75178
2024,6037573004,Census Tract 5730.04,Long Beach,Los Angeles County,California,LongBeach,65294.0,13319.0,108111.0,48130.0,49017.0,4677.0,,,67353.0,15066.0,,,57321.0,14105.0,73831.0,47753.0,112981.0,67615.0,72863.0,23138.0,$65294,$13319,$108111,$48130,$49017,$4677,,,$67353,$15066,,,$57321,$14105,$73831,$47753,$112981,$67615,$72863,$23138
2024,6037573101,Census Tract 5731.01,Long Beach,Los Angeles County,California,LongBeach,64194.0,24960.0,108864.0,75385.0,78938.0,58572.0,,,48983.0,23170.0,,,47863.0,28484.0,,,143393.0,13924.0,56076.0,18753.0,$64194,$24960,$108864,$75385,$78938,$58572,,,$48983,$23170,,,$47863,$28484,,,$143393,$13924,$56076,$18753
2024,6037573102,Census Tract 5731.02,Long Beach,Los Angeles County,California,LongBeach,99547.0,12575.0,122216.0,60867.0,78977.0,40634.0,,,114038.0,43299.0,,,80150.0,78243.0,197679.0,159230.0,121705.0,62778.0,92143.0,36138.0,$99547,$12575,$122216,$60867,$78977,$40634,,,$114038,$43299,,,$80150,$78243,$197679,$159230,$121705,$62778,$92143,$36138
2024,6037573201,Census Tract 5732.01,Long Beach,Los Angeles County,California,LongBeach,54953.0,12372.0,54864.0,37655.0,38625.0,26384.0,,,66818.0,23817.0,,,55982.0,23876.0,71250.0,37979.0,,,66500.0,20501.0,$54953,$12372,$54864,$37655,$38625,$26384,,,$66818,$23817,,,$55982,$23876,$71250,$37979,,,$66500,$20501
2024,6037573202,Census Tract 5732.02,Long Beach,Los Angeles County,California,LongBeach,89613.0,17848.0,,,70208.0,41290.0,,,,,,,87802.0,36184.0,74844.0,60768.0,110357.0,77001.0,93708.0,20737.0,$89613,$17848,,,$70208,$41290,,,,,,,$87802,$36184,$74844,$60768,$110357,$77001,$93708,$20737
2024,6037573300,Census Tract 5733,Long Beach,Los Angeles County,California,LongBeach,57115.0,13439.0,,,40500.0,35228.0,,,45461.0,9200.0,,,63565.0,19139.0,85208.0,29030.0,,,64907.0,32348.0,$57115,$13439,,,$40500,$35228,,,$45461,$9200,,,$63565,$19139,$85208,$29030,,,$64907,$32348
2024,6037573601,Census Tract 5736.01,Long Beach,Los Angeles County,California,LongBeach,134436.0,22852.0,129393.0,14380.0,,,,,,,,,,,171490.0,54434.0,128472.0,17785.0,160703.0,30967.0,$134436,$22852,$129393,$14380,,,,,,,,,,,$171490,$54434,$128472,$17785,$160703,$30967
2024,6037573700,Census Tract 5737,Long Beach,Los Angeles County,California,LongBeach,154266.0,16480.0,153696.0,26888.0,,,,,160577.0,40022.0,,,144632.0,96971.0,135966.0,22907.0,153092.0,20943.0,182578.0,88718.0,$154266,$16480,$153696,$26888,,,,,$160577,$40022,,,$144632,$96971,$135966,$22907,$153092,$20943,$182578,$88718
2024,6037573800,Census Tract 5738,Long Beach,Los Angeles County,California,LongBeach,135434.0,23580.0,135995.0,16319.0,,,,,175288.0,40765.0,,,185577.0,73833.0,111442.0,25723.0,136046.0,15024.0,120529.0,52671.0,$135434,$23580,$135995,$16319,,,,,$175288,$40765,,,$185577,$73833,$111442,$25723,$136046,$15024,$120529,$52671
2024,6037573902,Census Tract 5739.02,Long Beach,Los Angeles County,California,LongBeach,155724.0,24101.0,141500.0,29629.0,235000.0,118170.0,,,205192.0,79312.0,,,243125.0,117408.0,199063.0,63363.0,146652.0,32133.0,130125.0,107422.0,$155724,$24101,$141500,$29629,$235000,$118170,,,$205192,$79312,,,$243125,$117408,$199063,$63363,$146652,$32133,$130125,$107422
2024,6037574000,Census Tract 5740,Long Beach,Los Angeles County,California,LongBeach,140320.0,9000.0,134003.0,10219.0,141192.0,722.0,,,157813.0,40327.0,,,,,186319.0,8777.0,132841.0,12837.0,224333.0,78531.0,$140320,$9000,$134003,$10219,$141192,$722,,,$157813,$40327,,,,,$186319,$8777,$132841,$12837,$224333,$78531
2024,6037574100,Census Tract 5741,Long Beach,Los Angeles County,California,LongBeach,135774.0,16811.0,134952.0,18758.0,116611.0,52087.0,,,154928.0,40746.0,,,,,91023.0,16641.0,134135.0,19216.0,145238.0,25209.0,$135774,$16811,$134952,$18758,$116611,$52087,,,$154928,$40746,,,,,$91023,$16641,$134135,$19216,$145238,$25209
2024,6037574201,Census Tract 5742.01,Long Beach,Los Angeles County,California,LongBeach,134821.0,40270.0,128382.0,19034.0,194500.0,141382.0,,,,,,,,,191050.0,63097.0,127647.0,18553.0,190200.0,97796.0,$134821,$40270,$128382,$19034,$194500,$141382,,,,,,,,,$191050,$63097,$127647,$18553,$190200,$97796
2024,6037574202,Census Tract 5742.02,Long Beach,Los Angeles County,California,LongBeach,123782.0,7810.0,123654.0,10585.0,,,,,186750.0,70196.0,,,,,120714.0,82014.0,123077.0,10937.0,126151.0,32562.0,$123782,$7810,$123654,$10585,,,,,$186750,$70196,,,,,$120714,$82014,$123077,$10937,$126151,$32562
2024,6037574300,Census Tract 5743,Long Beach,Los Angeles County,California,LongBeach,119009.0,27502.0,111643.0,27553.0,186433.0,77791.0,,,211750.0,102278.0,,,,,128409.0,110253.0,111462.0,11698.0,128182.0,127852.0,$119009,$27502,$111643,$27553,$186433,$77791,,,$211750,$102278,,,,,$128409,$110253,$111462,$11698,$128182,$127852
2024,6037574400,Census Tract 5744,Long Beach,Los Angeles County,California,LongBeach,130455.0,33936.0,109831.0,24319.0,,,,,191125.0,86907.0,,,109318.0,47427.0,214643.0,41743.0,115480.0,26001.0,190481.0,119573.0,$130455,$33936,$109831,$24319,,,,,$191125,$86907,,,$109318,$47427,$214643,$41743,$115480,$26001,$190481,$119573
2024,6037574500,Census Tract 5745,Long Beach,Los Angeles County,California,LongBeach,161653.0,50639.0,126034.0,78935.0,,,,,164844.0,71057.0,,,200750.0,147617.0,162197.0,71035.0,124209.0,65055.0,164286.0,150365.0,$161653,$50639,$126034,$78935,,,,,$164844,$71057,,,$200750,$147617,$162197,$71035,$124209,$65055,$164286,$150365
2024,6037574602,Census Tract 5746.02,Long Beach,Los Angeles County,California,LongBeach,158500.0,24188.0,159500.0,40841.0,206500.0,84849.0,,,99602.0,30102.0,,,,,,,151250.0,19232.0,,,$158500,$24188,$159500,$40841,$206500,$84849,,,$99602,$30102,,,,,,,$151250,$19232,,
2024,6037574800,Census Tract 5748,Long Beach,Los Angeles County,California,LongBeach,108321.0,28895.0,109232.0,24823.0,,,,,125117.0,20626.0,,,93949.0,20663.0,,,109839.0,27345.0,71250.0,51073.0,$108321,$28895,$109232,$24823,,,,,$125117,$20626,,,$93949,$20663,,,$109839,$27345,$71250,$51073
2024,6037574901,Census Tract 5749.01,Long Beach,Los Angeles County,California,LongBeach,140144.0,34952.0,142308.0,33508.0,,,,,,,,,,,208864.0,45503.0,141923.0,33514.0,,,$140144,$34952,$142308,$33508,,,,,,,,,,,$208864,$45503,$141923,$33514,,
2024,6037574902,Census Tract 5749.02,Long Beach,Los Angeles County,California,LongBeach,88871.0,12833.0,98207.0,21466.0,78504.0,14542.0,,,97875.0,25513.0,,,,,122750.0,23436.0,105038.0,64351.0,95000.0,19329.0,$88871,$12833,$98207,$21466,$78504,$14542,,,$97875,$25513,,,,,$122750,$23436,$105038,$64351,$95000,$19329
2024,6037575001,Census Tract 5750.01,Long Beach,Los Angeles County,California,LongBeach,96677.0,30635.0,57277.0,55578.0,102240.0,98699.0,,,126685.0,21389.0,,,60833.0,30644.0,,,78494.0,38278.0,52213.0,40649.0,$96677,$30635,$57277,$55578,$102240,$98699,,,$126685,$21389,,,$60833,$30644,,,$78494,$38278,$52213,$40649
2024,6037575002,Census Tract 5750.02,Long Beach,Los Angeles County,California,LongBeach,102083.0,11748.0,104125.0,38673.0,103523.0,42208.0,,,70529.0,65603.0,,,157241.0,17376.0,83375.0,33708.0,118667.0,44949.0,102667.0,14802.0,$102083,$11748,$104125,$38673,$103523,$42208,,,$70529,$65603,,,$157241,$17376,$83375,$33708,$118667,$44949,$102667,$14802
2024,6037575101,Census Tract 5751.01,Long Beach,Los Angeles County,California,LongBeach,65181.0,14384.0,62679.0,18940.0,67115.0,43235.0,,,51667.0,17693.0,,,74706.0,35578.0,51667.0,19115.0,87404.0,6171.0,58860.0,14524.0,$65181,$14384,$62679,$18940,$67115,$43235,,,$51667,$17693,,,$74706,$35578,$51667,$19115,$87404,$6171,$58860,$14524
2024,6037575102,Census Tract 5751.02,Long Beach,Los Angeles County,California,LongBeach,55278.0,15414.0,65426.0,14498.0,36083.0,22234.0,,,,,,,52650.0,29287.0,,,,,61429.0,12351.0,$55278,$15414,$65426,$14498,$36083,$22234,,,,,,,$52650,$29287,,,,,$61429,$12351
2024,6037575103,Census Tract 5751.03,Long Beach,Los Angeles County,California,LongBeach,59259.0,7219.0,60250.0,21647.0,54795.0,8196.0,,,62045.0,37097.0,,,66989.0,66635.0,,,91225.0,4789.0,49848.0,4640.0,$59259,$7219,$60250,$21647,$54795,$8196,,,$62045,$37097,,,$66989,$66635,,,$91225,$4789,$49848,$4640
2024,6037575201,Census Tract 5752.01,Long Beach,Los Angeles County,California,LongBeach,54327.0,5975.0,49135.0,40239.0,56504.0,28656.0,,,50686.0,20941.0,,,57000.0,46904.0,,,49487.0,39515.0,55385.0,31490.0,$54327,$5975,$49135,$40239,$56504,$28656,,,$50686,$20941,,,$57000,$46904,,,$49487,$39515,$55385,$31490
2024,6037575202,Census Tract 5752.02,Long Beach,Los Angeles County,California,LongBeach,63661.0,21698.0,75223.0,43068.0,,,,,26118.0,9512.0,,,68693.0,13079.0,,,158431.0,69516.0,73229.0,7955.0,$63661,$21698,$75223,$43068,,,,,$26118,$9512,,,$68693,$13079,,,$158431,$69516,$73229,$7955
2024,6037575300,Census Tract 5753,Long Beach,Los Angeles County,California,LongBeach,45481.0,10374.0,47938.0,37469.0,51830.0,44830.0,,,22368.0,11434.0,,,46438.0,24630.0,103191.0,32318.0,,,49775.0,35915.0,$45481,$10374,$47938,$37469,$51830,$44830,,,$22368,$11434,,,$46438,$24630,$103191,$32318,,,$49775,$35915
2024,6037575401,Census Tract 5754.01,Long Beach,Los Angeles County,California,LongBeach,50852.0,11778.0,41420.0,20757.0,,,,,,,,,54647.0,37722.0,53977.0,35053.0,51406.0,951.0,47685.0,20309.0,$50852,$11778,$41420,$20757,,,,,,,,,$54647,$37722,$53977,$35053,$51406,$951,$47685,$20309
2024,6037575402,Census Tract 5754.02,Long Beach,Los Angeles County,California,LongBeach,72623.0,7048.0,98841.0,10170.0,80015.0,54213.0,,,28718.0,17904.0,,,57667.0,25723.0,72760.0,30256.0,106111.0,80540.0,72817.0,6198.0,$72623,$7048,$98841,$10170,$80015,$54213,,,$28718,$17904,,,$57667,$25723,$72760,$30256,$106111,$80540,$72817,$6198
2024,6037575801,Census Tract 5758.01,Long Beach,Los Angeles County,California,LongBeach,48696.0,17566.0,47054.0,27972.0,,,,,48611.0,19496.0,,,87941.0,54761.0,39721.0,32784.0,,,39989.0,24411.0,$48696,$17566,$47054,$27972,,,,,$48611,$19496,,,$87941,$54761,$39721,$32784,,,$39989,$24411
2024,6037575802,Census Tract 5758.02,Long Beach,Los Angeles County,California,LongBeach,60863.0,4841.0,88556.0,27400.0,52803.0,50737.0,,,46741.0,15967.0,,,61923.0,1935.0,48958.0,8151.0,80469.0,76798.0,61784.0,2077.0,$60863,$4841,$88556,$27400,$52803,$50737,,,$46741,$15967,,,$61923,$1935,$48958,$8151,$80469,$76798,$61784,$2077
2024,6037575803,Census Tract 5758.03,Long Beach,Los Angeles County,California,LongBeach,25268.0,8961.0,31589.0,15090.0,24583.0,12226.0,,,13901.0,1007.0,,,35426.0,34746.0,23333.0,19869.0,32246.0,22042.0,28375.0,25491.0,$25268,$8961,$31589,$15090,$24583,$12226,,,$13901,$1007,,,$35426,$34746,$23333,$19869,$32246,$22042,$28375,$25491
2024,6037575901,Census Tract 5759.01,Long Beach,Los Angeles County,California,LongBeach,51297.0,22959.0,,,,,,,,,,,78523.0,15837.0,62050.0,48507.0,76806.0,30104.0,42240.0,28751.0,$51297,$22959,,,,,,,,,,,$78523,$15837,$62050,$48507,$76806,$30104,$42240,$28751
2024,6037575902,Census Tract 5759.02,Long Beach,Los Angeles County,California,LongBeach,60904.0,12238.0,72844.0,28756.0,47861.0,21553.0,,,87823.0,36485.0,,,37618.0,10914.0,81563.0,31714.0,81250.0,38809.0,54107.0,33047.0,$60904,$12238,$72844,$28756,$47861,$21553,,,$87823,$36485,,,$37618,$10914,$81563,$31714,$81250,$38809,$54107,$33047
2024,6037576001,Census Tract 5760.01,Long Beach,Los Angeles County,California,LongBeach,105933.0,9152.0,108596.0,14833.0,,,,,104005.0,39356.0,,,61488.0,46110.0,80824.0,38899.0,109402.0,22110.0,80027.0,35198.0,$105933,$9152,$108596,$14833,,,,,$104005,$39356,,,$61488,$46110,$80824,$38899,$109402,$22110,$80027,$35198
2024,6037576200,Census Tract 5762,Long Beach,Los Angeles County,California,LongBeach,63250.0,12575.0,64814.0,47538.0,78548.0,31245.0,45104.0,40243.0,,,,,52250.0,14077.0,74112.0,24468.0,84196.0,47874.0,50904.0,16774.0,$63250,$12575,$64814,$47538,$78548,$31245,$45104,$40243,,,,,$52250,$14077,$74112,$24468,$84196,$47874,$50904,$16774
2024,6037576301,Census Tract 5763.01,Long Beach,Los Angeles County,California,LongBeach,67594.0,20812.0,87990.0,49582.0,36438.0,19529.0,,,,,,,61765.0,28387.0,78920.0,34213.0,89975.0,80139.0,69635.0,6062.0,$67594,$20812,$87990,$49582,$36438,$19529,,,,,,,$61765,$28387,$78920,$34213,$89975,$80139,$69635,$6062
2024,6037576302,Census Tract 5763.02,Long Beach,Los Angeles County,California,LongBeach,54095.0,25570.0,35326.0,32236.0,40398.0,14441.0,,,68868.0,68561.0,,,90275.0,19399.0,52027.0,33904.0,35707.0,26664.0,82566.0,28465.0,$54095,$25570,$35326,$32236,$40398,$14441,,,$68868,$68561,,,$90275,$19399,$52027,$33904,$35707,$26664,$82566,$28465
2024,6037576401,Census Tract 5764.01,Long Beach,Los Angeles County,California,LongBeach,63860.0,30804.0,37601.0,26769.0,,,92983.0,46853.0,,,,,63409.0,36816.0,101071.0,21467.0,,,67452.0,22666.0,$63860,$30804,$37601,$26769,,,$92983,$46853,,,,,$63409,$36816,$101071,$21467,,,$67452,$22666
2024,6037576402,Census Tract 5764.02,Long Beach,Los Angeles County,California,LongBeach,55313.0,12846.0,66983.0,17711.0,32159.0,18768.0,,,26771.0,23442.0,,,57023.0,6120.0,45909.0,26607.0,85492.0,72548.0,59732.0,7553.0,$55313,$12846,$66983,$17711,$32159,$18768,,,$26771,$23442,,,$57023,$6120,$45909,$26607,$85492,$72548,$59732,$7553
2024,6037576403,Census Tract 5764.03,Long Beach,Los Angeles County,California,LongBeach,74356.0,12758.0,82411.0,9483.0,56364.0,22224.0,,,83929.0,58688.0,,,53833.0,36503.0,,,106250.0,19595.0,72056.0,18326.0,$74356,$12758,$82411,$9483,$56364,$22224,,,$83929,$58688,,,$53833,$36503,,,$106250,$19595,$72056,$18326
2024,6037576501,Census Tract 5765.01,Long Beach,Los Angeles County,California,LongBeach,46172.0,22725.0,55135.0,25687.0,26671.0,6858.0,,,,,,,67727.0,59542.0,59265.0,8415.0,56655.0,24410.0,59338.0,11871.0,$46172,$22725,$55135,$25687,$26671,$6858,,,,,,,$67727,$59542,$59265,$8415,$56655,$24410,$59338,$11871
2024,6037576502,Census Tract 5765.02,Long Beach,Los Angeles County,California,LongBeach,82569.0,19013.0,75625.0,24004.0,92518.0,87018.0,91143.0,15633.0,98917.0,81899.0,,,73010.0,62795.0,107688.0,17740.0,74250.0,25983.0,86471.0,22356.0,$82569,$19013,$75625,$24004,$92518,$87018,$91143,$15633,$98917,$81899,,,$73010,$62795,$107688,$17740,$74250,$25983,$86471,$22356
2024,6037576503,Census Tract 5765.03,Long Beach,Los Angeles County,California,LongBeach,69345.0,11329.0,67782.0,17532.0,,,,,73417.0,30566.0,,,69336.0,18449.0,80662.0,12996.0,77692.0,17120.0,69468.0,16205.0,$69345,$11329,$67782,$17532,,,,,$73417,$30566,,,$69336,$18449,$80662,$12996,$77692,$17120,$69468,$16205
2024,6037576601,Census Tract 5766.01,Long Beach,Los Angeles County,California,LongBeach,76560.0,14078.0,77171.0,12334.0,67165.0,46523.0,,,105000.0,91756.0,,,54444.0,3785.0,88109.0,34280.0,82813.0,23396.0,57143.0,36566.0,$76560,$14078,$77171,$12334,$67165,$46523,,,$105000,$91756,,,$54444,$3785,$88109,$34280,$82813,$23396,$57143,$36566
2024,6037576602,Census Tract 5766.02,Long Beach,Los Angeles County,California,LongBeach,86916.0,15473.0,104750.0,20322.0,54844.0,23980.0,,,91294.0,51070.0,,,44947.0,13579.0,52847.0,28111.0,105188.0,10923.0,52298.0,32287.0,$86916,$15473,$104750,$20322,$54844,$23980,,,$91294,$51070,,,$44947,$13579,$52847,$28111,$105188,$10923,$52298,$32287
2024,6037576700,Census Tract 5767,Long Beach,Los Angeles County,California,LongBeach,104483.0,19750.0,122114.0,22260.0,,,,,222798.0,108684.0,,,82188.0,30897.0,61804.0,29993.0,122649.0,15687.0,99074.0,55096.0,$104483,$19750,$122114,$22260,,,,,$222798,$108684,,,$82188,$30897,$61804,$29993,$122649,$15687,$99074,$55096
2024,6037576801,Census Tract 5768.01,Long Beach,Los Angeles County,California,LongBeach,78627.0,24124.0,91250.0,51334.0,,,,,103826.0,27561.0,,,78346.0,57847.0,68277.0,41932.0,80855.0,56209.0,78672.0,34866.0,$78627,$24124,$91250,$51334,,,,,$103826,$27561,,,$78346,$57847,$68277,$41932,$80855,$56209,$78672,$34866
2024,6037576802,Census Tract 5768.02,Long Beach,Los Angeles County,California,LongBeach,100871.0,20378.0,101786.0,15961.0,,,,,208057.0,89699.0,,,73967.0,65141.0,98864.0,48255.0,101719.0,20182.0,105972.0,65831.0,$100871,$20378,$101786,$15961,,,,,$208057,$89699,,,$73967,$65141,$98864,$48255,$101719,$20182,$105972,$65831
2024,6037576901,Census Tract 5769.01,Long Beach,Los Angeles County,California,LongBeach,68422.0,7598.0,75263.0,11805.0,46331.0,18319.0,,,41750.0,19814.0,,,71500.0,52679.0,73889.0,57785.0,79000.0,74629.0,74066.0,14366.0,$68422,$7598,$75263,$11805,$46331,$18319,,,$41750,$19814,,,$71500,$52679,$73889,$57785,$79000,$74629,$74066,$14366
2024,6037576903,Census Tract 5769.03,Long Beach,Los Angeles County,California,LongBeach,75302.0,9527.0,72625.0,13641.0,,,,,,,,,74671.0,16892.0,97222.0,48842.0,74500.0,23040.0,75000.0,13983.0,$75302,$9527,$72625,$13641,,,,,,,,,$74671,$16892,$97222,$48842,$74500,$23040,$75000,$13983
2024,6037576904,Census Tract 5769.04,Long Beach,Los Angeles County,California,LongBeach,72442.0,12020.0,75889.0,4028.0,,,,,,,,,60833.0,20910.0,127431.0,59882.0,86250.0,36424.0,72056.0,11231.0,$72442,$12020,$75889,$4028,,,,,,,,,$60833,$20910,$127431,$59882,$86250,$36424,$72056,$11231
2024,6037577000,Census Tract 5770,Long Beach,Los Angeles County,California,LongBeach,85020.0,24218.0,91115.0,24303.0,,,85060.0,41700.0,,,,,78500.0,65674.0,53684.0,29842.0,86656.0,18603.0,85714.0,45336.0,$85020,$24218,$91115,$24303,,,$85060,$41700,,,,,$78500,$65674,$53684,$29842,$86656,$18603,$85714,$45336
2024,6037577100,Census Tract 5771,Long Beach,Los Angeles County,California,LongBeach,97094.0,19315.0,107083.0,32849.0,103977.0,49182.0,,,,,,,74583.0,42048.0,90385.0,18879.0,130603.0,22109.0,81329.0,15296.0,$97094,$19315,$107083,$32849,$103977,$49182,,,,,,,$74583,$42048,$90385,$18879,$130603,$22109,$81329,$15296
2024,6037577200,Census Tract 5772,Long Beach,Los Angeles County,California,LongBeach,109805.0,3464.0,112731.0,12312.0,111793.0,62535.0,,,108664.0,8878.0,,,108886.0,1047.0,123750.0,65896.0,111317.0,16121.0,113837.0,28764.0,$109805,$3464,$112731,$12312,$111793,$62535,,,$108664,$8878,,,$108886,$1047,$123750,$65896,$111317,$16121,$113837,$28764
2024,6037577300,Census Tract 5773,Long Beach,Los Angeles County,California,LongBeach,108548.0,16283.0,101599.0,11239.0,,,,,97970.0,27245.0,,,135571.0,71560.0,137375.0,57384.0,106472.0,21545.0,66612.0,46386.0,$108548,$16283,$101599,$11239,,,,,$97970,$27245,,,$135571,$71560,$137375,$57384,$106472,$21545,$66612,$46386
2024,6037577400,Census Tract 5774,Long Beach,Los Angeles County,California,LongBeach,137098.0,24508.0,140985.0,25172.0,,,,,,,,,,,163220.0,44988.0,160278.0,36870.0,123462.0,77215.0,$137098,$24508,$140985,$25172,,,,,,,,,,,$163220,$44988,$160278,$36870,$123462,$77215
2024,6037577501,Census Tract 5775.01,Long Beach,Los Angeles County,California,LongBeach,134896.0,39281.0,137841.0,43465.0,,,,,214013.0,110748.0,,,,,75066.0,6244.0,138523.0,44531.0,,,$134896,$39281,$137841,$43465,,,,,$214013,$110748,,,,,$75066,$6244,$138523,$44531,,
2024,6037577504,Census Tract 5775.04,Long Beach,Los Angeles County,California,LongBeach,101938.0,34847.0,112692.0,40101.0,,,,,,,,,,,100625.0,19353.0,113365.0,43762.0,,,$101938,$34847,$112692,$40101,,,,,,,,,,,$100625,$19353,$113365,$43762,,
2024,6037577602,Census Tract 5776.02,Long Beach,Los Angeles County,California,LongBeach,110964.0,16847.0,111198.0,25942.0,,,95331.0,75732.0,,,,,116389.0,103309.0,106912.0,82698.0,121125.0,29435.0,98719.0,9055.0,$110964,$16847,$111198,$25942,,,$95331,$75732,,,,,$116389,$103309,$106912,$82698,$121125,$29435,$98719,$9055
2024,6037577604,Census Tract 5776.04,Long Beach,Los Angeles County,California,LongBeach,107195.0,14161.0,107625.0,30676.0,,,,,,,,,,,101250.0,5813.0,106111.0,22296.0,109375.0,37328.0,$107195,$14161,$107625,$30676,,,,,,,,,,,$101250,$5813,$106111,$22296,$109375,$37328
2024,6037577605,Census Tract 5776.05,Long Beach,Los Angeles County,California,LongBeach,168750.0,59385.0,198004.0,44907.0,,,,,98869.0,96146.0,,,,,,,198843.0,30545.0,,,$168750,$59385,$198004,$44907,,,,,$98869,$96146,,,,,,,$198843,$30545,,
2024,6037577606,Census Tract 5776.06,Long Beach,Los Angeles County,California,LongBeach,140792.0,10632.0,155833.0,73279.0,138505.0,29479.0,,,112007.0,98738.0,,,,,,,174355.0,87318.0,103497.0,5097.0,$140792,$10632,$155833,$73279,$138505,$29479,,,$112007,$98738,,,,,,,$174355,$87318,$103497,$5097
2024,6037577700,Census Tract 5777,Long Beach,Los Angeles County,California,LongBeach,98125.0,17987.0,,,77500.0,24258.0,186552.0,17261.0,65179.0,63415.0,,,108750.0,20513.0,92404.0,21981.0,10662.0,5112.0,109963.0,16004.0,$98125,$17987,,,$77500,$24258,$186552,$17261,$65179,$63415,,,$108750,$20513,$92404,$21981,$10662,$5112,$109963,$16004
2024,6037577900,Census Tract 5779,Long Beach,Los Angeles County,California,LongBeach,81528.0,25992.0,62148.0,13461.0,53953.0,34812.0,,,104118.0,28007.0,,,109196.0,83139.0,82500.0,39482.0,62018.0,30126.0,83750.0,30091.0,$81528,$25992,$62148,$13461,$53953,$34812,,,$104118,$28007,,,$109196,$83139,$82500,$39482,$62018,$30126,$83750,$30091
2024,6037578000,Census Tract 5780,Long Beach,Los Angeles County,California,LongBeach,58504.0,19914.0,,,31050.0,6705.0,,,147833.0,125537.0,,,71250.0,26910.0,,,,,59342.0,35321.0,$58504,$19914,,,$31050,$6705,,,$147833,$125537,,,$71250,$26910,,,,,$59342,$35321
2024,6037578100,Census Tract 5781,Long Beach,Los Angeles County,California,LongBeach,,,,,,,,,,,,,,,,,,,,,,,,,,,,,,,,,,,,,,,,
2024,6037980006,Census Tract 9800.06,Long Beach,Los Angeles County,California,LongBeach,,,,,,,,,,,,,,,,,,,,,,,,,,,,,,,,,,,,,,,,
2024,6037980007,Census Tract 9800.07,Long Beach,Los Angeles County,California,LongBeach,,,,,,,,,,,,,,,,,,,,,,,,,,,,,,,,,,,,,,,,
2024,6037980011,Census Tract 9800.11,Long Beach,Los Angeles County,California,LongBeach,,,,,,,,,,,,,,,,,,,,,,,,,,,,,,,,,,,,,,,,
2024,6037980018,Census Tract 9800.18,Long Beach,Los Angeles County,California,LongBeach,,,,,,,,,,,,,,,,,,,,,,,,,,,,,,,,,,,,,,,,
2024,6037980033,Census Tract 9800.33,Long Beach,Los Angeles County,California,LongBeach,,,,,,,,,,,,,,,,,,,,,,,,,,,,,,,,,,,,,,,,
2024,6037990300,Census Tract 9903,Long Beach,Los Angeles County,California,LongBeach,,,,,,,,,,,,,,,,,,,,,,,,,,,,,,,,,,,,,,,,
