YEAR,GEO_ID,TRACT,CITY,COUNTY,STATE,ABBREV_NAME,B19013_001E,B19013_001M,B19013A_001E,B19013A_001M,B19013B_001E,B19013B_001M,B19013C_001E,B19013C_001M,B19013D_001E,B19013D_001M,B19013E_001E,B19013E_001M,B19013F_001E,B19013F_001M,B19013G_001E,B19013G_001M,B19013H_001E,B19013H_001M,B19013I_001E,B19013I_001M,B19013_001E_string,B19013_001M_string,B19013A_001E_string,B19013A_001M_string,B19013B_001E_string,B19013B_001M_string,B19013C_001E_string,B19013C_001M_string,B19013D_001E_string,B19013D_001M_string,B19013E_001E_string,B19013E_001M_string,B19013F_001E_string,B19013F_001M_string,B19013G_001E_string,B19013G_001M_string,B19013H_001E_string,B19013H_001M_string,B19013I_001E_string,B19013I_001M_string
2010,6037502801,Census Tract 5028.01,Norwalk,Los Angeles County,California,Norwalk,105454.0,14053.0,97237.0,8974.0,,,150045.0,59195.0,116301.0,84385.0,,,163773.0,55703.0,65408.0,35586.0,99037.0,36772.0,105285.0,14413.0,$105454,$14053,$97237,$8974,,,$150045,$59195,$116301,$84385,,,$163773,$55703,$65408,$35586,$99037,$36772,$105285,$14413
2010,6037550000,Census Tract 5500,Norwalk,Los Angeles County,California,Norwalk,128533.0,79371.0,115698.0,111346.0,,,,,82977.0,371830.0,,,145526.0,121957.0,,,209883.0,133652.0,126725.0,96301.0,$128533,$79371,$115698,$111346,,,,,$82977,$371830,,,$145526,$121957,,,$209883,$133652,$126725,$96301
2010,6037550100,Census Tract 5501,Norwalk,Los Angeles County,California,Norwalk,88082.0,13687.0,85522.0,16705.0,,,,,10465.0,104180.0,,,115381.0,17580.0,86095.0,86643.0,72537.0,16911.0,95255.0,30258.0,$88082,$13687,$85522,$16705,,,,,$10465,$104180,,,$115381,$17580,$86095,$86643,$72537,$16911,$95255,$30258
2010,6037550201,Census Tract 5502.01,Norwalk,Los Angeles County,California,Norwalk,74300.0,7078.0,65171.0,25047.0,,,,,174106.0,88770.0,,,74308.0,5047.0,74676.0,35299.0,134471.0,122874.0,69693.0,13302.0,$74300,$7078,$65171,$25047,,,,,$174106,$88770,,,$74308,$5047,$74676,$35299,$134471,$122874,$69693,$13302
2010,6037550202,Census Tract 5502.02,Norwalk,Los Angeles County,California,Norwalk,114703.0,14613.0,114729.0,11680.0,38012.0,107042.0,,,95812.0,9983.0,,,141050.0,23722.0,,,119997.0,34787.0,132008.0,32174.0,$114703,$14613,$114729,$11680,$38012,$107042,,,$95812,$9983,,,$141050,$23722,,,$119997,$34787,$132008,$32174
2010,6037550300,Census Tract 5503,Norwalk,Los Angeles County,California,Norwalk,103565.0,5092.0,103590.0,8215.0,170589.0,87039.0,61205.0,110846.0,106552.0,30494.0,,,96866.0,23646.0,,,105574.0,34566.0,102106.0,5350.0,$103565,$5092,$103590,$8215,$170589,$87039,$61205,$110846,$106552,$30494,,,$96866,$23646,,,$105574,$34566,$102106,$5350
2010,6037551900,Census Tract 5519,Norwalk,Los Angeles County,California,Norwalk,87316.0,12552.0,87949.0,15103.0,66888.0,21178.0,,,121503.0,22199.0,,,111178.0,51244.0,85869.0,47722.0,73893.0,16805.0,108854.0,25980.0,$87316,$12552,$87949,$15103,$66888,$21178,,,$121503,$22199,,,$111178,$51244,$85869,$47722,$73893,$16805,$108854,$25980
2010,6037552001,Census Tract 5520.01,Norwalk,Los Angeles County,California,Norwalk,99844.0,28554.0,76830.0,23557.0,61054.0,95073.0,98036.0,68011.0,150045.0,49125.0,,,104625.0,45174.0,,,39715.0,32482.0,122464.0,18619.0,$99844,$28554,$76830,$23557,$61054,$95073,$98036,$68011,$150045,$49125,,,$104625,$45174,,,$39715,$32482,$122464,$18619
2010,6037552002,Census Tract 5520.02,Norwalk,Los Angeles County,California,Norwalk,85201.0,17297.0,78884.0,45680.0,95296.0,157728.0,,,102742.0,37425.0,,,84190.0,34573.0,,,98136.0,51944.0,76913.0,14310.0,$85201,$17297,$78884,$45680,$95296,$157728,,,$102742,$37425,,,$84190,$34573,,,$98136,$51944,$76913,$14310
2010,6037552100,Census Tract 5521,Norwalk,Los Angeles County,California,Norwalk,62737.0,11564.0,73689.0,12961.0,184471.0,200670.0,,,25067.0,5311.0,,,62325.0,51990.0,19551.0,2072.0,37512.0,52126.0,70905.0,17074.0,$62737,$11564,$73689,$12961,$184471,$200670,,,$25067,$5311,,,$62325,$51990,$19551,$2072,$37512,$52126,$70905,$17074
2010,6037552200,Census Tract 5522,Norwalk,Los Angeles County,California,Norwalk,63741.0,11787.0,62603.0,18938.0,40588.0,11025.0,55318.0,125781.0,96383.0,58874.0,,,62134.0,17375.0,50843.0,81641.0,65731.0,36670.0,56593.0,13790.0,$63741,$11787,$62603,$18938,$40588,$11025,$55318,$125781,$96383,$58874,,,$62134,$17375,$50843,$81641,$65731,$36670,$56593,$13790
2010,6037552301,Census Tract 5523.01,Norwalk,Los Angeles County,California,Norwalk,99665.0,17469.0,79303.0,13798.0,170676.0,179778.0,134679.0,2898.0,189001.0,58494.0,,,89397.0,52871.0,,,77188.0,17553.0,89919.0,15294.0,$99665,$17469,$79303,$13798,$170676,$179778,$134679,$2898,$189001,$58494,,,$89397,$52871,,,$77188,$17553,$89919,$15294
2010,6037552302,Census Tract 5523.02,Norwalk,Los Angeles County,California,Norwalk,81091.0,15890.0,82589.0,11065.0,185888.0,103111.0,,,103710.0,126484.0,,,35239.0,41094.0,,,82176.0,13840.0,71558.0,16140.0,$81091,$15890,$82589,$11065,$185888,$103111,,,$103710,$126484,,,$35239,$41094,,,$82176,$13840,$71558,$16140
2010,6037552400,Census Tract 5524,Norwalk,Los Angeles County,California,Norwalk,74261.0,14151.0,62603.0,16809.0,89342.0,149033.0,,,124736.0,24145.0,,,74159.0,23076.0,82756.0,47809.0,66285.0,44808.0,72706.0,22756.0,$74261,$14151,$62603,$16809,$89342,$149033,,,$124736,$24145,,,$74159,$23076,$82756,$47809,$66285,$44808,$72706,$22756
2010,6037552601,Census Tract 5526.01,Norwalk,Los Angeles County,California,Norwalk,85777.0,20172.0,78499.0,32029.0,,,,,174270.0,37707.0,,,97928.0,30709.0,49263.0,3563.0,48165.0,12145.0,84190.0,22402.0,$85777,$20172,$78499,$32029,,,,,$174270,$37707,,,$97928,$30709,$49263,$3563,$48165,$12145,$84190,$22402
2010,6037552602,Census Tract 5526.02,Norwalk,Los Angeles County,California,Norwalk,91550.0,17444.0,64137.0,26486.0,27550.0,170814.0,30790.0,444.0,139560.0,41524.0,,,53951.0,34575.0,178367.0,165851.0,76671.0,52068.0,52991.0,20117.0,$91550,$17444,$64137,$26486,$27550,$170814,$30790,$444,$139560,$41524,,,$53951,$34575,$178367,$165851,$76671,$52068,$52991,$20117
2010,6037552700,Census Tract 5527,Norwalk,Los Angeles County,California,Norwalk,94211.0,7601.0,85104.0,19624.0,121121.0,90490.0,,,146731.0,23332.0,,,90431.0,12394.0,,,80507.0,33208.0,88130.0,9674.0,$94211,$7601,$85104,$19624,$121121,$90490,,,$146731,$23332,,,$90431,$12394,,,$80507,$33208,$88130,$9674
2010,6037552800,Census Tract 5528,Norwalk,Los Angeles County,California,Norwalk,89660.0,11318.0,101529.0,15353.0,62650.0,30405.0,,,85568.0,68879.0,,,87851.0,27569.0,,,123532.0,33707.0,87090.0,18963.0,$89660,$11318,$101529,$15353,$62650,$30405,,,$85568,$68879,,,$87851,$27569,,,$123532,$33707,$87090,$18963
2010,6037552900,Census Tract 5529,Norwalk,Los Angeles County,California,Norwalk,85431.0,13602.0,83330.0,19967.0,137572.0,150297.0,,,96174.0,43657.0,,,68450.0,31500.0,234107.0,119322.0,77097.0,27948.0,83431.0,17874.0,$85431,$13602,$83330,$19967,$137572,$150297,,,$96174,$43657,,,$68450,$31500,$234107,$119322,$77097,$27948,$83431,$17874
2010,6037553000,Census Tract 5530,Norwalk,Los Angeles County,California,Norwalk,91884.0,17229.0,83659.0,21663.0,71087.0,148112.0,,,170895.0,123267.0,,,99150.0,22186.0,196303.0,43971.0,70202.0,19478.0,93066.0,15291.0,$91884,$17229,$83659,$21663,$71087,$148112,,,$170895,$123267,,,$99150,$22186,$196303,$43971,$70202,$19478,$93066,$15291
2010,6037554600,Census Tract 5546,Norwalk,Los Angeles County,California,Norwalk,71450.0,13713.0,58074.0,14621.0,,,,,141006.0,73938.0,,,76039.0,14145.0,,,54940.0,20938.0,68120.0,13806.0,$71450,$13713,$58074,$14621,,,,,$141006,$73938,,,$76039,$14145,,,$54940,$20938,$68120,$13806
2010,6037554700,Census Tract 5547,Norwalk,Los Angeles County,California,Norwalk,96739.0,9101.0,96548.0,14099.0,94779.0,20182.0,,,96985.0,61159.0,,,114342.0,75713.0,91473.0,91731.0,124478.0,129829.0,96616.0,14801.0,$96739,$9101,$96548,$14099,$94779,$20182,,,$96985,$61159,,,$114342,$75713,$91473,$91731,$124478,$129829,$96616,$14801
2011,6037502801,Census Tract 5028.01,Norwalk,Los Angeles County,California,Norwalk,101515.0,11984.0,99574.0,7813.0,,,148097.0,36376.0,115976.0,57970.0,,,145315.0,66958.0,48201.0,26395.0,80048.0,30661.0,106797.0,8666.0,$101515,$11984,$99574,$7813,,,$148097,$36376,$115976,$57970,,,$145315,$66958,$48201,$26395,$80048,$30661,$106797,$8666
2011,6037550000,Census Tract 5500,Norwalk,Los Angeles County,California,Norwalk,125942.0,76492.0,94603.0,85767.0,125358.0,50909.0,,,168182.0,246083.0,,,145146.0,150975.0,,,149963.0,106239.0,88179.0,128582.0,$125942,$76492,$94603,$85767,$125358,$50909,,,$168182,$246083,,,$145146,$150975,,,$149963,$106239,$88179,$128582
2011,6037550100,Census Tract 5501,Norwalk,Los Angeles County,California,Norwalk,78836.0,15534.0,75182.0,8809.0,,,,,46301.0,96441.0,,,123173.0,17141.0,73288.0,52954.0,69583.0,10488.0,91878.0,26873.0,$78836,$15534,$75182,$8809,,,,,$46301,$96441,,,$123173,$17141,$73288,$52954,$69583,$10488,$91878,$26873
2011,6037550201,Census Tract 5502.01,Norwalk,Los Angeles County,California,Norwalk,73504.0,6343.0,55594.0,33659.0,,,,,73329.0,108570.0,,,76208.0,15536.0,91784.0,35548.0,101947.0,67797.0,72289.0,24762.0,$73504,$6343,$55594,$33659,,,,,$73329,$108570,,,$76208,$15536,$91784,$35548,$101947,$67797,$72289,$24762
2011,6037550202,Census Tract 5502.02,Norwalk,Los Angeles County,California,Norwalk,113874.0,14689.0,114867.0,27662.0,100659.0,50980.0,,,96265.0,22464.0,,,133035.0,32114.0,,,126961.0,69829.0,129750.0,35491.0,$113874,$14689,$114867,$27662,$100659,$50980,,,$96265,$22464,,,$133035,$32114,,,$126961,$69829,$129750,$35491
2011,6037550300,Census Tract 5503,Norwalk,Los Angeles County,California,Norwalk,83361.0,22318.0,98231.0,34669.0,,,,,78557.0,41478.0,,,68470.0,45460.0,,,84530.0,40755.0,84208.0,30323.0,$83361,$22318,$98231,$34669,,,,,$78557,$41478,,,$68470,$45460,,,$84530,$40755,$84208,$30323
2011,6037551900,Census Tract 5519,Norwalk,Los Angeles County,California,Norwalk,85875.0,13115.0,92245.0,13047.0,62331.0,17216.0,84792.0,2726.0,119515.0,149849.0,,,119335.0,51964.0,85624.0,38654.0,81682.0,34186.0,100367.0,22877.0,$85875,$13115,$92245,$13047,$62331,$17216,$84792,$2726,$119515,$149849,,,$119335,$51964,$85624,$38654,$81682,$34186,$100367,$22877
2011,6037552001,Census Tract 5520.01,Norwalk,Los Angeles County,California,Norwalk,106635.0,31247.0,77278.0,36671.0,61317.0,66124.0,,,148474.0,87965.0,,,127367.0,32231.0,,,63263.0,47153.0,127841.0,31929.0,$106635,$31247,$77278,$36671,$61317,$66124,,,$148474,$87965,,,$127367,$32231,,,$63263,$47153,$127841,$31929
2011,6037552002,Census Tract 5520.02,Norwalk,Los Angeles County,California,Norwalk,80587.0,17058.0,105865.0,56560.0,102925.0,12471.0,,,104092.0,38710.0,,,42303.0,34399.0,,,108117.0,88258.0,71115.0,23383.0,$80587,$17058,$105865,$56560,$102925,$12471,,,$104092,$38710,,,$42303,$34399,,,$108117,$88258,$71115,$23383
2011,6037552100,Census Tract 5521,Norwalk,Los Angeles County,California,Norwalk,57556.0,20546.0,76288.0,8603.0,183183.0,134301.0,,,25323.0,4261.0,,,71828.0,67675.0,18570.0,3083.0,36936.0,39278.0,80615.0,9085.0,$57556,$20546,$76288,$8603,$183183,$134301,,,$25323,$4261,,,$71828,$67675,$18570,$3083,$36936,$39278,$80615,$9085
2011,6037552200,Census Tract 5522,Norwalk,Los Angeles County,California,Norwalk,67042.0,4750.0,68324.0,6596.0,40494.0,46877.0,13578.0,80998.0,96793.0,62899.0,,,63738.0,11441.0,48352.0,109163.0,47788.0,18839.0,66076.0,5860.0,$67042,$4750,$68324,$6596,$40494,$46877,$13578,$80998,$96793,$62899,,,$63738,$11441,$48352,$109163,$47788,$18839,$66076,$5860
2011,6037552301,Census Tract 5523.01,Norwalk,Los Angeles County,California,Norwalk,109851.0,26379.0,94603.0,30363.0,169288.0,86610.0,133144.0,2901.0,190594.0,59253.0,,,88556.0,34489.0,,,85431.0,48462.0,89986.0,18159.0,$109851,$26379,$94603,$30363,$169288,$86610,$133144,$2901,$190594,$59253,,,$88556,$34489,,,$85431,$48462,$89986,$18159
2011,6037552302,Census Tract 5523.02,Norwalk,Los Angeles County,California,Norwalk,84020.0,23592.0,82653.0,10602.0,145626.0,87245.0,,,104979.0,180378.0,,,71161.0,91898.0,,,81755.0,10537.0,75857.0,33432.0,$84020,$23592,$82653,$10602,$145626,$87245,,,$104979,$180378,,,$71161,$91898,,,$81755,$10537,$75857,$33432
2011,6037552400,Census Tract 5524,Norwalk,Los Angeles County,California,Norwalk,71391.0,14637.0,65494.0,27408.0,,,,,123747.0,21236.0,,,61706.0,28696.0,79913.0,38909.0,88107.0,37768.0,63675.0,15541.0,$71391,$14637,$65494,$27408,,,,,$123747,$21236,,,$61706,$28696,$79913,$38909,$88107,$37768,$63675,$15541
2011,6037552601,Census Tract 5526.01,Norwalk,Los Angeles County,California,Norwalk,87367.0,22105.0,79796.0,18527.0,,,,,174076.0,25365.0,,,98902.0,32161.0,,,51097.0,24835.0,85843.0,23899.0,$87367,$22105,$79796,$18527,,,,,$174076,$25365,,,$98902,$32161,,,$51097,$24835,$85843,$23899
2011,6037552602,Census Tract 5526.02,Norwalk,Los Angeles County,California,Norwalk,91717.0,22803.0,72949.0,8402.0,30483.0,243102.0,32968.0,24316.0,124580.0,36788.0,,,53897.0,19492.0,178828.0,346972.0,71898.0,16569.0,57813.0,18727.0,$91717,$22803,$72949,$8402,$30483,$243102,$32968,$24316,$124580,$36788,,,$53897,$19492,$178828,$346972,$71898,$16569,$57813,$18727
2011,6037552700,Census Tract 5527,Norwalk,Los Angeles County,California,Norwalk,87250.0,10488.0,77577.0,11645.0,90953.0,118014.0,,,145567.0,39990.0,,,85239.0,23746.0,,,72226.0,10752.0,85470.0,13890.0,$87250,$10488,$77577,$11645,$90953,$118014,,,$145567,$39990,,,$85239,$23746,,,$72226,$10752,$85470,$13890
2011,6037552800,Census Tract 5528,Norwalk,Los Angeles County,California,Norwalk,88188.0,10028.0,90303.0,18185.0,59635.0,74255.0,,,86500.0,52966.0,,,89623.0,44392.0,,,111903.0,33219.0,81927.0,22730.0,$88188,$10028,$90303,$18185,$59635,$74255,,,$86500,$52966,,,$89623,$44392,,,$111903,$33219,$81927,$22730
2011,6037552900,Census Tract 5529,Norwalk,Los Angeles County,California,Norwalk,76055.0,13327.0,76817.0,19176.0,97778.0,189606.0,,,72069.0,22237.0,,,67258.0,25232.0,232477.0,130041.0,73930.0,27592.0,77644.0,11970.0,$76055,$13327,$76817,$19176,$97778,$189606,,,$72069,$22237,,,$67258,$25232,$232477,$130041,$73930,$27592,$77644,$11970
2011,6037553000,Census Tract 5530,Norwalk,Los Angeles County,California,Norwalk,96230.0,17478.0,95103.0,26173.0,84617.0,55019.0,60791.0,1849.0,124595.0,30857.0,,,93668.0,30302.0,193539.0,57029.0,65196.0,51363.0,95479.0,17181.0,$96230,$17478,$95103,$26173,$84617,$55019,$60791,$1849,$124595,$30857,,,$93668,$30302,$193539,$57029,$65196,$51363,$95479,$17181
2011,6037554600,Census Tract 5546,Norwalk,Los Angeles County,California,Norwalk,73179.0,14654.0,69842.0,20325.0,,,,,133645.0,103969.0,,,71828.0,18594.0,,,65015.0,17051.0,75332.0,15555.0,$73179,$14654,$69842,$20325,,,,,$133645,$103969,,,$71828,$18594,,,$65015,$17051,$75332,$15555
2011,6037554700,Census Tract 5547,Norwalk,Los Angeles County,California,Norwalk,95540.0,6165.0,88729.0,13327.0,82631.0,37838.0,,,100297.0,88746.0,,,93872.0,66743.0,92851.0,74955.0,123217.0,121222.0,90481.0,10183.0,$95540,$6165,$88729,$13327,$82631,$37838,,,$100297,$88746,,,$93872,$66743,$92851,$74955,$123217,$121222,$90481,$10183
2012,6037502801,Census Tract 5028.01,Norwalk,Los Angeles County,California,Norwalk,104988.0,13287.0,97885.0,11854.0,179807.0,22599.0,,,182025.0,115319.0,,,121150.0,59565.0,46741.0,18934.0,82690.0,26657.0,103741.0,17906.0,$104988,$13287,$97885,$11854,$179807,$22599,,,$182025,$115319,,,$121150,$59565,$46741,$18934,$82690,$26657,$103741,$17906
2012,6037550000,Census Tract 5500,Norwalk,Los Angeles County,California,Norwalk,135137.0,58528.0,80653.0,24999.0,126127.0,48098.0,,,135565.0,153109.0,,,147307.0,84774.0,,,149484.0,77468.0,96955.0,96255.0,$135137,$58528,$80653,$24999,$126127,$48098,,,$135565,$153109,,,$147307,$84774,,,$149484,$77468,$96955,$96255
2012,6037550100,Census Tract 5501,Norwalk,Los Angeles County,California,Norwalk,82278.0,11355.0,79494.0,5491.0,103451.0,24680.0,19968.0,42830.0,53626.0,113434.0,,,115813.0,17967.0,83870.0,72339.0,71463.0,10053.0,85603.0,15137.0,$82278,$11355,$79494,$5491,$103451,$24680,$19968,$42830,$53626,$113434,,,$115813,$17967,$83870,$72339,$71463,$10053,$85603,$15137
2012,6037550201,Census Tract 5502.01,Norwalk,Los Angeles County,California,Norwalk,74405.0,9748.0,77278.0,19196.0,,,,,70882.0,52894.0,,,74647.0,16091.0,74733.0,31746.0,103476.0,77708.0,74515.0,4293.0,$74405,$9748,$77278,$19196,,,,,$70882,$52894,,,$74647,$16091,$74733,$31746,$103476,$77708,$74515,$4293
2012,6037550202,Census Tract 5502.02,Norwalk,Los Angeles County,California,Norwalk,97060.0,10816.0,93972.0,22303.0,98065.0,60368.0,103585.0,149706.0,94430.0,23500.0,,,131772.0,54977.0,,,95524.0,56173.0,99411.0,24163.0,$97060,$10816,$93972,$22303,$98065,$60368,$103585,$149706,$94430,$23500,,,$131772,$54977,,,$95524,$56173,$99411,$24163
2012,6037550300,Census Tract 5503,Norwalk,Los Angeles County,California,Norwalk,100200.0,16081.0,103760.0,8639.0,,,,,120836.0,46129.0,,,84323.0,31334.0,40612.0,239193.0,103684.0,21136.0,96473.0,23132.0,$100200,$16081,$103760,$8639,,,,,$120836,$46129,,,$84323,$31334,$40612,$239193,$103684,$21136,$96473,$23132
2012,6037551900,Census Tract 5519,Norwalk,Los Angeles County,California,Norwalk,89868.0,12952.0,90969.0,9685.0,74178.0,37005.0,83913.0,3232.0,70752.0,97225.0,,,112720.0,54334.0,96342.0,39939.0,89683.0,28877.0,96294.0,23478.0,$89868,$12952,$90969,$9685,$74178,$37005,$83913,$3232,$70752,$97225,,,$112720,$54334,$96342,$39939,$89683,$28877,$96294,$23478
2012,6037552001,Census Tract 5520.01,Norwalk,Los Angeles County,California,Norwalk,88111.0,28905.0,80653.0,24234.0,110110.0,100683.0,,,151068.0,50481.0,,,88243.0,48718.0,,,44235.0,36104.0,110377.0,24597.0,$88111,$28905,$80653,$24234,$110110,$100683,,,$151068,$50481,,,$88243,$48718,,,$44235,$36104,$110377,$24597
2012,6037552002,Census Tract 5520.02,Norwalk,Los Angeles County,California,Norwalk,86781.0,18772.0,96234.0,36893.0,100244.0,56388.0,,,102210.0,30268.0,,,51480.0,57702.0,,,138017.0,98996.0,76077.0,21692.0,$86781,$18772,$96234,$36893,$100244,$56388,,,$102210,$30268,,,$51480,$57702,,,$138017,$98996,$76077,$21692
2012,6037552100,Census Tract 5521,Norwalk,Los Angeles County,California,Norwalk,57952.0,16007.0,73404.0,9133.0,182371.0,183586.0,,,21590.0,4757.0,,,86682.0,38581.0,19391.0,8378.0,54967.0,20289.0,79733.0,12335.0,$57952,$16007,$73404,$9133,$182371,$183586,,,$21590,$4757,,,$86682,$38581,$19391,$8378,$54967,$20289,$79733,$12335
2012,6037552200,Census Tract 5522,Norwalk,Los Angeles County,California,Norwalk,63354.0,8933.0,64422.0,10112.0,42955.0,34372.0,13213.0,78625.0,78651.0,30520.0,,,57687.0,10888.0,90949.0,177434.0,64963.0,15592.0,59879.0,10048.0,$63354,$8933,$64422,$10112,$42955,$34372,$13213,$78625,$78651,$30520,,,$57687,$10888,$90949,$177434,$64963,$15592,$59879,$10048
2012,6037552301,Census Tract 5523.01,Norwalk,Los Angeles County,California,Norwalk,105249.0,25553.0,101878.0,29274.0,141693.0,85521.0,,,166796.0,92191.0,,,87444.0,16032.0,,,88608.0,59587.0,89039.0,22686.0,$105249,$25553,$101878,$29274,$141693,$85521,,,$166796,$92191,,,$87444,$16032,,,$88608,$59587,$89039,$22686
2012,6037552302,Census Tract 5523.02,Norwalk,Los Angeles County,California,Norwalk,79834.0,12390.0,80297.0,13985.0,107797.0,99728.0,,,72587.0,51949.0,,,111229.0,61944.0,,,79487.0,21785.0,98341.0,43397.0,$79834,$12390,$80297,$13985,$107797,$99728,,,$72587,$51949,,,$111229,$61944,,,$79487,$21785,$98341,$43397
2012,6037552400,Census Tract 5524,Norwalk,Los Angeles County,California,Norwalk,73823.0,9831.0,64897.0,20885.0,,,,,3431.0,,,,73789.0,8116.0,81416.0,47152.0,66924.0,27499.0,73574.0,13801.0,$73823,$9831,$64897,$20885,,,,,$3431,,,,$73789,$8116,$81416,$47152,$66924,$27499,$73574,$13801
2012,6037552601,Census Tract 5526.01,Norwalk,Los Angeles County,California,Norwalk,84428.0,19066.0,84085.0,30007.0,,,,,77049.0,142745.0,,,90703.0,30187.0,,,48312.0,16702.0,93028.0,22231.0,$84428,$19066,$84085,$30007,,,,,$77049,$142745,,,$90703,$30187,,,$48312,$16702,$93028,$22231
2012,6037552602,Census Tract 5526.02,Norwalk,Los Angeles County,California,Norwalk,79185.0,9349.0,76212.0,10336.0,,,33034.0,81662.0,107626.0,17096.0,,,52845.0,12646.0,24760.0,19604.0,72622.0,26863.0,62098.0,24138.0,$79185,$9349,$76212,$10336,,,$33034,$81662,$107626,$17096,,,$52845,$12646,$24760,$19604,$72622,$26863,$62098,$24138
2012,6037552700,Census Tract 5527,Norwalk,Los Angeles County,California,Norwalk,83435.0,9030.0,78846.0,12083.0,147768.0,246476.0,,,130932.0,53983.0,,,74251.0,26186.0,137853.0,72850.0,73102.0,12160.0,82893.0,18271.0,$83435,$9030,$78846,$12083,$147768,$246476,,,$130932,$53983,,,$74251,$26186,$137853,$72850,$73102,$12160,$82893,$18271
2012,6037552800,Census Tract 5528,Norwalk,Los Angeles County,California,Norwalk,79381.0,13066.0,75505.0,16553.0,61152.0,71632.0,,,97012.0,38489.0,,,87326.0,29274.0,97021.0,7592.0,96812.0,30159.0,71386.0,20117.0,$79381,$13066,$75505,$16553,$61152,$71632,,,$97012,$38489,,,$87326,$29274,$97021,$7592,$96812,$30159,$71386,$20117
2012,6037552900,Census Tract 5529,Norwalk,Los Angeles County,California,Norwalk,69709.0,10216.0,69670.0,12454.0,54024.0,23605.0,,,71544.0,23940.0,,,75886.0,30143.0,,,75848.0,25352.0,68855.0,17343.0,$69709,$10216,$69670,$12454,$54024,$23605,,,$71544,$23940,,,$75886,$30143,,,$75848,$25352,$68855,$17343
2012,6037553000,Census Tract 5530,Norwalk,Los Angeles County,California,Norwalk,103561.0,12891.0,95883.0,15413.0,136530.0,34895.0,53196.0,18530.0,155204.0,63713.0,,,83434.0,39676.0,156893.0,121030.0,67011.0,19628.0,94319.0,15134.0,$103561,$12891,$95883,$15413,$136530,$34895,$53196,$18530,$155204,$63713,,,$83434,$39676,$156893,$121030,$67011,$19628,$94319,$15134
2012,6037554600,Census Tract 5546,Norwalk,Los Angeles County,California,Norwalk,78429.0,24756.0,71901.0,47675.0,,,,,133277.0,26882.0,,,68334.0,15327.0,81034.0,16026.0,69499.0,43860.0,73053.0,13890.0,$78429,$24756,$71901,$47675,,,,,$133277,$26882,,,$68334,$15327,$81034,$16026,$69499,$43860,$73053,$13890
2012,6037554700,Census Tract 5547,Norwalk,Los Angeles County,California,Norwalk,95543.0,10214.0,87624.0,15174.0,93033.0,26900.0,,,120693.0,59561.0,,,93193.0,66055.0,89614.0,53887.0,120884.0,93119.0,87249.0,9840.0,$95543,$10214,$87624,$15174,$93033,$26900,,,$120693,$59561,,,$93193,$66055,$89614,$53887,$120884,$93119,$87249,$9840
2013,6037502801,Census Tract 5028.01,Norwalk,Los Angeles County,California,Norwalk,109153.0,12544.0,98407.0,23962.0,182454.0,406670.0,,,,,,,111500.0,145974.0,45685.0,20692.0,66542.0,28611.0,109757.0,10563.0,$109153,$12544,$98407,$23962,$182454,$406670,,,,,,,$111500,$145974,$45685,$20692,$66542,$28611,$109757,$10563
2013,6037550000,Census Tract 5500,Norwalk,Los Angeles County,California,Norwalk,136079.0,79151.0,56348.0,26449.0,124528.0,54602.0,,,158900.0,114017.0,,,148668.0,83089.0,,,53883.0,59687.0,145911.0,125338.0,$136079,$79151,$56348,$26449,$124528,$54602,,,$158900,$114017,,,$148668,$83089,,,$53883,$59687,$145911,$125338
2013,6037550100,Census Tract 5501,Norwalk,Los Angeles County,California,Norwalk,93142.0,17785.0,89900.0,24487.0,101989.0,43348.0,,,82324.0,39937.0,,,112999.0,20611.0,73291.0,26326.0,69349.0,13294.0,104525.0,20005.0,$93142,$17785,$89900,$24487,$101989,$43348,,,$82324,$39937,,,$112999,$20611,$73291,$26326,$69349,$13294,$104525,$20005
2013,6037550201,Census Tract 5502.01,Norwalk,Los Angeles County,California,Norwalk,73945.0,6598.0,77934.0,11439.0,,,,,73650.0,8674.0,,,73026.0,11937.0,119644.0,69052.0,69082.0,39334.0,74717.0,8667.0,$73945,$6598,$77934,$11439,,,,,$73650,$8674,,,$73026,$11937,$119644,$69052,$69082,$39334,$74717,$8667
2013,6037550202,Census Tract 5502.02,Norwalk,Los Angeles County,California,Norwalk,95969.0,6962.0,91326.0,28599.0,98817.0,91265.0,101546.0,89479.0,96642.0,43549.0,,,129163.0,43820.0,153232.0,113349.0,94357.0,46876.0,93537.0,15114.0,$95969,$6962,$91326,$28599,$98817,$91265,$101546,$89479,$96642,$43549,,,$129163,$43820,$153232,$113349,$94357,$46876,$93537,$15114
2013,6037550300,Census Tract 5503,Norwalk,Los Angeles County,California,Norwalk,92785.0,14333.0,90788.0,13615.0,,,,,139306.0,64734.0,,,87703.0,25832.0,,,84391.0,30699.0,94414.0,15463.0,$92785,$14333,$90788,$13615,,,,,$139306,$64734,,,$87703,$25832,,,$84391,$30699,$94414,$15463
2013,6037551900,Census Tract 5519,Norwalk,Los Angeles County,California,Norwalk,91879.0,11902.0,84099.0,17658.0,72489.0,50468.0,83153.0,4445.0,97122.0,45240.0,,,119880.0,9278.0,99923.0,25423.0,74861.0,34702.0,98943.0,18597.0,$91879,$11902,$84099,$17658,$72489,$50468,$83153,$4445,$97122,$45240,,,$119880,$9278,$99923,$25423,$74861,$34702,$98943,$18597
2013,6037552001,Census Tract 5520.01,Norwalk,Los Angeles County,California,Norwalk,98045.0,19608.0,83745.0,25677.0,109456.0,39721.0,,,131515.0,38442.0,,,91283.0,26433.0,,,68603.0,20968.0,108336.0,25020.0,$98045,$19608,$83745,$25677,$109456,$39721,,,$131515,$38442,,,$91283,$26433,,,$68603,$20968,$108336,$25020
2013,6037552002,Census Tract 5520.02,Norwalk,Los Angeles County,California,Norwalk,83254.0,16114.0,97951.0,39569.0,103792.0,27801.0,,,84240.0,42887.0,,,45988.0,20130.0,63271.0,94347.0,111399.0,99507.0,72407.0,28871.0,$83254,$16114,$97951,$39569,$103792,$27801,,,$84240,$42887,,,$45988,$20130,$63271,$94347,$111399,$99507,$72407,$28871
2013,6037552100,Census Tract 5521,Norwalk,Los Angeles County,California,Norwalk,65194.0,15023.0,68138.0,11502.0,86493.0,100561.0,,,22347.0,4606.0,,,87403.0,9833.0,,,57474.0,20953.0,81607.0,18257.0,$65194,$15023,$68138,$11502,$86493,$100561,,,$22347,$4606,,,$87403,$9833,,,$57474,$20953,$81607,$18257
2013,6037552200,Census Tract 5522,Norwalk,Los Angeles County,California,Norwalk,61821.0,13521.0,55220.0,11825.0,72105.0,51470.0,,,80352.0,32736.0,,,65138.0,18148.0,126360.0,150602.0,61338.0,24053.0,57161.0,13003.0,$61821,$13521,$55220,$11825,$72105,$51470,,,$80352,$32736,,,$65138,$18148,$126360,$150602,$61338,$24053,$57161,$13003
2013,6037552301,Census Tract 5523.01,Norwalk,Los Angeles County,California,Norwalk,99260.0,21509.0,98875.0,26296.0,144109.0,76131.0,,,130470.0,43622.0,,,86394.0,5888.0,,,132212.0,76610.0,86715.0,11197.0,$99260,$21509,$98875,$26296,$144109,$76131,,,$130470,$43622,,,$86394,$5888,,,$132212,$76610,$86715,$11197
2013,6037552302,Census Tract 5523.02,Norwalk,Los Angeles County,California,Norwalk,73201.0,12999.0,77760.0,21624.0,69191.0,69317.0,,,71209.0,26757.0,,,80764.0,87634.0,,,82106.0,19030.0,73584.0,31937.0,$73201,$12999,$77760,$21624,$69191,$69317,,,$71209,$26757,,,$80764,$87634,,,$82106,$19030,$73584,$31937
2013,6037552400,Census Tract 5524,Norwalk,Los Angeles County,California,Norwalk,72959.0,4947.0,72458.0,12949.0,,,,,90075.0,129773.0,,,71923.0,13326.0,80436.0,45010.0,54336.0,29881.0,72688.0,4637.0,$72959,$4947,$72458,$12949,,,,,$90075,$129773,,,$71923,$13326,$80436,$45010,$54336,$29881,$72688,$4637
2013,6037552601,Census Tract 5526.01,Norwalk,Los Angeles County,California,Norwalk,80809.0,19255.0,80929.0,22953.0,,,,,75224.0,171579.0,,,93376.0,28414.0,,,51942.0,19928.0,88578.0,18868.0,$80809,$19255,$80929,$22953,,,,,$75224,$171579,,,$93376,$28414,,,$51942,$19928,$88578,$18868
2013,6037552602,Census Tract 5526.02,Norwalk,Los Angeles County,California,Norwalk,93272.0,16818.0,82954.0,14561.0,59503.0,20153.0,,,113258.0,22277.0,,,62996.0,55297.0,,,96533.0,22410.0,78394.0,15499.0,$93272,$16818,$82954,$14561,$59503,$20153,,,$113258,$22277,,,$62996,$55297,,,$96533,$22410,$78394,$15499
2013,6037552700,Census Tract 5527,Norwalk,Los Angeles County,California,Norwalk,85142.0,9630.0,82677.0,14732.0,,,110442.0,95057.0,133082.0,68777.0,,,72205.0,24250.0,,,75104.0,13529.0,85817.0,15801.0,$85142,$9630,$82677,$14732,,,$110442,$95057,$133082,$68777,,,$72205,$24250,,,$75104,$13529,$85817,$15801
2013,6037552800,Census Tract 5528,Norwalk,Los Angeles County,California,Norwalk,70449.0,11115.0,72124.0,11549.0,60240.0,73209.0,,,51277.0,28985.0,,,84969.0,39546.0,,,86212.0,42710.0,70702.0,11733.0,$70449,$11115,$72124,$11549,$60240,$73209,,,$51277,$28985,,,$84969,$39546,,,$86212,$42710,$70702,$11733
2013,6037552900,Census Tract 5529,Norwalk,Los Angeles County,California,Norwalk,73389.0,12053.0,75446.0,20863.0,38880.0,50615.0,,,78221.0,23471.0,,,66929.0,22178.0,,,91283.0,29697.0,69026.0,15171.0,$73389,$12053,$75446,$20863,$38880,$50615,,,$78221,$23471,,,$66929,$22178,,,$91283,$29697,$69026,$15171
2013,6037553000,Census Tract 5530,Norwalk,Los Angeles County,California,Norwalk,99171.0,12490.0,95421.0,12842.0,137195.0,34102.0,,,130797.0,75559.0,,,83769.0,43413.0,67195.0,115582.0,79911.0,34274.0,93468.0,15864.0,$99171,$12490,$95421,$12842,$137195,$34102,,,$130797,$75559,,,$83769,$43413,$67195,$115582,$79911,$34274,$93468,$15864
2013,6037554600,Census Tract 5546,Norwalk,Los Angeles County,California,Norwalk,67391.0,9445.0,59086.0,18280.0,,,,,128472.0,35108.0,,,64912.0,16981.0,,,69904.0,39281.0,58286.0,6150.0,$67391,$9445,$59086,$18280,,,,,$128472,$35108,,,$64912,$16981,,,$69904,$39281,$58286,$6150
2013,6037554700,Census Tract 5547,Norwalk,Los Angeles County,California,Norwalk,93032.0,12275.0,83472.0,11284.0,83676.0,29449.0,,,132633.0,23003.0,,,83635.0,41083.0,91847.0,56694.0,38880.0,55702.0,84116.0,9849.0,$93032,$12275,$83472,$11284,$83676,$29449,,,$132633,$23003,,,$83635,$41083,$91847,$56694,$38880,$55702,$84116,$9849
2014,6037502801,Census Tract 5028.01,Norwalk,Los Angeles County,California,Norwalk,105582.0,26278.0,89655.0,28547.0,178785.0,207671.0,,,,,,,89211.0,50689.0,47256.0,39219.0,62248.0,13811.0,110378.0,13030.0,$105582,$26278,$89655,$28547,$178785,$207671,,,,,,,$89211,$50689,$47256,$39219,$62248,$13811,$110378,$13030
2014,6037550000,Census Tract 5500,Norwalk,Los Angeles County,California,Norwalk,94062.0,32532.0,68864.0,47867.0,125811.0,44531.0,,,95724.0,84222.0,,,55867.0,26997.0,,,53623.0,78029.0,68448.0,33487.0,$94062,$32532,$68864,$47867,$125811,$44531,,,$95724,$84222,,,$55867,$26997,,,$53623,$78029,$68448,$33487
2014,6037550100,Census Tract 5501,Norwalk,Los Angeles County,California,Norwalk,102138.0,10528.0,96224.0,17916.0,107853.0,8467.0,,,84193.0,31239.0,,,114658.0,32267.0,85630.0,94749.0,69335.0,14773.0,105729.0,20213.0,$102138,$10528,$96224,$17916,$107853,$8467,,,$84193,$31239,,,$114658,$32267,$85630,$94749,$69335,$14773,$105729,$20213
2014,6037550201,Census Tract 5502.01,Norwalk,Los Angeles County,California,Norwalk,73159.0,7711.0,74974.0,8275.0,,,,,72065.0,7420.0,,,72974.0,108118.0,59252.0,102891.0,72848.0,30702.0,75653.0,10289.0,$73159,$7711,$74974,$8275,,,,,$72065,$7420,,,$72974,$108118,$59252,$102891,$72848,$30702,$75653,$10289
2014,6037550202,Census Tract 5502.02,Norwalk,Los Angeles County,California,Norwalk,87759.0,16215.0,66841.0,18358.0,126841.0,80144.0,59488.0,101159.0,113192.0,101548.0,,,112081.0,49658.0,154107.0,119570.0,72328.0,23348.0,79005.0,20752.0,$87759,$16215,$66841,$18358,$126841,$80144,$59488,$101159,$113192,$101548,,,$112081,$49658,$154107,$119570,$72328,$23348,$79005,$20752
2014,6037550300,Census Tract 5503,Norwalk,Los Angeles County,California,Norwalk,83017.0,18235.0,90562.0,18525.0,,,,,103876.0,83282.0,,,79748.0,16541.0,70346.0,115718.0,91242.0,37627.0,81780.0,10777.0,$83017,$18235,$90562,$18525,,,,,$103876,$83282,,,$79748,$16541,$70346,$115718,$91242,$37627,$81780,$10777
2014,6037551900,Census Tract 5519,Norwalk,Los Angeles County,California,Norwalk,86073.0,14787.0,80285.0,29751.0,69279.0,80018.0,,,108076.0,47709.0,,,120680.0,47939.0,,,63587.0,15683.0,94337.0,23785.0,$86073,$14787,$80285,$29751,$69279,$80018,,,$108076,$47709,,,$120680,$47939,,,$63587,$15683,$94337,$23785
2014,6037552001,Census Tract 5520.01,Norwalk,Los Angeles County,California,Norwalk,88926.0,10083.0,80538.0,22496.0,110530.0,71952.0,,,118053.0,37552.0,,,104011.0,38985.0,,,64846.0,21293.0,90937.0,12025.0,$88926,$10083,$80538,$22496,$110530,$71952,,,$118053,$37552,,,$104011,$38985,,,$64846,$21293,$90937,$12025
2014,6037552002,Census Tract 5520.02,Norwalk,Los Angeles County,California,Norwalk,84990.0,17119.0,94775.0,18159.0,112788.0,35379.0,,,103016.0,17928.0,,,44662.0,10817.0,95883.0,70589.0,87292.0,82006.0,71497.0,15022.0,$84990,$17119,$94775,$18159,$112788,$35379,,,$103016,$17928,,,$44662,$10817,$95883,$70589,$87292,$82006,$71497,$15022
2014,6037552100,Census Tract 5521,Norwalk,Los Angeles County,California,Norwalk,56584.0,14094.0,71668.0,23932.0,21449.0,42067.0,,,21175.0,8436.0,,,103414.0,30118.0,,,58819.0,9686.0,88400.0,11334.0,$56584,$14094,$71668,$23932,$21449,$42067,,,$21175,$8436,,,$103414,$30118,,,$58819,$9686,$88400,$11334
2014,6037552200,Census Tract 5522,Norwalk,Los Angeles County,California,Norwalk,68879.0,5438.0,65677.0,12191.0,73509.0,21630.0,,,79440.0,37633.0,,,62889.0,16670.0,134125.0,91395.0,65178.0,13858.0,66508.0,12075.0,$68879,$5438,$65677,$12191,$73509,$21630,,,$79440,$37633,,,$62889,$16670,$134125,$91395,$65178,$13858,$66508,$12075
2014,6037552301,Census Tract 5523.01,Norwalk,Los Angeles County,California,Norwalk,109351.0,26711.0,84165.0,41713.0,109563.0,112249.0,,,130181.0,37604.0,,,95606.0,61564.0,62075.0,108289.0,135462.0,61391.0,84482.0,26569.0,$109351,$26711,$84165,$41713,$109563,$112249,,,$130181,$37604,,,$95606,$61564,$62075,$108289,$135462,$61391,$84482,$26569
2014,6037552302,Census Tract 5523.02,Norwalk,Los Angeles County,California,Norwalk,79319.0,10109.0,77717.0,18285.0,68210.0,23411.0,,,91819.0,30926.0,,,129899.0,47793.0,,,81789.0,13777.0,78147.0,33853.0,$79319,$10109,$77717,$18285,$68210,$23411,,,$91819,$30926,,,$129899,$47793,,,$81789,$13777,$78147,$33853
2014,6037552400,Census Tract 5524,Norwalk,Los Angeles County,California,Norwalk,82955.0,12297.0,94970.0,20036.0,,,,,91449.0,154317.0,,,74567.0,10551.0,81140.0,1856.0,73991.0,36424.0,86613.0,14883.0,$82955,$12297,$94970,$20036,,,,,$91449,$154317,,,$74567,$10551,$81140,$1856,$73991,$36424,$86613,$14883
2014,6037552601,Census Tract 5526.01,Norwalk,Los Angeles County,California,Norwalk,78702.0,11138.0,81179.0,18306.0,,,,,64161.0,20623.0,,,79508.0,14548.0,,,52300.0,15477.0,81864.0,12301.0,$78702,$11138,$81179,$18306,,,,,$64161,$20623,,,$79508,$14548,,,$52300,$15477,$81864,$12301
2014,6037552602,Census Tract 5526.02,Norwalk,Los Angeles County,California,Norwalk,81672.0,10107.0,81605.0,17629.0,57918.0,35280.0,,,102826.0,22705.0,,,60251.0,28121.0,,,96576.0,36423.0,62126.0,11753.0,$81672,$10107,$81605,$17629,$57918,$35280,,,$102826,$22705,,,$60251,$28121,,,$96576,$36423,$62126,$11753
2014,6037552700,Census Tract 5527,Norwalk,Los Angeles County,California,Norwalk,81271.0,8878.0,84941.0,11987.0,,,106912.0,149991.0,86328.0,26007.0,,,58241.0,12779.0,138005.0,51532.0,72720.0,7895.0,83267.0,12759.0,$81271,$8878,$84941,$11987,,,$106912,$149991,$86328,$26007,,,$58241,$12779,$138005,$51532,$72720,$7895,$83267,$12759
2014,6037552800,Census Tract 5528,Norwalk,Los Angeles County,California,Norwalk,67651.0,9187.0,67271.0,13421.0,58029.0,90868.0,,,64926.0,48348.0,,,75238.0,86522.0,,,77501.0,13707.0,67617.0,12638.0,$67651,$9187,$67271,$13421,$58029,$90868,,,$64926,$48348,,,$75238,$86522,,,$77501,$13707,$67617,$12638
2014,6037552900,Census Tract 5529,Norwalk,Los Angeles County,California,Norwalk,72526.0,11965.0,76740.0,22657.0,13252.0,70205.0,,,71082.0,32227.0,,,69733.0,27876.0,,,79603.0,32219.0,72536.0,25553.0,$72526,$11965,$76740,$22657,$13252,$70205,,,$71082,$32227,,,$69733,$27876,,,$79603,$32219,$72536,$25553
2014,6037553000,Census Tract 5530,Norwalk,Los Angeles County,California,Norwalk,93833.0,15341.0,92201.0,11014.0,132019.0,59592.0,56660.0,17206.0,126152.0,132655.0,,,74822.0,64409.0,69419.0,85062.0,69834.0,26021.0,92128.0,13705.0,$93833,$15341,$92201,$11014,$132019,$59592,$56660,$17206,$126152,$132655,,,$74822,$64409,$69419,$85062,$69834,$26021,$92128,$13705
2014,6037554600,Census Tract 5546,Norwalk,Los Angeles County,California,Norwalk,64355.0,9400.0,65954.0,24713.0,5784.0,75445.0,,,119953.0,47277.0,,,56170.0,10793.0,,,69638.0,50814.0,56995.0,5833.0,$64355,$9400,$65954,$24713,$5784,$75445,,,$119953,$47277,,,$56170,$10793,,,$69638,$50814,$56995,$5833
2014,6037554700,Census Tract 5547,Norwalk,Los Angeles County,California,Norwalk,84053.0,5407.0,81625.0,17689.0,93825.0,45787.0,,,105999.0,38476.0,,,72359.0,14647.0,62185.0,64006.0,40736.0,81409.0,78147.0,15608.0,$84053,$5407,$81625,$17689,$93825,$45787,,,$105999,$38476,,,$72359,$14647,$62185,$64006,$40736,$81409,$78147,$15608
2015,6037502801,Census Tract 5028.01,Norwalk,Los Angeles County,California,Norwalk,102750.0,31232.0,97137.0,24961.0,,,,,,,,,94611.0,66021.0,15573.0,9079.0,62452.0,19592.0,112576.0,16917.0,$102750,$31232,$97137,$24961,,,,,,,,,$94611,$66021,$15573,$9079,$62452,$19592,$112576,$16917
2015,6037550000,Census Tract 5500,Norwalk,Los Angeles County,California,Norwalk,93367.0,11502.0,67799.0,29243.0,125410.0,48359.0,,,93782.0,33771.0,,,,,,,51662.0,23438.0,69459.0,63681.0,$93367,$11502,$67799,$29243,$125410,$48359,,,$93782,$33771,,,,,,,$51662,$23438,$69459,$63681
2015,6037550100,Census Tract 5501,Norwalk,Los Angeles County,California,Norwalk,98991.0,12039.0,94715.0,21261.0,109091.0,48399.0,,,84804.0,26332.0,,,98993.0,8510.0,119962.0,104496.0,78082.0,18277.0,101251.0,13507.0,$98991,$12039,$94715,$21261,$109091,$48399,,,$84804,$26332,,,$98993,$8510,$119962,$104496,$78082,$18277,$101251,$13507
2015,6037550201,Census Tract 5502.01,Norwalk,Los Angeles County,California,Norwalk,76769.0,7889.0,76394.0,8125.0,,,,,72425.0,65281.0,,,83988.0,64943.0,120457.0,68670.0,90048.0,37453.0,76353.0,12675.0,$76769,$7889,$76394,$8125,,,,,$72425,$65281,,,$83988,$64943,$120457,$68670,$90048,$37453,$76353,$12675
2015,6037550202,Census Tract 5502.02,Norwalk,Los Angeles County,California,Norwalk,73863.0,14846.0,67922.0,9136.0,99501.0,59072.0,66726.0,22241.0,82044.0,29325.0,,,89730.0,26078.0,153812.0,105325.0,71581.0,10788.0,68851.0,15524.0,$73863,$14846,$67922,$9136,$99501,$59072,$66726,$22241,$82044,$29325,,,$89730,$26078,$153812,$105325,$71581,$10788,$68851,$15524
2015,6037550300,Census Tract 5503,Norwalk,Los Angeles County,California,Norwalk,76443.0,8225.0,75352.0,12352.0,,,,,67462.0,47164.0,,,79184.0,18585.0,,,77502.0,16842.0,77134.0,10571.0,$76443,$8225,$75352,$12352,,,,,$67462,$47164,,,$79184,$18585,,,$77502,$16842,$77134,$10571
2015,6037551900,Census Tract 5519,Norwalk,Los Angeles County,California,Norwalk,80114.0,11923.0,65564.0,24218.0,66695.0,60928.0,,,108201.0,52522.0,,,73863.0,29693.0,,,59711.0,12659.0,80455.0,8080.0,$80114,$11923,$65564,$24218,$66695,$60928,,,$108201,$52522,,,$73863,$29693,,,$59711,$12659,$80455,$8080
2015,6037552001,Census Tract 5520.01,Norwalk,Los Angeles County,California,Norwalk,86786.0,13016.0,82716.0,16293.0,107558.0,33663.0,,,93782.0,27125.0,,,87972.0,43941.0,,,82163.0,36090.0,81945.0,19609.0,$86786,$13016,$82716,$16293,$107558,$33663,,,$93782,$27125,,,$87972,$43941,,,$82163,$36090,$81945,$19609
2015,6037552002,Census Tract 5520.02,Norwalk,Los Angeles County,California,Norwalk,75927.0,11238.0,80088.0,27471.0,113285.0,14729.0,,,104889.0,31209.0,,,46206.0,12194.0,59636.0,41875.0,58095.0,21315.0,70937.0,14123.0,$75927,$11238,$80088,$27471,$113285,$14729,,,$104889,$31209,,,$46206,$12194,$59636,$41875,$58095,$21315,$70937,$14123
2015,6037552100,Census Tract 5521,Norwalk,Los Angeles County,California,Norwalk,57299.0,11368.0,75984.0,28029.0,51304.0,48328.0,,,21233.0,9285.0,,,89171.0,20364.0,,,68054.0,27526.0,88617.0,9255.0,$57299,$11368,$75984,$28029,$51304,$48328,,,$21233,$9285,,,$89171,$20364,,,$68054,$27526,$88617,$9255
2015,6037552200,Census Tract 5522,Norwalk,Los Angeles County,California,Norwalk,62660.0,10628.0,59631.0,11077.0,73411.0,59433.0,,,77599.0,25841.0,,,60404.0,14863.0,,,59950.0,4949.0,61270.0,13514.0,$62660,$10628,$59631,$11077,$73411,$59433,,,$77599,$25841,,,$60404,$14863,,,$59950,$4949,$61270,$13514
2015,6037552301,Census Tract 5523.01,Norwalk,Los Angeles County,California,Norwalk,99088.0,19029.0,72796.0,26107.0,106784.0,57768.0,,,124137.0,10778.0,,,124074.0,44690.0,,,82661.0,46690.0,93524.0,38125.0,$99088,$19029,$72796,$26107,$106784,$57768,,,$124137,$10778,,,$124074,$44690,,,$82661,$46690,$93524,$38125
2015,6037552302,Census Tract 5523.02,Norwalk,Los Angeles County,California,Norwalk,82661.0,12448.0,79277.0,15506.0,66444.0,50482.0,,,108720.0,34740.0,,,111582.0,29612.0,,,80213.0,22433.0,100919.0,36503.0,$82661,$12448,$79277,$15506,$66444,$50482,,,$108720,$34740,,,$111582,$29612,,,$80213,$22433,$100919,$36503
2015,6037552400,Census Tract 5524,Norwalk,Los Angeles County,California,Norwalk,81095.0,15581.0,82329.0,23235.0,92398.0,22982.0,,,92213.0,61934.0,,,61414.0,29706.0,77183.0,47365.0,74279.0,42108.0,76976.0,18112.0,$81095,$15581,$82329,$23235,$92398,$22982,,,$92213,$61934,,,$61414,$29706,$77183,$47365,$74279,$42108,$76976,$18112
2015,6037552601,Census Tract 5526.01,Norwalk,Los Angeles County,California,Norwalk,76441.0,9899.0,81480.0,13220.0,,,,,61590.0,3664.0,,,74811.0,8635.0,,,,,79367.0,9212.0,$76441,$9899,$81480,$13220,,,,,$61590,$3664,,,$74811,$8635,,,,,$79367,$9212
2015,6037552602,Census Tract 5526.02,Norwalk,Los Angeles County,California,Norwalk,81781.0,12535.0,82634.0,20974.0,45465.0,17136.0,,,101512.0,27002.0,,,62440.0,19349.0,,,97227.0,27060.0,71789.0,19111.0,$81781,$12535,$82634,$20974,$45465,$17136,,,$101512,$27002,,,$62440,$19349,,,$97227,$27060,$71789,$19111
2015,6037552700,Census Tract 5527,Norwalk,Los Angeles County,California,Norwalk,80880.0,7793.0,88232.0,8372.0,,,107763.0,96328.0,83131.0,12833.0,,,55569.0,13130.0,,,83779.0,11962.0,81245.0,13171.0,$80880,$7793,$88232,$8372,,,$107763,$96328,$83131,$12833,,,$55569,$13130,,,$83779,$11962,$81245,$13171
2015,6037552800,Census Tract 5528,Norwalk,Los Angeles County,California,Norwalk,76284.0,11955.0,62862.0,11090.0,,,,,63586.0,55474.0,,,141585.0,13199.0,92122.0,17015.0,77615.0,16540.0,76235.0,20881.0,$76284,$11955,$62862,$11090,,,,,$63586,$55474,,,$141585,$13199,$92122,$17015,$77615,$16540,$76235,$20881
2015,6037552900,Census Tract 5529,Norwalk,Los Angeles County,California,Norwalk,78884.0,12005.0,82119.0,11499.0,,,,,65564.0,34354.0,,,95541.0,29934.0,38011.0,31513.0,91067.0,12308.0,77681.0,17183.0,$78884,$12005,$82119,$11499,,,,,$65564,$34354,,,$95541,$29934,$38011,$31513,$91067,$12308,$77681,$17183
2015,6037553000,Census Tract 5530,Norwalk,Los Angeles County,California,Norwalk,103565.0,18816.0,93201.0,13299.0,144407.0,29155.0,53115.0,12768.0,124294.0,1187.0,,,71581.0,60769.0,68469.0,26826.0,86681.0,36754.0,91997.0,19541.0,$103565,$18816,$93201,$13299,$144407,$29155,$53115,$12768,$124294,$1187,,,$71581,$60769,$68469,$26826,$86681,$36754,$91997,$19541
2015,6037554600,Census Tract 5546,Norwalk,Los Angeles County,California,Norwalk,65998.0,8925.0,59413.0,16842.0,,,,,109550.0,39769.0,,,54459.0,31086.0,,,100106.0,47450.0,55302.0,9638.0,$65998,$8925,$59413,$16842,,,,,$109550,$39769,,,$54459,$31086,,,$100106,$47450,$55302,$9638
2015,6037554700,Census Tract 5547,Norwalk,Los Angeles County,California,Norwalk,84283.0,16689.0,69318.0,18006.0,,,,,105778.0,34575.0,,,72404.0,51765.0,,,,,72028.0,16429.0,$84283,$16689,$69318,$18006,,,,,$105778,$34575,,,$72404,$51765,,,,,$72028,$16429
2016,6037502801,Census Tract 5028.01,Norwalk,Los Angeles County,California,Norwalk,106691.0,19395.0,96726.0,15527.0,,,,,,,,,123993.0,57152.0,,,61532.0,8035.0,109370.0,16169.0,$106691,$19395,$96726,$15527,,,,,,,,,$123993,$57152,,,$61532,$8035,$109370,$16169
2016,6037550000,Census Tract 5500,Norwalk,Los Angeles County,California,Norwalk,91970.0,25870.0,69848.0,34164.0,,,,,92381.0,32007.0,,,136010.0,115997.0,,,52073.0,50043.0,96354.0,55226.0,$91970,$25870,$69848,$34164,,,,,$92381,$32007,,,$136010,$115997,,,$52073,$50043,$96354,$55226
2016,6037550100,Census Tract 5501,Norwalk,Los Angeles County,California,Norwalk,97589.0,8196.0,98648.0,20274.0,107392.0,50669.0,,,83604.0,2956.0,,,95772.0,23714.0,119296.0,92222.0,88344.0,23109.0,98667.0,10235.0,$97589,$8196,$98648,$20274,$107392,$50669,,,$83604,$2956,,,$95772,$23714,$119296,$92222,$88344,$23109,$98667,$10235
2016,6037550201,Census Tract 5502.01,Norwalk,Los Angeles County,California,Norwalk,82480.0,11075.0,72620.0,12698.0,,,,,124867.0,110187.0,,,94439.0,17245.0,84596.0,65999.0,84040.0,38387.0,77144.0,15144.0,$82480,$11075,$72620,$12698,,,,,$124867,$110187,,,$94439,$17245,$84596,$65999,$84040,$38387,$77144,$15144
2016,6037550202,Census Tract 5502.02,Norwalk,Los Angeles County,California,Norwalk,68695.0,9684.0,67104.0,14854.0,150826.0,71534.0,65875.0,31423.0,86850.0,35832.0,,,91401.0,68814.0,155346.0,76035.0,72199.0,18264.0,66452.0,18581.0,$68695,$9684,$67104,$14854,$150826,$71534,$65875,$31423,$86850,$35832,,,$91401,$68814,$155346,$76035,$72199,$18264,$66452,$18581
2016,6037550300,Census Tract 5503,Norwalk,Los Angeles County,California,Norwalk,83242.0,7208.0,84088.0,15927.0,62752.0,58864.0,,,,,,,82723.0,24557.0,132186.0,91378.0,83081.0,9744.0,84270.0,22348.0,$83242,$7208,$84088,$15927,$62752,$58864,,,,,,,$82723,$24557,$132186,$91378,$83081,$9744,$84270,$22348
2016,6037551900,Census Tract 5519,Norwalk,Los Angeles County,California,Norwalk,81479.0,6504.0,68599.0,28252.0,82446.0,54095.0,,,107290.0,38023.0,,,76703.0,9799.0,106842.0,20777.0,58648.0,14544.0,81084.0,9964.0,$81479,$6504,$68599,$28252,$82446,$54095,,,$107290,$38023,,,$76703,$9799,$106842,$20777,$58648,$14544,$81084,$9964
2016,6037552001,Census Tract 5520.01,Norwalk,Los Angeles County,California,Norwalk,96151.0,11502.0,93983.0,13680.0,107099.0,58006.0,,,106241.0,28517.0,,,93404.0,40681.0,95699.0,95316.0,66821.0,20106.0,96075.0,15948.0,$96151,$11502,$93983,$13680,$107099,$58006,,,$106241,$28517,,,$93404,$40681,$95699,$95316,$66821,$20106,$96075,$15948
2016,6037552002,Census Tract 5520.02,Norwalk,Los Angeles County,California,Norwalk,81871.0,13393.0,73110.0,10232.0,112551.0,32308.0,,,108003.0,38455.0,,,65249.0,27380.0,103237.0,45492.0,55268.0,23076.0,77912.0,10135.0,$81871,$13393,$73110,$10232,$112551,$32308,,,$108003,$38455,,,$65249,$27380,$103237,$45492,$55268,$23076,$77912,$10135
2016,6037552100,Census Tract 5521,Norwalk,Los Angeles County,California,Norwalk,58410.0,8469.0,74172.0,19123.0,53257.0,50512.0,,,24286.0,3352.0,,,89886.0,14209.0,,,73223.0,14204.0,88891.0,15885.0,$58410,$8469,$74172,$19123,$53257,$50512,,,$24286,$3352,,,$89886,$14209,,,$73223,$14204,$88891,$15885
2016,6037552200,Census Tract 5522,Norwalk,Los Angeles County,California,Norwalk,59043.0,12103.0,66427.0,11422.0,48713.0,45542.0,,,70054.0,30825.0,,,53357.0,12303.0,,,65898.0,11505.0,56795.0,11201.0,$59043,$12103,$66427,$11422,$48713,$45542,,,$70054,$30825,,,$53357,$12303,,,$65898,$11505,$56795,$11201
2016,6037552301,Census Tract 5523.01,Norwalk,Los Angeles County,California,Norwalk,95941.0,20694.0,79748.0,21962.0,,,,,125422.0,24166.0,,,97046.0,60651.0,,,105531.0,63978.0,83637.0,19234.0,$95941,$20694,$79748,$21962,,,,,$125422,$24166,,,$97046,$60651,,,$105531,$63978,$83637,$19234
2016,6037552302,Census Tract 5523.02,Norwalk,Los Angeles County,California,Norwalk,87147.0,19523.0,81387.0,26929.0,,,,,112045.0,39466.0,,,98812.0,47126.0,,,76471.0,53448.0,93815.0,31468.0,$87147,$19523,$81387,$26929,,,,,$112045,$39466,,,$98812,$47126,,,$76471,$53448,$93815,$31468
2016,6037552400,Census Tract 5524,Norwalk,Los Angeles County,California,Norwalk,78725.0,11528.0,78656.0,11454.0,104329.0,25514.0,,,3276.0,,,,56125.0,32517.0,,,67186.0,20107.0,74505.0,12921.0,$78725,$11528,$78656,$11454,$104329,$25514,,,$3276,,,,$56125,$32517,,,$67186,$20107,$74505,$12921
2016,6037552601,Census Tract 5526.01,Norwalk,Los Angeles County,California,Norwalk,79282.0,8214.0,79997.0,15962.0,,,,,61778.0,8591.0,,,82361.0,13825.0,89472.0,11557.0,,,81189.0,7373.0,$79282,$8214,$79997,$15962,,,,,$61778,$8591,,,$82361,$13825,$89472,$11557,,,$81189,$7373
2016,6037552602,Census Tract 5526.02,Norwalk,Los Angeles County,California,Norwalk,63380.0,17685.0,72846.0,28142.0,45313.0,24285.0,,,80334.0,23742.0,,,42493.0,30584.0,,,88740.0,67979.0,59501.0,26389.0,$63380,$17685,$72846,$28142,$45313,$24285,,,$80334,$23742,,,$42493,$30584,,,$88740,$67979,$59501,$26389
2016,6037552700,Census Tract 5527,Norwalk,Los Angeles County,California,Norwalk,81911.0,7568.0,88524.0,10898.0,,,,,83958.0,22584.0,,,64211.0,18112.0,,,76023.0,11704.0,89521.0,16170.0,$81911,$7568,$88524,$10898,,,,,$83958,$22584,,,$64211,$18112,,,$76023,$11704,$89521,$16170
2016,6037552800,Census Tract 5528,Norwalk,Los Angeles County,California,Norwalk,77398.0,7146.0,66815.0,10805.0,,,,,80598.0,43555.0,,,120279.0,34210.0,95453.0,22005.0,84255.0,19562.0,75775.0,12051.0,$77398,$7146,$66815,$10805,,,,,$80598,$43555,,,$120279,$34210,$95453,$22005,$84255,$19562,$75775,$12051
2016,6037552900,Census Tract 5529,Norwalk,Los Angeles County,California,Norwalk,78957.0,12360.0,78036.0,11755.0,,,,,111612.0,40732.0,,,83572.0,41296.0,37872.0,31674.0,95421.0,17909.0,67603.0,13913.0,$78957,$12360,$78036,$11755,,,,,$111612,$40732,,,$83572,$41296,$37872,$31674,$95421,$17909,$67603,$13913
2016,6037553000,Census Tract 5530,Norwalk,Los Angeles County,California,Norwalk,94107.0,13069.0,86686.0,8602.0,135707.0,27353.0,,,124950.0,67315.0,,,121672.0,40846.0,79931.0,51523.0,87718.0,27894.0,87567.0,13086.0,$94107,$13069,$86686,$8602,$135707,$27353,,,$124950,$67315,,,$121672,$40846,$79931,$51523,$87718,$27894,$87567,$13086
2016,6037554600,Census Tract 5546,Norwalk,Los Angeles County,California,Norwalk,64118.0,7631.0,56425.0,14862.0,,,,,95278.0,34585.0,,,43097.0,29872.0,80113.0,59974.0,98116.0,71559.0,52735.0,20874.0,$64118,$7631,$56425,$14862,,,,,$95278,$34585,,,$43097,$29872,$80113,$59974,$98116,$71559,$52735,$20874
2016,6037554700,Census Tract 5547,Norwalk,Los Angeles County,California,Norwalk,82292.0,13533.0,77222.0,13872.0,,,,,114707.0,34002.0,,,66975.0,34436.0,154199.0,120683.0,,,71408.0,10328.0,$82292,$13533,$77222,$13872,,,,,$114707,$34002,,,$66975,$34436,$154199,$120683,,,$71408,$10328
2017,6037502801,Census Tract 5028.01,Norwalk,Los Angeles County,California,Norwalk,103783.0,18256.0,103334.0,19112.0,,,,,,,,,95344.0,46522.0,,,68412.0,10356.0,110657.0,18101.0,$103783,$18256,$103334,$19112,,,,,,,,,$95344,$46522,,,$68412,$10356,$110657,$18101
2017,6037550000,Census Tract 5500,Norwalk,Los Angeles County,California,Norwalk,99483.0,21713.0,,,,,,,93867.0,82184.0,,,135401.0,27452.0,,,,,116531.0,31890.0,$99483,$21713,,,,,,,$93867,$82184,,,$135401,$27452,,,,,$116531,$31890
2017,6037550100,Census Tract 5501,Norwalk,Los Angeles County,California,Norwalk,99040.0,13331.0,103556.0,32419.0,155554.0,79971.0,,,84507.0,13991.0,,,82062.0,38721.0,120164.0,115326.0,89572.0,52671.0,99243.0,13518.0,$99040,$13331,$103556,$32419,$155554,$79971,,,$84507,$13991,,,$82062,$38721,$120164,$115326,$89572,$52671,$99243,$13518
2017,6037550201,Census Tract 5502.01,Norwalk,Los Angeles County,California,Norwalk,83437.0,15546.0,71403.0,10191.0,,,,,,,,,100927.0,15604.0,,,90569.0,47208.0,84698.0,20166.0,$83437,$15546,$71403,$10191,,,,,,,,,$100927,$15604,,,$90569,$47208,$84698,$20166
2017,6037550202,Census Tract 5502.02,Norwalk,Los Angeles County,California,Norwalk,87048.0,17883.0,66917.0,11390.0,153112.0,101779.0,65692.0,5363.0,96369.0,23477.0,,,92713.0,31867.0,,,74612.0,38033.0,75414.0,23184.0,$87048,$17883,$66917,$11390,$153112,$101779,$65692,$5363,$96369,$23477,,,$92713,$31867,,,$74612,$38033,$75414,$23184
2017,6037550300,Census Tract 5503,Norwalk,Los Angeles County,California,Norwalk,86062.0,26153.0,84604.0,15644.0,61311.0,42226.0,,,,,,,106703.0,35904.0,133408.0,121825.0,84838.0,44145.0,98039.0,33460.0,$86062,$26153,$84604,$15644,$61311,$42226,,,,,,,$106703,$35904,$133408,$121825,$84838,$44145,$98039,$33460
2017,6037551900,Census Tract 5519,Norwalk,Los Angeles County,California,Norwalk,87264.0,17567.0,82395.0,22662.0,,,,,109033.0,50058.0,,,75966.0,8247.0,104953.0,25429.0,66736.0,36701.0,81458.0,10774.0,$87264,$17567,$82395,$22662,,,,,$109033,$50058,,,$75966,$8247,$104953,$25429,$66736,$36701,$81458,$10774
2017,6037552001,Census Tract 5520.01,Norwalk,Los Angeles County,California,Norwalk,98601.0,12373.0,93600.0,10676.0,108789.0,79523.0,,,122214.0,23297.0,,,92463.0,35332.0,76217.0,48883.0,84507.0,24733.0,95204.0,15631.0,$98601,$12373,$93600,$10676,$108789,$79523,,,$122214,$23297,,,$92463,$35332,$76217,$48883,$84507,$24733,$95204,$15631
2017,6037552002,Census Tract 5520.02,Norwalk,Los Angeles County,California,Norwalk,75449.0,6783.0,70065.0,15872.0,76155.0,74298.0,,,111784.0,30114.0,,,57497.0,13337.0,105366.0,18598.0,50085.0,29176.0,70371.0,11113.0,$75449,$6783,$70065,$15872,$76155,$74298,,,$111784,$30114,,,$57497,$13337,$105366,$18598,$50085,$29176,$70371,$11113
2017,6037552100,Census Tract 5521,Norwalk,Los Angeles County,California,Norwalk,65111.0,10878.0,85042.0,25239.0,54977.0,30262.0,,,24786.0,3548.0,,,67051.0,33429.0,,,76056.0,17057.0,79194.0,25479.0,$65111,$10878,$85042,$25239,$54977,$30262,,,$24786,$3548,,,$67051,$33429,,,$76056,$17057,$79194,$25479
2017,6037552200,Census Tract 5522,Norwalk,Los Angeles County,California,Norwalk,58764.0,9159.0,69374.0,14925.0,69288.0,37970.0,,,71778.0,34671.0,,,52200.0,9799.0,,,67285.0,37685.0,55173.0,7295.0,$58764,$9159,$69374,$14925,$69288,$37970,,,$71778,$34671,,,$52200,$9799,,,$67285,$37685,$55173,$7295
2017,6037552301,Census Tract 5523.01,Norwalk,Los Angeles County,California,Norwalk,106474.0,30555.0,85978.0,47422.0,,,,,142204.0,58999.0,,,120744.0,52031.0,,,135067.0,43233.0,93782.0,27235.0,$106474,$30555,$85978,$47422,,,,,$142204,$58999,,,$120744,$52031,,,$135067,$43233,$93782,$27235
2017,6037552302,Census Tract 5523.02,Norwalk,Los Angeles County,California,Norwalk,76636.0,17745.0,84507.0,26080.0,,,,,111475.0,10394.0,,,66144.0,3732.0,,,100650.0,33571.0,67013.0,6816.0,$76636,$17745,$84507,$26080,,,,,$111475,$10394,,,$66144,$3732,,,$100650,$33571,$67013,$6816
2017,6037552400,Census Tract 5524,Norwalk,Los Angeles County,California,Norwalk,81833.0,12826.0,73409.0,13267.0,112534.0,22587.0,,,111097.0,4114.0,,,78223.0,57733.0,,,49741.0,23970.0,77821.0,13874.0,$81833,$12826,$73409,$13267,$112534,$22587,,,$111097,$4114,,,$78223,$57733,,,$49741,$23970,$77821,$13874
2017,6037552601,Census Tract 5526.01,Norwalk,Los Angeles County,California,Norwalk,83154.0,11237.0,81890.0,19038.0,,,,,68461.0,43527.0,,,91817.0,16817.0,92931.0,10386.0,151792.0,64977.0,83286.0,11967.0,$83154,$11237,$81890,$19038,,,,,$68461,$43527,,,$91817,$16817,$92931,$10386,$151792,$64977,$83286,$11967
2017,6037552602,Census Tract 5526.02,Norwalk,Los Angeles County,California,Norwalk,60543.0,12535.0,60878.0,23161.0,47870.0,37159.0,,,82603.0,19531.0,,,47174.0,22785.0,,,60124.0,54817.0,55518.0,17128.0,$60543,$12535,$60878,$23161,$47870,$37159,,,$82603,$19531,,,$47174,$22785,,,$60124,$54817,$55518,$17128
2017,6037552700,Census Tract 5527,Norwalk,Los Angeles County,California,Norwalk,86023.0,8470.0,88155.0,10314.0,,,,,84207.0,44237.0,,,83839.0,19690.0,,,75083.0,5336.0,90391.0,20958.0,$86023,$8470,$88155,$10314,,,,,$84207,$44237,,,$83839,$19690,,,$75083,$5336,$90391,$20958
2017,6037552800,Census Tract 5528,Norwalk,Los Angeles County,California,Norwalk,81947.0,16182.0,74726.0,15586.0,,,,,89933.0,34321.0,,,110756.0,55608.0,117935.0,34276.0,83839.0,24529.0,80228.0,24457.0,$81947,$16182,$74726,$15586,,,,,$89933,$34321,,,$110756,$55608,$117935,$34276,$83839,$24529,$80228,$24457
2017,6037552900,Census Tract 5529,Norwalk,Los Angeles County,California,Norwalk,76395.0,8840.0,79265.0,19105.0,94842.0,56701.0,,,87549.0,29708.0,,,70126.0,17532.0,56744.0,12731.0,104297.0,18939.0,71262.0,6968.0,$76395,$8840,$79265,$19105,$94842,$56701,,,$87549,$29708,,,$70126,$17532,$56744,$12731,$104297,$18939,$71262,$6968
2017,6037553000,Census Tract 5530,Norwalk,Los Angeles County,California,Norwalk,91314.0,11658.0,86506.0,11345.0,111463.0,54356.0,,,104617.0,53332.0,,,107219.0,30358.0,81833.0,30143.0,89397.0,29995.0,89257.0,10018.0,$91314,$11658,$86506,$11345,$111463,$54356,,,$104617,$53332,,,$107219,$30358,$81833,$30143,$89397,$29995,$89257,$10018
2017,6037554600,Census Tract 5546,Norwalk,Los Angeles County,California,Norwalk,67191.0,13080.0,57450.0,11802.0,,,,,96434.0,36140.0,,,47509.0,24641.0,,,72778.0,57979.0,55427.0,17463.0,$67191,$13080,$57450,$11802,,,,,$96434,$36140,,,$47509,$24641,,,$72778,$57979,$55427,$17463
2017,6037554700,Census Tract 5547,Norwalk,Los Angeles County,California,Norwalk,81910.0,8891.0,80389.0,15120.0,,,,,116064.0,35733.0,,,53849.0,23934.0,,,,,70922.0,17044.0,$81910,$8891,$80389,$15120,,,,,$116064,$35733,,,$53849,$23934,,,,,$70922,$17044
2018,6037502801,Census Tract 5028.01,Norwalk,Los Angeles County,California,Norwalk,99095.0,15713.0,100244.0,19173.0,,,,,,,,,95154.0,37654.0,,,73014.0,27808.0,105138.0,22377.0,$99095,$15713,$100244,$19173,,,,,,,,,$95154,$37654,,,$73014,$27808,$105138,$22377
2018,6037550000,Census Tract 5500,Norwalk,Los Angeles County,California,Norwalk,104160.0,23837.0,80508.0,53386.0,,,,,92781.0,61695.0,,,118343.0,31255.0,,,,,114145.0,15088.0,$104160,$23837,$80508,$53386,,,,,$92781,$61695,,,$118343,$31255,,,,,$114145,$15088
2018,6037550100,Census Tract 5501,Norwalk,Los Angeles County,California,Norwalk,89133.0,9085.0,85804.0,7864.0,158198.0,95595.0,,,101139.0,54340.0,,,88692.0,28083.0,121650.0,56540.0,77002.0,13969.0,89663.0,12667.0,$89133,$9085,$85804,$7864,$158198,$95595,,,$101139,$54340,,,$88692,$28083,$121650,$56540,$77002,$13969,$89663,$12667
2018,6037550201,Census Tract 5502.01,Norwalk,Los Angeles County,California,Norwalk,80508.0,14647.0,67501.0,14691.0,,,,,,,64219.0,63046.0,92555.0,18422.0,,,88410.0,32896.0,82231.0,17113.0,$80508,$14647,$67501,$14691,,,,,,,$64219,$63046,$92555,$18422,,,$88410,$32896,$82231,$17113
2018,6037550202,Census Tract 5502.02,Norwalk,Los Angeles County,California,Norwalk,88561.0,12285.0,68150.0,7457.0,151898.0,24866.0,,,100020.0,95985.0,,,89280.0,15019.0,,,74660.0,25804.0,78987.0,18551.0,$88561,$12285,$68150,$7457,$151898,$24866,,,$100020,$95985,,,$89280,$15019,,,$74660,$25804,$78987,$18551
2018,6037550300,Census Tract 5503,Norwalk,Los Angeles County,California,Norwalk,85570.0,23557.0,83085.0,36602.0,,,,,65204.0,32710.0,,,106594.0,20814.0,,,80214.0,24037.0,104444.0,17252.0,$85570,$23557,$83085,$36602,,,,,$65204,$32710,,,$106594,$20814,,,$80214,$24037,$104444,$17252
2018,6037551900,Census Tract 5519,Norwalk,Los Angeles County,California,Norwalk,87111.0,19494.0,92128.0,26858.0,129134.0,74212.0,,,122486.0,67795.0,,,76465.0,12706.0,105764.0,31371.0,80926.0,45855.0,80972.0,19504.0,$87111,$19494,$92128,$26858,$129134,$74212,,,$122486,$67795,,,$76465,$12706,$105764,$31371,$80926,$45855,$80972,$19504
2018,6037552001,Census Tract 5520.01,Norwalk,Los Angeles County,California,Norwalk,103234.0,12271.0,100387.0,17828.0,,,145928.0,64453.0,125081.0,27152.0,,,77272.0,43327.0,,,93718.0,58616.0,94975.0,20423.0,$103234,$12271,$100387,$17828,,,$145928,$64453,$125081,$27152,,,$77272,$43327,,,$93718,$58616,$94975,$20423
2018,6037552002,Census Tract 5520.02,Norwalk,Los Angeles County,California,Norwalk,82318.0,8229.0,77793.0,18193.0,99896.0,37285.0,,,104850.0,18551.0,,,71111.0,11596.0,102071.0,21371.0,64611.0,33459.0,77868.0,11275.0,$82318,$8229,$77793,$18193,$99896,$37285,,,$104850,$18551,,,$71111,$11596,$102071,$21371,$64611,$33459,$77868,$11275
2018,6037552100,Census Tract 5521,Norwalk,Los Angeles County,California,Norwalk,66904.0,13811.0,107488.0,41047.0,54079.0,33334.0,,,23304.0,3536.0,,,77975.0,34944.0,,,85450.0,39452.0,90585.0,31319.0,$66904,$13811,$107488,$41047,$54079,$33334,,,$23304,$3536,,,$77975,$34944,,,$85450,$39452,$90585,$31319
2018,6037552200,Census Tract 5522,Norwalk,Los Angeles County,California,Norwalk,60012.0,8375.0,77636.0,17778.0,50062.0,33045.0,,,74243.0,9915.0,,,48985.0,7303.0,,,86147.0,42547.0,56578.0,8814.0,$60012,$8375,$77636,$17778,$50062,$33045,,,$74243,$9915,,,$48985,$7303,,,$86147,$42547,$56578,$8814
2018,6037552301,Census Tract 5523.01,Norwalk,Los Angeles County,California,Norwalk,109564.0,21014.0,108076.0,24387.0,,,,,159170.0,73144.0,,,121702.0,58608.0,107685.0,72413.0,136618.0,43829.0,95871.0,30490.0,$109564,$21014,$108076,$24387,,,,,$159170,$73144,,,$121702,$58608,$107685,$72413,$136618,$43829,$95871,$30490
2018,6037552302,Census Tract 5523.02,Norwalk,Los Angeles County,California,Norwalk,81399.0,19841.0,80508.0,27428.0,,,,,116640.0,6486.0,,,78864.0,12246.0,,,98678.0,30364.0,78802.0,2958.0,$81399,$19841,$80508,$27428,,,,,$116640,$6486,,,$78864,$12246,,,$98678,$30364,$78802,$2958
2018,6037552400,Census Tract 5524,Norwalk,Los Angeles County,California,Norwalk,82492.0,18065.0,79993.0,10928.0,113851.0,6751.0,,,112103.0,14514.0,,,57170.0,45057.0,145079.0,119084.0,66904.0,27058.0,75706.0,14599.0,$82492,$18065,$79993,$10928,$113851,$6751,,,$112103,$14514,,,$57170,$45057,$145079,$119084,$66904,$27058,$75706,$14599
2018,6037552601,Census Tract 5526.01,Norwalk,Los Angeles County,California,Norwalk,82597.0,7299.0,80461.0,18663.0,,,,,66388.0,34397.0,,,84711.0,11146.0,91629.0,9701.0,223200.0,79827.0,80887.0,5557.0,$82597,$7299,$80461,$18663,,,,,$66388,$34397,,,$84711,$11146,$91629,$9701,$223200,$79827,$80887,$5557
2018,6037552602,Census Tract 5526.02,Norwalk,Los Angeles County,California,Norwalk,71339.0,17227.0,70271.0,17034.0,60564.0,57281.0,,,80352.0,19822.0,,,56743.0,27377.0,,,38461.0,29656.0,69629.0,15981.0,$71339,$17227,$70271,$17034,$60564,$57281,,,$80352,$19822,,,$56743,$27377,,,$38461,$29656,$69629,$15981
2018,6037552700,Census Tract 5527,Norwalk,Los Angeles County,California,Norwalk,89116.0,8956.0,89860.0,9409.0,,,,,84917.0,57291.0,,,86147.0,22923.0,,,75858.0,16417.0,94258.0,12509.0,$89116,$8956,$89860,$9409,,,,,$84917,$57291,,,$86147,$22923,,,$75858,$16417,$94258,$12509
2018,6037552800,Census Tract 5528,Norwalk,Los Angeles County,California,Norwalk,92935.0,25600.0,87811.0,34691.0,,,,,86147.0,27159.0,,,110856.0,47942.0,99931.0,46230.0,67960.0,23358.0,107723.0,26759.0,$92935,$25600,$87811,$34691,,,,,$86147,$27159,,,$110856,$47942,$99931,$46230,$67960,$23358,$107723,$26759
2018,6037552900,Census Tract 5529,Norwalk,Los Angeles County,California,Norwalk,77402.0,8276.0,78263.0,19376.0,97070.0,31539.0,,,74583.0,23347.0,,,75427.0,14751.0,53539.0,32582.0,101288.0,64973.0,76901.0,8244.0,$77402,$8276,$78263,$19376,$97070,$31539,,,$74583,$23347,,,$75427,$14751,$53539,$32582,$101288,$64973,$76901,$8244
2018,6037553000,Census Tract 5530,Norwalk,Los Angeles County,California,Norwalk,94232.0,10519.0,85967.0,9974.0,,,,,122605.0,14935.0,,,122743.0,24664.0,,,87974.0,22312.0,94180.0,16748.0,$94232,$10519,$85967,$9974,,,,,$122605,$14935,,,$122743,$24664,,,$87974,$22312,$94180,$16748
2018,6037554600,Census Tract 5546,Norwalk,Los Angeles County,California,Norwalk,89280.0,25100.0,73134.0,17595.0,,,,,116027.0,43027.0,,,46922.0,37698.0,,,72291.0,42223.0,70876.0,18992.0,$89280,$25100,$73134,$17595,,,,,$116027,$43027,,,$46922,$37698,,,$72291,$42223,$70876,$18992
2018,6037554700,Census Tract 5547,Norwalk,Los Angeles County,California,Norwalk,84467.0,13532.0,83421.0,16219.0,,,,,109990.0,38863.0,,,67727.0,25147.0,157849.0,50425.0,83585.0,20312.0,77010.0,21240.0,$84467,$13532,$83421,$16219,,,,,$109990,$38863,,,$67727,$25147,$157849,$50425,$83585,$20312,$77010,$21240
2019,6037502801,Census Tract 5028.01,Norwalk,Los Angeles County,California,Norwalk,104807.0,12244.0,107525.0,16032.0,,,,,,,,,93923.0,31886.0,103072.0,64116.0,104610.0,35858.0,104050.0,16082.0,$104807,$12244,$107525,$16032,,,,,,,,,$93923,$31886,$103072,$64116,$104610,$35858,$104050,$16082
2019,6037550000,Census Tract 5500,Norwalk,Los Angeles County,California,Norwalk,106833.0,26519.0,66920.0,13864.0,,,,,186145.0,139419.0,,,135817.0,35636.0,,,,,112131.0,12265.0,$106833,$26519,$66920,$13864,,,,,$186145,$139419,,,$135817,$35636,,,,,$112131,$12265
2019,6037550100,Census Tract 5501,Norwalk,Los Angeles County,California,Norwalk,88457.0,7128.0,87079.0,5902.0,159852.0,39492.0,,,133011.0,32777.0,,,66664.0,31264.0,117303.0,84024.0,86376.0,22171.0,84365.0,11875.0,$88457,$7128,$87079,$5902,$159852,$39492,,,$133011,$32777,,,$66664,$31264,$117303,$84024,$86376,$22171,$84365,$11875
2019,6037550201,Census Tract 5502.01,Norwalk,Los Angeles County,California,Norwalk,83381.0,8710.0,74907.0,22495.0,,,,,113225.0,76954.0,,,96918.0,23220.0,50207.0,22054.0,89740.0,21584.0,85636.0,13153.0,$83381,$8710,$74907,$22495,,,,,$113225,$76954,,,$96918,$23220,$50207,$22054,$89740,$21584,$85636,$13153
2019,6037550202,Census Tract 5502.02,Norwalk,Los Angeles County,California,Norwalk,100929.0,13665.0,90105.0,26544.0,151971.0,56156.0,,,,,,,96098.0,36274.0,,,77243.0,17792.0,98355.0,25414.0,$100929,$13665,$90105,$26544,$151971,$56156,,,,,,,$96098,$36274,,,$77243,$17792,$98355,$25414
2019,6037550300,Census Tract 5503,Norwalk,Los Angeles County,California,Norwalk,98058.0,18568.0,83866.0,23301.0,105450.0,59745.0,,,66711.0,60694.0,,,122632.0,22379.0,,,73158.0,11899.0,120340.0,22789.0,$98058,$18568,$83866,$23301,$105450,$59745,,,$66711,$60694,,,$122632,$22379,,,$73158,$11899,$120340,$22789
2019,6037551900,Census Tract 5519,Norwalk,Los Angeles County,California,Norwalk,88011.0,18037.0,94355.0,17476.0,126991.0,92286.0,,,96918.0,71457.0,,,78908.0,19136.0,,,97338.0,11468.0,79579.0,15050.0,$88011,$18037,$94355,$17476,$126991,$92286,,,$96918,$71457,,,$78908,$19136,,,$97338,$11468,$79579,$15050
2019,6037552001,Census Tract 5520.01,Norwalk,Los Angeles County,California,Norwalk,106848.0,15261.0,118114.0,24836.0,106149.0,88252.0,146147.0,55205.0,134225.0,29416.0,,,77262.0,21680.0,,,92047.0,66885.0,101534.0,20911.0,$106848,$15261,$118114,$24836,$106149,$88252,$146147,$55205,$134225,$29416,,,$77262,$21680,,,$92047,$66885,$101534,$20911
2019,6037552002,Census Tract 5520.02,Norwalk,Los Angeles County,California,Norwalk,84427.0,6259.0,84488.0,6027.0,96064.0,95763.0,,,95995.0,30497.0,,,74441.0,9661.0,105124.0,47944.0,82048.0,23075.0,81478.0,6636.0,$84427,$6259,$84488,$6027,$96064,$95763,,,$95995,$30497,,,$74441,$9661,$105124,$47944,$82048,$23075,$81478,$6636
2019,6037552100,Census Tract 5521,Norwalk,Los Angeles County,California,Norwalk,75460.0,10919.0,97841.0,38017.0,56990.0,18437.0,,,23332.0,5056.0,,,92559.0,33841.0,,,84391.0,44079.0,96521.0,26204.0,$75460,$10919,$97841,$38017,$56990,$18437,,,$23332,$5056,,,$92559,$33841,,,$84391,$44079,$96521,$26204
2019,6037552200,Census Tract 5522,Norwalk,Los Angeles County,California,Norwalk,59169.0,8791.0,83073.0,28502.0,48886.0,27441.0,,,80077.0,73401.0,,,53237.0,11612.0,,,89006.0,78247.0,57418.0,9700.0,$59169,$8791,$83073,$28502,$48886,$27441,,,$80077,$73401,,,$53237,$11612,,,$89006,$78247,$57418,$9700
2019,6037552301,Census Tract 5523.01,Norwalk,Los Angeles County,California,Norwalk,108555.0,24517.0,109793.0,28788.0,99995.0,52973.0,,,107841.0,24474.0,,,139334.0,75763.0,,,135720.0,76375.0,108456.0,38852.0,$108555,$24517,$109793,$28788,$99995,$52973,,,$107841,$24474,,,$139334,$75763,,,$135720,$76375,$108456,$38852
2019,6037552302,Census Tract 5523.02,Norwalk,Los Angeles County,California,Norwalk,81569.0,5453.0,82634.0,15788.0,,,,,118676.0,52070.0,,,76495.0,10644.0,,,98831.0,38908.0,79244.0,5995.0,$81569,$5453,$82634,$15788,,,,,$118676,$52070,,,$76495,$10644,,,$98831,$38908,$79244,$5995
2019,6037552400,Census Tract 5524,Norwalk,Los Angeles County,California,Norwalk,80477.0,20331.0,78932.0,7911.0,114033.0,20731.0,,,112870.0,10897.0,,,58459.0,48552.0,145634.0,114813.0,78458.0,42131.0,71663.0,13470.0,$80477,$20331,$78932,$7911,$114033,$20731,,,$112870,$10897,,,$58459,$48552,$145634,$114813,$78458,$42131,$71663,$13470
2019,6037552601,Census Tract 5526.01,Norwalk,Los Angeles County,California,Norwalk,89820.0,8664.0,102937.0,22996.0,,,,,,,,,86599.0,11692.0,94960.0,19147.0,175267.0,110070.0,88008.0,8818.0,$89820,$8664,$102937,$22996,,,,,,,,,$86599,$11692,$94960,$19147,$175267,$110070,$88008,$8818
2019,6037552602,Census Tract 5526.02,Norwalk,Los Angeles County,California,Norwalk,70709.0,13605.0,75381.0,31261.0,58844.0,47385.0,,,77375.0,49849.0,,,56111.0,25618.0,,,57038.0,47206.0,75189.0,20793.0,$70709,$13605,$75381,$31261,$58844,$47385,,,$77375,$49849,,,$56111,$25618,,,$57038,$47206,$75189,$20793
2019,6037552700,Census Tract 5527,Norwalk,Los Angeles County,California,Norwalk,88263.0,9203.0,92991.0,10189.0,,,,,99167.0,77837.0,,,82112.0,22607.0,,,75839.0,19035.0,88226.0,12702.0,$88263,$9203,$92991,$10189,,,,,$99167,$77837,,,$82112,$22607,,,$75839,$19035,$88226,$12702
2019,6037552800,Census Tract 5528,Norwalk,Los Angeles County,California,Norwalk,95893.0,21609.0,95722.0,27808.0,,,,,86150.0,48484.0,,,93072.0,38252.0,101114.0,42922.0,87304.0,42415.0,99017.0,33159.0,$95893,$21609,$95722,$27808,,,,,$86150,$48484,,,$93072,$38252,$101114,$42922,$87304,$42415,$99017,$33159
2019,6037552900,Census Tract 5529,Norwalk,Los Angeles County,California,Norwalk,77236.0,6107.0,77665.0,23514.0,94568.0,19117.0,,,75598.0,4672.0,,,68185.0,19182.0,,,106662.0,24613.0,69972.0,14014.0,$77236,$6107,$77665,$23514,$94568,$19117,,,$75598,$4672,,,$68185,$19182,,,$106662,$24613,$69972,$14014
2019,6037553000,Census Tract 5530,Norwalk,Los Angeles County,California,Norwalk,107324.0,15545.0,97059.0,11980.0,,,,,124665.0,23097.0,,,118574.0,21238.0,,,99564.0,36303.0,107351.0,17717.0,$107324,$15545,$97059,$11980,,,,,$124665,$23097,,,$118574,$21238,,,$99564,$36303,$107351,$17717
2019,6037554600,Census Tract 5546,Norwalk,Los Angeles County,California,Norwalk,93965.0,6605.0,82513.0,23279.0,155597.0,50991.0,,,118740.0,33265.0,,,44613.0,29639.0,96816.0,61491.0,72304.0,42104.0,76791.0,16292.0,$93965,$6605,$82513,$23279,$155597,$50991,,,$118740,$33265,,,$44613,$29639,$96816,$61491,$72304,$42104,$76791,$16292
2019,6037554700,Census Tract 5547,Norwalk,Los Angeles County,California,Norwalk,96182.0,19963.0,103995.0,25966.0,,,,,142686.0,73819.0,,,72304.0,26015.0,155377.0,50693.0,99611.0,52977.0,80875.0,25388.0,$96182,$19963,$103995,$25966,,,,,$142686,$73819,,,$72304,$26015,$155377,$50693,$99611,$52977,$80875,$25388
2020,6037550101,Census Tract 5501.01,Norwalk,Los Angeles County,California,Norwalk,101618.0,40335.0,80039.0,24861.0,,,,,,,,,118789.0,51411.0,,,74391.0,29498.0,118595.0,45979.0,$101618,$40335,$80039,$24861,,,,,,,,,$118789,$51411,,,$74391,$29498,$118595,$45979
2020,6037550201,Census Tract 5502.01,Norwalk,Los Angeles County,California,Norwalk,88110.0,9331.0,81527.0,14199.0,64978.0,51422.0,,,89681.0,13071.0,,,93277.0,22180.0,49272.0,21546.0,88662.0,22998.0,84646.0,10065.0,$88110,$9331,$81527,$14199,$64978,$51422,,,$89681,$13071,,,$93277,$22180,$49272,$21546,$88662,$22998,$84646,$10065
2020,6037550202,Census Tract 5502.02,Norwalk,Los Angeles County,California,Norwalk,109310.0,12558.0,110681.0,18796.0,149367.0,42547.0,,,123387.0,97855.0,,,94232.0,22614.0,100905.0,16961.0,69634.0,15351.0,111235.0,13318.0,$109310,$12558,$110681,$18796,$149367,$42547,,,$123387,$97855,,,$94232,$22614,$100905,$16961,$69634,$15351,$111235,$13318
2020,6037550301,Census Tract 5503.01,Norwalk,Los Angeles County,California,Norwalk,104913.0,20260.0,84929.0,66712.0,,,,,,,,,,,173966.0,68099.0,67851.0,50970.0,122973.0,54058.0,$104913,$20260,$84929,$66712,,,,,,,,,,,$173966,$68099,$67851,$50970,$122973,$54058
2020,6037551900,Census Tract 5519,Norwalk,Los Angeles County,California,Norwalk,101832.0,14120.0,106472.0,21873.0,,,,,148107.0,65291.0,,,78006.0,8543.0,104876.0,17419.0,95720.0,11290.0,87886.0,19585.0,$101832,$14120,$106472,$21873,,,,,$148107,$65291,,,$78006,$8543,$104876,$17419,$95720,$11290,$87886,$19585
2020,6037552001,Census Tract 5520.01,Norwalk,Los Angeles County,California,Norwalk,104586.0,19413.0,97771.0,31689.0,173168.0,62897.0,144228.0,108440.0,122322.0,43556.0,,,78521.0,24636.0,150604.0,8669.0,,,107285.0,18781.0,$104586,$19413,$97771,$31689,$173168,$62897,$144228,$108440,$122322,$43556,,,$78521,$24636,$150604,$8669,,,$107285,$18781
2020,6037552002,Census Tract 5520.02,Norwalk,Los Angeles County,California,Norwalk,88712.0,6610.0,87508.0,33410.0,,,,,114371.0,34012.0,,,74695.0,16341.0,108171.0,100556.0,82657.0,25156.0,86706.0,10768.0,$88712,$6610,$87508,$33410,,,,,$114371,$34012,,,$74695,$16341,$108171,$100556,$82657,$25156,$86706,$10768
2020,6037552100,Census Tract 5521,Norwalk,Los Angeles County,California,Norwalk,77170.0,4903.0,79515.0,15302.0,56848.0,28759.0,,,22621.0,10381.0,,,98066.0,33882.0,,,74650.0,8580.0,99421.0,29795.0,$77170,$4903,$79515,$15302,$56848,$28759,,,$22621,$10381,,,$98066,$33882,,,$74650,$8580,$99421,$29795
2020,6037552200,Census Tract 5522,Norwalk,Los Angeles County,California,Norwalk,65895.0,8067.0,89152.0,22261.0,50899.0,25655.0,,,75092.0,31544.0,,,55356.0,16158.0,,,90585.0,68802.0,61174.0,10202.0,$65895,$8067,$89152,$22261,$50899,$25655,,,$75092,$31544,,,$55356,$16158,,,$90585,$68802,$61174,$10202
2020,6037552301,Census Tract 5523.01,Norwalk,Los Angeles County,California,Norwalk,100418.0,12155.0,101043.0,21868.0,99911.0,87377.0,,,101340.0,39441.0,,,96995.0,86082.0,95646.0,74873.0,81644.0,71391.0,101128.0,17305.0,$100418,$12155,$101043,$21868,$99911,$87377,,,$101340,$39441,,,$96995,$86082,$95646,$74873,$81644,$71391,$101128,$17305
2020,6037552302,Census Tract 5523.02,Norwalk,Los Angeles County,California,Norwalk,84844.0,42118.0,131142.0,43625.0,,,,,117231.0,53237.0,,,66655.0,13871.0,,,145746.0,50088.0,76371.0,19350.0,$84844,$42118,$131142,$43625,,,,,$117231,$53237,,,$66655,$13871,,,$145746,$50088,$76371,$19350
2020,6037552400,Census Tract 5524,Norwalk,Los Angeles County,California,Norwalk,82994.0,13216.0,83500.0,8147.0,,,,,,,,,81476.0,64906.0,,,83138.0,7851.0,77883.0,23916.0,$82994,$13216,$83500,$8147,,,,,,,,,$81476,$64906,,,$83138,$7851,$77883,$23916
2020,6037552601,Census Tract 5526.01,Norwalk,Los Angeles County,California,Norwalk,96231.0,9776.0,103516.0,22463.0,,,,,,,,,95992.0,14470.0,90434.0,10801.0,,,95753.0,10524.0,$96231,$9776,$103516,$22463,,,,,,,,,$95992,$14470,$90434,$10801,,,$95753,$10524
2020,6037552602,Census Tract 5526.02,Norwalk,Los Angeles County,California,Norwalk,77264.0,14306.0,75424.0,74945.0,59716.0,56177.0,,,82552.0,25229.0,,,,,,,,,75606.0,36597.0,$77264,$14306,$75424,$74945,$59716,$56177,,,$82552,$25229,,,,,,,,,$75606,$36597
2020,6037552700,Census Tract 5527,Norwalk,Los Angeles County,California,Norwalk,101901.0,20930.0,96336.0,30992.0,,,,,,,,,93342.0,26464.0,,,73356.0,42768.0,106661.0,28524.0,$101901,$20930,$96336,$30992,,,,,,,,,$93342,$26464,,,$73356,$42768,$106661,$28524
2020,6037552800,Census Tract 5528,Norwalk,Los Angeles County,California,Norwalk,104201.0,10834.0,124344.0,44548.0,,,,,81745.0,27452.0,,,86182.0,27053.0,99897.0,68417.0,104306.0,10239.0,110891.0,21704.0,$104201,$10834,$124344,$44548,,,,,$81745,$27452,,,$86182,$27053,$99897,$68417,$104306,$10239,$110891,$21704
2020,6037552900,Census Tract 5529,Norwalk,Los Angeles County,California,Norwalk,77120.0,5322.0,89480.0,21173.0,96644.0,25778.0,,,75022.0,4360.0,,,67091.0,13546.0,80464.0,51838.0,90507.0,22885.0,67640.0,10933.0,$77120,$5322,$89480,$21173,$96644,$25778,,,$75022,$4360,,,$67091,$13546,$80464,$51838,$90507,$22885,$67640,$10933
2020,6037553000,Census Tract 5530,Norwalk,Los Angeles County,California,Norwalk,113344.0,16441.0,92609.0,22059.0,,,,,101947.0,59987.0,,,122029.0,15411.0,177352.0,62851.0,97403.0,32894.0,116192.0,15909.0,$113344,$16441,$92609,$22059,,,,,$101947,$59987,,,$122029,$15411,$177352,$62851,$97403,$32894,$116192,$15909
2020,6037554600,Census Tract 5546,Norwalk,Los Angeles County,California,Norwalk,98935.0,12994.0,96113.0,19298.0,123353.0,32070.0,,,102133.0,29271.0,,,51787.0,27255.0,95940.0,59005.0,97923.0,52622.0,81307.0,19978.0,$98935,$12994,$96113,$19298,$123353,$32070,,,$102133,$29271,,,$51787,$27255,$95940,$59005,$97923,$52622,$81307,$19978
2020,6037554700,Census Tract 5547,Norwalk,Los Angeles County,California,Norwalk,99062.0,14114.0,106707.0,27535.0,,,,,102068.0,53945.0,,,78079.0,32614.0,156626.0,131236.0,97923.0,29126.0,97509.0,18607.0,$99062,$14114,$106707,$27535,,,,,$102068,$53945,,,$78079,$32614,$156626,$131236,$97923,$29126,$97509,$18607
2020,6037555300,Census Tract 5553,Norwalk,Los Angeles County,California,Norwalk,96804.0,31583.0,90452.0,40525.0,,,,,222984.0,104754.0,,,,,,,115796.0,78425.0,87641.0,30904.0,$96804,$31583,$90452,$40525,,,,,$222984,$104754,,,,,,,$115796,$78425,$87641,$30904
2020,6037577800,Census Tract 5778,Norwalk,Los Angeles County,California,Norwalk,118419.0,28739.0,109076.0,35213.0,,,,,156795.0,24123.0,,,125672.0,41823.0,,,137465.0,137236.0,114244.0,25978.0,$118419,$28739,$109076,$35213,,,,,$156795,$24123,,,$125672,$41823,,,$137465,$137236,$114244,$25978
2021,6037550101,Census Tract 5501.01,Norwalk,Los Angeles County,California,Norwalk,118863.0,46690.0,,,,,,,,,,,119113.0,35618.0,,,,,119082.0,43141.0,$118863,$46690,,,,,,,,,,,$119113,$35618,,,,,$119082,$43141
2021,6037550201,Census Tract 5502.01,Norwalk,Los Angeles County,California,Norwalk,86447.0,11043.0,83601.0,30907.0,,,,,91838.0,8024.0,,,83996.0,33811.0,,,122808.0,70097.0,83095.0,13612.0,$86447,$11043,$83601,$30907,,,,,$91838,$8024,,,$83996,$33811,,,$122808,$70097,$83095,$13612
2021,6037550202,Census Tract 5502.02,Norwalk,Los Angeles County,California,Norwalk,108792.0,13468.0,108967.0,33409.0,152153.0,87290.0,185829.0,164050.0,109340.0,46430.0,,,93340.0,22324.0,103013.0,30599.0,63331.0,14666.0,111903.0,14237.0,$108792,$13468,$108967,$33409,$152153,$87290,$185829,$164050,$109340,$46430,,,$93340,$22324,$103013,$30599,$63331,$14666,$111903,$14237
2021,6037550301,Census Tract 5503.01,Norwalk,Los Angeles County,California,Norwalk,119990.0,15255.0,117561.0,64769.0,,,,,,,,,151636.0,85953.0,128981.0,58356.0,,,149319.0,58165.0,$119990,$15255,$117561,$64769,,,,,,,,,$151636,$85953,$128981,$58356,,,$149319,$58165
2021,6037551900,Census Tract 5519,Norwalk,Los Angeles County,California,Norwalk,109939.0,16996.0,108117.0,13552.0,270028.0,207728.0,,,157548.0,114159.0,,,79481.0,39513.0,110788.0,54381.0,98097.0,19295.0,100858.0,23317.0,$109939,$16996,$108117,$13552,$270028,$207728,,,$157548,$114159,,,$79481,$39513,$110788,$54381,$98097,$19295,$100858,$23317
2021,6037552001,Census Tract 5520.01,Norwalk,Los Angeles County,California,Norwalk,94961.0,18382.0,89500.0,30685.0,127856.0,127684.0,143952.0,74446.0,113250.0,65104.0,,,80376.0,21295.0,151923.0,697.0,,,102968.0,24393.0,$94961,$18382,$89500,$30685,$127856,$127684,$143952,$74446,$113250,$65104,,,$80376,$21295,$151923,$697,,,$102968,$24393
2021,6037552002,Census Tract 5520.02,Norwalk,Los Angeles County,California,Norwalk,91413.0,9660.0,93893.0,22384.0,,,,,117124.0,38119.0,,,74503.0,15853.0,159891.0,78398.0,100216.0,37433.0,86748.0,11668.0,$91413,$9660,$93893,$22384,,,,,$117124,$38119,,,$74503,$15853,$159891,$78398,$100216,$37433,$86748,$11668
2021,6037552100,Census Tract 5521,Norwalk,Los Angeles County,California,Norwalk,77754.0,12662.0,82268.0,35053.0,39102.0,31542.0,,,18889.0,7073.0,,,109065.0,45567.0,,,81614.0,36867.0,108366.0,29205.0,$77754,$12662,$82268,$35053,$39102,$31542,,,$18889,$7073,,,$109065,$45567,,,$81614,$36867,$108366,$29205
2021,6037552200,Census Tract 5522,Norwalk,Los Angeles County,California,Norwalk,67022.0,4435.0,98712.0,22389.0,48741.0,10144.0,68124.0,58782.0,78289.0,25681.0,,,56119.0,14096.0,,,101478.0,52077.0,66588.0,6182.0,$67022,$4435,$98712,$22389,$48741,$10144,$68124,$58782,$78289,$25681,,,$56119,$14096,,,$101478,$52077,$66588,$6182
2021,6037552301,Census Tract 5523.01,Norwalk,Los Angeles County,California,Norwalk,102122.0,12723.0,103845.0,15463.0,99671.0,51919.0,,,125599.0,58836.0,,,89205.0,57554.0,116676.0,42821.0,,,107321.0,19221.0,$102122,$12723,$103845,$15463,$99671,$51919,,,$125599,$58836,,,$89205,$57554,$116676,$42821,,,$107321,$19221
2021,6037552302,Census Tract 5523.02,Norwalk,Los Angeles County,California,Norwalk,80581.0,8549.0,122184.0,46317.0,,,,,,,,,67996.0,16476.0,15119.0,9441.0,135842.0,89016.0,66420.0,13384.0,$80581,$8549,$122184,$46317,,,,,,,,,$67996,$16476,$15119,$9441,$135842,$89016,$66420,$13384
2021,6037552400,Census Tract 5524,Norwalk,Los Angeles County,California,Norwalk,76126.0,12065.0,82479.0,21275.0,,,,,125511.0,29856.0,,,70830.0,20094.0,,,98478.0,41819.0,68957.0,8972.0,$76126,$12065,$82479,$21275,,,,,$125511,$29856,,,$70830,$20094,,,$98478,$41819,$68957,$8972
2021,6037552601,Census Tract 5526.01,Norwalk,Los Angeles County,California,Norwalk,96490.0,9530.0,103269.0,10493.0,,,,,,,,,92981.0,11378.0,87472.0,68652.0,,,95803.0,8507.0,$96490,$9530,$103269,$10493,,,,,,,,,$92981,$11378,$87472,$68652,,,$95803,$8507
2021,6037552602,Census Tract 5526.02,Norwalk,Los Angeles County,California,Norwalk,109011.0,22901.0,111875.0,41473.0,,,,,107711.0,56457.0,,,138015.0,74018.0,,,110698.0,57696.0,115206.0,45887.0,$109011,$22901,$111875,$41473,,,,,$107711,$56457,,,$138015,$74018,,,$110698,$57696,$115206,$45887
2021,6037552700,Census Tract 5527,Norwalk,Los Angeles County,California,Norwalk,106108.0,15052.0,108938.0,29454.0,,,,,108073.0,99203.0,,,93742.0,25935.0,106091.0,45978.0,73678.0,37866.0,107241.0,21095.0,$106108,$15052,$108938,$29454,,,,,$108073,$99203,,,$93742,$25935,$106091,$45978,$73678,$37866,$107241,$21095
2021,6037552800,Census Tract 5528,Norwalk,Los Angeles County,California,Norwalk,105821.0,11682.0,129718.0,51201.0,,,,,112181.0,18271.0,,,93222.0,15951.0,,,105618.0,36753.0,103195.0,25996.0,$105821,$11682,$129718,$51201,,,,,$112181,$18271,,,$93222,$15951,,,$105618,$36753,$103195,$25996
2021,6037552900,Census Tract 5529,Norwalk,Los Angeles County,California,Norwalk,77376.0,6978.0,91988.0,15616.0,,,,,73096.0,6942.0,,,70928.0,6132.0,80603.0,12619.0,91416.0,23579.0,72128.0,7813.0,$77376,$6978,$91988,$15616,,,,,$73096,$6942,,,$70928,$6132,$80603,$12619,$91416,$23579,$72128,$7813
2021,6037553000,Census Tract 5530,Norwalk,Los Angeles County,California,Norwalk,112891.0,16299.0,80766.0,42431.0,113619.0,75947.0,,,118270.0,69854.0,,,117523.0,29883.0,,,58456.0,34075.0,112271.0,19238.0,$112891,$16299,$80766,$42431,$113619,$75947,,,$118270,$69854,,,$117523,$29883,,,$58456,$34075,$112271,$19238
2021,6037554600,Census Tract 5546,Norwalk,Los Angeles County,California,Norwalk,100216.0,10621.0,90134.0,15994.0,122314.0,71259.0,,,110933.0,22619.0,,,,,96655.0,53422.0,91571.0,53378.0,87565.0,19414.0,$100216,$10621,$90134,$15994,$122314,$71259,,,$110933,$22619,,,,,$96655,$53422,$91571,$53378,$87565,$19414
2021,6037554700,Census Tract 5547,Norwalk,Los Angeles County,California,Norwalk,101788.0,15343.0,107651.0,16689.0,,,74703.0,54442.0,85858.0,32442.0,,,105192.0,19603.0,145479.0,116779.0,116018.0,19321.0,105539.0,21240.0,$101788,$15343,$107651,$16689,,,$74703,$54442,$85858,$32442,,,$105192,$19603,$145479,$116779,$116018,$19321,$105539,$21240
2021,6037555300,Census Tract 5553,Norwalk,Los Angeles County,California,Norwalk,107168.0,37784.0,122223.0,49759.0,,,,,218970.0,137366.0,,,,,136495.0,133668.0,122492.0,51057.0,87814.0,60298.0,$107168,$37784,$122223,$49759,,,,,$218970,$137366,,,,,$136495,$133668,$122492,$51057,$87814,$60298
2021,6037577800,Census Tract 5778,Norwalk,Los Angeles County,California,Norwalk,123356.0,36239.0,121071.0,72011.0,,,,,168504.0,46442.0,,,111029.0,34195.0,164011.0,53907.0,141244.0,126738.0,121753.0,28337.0,$123356,$36239,$121071,$72011,,,,,$168504,$46442,,,$111029,$34195,$164011,$53907,$141244,$126738,$121753,$28337
2022,6037550101,Census Tract 5501.01,Norwalk,Los Angeles County,California,Norwalk,118505.0,32539.0,66969.0,32675.0,,,,,,,,,119349.0,16227.0,,,84407.0,72849.0,118582.0,29733.0,$118505,$32539,$66969,$32675,,,,,,,,,$119349,$16227,,,$84407,$72849,$118582,$29733
2022,6037550201,Census Tract 5502.01,Norwalk,Los Angeles County,California,Norwalk,89244.0,8202.0,86805.0,21515.0,63908.0,17781.0,,,90583.0,20146.0,,,84556.0,26185.0,138669.0,67530.0,111203.0,50042.0,84361.0,9587.0,$89244,$8202,$86805,$21515,$63908,$17781,,,$90583,$20146,,,$84556,$26185,$138669,$67530,$111203,$50042,$84361,$9587
2022,6037550202,Census Tract 5502.02,Norwalk,Los Angeles County,California,Norwalk,111809.0,13043.0,111925.0,21931.0,,,,,167681.0,56202.0,,,95520.0,21964.0,102667.0,24569.0,63949.0,15278.0,113585.0,12987.0,$111809,$13043,$111925,$21931,,,,,$167681,$56202,,,$95520,$21964,$102667,$24569,$63949,$15278,$113585,$12987
2022,6037550301,Census Tract 5503.01,Norwalk,Los Angeles County,California,Norwalk,106698.0,26834.0,109082.0,65435.0,,,,,101442.0,77157.0,,,150326.0,99261.0,,,,,129416.0,46280.0,$106698,$26834,$109082,$65435,,,,,$101442,$77157,,,$150326,$99261,,,,,$129416,$46280
2022,6037551900,Census Tract 5519,Norwalk,Los Angeles County,California,Norwalk,101334.0,37420.0,118766.0,48859.0,,,,,188376.0,180575.0,,,66365.0,16111.0,112191.0,60961.0,158607.0,77972.0,91152.0,25942.0,$101334,$37420,$118766,$48859,,,,,$188376,$180575,,,$66365,$16111,$112191,$60961,$158607,$77972,$91152,$25942
2022,6037552001,Census Tract 5520.01,Norwalk,Los Angeles County,California,Norwalk,100533.0,11596.0,84358.0,40258.0,,,,,,,,,97614.0,16351.0,151292.0,578.0,,,102851.0,7052.0,$100533,$11596,$84358,$40258,,,,,,,,,$97614,$16351,$151292,$578,,,$102851,$7052
2022,6037552002,Census Tract 5520.02,Norwalk,Los Angeles County,California,Norwalk,96427.0,10084.0,93452.0,17714.0,95552.0,2175.0,,,117490.0,76051.0,,,85922.0,11071.0,141885.0,50618.0,92782.0,19964.0,93042.0,17213.0,$96427,$10084,$93452,$17714,$95552,$2175,,,$117490,$76051,,,$85922,$11071,$141885,$50618,$92782,$19964,$93042,$17213
2022,6037552100,Census Tract 5521,Norwalk,Los Angeles County,California,Norwalk,78205.0,15195.0,83243.0,20603.0,,,,,24822.0,11933.0,,,118252.0,73061.0,48480.0,26244.0,76612.0,42475.0,108032.0,16318.0,$78205,$15195,$83243,$20603,,,,,$24822,$11933,,,$118252,$73061,$48480,$26244,$76612,$42475,$108032,$16318
2022,6037552200,Census Tract 5522,Norwalk,Los Angeles County,California,Norwalk,64626.0,16826.0,88594.0,30564.0,49948.0,2043.0,,,82437.0,38019.0,,,55194.0,19663.0,47637.0,24392.0,102072.0,48841.0,65217.0,12096.0,$64626,$16826,$88594,$30564,$49948,$2043,,,$82437,$38019,,,$55194,$19663,$47637,$24392,$102072,$48841,$65217,$12096
2022,6037552301,Census Tract 5523.01,Norwalk,Los Angeles County,California,Norwalk,101736.0,10384.0,91776.0,22042.0,100061.0,49024.0,,,89320.0,63233.0,,,114648.0,32600.0,118238.0,29649.0,55353.0,30136.0,115566.0,18007.0,$101736,$10384,$91776,$22042,$100061,$49024,,,$89320,$63233,,,$114648,$32600,$118238,$29649,$55353,$30136,$115566,$18007
2022,6037552302,Census Tract 5523.02,Norwalk,Los Angeles County,California,Norwalk,81728.0,11968.0,113615.0,59361.0,,,,,,,,,78006.0,30363.0,,,136423.0,99453.0,78155.0,21707.0,$81728,$11968,$113615,$59361,,,,,,,,,$78006,$30363,,,$136423,$99453,$78155,$21707
2022,6037552400,Census Tract 5524,Norwalk,Los Angeles County,California,Norwalk,71599.0,12313.0,81378.0,13539.0,,,,,128085.0,54648.0,,,62078.0,19175.0,,,82080.0,19116.0,67101.0,7343.0,$71599,$12313,$81378,$13539,,,,,$128085,$54648,,,$62078,$19175,,,$82080,$19116,$67101,$7343
2022,6037552601,Census Tract 5526.01,Norwalk,Los Angeles County,California,Norwalk,100485.0,13324.0,103683.0,17749.0,,,,,,,,,96801.0,16615.0,89713.0,53081.0,,,100804.0,13511.0,$100485,$13324,$103683,$17749,,,,,,,,,$96801,$16615,$89713,$53081,,,$100804,$13511
2022,6037552602,Census Tract 5526.02,Norwalk,Los Angeles County,California,Norwalk,121200.0,7136.0,137204.0,14144.0,,,,,120503.0,18158.0,,,137715.0,57671.0,,,123836.0,48294.0,138187.0,10599.0,$121200,$7136,$137204,$14144,,,,,$120503,$18158,,,$137715,$57671,,,$123836,$48294,$138187,$10599
2022,6037552700,Census Tract 5527,Norwalk,Los Angeles County,California,Norwalk,114492.0,12935.0,112245.0,35448.0,,,,,117442.0,31976.0,,,90436.0,41185.0,106352.0,27519.0,,,112007.0,20945.0,$114492,$12935,$112245,$35448,,,,,$117442,$31976,,,$90436,$41185,$106352,$27519,,,$112007,$20945
2022,6037552800,Census Tract 5528,Norwalk,Los Angeles County,California,Norwalk,107122.0,23509.0,186455.0,47276.0,135249.0,32907.0,,,111822.0,19226.0,,,93678.0,10946.0,99368.0,97733.0,136827.0,120610.0,102082.0,20008.0,$107122,$23509,$186455,$47276,$135249,$32907,,,$111822,$19226,,,$93678,$10946,$99368,$97733,$136827,$120610,$102082,$20008
2022,6037552900,Census Tract 5529,Norwalk,Los Angeles County,California,Norwalk,78049.0,7659.0,97471.0,18439.0,,,,,79259.0,17771.0,,,68894.0,7215.0,,,90564.0,20927.0,69827.0,7942.0,$78049,$7659,$97471,$18439,,,,,$79259,$17771,,,$68894,$7215,,,$90564,$20927,$69827,$7942
2022,6037553000,Census Tract 5530,Norwalk,Los Angeles County,California,Norwalk,142640.0,31459.0,86015.0,38069.0,,,,,150845.0,49584.0,,,174229.0,60591.0,154077.0,63608.0,60663.0,53577.0,142211.0,35757.0,$142640,$31459,$86015,$38069,,,,,$150845,$49584,,,$174229,$60591,$154077,$63608,$60663,$53577,$142211,$35757
2022,6037554600,Census Tract 5546,Norwalk,Los Angeles County,California,Norwalk,92446.0,13437.0,92714.0,25497.0,120945.0,87398.0,,,97290.0,13220.0,,,70244.0,39430.0,54858.0,22945.0,107444.0,42676.0,76737.0,8570.0,$92446,$13437,$92714,$25497,$120945,$87398,,,$97290,$13220,,,$70244,$39430,$54858,$22945,$107444,$42676,$76737,$8570
2022,6037554700,Census Tract 5547,Norwalk,Los Angeles County,California,Norwalk,107184.0,9689.0,105844.0,12258.0,,,112655.0,85702.0,101430.0,9793.0,,,108412.0,19225.0,133980.0,92013.0,108646.0,24686.0,108859.0,14508.0,$107184,$9689,$105844,$12258,,,$112655,$85702,$101430,$9793,,,$108412,$19225,$133980,$92013,$108646,$24686,$108859,$14508
2022,6037555300,Census Tract 5553,Norwalk,Los Angeles County,California,Norwalk,104409.0,37834.0,120825.0,56268.0,,,,,,,,,103908.0,84997.0,,,90828.0,70901.0,113405.0,55721.0,$104409,$37834,$120825,$56268,,,,,,,,,$103908,$84997,,,$90828,$70901,$113405,$55721
2022,6037577800,Census Tract 5778,Norwalk,Los Angeles County,California,Norwalk,107003.0,16407.0,109529.0,57920.0,,,,,2679.0,,,,97555.0,35786.0,135743.0,90602.0,,,110591.0,15384.0,$107003,$16407,$109529,$57920,,,,,$2679,,,,$97555,$35786,$135743,$90602,,,$110591,$15384
2023,6037550101,Census Tract 5501.01,Norwalk,Los Angeles County,California,Norwalk,118835.0,19906.0,66762.0,32962.0,,,,,164358.0,44914.0,,,118879.0,4006.0,139932.0,133766.0,79906.0,34403.0,118486.0,38898.0,$118835,$19906,$66762,$32962,,,,,$164358,$44914,,,$118879,$4006,$139932,$133766,$79906,$34403,$118486,$38898
2023,6037550201,Census Tract 5502.01,Norwalk,Los Angeles County,California,Norwalk,89188.0,9214.0,79348.0,18991.0,63550.0,9743.0,,,89304.0,6923.0,,,97362.0,25748.0,137036.0,69037.0,97648.0,67816.0,85567.0,17625.0,$89188,$9214,$79348,$18991,$63550,$9743,,,$89304,$6923,,,$97362,$25748,$137036,$69037,$97648,$67816,$85567,$17625
2023,6037550202,Census Tract 5502.02,Norwalk,Los Angeles County,California,Norwalk,114122.0,14610.0,112588.0,28252.0,,,,,108568.0,36510.0,,,115894.0,31075.0,97706.0,60283.0,62906.0,30948.0,117644.0,21885.0,$114122,$14610,$112588,$28252,,,,,$108568,$36510,,,$115894,$31075,$97706,$60283,$62906,$30948,$117644,$21885
2023,6037550301,Census Tract 5503.01,Norwalk,Los Angeles County,California,Norwalk,104933.0,40857.0,146687.0,51864.0,83988.0,24945.0,,,170287.0,57520.0,,,,,102455.0,64451.0,,,130784.0,41813.0,$104933,$40857,$146687,$51864,$83988,$24945,,,$170287,$57520,,,,,$102455,$64451,,,$130784,$41813
2023,6037551900,Census Tract 5519,Norwalk,Los Angeles County,California,Norwalk,100039.0,31535.0,114367.0,87533.0,,,,,,,,,62728.0,34956.0,140467.0,67144.0,180799.0,74781.0,83637.0,35974.0,$100039,$31535,$114367,$87533,,,,,,,,,$62728,$34956,$140467,$67144,$180799,$74781,$83637,$35974
2023,6037552001,Census Tract 5520.01,Norwalk,Los Angeles County,California,Norwalk,93867.0,23374.0,72875.0,22832.0,,,,,,,,,99238.0,16350.0,150481.0,6290.0,62741.0,54181.0,104739.0,12886.0,$93867,$23374,$72875,$22832,,,,,,,,,$99238,$16350,$150481,$6290,$62741,$54181,$104739,$12886
2023,6037552002,Census Tract 5520.02,Norwalk,Los Angeles County,California,Norwalk,103920.0,14232.0,86762.0,27218.0,,,,,132717.0,39771.0,,,103003.0,23824.0,139396.0,69903.0,90554.0,26846.0,105071.0,17228.0,$103920,$14232,$86762,$27218,,,,,$132717,$39771,,,$103003,$23824,$139396,$69903,$90554,$26846,$105071,$17228
2023,6037552100,Census Tract 5521,Norwalk,Los Angeles County,California,Norwalk,78378.0,13027.0,79490.0,23625.0,67304.0,30148.0,,,26899.0,11183.0,,,107301.0,25233.0,,,82641.0,32996.0,99736.0,19605.0,$78378,$13027,$79490,$23625,$67304,$30148,,,$26899,$11183,,,$107301,$25233,,,$82641,$32996,$99736,$19605
2023,6037552200,Census Tract 5522,Norwalk,Los Angeles County,California,Norwalk,67310.0,5989.0,87283.0,35495.0,46909.0,31223.0,,,,,,,65448.0,16963.0,67633.0,41927.0,154603.0,148619.0,67910.0,5421.0,$67310,$5989,$87283,$35495,$46909,$31223,,,,,,,$65448,$16963,$67633,$41927,$154603,$148619,$67910,$5421
2023,6037552301,Census Tract 5523.01,Norwalk,Los Angeles County,California,Norwalk,101682.0,18492.0,80163.0,56798.0,,,,,101620.0,25170.0,,,116780.0,31929.0,68325.0,26351.0,55835.0,36857.0,115805.0,36422.0,$101682,$18492,$80163,$56798,,,,,$101620,$25170,,,$116780,$31929,$68325,$26351,$55835,$36857,$115805,$36422
2023,6037552302,Census Tract 5523.02,Norwalk,Los Angeles County,California,Norwalk,81002.0,34056.0,130245.0,84893.0,105543.0,46224.0,,,70068.0,64983.0,,,50149.0,11455.0,,,136356.0,114043.0,50644.0,14051.0,$81002,$34056,$130245,$84893,$105543,$46224,,,$70068,$64983,,,$50149,$11455,,,$136356,$114043,$50644,$14051
2023,6037552400,Census Tract 5524,Norwalk,Los Angeles County,California,Norwalk,77918.0,11805.0,81278.0,12027.0,,,,,102081.0,59789.0,,,71989.0,23159.0,66082.0,53128.0,81673.0,22321.0,70770.0,16755.0,$77918,$11805,$81278,$12027,,,,,$102081,$59789,,,$71989,$23159,$66082,$53128,$81673,$22321,$70770,$16755
2023,6037552601,Census Tract 5526.01,Norwalk,Los Angeles County,California,Norwalk,96504.0,17196.0,98727.0,24418.0,,,,,,,,,98327.0,31448.0,50543.0,45128.0,,,98747.0,20078.0,$96504,$17196,$98727,$24418,,,,,,,,,$98327,$31448,$50543,$45128,,,$98747,$20078
2023,6037552602,Census Tract 5526.02,Norwalk,Los Angeles County,California,Norwalk,115515.0,14483.0,138782.0,35435.0,,,,,118726.0,31850.0,,,136448.0,81427.0,66842.0,53549.0,149343.0,43679.0,114776.0,45741.0,$115515,$14483,$138782,$35435,,,,,$118726,$31850,,,$136448,$81427,$66842,$53549,$149343,$43679,$114776,$45741
2023,6037552700,Census Tract 5527,Norwalk,Los Angeles County,California,Norwalk,112293.0,15636.0,127672.0,54998.0,,,,,126498.0,47426.0,,,89387.0,20594.0,102799.0,20302.0,,,106084.0,14805.0,$112293,$15636,$127672,$54998,,,,,$126498,$47426,,,$89387,$20594,$102799,$20302,,,$106084,$14805
2023,6037552800,Census Tract 5528,Norwalk,Los Angeles County,California,Norwalk,122981.0,12725.0,198280.0,63737.0,134989.0,45585.0,116791.0,92289.0,124120.0,14051.0,,,105923.0,26598.0,88674.0,83833.0,138002.0,124098.0,118346.0,18403.0,$122981,$12725,$198280,$63737,$134989,$45585,$116791,$92289,$124120,$14051,,,$105923,$26598,$88674,$83833,$138002,$124098,$118346,$18403
2023,6037552900,Census Tract 5529,Norwalk,Los Angeles County,California,Norwalk,88463.0,14730.0,104053.0,32647.0,,,,,129245.0,100734.0,,,68738.0,14695.0,88552.0,45032.0,92486.0,40430.0,72121.0,28721.0,$88463,$14730,$104053,$32647,,,,,$129245,$100734,,,$68738,$14695,$88552,$45032,$92486,$40430,$72121,$28721
2023,6037553000,Census Tract 5530,Norwalk,Los Angeles County,California,Norwalk,147973.0,38832.0,98710.0,69041.0,,,,,150547.0,104684.0,,,175108.0,36539.0,145293.0,82089.0,,,144542.0,45872.0,$147973,$38832,$98710,$69041,,,,,$150547,$104684,,,$175108,$36539,$145293,$82089,,,$144542,$45872
2023,6037554600,Census Tract 5546,Norwalk,Los Angeles County,California,Norwalk,97711.0,18446.0,101651.0,31543.0,121320.0,76002.0,,,99636.0,18394.0,,,73518.0,39462.0,78490.0,66542.0,106798.0,49809.0,80444.0,12143.0,$97711,$18446,$101651,$31543,$121320,$76002,,,$99636,$18394,,,$73518,$39462,$78490,$66542,$106798,$49809,$80444,$12143
2023,6037554700,Census Tract 5547,Norwalk,Los Angeles County,California,Norwalk,111722.0,14309.0,104868.0,29515.0,,,111210.0,61611.0,131568.0,48401.0,,,107395.0,25301.0,115805.0,77292.0,118701.0,51003.0,109372.0,16907.0,$111722,$14309,$104868,$29515,,,$111210,$61611,$131568,$48401,,,$107395,$25301,$115805,$77292,$118701,$51003,$109372,$16907
2023,6037555300,Census Tract 5553,Norwalk,Los Angeles County,California,Norwalk,121166.0,41616.0,123430.0,28925.0,,,,,126635.0,90141.0,,,,,,,122795.0,19829.0,101743.0,69445.0,$121166,$41616,$123430,$28925,,,,,$126635,$90141,,,,,,,$122795,$19829,$101743,$69445
2023,6037577800,Census Tract 5778,Norwalk,Los Angeles County,California,Norwalk,116562.0,28598.0,106410.0,41624.0,,,,,,,,,117425.0,39686.0,140847.0,92413.0,104734.0,76694.0,124732.0,32315.0,$116562,$28598,$106410,$41624,,,,,,,,,$117425,$39686,$140847,$92413,$104734,$76694,$124732,$32315
2024,6037550101,Census Tract 5501.01,Norwalk,Los Angeles County,California,Norwalk,120789.0,10357.0,81250.0,41598.0,,,,,155595.0,36723.0,,,121188.0,15230.0,91042.0,88615.0,,,120505.0,13709.0,$120789,$10357,$81250,$41598,,,,,$155595,$36723,,,$121188,$15230,$91042,$88615,,,$120505,$13709
2024,6037550201,Census Tract 5502.01,Norwalk,Los Angeles County,California,Norwalk,96000.0,13611.0,86298.0,18226.0,,,,,91677.0,6659.0,,,105391.0,24787.0,138333.0,66422.0,123000.0,60017.0,96304.0,25975.0,$96000,$13611,$86298,$18226,,,,,$91677,$6659,,,$105391,$24787,$138333,$66422,$123000,$60017,$96304,$25975
2024,6037550202,Census Tract 5502.02,Norwalk,Los Angeles County,California,Norwalk,109205.0,30638.0,117656.0,44221.0,,,,,97500.0,18241.0,,,123636.0,36349.0,120833.0,63196.0,91023.0,27993.0,128500.0,23051.0,$109205,$30638,$117656,$44221,,,,,$97500,$18241,,,$123636,$36349,$120833,$63196,$91023,$27993,$128500,$23051
2024,6037550301,Census Tract 5503.01,Norwalk,Los Angeles County,California,Norwalk,83561.0,24689.0,85938.0,81641.0,64088.0,23318.0,,,,,,,,,101406.0,74329.0,75139.0,71685.0,107955.0,80433.0,$83561,$24689,$85938,$81641,$64088,$23318,,,,,,,,,$101406,$74329,$75139,$71685,$107955,$80433
2024,6037551900,Census Tract 5519,Norwalk,Los Angeles County,California,Norwalk,111020.0,33959.0,154375.0,75370.0,,,,,,,,,63750.0,37478.0,112188.0,54961.0,,,97691.0,20834.0,$111020,$33959,$154375,$75370,,,,,,,,,$63750,$37478,$112188,$54961,,,$97691,$20834
2024,6037552001,Census Tract 5520.01,Norwalk,Los Angeles County,California,Norwalk,103006.0,18107.0,63466.0,30577.0,212738.0,139777.0,,,,,,,102594.0,11593.0,131964.0,80889.0,45694.0,42994.0,104063.0,11994.0,$103006,$18107,$63466,$30577,$212738,$139777,,,,,,,$102594,$11593,$131964,$80889,$45694,$42994,$104063,$11994
2024,6037552002,Census Tract 5520.02,Norwalk,Los Angeles County,California,Norwalk,105750.0,15736.0,98000.0,41231.0,,,,,152125.0,76760.0,,,106750.0,19977.0,114286.0,75982.0,90694.0,39588.0,111190.0,12878.0,$105750,$15736,$98000,$41231,,,,,$152125,$76760,,,$106750,$19977,$114286,$75982,$90694,$39588,$111190,$12878
2024,6037552100,Census Tract 5521,Norwalk,Los Angeles County,California,Norwalk,77350.0,11035.0,77857.0,11991.0,68056.0,44969.0,,,26534.0,10992.0,,,139167.0,47136.0,38188.0,29393.0,75875.0,19245.0,86964.0,39215.0,$77350,$11035,$77857,$11991,$68056,$44969,,,$26534,$10992,,,$139167,$47136,$38188,$29393,$75875,$19245,$86964,$39215
2024,6037552200,Census Tract 5522,Norwalk,Los Angeles County,California,Norwalk,66827.0,11089.0,,,48098.0,46886.0,124464.0,96540.0,43935.0,37065.0,,,65701.0,24486.0,72344.0,31750.0,155792.0,117622.0,69856.0,13167.0,$66827,$11089,,,$48098,$46886,$124464,$96540,$43935,$37065,,,$65701,$24486,$72344,$31750,$155792,$117622,$69856,$13167
2024,6037552301,Census Tract 5523.01,Norwalk,Los Angeles County,California,Norwalk,86125.0,19355.0,,,,,,,100605.0,54670.0,,,106205.0,34497.0,71083.0,70513.0,,,106339.0,37837.0,$86125,$19355,,,,,,,$100605,$54670,,,$106205,$34497,$71083,$70513,,,$106339,$37837
2024,6037552302,Census Tract 5523.02,Norwalk,Los Angeles County,California,Norwalk,81705.0,39295.0,165260.0,91772.0,105165.0,46631.0,,,47375.0,33521.0,,,51471.0,27269.0,,,138182.0,99294.0,,,$81705,$39295,$165260,$91772,$105165,$46631,,,$47375,$33521,,,$51471,$27269,,,$138182,$99294,,
2024,6037552400,Census Tract 5524,Norwalk,Los Angeles County,California,Norwalk,80217.0,15499.0,57708.0,38784.0,,,,,127500.0,55130.0,,,98661.0,47631.0,64419.0,57334.0,81382.0,29391.0,69821.0,18734.0,$80217,$15499,$57708,$38784,,,,,$127500,$55130,,,$98661,$47631,$64419,$57334,$81382,$29391,$69821,$18734
2024,6037552601,Census Tract 5526.01,Norwalk,Los Angeles County,California,Norwalk,97946.0,16751.0,98125.0,56524.0,,,,,92955.0,31649.0,,,102083.0,32740.0,,,,,101944.0,30392.0,$97946,$16751,$98125,$56524,,,,,$92955,$31649,,,$102083,$32740,,,,,$101944,$30392
2024,6037552602,Census Tract 5526.02,Norwalk,Los Angeles County,California,Norwalk,115227.0,12822.0,112829.0,18841.0,,,,,118657.0,20529.0,,,139450.0,42948.0,,,111429.0,69065.0,114803.0,57359.0,$115227,$12822,$112829,$18841,,,,,$118657,$20529,,,$139450,$42948,,,$111429,$69065,$114803,$57359
2024,6037552700,Census Tract 5527,Norwalk,Los Angeles County,California,Norwalk,106250.0,15381.0,67008.0,64763.0,,,,,121250.0,30907.0,,,98147.0,14712.0,108056.0,64289.0,67045.0,50990.0,104674.0,14673.0,$106250,$15381,$67008,$64763,,,,,$121250,$30907,,,$98147,$14712,$108056,$64289,$67045,$50990,$104674,$14673
2024,6037552800,Census Tract 5528,Norwalk,Los Angeles County,California,Norwalk,117935.0,20717.0,181484.0,90676.0,133878.0,41486.0,118462.0,82887.0,117000.0,12424.0,,,104550.0,24400.0,62250.0,32209.0,146563.0,139011.0,106912.0,30615.0,$117935,$20717,$181484,$90676,$133878,$41486,$118462,$82887,$117000,$12424,,,$104550,$24400,$62250,$32209,$146563,$139011,$106912,$30615
2024,6037552900,Census Tract 5529,Norwalk,Los Angeles County,California,Norwalk,83365.0,11302.0,91512.0,35772.0,,,,,143875.0,106017.0,,,69529.0,19756.0,88519.0,32672.0,91991.0,41846.0,77054.0,22686.0,$83365,$11302,$91512,$35772,,,,,$143875,$106017,,,$69529,$19756,$88519,$32672,$91991,$41846,$77054,$22686
2024,6037553000,Census Tract 5530,Norwalk,Los Angeles County,California,Norwalk,147083.0,48324.0,86563.0,57252.0,,,,,178750.0,99128.0,,,176725.0,25881.0,125250.0,61606.0,98281.0,70924.0,152969.0,65629.0,$147083,$48324,$86563,$57252,,,,,$178750,$99128,,,$176725,$25881,$125250,$61606,$98281,$70924,$152969,$65629
2024,6037554600,Census Tract 5546,Norwalk,Los Angeles County,California,Norwalk,101563.0,35475.0,84167.0,58266.0,,,,,101989.0,33883.0,,,,,,,100250.0,72916.0,,,$101563,$35475,$84167,$58266,,,,,$101989,$33883,,,,,,,$100250,$72916,,
2024,6037554700,Census Tract 5547,Norwalk,Los Angeles County,California,Norwalk,119688.0,24422.0,,,,,114375.0,30154.0,131500.0,58076.0,,,108438.0,25198.0,145952.0,47792.0,,,117930.0,21110.0,$119688,$24422,,,,,$114375,$30154,$131500,$58076,,,$108438,$25198,$145952,$47792,,,$117930,$21110
2024,6037555300,Census Tract 5553,Norwalk,Los Angeles County,California,Norwalk,114698.0,40323.0,124886.0,60442.0,,,,,61875.0,22504.0,,,104063.0,78495.0,165982.0,115889.0,123920.0,54561.0,112543.0,70693.0,$114698,$40323,$124886,$60442,,,,,$61875,$22504,,,$104063,$78495,$165982,$115889,$123920,$54561,$112543,$70693
2024,6037577800,Census Tract 5778,Norwalk,Los Angeles County,California,Norwalk,121250.0,31774.0,107329.0,72908.0,,,,,,,,,125000.0,25002.0,137500.0,52914.0,135313.0,81949.0,132574.0,35061.0,$121250,$31774,$107329,$72908,,,,,,,,,$125000,$25002,$137500,$52914,$135313,$81949,$132574,$35061
