YEAR,GEO_ID,TRACT,CITY,COUNTY,STATE,ABBREV_NAME,B19013_001E,B19013_001M,B19013A_001E,B19013A_001M,B19013B_001E,B19013B_001M,B19013C_001E,B19013C_001M,B19013D_001E,B19013D_001M,B19013E_001E,B19013E_001M,B19013F_001E,B19013F_001M,B19013G_001E,B19013G_001M,B19013H_001E,B19013H_001M,B19013I_001E,B19013I_001M,B19013_001E_string,B19013_001M_string,B19013A_001E_string,B19013A_001M_string,B19013B_001E_string,B19013B_001M_string,B19013C_001E_string,B19013C_001M_string,B19013D_001E_string,B19013D_001M_string,B19013E_001E_string,B19013E_001M_string,B19013F_001E_string,B19013F_001M_string,B19013G_001E_string,B19013G_001M_string,B19013H_001E_string,B19013H_001M_string,B19013I_001E_string,B19013I_001M_string
2010,6037900201,Census Tract 9002.01,Palmdale,Los Angeles County,California,Palmdale,53504.0,6687.0,59019.0,13023.0,,,,,3614.0,,,,52232.0,3364.0,,,67268.0,27451.0,50997.0,14834.0,$53504,$6687,$59019,$13023,,,,,$3614,,,,$52232,$3364,,,$67268,$27451,$50997,$14834
2010,6037901213,Census Tract 9012.13,Palmdale,Los Angeles County,California,Palmdale,156976.0,46619.0,164207.0,39981.0,80692.0,27273.0,,,230792.0,202183.0,,,,,17758.0,175983.0,158000.0,47453.0,224867.0,96447.0,$156976,$46619,$164207,$39981,$80692,$27273,,,$230792,$202183,,,,,$17758,$175983,$158000,$47453,$224867,$96447
2010,6037910001,Census Tract 9100.01,Palmdale,Los Angeles County,California,Palmdale,95468.0,20732.0,107863.0,10719.0,30339.0,34032.0,,,,,,,64937.0,17122.0,97620.0,152267.0,106116.0,13370.0,88621.0,27478.0,$95468,$20732,$107863,$10719,$30339,$34032,,,,,,,$64937,$17122,$97620,$152267,$106116,$13370,$88621,$27478
2010,6037910002,Census Tract 9100.02,Palmdale,Los Angeles County,California,Palmdale,66473.0,11179.0,59989.0,8324.0,71795.0,42170.0,,,,,,,74263.0,14657.0,70226.0,169104.0,62519.0,15590.0,66493.0,15757.0,$66473,$11179,$59989,$8324,$71795,$42170,,,,,,,$74263,$14657,$70226,$169104,$62519,$15590,$66493,$15757
2010,6037910101,Census Tract 9101.01,Palmdale,Los Angeles County,California,Palmdale,31214.0,16728.0,30974.0,6002.0,,,,,114681.0,66880.0,,,17459.0,7758.0,,,29700.0,19243.0,22736.0,10802.0,$31214,$16728,$30974,$6002,,,,,$114681,$66880,,,$17459,$7758,,,$29700,$19243,$22736,$10802
2010,6037910201,Census Tract 9102.01,Palmdale,Los Angeles County,California,Palmdale,71921.0,21082.0,93515.0,18030.0,68908.0,35603.0,33722.0,36748.0,46641.0,2820.0,,,49036.0,25451.0,,,91659.0,12640.0,53630.0,25018.0,$71921,$21082,$93515,$18030,$68908,$35603,$33722,$36748,$46641,$2820,,,$49036,$25451,,,$91659,$12640,$53630,$25018
2010,6037910202,Census Tract 9102.02,Palmdale,Los Angeles County,California,Palmdale,132361.0,24902.0,124194.0,28483.0,133722.0,65938.0,,,179505.0,126576.0,,,100984.0,33823.0,,,131064.0,34758.0,100232.0,47829.0,$132361,$24902,$124194,$28483,$133722,$65938,,,$179505,$126576,,,$100984,$33823,,,$131064,$34758,$100232,$47829
2010,6037910205,Census Tract 9102.05,Palmdale,Los Angeles County,California,Palmdale,125853.0,14916.0,131968.0,23599.0,,,,,156131.0,168395.0,,,124204.0,73212.0,,,122237.0,25630.0,125428.0,45878.0,$125853,$14916,$131968,$23599,,,,,$156131,$168395,,,$124204,$73212,,,$122237,$25630,$125428,$45878
2010,6037910206,Census Tract 9102.06,Palmdale,Los Angeles County,California,Palmdale,110613.0,18578.0,115698.0,28932.0,99428.0,60391.0,,,133895.0,55060.0,,,92197.0,60825.0,,,122271.0,62355.0,80238.0,20181.0,$110613,$18578,$115698,$28932,$99428,$60391,,,$133895,$55060,,,$92197,$60825,,,$122271,$62355,$80238,$20181
2010,6037910207,Census Tract 9102.07,Palmdale,Los Angeles County,California,Palmdale,123206.0,18676.0,131444.0,25462.0,36093.0,123773.0,,,76443.0,138037.0,,,137669.0,41123.0,,,127568.0,28923.0,137494.0,20658.0,$123206,$18676,$131444,$25462,$36093,$123773,,,$76443,$138037,,,$137669,$41123,,,$127568,$28923,$137494,$20658
2010,6037910208,Census Tract 9102.08,Palmdale,Los Angeles County,California,Palmdale,88765.0,8385.0,91431.0,20672.0,79460.0,93828.0,,,98488.0,55836.0,,,82664.0,46053.0,68264.0,31371.0,92118.0,22143.0,81678.0,37683.0,$88765,$8385,$91431,$20672,$79460,$93828,,,$98488,$55836,,,$82664,$46053,$68264,$31371,$92118,$22143,$81678,$37683
2010,6037910209,Census Tract 9102.09,Palmdale,Los Angeles County,California,Palmdale,125503.0,28418.0,130361.0,30609.0,148358.0,130210.0,,,118327.0,151413.0,,,,,,,147403.0,34176.0,99993.0,18160.0,$125503,$28418,$130361,$30609,$148358,$130210,,,$118327,$151413,,,,,,,$147403,$34176,$99993,$18160
2010,6037910210,Census Tract 9102.10,Palmdale,Los Angeles County,California,Palmdale,120376.0,13352.0,122800.0,22765.0,192190.0,155343.0,,,86101.0,100120.0,,,77373.0,63249.0,98793.0,43664.0,111812.0,8643.0,150407.0,69397.0,$120376,$13352,$122800,$22765,$192190,$155343,,,$86101,$100120,,,$77373,$63249,$98793,$43664,$111812,$8643,$150407,$69397
2010,6037910301,Census Tract 9103.01,Palmdale,Los Angeles County,California,Palmdale,119193.0,40190.0,115029.0,16759.0,157389.0,108352.0,,,216112.0,281463.0,,,153661.0,46860.0,,,117505.0,29890.0,70503.0,97169.0,$119193,$40190,$115029,$16759,$157389,$108352,,,$216112,$281463,,,$153661,$46860,,,$117505,$29890,$70503,$97169
2010,6037910302,Census Tract 9103.02,Palmdale,Los Angeles County,California,Palmdale,139936.0,10031.0,137617.0,14360.0,161776.0,58757.0,,,184580.0,213578.0,,,119704.0,6180.0,53458.0,153023.0,137617.0,20201.0,121365.0,24137.0,$139936,$10031,$137617,$14360,$161776,$58757,,,$184580,$213578,,,$119704,$6180,$53458,$153023,$137617,$20201,$121365,$24137
2010,6037910401,Census Tract 9104.01,Palmdale,Los Angeles County,California,Palmdale,101235.0,9879.0,89987.0,23304.0,74172.0,29568.0,,,94969.0,24862.0,,,126582.0,13540.0,41036.0,162596.0,98739.0,19162.0,110960.0,28849.0,$101235,$9879,$89987,$23304,$74172,$29568,,,$94969,$24862,,,$126582,$13540,$41036,$162596,$98739,$19162,$110960,$28849
2010,6037910402,Census Tract 9104.02,Palmdale,Los Angeles County,California,Palmdale,40517.0,6450.0,37738.0,30663.0,33315.0,13155.0,,,,,,,44619.0,9565.0,21242.0,85365.0,28731.0,54771.0,42230.0,13715.0,$40517,$6450,$37738,$30663,$33315,$13155,,,,,,,$44619,$9565,$21242,$85365,$28731,$54771,$42230,$13715
2010,6037910403,Census Tract 9104.03,Palmdale,Los Angeles County,California,Palmdale,41232.0,8174.0,47455.0,12427.0,15868.0,13563.0,,,152644.0,161044.0,,,43280.0,17042.0,,,24305.0,43196.0,46318.0,10611.0,$41232,$8174,$47455,$12427,$15868,$13563,,,$152644,$161044,,,$43280,$17042,,,$24305,$43196,$46318,$10611
2010,6037910404,Census Tract 9104.04,Palmdale,Los Angeles County,California,Palmdale,65200.0,9941.0,74408.0,27085.0,74396.0,30026.0,,,,,,,59564.0,10983.0,38699.0,11593.0,75059.0,37709.0,60560.0,7642.0,$65200,$9941,$74408,$27085,$74396,$30026,,,,,,,$59564,$10983,$38699,$11593,$75059,$37709,$60560,$7642
2010,6037910501,Census Tract 9105.01,Palmdale,Los Angeles County,California,Palmdale,31195.0,2412.0,30326.0,5885.0,31100.0,6115.0,,,35093.0,19658.0,,,31674.0,2949.0,16188.0,8323.0,28473.0,4090.0,32116.0,3961.0,$31195,$2412,$30326,$5885,$31100,$6115,,,$35093,$19658,,,$31674,$2949,$16188,$8323,$28473,$4090,$32116,$3961
2010,6037910502,Census Tract 9105.02,Palmdale,Los Angeles County,California,Palmdale,44457.0,4485.0,48132.0,25474.0,34662.0,14082.0,,,,,,,47806.0,11247.0,45703.0,14147.0,40976.0,13960.0,47404.0,11071.0,$44457,$4485,$48132,$25474,$34662,$14082,,,,,,,$47806,$11247,$45703,$14147,$40976,$13960,$47404,$11071
2010,6037910504,Census Tract 9105.04,Palmdale,Los Angeles County,California,Palmdale,55517.0,7436.0,65776.0,16885.0,58301.0,56476.0,,,,,,,49945.0,13962.0,,,70123.0,47592.0,48768.0,13299.0,$55517,$7436,$65776,$16885,$58301,$56476,,,,,,,$49945,$13962,,,$70123,$47592,$48768,$13299
2010,6037910505,Census Tract 9105.05,Palmdale,Los Angeles County,California,Palmdale,75776.0,10242.0,74420.0,18415.0,101235.0,31194.0,,,93617.0,97213.0,,,65573.0,27141.0,,,91164.0,36815.0,58852.0,17258.0,$75776,$10242,$74420,$18415,$101235,$31194,,,$93617,$97213,,,$65573,$27141,,,$91164,$36815,$58852,$17258
2010,6037910601,Census Tract 9106.01,Palmdale,Los Angeles County,California,Palmdale,57924.0,14323.0,67731.0,11409.0,44619.0,20691.0,,,123983.0,105101.0,,,49104.0,29893.0,23892.0,1757.0,63950.0,18053.0,62472.0,17256.0,$57924,$14323,$67731,$11409,$44619,$20691,,,$123983,$105101,,,$49104,$29893,$23892,$1757,$63950,$18053,$62472,$17256
2010,6037910602,Census Tract 9106.02,Palmdale,Los Angeles County,California,Palmdale,49545.0,8058.0,38795.0,5601.0,49746.0,60487.0,,,159385.0,116490.0,,,54750.0,41491.0,47270.0,11435.0,40788.0,26488.0,49853.0,18569.0,$49545,$8058,$38795,$5601,$49746,$60487,,,$159385,$116490,,,$54750,$41491,$47270,$11435,$40788,$26488,$49853,$18569
2010,6037910603,Census Tract 9106.03,Palmdale,Los Angeles County,California,Palmdale,75630.0,7254.0,80228.0,14681.0,70996.0,64355.0,,,79714.0,42397.0,,,74172.0,12145.0,16769.0,100381.0,99066.0,48752.0,74658.0,5747.0,$75630,$7254,$80228,$14681,$70996,$64355,,,$79714,$42397,,,$74172,$12145,$16769,$100381,$99066,$48752,$74658,$5747
2010,6037910605,Census Tract 9106.05,Palmdale,Los Angeles County,California,Palmdale,78187.0,11364.0,74722.0,26023.0,75874.0,15449.0,24487.0,53983.0,162249.0,84312.0,,,79778.0,45283.0,,,89987.0,23785.0,55896.0,42086.0,$78187,$11364,$74722,$26023,$75874,$15449,$24487,$53983,$162249,$84312,,,$79778,$45283,,,$89987,$23785,$55896,$42086
2010,6037910606,Census Tract 9106.06,Palmdale,Los Angeles County,California,Palmdale,97866.0,29757.0,99428.0,28265.0,99756.0,79227.0,,,,,,,83519.0,44238.0,,,106446.0,45294.0,73668.0,27422.0,$97866,$29757,$99428,$28265,$99756,$79227,,,,,,,$83519,$44238,,,$106446,$45294,$73668,$27422
2010,6037910705,Census Tract 9107.05,Palmdale,Los Angeles County,California,Palmdale,95543.0,10005.0,112354.0,19343.0,74473.0,31432.0,,,135583.0,61448.0,,,74642.0,12487.0,160138.0,70281.0,122372.0,13117.0,86020.0,14036.0,$95543,$10005,$112354,$19343,$74473,$31432,,,$135583,$61448,,,$74642,$12487,$160138,$70281,$122372,$13117,$86020,$14036
2010,6037910706,Census Tract 9107.06,Palmdale,Los Angeles County,California,Palmdale,88468.0,22911.0,78781.0,15298.0,106017.0,96647.0,,,159521.0,113846.0,,,100300.0,21654.0,39710.0,42697.0,61464.0,33160.0,97756.0,24542.0,$88468,$22911,$78781,$15298,$106017,$96647,,,$159521,$113846,,,$100300,$21654,$39710,$42697,$61464,$33160,$97756,$24542
2010,6037910707,Census Tract 9107.07,Palmdale,Los Angeles County,California,Palmdale,55954.0,14597.0,59756.0,23498.0,41152.0,13289.0,,,43174.0,194881.0,,,72224.0,16757.0,99789.0,31990.0,59155.0,27725.0,72010.0,14964.0,$55954,$14597,$59756,$23498,$41152,$13289,,,$43174,$194881,,,$72224,$16757,$99789,$31990,$59155,$27725,$72010,$14964
2010,6037910709,Census Tract 9107.09,Palmdale,Los Angeles County,California,Palmdale,127599.0,71628.0,139802.0,98583.0,,,,,,,,,116434.0,14611.0,210250.0,231217.0,177564.0,101909.0,117371.0,20477.0,$127599,$71628,$139802,$98583,,,,,,,,,$116434,$14611,$210250,$231217,$177564,$101909,$117371,$20477
2010,6037910711,Census Tract 9107.11,Palmdale,Los Angeles County,California,Palmdale,70487.0,7749.0,92525.0,31601.0,35821.0,27937.0,,,81457.0,63869.0,,,69660.0,23459.0,64371.0,22528.0,103244.0,41774.0,70442.0,7679.0,$70487,$7749,$92525,$31601,$35821,$27937,,,$81457,$63869,,,$69660,$23459,$64371,$22528,$103244,$41774,$70442,$7679
2010,6037910712,Census Tract 9107.12,Palmdale,Los Angeles County,California,Palmdale,97319.0,43322.0,116400.0,82288.0,,,,,64143.0,31570.0,,,138295.0,78884.0,95209.0,1111.0,152757.0,86928.0,114493.0,79953.0,$97319,$43322,$116400,$82288,,,,,$64143,$31570,,,$138295,$78884,$95209,$1111,$152757,$86928,$114493,$79953
2010,6037910713,Census Tract 9107.13,Palmdale,Los Angeles County,California,Palmdale,83596.0,11717.0,74590.0,22208.0,68437.0,56679.0,,,83674.0,92571.0,,,86020.0,33539.0,,,90027.0,42912.0,78873.0,13214.0,$83596,$11717,$74590,$22208,$68437,$56679,,,$83674,$92571,,,$86020,$33539,,,$90027,$42912,$78873,$13214
2010,6037910714,Census Tract 9107.14,Palmdale,Los Angeles County,California,Palmdale,70124.0,17415.0,71669.0,30073.0,10112.0,134323.0,,,,,,,80834.0,37388.0,,,80988.0,45488.0,71728.0,26210.0,$70124,$17415,$71669,$30073,$10112,$134323,,,,,,,$80834,$37388,,,$80988,$45488,$71728,$26210
2010,6037910715,Census Tract 9107.15,Palmdale,Los Angeles County,California,Palmdale,69547.0,11464.0,94850.0,14611.0,44917.0,11137.0,58193.0,35328.0,137916.0,27535.0,,,69970.0,12017.0,92558.0,69624.0,95488.0,22184.0,70457.0,9594.0,$69547,$11464,$94850,$14611,$44917,$11137,$58193,$35328,$137916,$27535,,,$69970,$12017,$92558,$69624,$95488,$22184,$70457,$9594
2010,6037910716,Census Tract 9107.16,Palmdale,Los Angeles County,California,Palmdale,96772.0,27792.0,111771.0,26213.0,80708.0,32794.0,49413.0,6735.0,147634.0,136037.0,,,68074.0,22011.0,,,130160.0,24852.0,65955.0,12142.0,$96772,$27792,$111771,$26213,$80708,$32794,$49413,$6735,$147634,$136037,,,$68074,$22011,,,$130160,$24852,$65955,$12142
2010,6037910804,Census Tract 9108.04,Palmdale,Los Angeles County,California,Palmdale,133775.0,20870.0,141316.0,20460.0,,,,,,,,,93876.0,55192.0,,,135748.0,21069.0,120895.0,48090.0,$133775,$20870,$141316,$20460,,,,,,,,,$93876,$55192,,,$135748,$21069,$120895,$48090
2010,6037910812,Census Tract 9108.12,Palmdale,Los Angeles County,California,Palmdale,152675.0,51860.0,153578.0,76375.0,,,,,,,,,,,,,153578.0,76375.0,,,$152675,$51860,$153578,$76375,,,,,,,,,,,,,$153578,$76375,,
2010,6037910813,Census Tract 9108.13,Palmdale,Los Angeles County,California,Palmdale,161151.0,58100.0,173934.0,59098.0,,,,,,,,,260545.0,506419.0,57126.0,38804.0,164910.0,61096.0,203088.0,82450.0,$161151,$58100,$173934,$59098,,,,,,,,,$260545,$506419,$57126,$38804,$164910,$61096,$203088,$82450
2010,6037980004,Census Tract 9800.04,Palmdale,Los Angeles County,California,Palmdale,,,,,,,,,,,,,,,,,,,,,,,,,,,,,,,,,,,,,,,,
2011,6037900201,Census Tract 9002.01,Palmdale,Los Angeles County,California,Palmdale,51078.0,11350.0,52284.0,13926.0,,,,,3502.0,,,,57813.0,60435.0,,,58251.0,18248.0,44264.0,22047.0,$51078,$11350,$52284,$13926,,,,,$3502,,,,$57813,$60435,,,$58251,$18248,$44264,$22047
2011,6037901213,Census Tract 9012.13,Palmdale,Los Angeles County,California,Palmdale,149496.0,30674.0,158082.0,23852.0,81106.0,47839.0,,,200593.0,102497.0,,,5840.0,104141.0,16392.0,114276.0,151539.0,30440.0,160980.0,95865.0,$149496,$30674,$158082,$23852,$81106,$47839,,,$200593,$102497,,,$5840,$104141,$16392,$114276,$151539,$30440,$160980,$95865
2011,6037910001,Census Tract 9100.01,Palmdale,Los Angeles County,California,Palmdale,84631.0,17066.0,103309.0,21394.0,24208.0,18012.0,,,,,,,78271.0,26553.0,48858.0,198131.0,106476.0,26330.0,85001.0,15641.0,$84631,$17066,$103309,$21394,$24208,$18012,,,,,,,$78271,$26553,$48858,$198131,$106476,$26330,$85001,$15641
2011,6037910002,Census Tract 9100.02,Palmdale,Los Angeles County,California,Palmdale,71347.0,15310.0,66254.0,42125.0,45308.0,46294.0,,,,,,,73058.0,17564.0,68324.0,195222.0,95917.0,42036.0,64439.0,14556.0,$71347,$15310,$66254,$42125,$45308,$46294,,,,,,,$73058,$17564,$68324,$195222,$95917,$42036,$64439,$14556
2011,6037910101,Census Tract 9101.01,Palmdale,Los Angeles County,California,Palmdale,23415.0,10810.0,29718.0,12220.0,111246.0,3975.0,144293.0,58825.0,3502.0,,,,16780.0,2970.0,,,22884.0,8820.0,21934.0,10083.0,$23415,$10810,$29718,$12220,$111246,$3975,$144293,$58825,$3502,,,,$16780,$2970,,,$22884,$8820,$21934,$10083
2011,6037910201,Census Tract 9102.01,Palmdale,Los Angeles County,California,Palmdale,71577.0,21293.0,89830.0,17337.0,66732.0,40588.0,32676.0,39585.0,43957.0,36563.0,,,55010.0,22604.0,,,83923.0,16066.0,65151.0,18340.0,$71577,$21293,$89830,$17337,$66732,$40588,$32676,$39585,$43957,$36563,,,$55010,$22604,,,$83923,$16066,$65151,$18340
2011,6037910202,Census Tract 9102.02,Palmdale,Los Angeles County,California,Palmdale,133101.0,32149.0,136648.0,39177.0,150703.0,36469.0,,,179934.0,64208.0,,,96104.0,40770.0,297345.0,190809.0,144532.0,41101.0,95554.0,27953.0,$133101,$32149,$136648,$39177,$150703,$36469,,,$179934,$64208,,,$96104,$40770,$297345,$190809,$144532,$41101,$95554,$27953
2011,6037910205,Census Tract 9102.05,Palmdale,Los Angeles County,California,Palmdale,124535.0,30874.0,130584.0,61615.0,,,,,154661.0,175755.0,,,123283.0,151904.0,,,100248.0,55737.0,124986.0,76107.0,$124535,$30874,$130584,$61615,,,,,$154661,$175755,,,$123283,$151904,,,$100248,$55737,$124986,$76107
2011,6037910206,Census Tract 9102.06,Palmdale,Los Angeles County,California,Palmdale,113750.0,8090.0,114124.0,13605.0,110042.0,47200.0,,,107305.0,24053.0,,,117628.0,58987.0,,,116367.0,33442.0,112450.0,68006.0,$113750,$8090,$114124,$13605,$110042,$47200,,,$107305,$24053,,,$117628,$58987,,,$116367,$33442,$112450,$68006
2011,6037910207,Census Tract 9102.07,Palmdale,Los Angeles County,California,Palmdale,116144.0,10060.0,129974.0,18632.0,37024.0,62435.0,,,37257.0,41329.0,,,78178.0,52348.0,,,126774.0,27585.0,115976.0,26302.0,$116144,$10060,$129974,$18632,$37024,$62435,,,$37257,$41329,,,$78178,$52348,,,$126774,$27585,$115976,$26302
2011,6037910208,Census Tract 9102.08,Palmdale,Los Angeles County,California,Palmdale,88600.0,16523.0,91777.0,27666.0,67776.0,91731.0,,,90603.0,15016.0,,,88076.0,53305.0,69758.0,35102.0,92220.0,30709.0,87801.0,31436.0,$88600,$16523,$91777,$27666,$67776,$91731,,,$90603,$15016,,,$88076,$53305,$69758,$35102,$92220,$30709,$87801,$31436
2011,6037910209,Census Tract 9102.09,Palmdale,Los Angeles County,California,Palmdale,115188.0,23880.0,112779.0,23195.0,137751.0,57594.0,,,182198.0,105143.0,,,,,,,131796.0,41520.0,86646.0,27154.0,$115188,$23880,$112779,$23195,$137751,$57594,,,$182198,$105143,,,,,,,$131796,$41520,$86646,$27154
2011,6037910210,Census Tract 9102.10,Palmdale,Los Angeles County,California,Palmdale,113567.0,16570.0,126707.0,23890.0,120539.0,51290.0,,,86264.0,21778.0,,,67573.0,64442.0,99274.0,41627.0,111684.0,14122.0,173001.0,80122.0,$113567,$16570,$126707,$23890,$120539,$51290,,,$86264,$21778,,,$67573,$64442,$99274,$41627,$111684,$14122,$173001,$80122
2011,6037910301,Census Tract 9103.01,Palmdale,Los Angeles County,California,Palmdale,117921.0,22136.0,114991.0,18189.0,156337.0,111710.0,,,112759.0,53374.0,,,133940.0,44071.0,89347.0,211202.0,115866.0,27052.0,90514.0,72730.0,$117921,$22136,$114991,$18189,$156337,$111710,,,$112759,$53374,,,$133940,$44071,$89347,$211202,$115866,$27052,$90514,$72730
2011,6037910302,Census Tract 9103.02,Palmdale,Los Angeles County,California,Palmdale,113874.0,17655.0,107386.0,17726.0,146513.0,59539.0,,,145933.0,276715.0,,,118576.0,14978.0,180446.0,165138.0,105114.0,17009.0,123673.0,26194.0,$113874,$17655,$107386,$17726,$146513,$59539,,,$145933,$276715,,,$118576,$14978,$180446,$165138,$105114,$17009,$123673,$26194
2011,6037910401,Census Tract 9104.01,Palmdale,Los Angeles County,California,Palmdale,100793.0,13099.0,98475.0,25237.0,71768.0,11914.0,,,92087.0,26084.0,,,123812.0,17041.0,144240.0,83968.0,100504.0,21464.0,110797.0,22933.0,$100793,$13099,$98475,$25237,$71768,$11914,,,$92087,$26084,,,$123812,$17041,$144240,$83968,$100504,$21464,$110797,$22933
2011,6037910402,Census Tract 9104.02,Palmdale,Los Angeles County,California,Palmdale,46008.0,4633.0,48544.0,7514.0,33851.0,34043.0,,,,,,,45509.0,5665.0,20772.0,90952.0,50221.0,8546.0,46400.0,5745.0,$46008,$4633,$48544,$7514,$33851,$34043,,,,,,,$45509,$5665,$20772,$90952,$50221,$8546,$46400,$5745
2011,6037910403,Census Tract 9104.03,Palmdale,Los Angeles County,California,Palmdale,44753.0,9302.0,46983.0,20330.0,28190.0,28095.0,,,150973.0,239007.0,,,47067.0,14385.0,64320.0,53105.0,29198.0,24775.0,48797.0,7905.0,$44753,$9302,$46983,$20330,$28190,$28095,,,$150973,$239007,,,$47067,$14385,$64320,$53105,$29198,$24775,$48797,$7905
2011,6037910404,Census Tract 9104.04,Palmdale,Los Angeles County,California,Palmdale,62617.0,14251.0,82924.0,24351.0,74091.0,40979.0,,,,,,,55517.0,14663.0,,,92851.0,21313.0,60591.0,7885.0,$62617,$14251,$82924,$24351,$74091,$40979,,,,,,,$55517,$14663,,,$92851,$21313,$60591,$7885
2011,6037910501,Census Tract 9105.01,Palmdale,Los Angeles County,California,Palmdale,29117.0,3721.0,29557.0,10063.0,23666.0,7813.0,,,39533.0,27204.0,,,31405.0,3648.0,16332.0,2639.0,30121.0,5315.0,30594.0,3662.0,$29117,$3721,$29557,$10063,$23666,$7813,,,$39533,$27204,,,$31405,$3648,$16332,$2639,$30121,$5315,$30594,$3662
2011,6037910502,Census Tract 9105.02,Palmdale,Los Angeles County,California,Palmdale,43904.0,8695.0,44498.0,14692.0,27042.0,9229.0,,,,,,,54309.0,7678.0,43725.0,9749.0,41388.0,17443.0,53258.0,10328.0,$43904,$8695,$44498,$14692,$27042,$9229,,,,,,,$54309,$7678,$43725,$9749,$41388,$17443,$53258,$10328
2011,6037910504,Census Tract 9105.04,Palmdale,Los Angeles County,California,Palmdale,56861.0,11258.0,95103.0,59010.0,57546.0,36776.0,,,,,,,50385.0,23526.0,,,111596.0,33314.0,49104.0,20591.0,$56861,$11258,$95103,$59010,$57546,$36776,,,,,,,$50385,$23526,,,$111596,$33314,$49104,$20591
2011,6037910505,Census Tract 9105.05,Palmdale,Los Angeles County,California,Palmdale,69794.0,10973.0,77473.0,56862.0,77004.0,61685.0,,,,,,,66935.0,22748.0,,,107199.0,33252.0,55661.0,13270.0,$69794,$10973,$77473,$56862,$77004,$61685,,,,,,,$66935,$22748,,,$107199,$33252,$55661,$13270
2011,6037910601,Census Tract 9106.01,Palmdale,Los Angeles County,California,Palmdale,52654.0,11383.0,67050.0,16018.0,34162.0,14866.0,,,123217.0,160889.0,,,49369.0,10462.0,23651.0,7919.0,63458.0,22186.0,52522.0,21593.0,$52654,$11383,$67050,$16018,$34162,$14866,,,$123217,$160889,,,$49369,$10462,$23651,$7919,$63458,$22186,$52522,$21593
2011,6037910602,Census Tract 9106.02,Palmdale,Los Angeles County,California,Palmdale,51496.0,9891.0,40214.0,33306.0,37904.0,15797.0,,,157971.0,105717.0,,,72041.0,35032.0,50254.0,5553.0,42797.0,47730.0,54699.0,32807.0,$51496,$9891,$40214,$33306,$37904,$15797,,,$157971,$105717,,,$72041,$35032,$50254,$5553,$42797,$47730,$54699,$32807
2011,6037910603,Census Tract 9106.03,Palmdale,Los Angeles County,California,Palmdale,74408.0,8579.0,77360.0,13200.0,62893.0,75777.0,,,83741.0,48786.0,,,66197.0,8967.0,,,79297.0,27180.0,69354.0,11146.0,$74408,$8579,$77360,$13200,$62893,$75777,,,$83741,$48786,,,$66197,$8967,,,$79297,$27180,$69354,$11146
2011,6037910605,Census Tract 9106.05,Palmdale,Los Angeles County,California,Palmdale,64761.0,18946.0,62192.0,38074.0,71270.0,40099.0,21314.0,13379.0,161800.0,116274.0,,,51900.0,34539.0,74018.0,103855.0,93240.0,14598.0,48884.0,18230.0,$64761,$18946,$62192,$38074,$71270,$40099,$21314,$13379,$161800,$116274,,,$51900,$34539,$74018,$103855,$93240,$14598,$48884,$18230
2011,6037910606,Census Tract 9106.06,Palmdale,Los Angeles County,California,Palmdale,72819.0,29627.0,87887.0,32829.0,32585.0,110429.0,,,,,,,65633.0,25816.0,,,106811.0,34419.0,67974.0,12946.0,$72819,$29627,$87887,$32829,$32585,$110429,,,,,,,$65633,$25816,,,$106811,$34419,$67974,$12946
2011,6037910705,Census Tract 9107.05,Palmdale,Los Angeles County,California,Palmdale,93771.0,12461.0,107960.0,13763.0,83257.0,35543.0,,,120881.0,74674.0,,,76217.0,11490.0,20906.0,307810.0,119830.0,26253.0,86150.0,13955.0,$93771,$12461,$107960,$13763,$83257,$35543,,,$120881,$74674,,,$76217,$11490,$20906,$307810,$119830,$26253,$86150,$13955
2011,6037910706,Census Tract 9107.06,Palmdale,Los Angeles County,California,Palmdale,78943.0,10338.0,77522.0,10146.0,88471.0,158945.0,,,99724.0,47423.0,,,86865.0,28285.0,56177.0,176287.0,77412.0,29869.0,82121.0,17890.0,$78943,$10338,$77522,$10146,$88471,$158945,,,$99724,$47423,,,$86865,$28285,$56177,$176287,$77412,$29869,$82121,$17890
2011,6037910707,Census Tract 9107.07,Palmdale,Los Angeles County,California,Palmdale,71430.0,12532.0,71828.0,26326.0,55252.0,18933.0,47989.0,84161.0,130180.0,159457.0,,,72041.0,4618.0,101501.0,10305.0,55336.0,27708.0,72939.0,6069.0,$71430,$12532,$71828,$26326,$55252,$18933,$47989,$84161,$130180,$159457,,,$72041,$4618,$101501,$10305,$55336,$27708,$72939,$6069
2011,6037910709,Census Tract 9107.09,Palmdale,Los Angeles County,California,Palmdale,141356.0,51552.0,180446.0,57450.0,,,,,,,,,116720.0,124682.0,84967.0,82566.0,181030.0,48109.0,51629.0,127251.0,$141356,$51552,$180446,$57450,,,,,,,,,$116720,$124682,$84967,$82566,$181030,$48109,$51629,$127251
2011,6037910711,Census Tract 9107.11,Palmdale,Los Angeles County,California,Palmdale,70596.0,10057.0,76873.0,40249.0,32042.0,15669.0,,,77632.0,34201.0,,,72851.0,26028.0,64742.0,13076.0,91099.0,42368.0,72799.0,9512.0,$70596,$10057,$76873,$40249,$32042,$15669,,,$77632,$34201,,,$72851,$26028,$64742,$13076,$91099,$42368,$72799,$9512
2011,6037910712,Census Tract 9107.12,Palmdale,Los Angeles County,California,Palmdale,116677.0,27742.0,117377.0,22650.0,179351.0,327335.0,,,88317.0,52484.0,,,140636.0,53765.0,92443.0,40690.0,125646.0,84817.0,117523.0,44751.0,$116677,$27742,$117377,$22650,$179351,$327335,,,$88317,$52484,,,$140636,$53765,$92443,$40690,$125646,$84817,$117523,$44751
2011,6037910713,Census Tract 9107.13,Palmdale,Los Angeles County,California,Palmdale,76323.0,18918.0,86185.0,18412.0,60316.0,36864.0,,,38208.0,107101.0,,,84792.0,17511.0,,,117816.0,46134.0,79420.0,17501.0,$76323,$18918,$86185,$18412,$60316,$36864,,,$38208,$107101,,,$84792,$17511,,,$117816,$46134,$79420,$17501
2011,6037910714,Census Tract 9107.14,Palmdale,Los Angeles County,California,Palmdale,64394.0,15735.0,58013.0,22091.0,110370.0,66791.0,,,,,,,63210.0,22775.0,,,77259.0,44826.0,58191.0,14105.0,$64394,$15735,$58013,$22091,$110370,$66791,,,,,,,$63210,$22775,,,$77259,$44826,$58191,$14105
2011,6037910715,Census Tract 9107.15,Palmdale,Los Angeles County,California,Palmdale,60214.0,12112.0,96966.0,10188.0,46089.0,17534.0,56539.0,34313.0,124385.0,86060.0,,,61576.0,13187.0,3502.0,,98237.0,7132.0,67357.0,12886.0,$60214,$12112,$96966,$10188,$46089,$17534,$56539,$34313,$124385,$86060,,,$61576,$13187,$3502,,$98237,$7132,$67357,$12886
2011,6037910716,Census Tract 9107.16,Palmdale,Los Angeles County,California,Palmdale,80587.0,15612.0,110190.0,20559.0,92954.0,29593.0,51973.0,2919.0,147638.0,134865.0,,,59361.0,13326.0,,,117290.0,27344.0,58504.0,7654.0,$80587,$15612,$110190,$20559,$92954,$29593,$51973,$2919,$147638,$134865,,,$59361,$13326,,,$117290,$27344,$58504,$7654
2011,6037910804,Census Tract 9108.04,Palmdale,Los Angeles County,California,Palmdale,130097.0,14150.0,131964.0,16274.0,,,,,,,,,93260.0,25415.0,,,131278.0,15795.0,107645.0,39456.0,$130097,$14150,$131964,$16274,,,,,,,,,$93260,$25415,,,$131278,$15795,$107645,$39456
2011,6037910812,Census Tract 9108.12,Palmdale,Los Angeles County,California,Palmdale,141426.0,73536.0,108140.0,99393.0,,,,,,,,,,,,,106548.0,79800.0,,,$141426,$73536,$108140,$99393,,,,,,,,,,,,,$106548,$79800,,
2011,6037910813,Census Tract 9108.13,Palmdale,Los Angeles County,California,Palmdale,141904.0,28682.0,148912.0,31093.0,,,,,,,,,263661.0,389729.0,55382.0,44556.0,149496.0,30740.0,161300.0,132420.0,$141904,$28682,$148912,$31093,,,,,,,,,$263661,$389729,$55382,$44556,$149496,$30740,$161300,$132420
2011,6037980004,Census Tract 9800.04,Palmdale,Los Angeles County,California,Palmdale,3502.0,,,,,,,,,,,,,,3502.0,,,,3502.0,,$3502,,,,,,,,,,,,,,$3502,,,,$3502,
2012,6037900201,Census Tract 9002.01,Palmdale,Los Angeles County,California,Palmdale,54226.0,14806.0,56414.0,14931.0,,,,,3431.0,,,,41614.0,17035.0,,,55913.0,17253.0,60060.0,24557.0,$54226,$14806,$56414,$14931,,,,,$3431,,,,$41614,$17035,,,$55913,$17253,$60060,$24557
2012,6037901213,Census Tract 9012.13,Palmdale,Los Angeles County,California,Palmdale,145861.0,27642.0,154038.0,26351.0,83787.0,35458.0,,,204015.0,32387.0,,,9806.0,169399.0,15993.0,121152.0,147405.0,29537.0,136209.0,68592.0,$145861,$27642,$154038,$26351,$83787,$35458,,,$204015,$32387,,,$9806,$169399,$15993,$121152,$147405,$29537,$136209,$68592
2012,6037910001,Census Tract 9100.01,Palmdale,Los Angeles County,California,Palmdale,92313.0,17866.0,104888.0,15536.0,46332.0,49510.0,,,,,,,89544.0,21767.0,47858.0,207086.0,106023.0,12424.0,90129.0,14637.0,$92313,$17866,$104888,$15536,$46332,$49510,,,,,,,$89544,$21767,$47858,$207086,$106023,$12424,$90129,$14637
2012,6037910002,Census Tract 9100.02,Palmdale,Los Angeles County,California,Palmdale,68702.0,17588.0,65604.0,36719.0,77258.0,70978.0,,,70847.0,265975.0,,,63256.0,23540.0,59080.0,112171.0,90854.0,34614.0,56358.0,8782.0,$68702,$17588,$65604,$36719,$77258,$70978,,,$70847,$265975,,,$63256,$23540,$59080,$112171,$90854,$34614,$56358,$8782
2012,6037910101,Census Tract 9101.01,Palmdale,Los Angeles County,California,Palmdale,26462.0,6308.0,29602.0,12046.0,115219.0,23975.0,144718.0,62672.0,3431.0,,,,16870.0,7725.0,,,28829.0,28671.0,21049.0,10201.0,$26462,$6308,$29602,$12046,$115219,$23975,$144718,$62672,$3431,,,,$16870,$7725,,,$28829,$28671,$21049,$10201
2012,6037910201,Census Tract 9102.01,Palmdale,Los Angeles County,California,Palmdale,66157.0,13901.0,83947.0,11965.0,47297.0,30725.0,32032.0,41409.0,46332.0,10772.0,,,51671.0,16036.0,,,81288.0,12252.0,54722.0,27554.0,$66157,$13901,$83947,$11965,$47297,$30725,$32032,$41409,$46332,$10772,,,$51671,$16036,,,$81288,$12252,$54722,$27554
2012,6037910202,Census Tract 9102.02,Palmdale,Los Angeles County,California,Palmdale,133709.0,29102.0,143409.0,33899.0,151046.0,37022.0,,,179537.0,10057.0,,,84085.0,43440.0,,,146173.0,35464.0,97273.0,25714.0,$133709,$29102,$143409,$33899,$151046,$37022,,,$179537,$10057,,,$84085,$43440,,,$146173,$35464,$97273,$25714
2012,6037910205,Census Tract 9102.05,Palmdale,Los Angeles County,California,Palmdale,132347.0,33783.0,135238.0,15669.0,,,,,220079.0,324011.0,3431.0,,76268.0,119388.0,,,135116.0,44917.0,124099.0,112978.0,$132347,$33783,$135238,$15669,,,,,$220079,$324011,$3431,,$76268,$119388,,,$135116,$44917,$124099,$112978
2012,6037910206,Census Tract 9102.06,Palmdale,Los Angeles County,California,Palmdale,119168.0,21022.0,115939.0,31772.0,119461.0,41895.0,,,123553.0,55400.0,,,133401.0,23787.0,111541.0,130951.0,121533.0,65965.0,117032.0,32088.0,$119168,$21022,$115939,$31772,$119461,$41895,,,$123553,$55400,,,$133401,$23787,$111541,$130951,$121533,$65965,$117032,$32088
2012,6037910207,Census Tract 9102.07,Palmdale,Los Angeles County,California,Palmdale,116771.0,9626.0,122508.0,17834.0,124411.0,81314.0,,,36153.0,22905.0,,,107373.0,43863.0,,,134040.0,23449.0,110152.0,16905.0,$116771,$9626,$122508,$17834,$124411,$81314,,,$36153,$22905,,,$107373,$43863,,,$134040,$23449,$110152,$16905
2012,6037910208,Census Tract 9102.08,Palmdale,Los Angeles County,California,Palmdale,84466.0,17392.0,74756.0,14419.0,62441.0,28905.0,,,89550.0,5579.0,,,95144.0,45212.0,,,76148.0,26620.0,87331.0,28642.0,$84466,$17392,$74756,$14419,$62441,$28905,,,$89550,$5579,,,$95144,$45212,,,$76148,$26620,$87331,$28642
2012,6037910209,Census Tract 9102.09,Palmdale,Los Angeles County,California,Palmdale,110911.0,15717.0,108816.0,13677.0,137355.0,81085.0,,,143542.0,70208.0,,,84462.0,61739.0,216708.0,349070.0,116261.0,27865.0,85252.0,21910.0,$110911,$15717,$108816,$13677,$137355,$81085,,,$143542,$70208,,,$84462,$61739,$216708,$349070,$116261,$27865,$85252,$21910
2012,6037910210,Census Tract 9102.10,Palmdale,Los Angeles County,California,Palmdale,124348.0,17965.0,131650.0,23147.0,125699.0,138646.0,,,81832.0,39647.0,,,101981.0,102051.0,,,114792.0,15875.0,133430.0,69401.0,$124348,$17965,$131650,$23147,$125699,$138646,,,$81832,$39647,,,$101981,$102051,,,$114792,$15875,$133430,$69401
2012,6037910301,Census Tract 9103.01,Palmdale,Los Angeles County,California,Palmdale,116023.0,4549.0,115603.0,5236.0,157530.0,22051.0,,,106393.0,59506.0,,,120222.0,41337.0,89233.0,218285.0,115867.0,5845.0,106850.0,40332.0,$116023,$4549,$115603,$5236,$157530,$22051,,,$106393,$59506,,,$120222,$41337,$89233,$218285,$115867,$5845,$106850,$40332
2012,6037910302,Census Tract 9103.02,Palmdale,Los Angeles County,California,Palmdale,119334.0,18013.0,109758.0,20062.0,144252.0,57055.0,,,181955.0,229602.0,,,121746.0,28049.0,202204.0,85224.0,109359.0,20081.0,121882.0,21115.0,$119334,$18013,$109758,$20062,$144252,$57055,,,$181955,$229602,,,$121746,$28049,$202204,$85224,$109359,$20081,$121882,$21115
2012,6037910401,Census Tract 9104.01,Palmdale,Los Angeles County,California,Palmdale,98978.0,8325.0,99685.0,6109.0,70696.0,5652.0,,,83799.0,40711.0,,,121951.0,16155.0,139188.0,121889.0,97935.0,14148.0,112304.0,18588.0,$98978,$8325,$99685,$6109,$70696,$5652,,,$83799,$40711,,,$121951,$16155,$139188,$121889,$97935,$14148,$112304,$18588
2012,6037910402,Census Tract 9104.02,Palmdale,Los Angeles County,California,Palmdale,48066.0,7136.0,48319.0,7390.0,32947.0,14630.0,,,51052.0,53785.0,,,48471.0,7891.0,66734.0,47166.0,51970.0,12037.0,47819.0,7215.0,$48066,$7136,$48319,$7390,$32947,$14630,,,$51052,$53785,,,$48471,$7891,$66734,$47166,$51970,$12037,$47819,$7215
2012,6037910403,Census Tract 9104.03,Palmdale,Los Angeles County,California,Palmdale,36723.0,10227.0,36036.0,16718.0,39087.0,42075.0,,,16224.0,186375.0,,,36208.0,15189.0,42276.0,53457.0,31231.0,11356.0,39551.0,7537.0,$36723,$10227,$36036,$16718,$39087,$42075,,,$16224,$186375,,,$36208,$15189,$42276,$53457,$31231,$11356,$39551,$7537
2012,6037910404,Census Tract 9104.04,Palmdale,Los Angeles County,California,Palmdale,59557.0,4386.0,73069.0,16400.0,37620.0,61963.0,,,,,,,56557.0,14576.0,39611.0,62868.0,91929.0,17963.0,56127.0,12453.0,$59557,$4386,$73069,$16400,$37620,$61963,,,,,,,$56557,$14576,$39611,$62868,$91929,$17963,$56127,$12453
2012,6037910501,Census Tract 9105.01,Palmdale,Los Angeles County,California,Palmdale,27092.0,5343.0,23196.0,6481.0,23395.0,5486.0,,,42744.0,76691.0,,,32995.0,3600.0,21055.0,9365.0,26778.0,5601.0,30185.0,6563.0,$27092,$5343,$23196,$6481,$23395,$5486,,,$42744,$76691,,,$32995,$3600,$21055,$9365,$26778,$5601,$30185,$6563
2012,6037910502,Census Tract 9105.02,Palmdale,Los Angeles County,California,Palmdale,40356.0,5104.0,40627.0,16946.0,26394.0,8625.0,,,,,,,53589.0,8620.0,46247.0,22333.0,38723.0,17188.0,52645.0,9844.0,$40356,$5104,$40627,$16946,$26394,$8625,,,,,,,$53589,$8620,$46247,$22333,$38723,$17188,$52645,$9844
2012,6037910504,Census Tract 9105.04,Palmdale,Los Angeles County,California,Palmdale,52942.0,10236.0,54785.0,36396.0,47347.0,27497.0,,,,,,,56016.0,16677.0,,,71149.0,72377.0,50684.0,17343.0,$52942,$10236,$54785,$36396,$47347,$27497,,,,,,,$56016,$16677,,,$71149,$72377,$50684,$17343
2012,6037910505,Census Tract 9105.05,Palmdale,Los Angeles County,California,Palmdale,71625.0,10075.0,107741.0,42863.0,72808.0,22933.0,,,,,,,66802.0,15990.0,60918.0,11367.0,116983.0,16636.0,63336.0,13664.0,$71625,$10075,$107741,$42863,$72808,$22933,,,,,,,$66802,$15990,$60918,$11367,$116983,$16636,$63336,$13664
2012,6037910601,Census Tract 9106.01,Palmdale,Los Angeles County,California,Palmdale,49435.0,8274.0,55692.0,13352.0,41375.0,27088.0,,,122365.0,224678.0,,,49029.0,16372.0,23467.0,18986.0,48906.0,20138.0,51766.0,15889.0,$49435,$8274,$55692,$13352,$41375,$27088,,,$122365,$224678,,,$49029,$16372,$23467,$18986,$48906,$20138,$51766,$15889
2012,6037910602,Census Tract 9106.02,Palmdale,Los Angeles County,California,Palmdale,46201.0,14196.0,45929.0,17987.0,36820.0,19773.0,,,130417.0,99573.0,,,36842.0,35674.0,40873.0,15995.0,45827.0,16892.0,36710.0,18383.0,$46201,$14196,$45929,$17987,$36820,$19773,,,$130417,$99573,,,$36842,$35674,$40873,$15995,$45827,$16892,$36710,$18383
2012,6037910603,Census Tract 9106.03,Palmdale,Los Angeles County,California,Palmdale,74092.0,11105.0,76692.0,19223.0,43091.0,83739.0,,,124841.0,37789.0,,,64350.0,14773.0,118248.0,89561.0,80496.0,28552.0,72011.0,11478.0,$74092,$11105,$76692,$19223,$43091,$83739,,,$124841,$37789,,,$64350,$14773,$118248,$89561,$80496,$28552,$72011,$11478
2012,6037910605,Census Tract 9106.05,Palmdale,Los Angeles County,California,Palmdale,66924.0,14458.0,84514.0,19634.0,47534.0,50397.0,13156.0,74559.0,64565.0,7733.0,,,46762.0,17930.0,72981.0,61181.0,90656.0,4705.0,53258.0,16128.0,$66924,$14458,$84514,$19634,$47534,$50397,$13156,$74559,$64565,$7733,,,$46762,$17930,$72981,$61181,$90656,$4705,$53258,$16128
2012,6037910606,Census Tract 9106.06,Palmdale,Los Angeles County,California,Palmdale,64212.0,14427.0,73025.0,36761.0,60060.0,84901.0,54912.0,34905.0,3431.0,,,,57364.0,23255.0,5622.0,77501.0,107863.0,63258.0,56171.0,14777.0,$64212,$14427,$73025,$36761,$60060,$84901,$54912,$34905,$3431,,,,$57364,$23255,$5622,$77501,$107863,$63258,$56171,$14777
2012,6037910705,Census Tract 9107.05,Palmdale,Los Angeles County,California,Palmdale,87499.0,10525.0,92665.0,5497.0,81796.0,37242.0,,,121837.0,59889.0,,,73629.0,7924.0,158665.0,206851.0,95607.0,49649.0,81980.0,10542.0,$87499,$10525,$92665,$5497,$81796,$37242,,,$121837,$59889,,,$73629,$7924,$158665,$206851,$95607,$49649,$81980,$10542
2012,6037910706,Census Tract 9107.06,Palmdale,Los Angeles County,California,Palmdale,72808.0,7478.0,75248.0,12373.0,51137.0,36364.0,,,71644.0,148211.0,,,79852.0,20915.0,42900.0,118940.0,79771.0,12723.0,74818.0,11875.0,$72808,$7478,$75248,$12373,$51137,$36364,,,$71644,$148211,,,$79852,$20915,$42900,$118940,$79771,$12723,$74818,$11875
2012,6037910707,Census Tract 9107.07,Palmdale,Los Angeles County,California,Palmdale,72281.0,12524.0,64780.0,24340.0,76831.0,54767.0,,,131139.0,115566.0,,,69713.0,24043.0,101162.0,65336.0,54853.0,17194.0,72931.0,21000.0,$72281,$12524,$64780,$24340,$76831,$54767,,,$131139,$115566,,,$69713,$24043,$101162,$65336,$54853,$17194,$72931,$21000
2012,6037910709,Census Tract 9107.09,Palmdale,Los Angeles County,California,Palmdale,111112.0,35985.0,111684.0,52948.0,84171.0,39198.0,,,,,,,118075.0,133366.0,95067.0,174870.0,112971.0,63222.0,94724.0,108328.0,$111112,$35985,$111684,$52948,$84171,$39198,,,,,,,$118075,$133366,$95067,$174870,$112971,$63222,$94724,$108328
2012,6037910711,Census Tract 9107.11,Palmdale,Los Angeles County,California,Palmdale,61068.0,11279.0,77384.0,26735.0,30144.0,3881.0,37596.0,162652.0,79999.0,29153.0,,,54642.0,27905.0,63149.0,28626.0,78937.0,45811.0,64221.0,14954.0,$61068,$11279,$77384,$26735,$30144,$3881,$37596,$162652,$79999,$29153,,,$54642,$27905,$63149,$28626,$78937,$45811,$64221,$14954
2012,6037910712,Census Tract 9107.12,Palmdale,Los Angeles County,California,Palmdale,93282.0,18632.0,80653.0,56439.0,179896.0,122626.0,,,77221.0,42622.0,,,83799.0,49996.0,,,108901.0,47635.0,63888.0,34146.0,$93282,$18632,$80653,$56439,$179896,$122626,,,$77221,$42622,,,$83799,$49996,,,$108901,$47635,$63888,$34146
2012,6037910713,Census Tract 9107.13,Palmdale,Los Angeles County,California,Palmdale,77608.0,10961.0,83622.0,13145.0,67354.0,10669.0,,,96955.0,113954.0,,,86101.0,26284.0,72520.0,111707.0,110254.0,55607.0,76763.0,13893.0,$77608,$10961,$83622,$13145,$67354,$10669,,,$96955,$113954,,,$86101,$26284,$72520,$111707,$110254,$55607,$76763,$13893
2012,6037910714,Census Tract 9107.14,Palmdale,Los Angeles County,California,Palmdale,59660.0,18635.0,59946.0,17255.0,91807.0,72931.0,,,77689.0,16459.0,,,53965.0,18449.0,,,81987.0,34315.0,53571.0,9181.0,$59660,$18635,$59946,$17255,$91807,$72931,,,$77689,$16459,,,$53965,$18449,,,$81987,$34315,$53571,$9181
2012,6037910715,Census Tract 9107.15,Palmdale,Los Angeles County,California,Palmdale,65534.0,10163.0,96702.0,14697.0,45753.0,4447.0,37651.0,42105.0,137333.0,41890.0,,,56972.0,19703.0,132869.0,51800.0,97813.0,8063.0,65998.0,10637.0,$65534,$10163,$96702,$14697,$45753,$4447,$37651,$42105,$137333,$41890,,,$56972,$19703,$132869,$51800,$97813,$8063,$65998,$10637
2012,6037910716,Census Tract 9107.16,Palmdale,Los Angeles County,California,Palmdale,72766.0,12526.0,99217.0,31447.0,84216.0,34134.0,50337.0,5125.0,150494.0,266359.0,,,57732.0,6091.0,50050.0,33017.0,112570.0,17322.0,56396.0,2987.0,$72766,$12526,$99217,$31447,$84216,$34134,$50337,$5125,$150494,$266359,,,$57732,$6091,$50050,$33017,$112570,$17322,$56396,$2987
2012,6037910804,Census Tract 9108.04,Palmdale,Los Angeles County,California,Palmdale,132406.0,16330.0,133692.0,18694.0,,,,,214502.0,81734.0,,,115330.0,30349.0,,,133381.0,19122.0,115902.0,8981.0,$132406,$16330,$133692,$18694,,,,,$214502,$81734,,,$115330,$30349,,,$133381,$19122,$115902,$8981
2012,6037910812,Census Tract 9108.12,Palmdale,Los Angeles County,California,Palmdale,87828.0,32821.0,87828.0,32821.0,,,,,,,,,,,,,86737.0,28850.0,155533.0,130075.0,$87828,$32821,$87828,$32821,,,,,,,,,,,,,$86737,$28850,$155533,$130075
2012,6037910813,Census Tract 9108.13,Palmdale,Los Angeles County,California,Palmdale,140245.0,42434.0,138372.0,33039.0,,,,,,,,,,,152725.0,306911.0,136869.0,32873.0,203265.0,91822.0,$140245,$42434,$138372,$33039,,,,,,,,,,,$152725,$306911,$136869,$32873,$203265,$91822
2012,6037980004,Census Tract 9800.04,Palmdale,Los Angeles County,California,Palmdale,3431.0,,,,,,,,,,,,,,3431.0,,,,3431.0,,$3431,,,,,,,,,,,,,,$3431,,,,$3431,
2013,6037900201,Census Tract 9002.01,Palmdale,Los Angeles County,California,Palmdale,44458.0,24280.0,58440.0,23740.0,,,,,,,,,37001.0,22396.0,,,63560.0,24170.0,41740.0,5685.0,$44458,$24280,$58440,$23740,,,,,,,,,$37001,$22396,,,$63560,$24170,$41740,$5685
2013,6037901213,Census Tract 9012.13,Palmdale,Los Angeles County,California,Palmdale,139900.0,21029.0,146376.0,26649.0,81478.0,21982.0,,,205810.0,75305.0,,,,,,,144625.0,30372.0,142184.0,35846.0,$139900,$21029,$146376,$26649,$81478,$21982,,,$205810,$75305,,,,,,,$144625,$30372,$142184,$35846
2013,6037910001,Census Tract 9100.01,Palmdale,Los Angeles County,California,Palmdale,76346.0,10025.0,81462.0,19760.0,70576.0,38362.0,,,,,,,78002.0,33625.0,,,106408.0,40551.0,75281.0,29751.0,$76346,$10025,$81462,$19760,$70576,$38362,,,,,,,$78002,$33625,,,$106408,$40551,$75281,$29751
2013,6037910002,Census Tract 9100.02,Palmdale,Los Angeles County,California,Palmdale,70407.0,16023.0,75881.0,32256.0,76776.0,86651.0,,,69567.0,206577.0,,,55715.0,21421.0,67877.0,159906.0,79052.0,34363.0,55006.0,12677.0,$70407,$16023,$75881,$32256,$76776,$86651,,,$69567,$206577,,,$55715,$21421,$67877,$159906,$79052,$34363,$55006,$12677
2013,6037910101,Census Tract 9101.01,Palmdale,Los Angeles County,California,Palmdale,43029.0,22680.0,29388.0,18869.0,113118.0,16198.0,,,6424.0,409210.0,,,43183.0,16271.0,,,32118.0,48165.0,32794.0,21644.0,$43029,$22680,$29388,$18869,$113118,$16198,,,$6424,$409210,,,$43183,$16271,,,$32118,$48165,$32794,$21644
2013,6037910201,Census Tract 9102.01,Palmdale,Los Angeles County,California,Palmdale,65951.0,9607.0,82664.0,9850.0,65845.0,38382.0,,,48561.0,66996.0,,,51489.0,12950.0,,,82387.0,9688.0,52540.0,21261.0,$65951,$9607,$82664,$9850,$65845,$38382,,,$48561,$66996,,,$51489,$12950,,,$82387,$9688,$52540,$21261
2013,6037910202,Census Tract 9102.02,Palmdale,Los Angeles County,California,Palmdale,131289.0,18234.0,121270.0,26141.0,152612.0,38287.0,,,173903.0,239823.0,,,95897.0,29914.0,,,123312.0,23677.0,97359.0,48100.0,$131289,$18234,$121270,$26141,$152612,$38287,,,$173903,$239823,,,$95897,$29914,,,$123312,$23677,$97359,$48100
2013,6037910205,Census Tract 9102.05,Palmdale,Los Angeles County,California,Palmdale,131853.0,24439.0,136557.0,25435.0,,,,,220276.0,293601.0,,,30360.0,192940.0,,,135895.0,36032.0,122998.0,136131.0,$131853,$24439,$136557,$25435,,,,,$220276,$293601,,,$30360,$192940,,,$135895,$36032,$122998,$136131
2013,6037910206,Census Tract 9102.06,Palmdale,Los Angeles County,California,Palmdale,129100.0,20182.0,139433.0,30624.0,130660.0,35580.0,,,108134.0,46504.0,,,129975.0,27214.0,89311.0,32447.0,123063.0,47124.0,138857.0,26231.0,$129100,$20182,$139433,$30624,$130660,$35580,,,$108134,$46504,,,$129975,$27214,$89311,$32447,$123063,$47124,$138857,$26231
2013,6037910207,Census Tract 9102.07,Palmdale,Los Angeles County,California,Palmdale,115314.0,18564.0,128472.0,12688.0,107623.0,97762.0,,,69307.0,35825.0,,,88183.0,20269.0,139553.0,59080.0,134543.0,13043.0,92339.0,29469.0,$115314,$18564,$128472,$12688,$107623,$97762,,,$69307,$35825,,,$88183,$20269,$139553,$59080,$134543,$13043,$92339,$29469
2013,6037910208,Census Tract 9102.08,Palmdale,Los Angeles County,California,Palmdale,84546.0,9865.0,73843.0,14734.0,65927.0,121401.0,,,87902.0,7369.0,,,87306.0,16745.0,,,79957.0,26023.0,83817.0,16839.0,$84546,$9865,$73843,$14734,$65927,$121401,,,$87902,$7369,,,$87306,$16745,,,$79957,$26023,$83817,$16839
2013,6037910209,Census Tract 9102.09,Palmdale,Los Angeles County,California,Palmdale,112920.0,32348.0,107404.0,20034.0,166057.0,24534.0,,,139774.0,74157.0,,,85828.0,20775.0,83314.0,193573.0,124457.0,44219.0,86827.0,24281.0,$112920,$32348,$107404,$20034,$166057,$24534,,,$139774,$74157,,,$85828,$20775,$83314,$193573,$124457,$44219,$86827,$24281
2013,6037910210,Census Tract 9102.10,Palmdale,Los Angeles County,California,Palmdale,116289.0,15602.0,121289.0,30686.0,107684.0,152223.0,,,91645.0,42807.0,,,94017.0,61151.0,,,112951.0,16469.0,131944.0,32330.0,$116289,$15602,$121289,$30686,$107684,$152223,,,$91645,$42807,,,$94017,$61151,,,$112951,$16469,$131944,$32330
2013,6037910301,Census Tract 9103.01,Palmdale,Los Angeles County,California,Palmdale,112899.0,7596.0,112538.0,12785.0,165928.0,102936.0,,,,,,,110216.0,44150.0,136360.0,148848.0,112677.0,12973.0,88958.0,40935.0,$112899,$7596,$112538,$12785,$165928,$102936,,,,,,,$110216,$44150,$136360,$148848,$112677,$12973,$88958,$40935
2013,6037910302,Census Tract 9103.02,Palmdale,Los Angeles County,California,Palmdale,118971.0,16712.0,107745.0,19750.0,147565.0,32946.0,,,35580.0,55953.0,,,122732.0,7491.0,216600.0,113141.0,115887.0,31522.0,116301.0,16891.0,$118971,$16712,$107745,$19750,$147565,$32946,,,$35580,$55953,,,$122732,$7491,$216600,$113141,$115887,$31522,$116301,$16891
2013,6037910401,Census Tract 9104.01,Palmdale,Los Angeles County,California,Palmdale,98660.0,4897.0,100342.0,4307.0,70222.0,9614.0,,,40497.0,101411.0,,,123362.0,28382.0,139798.0,165132.0,99411.0,6666.0,122193.0,30499.0,$98660,$4897,$100342,$4307,$70222,$9614,,,$40497,$101411,,,$123362,$28382,$139798,$165132,$99411,$6666,$122193,$30499
2013,6037910402,Census Tract 9104.02,Palmdale,Los Angeles County,California,Palmdale,45386.0,8869.0,48907.0,4217.0,31949.0,7265.0,,,,,,,45641.0,12366.0,,,51981.0,16680.0,46580.0,8691.0,$45386,$8869,$48907,$4217,$31949,$7265,,,,,,,$45641,$12366,,,$51981,$16680,$46580,$8691
2013,6037910403,Census Tract 9104.03,Palmdale,Los Angeles County,California,Palmdale,32682.0,7104.0,33308.0,27306.0,37471.0,41691.0,,,,,,,33854.0,12320.0,,,31819.0,12040.0,34631.0,7568.0,$32682,$7104,$33308,$27306,$37471,$41691,,,,,,,$33854,$12320,,,$31819,$12040,$34631,$7568
2013,6037910404,Census Tract 9104.04,Palmdale,Los Angeles County,California,Palmdale,58648.0,7197.0,74379.0,28745.0,36063.0,24391.0,,,,,,,43548.0,16641.0,,,96692.0,15928.0,49996.0,6978.0,$58648,$7197,$74379,$28745,$36063,$24391,,,,,,,$43548,$16641,,,$96692,$15928,$49996,$6978
2013,6037910501,Census Tract 9105.01,Palmdale,Los Angeles County,California,Palmdale,24019.0,4030.0,20539.0,7599.0,20506.0,4264.0,,,42937.0,80505.0,,,30817.0,3305.0,21271.0,67633.0,26157.0,5478.0,27534.0,8459.0,$24019,$4030,$20539,$7599,$20506,$4264,,,$42937,$80505,,,$30817,$3305,$21271,$67633,$26157,$5478,$27534,$8459
2013,6037910502,Census Tract 9105.02,Palmdale,Los Angeles County,California,Palmdale,45167.0,7476.0,52515.0,11700.0,26431.0,15544.0,,,,,,,52218.0,7050.0,46357.0,33882.0,41967.0,17379.0,53013.0,4432.0,$45167,$7476,$52515,$11700,$26431,$15544,,,,,,,$52218,$7050,$46357,$33882,$41967,$17379,$53013,$4432
2013,6037910504,Census Tract 9105.04,Palmdale,Los Angeles County,California,Palmdale,50471.0,14294.0,36513.0,15023.0,45641.0,61472.0,,,,,,,59598.0,8735.0,,,41556.0,53396.0,55472.0,12510.0,$50471,$14294,$36513,$15023,$45641,$61472,,,,,,,$59598,$8735,,,$41556,$53396,$55472,$12510
2013,6037910505,Census Tract 9105.05,Palmdale,Los Angeles County,California,Palmdale,65476.0,15875.0,109971.0,25677.0,29751.0,17332.0,,,,,,,53852.0,24110.0,,,118400.0,18821.0,53504.0,16999.0,$65476,$15875,$109971,$25677,$29751,$17332,,,,,,,$53852,$24110,,,$118400,$18821,$53504,$16999
2013,6037910601,Census Tract 9106.01,Palmdale,Los Angeles County,California,Palmdale,45007.0,6073.0,54348.0,20246.0,35218.0,16357.0,,,,,,,44811.0,6395.0,21934.0,6629.0,47613.0,29353.0,47850.0,7286.0,$45007,$6073,$54348,$20246,$35218,$16357,,,,,,,$44811,$6395,$21934,$6629,$47613,$29353,$47850,$7286
2013,6037910602,Census Tract 9106.02,Palmdale,Los Angeles County,California,Palmdale,36781.0,10226.0,46082.0,15895.0,34533.0,13771.0,,,102809.0,101851.0,,,32118.0,21080.0,39269.0,34366.0,46523.0,12824.0,34839.0,11928.0,$36781,$10226,$46082,$15895,$34533,$13771,,,$102809,$101851,,,$32118,$21080,$39269,$34366,$46523,$12824,$34839,$11928
2013,6037910603,Census Tract 9106.03,Palmdale,Los Angeles County,California,Palmdale,70140.0,7906.0,66196.0,20512.0,48388.0,120377.0,,,126923.0,29565.0,,,68516.0,14686.0,116881.0,105200.0,71459.0,14786.0,67970.0,13005.0,$70140,$7906,$66196,$20512,$48388,$120377,,,$126923,$29565,,,$68516,$14686,$116881,$105200,$71459,$14786,$67970,$13005
2013,6037910605,Census Tract 9106.05,Palmdale,Los Angeles County,California,Palmdale,60613.0,12901.0,77144.0,14562.0,72041.0,27553.0,,,,,,,48414.0,15874.0,,,90807.0,8286.0,51966.0,9584.0,$60613,$12901,$77144,$14562,$72041,$27553,,,,,,,$48414,$15874,,,$90807,$8286,$51966,$9584
2013,6037910606,Census Tract 9106.06,Palmdale,Los Angeles County,California,Palmdale,65967.0,16136.0,66520.0,24886.0,58848.0,69244.0,,,,,,,78725.0,34048.0,6071.0,96714.0,86212.0,83560.0,64961.0,22473.0,$65967,$16136,$66520,$24886,$58848,$69244,,,,,,,$78725,$34048,$6071,$96714,$86212,$83560,$64961,$22473
2013,6037910705,Census Tract 9107.05,Palmdale,Los Angeles County,California,Palmdale,88204.0,7000.0,91852.0,5006.0,95026.0,46341.0,,,106075.0,44562.0,,,68165.0,21728.0,112837.0,170514.0,98971.0,24456.0,83512.0,7322.0,$88204,$7000,$91852,$5006,$95026,$46341,,,$106075,$44562,,,$68165,$21728,$112837,$170514,$98971,$24456,$83512,$7322
2013,6037910706,Census Tract 9107.06,Palmdale,Los Angeles County,California,Palmdale,71843.0,8420.0,80175.0,9952.0,44719.0,32625.0,,,,,,,76020.0,10174.0,25236.0,163621.0,80851.0,31556.0,74427.0,9899.0,$71843,$8420,$80175,$9952,$44719,$32625,,,,,,,$76020,$10174,$25236,$163621,$80851,$31556,$74427,$9899
2013,6037910707,Census Tract 9107.07,Palmdale,Los Angeles County,California,Palmdale,72719.0,13107.0,72231.0,9788.0,92476.0,76935.0,,,,,,,55958.0,35438.0,100299.0,74303.0,76069.0,19364.0,70548.0,20542.0,$72719,$13107,$72231,$9788,$92476,$76935,,,,,,,$55958,$35438,$100299,$74303,$76069,$19364,$70548,$20542
2013,6037910709,Census Tract 9107.09,Palmdale,Los Angeles County,California,Palmdale,115137.0,24806.0,144250.0,101221.0,83626.0,51186.0,,,,,,,116189.0,100620.0,50453.0,115103.0,113822.0,84836.0,116189.0,74096.0,$115137,$24806,$144250,$101221,$83626,$51186,,,,,,,$116189,$100620,$50453,$115103,$113822,$84836,$116189,$74096
2013,6037910711,Census Tract 9107.11,Palmdale,Los Angeles County,California,Palmdale,55459.0,17261.0,57944.0,25981.0,33572.0,51098.0,36381.0,89618.0,40570.0,73621.0,,,68165.0,44199.0,61097.0,31812.0,44162.0,32479.0,62932.0,19107.0,$55459,$17261,$57944,$25981,$33572,$51098,$36381,$89618,$40570,$73621,,,$68165,$44199,$61097,$31812,$44162,$32479,$62932,$19107
2013,6037910712,Census Tract 9107.12,Palmdale,Los Angeles County,California,Palmdale,78098.0,51768.0,104444.0,39674.0,130163.0,197523.0,,,62124.0,33416.0,,,68405.0,14814.0,,,108468.0,23707.0,63802.0,18177.0,$78098,$51768,$104444,$39674,$130163,$197523,,,$62124,$33416,,,$68405,$14814,,,$108468,$23707,$63802,$18177
2013,6037910713,Census Tract 9107.13,Palmdale,Los Angeles County,California,Palmdale,72239.0,4902.0,77599.0,22667.0,66044.0,6609.0,,,95932.0,110467.0,,,72477.0,20153.0,11411.0,67338.0,85790.0,73954.0,72446.0,9278.0,$72239,$4902,$77599,$22667,$66044,$6609,,,$95932,$110467,,,$72477,$20153,$11411,$67338,$85790,$73954,$72446,$9278
2013,6037910714,Census Tract 9107.14,Palmdale,Los Angeles County,California,Palmdale,56986.0,7948.0,60382.0,14792.0,88385.0,50778.0,,,,,,,53787.0,10034.0,,,77760.0,14127.0,52553.0,5942.0,$56986,$7948,$60382,$14792,$88385,$50778,,,,,,,$53787,$10034,,,$77760,$14127,$52553,$5942
2013,6037910715,Census Tract 9107.15,Palmdale,Los Angeles County,California,Palmdale,58869.0,11429.0,90543.0,14118.0,44599.0,5221.0,60762.0,320768.0,139662.0,92182.0,,,54840.0,14988.0,133698.0,55403.0,98753.0,8090.0,60528.0,10847.0,$58869,$11429,$90543,$14118,$44599,$5221,$60762,$320768,$139662,$92182,,,$54840,$14988,$133698,$55403,$98753,$8090,$60528,$10847
2013,6037910716,Census Tract 9107.16,Palmdale,Los Angeles County,California,Palmdale,75478.0,11030.0,95813.0,29766.0,87057.0,44973.0,49446.0,4049.0,116639.0,166151.0,,,58732.0,10713.0,50337.0,55423.0,115372.0,43990.0,57167.0,6099.0,$75478,$11030,$95813,$29766,$87057,$44973,$49446,$4049,$116639,$166151,,,$58732,$10713,$50337,$55423,$115372,$43990,$57167,$6099
2013,6037910804,Census Tract 9108.04,Palmdale,Los Angeles County,California,Palmdale,128843.0,15502.0,130203.0,18161.0,,,,,,,,,117100.0,2318.0,,,130163.0,19071.0,118980.0,4964.0,$128843,$15502,$130203,$18161,,,,,,,,,$117100,$2318,,,$130163,$19071,$118980,$4964
2013,6037910812,Census Tract 9108.12,Palmdale,Los Angeles County,California,Palmdale,102778.0,40045.0,102778.0,40045.0,,,,,,,,,,,,,94326.0,38738.0,,,$102778,$40045,$102778,$40045,,,,,,,,,,,,,$94326,$38738,,
2013,6037910813,Census Tract 9108.13,Palmdale,Los Angeles County,California,Palmdale,137797.0,18221.0,135452.0,15154.0,,,,,,,,,,,248257.0,237676.0,135344.0,13655.0,194399.0,126410.0,$137797,$18221,$135452,$15154,,,,,,,,,,,$248257,$237676,$135344,$13655,$194399,$126410
2013,6037980004,Census Tract 9800.04,Palmdale,Los Angeles County,California,Palmdale,,,,,,,,,,,,,,,,,,,,,,,,,,,,,,,,,,,,,,,,
2014,6037900201,Census Tract 9002.01,Palmdale,Los Angeles County,California,Palmdale,44537.0,20566.0,45368.0,22246.0,,,,,,,,,40321.0,16712.0,,,57845.0,27409.0,39603.0,10754.0,$44537,$20566,$45368,$22246,,,,,,,,,$40321,$16712,,,$57845,$27409,$39603,$10754
2014,6037901213,Census Tract 9012.13,Palmdale,Los Angeles County,California,Palmdale,133828.0,14279.0,133705.0,16136.0,140361.0,79091.0,,,256965.0,90357.0,,,,,,,131552.0,16295.0,135209.0,46956.0,$133828,$14279,$133705,$16136,$140361,$79091,,,$256965,$90357,,,,,,,$131552,$16295,$135209,$46956
2014,6037910001,Census Tract 9100.01,Palmdale,Los Angeles County,California,Palmdale,68271.0,15693.0,78642.0,13830.0,68646.0,18495.0,,,,,,,59310.0,14156.0,,,89181.0,37605.0,59335.0,14295.0,$68271,$15693,$78642,$13830,$68646,$18495,,,,,,,$59310,$14156,,,$89181,$37605,$59335,$14295
2014,6037910002,Census Tract 9100.02,Palmdale,Los Angeles County,California,Palmdale,64161.0,23636.0,76723.0,37403.0,127670.0,76597.0,,,68171.0,245341.0,,,51561.0,5504.0,,,77705.0,35978.0,52344.0,4513.0,$64161,$23636,$76723,$37403,$127670,$76597,,,$68171,$245341,,,$51561,$5504,,,$77705,$35978,$52344,$4513
2014,6037910101,Census Tract 9101.01,Palmdale,Los Angeles County,California,Palmdale,42816.0,17323.0,33994.0,29546.0,114727.0,23025.0,,,51267.0,188263.0,,,35194.0,20670.0,,,49168.0,112268.0,33919.0,11074.0,$42816,$17323,$33994,$29546,$114727,$23025,,,$51267,$188263,,,$35194,$20670,,,$49168,$112268,$33919,$11074
2014,6037910201,Census Tract 9102.01,Palmdale,Los Angeles County,California,Palmdale,79683.0,13507.0,82351.0,10689.0,111019.0,90490.0,,,52149.0,58764.0,,,64181.0,79148.0,,,82404.0,11175.0,76950.0,50936.0,$79683,$13507,$82351,$10689,$111019,$90490,,,$52149,$58764,,,$64181,$79148,,,$82404,$11175,$76950,$50936
2014,6037910202,Census Tract 9102.02,Palmdale,Los Angeles County,California,Palmdale,108908.0,31488.0,103060.0,15681.0,149796.0,32547.0,,,172667.0,265970.0,,,96580.0,58610.0,,,102811.0,23027.0,97008.0,53429.0,$108908,$31488,$103060,$15681,$149796,$32547,,,$172667,$265970,,,$96580,$58610,,,$102811,$23027,$97008,$53429
2014,6037910205,Census Tract 9102.05,Palmdale,Los Angeles County,California,Palmdale,108243.0,56071.0,131631.0,38119.0,,,,,,,,,27761.0,6107.0,,,109074.0,50859.0,71995.0,113619.0,$108243,$56071,$131631,$38119,,,,,,,,,$27761,$6107,,,$109074,$50859,$71995,$113619
2014,6037910206,Census Tract 9102.06,Palmdale,Los Angeles County,California,Palmdale,135256.0,13782.0,116390.0,44115.0,145487.0,29493.0,,,136040.0,55596.0,,,136494.0,24794.0,91449.0,32652.0,105113.0,48956.0,132935.0,23029.0,$135256,$13782,$116390,$44115,$145487,$29493,,,$136040,$55596,,,$136494,$24794,$91449,$32652,$105113,$48956,$132935,$23029
2014,6037910207,Census Tract 9102.07,Palmdale,Los Angeles County,California,Palmdale,119520.0,11538.0,128714.0,11663.0,99763.0,63147.0,,,79949.0,83597.0,,,87135.0,13904.0,134680.0,80930.0,136281.0,11338.0,106598.0,27085.0,$119520,$11538,$128714,$11663,$99763,$63147,,,$79949,$83597,,,$87135,$13904,$134680,$80930,$136281,$11338,$106598,$27085
2014,6037910208,Census Tract 9102.08,Palmdale,Los Angeles County,California,Palmdale,88322.0,10785.0,86289.0,20628.0,86461.0,128388.0,,,78979.0,23541.0,,,87628.0,7799.0,135677.0,194104.0,89786.0,21621.0,88708.0,17625.0,$88322,$10785,$86289,$20628,$86461,$128388,,,$78979,$23541,,,$87628,$7799,$135677,$194104,$89786,$21621,$88708,$17625
2014,6037910209,Census Tract 9102.09,Palmdale,Los Angeles County,California,Palmdale,124703.0,21863.0,129516.0,34721.0,138535.0,44228.0,,,141835.0,46214.0,,,85172.0,45423.0,81473.0,99614.0,147755.0,34985.0,85338.0,25243.0,$124703,$21863,$129516,$34721,$138535,$44228,,,$141835,$46214,,,$85172,$45423,$81473,$99614,$147755,$34985,$85338,$25243
2014,6037910210,Census Tract 9102.10,Palmdale,Los Angeles County,California,Palmdale,115706.0,12264.0,118933.0,20426.0,106364.0,36271.0,,,91449.0,46766.0,,,124465.0,49216.0,,,116773.0,21704.0,123634.0,23650.0,$115706,$12264,$118933,$20426,$106364,$36271,,,$91449,$46766,,,$124465,$49216,,,$116773,$21704,$123634,$23650
2014,6037910301,Census Tract 9103.01,Palmdale,Los Angeles County,California,Palmdale,118018.0,17995.0,118919.0,25748.0,10309.0,228771.0,,,102922.0,572726.0,,,107363.0,49214.0,138338.0,94463.0,118815.0,25820.0,100594.0,33957.0,$118018,$17995,$118919,$25748,$10309,$228771,,,$102922,$572726,,,$107363,$49214,$138338,$94463,$118815,$25820,$100594,$33957
2014,6037910302,Census Tract 9103.02,Palmdale,Los Angeles County,California,Palmdale,120561.0,18923.0,117908.0,31985.0,92330.0,136269.0,,,35379.0,157984.0,,,122231.0,79369.0,216423.0,109466.0,130166.0,29687.0,119800.0,35921.0,$120561,$18923,$117908,$31985,$92330,$136269,,,$35379,$157984,,,$122231,$79369,$216423,$109466,$130166,$29687,$119800,$35921
2014,6037910401,Census Tract 9104.01,Palmdale,Los Angeles County,California,Palmdale,101327.0,8119.0,96907.0,27082.0,156584.0,102294.0,,,85978.0,139717.0,,,137653.0,41548.0,141331.0,116311.0,73250.0,27793.0,132559.0,23432.0,$101327,$8119,$96907,$27082,$156584,$102294,,,$85978,$139717,,,$137653,$41548,$141331,$116311,$73250,$27793,$132559,$23432
2014,6037910402,Census Tract 9104.02,Palmdale,Los Angeles County,California,Palmdale,44263.0,7441.0,48060.0,5587.0,31730.0,11443.0,,,,,,,44062.0,9902.0,92114.0,65358.0,53539.0,14019.0,43382.0,6942.0,$44263,$7441,$48060,$5587,$31730,$11443,,,,,,,$44062,$9902,$92114,$65358,$53539,$14019,$43382,$6942
2014,6037910403,Census Tract 9104.03,Palmdale,Los Angeles County,California,Palmdale,28189.0,6286.0,31079.0,10471.0,37367.0,39707.0,,,,,,,28104.0,8443.0,,,24733.0,18410.0,29727.0,12081.0,$28189,$6286,$31079,$10471,$37367,$39707,,,,,,,$28104,$8443,,,$24733,$18410,$29727,$12081
2014,6037910404,Census Tract 9104.04,Palmdale,Los Angeles County,California,Palmdale,58433.0,9729.0,72073.0,11663.0,33069.0,46595.0,,,,,,,46888.0,12051.0,,,98100.0,28274.0,48462.0,4284.0,$58433,$9729,$72073,$11663,$33069,$46595,,,,,,,$46888,$12051,,,$98100,$28274,$48462,$4284
2014,6037910501,Census Tract 9105.01,Palmdale,Los Angeles County,California,Palmdale,20671.0,2960.0,21577.0,6624.0,18138.0,4102.0,,,22058.0,52955.0,,,24558.0,9783.0,21126.0,10010.0,27975.0,7643.0,21138.0,3493.0,$20671,$2960,$21577,$6624,$18138,$4102,,,$22058,$52955,,,$24558,$9783,$21126,$10010,$27975,$7643,$21138,$3493
2014,6037910502,Census Tract 9105.02,Palmdale,Los Angeles County,California,Palmdale,43453.0,15821.0,56218.0,17075.0,24261.0,12038.0,,,,,,,47886.0,12222.0,57364.0,48824.0,55158.0,23339.0,52168.0,11092.0,$43453,$15821,$56218,$17075,$24261,$12038,,,,,,,$47886,$12222,$57364,$48824,$55158,$23339,$52168,$11092
2014,6037910504,Census Tract 9105.04,Palmdale,Los Angeles County,California,Palmdale,49031.0,8931.0,46223.0,26891.0,13032.0,76096.0,,,,,,,49669.0,16531.0,,,56902.0,33805.0,48896.0,10599.0,$49031,$8931,$46223,$26891,$13032,$76096,,,,,,,$49669,$16531,,,$56902,$33805,$48896,$10599
2014,6037910505,Census Tract 9105.05,Palmdale,Los Angeles County,California,Palmdale,60134.0,17617.0,76115.0,42584.0,29189.0,30362.0,,,,,,,57530.0,14604.0,,,110737.0,55439.0,55637.0,10753.0,$60134,$17617,$76115,$42584,$29189,$30362,,,,,,,$57530,$14604,,,$110737,$55439,$55637,$10753
2014,6037910601,Census Tract 9106.01,Palmdale,Los Angeles County,California,Palmdale,46050.0,7731.0,48127.0,15195.0,26936.0,25997.0,,,,,,,47311.0,7962.0,22189.0,20107.0,36580.0,19402.0,49295.0,5093.0,$46050,$7731,$48127,$15195,$26936,$25997,,,,,,,$47311,$7962,$22189,$20107,$36580,$19402,$49295,$5093
2014,6037910602,Census Tract 9106.02,Palmdale,Los Angeles County,California,Palmdale,38531.0,12359.0,45093.0,10087.0,33194.0,14432.0,,,75060.0,55714.0,,,35250.0,24499.0,,,45448.0,8967.0,35748.0,19378.0,$38531,$12359,$45093,$10087,$33194,$14432,,,$75060,$55714,,,$35250,$24499,,,$45448,$8967,$35748,$19378
2014,6037910603,Census Tract 9106.03,Palmdale,Los Angeles County,California,Palmdale,56028.0,12816.0,50214.0,15777.0,48824.0,40163.0,,,127106.0,14748.0,,,54593.0,11659.0,118053.0,89410.0,48317.0,15060.0,54997.0,10773.0,$56028,$12816,$50214,$15777,$48824,$40163,,,$127106,$14748,,,$54593,$11659,$118053,$89410,$48317,$15060,$54997,$10773
2014,6037910605,Census Tract 9106.05,Palmdale,Los Angeles County,California,Palmdale,66018.0,6313.0,78574.0,10712.0,71563.0,2064.0,,,71312.0,57483.0,,,57052.0,20187.0,,,92073.0,10826.0,59924.0,14209.0,$66018,$6313,$78574,$10712,$71563,$2064,,,$71312,$57483,,,$57052,$20187,,,$92073,$10826,$59924,$14209
2014,6037910606,Census Tract 9106.06,Palmdale,Los Angeles County,California,Palmdale,61289.0,10144.0,59467.0,8153.0,58670.0,35124.0,45661.0,14005.0,,,,,81235.0,23885.0,103505.0,191000.0,62050.0,48257.0,64064.0,23595.0,$61289,$10144,$59467,$8153,$58670,$35124,$45661,$14005,,,,,$81235,$23885,$103505,$191000,$62050,$48257,$64064,$23595
2014,6037910705,Census Tract 9107.05,Palmdale,Los Angeles County,California,Palmdale,90660.0,7648.0,93921.0,4074.0,94889.0,27290.0,,,93705.0,62557.0,,,70314.0,31737.0,,,102024.0,40005.0,83033.0,12155.0,$90660,$7648,$93921,$4074,$94889,$27290,,,$93705,$62557,,,$70314,$31737,,,$102024,$40005,$83033,$12155
2014,6037910706,Census Tract 9107.06,Palmdale,Los Angeles County,California,Palmdale,69138.0,5222.0,76910.0,13475.0,46150.0,26311.0,,,39074.0,59953.0,,,73628.0,10389.0,,,78689.0,18794.0,69782.0,9313.0,$69138,$5222,$76910,$13475,$46150,$26311,,,$39074,$59953,,,$73628,$10389,,,$78689,$18794,$69782,$9313
2014,6037910707,Census Tract 9107.07,Palmdale,Los Angeles County,California,Palmdale,71893.0,9004.0,71913.0,12297.0,75535.0,59054.0,,,112399.0,55666.0,,,63055.0,26098.0,40828.0,46384.0,76010.0,47776.0,69565.0,12059.0,$71893,$9004,$71913,$12297,$75535,$59054,,,$112399,$55666,,,$63055,$26098,$40828,$46384,$76010,$47776,$69565,$12059
2014,6037910709,Census Tract 9107.09,Palmdale,Los Angeles County,California,Palmdale,101758.0,35643.0,118053.0,42444.0,81565.0,32830.0,,,,,,,41743.0,187280.0,93389.0,133565.0,111298.0,22614.0,62906.0,179086.0,$101758,$35643,$118053,$42444,$81565,$32830,,,,,,,$41743,$187280,$93389,$133565,$111298,$22614,$62906,$179086
2014,6037910711,Census Tract 9107.11,Palmdale,Los Angeles County,California,Palmdale,58457.0,14714.0,59705.0,31235.0,32423.0,70825.0,36131.0,136636.0,62185.0,158621.0,,,52272.0,40697.0,48791.0,25001.0,42984.0,47671.0,63755.0,17268.0,$58457,$14714,$59705,$31235,$32423,$70825,$36131,$136636,$62185,$158621,,,$52272,$40697,$48791,$25001,$42984,$47671,$63755,$17268
2014,6037910712,Census Tract 9107.12,Palmdale,Los Angeles County,California,Palmdale,77135.0,34479.0,107978.0,39150.0,32487.0,34066.0,,,29546.0,297418.0,,,68356.0,20804.0,,,113896.0,48079.0,67986.0,16119.0,$77135,$34479,$107978,$39150,$32487,$34066,,,$29546,$297418,,,$68356,$20804,,,$113896,$48079,$67986,$16119
2014,6037910713,Census Tract 9107.13,Palmdale,Los Angeles County,California,Palmdale,72090.0,7144.0,75494.0,10088.0,65443.0,8246.0,,,37055.0,28987.0,,,72328.0,21031.0,12352.0,116656.0,85148.0,54111.0,71820.0,14628.0,$72090,$7144,$75494,$10088,$65443,$8246,,,$37055,$28987,,,$72328,$21031,$12352,$116656,$85148,$54111,$71820,$14628
2014,6037910714,Census Tract 9107.14,Palmdale,Los Angeles County,California,Palmdale,73275.0,24590.0,74822.0,19025.0,86571.0,52014.0,,,79186.0,32966.0,,,59956.0,24881.0,,,81767.0,15108.0,60501.0,14335.0,$73275,$24590,$74822,$19025,$86571,$52014,,,$79186,$32966,,,$59956,$24881,,,$81767,$15108,$60501,$14335
2014,6037910715,Census Tract 9107.15,Palmdale,Los Angeles County,California,Palmdale,61919.0,8859.0,86646.0,23020.0,45368.0,24201.0,,,141007.0,34183.0,,,55434.0,11717.0,109961.0,143480.0,101505.0,36207.0,60966.0,9505.0,$61919,$8859,$86646,$23020,$45368,$24201,,,$141007,$34183,,,$55434,$11717,$109961,$143480,$101505,$36207,$60966,$9505
2014,6037910716,Census Tract 9107.16,Palmdale,Los Angeles County,California,Palmdale,72974.0,9286.0,89163.0,19615.0,75745.0,32138.0,,,98433.0,65972.0,,,58840.0,5435.0,63391.0,3811.0,96972.0,34616.0,58224.0,3015.0,$72974,$9286,$89163,$19615,$75745,$32138,,,$98433,$65972,,,$58840,$5435,$63391,$3811,$96972,$34616,$58224,$3015
2014,6037910804,Census Tract 9108.04,Palmdale,Los Angeles County,California,Palmdale,122249.0,20429.0,130196.0,20078.0,,,,,,,,,114842.0,2748.0,,,130700.0,21038.0,115300.0,7699.0,$122249,$20429,$130196,$20078,,,,,,,,,$114842,$2748,,,$130700,$21038,$115300,$7699
2014,6037910812,Census Tract 9108.12,Palmdale,Los Angeles County,California,Palmdale,100179.0,43487.0,100179.0,43487.0,,,,,,,,,,,,,95606.0,42206.0,,,$100179,$43487,$100179,$43487,,,,,,,,,,,,,$95606,$42206,,
2014,6037910813,Census Tract 9108.13,Palmdale,Los Angeles County,California,Palmdale,108353.0,25487.0,105749.0,25131.0,,,,,,,,,,,246587.0,216545.0,116730.0,23765.0,94620.0,46215.0,$108353,$25487,$105749,$25131,,,,,,,,,,,$246587,$216545,$116730,$23765,$94620,$46215
2014,6037980004,Census Tract 9800.04,Palmdale,Los Angeles County,California,Palmdale,,,,,,,,,,,,,,,,,,,,,,,,,,,,,,,,,,,,,,,,
2015,6037900201,Census Tract 9002.01,Palmdale,Los Angeles County,California,Palmdale,50625.0,11279.0,49588.0,14584.0,,,,,,,,,58095.0,16506.0,,,48551.0,17289.0,54775.0,21757.0,$50625,$11279,$49588,$14584,,,,,,,,,$58095,$16506,,,$48551,$17289,$54775,$21757
2015,6037901213,Census Tract 9012.13,Palmdale,Los Angeles County,California,Palmdale,135768.0,10529.0,134744.0,14252.0,140507.0,73469.0,,,,,,,,,,,131977.0,13975.0,135202.0,38746.0,$135768,$10529,$134744,$14252,$140507,$73469,,,,,,,,,,,$131977,$13975,$135202,$38746
2015,6037910001,Census Tract 9100.01,Palmdale,Los Angeles County,California,Palmdale,68742.0,17495.0,71404.0,14315.0,66750.0,40964.0,,,,,,,58881.0,36857.0,,,86422.0,31160.0,59063.0,20995.0,$68742,$17495,$71404,$14315,$66750,$40964,,,,,,,$58881,$36857,,,$86422,$31160,$59063,$20995
2015,6037910002,Census Tract 9100.02,Palmdale,Los Angeles County,California,Palmdale,59939.0,22160.0,76388.0,31007.0,127933.0,58921.0,,,,,,,52458.0,7007.0,,,78061.0,26469.0,52385.0,6017.0,$59939,$22160,$76388,$31007,$127933,$58921,,,,,,,$52458,$7007,,,$78061,$26469,$52385,$6017
2015,6037910101,Census Tract 9101.01,Palmdale,Los Angeles County,California,Palmdale,47262.0,9939.0,,,113344.0,3539.0,,,,,,,36683.0,15244.0,,,,,34650.0,13426.0,$47262,$9939,,,$113344,$3539,,,,,,,$36683,$15244,,,,,$34650,$13426
2015,6037910201,Census Tract 9102.01,Palmdale,Los Angeles County,California,Palmdale,71443.0,13085.0,69050.0,12404.0,110508.0,72836.0,,,,,,,65288.0,44260.0,,,68187.0,9352.0,77441.0,48242.0,$71443,$13085,$69050,$12404,$110508,$72836,,,,,,,$65288,$44260,,,$68187,$9352,$77441,$48242
2015,6037910202,Census Tract 9102.02,Palmdale,Los Angeles County,California,Palmdale,115802.0,22284.0,108946.0,23798.0,150278.0,64955.0,,,170043.0,52973.0,,,,,,,108419.0,27380.0,104948.0,59192.0,$115802,$22284,$108946,$23798,$150278,$64955,,,$170043,$52973,,,,,,,$108419,$27380,$104948,$59192
2015,6037910205,Census Tract 9102.05,Palmdale,Los Angeles County,California,Palmdale,72450.0,15018.0,78013.0,19200.0,,,,,218346.0,6783.0,,,50377.0,44216.0,,,82578.0,22814.0,51871.0,40430.0,$72450,$15018,$78013,$19200,,,,,$218346,$6783,,,$50377,$44216,,,$82578,$22814,$51871,$40430
2015,6037910206,Census Tract 9102.06,Palmdale,Los Angeles County,California,Palmdale,135002.0,13652.0,138013.0,35855.0,158101.0,42265.0,,,162410.0,77073.0,,,118728.0,22095.0,112501.0,16879.0,129468.0,51242.0,130835.0,28923.0,$135002,$13652,$138013,$35855,$158101,$42265,,,$162410,$77073,,,$118728,$22095,$112501,$16879,$129468,$51242,$130835,$28923
2015,6037910207,Census Tract 9102.07,Palmdale,Los Angeles County,California,Palmdale,118100.0,17985.0,133356.0,7682.0,106468.0,51759.0,,,68253.0,58664.0,,,81517.0,11478.0,,,136981.0,11903.0,106371.0,29085.0,$118100,$17985,$133356,$7682,$106468,$51759,,,$68253,$58664,,,$81517,$11478,,,$136981,$11903,$106371,$29085
2015,6037910208,Census Tract 9102.08,Palmdale,Los Angeles County,California,Palmdale,80641.0,17653.0,74693.0,23638.0,64527.0,52402.0,,,67760.0,22522.0,,,86255.0,40746.0,,,85658.0,22431.0,82706.0,24920.0,$80641,$17653,$74693,$23638,$64527,$52402,,,$67760,$22522,,,$86255,$40746,,,$85658,$22431,$82706,$24920
2015,6037910209,Census Tract 9102.09,Palmdale,Los Angeles County,California,Palmdale,128037.0,13400.0,129468.0,26150.0,136720.0,70340.0,,,141318.0,37884.0,,,117796.0,39161.0,,,141771.0,29306.0,116273.0,56366.0,$128037,$13400,$129468,$26150,$136720,$70340,,,$141318,$37884,,,$117796,$39161,,,$141771,$29306,$116273,$56366
2015,6037910210,Census Tract 9102.10,Palmdale,Los Angeles County,California,Palmdale,113976.0,17209.0,132135.0,26803.0,91687.0,37019.0,,,91707.0,50057.0,,,91907.0,75993.0,,,133034.0,24178.0,117774.0,53997.0,$113976,$17209,$132135,$26803,$91687,$37019,,,$91707,$50057,,,$91907,$75993,,,$133034,$24178,$117774,$53997
2015,6037910301,Census Tract 9103.01,Palmdale,Los Angeles County,California,Palmdale,122987.0,14536.0,124711.0,15792.0,,,,,,,,,88470.0,53691.0,138597.0,60002.0,126356.0,20005.0,110024.0,23438.0,$122987,$14536,$124711,$15792,,,,,,,,,$88470,$53691,$138597,$60002,$126356,$20005,$110024,$23438
2015,6037910302,Census Tract 9103.02,Palmdale,Los Angeles County,California,Palmdale,114050.0,15091.0,106839.0,15766.0,,,,,120043.0,10113.0,,,,,216694.0,43135.0,106473.0,25615.0,108498.0,62344.0,$114050,$15091,$106839,$15766,,,,,$120043,$10113,,,,,$216694,$43135,$106473,$25615,$108498,$62344
2015,6037910401,Census Tract 9104.01,Palmdale,Los Angeles County,California,Palmdale,98773.0,5926.0,99029.0,15958.0,,,,,85407.0,77887.0,,,98190.0,27682.0,141087.0,92909.0,96930.0,32443.0,122967.0,47255.0,$98773,$5926,$99029,$15958,,,,,$85407,$77887,,,$98190,$27682,$141087,$92909,$96930,$32443,$122967,$47255
2015,6037910402,Census Tract 9104.02,Palmdale,Los Angeles County,California,Palmdale,39599.0,9720.0,46853.0,10039.0,31315.0,13068.0,,,,,,,34857.0,12040.0,126450.0,82293.0,49084.0,18900.0,38019.0,7838.0,$39599,$9720,$46853,$10039,$31315,$13068,,,,,,,$34857,$12040,$126450,$82293,$49084,$18900,$38019,$7838
2015,6037910403,Census Tract 9104.03,Palmdale,Los Angeles County,California,Palmdale,27765.0,3664.0,32160.0,9348.0,,,,,,,,,26718.0,6565.0,,,30084.0,22291.0,26898.0,6079.0,$27765,$3664,$32160,$9348,,,,,,,,,$26718,$6565,,,$30084,$22291,$26898,$6079
2015,6037910404,Census Tract 9104.04,Palmdale,Los Angeles County,California,Palmdale,61912.0,14004.0,72603.0,16974.0,67058.0,32415.0,,,,,,,48405.0,11935.0,,,97339.0,23132.0,52369.0,11583.0,$61912,$14004,$72603,$16974,$67058,$32415,,,,,,,$48405,$11935,,,$97339,$23132,$52369,$11583
2015,6037910501,Census Tract 9105.01,Palmdale,Los Angeles County,California,Palmdale,19479.0,2415.0,21540.0,7626.0,17100.0,3729.0,,,,,,,19420.0,7124.0,21654.0,16903.0,28587.0,9221.0,19260.0,4253.0,$19479,$2415,$21540,$7626,$17100,$3729,,,,,,,$19420,$7124,$21654,$16903,$28587,$9221,$19260,$4253
2015,6037910502,Census Tract 9105.02,Palmdale,Los Angeles County,California,Palmdale,43868.0,9731.0,54775.0,11140.0,24120.0,6720.0,,,,,,,47030.0,5944.0,58095.0,49854.0,61256.0,11873.0,47280.0,6623.0,$43868,$9731,$54775,$11140,$24120,$6720,,,,,,,$47030,$5944,$58095,$49854,$61256,$11873,$47280,$6623
2015,6037910504,Census Tract 9105.04,Palmdale,Los Angeles County,California,Palmdale,47328.0,7912.0,43820.0,11815.0,,,,,,,,,49537.0,20660.0,,,41496.0,25122.0,48776.0,13409.0,$47328,$7912,$43820,$11815,,,,,,,,,$49537,$20660,,,$41496,$25122,$48776,$13409
2015,6037910505,Census Tract 9105.05,Palmdale,Los Angeles County,California,Palmdale,65840.0,16458.0,81181.0,18051.0,,,,,,,,,55459.0,10118.0,,,84652.0,41843.0,56060.0,9212.0,$65840,$16458,$81181,$18051,,,,,,,,,$55459,$10118,,,$84652,$41843,$56060,$9212
2015,6037910601,Census Tract 9106.01,Palmdale,Los Angeles County,California,Palmdale,37118.0,7348.0,38559.0,15387.0,33508.0,15308.0,,,,,,,41496.0,15900.0,,,31299.0,12728.0,46476.0,13455.0,$37118,$7348,$38559,$15387,$33508,$15308,,,,,,,$41496,$15900,,,$31299,$12728,$46476,$13455
2015,6037910602,Census Tract 9106.02,Palmdale,Los Angeles County,California,Palmdale,35314.0,6546.0,45399.0,8129.0,33980.0,7870.0,,,41681.0,40231.0,,,27210.0,11634.0,,,47389.0,9634.0,34286.0,4355.0,$35314,$6546,$45399,$8129,$33980,$7870,,,$41681,$40231,,,$27210,$11634,,,$47389,$9634,$34286,$4355
2015,6037910603,Census Tract 9106.03,Palmdale,Los Angeles County,California,Palmdale,54030.0,7999.0,53021.0,16757.0,43771.0,19626.0,,,124323.0,54038.0,,,55350.0,10680.0,127356.0,12833.0,60031.0,24628.0,55099.0,8387.0,$54030,$7999,$53021,$16757,$43771,$19626,,,$124323,$54038,,,$55350,$10680,$127356,$12833,$60031,$24628,$55099,$8387
2015,6037910605,Census Tract 9106.05,Palmdale,Los Angeles County,California,Palmdale,66998.0,5705.0,78310.0,10230.0,70775.0,31647.0,,,72203.0,58887.0,,,63256.0,12173.0,,,92470.0,6946.0,63126.0,15645.0,$66998,$5705,$78310,$10230,$70775,$31647,,,$72203,$58887,,,$63256,$12173,,,$92470,$6946,$63126,$15645
2015,6037910606,Census Tract 9106.06,Palmdale,Los Angeles County,California,Palmdale,62416.0,6280.0,61159.0,6800.0,60792.0,27677.0,45646.0,17268.0,,,,,70494.0,26805.0,105519.0,39469.0,79949.0,33514.0,59162.0,11410.0,$62416,$6280,$61159,$6800,$60792,$27677,$45646,$17268,,,,,$70494,$26805,$105519,$39469,$79949,$33514,$59162,$11410
2015,6037910705,Census Tract 9107.05,Palmdale,Los Angeles County,California,Palmdale,90576.0,7696.0,93492.0,4288.0,114530.0,23769.0,,,41988.0,21087.0,,,70058.0,38328.0,,,107286.0,48992.0,80398.0,13446.0,$90576,$7696,$93492,$4288,$114530,$23769,,,$41988,$21087,,,$70058,$38328,,,$107286,$48992,$80398,$13446
2015,6037910706,Census Tract 9107.06,Palmdale,Los Angeles County,California,Palmdale,68590.0,4899.0,80817.0,17614.0,66178.0,18339.0,,,73383.0,51581.0,,,67300.0,7676.0,,,94611.0,17316.0,68261.0,5030.0,$68590,$4899,$80817,$17614,$66178,$18339,,,$73383,$51581,,,$67300,$7676,,,$94611,$17316,$68261,$5030
2015,6037910707,Census Tract 9107.07,Palmdale,Los Angeles County,California,Palmdale,65150.0,14852.0,68884.0,14141.0,68229.0,54243.0,,,,,,,55051.0,39001.0,,,74693.0,39239.0,61766.0,17298.0,$65150,$14852,$68884,$14141,$68229,$54243,,,,,,,$55051,$39001,,,$74693,$39239,$61766,$17298
2015,6037910709,Census Tract 9107.09,Palmdale,Los Angeles County,California,Palmdale,81443.0,6621.0,102081.0,24331.0,81910.0,19686.0,,,,,,,,,,,100255.0,26641.0,48713.0,47707.0,$81443,$6621,$102081,$24331,$81910,$19686,,,,,,,,,,,$100255,$26641,$48713,$47707
2015,6037910711,Census Tract 9107.11,Palmdale,Los Angeles County,California,Palmdale,51908.0,13268.0,59812.0,19424.0,,,,,78709.0,56678.0,,,47226.0,16383.0,47951.0,11284.0,40107.0,20055.0,57801.0,10231.0,$51908,$13268,$59812,$19424,,,,,$78709,$56678,,,$47226,$16383,$47951,$11284,$40107,$20055,$57801,$10231
2015,6037910712,Census Tract 9107.12,Palmdale,Los Angeles County,California,Palmdale,71927.0,18253.0,96478.0,31673.0,,,,,,,,,76429.0,23883.0,,,108112.0,12218.0,71374.0,15248.0,$71927,$18253,$96478,$31673,,,,,,,,,$76429,$23883,,,$108112,$12218,$71374,$15248
2015,6037910713,Census Tract 9107.13,Palmdale,Los Angeles County,California,Palmdale,69228.0,9480.0,65398.0,21287.0,70412.0,11339.0,,,,,,,69412.0,22412.0,,,82540.0,39127.0,66475.0,22146.0,$69228,$9480,$65398,$21287,$70412,$11339,,,,,,,$69412,$22412,,,$82540,$39127,$66475,$22146
2015,6037910714,Census Tract 9107.14,Palmdale,Los Angeles County,California,Palmdale,60296.0,8594.0,68134.0,12660.0,50665.0,21783.0,,,78345.0,18914.0,,,56021.0,9640.0,,,75879.0,17861.0,59935.0,8246.0,$60296,$8594,$68134,$12660,$50665,$21783,,,$78345,$18914,,,$56021,$9640,,,$75879,$17861,$59935,$8246
2015,6037910715,Census Tract 9107.15,Palmdale,Los Angeles County,California,Palmdale,67142.0,8448.0,85306.0,13899.0,45744.0,14625.0,,,,,,,58095.0,19156.0,86450.0,85011.0,99798.0,30314.0,66958.0,8306.0,$67142,$8448,$85306,$13899,$45744,$14625,,,,,,,$58095,$19156,$86450,$85011,$99798,$30314,$66958,$8306
2015,6037910716,Census Tract 9107.16,Palmdale,Los Angeles County,California,Palmdale,74711.0,5195.0,79625.0,23800.0,87734.0,35794.0,,,99315.0,68132.0,,,59800.0,8092.0,64458.0,17053.0,79673.0,36278.0,61101.0,9065.0,$74711,$5195,$79625,$23800,$87734,$35794,,,$99315,$68132,,,$59800,$8092,$64458,$17053,$79673,$36278,$61101,$9065
2015,6037910804,Census Tract 9108.04,Palmdale,Los Angeles County,California,Palmdale,115737.0,11695.0,120528.0,20380.0,,,,,,,,,,,,,120132.0,22638.0,114767.0,7023.0,$115737,$11695,$120528,$20380,,,,,,,,,,,,,$120132,$22638,$114767,$7023
2015,6037910812,Census Tract 9108.12,Palmdale,Los Angeles County,California,Palmdale,97931.0,31229.0,97931.0,31229.0,,,,,,,,,,,,,96087.0,36227.0,,,$97931,$31229,$97931,$31229,,,,,,,,,,,,,$96087,$36227,,
2015,6037910813,Census Tract 9108.13,Palmdale,Los Angeles County,California,Palmdale,129572.0,26493.0,117435.0,26321.0,,,,,,,,,,,247450.0,84229.0,129686.0,30578.0,95228.0,53013.0,$129572,$26493,$117435,$26321,,,,,,,,,,,$247450,$84229,$129686,$30578,$95228,$53013
2015,6037980004,Census Tract 9800.04,Palmdale,Los Angeles County,California,Palmdale,,,,,,,,,,,,,,,,,,,,,,,,,,,,,,,,,,,,,,,,
2016,6037900201,Census Tract 9002.01,Palmdale,Los Angeles County,California,Palmdale,52506.0,8273.0,53325.0,7628.0,,,,,,,,,,,,,56370.0,14545.0,48614.0,31394.0,$52506,$8273,$53325,$7628,,,,,,,,,,,,,$56370,$14545,$48614,$31394
2016,6037901213,Census Tract 9012.13,Palmdale,Los Angeles County,California,Palmdale,144286.0,12219.0,146006.0,16747.0,141254.0,36806.0,,,256044.0,224602.0,,,,,,,144531.0,18446.0,186809.0,139601.0,$144286,$12219,$146006,$16747,$141254,$36806,,,$256044,$224602,,,,,,,$144531,$18446,$186809,$139601
2016,6037910001,Census Tract 9100.01,Palmdale,Los Angeles County,California,Palmdale,62270.0,25592.0,84476.0,18686.0,,,,,,,,,52038.0,45306.0,,,87813.0,21958.0,57312.0,24551.0,$62270,$25592,$84476,$18686,,,,,,,,,$52038,$45306,,,$87813,$21958,$57312,$24551
2016,6037910002,Census Tract 9100.02,Palmdale,Los Angeles County,California,Palmdale,53749.0,7053.0,55292.0,23423.0,137933.0,57101.0,,,,,,,44244.0,10948.0,,,60631.0,28303.0,47990.0,7600.0,$53749,$7053,$55292,$23423,$137933,$57101,,,,,,,$44244,$10948,,,$60631,$28303,$47990,$7600
2016,6037910101,Census Tract 9101.01,Palmdale,Los Angeles County,California,Palmdale,44128.0,13878.0,46975.0,43635.0,,,,,,,,,34959.0,17985.0,,,86219.0,36709.0,34230.0,11578.0,$44128,$13878,$46975,$43635,,,,,,,,,$34959,$17985,,,$86219,$36709,$34230,$11578
2016,6037910201,Census Tract 9102.01,Palmdale,Los Angeles County,California,Palmdale,64536.0,14683.0,64814.0,18132.0,111958.0,97854.0,,,116723.0,35676.0,,,44381.0,25376.0,,,69342.0,16574.0,45404.0,23634.0,$64536,$14683,$64814,$18132,$111958,$97854,,,$116723,$35676,,,$44381,$25376,,,$69342,$16574,$45404,$23634
2016,6037910202,Census Tract 9102.02,Palmdale,Los Angeles County,California,Palmdale,111430.0,13774.0,107729.0,12673.0,214184.0,20806.0,,,140295.0,98492.0,,,121809.0,105503.0,,,107677.0,15501.0,112796.0,36164.0,$111430,$13774,$107729,$12673,$214184,$20806,,,$140295,$98492,,,$121809,$105503,,,$107677,$15501,$112796,$36164
2016,6037910205,Census Tract 9102.05,Palmdale,Los Angeles County,California,Palmdale,82646.0,15878.0,86441.0,27771.0,,,,,220294.0,2698.0,,,51127.0,40204.0,,,100287.0,26937.0,54076.0,40592.0,$82646,$15878,$86441,$27771,,,,,$220294,$2698,,,$51127,$40204,,,$100287,$26937,$54076,$40592
2016,6037910206,Census Tract 9102.06,Palmdale,Los Angeles County,California,Palmdale,132427.0,7509.0,133110.0,23927.0,134152.0,101458.0,,,161293.0,49614.0,,,117021.0,33938.0,120170.0,17137.0,132102.0,28349.0,125086.0,21767.0,$132427,$7509,$133110,$23927,$134152,$101458,,,$161293,$49614,,,$117021,$33938,$120170,$17137,$132102,$28349,$125086,$21767
2016,6037910207,Census Tract 9102.07,Palmdale,Los Angeles County,California,Palmdale,109427.0,21003.0,126676.0,13699.0,84301.0,50989.0,,,173904.0,113305.0,,,83572.0,17247.0,115643.0,103209.0,131367.0,12381.0,105716.0,20308.0,$109427,$21003,$126676,$13699,$84301,$50989,,,$173904,$113305,,,$83572,$17247,$115643,$103209,$131367,$12381,$105716,$20308
2016,6037910208,Census Tract 9102.08,Palmdale,Los Angeles County,California,Palmdale,80649.0,11987.0,68632.0,23581.0,107788.0,79186.0,,,79034.0,38493.0,,,84621.0,42522.0,,,73643.0,25584.0,82196.0,27801.0,$80649,$11987,$68632,$23581,$107788,$79186,,,$79034,$38493,,,$84621,$42522,,,$73643,$25584,$82196,$27801
2016,6037910209,Census Tract 9102.09,Palmdale,Los Angeles County,California,Palmdale,129795.0,10143.0,132889.0,15128.0,100232.0,67403.0,,,169767.0,97661.0,,,124596.0,4264.0,149119.0,66100.0,141444.0,16835.0,122279.0,5574.0,$129795,$10143,$132889,$15128,$100232,$67403,,,$169767,$97661,,,$124596,$4264,$149119,$66100,$141444,$16835,$122279,$5574
2016,6037910210,Census Tract 9102.10,Palmdale,Los Angeles County,California,Palmdale,107394.0,8056.0,119282.0,19230.0,80205.0,65837.0,,,,,,,105293.0,20208.0,,,121481.0,20618.0,105628.0,21551.0,$107394,$8056,$119282,$19230,$80205,$65837,,,,,,,$105293,$20208,,,$121481,$20618,$105628,$21551
2016,6037910301,Census Tract 9103.01,Palmdale,Los Angeles County,California,Palmdale,120565.0,13441.0,125154.0,16127.0,,,,,,,,,85709.0,50213.0,,,127817.0,24462.0,105261.0,30624.0,$120565,$13441,$125154,$16127,,,,,,,,,$85709,$50213,,,$127817,$24462,$105261,$30624
2016,6037910302,Census Tract 9103.02,Palmdale,Los Angeles County,California,Palmdale,120380.0,26741.0,112067.0,32835.0,144408.0,130914.0,,,118299.0,42179.0,,,197492.0,119622.0,162047.0,81156.0,106514.0,34178.0,145875.0,71143.0,$120380,$26741,$112067,$32835,$144408,$130914,,,$118299,$42179,,,$197492,$119622,$162047,$81156,$106514,$34178,$145875,$71143
2016,6037910401,Census Tract 9104.01,Palmdale,Los Angeles County,California,Palmdale,95309.0,20152.0,95371.0,41085.0,,,,,87084.0,26034.0,,,97618.0,80527.0,105039.0,92115.0,73837.0,39741.0,109791.0,49231.0,$95309,$20152,$95371,$41085,,,,,$87084,$26034,,,$97618,$80527,$105039,$92115,$73837,$39741,$109791,$49231
2016,6037910402,Census Tract 9104.02,Palmdale,Los Angeles County,California,Palmdale,32885.0,3571.0,36224.0,8112.0,27987.0,5988.0,,,,,,,32606.0,6016.0,128321.0,66912.0,37325.0,18555.0,33616.0,5870.0,$32885,$3571,$36224,$8112,$27987,$5988,,,,,,,$32606,$6016,$128321,$66912,$37325,$18555,$33616,$5870
2016,6037910403,Census Tract 9104.03,Palmdale,Los Angeles County,California,Palmdale,26638.0,3158.0,32531.0,3946.0,63206.0,45532.0,,,,,,,24580.0,3973.0,,,30726.0,16973.0,25090.0,3667.0,$26638,$3158,$32531,$3946,$63206,$45532,,,,,,,$24580,$3973,,,$30726,$16973,$25090,$3667
2016,6037910404,Census Tract 9104.04,Palmdale,Los Angeles County,California,Palmdale,60251.0,13302.0,65079.0,15107.0,66457.0,57904.0,,,,,,,48233.0,21473.0,,,75677.0,32087.0,52396.0,11244.0,$60251,$13302,$65079,$15107,$66457,$57904,,,,,,,$48233,$21473,,,$75677,$32087,$52396,$11244
2016,6037910501,Census Tract 9105.01,Palmdale,Los Angeles County,California,Palmdale,21544.0,3209.0,23306.0,8545.0,21870.0,9104.0,,,19384.0,2513.0,,,19837.0,7432.0,,,27109.0,11258.0,20750.0,2977.0,$21544,$3209,$23306,$8545,$21870,$9104,,,$19384,$2513,,,$19837,$7432,,,$27109,$11258,$20750,$2977
2016,6037910502,Census Tract 9105.02,Palmdale,Los Angeles County,California,Palmdale,47396.0,3032.0,54869.0,13318.0,,,,,,,,,47269.0,4032.0,75652.0,50989.0,64113.0,12664.0,47536.0,2948.0,$47396,$3032,$54869,$13318,,,,,,,,,$47269,$4032,$75652,$50989,$64113,$12664,$47536,$2948
2016,6037910504,Census Tract 9105.04,Palmdale,Los Angeles County,California,Palmdale,52148.0,13209.0,49412.0,13309.0,,,,,,,,,61088.0,12539.0,,,58009.0,17504.0,54589.0,16022.0,$52148,$13209,$49412,$13309,,,,,,,,,$61088,$12539,,,$58009,$17504,$54589,$16022
2016,6037910505,Census Tract 9105.05,Palmdale,Los Angeles County,California,Palmdale,66712.0,8124.0,77018.0,19247.0,,,,,,,,,65592.0,15613.0,,,78806.0,24066.0,65990.0,12045.0,$66712,$8124,$77018,$19247,,,,,,,,,$65592,$15613,,,$78806,$24066,$65990,$12045
2016,6037910601,Census Tract 9106.01,Palmdale,Los Angeles County,California,Palmdale,40791.0,10524.0,42857.0,10604.0,,,,,,,,,43425.0,16205.0,,,39796.0,10925.0,45964.0,11085.0,$40791,$10524,$42857,$10604,,,,,,,,,$43425,$16205,,,$39796,$10925,$45964,$11085
2016,6037910602,Census Tract 9106.02,Palmdale,Los Angeles County,California,Palmdale,35196.0,7758.0,41656.0,4696.0,43370.0,25372.0,,,,,,,27589.0,6746.0,,,41414.0,9053.0,34035.0,10055.0,$35196,$7758,$41656,$4696,$43370,$25372,,,,,,,$27589,$6746,,,$41414,$9053,$34035,$10055
2016,6037910603,Census Tract 9106.03,Palmdale,Los Angeles County,California,Palmdale,50799.0,6535.0,51327.0,10005.0,38304.0,12497.0,53257.0,44887.0,,,,,50718.0,26588.0,124614.0,51150.0,53530.0,19638.0,52574.0,12428.0,$50799,$6535,$51327,$10005,$38304,$12497,$53257,$44887,,,,,$50718,$26588,$124614,$51150,$53530,$19638,$52574,$12428
2016,6037910605,Census Tract 9106.05,Palmdale,Los Angeles County,California,Palmdale,69451.0,8525.0,74650.0,16167.0,69615.0,43008.0,,,70627.0,55777.0,,,65000.0,10394.0,,,83617.0,31552.0,66366.0,10067.0,$69451,$8525,$74650,$16167,$69615,$43008,,,$70627,$55777,,,$65000,$10394,,,$83617,$31552,$66366,$10067
2016,6037910606,Census Tract 9106.06,Palmdale,Los Angeles County,California,Palmdale,61321.0,8179.0,57135.0,8157.0,54454.0,20869.0,45064.0,27437.0,,,,,78152.0,8994.0,107217.0,43091.0,60303.0,23853.0,67861.0,12042.0,$61321,$8179,$57135,$8157,$54454,$20869,$45064,$27437,,,,,$78152,$8994,$107217,$43091,$60303,$23853,$67861,$12042
2016,6037910705,Census Tract 9107.05,Palmdale,Los Angeles County,California,Palmdale,90419.0,6817.0,91953.0,4537.0,102740.0,22011.0,,,59175.0,24652.0,,,73249.0,27051.0,,,99853.0,19762.0,80780.0,12984.0,$90419,$6817,$91953,$4537,$102740,$22011,,,$59175,$24652,,,$73249,$27051,,,$99853,$19762,$80780,$12984
2016,6037910706,Census Tract 9107.06,Palmdale,Los Angeles County,California,Palmdale,67127.0,5283.0,68705.0,19502.0,65154.0,17397.0,,,72799.0,35671.0,,,66331.0,17024.0,,,80295.0,44151.0,68005.0,11015.0,$67127,$5283,$68705,$19502,$65154,$17397,,,$72799,$35671,,,$66331,$17024,,,$80295,$44151,$68005,$11015
2016,6037910707,Census Tract 9107.07,Palmdale,Los Angeles County,California,Palmdale,52934.0,11746.0,67395.0,21943.0,,,,,45883.0,37836.0,,,51782.0,18939.0,,,66927.0,34500.0,61199.0,20871.0,$52934,$11746,$67395,$21943,,,,,$45883,$37836,,,$51782,$18939,,,$66927,$34500,$61199,$20871
2016,6037910709,Census Tract 9107.09,Palmdale,Los Angeles County,California,Palmdale,100182.0,12984.0,113069.0,21389.0,83887.0,12327.0,,,,,,,81449.0,50189.0,99810.0,60227.0,104498.0,24969.0,105460.0,23015.0,$100182,$12984,$113069,$21389,$83887,$12327,,,,,,,$81449,$50189,$99810,$60227,$104498,$24969,$105460,$23015
2016,6037910711,Census Tract 9107.11,Palmdale,Los Angeles County,California,Palmdale,53960.0,9879.0,55247.0,16958.0,76509.0,45480.0,,,98672.0,66950.0,,,50817.0,10484.0,,,33463.0,15402.0,56992.0,10767.0,$53960,$9879,$55247,$16958,$76509,$45480,,,$98672,$66950,,,$50817,$10484,,,$33463,$15402,$56992,$10767
2016,6037910712,Census Tract 9107.12,Palmdale,Los Angeles County,California,Palmdale,71693.0,12055.0,72757.0,22517.0,69644.0,28231.0,,,171242.0,112068.0,,,68203.0,50575.0,,,74704.0,29652.0,67525.0,19369.0,$71693,$12055,$72757,$22517,$69644,$28231,,,$171242,$112068,,,$68203,$50575,,,$74704,$29652,$67525,$19369
2016,6037910713,Census Tract 9107.13,Palmdale,Los Angeles County,California,Palmdale,72939.0,6433.0,75004.0,10191.0,69292.0,13962.0,,,,,,,74013.0,18482.0,,,79476.0,20971.0,72612.0,10271.0,$72939,$6433,$75004,$10191,$69292,$13962,,,,,,,$74013,$18482,,,$79476,$20971,$72612,$10271
2016,6037910714,Census Tract 9107.14,Palmdale,Los Angeles County,California,Palmdale,68234.0,9673.0,75300.0,9768.0,,,,,77564.0,24339.0,,,60556.0,6008.0,,,85075.0,18218.0,62028.0,9891.0,$68234,$9673,$75300,$9768,,,,,$77564,$24339,,,$60556,$6008,,,$85075,$18218,$62028,$9891
2016,6037910715,Census Tract 9107.15,Palmdale,Los Angeles County,California,Palmdale,63355.0,8035.0,83163.0,27127.0,44923.0,12897.0,,,156698.0,88578.0,,,55103.0,12578.0,,,88216.0,39028.0,63667.0,7800.0,$63355,$8035,$83163,$27127,$44923,$12897,,,$156698,$88578,,,$55103,$12578,,,$88216,$39028,$63667,$7800
2016,6037910716,Census Tract 9107.16,Palmdale,Los Angeles County,California,Palmdale,78194.0,19857.0,87705.0,26645.0,68005.0,20208.0,,,100967.0,56803.0,,,95202.0,60853.0,63908.0,38831.0,87491.0,37073.0,71716.0,16258.0,$78194,$19857,$87705,$26645,$68005,$20208,,,$100967,$56803,,,$95202,$60853,$63908,$38831,$87491,$37073,$71716,$16258
2016,6037910804,Census Tract 9108.04,Palmdale,Los Angeles County,California,Palmdale,118607.0,13968.0,110925.0,28131.0,,,,,,,,,119623.0,8024.0,,,109791.0,30344.0,119925.0,7240.0,$118607,$13968,$110925,$28131,,,,,,,,,$119623,$8024,,,$109791,$30344,$119925,$7240
2016,6037910812,Census Tract 9108.12,Palmdale,Los Angeles County,California,Palmdale,96682.0,31603.0,96682.0,31603.0,,,,,,,,,,,,,99959.0,31873.0,,,$96682,$31603,$96682,$31603,,,,,,,,,,,,,$99959,$31873,,
2016,6037910813,Census Tract 9108.13,Palmdale,Los Angeles County,California,Palmdale,132693.0,27812.0,131289.0,48118.0,,,,,,,,,,,238427.0,62089.0,131601.0,44809.0,,,$132693,$27812,$131289,$48118,,,,,,,,,,,$238427,$62089,$131601,$44809,,
2016,6037980004,Census Tract 9800.04,Palmdale,Los Angeles County,California,Palmdale,,,,,,,,,,,,,,,,,,,,,,,,,,,,,,,,,,,,,,,,
2017,6037900201,Census Tract 9002.01,Palmdale,Los Angeles County,California,Palmdale,58911.0,6870.0,59876.0,9010.0,,,,,,,,,,,,,89655.0,35915.0,,,$58911,$6870,$59876,$9010,,,,,,,,,,,,,$89655,$35915,,
2017,6037901213,Census Tract 9012.13,Palmdale,Los Angeles County,California,Palmdale,137960.0,13382.0,138883.0,19170.0,142429.0,35979.0,,,,,,,,,,,135265.0,23201.0,145431.0,107638.0,$137960,$13382,$138883,$19170,$142429,$35979,,,,,,,,,,,$135265,$23201,$145431,$107638
2017,6037910001,Census Tract 9100.01,Palmdale,Los Angeles County,California,Palmdale,54718.0,10368.0,72494.0,24523.0,54234.0,52092.0,,,,,,,47495.0,5393.0,,,86761.0,34941.0,53445.0,7925.0,$54718,$10368,$72494,$24523,$54234,$52092,,,,,,,$47495,$5393,,,$86761,$34941,$53445,$7925
2017,6037910002,Census Tract 9100.02,Palmdale,Los Angeles County,California,Palmdale,51641.0,5176.0,51541.0,11061.0,134845.0,92640.0,,,,,,,49288.0,18930.0,,,52043.0,14863.0,48939.0,10579.0,$51641,$5176,$51541,$11061,$134845,$92640,,,,,,,$49288,$18930,,,$52043,$14863,$48939,$10579
2017,6037910101,Census Tract 9101.01,Palmdale,Los Angeles County,California,Palmdale,47251.0,10002.0,,,,,,,,,,,46145.0,15468.0,,,86646.0,61323.0,45647.0,17970.0,$47251,$10002,,,,,,,,,,,$46145,$15468,,,$86646,$61323,$45647,$17970
2017,6037910201,Census Tract 9102.01,Palmdale,Los Angeles County,California,Palmdale,74255.0,22219.0,68652.0,14960.0,,,,,116733.0,23284.0,,,95253.0,76164.0,,,70142.0,13878.0,81833.0,44842.0,$74255,$22219,$68652,$14960,,,,,$116733,$23284,,,$95253,$76164,,,$70142,$13878,$81833,$44842
2017,6037910202,Census Tract 9102.02,Palmdale,Los Angeles County,California,Palmdale,112066.0,13310.0,109321.0,12786.0,204926.0,70556.0,,,132376.0,95283.0,,,225352.0,140997.0,48326.0,9689.0,106665.0,10917.0,211062.0,97515.0,$112066,$13310,$109321,$12786,$204926,$70556,,,$132376,$95283,,,$225352,$140997,$48326,$9689,$106665,$10917,$211062,$97515
2017,6037910205,Census Tract 9102.05,Palmdale,Los Angeles County,California,Palmdale,80561.0,23610.0,70361.0,19476.0,,,,,220003.0,91659.0,,,,,,,93706.0,29994.0,50839.0,26903.0,$80561,$23610,$70361,$19476,,,,,$220003,$91659,,,,,,,$93706,$29994,$50839,$26903
2017,6037910206,Census Tract 9102.06,Palmdale,Los Angeles County,California,Palmdale,120800.0,19442.0,117133.0,19189.0,157935.0,46165.0,,,163207.0,48172.0,,,99253.0,10491.0,120663.0,75254.0,104030.0,25912.0,114142.0,7769.0,$120800,$19442,$117133,$19189,$157935,$46165,,,$163207,$48172,,,$99253,$10491,$120663,$75254,$104030,$25912,$114142,$7769
2017,6037910207,Census Tract 9102.07,Palmdale,Los Angeles County,California,Palmdale,108123.0,20918.0,123368.0,16897.0,,,,,146550.0,81273.0,,,80100.0,15645.0,116866.0,75290.0,126188.0,15093.0,106198.0,33179.0,$108123,$20918,$123368,$16897,,,,,$146550,$81273,,,$80100,$15645,$116866,$75290,$126188,$15093,$106198,$33179
2017,6037910208,Census Tract 9102.08,Palmdale,Los Angeles County,California,Palmdale,79941.0,14142.0,81209.0,21597.0,124354.0,82458.0,,,,,,,56802.0,33584.0,,,84400.0,18215.0,66202.0,23794.0,$79941,$14142,$81209,$21597,$124354,$82458,,,,,,,$56802,$33584,,,$84400,$18215,$66202,$23794
2017,6037910209,Census Tract 9102.09,Palmdale,Los Angeles County,California,Palmdale,130572.0,12197.0,141877.0,15035.0,79808.0,29806.0,,,134553.0,110758.0,,,124645.0,4604.0,148633.0,78204.0,148495.0,20004.0,124942.0,4922.0,$130572,$12197,$141877,$15035,$79808,$29806,,,$134553,$110758,,,$124645,$4604,$148633,$78204,$148495,$20004,$124942,$4922
2017,6037910210,Census Tract 9102.10,Palmdale,Los Angeles County,California,Palmdale,122610.0,22051.0,162925.0,30328.0,82329.0,49157.0,,,173534.0,122857.0,,,102784.0,30117.0,98995.0,63777.0,163171.0,28161.0,103679.0,16990.0,$122610,$22051,$162925,$30328,$82329,$49157,,,$173534,$122857,,,$102784,$30117,$98995,$63777,$163171,$28161,$103679,$16990
2017,6037910301,Census Tract 9103.01,Palmdale,Los Angeles County,California,Palmdale,121229.0,23486.0,126572.0,21532.0,,,,,,,,,,,180780.0,155508.0,132548.0,27018.0,103567.0,31150.0,$121229,$23486,$126572,$21532,,,,,,,,,,,$180780,$155508,$132548,$27018,$103567,$31150
2017,6037910302,Census Tract 9103.02,Palmdale,Los Angeles County,California,Palmdale,114866.0,9656.0,113074.0,19975.0,,,,,121030.0,7114.0,,,,,,,103695.0,16160.0,121381.0,75425.0,$114866,$9656,$113074,$19975,,,,,$121030,$7114,,,,,,,$103695,$16160,$121381,$75425
2017,6037910401,Census Tract 9104.01,Palmdale,Los Angeles County,California,Palmdale,99452.0,16621.0,99121.0,25609.0,,,,,91271.0,36680.0,,,141001.0,94031.0,80161.0,65479.0,88151.0,40567.0,124942.0,40200.0,$99452,$16621,$99121,$25609,,,,,$91271,$36680,,,$141001,$94031,$80161,$65479,$88151,$40567,$124942,$40200
2017,6037910402,Census Tract 9104.02,Palmdale,Los Angeles County,California,Palmdale,32422.0,3377.0,37886.0,14255.0,29543.0,11821.0,,,,,,,31505.0,5117.0,,,36029.0,21008.0,33659.0,5268.0,$32422,$3377,$37886,$14255,$29543,$11821,,,,,,,$31505,$5117,,,$36029,$21008,$33659,$5268
2017,6037910403,Census Tract 9104.03,Palmdale,Los Angeles County,California,Palmdale,25673.0,3587.0,36339.0,4818.0,,,,,,,,,23848.0,3508.0,,,30968.0,20021.0,25089.0,3362.0,$25673,$3587,$36339,$4818,,,,,,,,,$23848,$3508,,,$30968,$20021,$25089,$3362
2017,6037910404,Census Tract 9104.04,Palmdale,Los Angeles County,California,Palmdale,65894.0,15845.0,72588.0,8857.0,,,,,,,,,,,,,75860.0,23324.0,59927.0,22287.0,$65894,$15845,$72588,$8857,,,,,,,,,,,,,$75860,$23324,$59927,$22287
2017,6037910501,Census Tract 9105.01,Palmdale,Los Angeles County,California,Palmdale,21932.0,3615.0,27813.0,12208.0,19968.0,10445.0,,,20811.0,4706.0,,,20342.0,7411.0,24527.0,18519.0,26957.0,12528.0,22120.0,8775.0,$21932,$3615,$27813,$12208,$19968,$10445,,,$20811,$4706,,,$20342,$7411,$24527,$18519,$26957,$12528,$22120,$8775
2017,6037910502,Census Tract 9105.02,Palmdale,Los Angeles County,California,Palmdale,45792.0,3287.0,52456.0,17016.0,20814.0,19227.0,,,27093.0,6434.0,,,46656.0,2017.0,,,62845.0,8322.0,46436.0,2531.0,$45792,$3287,$52456,$17016,$20814,$19227,,,$27093,$6434,,,$46656,$2017,,,$62845,$8322,$46436,$2531
2017,6037910504,Census Tract 9105.04,Palmdale,Los Angeles County,California,Palmdale,55357.0,11748.0,55518.0,9232.0,,,,,,,,,62331.0,14718.0,,,61317.0,15558.0,56120.0,10706.0,$55357,$11748,$55518,$9232,,,,,,,,,$62331,$14718,,,$61317,$15558,$56120,$10706
2017,6037910505,Census Tract 9105.05,Palmdale,Los Angeles County,California,Palmdale,68772.0,6472.0,76056.0,16379.0,90858.0,54948.0,,,,,,,60588.0,15648.0,,,76458.0,16467.0,60267.0,15654.0,$68772,$6472,$76056,$16379,$90858,$54948,,,,,,,$60588,$15648,,,$76458,$16467,$60267,$15654
2017,6037910601,Census Tract 9106.01,Palmdale,Los Angeles County,California,Palmdale,47907.0,8260.0,52755.0,23717.0,36037.0,30306.0,,,,,,,48258.0,6784.0,,,42521.0,12996.0,50650.0,9095.0,$47907,$8260,$52755,$23717,$36037,$30306,,,,,,,$48258,$6784,,,$42521,$12996,$50650,$9095
2017,6037910602,Census Tract 9106.02,Palmdale,Los Angeles County,California,Palmdale,44182.0,4551.0,45059.0,5135.0,45657.0,27059.0,,,52309.0,28405.0,,,27690.0,20108.0,,,45975.0,7152.0,42842.0,16681.0,$44182,$4551,$45059,$5135,$45657,$27059,,,$52309,$28405,,,$27690,$20108,,,$45975,$7152,$42842,$16681
2017,6037910603,Census Tract 9106.03,Palmdale,Los Angeles County,California,Palmdale,50680.0,6864.0,54255.0,13577.0,38305.0,13810.0,52469.0,51646.0,,,,,44887.0,15944.0,121345.0,26194.0,57943.0,16635.0,50963.0,9898.0,$50680,$6864,$54255,$13577,$38305,$13810,$52469,$51646,,,,,$44887,$15944,$121345,$26194,$57943,$16635,$50963,$9898
2017,6037910605,Census Tract 9106.05,Palmdale,Los Angeles County,California,Palmdale,65787.0,13472.0,63280.0,27324.0,75414.0,61263.0,,,,,,,65285.0,16519.0,,,62417.0,52795.0,65352.0,14571.0,$65787,$13472,$63280,$27324,$75414,$61263,,,,,,,$65285,$16519,,,$62417,$52795,$65352,$14571
2017,6037910606,Census Tract 9106.06,Palmdale,Los Angeles County,California,Palmdale,60136.0,14369.0,57327.0,12318.0,44187.0,28199.0,,,,,,,72789.0,19881.0,,,61375.0,28887.0,67976.0,19076.0,$60136,$14369,$57327,$12318,$44187,$28199,,,,,,,$72789,$19881,,,$61375,$28887,$67976,$19076
2017,6037910705,Census Tract 9107.05,Palmdale,Los Angeles County,California,Palmdale,95646.0,7458.0,95640.0,8600.0,102833.0,25147.0,,,49169.0,44733.0,,,98342.0,28788.0,,,102641.0,46729.0,90764.0,15908.0,$95646,$7458,$95640,$8600,$102833,$25147,,,$49169,$44733,,,$98342,$28788,,,$102641,$46729,$90764,$15908
2017,6037910706,Census Tract 9107.06,Palmdale,Los Angeles County,California,Palmdale,71735.0,7024.0,73168.0,15587.0,77661.0,18772.0,,,71259.0,37873.0,,,67207.0,16397.0,,,78223.0,32348.0,72394.0,15156.0,$71735,$7024,$73168,$15587,$77661,$18772,,,$71259,$37873,,,$67207,$16397,,,$78223,$32348,$72394,$15156
2017,6037910707,Census Tract 9107.07,Palmdale,Los Angeles County,California,Palmdale,63953.0,12034.0,77179.0,23930.0,,,,,41362.0,39538.0,,,61857.0,28876.0,142879.0,75390.0,78998.0,26618.0,68435.0,18476.0,$63953,$12034,$77179,$23930,,,,,$41362,$39538,,,$61857,$28876,$142879,$75390,$78998,$26618,$68435,$18476
2017,6037910709,Census Tract 9107.09,Palmdale,Los Angeles County,California,Palmdale,102546.0,23428.0,116170.0,29339.0,,,,,,,,,79770.0,58740.0,,,114566.0,37751.0,104881.0,32481.0,$102546,$23428,$116170,$29339,,,,,,,,,$79770,$58740,,,$114566,$37751,$104881,$32481
2017,6037910711,Census Tract 9107.11,Palmdale,Los Angeles County,California,Palmdale,57650.0,14201.0,41529.0,18270.0,78149.0,33281.0,,,138092.0,100000.0,,,60487.0,34334.0,47165.0,15273.0,31896.0,16658.0,60007.0,19274.0,$57650,$14201,$41529,$18270,$78149,$33281,,,$138092,$100000,,,$60487,$34334,$47165,$15273,$31896,$16658,$60007,$19274
2017,6037910712,Census Tract 9107.12,Palmdale,Los Angeles County,California,Palmdale,81833.0,21798.0,84400.0,33551.0,88251.0,42028.0,,,,,,,79125.0,42037.0,,,85202.0,28312.0,78471.0,35282.0,$81833,$21798,$84400,$33551,$88251,$42028,,,,,,,$79125,$42037,,,$85202,$28312,$78471,$35282
2017,6037910713,Census Tract 9107.13,Palmdale,Los Angeles County,California,Palmdale,70323.0,7291.0,75052.0,22973.0,81933.0,25418.0,,,,,,,68913.0,13255.0,,,71136.0,30896.0,69162.0,12521.0,$70323,$7291,$75052,$22973,$81933,$25418,,,,,,,$68913,$13255,,,$71136,$30896,$69162,$12521
2017,6037910714,Census Tract 9107.14,Palmdale,Los Angeles County,California,Palmdale,74020.0,12282.0,75414.0,12286.0,,,,,,,,,66484.0,15237.0,,,86246.0,26934.0,66976.0,10254.0,$74020,$12282,$75414,$12286,,,,,,,,,$66484,$15237,,,$86246,$26934,$66976,$10254
2017,6037910715,Census Tract 9107.15,Palmdale,Los Angeles County,California,Palmdale,65152.0,4322.0,72492.0,10439.0,38418.0,27058.0,,,154268.0,55612.0,,,65618.0,6326.0,67392.0,65561.0,60104.0,27637.0,66258.0,5340.0,$65152,$4322,$72492,$10439,$38418,$27058,,,$154268,$55612,,,$65618,$6326,$67392,$65561,$60104,$27637,$66258,$5340
2017,6037910716,Census Tract 9107.16,Palmdale,Los Angeles County,California,Palmdale,90364.0,14865.0,92038.0,24749.0,78730.0,22016.0,,,98710.0,72183.0,,,90497.0,45677.0,88817.0,38331.0,101311.0,23626.0,71537.0,24827.0,$90364,$14865,$92038,$24749,$78730,$22016,,,$98710,$72183,,,$90497,$45677,$88817,$38331,$101311,$23626,$71537,$24827
2017,6037910804,Census Tract 9108.04,Palmdale,Los Angeles County,California,Palmdale,119955.0,17359.0,115966.0,27815.0,,,,,,,,,,,,,111036.0,28977.0,121300.0,24798.0,$119955,$17359,$115966,$27815,,,,,,,,,,,,,$111036,$28977,$121300,$24798
2017,6037910812,Census Tract 9108.12,Palmdale,Los Angeles County,California,Palmdale,96074.0,26349.0,97478.0,23899.0,,,,,,,,,,,,,97478.0,23899.0,,,$96074,$26349,$97478,$23899,,,,,,,,,,,,,$97478,$23899,,
2017,6037910813,Census Tract 9108.13,Palmdale,Los Angeles County,California,Palmdale,116269.0,42117.0,113195.0,41448.0,,,,,,,,,,,238011.0,123736.0,114944.0,45204.0,95971.0,75233.0,$116269,$42117,$113195,$41448,,,,,,,,,,,$238011,$123736,$114944,$45204,$95971,$75233
2017,6037980004,Census Tract 9800.04,Palmdale,Los Angeles County,California,Palmdale,,,,,,,,,,,,,,,,,,,,,,,,,,,,,,,,,,,,,,,,
2018,6037900201,Census Tract 9002.01,Palmdale,Los Angeles County,California,Palmdale,55940.0,9705.0,56014.0,10464.0,,,,,,,,,,,,,61869.0,25327.0,39722.0,24030.0,$55940,$9705,$56014,$10464,,,,,,,,,,,,,$61869,$25327,$39722,$24030
2018,6037901213,Census Tract 9012.13,Palmdale,Los Angeles County,California,Palmdale,143131.0,15389.0,143556.0,21709.0,141546.0,45724.0,,,270450.0,21735.0,,,,,,,142875.0,23453.0,,,$143131,$15389,$143556,$21709,$141546,$45724,,,$270450,$21735,,,,,,,$142875,$23453,,
2018,6037910001,Census Tract 9100.01,Palmdale,Los Angeles County,California,Palmdale,59744.0,17098.0,75556.0,14936.0,,,,,,,,,49026.0,17396.0,86371.0,25032.0,86819.0,33394.0,59093.0,16035.0,$59744,$17098,$75556,$14936,,,,,,,,,$49026,$17396,$86371,$25032,$86819,$33394,$59093,$16035
2018,6037910002,Census Tract 9100.02,Palmdale,Los Angeles County,California,Palmdale,57511.0,11107.0,52461.0,18130.0,135306.0,62833.0,,,,,,,57563.0,9042.0,,,70596.0,31648.0,52720.0,8632.0,$57511,$11107,$52461,$18130,$135306,$62833,,,,,,,$57563,$9042,,,$70596,$31648,$52720,$8632
2018,6037910101,Census Tract 9101.01,Palmdale,Los Angeles County,California,Palmdale,51978.0,7068.0,67351.0,23513.0,,,,,,,,,50692.0,13804.0,,,74187.0,15628.0,46337.0,13961.0,$51978,$7068,$67351,$23513,,,,,,,,,$50692,$13804,,,$74187,$15628,$46337,$13961
2018,6037910201,Census Tract 9102.01,Palmdale,Los Angeles County,California,Palmdale,76391.0,17590.0,70116.0,13928.0,,,,,,,,,116918.0,57722.0,,,68479.0,10351.0,89280.0,34776.0,$76391,$17590,$70116,$13928,,,,,,,,,$116918,$57722,,,$68479,$10351,$89280,$34776
2018,6037910202,Census Tract 9102.02,Palmdale,Los Angeles County,California,Palmdale,123226.0,18674.0,120887.0,18511.0,220459.0,19801.0,,,135985.0,104696.0,,,151279.0,77655.0,,,119723.0,17687.0,135878.0,95262.0,$123226,$18674,$120887,$18511,$220459,$19801,,,$135985,$104696,,,$151279,$77655,,,$119723,$17687,$135878,$95262
2018,6037910205,Census Tract 9102.05,Palmdale,Los Angeles County,California,Palmdale,74979.0,15287.0,70391.0,25319.0,,,,,217848.0,21762.0,,,72235.0,44131.0,,,85476.0,21673.0,69010.0,40005.0,$74979,$15287,$70391,$25319,,,,,$217848,$21762,,,$72235,$44131,,,$85476,$21673,$69010,$40005
2018,6037910206,Census Tract 9102.06,Palmdale,Los Angeles County,California,Palmdale,131783.0,21452.0,121650.0,23535.0,158198.0,42042.0,,,187697.0,24729.0,,,103167.0,28775.0,139402.0,32621.0,114341.0,23871.0,118387.0,11598.0,$131783,$21452,$121650,$23535,$158198,$42042,,,$187697,$24729,,,$103167,$28775,$139402,$32621,$114341,$23871,$118387,$11598
2018,6037910207,Census Tract 9102.07,Palmdale,Los Angeles County,California,Palmdale,111404.0,21496.0,139033.0,26607.0,77435.0,20807.0,,,183259.0,108064.0,,,79958.0,4675.0,116237.0,81409.0,142534.0,30311.0,104711.0,26588.0,$111404,$21496,$139033,$26607,$77435,$20807,,,$183259,$108064,,,$79958,$4675,$116237,$81409,$142534,$30311,$104711,$26588
2018,6037910208,Census Tract 9102.08,Palmdale,Los Angeles County,California,Palmdale,79961.0,14525.0,87974.0,24640.0,78500.0,47664.0,,,,,,,71058.0,36514.0,40168.0,27073.0,84581.0,21430.0,71190.0,36335.0,$79961,$14525,$87974,$24640,$78500,$47664,,,,,,,$71058,$36514,$40168,$27073,$84581,$21430,$71190,$36335
2018,6037910209,Census Tract 9102.09,Palmdale,Los Angeles County,California,Palmdale,127923.0,11997.0,130526.0,21511.0,78120.0,45270.0,,,160390.0,107790.0,,,126621.0,57549.0,148800.0,31730.0,133485.0,21596.0,126871.0,21155.0,$127923,$11997,$130526,$21511,$78120,$45270,,,$160390,$107790,,,$126621,$57549,$148800,$31730,$133485,$21596,$126871,$21155
2018,6037910210,Census Tract 9102.10,Palmdale,Los Angeles County,California,Palmdale,122753.0,19083.0,151177.0,22650.0,110471.0,78031.0,,,,,,,104336.0,29508.0,,,141517.0,42047.0,117473.0,49856.0,$122753,$19083,$151177,$22650,$110471,$78031,,,,,,,$104336,$29508,,,$141517,$42047,$117473,$49856
2018,6037910301,Census Tract 9103.01,Palmdale,Los Angeles County,California,Palmdale,121938.0,17178.0,126480.0,17510.0,,,,,,,,,,,178690.0,82686.0,132402.0,33123.0,108598.0,22057.0,$121938,$17178,$126480,$17510,,,,,,,,,,,$178690,$82686,$132402,$33123,$108598,$22057
2018,6037910302,Census Tract 9103.02,Palmdale,Los Angeles County,California,Palmdale,118244.0,17416.0,117758.0,32368.0,114695.0,26268.0,,,122799.0,14180.0,,,198439.0,106848.0,,,105235.0,19546.0,161207.0,44111.0,$118244,$17416,$117758,$32368,$114695,$26268,,,$122799,$14180,,,$198439,$106848,,,$105235,$19546,$161207,$44111
2018,6037910401,Census Tract 9104.01,Palmdale,Los Angeles County,California,Palmdale,99344.0,18990.0,76870.0,30625.0,,,,,116470.0,33717.0,,,139402.0,88713.0,104769.0,31009.0,75657.0,25278.0,109418.0,45284.0,$99344,$18990,$76870,$30625,,,,,$116470,$33717,,,$139402,$88713,$104769,$31009,$75657,$25278,$109418,$45284
2018,6037910402,Census Tract 9104.02,Palmdale,Los Angeles County,California,Palmdale,32639.0,2470.0,39728.0,20168.0,26314.0,11896.0,,,,,,,32547.0,3777.0,,,35313.0,19771.0,33968.0,4507.0,$32639,$2470,$39728,$20168,$26314,$11896,,,,,,,$32547,$3777,,,$35313,$19771,$33968,$4507
2018,6037910403,Census Tract 9104.03,Palmdale,Los Angeles County,California,Palmdale,24887.0,3336.0,35876.0,6414.0,19792.0,6201.0,,,,,,,23693.0,1992.0,,,30899.0,15262.0,24674.0,3312.0,$24887,$3336,$35876,$6414,$19792,$6201,,,,,,,$23693,$1992,,,$30899,$15262,$24674,$3312
2018,6037910404,Census Tract 9104.04,Palmdale,Los Angeles County,California,Palmdale,72731.0,4537.0,60616.0,11939.0,67438.0,41244.0,,,132823.0,80343.0,,,88329.0,10506.0,,,71914.0,12023.0,74619.0,19424.0,$72731,$4537,$60616,$11939,$67438,$41244,,,$132823,$80343,,,$88329,$10506,,,$71914,$12023,$74619,$19424
2018,6037910501,Census Tract 9105.01,Palmdale,Los Angeles County,California,Palmdale,22242.0,3250.0,27724.0,14686.0,19202.0,7686.0,,,20580.0,7713.0,,,31359.0,20571.0,26627.0,20129.0,32109.0,16701.0,25409.0,11452.0,$22242,$3250,$27724,$14686,$19202,$7686,,,$20580,$7713,,,$31359,$20571,$26627,$20129,$32109,$16701,$25409,$11452
2018,6037910502,Census Tract 9105.02,Palmdale,Los Angeles County,California,Palmdale,42792.0,6584.0,43130.0,9152.0,19335.0,2581.0,,,29623.0,7754.0,,,49100.0,2724.0,,,37484.0,34039.0,48523.0,3109.0,$42792,$6584,$43130,$9152,$19335,$2581,,,$29623,$7754,,,$49100,$2724,,,$37484,$34039,$48523,$3109
2018,6037910504,Census Tract 9105.04,Palmdale,Los Angeles County,California,Palmdale,53632.0,11098.0,53991.0,7664.0,,,,,,,,,68375.0,13908.0,,,54038.0,14385.0,59886.0,12721.0,$53632,$11098,$53991,$7664,,,,,,,,,$68375,$13908,,,$54038,$14385,$59886,$12721
2018,6037910505,Census Tract 9105.05,Palmdale,Los Angeles County,California,Palmdale,78868.0,15420.0,87191.0,25518.0,93686.0,43827.0,,,116131.0,56779.0,,,62510.0,21619.0,,,77352.0,44180.0,68918.0,21377.0,$78868,$15420,$87191,$25518,$93686,$43827,,,$116131,$56779,,,$62510,$21619,,,$77352,$44180,$68918,$21377
2018,6037910601,Census Tract 9106.01,Palmdale,Los Angeles County,California,Palmdale,48532.0,8299.0,46555.0,29840.0,35991.0,24834.0,,,,,,,48907.0,6711.0,83015.0,59610.0,39565.0,5169.0,53106.0,18363.0,$48532,$8299,$46555,$29840,$35991,$24834,,,,,,,$48907,$6711,$83015,$59610,$39565,$5169,$53106,$18363
2018,6037910602,Census Tract 9106.02,Palmdale,Los Angeles County,California,Palmdale,47829.0,5799.0,46278.0,4656.0,48425.0,24555.0,,,,,,,58737.0,35346.0,,,46184.0,5154.0,53255.0,19159.0,$47829,$5799,$46278,$4656,$48425,$24555,,,,,,,$58737,$35346,,,$46184,$5154,$53255,$19159
2018,6037910603,Census Tract 9106.03,Palmdale,Los Angeles County,California,Palmdale,54842.0,9920.0,66400.0,14094.0,43564.0,13468.0,,,,,,,50789.0,20536.0,115646.0,31873.0,65928.0,24522.0,55246.0,13193.0,$54842,$9920,$66400,$14094,$43564,$13468,,,,,,,$50789,$20536,$115646,$31873,$65928,$24522,$55246,$13193
2018,6037910605,Census Tract 9106.05,Palmdale,Los Angeles County,California,Palmdale,61689.0,9856.0,60483.0,22725.0,40881.0,10902.0,,,,,,,64768.0,9160.0,,,45352.0,32014.0,67284.0,8877.0,$61689,$9856,$60483,$22725,$40881,$10902,,,,,,,$64768,$9160,,,$45352,$32014,$67284,$8877
2018,6037910606,Census Tract 9106.06,Palmdale,Los Angeles County,California,Palmdale,61904.0,9096.0,57431.0,17623.0,55645.0,34815.0,,,,,,,71790.0,24833.0,,,49731.0,24065.0,65785.0,17447.0,$61904,$9096,$57431,$17623,$55645,$34815,,,,,,,$71790,$24833,,,$49731,$24065,$65785,$17447
2018,6037910705,Census Tract 9107.05,Palmdale,Los Angeles County,California,Palmdale,91055.0,13931.0,82188.0,12119.0,103377.0,26027.0,,,53168.0,50413.0,,,99610.0,18470.0,,,94762.0,42420.0,88805.0,19431.0,$91055,$13931,$82188,$12119,$103377,$26027,,,$53168,$50413,,,$99610,$18470,,,$94762,$42420,$88805,$19431
2018,6037910706,Census Tract 9107.06,Palmdale,Los Angeles County,California,Palmdale,72752.0,7932.0,75496.0,20324.0,81622.0,24018.0,,,73617.0,4815.0,,,67830.0,13264.0,,,76322.0,37515.0,69701.0,13400.0,$72752,$7932,$75496,$20324,$81622,$24018,,,$73617,$4815,,,$67830,$13264,,,$76322,$37515,$69701,$13400
2018,6037910707,Census Tract 9107.07,Palmdale,Los Angeles County,California,Palmdale,60401.0,12354.0,68048.0,17256.0,54560.0,49734.0,,,40277.0,30205.0,,,54463.0,9189.0,142534.0,1395.0,80600.0,28415.0,59961.0,10608.0,$60401,$12354,$68048,$17256,$54560,$49734,,,$40277,$30205,,,$54463,$9189,$142534,$1395,$80600,$28415,$59961,$10608
2018,6037910709,Census Tract 9107.09,Palmdale,Los Angeles County,California,Palmdale,99374.0,19222.0,101570.0,38506.0,,,,,,,,,103712.0,57353.0,,,95937.0,95548.0,105054.0,22292.0,$99374,$19222,$101570,$38506,,,,,,,,,$103712,$57353,,,$95937,$95548,$105054,$22292
2018,6037910711,Census Tract 9107.11,Palmdale,Los Angeles County,California,Palmdale,69044.0,23134.0,60912.0,24938.0,75373.0,66340.0,,,126349.0,76471.0,,,57799.0,28653.0,,,60303.0,39253.0,58753.0,24543.0,$69044,$23134,$60912,$24938,$75373,$66340,,,$126349,$76471,,,$57799,$28653,,,$60303,$39253,$58753,$24543
2018,6037910712,Census Tract 9107.12,Palmdale,Los Angeles County,California,Palmdale,86110.0,12274.0,83228.0,23232.0,88538.0,39053.0,,,,,,,85859.0,17667.0,,,82444.0,9514.0,86435.0,20215.0,$86110,$12274,$83228,$23232,$88538,$39053,,,,,,,$85859,$17667,,,$82444,$9514,$86435,$20215
2018,6037910713,Census Tract 9107.13,Palmdale,Los Angeles County,California,Palmdale,76821.0,2708.0,78017.0,10553.0,84207.0,22012.0,,,84805.0,62688.0,,,75253.0,10676.0,,,70484.0,32745.0,76291.0,4711.0,$76821,$2708,$78017,$10553,$84207,$22012,,,$84805,$62688,,,$75253,$10676,,,$70484,$32745,$76291,$4711
2018,6037910714,Census Tract 9107.14,Palmdale,Los Angeles County,California,Palmdale,77667.0,14510.0,84513.0,14747.0,91020.0,40169.0,,,,,,,67764.0,22170.0,,,117223.0,5773.0,69158.0,12314.0,$77667,$14510,$84513,$14747,$91020,$40169,,,,,,,$67764,$22170,,,$117223,$5773,$69158,$12314
2018,6037910715,Census Tract 9107.15,Palmdale,Los Angeles County,California,Palmdale,67064.0,5090.0,74605.0,11016.0,42718.0,17118.0,,,90399.0,66684.0,,,66843.0,10496.0,84865.0,61326.0,75467.0,22163.0,68007.0,7177.0,$67064,$5090,$74605,$11016,$42718,$17118,,,$90399,$66684,,,$66843,$10496,$84865,$61326,$75467,$22163,$68007,$7177
2018,6037910716,Census Tract 9107.16,Palmdale,Los Angeles County,California,Palmdale,78064.0,31052.0,74125.0,28479.0,75246.0,26982.0,,,98735.0,20125.0,,,97266.0,46859.0,100300.0,69292.0,89475.0,50197.0,74752.0,35896.0,$78064,$31052,$74125,$28479,$75246,$26982,,,$98735,$20125,,,$97266,$46859,$100300,$69292,$89475,$50197,$74752,$35896
2018,6037910804,Census Tract 9108.04,Palmdale,Los Angeles County,California,Palmdale,117958.0,28716.0,117046.0,38294.0,,,,,,,,,,,,,116192.0,42213.0,137551.0,32146.0,$117958,$28716,$117046,$38294,,,,,,,,,,,,,$116192,$42213,$137551,$32146
2018,6037910812,Census Tract 9108.12,Palmdale,Los Angeles County,California,Palmdale,107032.0,53578.0,99656.0,31772.0,,,,,,,,,,,,,99656.0,31772.0,,,$107032,$53578,$99656,$31772,,,,,,,,,,,,,$99656,$31772,,
2018,6037910813,Census Tract 9108.13,Palmdale,Los Angeles County,California,Palmdale,105316.0,34646.0,112949.0,46479.0,,,,,80056.0,10458.0,,,,,,,116477.0,46240.0,94675.0,46043.0,$105316,$34646,$112949,$46479,,,,,$80056,$10458,,,,,,,$116477,$46240,$94675,$46043
2018,6037980004,Census Tract 9800.04,Palmdale,Los Angeles County,California,Palmdale,,,,,,,,,,,,,,,,,,,,,,,,,,,,,,,,,,,,,,,,
2019,6037900201,Census Tract 9002.01,Palmdale,Los Angeles County,California,Palmdale,61074.0,28863.0,63382.0,31891.0,,,,,,,,,,,,,78458.0,37393.0,52745.0,33672.0,$61074,$28863,$63382,$31891,,,,,,,,,,,,,$78458,$37393,$52745,$33672
2019,6037901213,Census Tract 9012.13,Palmdale,Los Angeles County,California,Palmdale,143676.0,11275.0,149956.0,13532.0,121725.0,36727.0,,,,,,,,,,,149787.0,16045.0,139993.0,16999.0,$143676,$11275,$149956,$13532,$121725,$36727,,,,,,,,,,,$149787,$16045,$139993,$16999
2019,6037910001,Census Tract 9100.01,Palmdale,Los Angeles County,California,Palmdale,57322.0,18598.0,72920.0,12015.0,32416.0,25457.0,,,,,,,41449.0,15884.0,,,82150.0,52603.0,63798.0,15433.0,$57322,$18598,$72920,$12015,$32416,$25457,,,,,,,$41449,$15884,,,$82150,$52603,$63798,$15433
2019,6037910002,Census Tract 9100.02,Palmdale,Los Angeles County,California,Palmdale,57690.0,15981.0,57200.0,28658.0,101938.0,23162.0,,,,,,,57445.0,23220.0,,,74804.0,46070.0,56522.0,11526.0,$57690,$15981,$57200,$28658,$101938,$23162,,,,,,,$57445,$23220,,,$74804,$46070,$56522,$11526
2019,6037910101,Census Tract 9101.01,Palmdale,Los Angeles County,California,Palmdale,54263.0,7451.0,63623.0,19396.0,,,,,,,,,52957.0,5795.0,,,71620.0,12689.0,52538.0,10411.0,$54263,$7451,$63623,$19396,,,,,,,,,$52957,$5795,,,$71620,$12689,$52538,$10411
2019,6037910201,Census Tract 9102.01,Palmdale,Los Angeles County,California,Palmdale,70880.0,11714.0,68644.0,9417.0,38376.0,20925.0,,,82634.0,62525.0,,,117831.0,32482.0,,,67335.0,10109.0,96611.0,25870.0,$70880,$11714,$68644,$9417,$38376,$20925,,,$82634,$62525,,,$117831,$32482,,,$67335,$10109,$96611,$25870
2019,6037910202,Census Tract 9102.02,Palmdale,Los Angeles County,California,Palmdale,136230.0,16408.0,136206.0,18702.0,215298.0,55457.0,,,169495.0,108205.0,,,124510.0,25620.0,,,129417.0,25542.0,135650.0,38530.0,$136230,$16408,$136206,$18702,$215298,$55457,,,$169495,$108205,,,$124510,$25620,,,$129417,$25542,$135650,$38530
2019,6037910205,Census Tract 9102.05,Palmdale,Los Angeles County,California,Palmdale,80527.0,12460.0,69227.0,17981.0,,,,,220549.0,43227.0,,,80136.0,16301.0,,,83757.0,32908.0,68202.0,34763.0,$80527,$12460,$69227,$17981,,,,,$220549,$43227,,,$80136,$16301,,,$83757,$32908,$68202,$34763
2019,6037910206,Census Tract 9102.06,Palmdale,Los Angeles County,California,Palmdale,132109.0,16706.0,133151.0,15583.0,159333.0,32894.0,,,183239.0,43699.0,,,101313.0,19658.0,128071.0,45643.0,132844.0,26630.0,119166.0,8961.0,$132109,$16706,$133151,$15583,$159333,$32894,,,$183239,$43699,,,$101313,$19658,$128071,$45643,$132844,$26630,$119166,$8961
2019,6037910207,Census Tract 9102.07,Palmdale,Los Angeles County,California,Palmdale,117928.0,16676.0,130118.0,14712.0,152814.0,105300.0,,,146301.0,103799.0,,,79001.0,9648.0,116404.0,34825.0,131408.0,18533.0,105636.0,20593.0,$117928,$16676,$130118,$14712,$152814,$105300,,,$146301,$103799,,,$79001,$9648,$116404,$34825,$131408,$18533,$105636,$20593
2019,6037910208,Census Tract 9102.08,Palmdale,Los Angeles County,California,Palmdale,89373.0,24442.0,101932.0,11003.0,,,,,167684.0,126111.0,,,65074.0,27442.0,,,98764.0,43866.0,75102.0,49521.0,$89373,$24442,$101932,$11003,,,,,$167684,$126111,,,$65074,$27442,,,$98764,$43866,$75102,$49521
2019,6037910209,Census Tract 9102.09,Palmdale,Los Angeles County,California,Palmdale,129101.0,18141.0,132986.0,23579.0,78816.0,70731.0,,,129994.0,78801.0,,,158454.0,90860.0,149480.0,24414.0,127324.0,23859.0,148864.0,28571.0,$129101,$18141,$132986,$23579,$78816,$70731,,,$129994,$78801,,,$158454,$90860,$149480,$24414,$127324,$23859,$148864,$28571
2019,6037910210,Census Tract 9102.10,Palmdale,Los Angeles County,California,Palmdale,137019.0,16169.0,153371.0,14644.0,137344.0,132403.0,,,98960.0,50825.0,,,105596.0,25652.0,133980.0,100782.0,162556.0,21435.0,108405.0,42069.0,$137019,$16169,$153371,$14644,$137344,$132403,,,$98960,$50825,,,$105596,$25652,$133980,$100782,$162556,$21435,$108405,$42069
2019,6037910301,Census Tract 9103.01,Palmdale,Los Angeles County,California,Palmdale,123001.0,17264.0,120763.0,18626.0,164657.0,27824.0,,,60920.0,47934.0,,,,,,,120973.0,35252.0,119225.0,29762.0,$123001,$17264,$120763,$18626,$164657,$27824,,,$60920,$47934,,,,,,,$120973,$35252,$119225,$29762
2019,6037910302,Census Tract 9103.02,Palmdale,Los Angeles County,California,Palmdale,109890.0,14303.0,108107.0,18394.0,115247.0,39822.0,,,124569.0,51737.0,,,,,,,91666.0,31317.0,133840.0,49189.0,$109890,$14303,$108107,$18394,$115247,$39822,,,$124569,$51737,,,,,,,$91666,$31317,$133840,$49189
2019,6037910401,Census Tract 9104.01,Palmdale,Los Angeles County,California,Palmdale,99380.0,14318.0,96918.0,33429.0,,,,,107139.0,20362.0,,,90161.0,64367.0,106149.0,32903.0,101369.0,30749.0,89034.0,17207.0,$99380,$14318,$96918,$33429,,,,,$107139,$20362,,,$90161,$64367,$106149,$32903,$101369,$30749,$89034,$17207
2019,6037910402,Census Tract 9104.02,Palmdale,Los Angeles County,California,Palmdale,33746.0,4899.0,39892.0,18741.0,29571.0,7989.0,,,,,,,33145.0,6765.0,26812.0,5442.0,34699.0,12855.0,39331.0,8595.0,$33746,$4899,$39892,$18741,$29571,$7989,,,,,,,$33145,$6765,$26812,$5442,$34699,$12855,$39331,$8595
2019,6037910403,Census Tract 9104.03,Palmdale,Los Angeles County,California,Palmdale,30859.0,4199.0,44779.0,8028.0,,,,,,,,,27952.0,4815.0,,,44921.0,40234.0,30689.0,3531.0,$30859,$4199,$44779,$8028,,,,,,,,,$27952,$4815,,,$44921,$40234,$30689,$3531
2019,6037910404,Census Tract 9104.04,Palmdale,Los Angeles County,California,Palmdale,72553.0,4352.0,65503.0,27627.0,,,,,134865.0,80327.0,,,89367.0,19658.0,,,71601.0,16021.0,76293.0,20506.0,$72553,$4352,$65503,$27627,,,,,$134865,$80327,,,$89367,$19658,,,$71601,$16021,$76293,$20506
2019,6037910501,Census Tract 9105.01,Palmdale,Los Angeles County,California,Palmdale,25362.0,6784.0,34870.0,15426.0,22751.0,4588.0,,,,,,,33047.0,8200.0,,,33959.0,14743.0,32590.0,9160.0,$25362,$6784,$34870,$15426,$22751,$4588,,,,,,,$33047,$8200,,,$33959,$14743,$32590,$9160
2019,6037910502,Census Tract 9105.02,Palmdale,Los Angeles County,California,Palmdale,47732.0,5624.0,50327.0,13650.0,19915.0,8530.0,,,,,,,50767.0,15839.0,,,39485.0,28098.0,52921.0,9662.0,$47732,$5624,$50327,$13650,$19915,$8530,,,,,,,$50767,$15839,,,$39485,$28098,$52921,$9662
2019,6037910504,Census Tract 9105.04,Palmdale,Los Angeles County,California,Palmdale,62867.0,4883.0,62386.0,10300.0,,,,,,,,,75428.0,12605.0,,,61940.0,22753.0,71279.0,15619.0,$62867,$4883,$62386,$10300,,,,,,,,,$75428,$12605,,,$61940,$22753,$71279,$15619
2019,6037910505,Census Tract 9105.05,Palmdale,Los Angeles County,California,Palmdale,84752.0,19230.0,92031.0,27791.0,113937.0,87161.0,,,117089.0,48641.0,,,73164.0,29532.0,,,70458.0,11655.0,92212.0,33507.0,$84752,$19230,$92031,$27791,$113937,$87161,,,$117089,$48641,,,$73164,$29532,,,$70458,$11655,$92212,$33507
2019,6037910601,Census Tract 9106.01,Palmdale,Los Angeles County,California,Palmdale,51152.0,12326.0,64612.0,23233.0,35928.0,33086.0,,,,,,,47291.0,5551.0,81343.0,74318.0,44393.0,10225.0,57306.0,16919.0,$51152,$12326,$64612,$23233,$35928,$33086,,,,,,,$47291,$5551,$81343,$74318,$44393,$10225,$57306,$16919
2019,6037910602,Census Tract 9106.02,Palmdale,Los Angeles County,California,Palmdale,51121.0,4449.0,50511.0,8889.0,49036.0,27407.0,,,,,,,55959.0,27167.0,,,48305.0,14457.0,56343.0,19299.0,$51121,$4449,$50511,$8889,$49036,$27407,,,,,,,$55959,$27167,,,$48305,$14457,$56343,$19299
2019,6037910603,Census Tract 9106.03,Palmdale,Los Angeles County,California,Palmdale,71165.0,10750.0,72804.0,10729.0,36622.0,7714.0,75415.0,1159.0,83622.0,75745.0,,,66423.0,37757.0,117071.0,20701.0,70986.0,20395.0,74321.0,8632.0,$71165,$10750,$72804,$10729,$36622,$7714,$75415,$1159,$83622,$75745,,,$66423,$37757,$117071,$20701,$70986,$20395,$74321,$8632
2019,6037910605,Census Tract 9106.05,Palmdale,Los Angeles County,California,Palmdale,54970.0,13041.0,51938.0,19378.0,39229.0,13386.0,,,,,,,60812.0,17108.0,,,43267.0,19136.0,61100.0,14937.0,$54970,$13041,$51938,$19378,$39229,$13386,,,,,,,$60812,$17108,,,$43267,$19136,$61100,$14937
2019,6037910606,Census Tract 9106.06,Palmdale,Los Angeles County,California,Palmdale,66362.0,14983.0,77729.0,23377.0,118213.0,97130.0,,,,,,,48129.0,19406.0,,,,,65037.0,18480.0,$66362,$14983,$77729,$23377,$118213,$97130,,,,,,,$48129,$19406,,,,,$65037,$18480
2019,6037910705,Census Tract 9107.05,Palmdale,Los Angeles County,California,Palmdale,93803.0,17579.0,102586.0,31634.0,73481.0,51588.0,,,,,,,96086.0,34194.0,,,120586.0,72830.0,96670.0,19839.0,$93803,$17579,$102586,$31634,$73481,$51588,,,,,,,$96086,$34194,,,$120586,$72830,$96670,$19839
2019,6037910706,Census Tract 9107.06,Palmdale,Los Angeles County,California,Palmdale,73958.0,7954.0,84509.0,15738.0,77281.0,33285.0,,,72709.0,36923.0,,,67575.0,12633.0,,,79717.0,38883.0,75227.0,9985.0,$73958,$7954,$84509,$15738,$77281,$33285,,,$72709,$36923,,,$67575,$12633,,,$79717,$38883,$75227,$9985
2019,6037910707,Census Tract 9107.07,Palmdale,Los Angeles County,California,Palmdale,66023.0,8533.0,69878.0,18260.0,56920.0,32961.0,,,,,,,62161.0,18339.0,,,79461.0,24166.0,64446.0,11949.0,$66023,$8533,$69878,$18260,$56920,$32961,,,,,,,$62161,$18339,,,$79461,$24166,$64446,$11949
2019,6037910709,Census Tract 9107.09,Palmdale,Los Angeles County,California,Palmdale,107303.0,25418.0,122125.0,25743.0,100611.0,85084.0,,,,,,,105188.0,55863.0,,,120231.0,62171.0,106822.0,23732.0,$107303,$25418,$122125,$25743,$100611,$85084,,,,,,,$105188,$55863,,,$120231,$62171,$106822,$23732
2019,6037910711,Census Tract 9107.11,Palmdale,Los Angeles County,California,Palmdale,77424.0,12209.0,72896.0,22456.0,75637.0,43760.0,,,166551.0,115288.0,,,84487.0,43866.0,,,102426.0,50437.0,67610.0,19566.0,$77424,$12209,$72896,$22456,$75637,$43760,,,$166551,$115288,,,$84487,$43866,,,$102426,$50437,$67610,$19566
2019,6037910712,Census Tract 9107.12,Palmdale,Los Angeles County,California,Palmdale,87238.0,14548.0,93072.0,27515.0,86535.0,48596.0,,,130763.0,49550.0,,,79151.0,24967.0,,,84483.0,9101.0,87319.0,26469.0,$87238,$14548,$93072,$27515,$86535,$48596,,,$130763,$49550,,,$79151,$24967,,,$84483,$9101,$87319,$26469
2019,6037910713,Census Tract 9107.13,Palmdale,Los Angeles County,California,Palmdale,79346.0,4732.0,84919.0,26391.0,86663.0,21476.0,104303.0,68587.0,83746.0,50400.0,,,74496.0,10585.0,,,71074.0,44063.0,78749.0,4876.0,$79346,$4732,$84919,$26391,$86663,$21476,$104303,$68587,$83746,$50400,,,$74496,$10585,,,$71074,$44063,$78749,$4876
2019,6037910714,Census Tract 9107.14,Palmdale,Los Angeles County,California,Palmdale,69722.0,12404.0,69887.0,20297.0,57774.0,48478.0,,,,,,,66343.0,22069.0,,,116917.0,23742.0,64173.0,10203.0,$69722,$12404,$69887,$20297,$57774,$48478,,,,,,,$66343,$22069,,,$116917,$23742,$64173,$10203
2019,6037910715,Census Tract 9107.15,Palmdale,Los Angeles County,California,Palmdale,67834.0,4098.0,70675.0,9204.0,36868.0,20200.0,99503.0,39337.0,88860.0,17114.0,,,67242.0,7539.0,,,71450.0,11819.0,69579.0,9537.0,$67834,$4098,$70675,$9204,$36868,$20200,$99503,$39337,$88860,$17114,,,$67242,$7539,,,$71450,$11819,$69579,$9537
2019,6037910716,Census Tract 9107.16,Palmdale,Los Angeles County,California,Palmdale,90415.0,29587.0,78228.0,29959.0,,,,,121533.0,73290.0,,,95683.0,37985.0,102303.0,41964.0,80850.0,47620.0,89367.0,35270.0,$90415,$29587,$78228,$29959,,,,,$121533,$73290,,,$95683,$37985,$102303,$41964,$80850,$47620,$89367,$35270
2019,6037910804,Census Tract 9108.04,Palmdale,Los Angeles County,California,Palmdale,119780.0,25545.0,121533.0,37222.0,,,,,,,,,,,,,133498.0,43604.0,118810.0,51769.0,$119780,$25545,$121533,$37222,,,,,,,,,,,,,$133498,$43604,$118810,$51769
2019,6037910812,Census Tract 9108.12,Palmdale,Los Angeles County,California,Palmdale,100380.0,45885.0,97688.0,23258.0,,,,,,,,,,,,,96149.0,19971.0,,,$100380,$45885,$97688,$23258,,,,,,,,,,,,,$96149,$19971,,
2019,6037910813,Census Tract 9108.13,Palmdale,Los Angeles County,California,Palmdale,130090.0,30413.0,130955.0,31905.0,,,,,,,,,,,,,122046.0,36770.0,133213.0,37625.0,$130090,$30413,$130955,$31905,,,,,,,,,,,,,$122046,$36770,$133213,$37625
2019,6037980004,Census Tract 9800.04,Palmdale,Los Angeles County,California,Palmdale,,,,,,,,,,,,,,,,,,,,,,,,,,,,,,,,,,,,,,,,
2020,6037901218,Census Tract 9012.18,Palmdale,Los Angeles County,California,Palmdale,158133.0,28204.0,204480.0,47602.0,106084.0,76270.0,,,147348.0,1575.0,,,,,,,206095.0,38584.0,136151.0,24170.0,$158133,$28204,$204480,$47602,$106084,$76270,,,$147348,$1575,,,,,,,$206095,$38584,$136151,$24170
2020,6037910002,Census Tract 9100.02,Palmdale,Los Angeles County,California,Palmdale,65451.0,24540.0,68210.0,33877.0,,,,,,,,,63426.0,47242.0,,,89674.0,43895.0,60868.0,20198.0,$65451,$24540,$68210,$33877,,,,,,,,,$63426,$47242,,,$89674,$43895,$60868,$20198
2020,6037910210,Census Tract 9102.10,Palmdale,Los Angeles County,California,Palmdale,134868.0,16525.0,153071.0,18879.0,174117.0,62919.0,,,101408.0,44484.0,,,105231.0,23566.0,83955.0,15385.0,166431.0,40253.0,103698.0,39149.0,$134868,$16525,$153071,$18879,$174117,$62919,,,$101408,$44484,,,$105231,$23566,$83955,$15385,$166431,$40253,$103698,$39149
2020,6037910213,Census Tract 9102.13,Palmdale,Los Angeles County,California,Palmdale,110138.0,83378.0,,,,,,,,,,,98682.0,94185.0,,,,,71810.0,49804.0,$110138,$83378,,,,,,,,,,,$98682,$94185,,,,,$71810,$49804
2020,6037910214,Census Tract 9102.14,Palmdale,Los Angeles County,California,Palmdale,117006.0,10401.0,113726.0,27321.0,168140.0,91439.0,,,182182.0,72356.0,,,108467.0,28367.0,117912.0,14482.0,104755.0,46018.0,116440.0,8282.0,$117006,$10401,$113726,$27321,$168140,$91439,,,$182182,$72356,,,$108467,$28367,$117912,$14482,$104755,$46018,$116440,$8282
2020,6037910215,Census Tract 9102.15,Palmdale,Los Angeles County,California,Palmdale,95405.0,13352.0,94577.0,39169.0,158100.0,112268.0,,,199534.0,86198.0,,,77428.0,26200.0,90766.0,49662.0,67064.0,35754.0,95646.0,17822.0,$95405,$13352,$94577,$39169,$158100,$112268,,,$199534,$86198,,,$77428,$26200,$90766,$49662,$67064,$35754,$95646,$17822
2020,6037910216,Census Tract 9102.16,Palmdale,Los Angeles County,California,Palmdale,147644.0,17284.0,150201.0,8836.0,92420.0,38569.0,,,136637.0,90463.0,,,139774.0,51893.0,147752.0,51162.0,149647.0,21285.0,148620.0,12550.0,$147644,$17284,$150201,$8836,$92420,$38569,,,$136637,$90463,,,$139774,$51893,$147752,$51162,$149647,$21285,$148620,$12550
2020,6037910217,Census Tract 9102.17,Palmdale,Los Angeles County,California,Palmdale,116667.0,15741.0,131683.0,15521.0,86410.0,75045.0,,,155665.0,34125.0,,,,,144987.0,23778.0,129046.0,18459.0,101719.0,29339.0,$116667,$15741,$131683,$15521,$86410,$75045,,,$155665,$34125,,,,,$144987,$23778,$129046,$18459,$101719,$29339
2020,6037910218,Census Tract 9102.18,Palmdale,Los Angeles County,California,Palmdale,66155.0,20697.0,65814.0,19798.0,32996.0,21252.0,,,,,,,116846.0,44378.0,79006.0,69364.0,63308.0,21215.0,101134.0,23996.0,$66155,$20697,$65814,$19798,$32996,$21252,,,,,,,$116846,$44378,$79006,$69364,$63308,$21215,$101134,$23996
2020,6037910301,Census Tract 9103.01,Palmdale,Los Angeles County,California,Palmdale,131498.0,29841.0,131323.0,34103.0,165356.0,49448.0,,,70292.0,35002.0,,,262763.0,166245.0,145872.0,63542.0,129455.0,47154.0,144642.0,33430.0,$131498,$29841,$131323,$34103,$165356,$49448,,,$70292,$35002,,,$262763,$166245,$145872,$63542,$129455,$47154,$144642,$33430
2020,6037910302,Census Tract 9103.02,Palmdale,Los Angeles County,California,Palmdale,104907.0,15320.0,104921.0,22332.0,114275.0,65498.0,,,,,,,,,,,88814.0,29229.0,122106.0,55364.0,$104907,$15320,$104921,$22332,$114275,$65498,,,,,,,,,,,$88814,$29229,$122106,$55364
2020,6037910401,Census Tract 9104.01,Palmdale,Los Angeles County,California,Palmdale,92940.0,15767.0,84489.0,14431.0,80036.0,33400.0,,,107697.0,10864.0,,,91062.0,72433.0,78703.0,59818.0,77265.0,36481.0,90080.0,24847.0,$92940,$15767,$84489,$14431,$80036,$33400,,,$107697,$10864,,,$91062,$72433,$78703,$59818,$77265,$36481,$90080,$24847
2020,6037910404,Census Tract 9104.04,Palmdale,Los Angeles County,California,Palmdale,65097.0,9652.0,65236.0,8304.0,55940.0,13524.0,,,,,,,75150.0,20582.0,,,66591.0,8737.0,71355.0,14191.0,$65097,$9652,$65236,$8304,$55940,$13524,,,,,,,$75150,$20582,,,$66591,$8737,$71355,$14191
2020,6037910405,Census Tract 9104.05,Palmdale,Los Angeles County,California,Palmdale,38655.0,4301.0,44864.0,9300.0,28946.0,10953.0,,,,,,,36436.0,10861.0,26990.0,5602.0,38549.0,13264.0,42684.0,4372.0,$38655,$4301,$44864,$9300,$28946,$10953,,,,,,,$36436,$10861,$26990,$5602,$38549,$13264,$42684,$4372
2020,6037910501,Census Tract 9105.01,Palmdale,Los Angeles County,California,Palmdale,30259.0,4959.0,39829.0,16296.0,22334.0,4613.0,,,,,,,41341.0,24598.0,,,30364.0,15947.0,43160.0,10608.0,$30259,$4959,$39829,$16296,$22334,$4613,,,,,,,$41341,$24598,,,$30364,$15947,$43160,$10608
2020,6037910502,Census Tract 9105.02,Palmdale,Los Angeles County,California,Palmdale,49539.0,9391.0,56229.0,7839.0,,,,,,,,,62897.0,24148.0,,,52486.0,33207.0,56483.0,11373.0,$49539,$9391,$56229,$7839,,,,,,,,,$62897,$24148,,,$52486,$33207,$56483,$11373
2020,6037910504,Census Tract 9105.04,Palmdale,Los Angeles County,California,Palmdale,62715.0,11716.0,66800.0,11258.0,,,,,,,,,79019.0,34607.0,,,66141.0,26149.0,69220.0,12744.0,$62715,$11716,$66800,$11258,,,,,,,,,$79019,$34607,,,$66141,$26149,$69220,$12744
2020,6037910505,Census Tract 9105.05,Palmdale,Los Angeles County,California,Palmdale,78719.0,20300.0,77049.0,34181.0,79452.0,67571.0,,,,,,,86917.0,45670.0,99745.0,44629.0,58324.0,36081.0,104471.0,26271.0,$78719,$20300,$77049,$34181,$79452,$67571,,,,,,,$86917,$45670,$99745,$44629,$58324,$36081,$104471,$26271
2020,6037910601,Census Tract 9106.01,Palmdale,Los Angeles County,California,Palmdale,60221.0,27765.0,85356.0,18464.0,,,,,,,,,52494.0,12246.0,,,64144.0,51346.0,65933.0,30903.0,$60221,$27765,$85356,$18464,,,,,,,,,$52494,$12246,,,$64144,$51346,$65933,$30903
2020,6037910602,Census Tract 9106.02,Palmdale,Los Angeles County,California,Palmdale,49895.0,4710.0,47874.0,7471.0,32764.0,24907.0,,,,,,,57027.0,35813.0,,,45447.0,12251.0,55603.0,29036.0,$49895,$4710,$47874,$7471,$32764,$24907,,,,,,,$57027,$35813,,,$45447,$12251,$55603,$29036
2020,6037910605,Census Tract 9106.05,Palmdale,Los Angeles County,California,Palmdale,59155.0,10285.0,52903.0,15812.0,,,,,,,,,57639.0,10847.0,80063.0,40989.0,38127.0,6854.0,62457.0,8287.0,$59155,$10285,$52903,$15812,,,,,,,,,$57639,$10847,$80063,$40989,$38127,$6854,$62457,$8287
2020,6037910606,Census Tract 9106.06,Palmdale,Los Angeles County,California,Palmdale,57185.0,20758.0,64371.0,28299.0,,,,,74222.0,67298.0,,,63880.0,36560.0,,,47689.0,8481.0,65704.0,18979.0,$57185,$20758,$64371,$28299,,,,,$74222,$67298,,,$63880,$36560,,,$47689,$8481,$65704,$18979
2020,6037910607,Census Tract 9106.07,Palmdale,Los Angeles County,California,Palmdale,48886.0,12364.0,66583.0,25219.0,35322.0,10100.0,,,,,,,38037.0,3310.0,,,73090.0,20010.0,49410.0,22336.0,$48886,$12364,$66583,$25219,$35322,$10100,,,,,,,$38037,$3310,,,$73090,$20010,$49410,$22336
2020,6037910608,Census Tract 9106.08,Palmdale,Los Angeles County,California,Palmdale,70152.0,19413.0,70438.0,15094.0,,,,,,,,,69441.0,44448.0,,,52319.0,44810.0,73394.0,13104.0,$70152,$19413,$70438,$15094,,,,,,,,,$69441,$44448,,,$52319,$44810,$73394,$13104
2020,6037910706,Census Tract 9107.06,Palmdale,Los Angeles County,California,Palmdale,81040.0,13935.0,81327.0,16109.0,101166.0,50336.0,,,,,,,77205.0,15540.0,92272.0,83607.0,77544.0,65275.0,79390.0,8175.0,$81040,$13935,$81327,$16109,$101166,$50336,,,,,,,$77205,$15540,$92272,$83607,$77544,$65275,$79390,$8175
2020,6037910707,Census Tract 9107.07,Palmdale,Los Angeles County,California,Palmdale,69533.0,7041.0,70005.0,16903.0,54844.0,42225.0,,,,,,,63589.0,19888.0,,,94508.0,44467.0,69041.0,11128.0,$69533,$7041,$70005,$16903,$54844,$42225,,,,,,,$63589,$19888,,,$94508,$44467,$69041,$11128
2020,6037910709,Census Tract 9107.09,Palmdale,Los Angeles County,California,Palmdale,119133.0,36590.0,125457.0,25821.0,,,,,,,,,,,101719.0,38680.0,122973.0,44482.0,105388.0,31974.0,$119133,$36590,$125457,$25821,,,,,,,,,,,$101719,$38680,$122973,$44482,$105388,$31974
2020,6037910712,Census Tract 9107.12,Palmdale,Los Angeles County,California,Palmdale,87256.0,30073.0,82910.0,25124.0,61195.0,50291.0,,,,,,,116900.0,79251.0,,,75495.0,20053.0,104231.0,39356.0,$87256,$30073,$82910,$25124,$61195,$50291,,,,,,,$116900,$79251,,,$75495,$20053,$104231,$39356
2020,6037910713,Census Tract 9107.13,Palmdale,Los Angeles County,California,Palmdale,78111.0,5616.0,79439.0,34241.0,,,106178.0,10854.0,86689.0,67540.0,,,76734.0,5815.0,83271.0,23352.0,48224.0,3163.0,80356.0,11012.0,$78111,$5616,$79439,$34241,,,$106178,$10854,$86689,$67540,,,$76734,$5815,$83271,$23352,$48224,$3163,$80356,$11012
2020,6037910714,Census Tract 9107.14,Palmdale,Los Angeles County,California,Palmdale,75192.0,8388.0,82172.0,37992.0,74088.0,25408.0,,,,,,,87233.0,9642.0,67186.0,34589.0,116101.0,7416.0,75042.0,20182.0,$75192,$8388,$82172,$37992,$74088,$25408,,,,,,,$87233,$9642,$67186,$34589,$116101,$7416,$75042,$20182
2020,6037910715,Census Tract 9107.15,Palmdale,Los Angeles County,California,Palmdale,67591.0,3271.0,68793.0,9563.0,44245.0,26628.0,101172.0,47435.0,113036.0,30120.0,,,65818.0,7197.0,,,68850.0,8875.0,68236.0,8531.0,$67591,$3271,$68793,$9563,$44245,$26628,$101172,$47435,$113036,$30120,,,$65818,$7197,,,$68850,$8875,$68236,$8531
2020,6037910716,Census Tract 9107.16,Palmdale,Los Angeles County,California,Palmdale,94128.0,9006.0,92188.0,16058.0,84159.0,29005.0,,,,,,,98552.0,16988.0,102419.0,32271.0,101615.0,13694.0,92103.0,12050.0,$94128,$9006,$92188,$16058,$84159,$29005,,,,,,,$98552,$16988,$102419,$32271,$101615,$13694,$92103,$12050
2020,6037910717,Census Tract 9107.17,Palmdale,Los Angeles County,California,Palmdale,99189.0,37226.0,154961.0,31844.0,,,,,,,,,80431.0,15414.0,,,,,109205.0,44704.0,$99189,$37226,$154961,$31844,,,,,,,,,$80431,$15414,,,,,$109205,$44704
2020,6037910718,Census Tract 9107.18,Palmdale,Los Angeles County,California,Palmdale,81776.0,31996.0,80196.0,29516.0,101908.0,46242.0,,,,,,,104207.0,59473.0,,,80404.0,28242.0,80970.0,44145.0,$81776,$31996,$80196,$29516,$101908,$46242,,,,,,,$104207,$59473,,,$80404,$28242,$80970,$44145
2020,6037910719,Census Tract 9107.19,Palmdale,Los Angeles County,California,Palmdale,87173.0,30710.0,93369.0,35868.0,,,,,,,,,68497.0,30584.0,,,146885.0,92750.0,84286.0,18065.0,$87173,$30710,$93369,$35868,,,,,,,,,$68497,$30584,,,$146885,$92750,$84286,$18065
2020,6037910720,Census Tract 9107.20,Palmdale,Los Angeles County,California,Palmdale,59422.0,20749.0,47801.0,21572.0,,,,,,,,,88089.0,59100.0,,,59118.0,44349.0,50780.0,27044.0,$59422,$20749,$47801,$21572,,,,,,,,,$88089,$59100,,,$59118,$44349,$50780,$27044
2020,6037910721,Census Tract 9107.21,Palmdale,Los Angeles County,California,Palmdale,75357.0,63246.0,,,73011.0,29583.0,,,,,,,,,,,,,82661.0,12990.0,$75357,$63246,,,$73011,$29583,,,,,,,,,,,,,$82661,$12990
2020,6037910815,Census Tract 9108.15,Palmdale,Los Angeles County,California,Palmdale,124370.0,11306.0,126838.0,25438.0,,,,,,,,,86537.0,70329.0,,,126653.0,26659.0,105943.0,56452.0,$124370,$11306,$126838,$25438,,,,,,,,,$86537,$70329,,,$126653,$26659,$105943,$56452
2020,6037911100,Census Tract 9111,Palmdale,Los Angeles County,California,Palmdale,66125.0,5455.0,70367.0,6885.0,,,,,62077.0,26629.0,,,65908.0,12300.0,66099.0,28508.0,71845.0,31988.0,66273.0,5257.0,$66125,$5455,$70367,$6885,,,,,$62077,$26629,,,$65908,$12300,$66099,$28508,$71845,$31988,$66273,$5257
2020,6037980004,Census Tract 9800.04,Palmdale,Los Angeles County,California,Palmdale,,,,,,,,,,,,,,,,,,,,,,,,,,,,,,,,,,,,,,,,
2021,6037901218,Census Tract 9012.18,Palmdale,Los Angeles County,California,Palmdale,164269.0,68422.0,221181.0,25898.0,106288.0,49967.0,,,146704.0,130080.0,,,,,,,224312.0,53206.0,150131.0,133841.0,$164269,$68422,$221181,$25898,$106288,$49967,,,$146704,$130080,,,,,,,$224312,$53206,$150131,$133841
2021,6037910002,Census Tract 9100.02,Palmdale,Los Angeles County,California,Palmdale,63112.0,18266.0,60352.0,32031.0,,,,,,,,,79081.0,56813.0,65031.0,7832.0,76429.0,45382.0,57824.0,20519.0,$63112,$18266,$60352,$32031,,,,,,,,,$79081,$56813,$65031,$7832,$76429,$45382,$57824,$20519
2021,6037910210,Census Tract 9102.10,Palmdale,Los Angeles County,California,Palmdale,134781.0,9112.0,149407.0,22725.0,197484.0,93662.0,,,97815.0,38134.0,,,133825.0,55121.0,,,158635.0,33919.0,130535.0,51415.0,$134781,$9112,$149407,$22725,$197484,$93662,,,$97815,$38134,,,$133825,$55121,,,$158635,$33919,$130535,$51415
2021,6037910213,Census Tract 9102.13,Palmdale,Los Angeles County,California,Palmdale,135791.0,36007.0,135110.0,69595.0,,,,,,,,,115857.0,75638.0,182958.0,144904.0,182764.0,139691.0,113294.0,81500.0,$135791,$36007,$135110,$69595,,,,,,,,,$115857,$75638,$182958,$144904,$182764,$139691,$113294,$81500
2021,6037910214,Census Tract 9102.14,Palmdale,Los Angeles County,California,Palmdale,113773.0,7937.0,114804.0,22867.0,163385.0,84086.0,,,107168.0,94131.0,,,112553.0,12954.0,113491.0,36793.0,130650.0,42598.0,113879.0,6592.0,$113773,$7937,$114804,$22867,$163385,$84086,,,$107168,$94131,,,$112553,$12954,$113491,$36793,$130650,$42598,$113879,$6592
2021,6037910215,Census Tract 9102.15,Palmdale,Los Angeles County,California,Palmdale,95880.0,10840.0,96950.0,34515.0,149166.0,141306.0,,,248658.0,131612.0,,,79257.0,15400.0,135200.0,103748.0,67145.0,49189.0,93958.0,18205.0,$95880,$10840,$96950,$34515,$149166,$141306,,,$248658,$131612,,,$79257,$15400,$135200,$103748,$67145,$49189,$93958,$18205
2021,6037910216,Census Tract 9102.16,Palmdale,Los Angeles County,California,Palmdale,148969.0,19524.0,150725.0,13992.0,91745.0,32282.0,,,108857.0,26370.0,,,126317.0,84621.0,211250.0,102920.0,148055.0,37483.0,161689.0,21260.0,$148969,$19524,$150725,$13992,$91745,$32282,,,$108857,$26370,,,$126317,$84621,$211250,$102920,$148055,$37483,$161689,$21260
2021,6037910217,Census Tract 9102.17,Palmdale,Los Angeles County,California,Palmdale,113114.0,16212.0,133499.0,21706.0,110113.0,61321.0,,,153916.0,115175.0,,,65392.0,56912.0,143151.0,47029.0,134684.0,23973.0,104870.0,21385.0,$113114,$16212,$133499,$21706,$110113,$61321,,,$153916,$115175,,,$65392,$56912,$143151,$47029,$134684,$23973,$104870,$21385
2021,6037910218,Census Tract 9102.18,Palmdale,Los Angeles County,California,Palmdale,73069.0,18846.0,74517.0,22822.0,37794.0,23202.0,,,53906.0,34393.0,,,99815.0,46855.0,79217.0,72089.0,70863.0,33422.0,92600.0,13209.0,$73069,$18846,$74517,$22822,$37794,$23202,,,$53906,$34393,,,$99815,$46855,$79217,$72089,$70863,$33422,$92600,$13209
2021,6037910301,Census Tract 9103.01,Palmdale,Los Angeles County,California,Palmdale,130204.0,27386.0,130837.0,32467.0,,,,,70822.0,2448.0,,,262126.0,165939.0,135024.0,43576.0,123707.0,37981.0,146820.0,39711.0,$130204,$27386,$130837,$32467,,,,,$70822,$2448,,,$262126,$165939,$135024,$43576,$123707,$37981,$146820,$39711
2021,6037910302,Census Tract 9103.02,Palmdale,Los Angeles County,California,Palmdale,110231.0,15309.0,111790.0,14139.0,114822.0,54951.0,,,,,,,44467.0,37315.0,,,104000.0,23354.0,110120.0,73027.0,$110231,$15309,$111790,$14139,$114822,$54951,,,,,,,$44467,$37315,,,$104000,$23354,$110120,$73027
2021,6037910401,Census Tract 9104.01,Palmdale,Los Angeles County,California,Palmdale,88480.0,22516.0,87376.0,23776.0,29910.0,23240.0,,,125373.0,37535.0,,,88894.0,46606.0,104995.0,63565.0,98546.0,47565.0,86972.0,16001.0,$88480,$22516,$87376,$23776,$29910,$23240,,,$125373,$37535,,,$88894,$46606,$104995,$63565,$98546,$47565,$86972,$16001
2021,6037910404,Census Tract 9104.04,Palmdale,Los Angeles County,California,Palmdale,65247.0,9996.0,64958.0,7657.0,53584.0,15528.0,,,132432.0,35015.0,,,76828.0,13387.0,,,65170.0,9061.0,74612.0,7039.0,$65247,$9996,$64958,$7657,$53584,$15528,,,$132432,$35015,,,$76828,$13387,,,$65170,$9061,$74612,$7039
2021,6037910405,Census Tract 9104.05,Palmdale,Los Angeles County,California,Palmdale,42802.0,5773.0,46053.0,20500.0,27922.0,9551.0,,,,,,,49325.0,11260.0,,,40016.0,25876.0,49516.0,10224.0,$42802,$5773,$46053,$20500,$27922,$9551,,,,,,,$49325,$11260,,,$40016,$25876,$49516,$10224
2021,6037910501,Census Tract 9105.01,Palmdale,Los Angeles County,California,Palmdale,31451.0,7396.0,44895.0,11859.0,21297.0,10346.0,,,,,,,39533.0,8714.0,26229.0,20185.0,37483.0,17062.0,39653.0,6301.0,$31451,$7396,$44895,$11859,$21297,$10346,,,,,,,$39533,$8714,$26229,$20185,$37483,$17062,$39653,$6301
2021,6037910502,Census Tract 9105.02,Palmdale,Los Angeles County,California,Palmdale,48154.0,17328.0,59294.0,23349.0,20704.0,16313.0,,,,,,,68617.0,28189.0,41740.0,27974.0,,,59666.0,19583.0,$48154,$17328,$59294,$23349,$20704,$16313,,,,,,,$68617,$28189,$41740,$27974,,,$59666,$19583
2021,6037910504,Census Tract 9105.04,Palmdale,Los Angeles County,California,Palmdale,62997.0,13986.0,66997.0,19859.0,52992.0,50804.0,,,125665.0,65028.0,,,78731.0,16259.0,78741.0,77598.0,69251.0,45199.0,72957.0,8656.0,$62997,$13986,$66997,$19859,$52992,$50804,,,$125665,$65028,,,$78731,$16259,$78741,$77598,$69251,$45199,$72957,$8656
2021,6037910505,Census Tract 9105.05,Palmdale,Los Angeles County,California,Palmdale,73738.0,18528.0,93307.0,37957.0,42817.0,18051.0,,,,,,,74824.0,70412.0,66473.0,59519.0,60246.0,37596.0,107168.0,29201.0,$73738,$18528,$93307,$37957,$42817,$18051,,,,,,,$74824,$70412,$66473,$59519,$60246,$37596,$107168,$29201
2021,6037910601,Census Tract 9106.01,Palmdale,Los Angeles County,California,Palmdale,68242.0,16599.0,80424.0,19889.0,,,,,,,,,66355.0,29183.0,57595.0,23818.0,64566.0,34447.0,73738.0,15787.0,$68242,$16599,$80424,$19889,,,,,,,,,$66355,$29183,$57595,$23818,$64566,$34447,$73738,$15787
2021,6037910602,Census Tract 9106.02,Palmdale,Los Angeles County,California,Palmdale,54518.0,13525.0,48250.0,20451.0,,,,,,,,,74081.0,20824.0,,,46731.0,12792.0,71370.0,18089.0,$54518,$13525,$48250,$20451,,,,,,,,,$74081,$20824,,,$46731,$12792,$71370,$18089
2021,6037910605,Census Tract 9106.05,Palmdale,Los Angeles County,California,Palmdale,66947.0,14871.0,51546.0,26183.0,39431.0,27327.0,,,168647.0,130401.0,,,60714.0,17127.0,78374.0,12833.0,33183.0,8953.0,68285.0,8550.0,$66947,$14871,$51546,$26183,$39431,$27327,,,$168647,$130401,,,$60714,$17127,$78374,$12833,$33183,$8953,$68285,$8550
2021,6037910606,Census Tract 9106.06,Palmdale,Los Angeles County,California,Palmdale,70962.0,20399.0,94809.0,23666.0,,,,,91237.0,59111.0,,,51010.0,18393.0,,,97030.0,62987.0,65260.0,23452.0,$70962,$20399,$94809,$23666,,,,,$91237,$59111,,,$51010,$18393,,,$97030,$62987,$65260,$23452
2021,6037910607,Census Tract 9106.07,Palmdale,Los Angeles County,California,Palmdale,72667.0,21963.0,107719.0,21143.0,,,,,,,,,54205.0,18782.0,67466.0,36625.0,90513.0,15448.0,68383.0,29189.0,$72667,$21963,$107719,$21143,,,,,,,,,$54205,$18782,$67466,$36625,$90513,$15448,$68383,$29189
2021,6037910608,Census Tract 9106.08,Palmdale,Los Angeles County,California,Palmdale,69514.0,11549.0,72834.0,14147.0,,,,,,,,,51195.0,46997.0,68700.0,45709.0,72834.0,60673.0,70471.0,7132.0,$69514,$11549,$72834,$14147,,,,,,,,,$51195,$46997,$68700,$45709,$72834,$60673,$70471,$7132
2021,6037910706,Census Tract 9107.06,Palmdale,Los Angeles County,California,Palmdale,91432.0,12394.0,81063.0,28163.0,119158.0,43387.0,,,201664.0,178455.0,,,82226.0,22150.0,107472.0,48659.0,111057.0,56200.0,85039.0,14006.0,$91432,$12394,$81063,$28163,$119158,$43387,,,$201664,$178455,,,$82226,$22150,$107472,$48659,$111057,$56200,$85039,$14006
2021,6037910707,Census Tract 9107.07,Palmdale,Los Angeles County,California,Palmdale,78659.0,16361.0,69218.0,15959.0,80521.0,26849.0,,,,,,,71535.0,17374.0,142015.0,24738.0,80345.0,36851.0,71485.0,16368.0,$78659,$16361,$69218,$15959,$80521,$26849,,,,,,,$71535,$17374,$142015,$24738,$80345,$36851,$71485,$16368
2021,6037910709,Census Tract 9107.09,Palmdale,Los Angeles County,California,Palmdale,97393.0,45392.0,122161.0,57555.0,,,,,,,,,,,,,92975.0,47297.0,131580.0,36515.0,$97393,$45392,$122161,$57555,,,,,,,,,,,,,$92975,$47297,$131580,$36515
2021,6037910712,Census Tract 9107.12,Palmdale,Los Angeles County,California,Palmdale,92759.0,23211.0,85548.0,22709.0,54742.0,42374.0,,,128385.0,26810.0,,,86169.0,35150.0,149166.0,127623.0,84720.0,17655.0,98222.0,31028.0,$92759,$23211,$85548,$22709,$54742,$42374,,,$128385,$26810,,,$86169,$35150,$149166,$127623,$84720,$17655,$98222,$31028
2021,6037910713,Census Tract 9107.13,Palmdale,Los Angeles County,California,Palmdale,83352.0,10271.0,79389.0,46951.0,,,107457.0,10103.0,86797.0,73068.0,,,77021.0,20252.0,93035.0,20785.0,,,85562.0,18169.0,$83352,$10271,$79389,$46951,,,$107457,$10103,$86797,$73068,,,$77021,$20252,$93035,$20785,,,$85562,$18169
2021,6037910714,Census Tract 9107.14,Palmdale,Los Angeles County,California,Palmdale,74493.0,11758.0,74750.0,30005.0,75702.0,40507.0,,,,,,,88201.0,13410.0,67445.0,6615.0,115278.0,23547.0,73816.0,25193.0,$74493,$11758,$74750,$30005,$75702,$40507,,,,,,,$88201,$13410,$67445,$6615,$115278,$23547,$73816,$25193
2021,6037910715,Census Tract 9107.15,Palmdale,Los Angeles County,California,Palmdale,71158.0,8016.0,68066.0,8329.0,,,99022.0,41493.0,113363.0,29015.0,,,80456.0,17680.0,76594.0,53630.0,68219.0,9274.0,82408.0,12319.0,$71158,$8016,$68066,$8329,,,$99022,$41493,$113363,$29015,,,$80456,$17680,$76594,$53630,$68219,$9274,$82408,$12319
2021,6037910716,Census Tract 9107.16,Palmdale,Los Angeles County,California,Palmdale,101674.0,7385.0,91426.0,21816.0,92843.0,28308.0,,,167510.0,56955.0,,,120677.0,29552.0,,,100805.0,21483.0,107651.0,23564.0,$101674,$7385,$91426,$21816,$92843,$28308,,,$167510,$56955,,,$120677,$29552,,,$100805,$21483,$107651,$23564
2021,6037910717,Census Tract 9107.17,Palmdale,Los Angeles County,California,Palmdale,131539.0,84039.0,157896.0,37124.0,,,,,,,,,79346.0,21488.0,,,,,134304.0,22043.0,$131539,$84039,$157896,$37124,,,,,,,,,$79346,$21488,,,,,$134304,$22043
2021,6037910718,Census Tract 9107.18,Palmdale,Los Angeles County,California,Palmdale,88996.0,19390.0,90054.0,35093.0,56510.0,40594.0,,,,,,,124112.0,57246.0,87134.0,24380.0,78001.0,76824.0,91117.0,23789.0,$88996,$19390,$90054,$35093,$56510,$40594,,,,,,,$124112,$57246,$87134,$24380,$78001,$76824,$91117,$23789
2021,6037910719,Census Tract 9107.19,Palmdale,Los Angeles County,California,Palmdale,88614.0,34217.0,103337.0,34962.0,64743.0,39304.0,,,,,,,68949.0,65879.0,,,157652.0,2439.0,88258.0,31221.0,$88614,$34217,$103337,$34962,$64743,$39304,,,,,,,$68949,$65879,,,$157652,$2439,$88258,$31221
2021,6037910720,Census Tract 9107.20,Palmdale,Los Angeles County,California,Palmdale,70356.0,26617.0,59169.0,16213.0,119152.0,75799.0,,,212014.0,70951.0,,,,,,,72061.0,69327.0,46922.0,26817.0,$70356,$26617,$59169,$16213,$119152,$75799,,,$212014,$70951,,,,,,,$72061,$69327,$46922,$26817
2021,6037910721,Census Tract 9107.21,Palmdale,Los Angeles County,California,Palmdale,,,,,,,,,,,,,42773.0,26941.0,,,,,57465.0,45651.0,,,,,,,,,,,,,$42773,$26941,,,,,$57465,$45651
2021,6037910815,Census Tract 9108.15,Palmdale,Los Angeles County,California,Palmdale,126719.0,22903.0,128987.0,20650.0,,,,,,,,,,,,,127926.0,25567.0,118157.0,54727.0,$126719,$22903,$128987,$20650,,,,,,,,,,,,,$127926,$25567,$118157,$54727
2021,6037911100,Census Tract 9111,Palmdale,Los Angeles County,California,Palmdale,69111.0,5943.0,69913.0,9357.0,,,,,62066.0,28881.0,,,67905.0,8234.0,86113.0,69256.0,70058.0,50057.0,69225.0,6642.0,$69111,$5943,$69913,$9357,,,,,$62066,$28881,,,$67905,$8234,$86113,$69256,$70058,$50057,$69225,$6642
2021,6037980004,Census Tract 9800.04,Palmdale,Los Angeles County,California,Palmdale,,,,,,,,,,,,,,,,,,,,,,,,,,,,,,,,,,,,,,,,
2022,6037901218,Census Tract 9012.18,Palmdale,Los Angeles County,California,Palmdale,204097.0,58349.0,225481.0,64637.0,103449.0,21855.0,,,146560.0,74070.0,,,,,,,257074.0,86833.0,184701.0,71904.0,$204097,$58349,$225481,$64637,$103449,$21855,,,$146560,$74070,,,,,,,$257074,$86833,$184701,$71904
2022,6037910002,Census Tract 9100.02,Palmdale,Los Angeles County,California,Palmdale,64757.0,19995.0,68330.0,31696.0,,,,,,,,,79956.0,45834.0,64639.0,12754.0,78211.0,43697.0,65086.0,17081.0,$64757,$19995,$68330,$31696,,,,,,,,,$79956,$45834,$64639,$12754,$78211,$43697,$65086,$17081
2022,6037910210,Census Tract 9102.10,Palmdale,Los Angeles County,California,Palmdale,134013.0,4906.0,138045.0,17431.0,146092.0,62714.0,,,101378.0,98283.0,,,92267.0,79220.0,,,138721.0,23224.0,128849.0,62783.0,$134013,$4906,$138045,$17431,$146092,$62714,,,$101378,$98283,,,$92267,$79220,,,$138721,$23224,$128849,$62783
2022,6037910213,Census Tract 9102.13,Palmdale,Los Angeles County,California,Palmdale,136340.0,29227.0,136468.0,57521.0,,,,,,,,,117099.0,70957.0,,,184149.0,108203.0,85151.0,75307.0,$136340,$29227,$136468,$57521,,,,,,,,,$117099,$70957,,,$184149,$108203,$85151,$75307
2022,6037910214,Census Tract 9102.14,Palmdale,Los Angeles County,California,Palmdale,121439.0,21261.0,121332.0,22461.0,149220.0,87426.0,,,,,,,125941.0,49797.0,126566.0,60376.0,128837.0,45501.0,122618.0,19763.0,$121439,$21261,$121332,$22461,$149220,$87426,,,,,,,$125941,$49797,$126566,$60376,$128837,$45501,$122618,$19763
2022,6037910215,Census Tract 9102.15,Palmdale,Los Angeles County,California,Palmdale,98232.0,17736.0,95735.0,50610.0,,,,,,,,,79170.0,13983.0,135320.0,106370.0,56719.0,33145.0,107712.0,25052.0,$98232,$17736,$95735,$50610,,,,,,,,,$79170,$13983,$135320,$106370,$56719,$33145,$107712,$25052
2022,6037910216,Census Tract 9102.16,Palmdale,Los Angeles County,California,Palmdale,139752.0,45524.0,147044.0,49469.0,116831.0,68554.0,,,108893.0,64403.0,,,116132.0,28986.0,240494.0,143107.0,140143.0,48767.0,150632.0,75649.0,$139752,$45524,$147044,$49469,$116831,$68554,,,$108893,$64403,,,$116132,$28986,$240494,$143107,$140143,$48767,$150632,$75649
2022,6037910217,Census Tract 9102.17,Palmdale,Los Angeles County,California,Palmdale,113615.0,20446.0,127978.0,18608.0,,,,,156623.0,83049.0,,,86360.0,45284.0,122369.0,32325.0,131778.0,23899.0,100596.0,24608.0,$113615,$20446,$127978,$18608,,,,,$156623,$83049,,,$86360,$45284,$122369,$32325,$131778,$23899,$100596,$24608
2022,6037910218,Census Tract 9102.18,Palmdale,Los Angeles County,California,Palmdale,82106.0,12750.0,82636.0,25577.0,,,,,56004.0,49648.0,,,61212.0,57306.0,94858.0,35214.0,82500.0,37256.0,90391.0,35026.0,$82106,$12750,$82636,$25577,,,,,$56004,$49648,,,$61212,$57306,$94858,$35214,$82500,$37256,$90391,$35026
2022,6037910301,Census Tract 9103.01,Palmdale,Los Angeles County,California,Palmdale,134239.0,32013.0,128621.0,37368.0,,,,,,,,,261261.0,135056.0,150212.0,26081.0,124566.0,36642.0,151192.0,49525.0,$134239,$32013,$128621,$37368,,,,,,,,,$261261,$135056,$150212,$26081,$124566,$36642,$151192,$49525
2022,6037910302,Census Tract 9103.02,Palmdale,Los Angeles County,California,Palmdale,112470.0,24868.0,123059.0,44130.0,177114.0,129283.0,,,,,,,,,,,122328.0,67724.0,111642.0,60993.0,$112470,$24868,$123059,$44130,$177114,$129283,,,,,,,,,,,$122328,$67724,$111642,$60993
2022,6037910401,Census Tract 9104.01,Palmdale,Los Angeles County,California,Palmdale,89260.0,14818.0,84044.0,14497.0,,,,,109644.0,55858.0,,,86962.0,43014.0,129782.0,74632.0,76146.0,20833.0,87380.0,13215.0,$89260,$14818,$84044,$14497,,,,,$109644,$55858,,,$86962,$43014,$129782,$74632,$76146,$20833,$87380,$13215
2022,6037910404,Census Tract 9104.04,Palmdale,Los Angeles County,California,Palmdale,73208.0,9396.0,64661.0,14431.0,56229.0,21584.0,,,106159.0,39851.0,,,77261.0,14777.0,,,64991.0,9608.0,76101.0,12102.0,$73208,$9396,$64661,$14431,$56229,$21584,,,$106159,$39851,,,$77261,$14777,,,$64991,$9608,$76101,$12102
2022,6037910405,Census Tract 9104.05,Palmdale,Los Angeles County,California,Palmdale,43996.0,8946.0,61363.0,22697.0,27580.0,5043.0,,,28303.0,18282.0,,,55796.0,11184.0,,,,,56325.0,12232.0,$43996,$8946,$61363,$22697,$27580,$5043,,,$28303,$18282,,,$55796,$11184,,,,,$56325,$12232
2022,6037910501,Census Tract 9105.01,Palmdale,Los Angeles County,California,Palmdale,31416.0,9354.0,42183.0,16141.0,23018.0,3062.0,,,,,,,42152.0,23313.0,14898.0,10894.0,40437.0,15943.0,39513.0,12553.0,$31416,$9354,$42183,$16141,$23018,$3062,,,,,,,$42152,$23313,$14898,$10894,$40437,$15943,$39513,$12553
2022,6037910502,Census Tract 9105.02,Palmdale,Los Angeles County,California,Palmdale,53917.0,22346.0,74298.0,27610.0,15408.0,12171.0,,,,,,,67479.0,28608.0,,,,,67118.0,26468.0,$53917,$22346,$74298,$27610,$15408,$12171,,,,,,,$67479,$28608,,,,,$67118,$26468
2022,6037910504,Census Tract 9105.04,Palmdale,Los Angeles County,California,Palmdale,66676.0,13607.0,68682.0,27156.0,54992.0,38643.0,,,126611.0,77197.0,,,65023.0,11814.0,80084.0,17183.0,,,75029.0,9389.0,$66676,$13607,$68682,$27156,$54992,$38643,,,$126611,$77197,,,$65023,$11814,$80084,$17183,,,$75029,$9389
2022,6037910505,Census Tract 9105.05,Palmdale,Los Angeles County,California,Palmdale,75742.0,21301.0,75523.0,27844.0,43898.0,11459.0,,,,,,,101876.0,46252.0,84705.0,33480.0,43990.0,33590.0,101825.0,13903.0,$75742,$21301,$75523,$27844,$43898,$11459,,,,,,,$101876,$46252,$84705,$33480,$43990,$33590,$101825,$13903
2022,6037910601,Census Tract 9106.01,Palmdale,Los Angeles County,California,Palmdale,69461.0,24816.0,83570.0,36085.0,,,,,,,,,66307.0,29394.0,96858.0,59222.0,91622.0,33708.0,69526.0,27258.0,$69461,$24816,$83570,$36085,,,,,,,,,$66307,$29394,$96858,$59222,$91622,$33708,$69526,$27258
2022,6037910602,Census Tract 9106.02,Palmdale,Los Angeles County,California,Palmdale,51483.0,13417.0,44702.0,12680.0,,,,,,,,,81895.0,25794.0,38586.0,5100.0,44903.0,28147.0,69715.0,34630.0,$51483,$13417,$44702,$12680,,,,,,,,,$81895,$25794,$38586,$5100,$44903,$28147,$69715,$34630
2022,6037910605,Census Tract 9106.05,Palmdale,Los Angeles County,California,Palmdale,64310.0,17600.0,50503.0,28485.0,,,,,84139.0,68026.0,,,68032.0,23759.0,80605.0,17760.0,33728.0,12287.0,69711.0,9610.0,$64310,$17600,$50503,$28485,,,,,$84139,$68026,,,$68032,$23759,$80605,$17760,$33728,$12287,$69711,$9610
2022,6037910606,Census Tract 9106.06,Palmdale,Los Angeles County,California,Palmdale,80819.0,13792.0,93116.0,7563.0,,,,,107549.0,68850.0,,,74247.0,20948.0,69154.0,52612.0,92446.0,25125.0,78378.0,14521.0,$80819,$13792,$93116,$7563,,,,,$107549,$68850,,,$74247,$20948,$69154,$52612,$92446,$25125,$78378,$14521
2022,6037910607,Census Tract 9106.07,Palmdale,Los Angeles County,California,Palmdale,74359.0,20628.0,107963.0,13927.0,,,,,,,,,43848.0,22951.0,,,96298.0,4837.0,69547.0,28792.0,$74359,$20628,$107963,$13927,,,,,,,,,$43848,$22951,,,$96298,$4837,$69547,$28792
2022,6037910608,Census Tract 9106.08,Palmdale,Los Angeles County,California,Palmdale,70363.0,9652.0,78378.0,45700.0,66033.0,36481.0,,,,,,,69813.0,41948.0,68230.0,21012.0,76436.0,52372.0,71751.0,19788.0,$70363,$9652,$78378,$45700,$66033,$36481,,,,,,,$69813,$41948,$68230,$21012,$76436,$52372,$71751,$19788
2022,6037910706,Census Tract 9107.06,Palmdale,Los Angeles County,California,Palmdale,98224.0,19527.0,91278.0,18456.0,121400.0,14792.0,,,,,,,80084.0,33836.0,107962.0,40909.0,145014.0,117969.0,87868.0,14292.0,$98224,$19527,$91278,$18456,$121400,$14792,,,,,,,$80084,$33836,$107962,$40909,$145014,$117969,$87868,$14292
2022,6037910707,Census Tract 9107.07,Palmdale,Los Angeles County,California,Palmdale,79419.0,17874.0,83433.0,37530.0,88506.0,30406.0,,,,,,,78592.0,17504.0,129827.0,59420.0,97582.0,54012.0,78564.0,17377.0,$79419,$17874,$83433,$37530,$88506,$30406,,,,,,,$78592,$17504,$129827,$59420,$97582,$54012,$78564,$17377
2022,6037910709,Census Tract 9107.09,Palmdale,Los Angeles County,California,Palmdale,114075.0,24912.0,121118.0,50100.0,,,,,,,,,131683.0,79164.0,103530.0,40354.0,97614.0,42893.0,131506.0,35771.0,$114075,$24912,$121118,$50100,,,,,,,,,$131683,$79164,$103530,$40354,$97614,$42893,$131506,$35771
2022,6037910712,Census Tract 9107.12,Palmdale,Los Angeles County,California,Palmdale,96623.0,22553.0,92893.0,18699.0,63239.0,40584.0,,,129246.0,45189.0,,,97885.0,32885.0,105258.0,54430.0,83366.0,15997.0,103978.0,12471.0,$96623,$22553,$92893,$18699,$63239,$40584,,,$129246,$45189,,,$97885,$32885,$105258,$54430,$83366,$15997,$103978,$12471
2022,6037910713,Census Tract 9107.13,Palmdale,Los Angeles County,California,Palmdale,94190.0,11349.0,99889.0,42261.0,,,104440.0,32150.0,118840.0,45980.0,,,94161.0,20600.0,94313.0,21430.0,103165.0,100678.0,94667.0,9353.0,$94190,$11349,$99889,$42261,,,$104440,$32150,$118840,$45980,,,$94161,$20600,$94313,$21430,$103165,$100678,$94667,$9353
2022,6037910714,Census Tract 9107.14,Palmdale,Los Angeles County,California,Palmdale,82302.0,12607.0,101825.0,22151.0,76781.0,36064.0,,,,,,,88248.0,14876.0,69134.0,16687.0,119322.0,18715.0,84982.0,12160.0,$82302,$12607,$101825,$22151,$76781,$36064,,,,,,,$88248,$14876,$69134,$16687,$119322,$18715,$84982,$12160
2022,6037910715,Census Tract 9107.15,Palmdale,Los Angeles County,California,Palmdale,80891.0,11537.0,76177.0,12411.0,,,100652.0,63622.0,113556.0,19319.0,,,95260.0,38392.0,77708.0,36425.0,75794.0,12283.0,93170.0,15751.0,$80891,$11537,$76177,$12411,,,$100652,$63622,$113556,$19319,,,$95260,$38392,$77708,$36425,$75794,$12283,$93170,$15751
2022,6037910716,Census Tract 9107.16,Palmdale,Los Angeles County,California,Palmdale,98957.0,14052.0,86753.0,23876.0,84959.0,19610.0,,,,,,,118572.0,33414.0,103648.0,19098.0,93908.0,63974.0,104182.0,23789.0,$98957,$14052,$86753,$23876,$84959,$19610,,,,,,,$118572,$33414,$103648,$19098,$93908,$63974,$104182,$23789
2022,6037910717,Census Tract 9107.17,Palmdale,Los Angeles County,California,Palmdale,97805.0,48404.0,174344.0,57510.0,,,,,,,,,82453.0,31380.0,50652.0,6972.0,,,108524.0,57614.0,$97805,$48404,$174344,$57510,,,,,,,,,$82453,$31380,$50652,$6972,,,$108524,$57614
2022,6037910718,Census Tract 9107.18,Palmdale,Los Angeles County,California,Palmdale,93505.0,15863.0,77600.0,35507.0,81606.0,56462.0,,,,,,,129898.0,61360.0,,,76628.0,22762.0,103283.0,46515.0,$93505,$15863,$77600,$35507,$81606,$56462,,,,,,,$129898,$61360,,,$76628,$22762,$103283,$46515
2022,6037910719,Census Tract 9107.19,Palmdale,Los Angeles County,California,Palmdale,111595.0,23283.0,119181.0,11204.0,65279.0,31566.0,,,,,,,68885.0,41605.0,204819.0,57279.0,,,111287.0,19875.0,$111595,$23283,$119181,$11204,$65279,$31566,,,,,,,$68885,$41605,$204819,$57279,,,$111287,$19875
2022,6037910720,Census Tract 9107.20,Palmdale,Los Angeles County,California,Palmdale,81058.0,51042.0,56953.0,36290.0,117982.0,36091.0,,,,,,,,,,,97024.0,94349.0,50294.0,41780.0,$81058,$51042,$56953,$36290,$117982,$36091,,,,,,,,,,,$97024,$94349,$50294,$41780
2022,6037910721,Census Tract 9107.21,Palmdale,Los Angeles County,California,Palmdale,52155.0,37979.0,,,,,,,,,,,,,,,,,59412.0,34218.0,$52155,$37979,,,,,,,,,,,,,,,,,$59412,$34218
2022,6037910815,Census Tract 9108.15,Palmdale,Los Angeles County,California,Palmdale,118955.0,29182.0,127281.0,25686.0,,,,,,,,,126611.0,62812.0,17592.0,748.0,126611.0,27597.0,97594.0,76405.0,$118955,$29182,$127281,$25686,,,,,,,,,$126611,$62812,$17592,$748,$126611,$27597,$97594,$76405
2022,6037911100,Census Tract 9111,Palmdale,Los Angeles County,California,Palmdale,69814.0,6482.0,69942.0,18064.0,22282.0,10966.0,94567.0,45851.0,63162.0,27581.0,,,72288.0,18104.0,75786.0,26674.0,,,71679.0,8282.0,$69814,$6482,$69942,$18064,$22282,$10966,$94567,$45851,$63162,$27581,,,$72288,$18104,$75786,$26674,,,$71679,$8282
2022,6037980004,Census Tract 9800.04,Palmdale,Los Angeles County,California,Palmdale,,,,,,,,,,,,,,,,,,,,,,,,,,,,,,,,,,,,,,,,
2023,6037901218,Census Tract 9012.18,Palmdale,Los Angeles County,California,Palmdale,165649.0,39978.0,189471.0,30916.0,145400.0,91348.0,,,148711.0,55581.0,,,,,,,190049.0,31021.0,184130.0,87921.0,$165649,$39978,$189471,$30916,$145400,$91348,,,$148711,$55581,,,,,,,$190049,$31021,$184130,$87921
2023,6037910002,Census Tract 9100.02,Palmdale,Los Angeles County,California,Palmdale,66828.0,18974.0,58537.0,21441.0,,,,,,,,,104087.0,24384.0,64683.0,11879.0,57985.0,20434.0,80674.0,28547.0,$66828,$18974,$58537,$21441,,,,,,,,,$104087,$24384,$64683,$11879,$57985,$20434,$80674,$28547
2023,6037910210,Census Tract 9102.10,Palmdale,Los Angeles County,California,Palmdale,133569.0,6295.0,137005.0,5568.0,175117.0,70055.0,,,132987.0,107958.0,,,66358.0,24571.0,106655.0,85203.0,137623.0,9643.0,84510.0,46364.0,$133569,$6295,$137005,$5568,$175117,$70055,,,$132987,$107958,,,$66358,$24571,$106655,$85203,$137623,$9643,$84510,$46364
2023,6037910213,Census Tract 9102.13,Palmdale,Los Angeles County,California,Palmdale,146416.0,24058.0,147759.0,114425.0,,,,,,,,,146825.0,3217.0,,,206335.0,106440.0,144316.0,21086.0,$146416,$24058,$147759,$114425,,,,,,,,,$146825,$3217,,,$206335,$106440,$144316,$21086
2023,6037910214,Census Tract 9102.14,Palmdale,Los Angeles County,California,Palmdale,118696.0,17395.0,108928.0,19501.0,166643.0,40570.0,,,131012.0,76961.0,,,105769.0,35555.0,123812.0,58505.0,103045.0,30872.0,119049.0,16764.0,$118696,$17395,$108928,$19501,$166643,$40570,,,$131012,$76961,,,$105769,$35555,$123812,$58505,$103045,$30872,$119049,$16764
2023,6037910215,Census Tract 9102.15,Palmdale,Los Angeles County,California,Palmdale,90071.0,21681.0,82902.0,59960.0,98741.0,95903.0,,,179402.0,84897.0,,,70207.0,30917.0,77002.0,54918.0,64670.0,38260.0,78139.0,16253.0,$90071,$21681,$82902,$59960,$98741,$95903,,,$179402,$84897,,,$70207,$30917,$77002,$54918,$64670,$38260,$78139,$16253
2023,6037910216,Census Tract 9102.16,Palmdale,Los Angeles County,California,Palmdale,116036.0,23105.0,139681.0,64451.0,,,,,107513.0,88929.0,,,115850.0,35034.0,,,146257.0,43089.0,102497.0,23835.0,$116036,$23105,$139681,$64451,,,,,$107513,$88929,,,$115850,$35034,,,$146257,$43089,$102497,$23835
2023,6037910217,Census Tract 9102.17,Palmdale,Los Angeles County,California,Palmdale,131960.0,15686.0,132723.0,14475.0,162534.0,54257.0,,,156676.0,100074.0,,,88393.0,45303.0,121467.0,43682.0,140988.0,30941.0,99740.0,20170.0,$131960,$15686,$132723,$14475,$162534,$54257,,,$156676,$100074,,,$88393,$45303,$121467,$43682,$140988,$30941,$99740,$20170
2023,6037910218,Census Tract 9102.18,Palmdale,Los Angeles County,California,Palmdale,80868.0,13746.0,82873.0,11588.0,,,,,78866.0,1739.0,,,58308.0,4238.0,135285.0,22931.0,82203.0,17710.0,90490.0,39696.0,$80868,$13746,$82873,$11588,,,,,$78866,$1739,,,$58308,$4238,$135285,$22931,$82203,$17710,$90490,$39696
2023,6037910301,Census Tract 9103.01,Palmdale,Los Angeles County,California,Palmdale,120411.0,21671.0,114848.0,23008.0,,,,,128100.0,118377.0,,,,,157066.0,41772.0,113770.0,21068.0,145997.0,55408.0,$120411,$21671,$114848,$23008,,,,,$128100,$118377,,,,,$157066,$41772,$113770,$21068,$145997,$55408
2023,6037910302,Census Tract 9103.02,Palmdale,Los Angeles County,California,Palmdale,100274.0,17971.0,109812.0,22081.0,,,,,,,,,44720.0,32299.0,,,115864.0,51325.0,108474.0,31808.0,$100274,$17971,$109812,$22081,,,,,,,,,$44720,$32299,,,$115864,$51325,$108474,$31808
2023,6037910401,Census Tract 9104.01,Palmdale,Los Angeles County,California,Palmdale,89961.0,12581.0,89641.0,19384.0,,,,,106515.0,24432.0,,,89718.0,42254.0,,,90210.0,38246.0,88399.0,10156.0,$89961,$12581,$89641,$19384,,,,,$106515,$24432,,,$89718,$42254,,,$90210,$38246,$88399,$10156
2023,6037910404,Census Tract 9104.04,Palmdale,Los Angeles County,California,Palmdale,64915.0,10855.0,64486.0,16482.0,56467.0,14471.0,,,106138.0,41384.0,,,68196.0,21464.0,78022.0,35373.0,64355.0,17519.0,70938.0,15933.0,$64915,$10855,$64486,$16482,$56467,$14471,,,$106138,$41384,,,$68196,$21464,$78022,$35373,$64355,$17519,$70938,$15933
2023,6037910405,Census Tract 9104.05,Palmdale,Los Angeles County,California,Palmdale,49410.0,11256.0,64704.0,25527.0,26754.0,5285.0,,,,,,,61230.0,20399.0,,,61634.0,44840.0,60602.0,11608.0,$49410,$11256,$64704,$25527,$26754,$5285,,,,,,,$61230,$20399,,,$61634,$44840,$60602,$11608
2023,6037910501,Census Tract 9105.01,Palmdale,Los Angeles County,California,Palmdale,35197.0,7580.0,43720.0,8684.0,33721.0,10218.0,,,,,,,38261.0,15128.0,16347.0,11939.0,42988.0,28230.0,40073.0,17990.0,$35197,$7580,$43720,$8684,$33721,$10218,,,,,,,$38261,$15128,$16347,$11939,$42988,$28230,$40073,$17990
2023,6037910502,Census Tract 9105.02,Palmdale,Los Angeles County,California,Palmdale,43482.0,22943.0,82969.0,24199.0,22069.0,12170.0,,,,,,,,,38888.0,17892.0,,,54824.0,30489.0,$43482,$22943,$82969,$24199,$22069,$12170,,,,,,,,,$38888,$17892,,,$54824,$30489
2023,6037910504,Census Tract 9105.04,Palmdale,Los Angeles County,California,Palmdale,73022.0,12130.0,87534.0,28037.0,53679.0,29357.0,,,126428.0,119375.0,,,59001.0,13413.0,87676.0,12934.0,98220.0,23331.0,74442.0,11980.0,$73022,$12130,$87534,$28037,$53679,$29357,,,$126428,$119375,,,$59001,$13413,$87676,$12934,$98220,$23331,$74442,$11980
2023,6037910505,Census Tract 9105.05,Palmdale,Los Angeles County,California,Palmdale,71842.0,16739.0,75520.0,17972.0,35853.0,14120.0,,,,,,,77156.0,43508.0,76631.0,37491.0,46108.0,32375.0,94788.0,32865.0,$71842,$16739,$75520,$17972,$35853,$14120,,,,,,,$77156,$43508,$76631,$37491,$46108,$32375,$94788,$32865
2023,6037910601,Census Tract 9106.01,Palmdale,Los Angeles County,California,Palmdale,83080.0,30543.0,95665.0,13333.0,101851.0,36358.0,50123.0,19994.0,,,,,65570.0,28841.0,68196.0,54516.0,92773.0,24026.0,67858.0,31504.0,$83080,$30543,$95665,$13333,$101851,$36358,$50123,$19994,,,,,$65570,$28841,$68196,$54516,$92773,$24026,$67858,$31504
2023,6037910602,Census Tract 9106.02,Palmdale,Los Angeles County,California,Palmdale,49557.0,20793.0,45206.0,8224.0,,,,,83913.0,45661.0,,,81064.0,49281.0,39123.0,8211.0,45486.0,34369.0,49410.0,21169.0,$49557,$20793,$45206,$8224,,,,,$83913,$45661,,,$81064,$49281,$39123,$8211,$45486,$34369,$49410,$21169
2023,6037910605,Census Tract 9106.05,Palmdale,Los Angeles County,California,Palmdale,68135.0,13498.0,55196.0,21287.0,,,,,,,,,80761.0,14914.0,71684.0,22792.0,,,71075.0,10233.0,$68135,$13498,$55196,$21287,,,,,,,,,$80761,$14914,$71684,$22792,,,$71075,$10233
2023,6037910606,Census Tract 9106.06,Palmdale,Los Angeles County,California,Palmdale,81707.0,10624.0,94574.0,21030.0,36580.0,17516.0,,,,,,,74135.0,18477.0,77418.0,33371.0,94074.0,22057.0,80972.0,11163.0,$81707,$10624,$94574,$21030,$36580,$17516,,,,,,,$74135,$18477,$77418,$33371,$94074,$22057,$80972,$11163
2023,6037910607,Census Tract 9106.07,Palmdale,Los Angeles County,California,Palmdale,68968.0,26818.0,103305.0,21004.0,,,,,,,,,51931.0,18158.0,,,94598.0,11065.0,69269.0,26479.0,$68968,$26818,$103305,$21004,,,,,,,,,$51931,$18158,,,$94598,$11065,$69269,$26479
2023,6037910608,Census Tract 9106.08,Palmdale,Los Angeles County,California,Palmdale,73481.0,12917.0,101008.0,41458.0,66312.0,38565.0,,,,,,,70843.0,57366.0,69311.0,44460.0,76393.0,34037.0,80935.0,40945.0,$73481,$12917,$101008,$41458,$66312,$38565,,,,,,,$70843,$57366,$69311,$44460,$76393,$34037,$80935,$40945
2023,6037910706,Census Tract 9107.06,Palmdale,Los Angeles County,California,Palmdale,109716.0,21725.0,104073.0,45933.0,121850.0,3098.0,,,,,,,91532.0,32198.0,108895.0,51838.0,103771.0,52540.0,91708.0,28314.0,$109716,$21725,$104073,$45933,$121850,$3098,,,,,,,$91532,$32198,$108895,$51838,$103771,$52540,$91708,$28314
2023,6037910707,Census Tract 9107.07,Palmdale,Los Angeles County,California,Palmdale,71549.0,23167.0,71978.0,40655.0,52273.0,36705.0,,,,,,,81629.0,21088.0,129491.0,66423.0,93288.0,58379.0,82257.0,19339.0,$71549,$23167,$71978,$40655,$52273,$36705,,,,,,,$81629,$21088,$129491,$66423,$93288,$58379,$82257,$19339
2023,6037910709,Census Tract 9107.09,Palmdale,Los Angeles County,California,Palmdale,103742.0,25067.0,94360.0,35024.0,,,,,,,,,,,104611.0,21950.0,95218.0,40618.0,104739.0,29268.0,$103742,$25067,$94360,$35024,,,,,,,,,,,$104611,$21950,$95218,$40618,$104739,$29268
2023,6037910712,Census Tract 9107.12,Palmdale,Los Angeles County,California,Palmdale,101885.0,19493.0,103104.0,15846.0,,,,,129354.0,66954.0,,,108323.0,36197.0,106053.0,67538.0,93174.0,18586.0,105918.0,15649.0,$101885,$19493,$103104,$15846,,,,,$129354,$66954,,,$108323,$36197,$106053,$67538,$93174,$18586,$105918,$15649
2023,6037910713,Census Tract 9107.13,Palmdale,Los Angeles County,California,Palmdale,85353.0,15371.0,96504.0,43172.0,41819.0,21510.0,,,137588.0,36422.0,,,91296.0,32337.0,91787.0,15062.0,,,93073.0,14780.0,$85353,$15371,$96504,$43172,$41819,$21510,,,$137588,$36422,,,$91296,$32337,$91787,$15062,,,$93073,$14780
2023,6037910714,Census Tract 9107.14,Palmdale,Los Angeles County,California,Palmdale,79434.0,15035.0,100043.0,43879.0,76008.0,31488.0,,,,,,,98487.0,29333.0,68541.0,12010.0,131729.0,61821.0,81874.0,19237.0,$79434,$15035,$100043,$43879,$76008,$31488,,,,,,,$98487,$29333,$68541,$12010,$131729,$61821,$81874,$19237
2023,6037910715,Census Tract 9107.15,Palmdale,Los Angeles County,California,Palmdale,79321.0,14529.0,96647.0,38101.0,,,101284.0,92672.0,112803.0,31606.0,,,96436.0,37504.0,74688.0,58600.0,90457.0,33201.0,91552.0,17849.0,$79321,$14529,$96647,$38101,,,$101284,$92672,$112803,$31606,,,$96436,$37504,$74688,$58600,$90457,$33201,$91552,$17849
2023,6037910716,Census Tract 9107.16,Palmdale,Los Angeles County,California,Palmdale,95307.0,13721.0,94188.0,19788.0,82535.0,24918.0,139904.0,68299.0,,,,,97637.0,29066.0,103756.0,47723.0,125854.0,33833.0,96174.0,16402.0,$95307,$13721,$94188,$19788,$82535,$24918,$139904,$68299,,,,,$97637,$29066,$103756,$47723,$125854,$33833,$96174,$16402
2023,6037910717,Census Tract 9107.17,Palmdale,Los Angeles County,California,Palmdale,90554.0,50488.0,147652.0,67252.0,76131.0,33089.0,,,,,,,87330.0,83395.0,51354.0,8484.0,204589.0,179469.0,95218.0,66872.0,$90554,$50488,$147652,$67252,$76131,$33089,,,,,,,$87330,$83395,$51354,$8484,$204589,$179469,$95218,$66872
2023,6037910718,Census Tract 9107.18,Palmdale,Los Angeles County,California,Palmdale,104192.0,22817.0,116644.0,46320.0,,,,,,,,,129300.0,67486.0,104323.0,49129.0,105592.0,86197.0,105397.0,31284.0,$104192,$22817,$116644,$46320,,,,,,,,,$129300,$67486,$104323,$49129,$105592,$86197,$105397,$31284
2023,6037910719,Census Tract 9107.19,Palmdale,Los Angeles County,California,Palmdale,98385.0,65405.0,120266.0,51822.0,65428.0,21516.0,,,,,,,,,99869.0,98761.0,157371.0,88748.0,100266.0,55631.0,$98385,$65405,$120266,$51822,$65428,$21516,,,,,,,,,$99869,$98761,$157371,$88748,$100266,$55631
2023,6037910720,Census Tract 9107.20,Palmdale,Los Angeles County,California,Palmdale,76594.0,20816.0,66733.0,59380.0,98077.0,15058.0,,,,,,,,,40552.0,37745.0,99672.0,53622.0,49687.0,43438.0,$76594,$20816,$66733,$59380,$98077,$15058,,,,,,,,,$40552,$37745,$99672,$53622,$49687,$43438
2023,6037910721,Census Tract 9107.21,Palmdale,Los Angeles County,California,Palmdale,49097.0,23319.0,40179.0,31704.0,,,,,,,,,59332.0,18093.0,60249.0,15517.0,,,59091.0,12932.0,$49097,$23319,$40179,$31704,,,,,,,,,$59332,$18093,$60249,$15517,,,$59091,$12932
2023,6037910815,Census Tract 9108.15,Palmdale,Los Angeles County,California,Palmdale,96522.0,15745.0,98396.0,27579.0,,,,,,,,,110658.0,45433.0,,,94770.0,28494.0,96643.0,35332.0,$96522,$15745,$98396,$27579,,,,,,,,,$110658,$45433,,,$94770,$28494,$96643,$35332
2023,6037911100,Census Tract 9111,Palmdale,Los Angeles County,California,Palmdale,67194.0,17004.0,67931.0,9978.0,,,95932.0,65442.0,63634.0,10171.0,,,90231.0,34010.0,41515.0,9330.0,,,68135.0,15711.0,$67194,$17004,$67931,$9978,,,$95932,$65442,$63634,$10171,,,$90231,$34010,$41515,$9330,,,$68135,$15711
2023,6037980004,Census Tract 9800.04,Palmdale,Los Angeles County,California,Palmdale,,,,,,,,,,,,,,,,,,,,,,,,,,,,,,,,,,,,,,,,
2024,6037901218,Census Tract 9012.18,Palmdale,Los Angeles County,California,Palmdale,157411.0,13793.0,164063.0,88783.0,103770.0,1003.0,,,147234.0,112127.0,,,142083.0,81295.0,185326.0,50313.0,190938.0,80420.0,185625.0,18023.0,$157411,$13793,$164063,$88783,$103770,$1003,,,$147234,$112127,,,$142083,$81295,$185326,$50313,$190938,$80420,$185625,$18023
2024,6037910002,Census Tract 9100.02,Palmdale,Los Angeles County,California,Palmdale,71778.0,13689.0,59267.0,28236.0,,,,,,,,,93955.0,27211.0,63594.0,16078.0,59950.0,50296.0,72853.0,20369.0,$71778,$13689,$59267,$28236,,,,,,,,,$93955,$27211,$63594,$16078,$59950,$50296,$72853,$20369
2024,6037910210,Census Tract 9102.10,Palmdale,Los Angeles County,California,Palmdale,131676.0,6276.0,136529.0,6040.0,158297.0,49598.0,,,153424.0,48678.0,,,63644.0,14936.0,,,135735.0,8058.0,84490.0,60248.0,$131676,$6276,$136529,$6040,$158297,$49598,,,$153424,$48678,,,$63644,$14936,,,$135735,$8058,$84490,$60248
2024,6037910213,Census Tract 9102.13,Palmdale,Los Angeles County,California,Palmdale,142661.0,9980.0,149167.0,126321.0,,,,,91379.0,680.0,,,142614.0,63879.0,143313.0,60327.0,205795.0,127429.0,139238.0,11946.0,$142661,$9980,$149167,$126321,,,,,$91379,$680,,,$142614,$63879,$143313,$60327,$205795,$127429,$139238,$11946
2024,6037910214,Census Tract 9102.14,Palmdale,Los Angeles County,California,Palmdale,119615.0,26225.0,108411.0,20879.0,163882.0,78533.0,,,163633.0,59621.0,,,117885.0,40086.0,99219.0,57785.0,,,109219.0,20903.0,$119615,$26225,$108411,$20879,$163882,$78533,,,$163633,$59621,,,$117885,$40086,$99219,$57785,,,$109219,$20903
2024,6037910215,Census Tract 9102.15,Palmdale,Los Angeles County,California,Palmdale,99128.0,22629.0,68813.0,34343.0,,,,,179517.0,113805.0,,,77907.0,54610.0,104953.0,104400.0,63641.0,32822.0,100362.0,33643.0,$99128,$22629,$68813,$34343,,,,,$179517,$113805,,,$77907,$54610,$104953,$104400,$63641,$32822,$100362,$33643
2024,6037910216,Census Tract 9102.16,Palmdale,Los Angeles County,California,Palmdale,119505.0,39736.0,147813.0,60293.0,109531.0,53286.0,,,159063.0,98596.0,,,101905.0,29114.0,183619.0,42268.0,148524.0,28101.0,116161.0,34566.0,$119505,$39736,$147813,$60293,$109531,$53286,,,$159063,$98596,,,$101905,$29114,$183619,$42268,$148524,$28101,$116161,$34566
2024,6037910217,Census Tract 9102.17,Palmdale,Los Angeles County,California,Palmdale,130170.0,22934.0,132500.0,22202.0,138520.0,105326.0,,,211284.0,62028.0,,,88487.0,52450.0,117083.0,39913.0,143929.0,18216.0,99583.0,18641.0,$130170,$22934,$132500,$22202,$138520,$105326,,,$211284,$62028,,,$88487,$52450,$117083,$39913,$143929,$18216,$99583,$18641
2024,6037910218,Census Tract 9102.18,Palmdale,Los Angeles County,California,Palmdale,75625.0,19100.0,83950.0,14705.0,35989.0,5887.0,,,,,,,57917.0,6223.0,126607.0,41911.0,82438.0,13229.0,62321.0,48389.0,$75625,$19100,$83950,$14705,$35989,$5887,,,,,,,$57917,$6223,$126607,$41911,$82438,$13229,$62321,$48389
2024,6037910301,Census Tract 9103.01,Palmdale,Los Angeles County,California,Palmdale,116056.0,23193.0,117056.0,23831.0,,,,,,,,,,,101777.0,64482.0,116861.0,28494.0,101855.0,72462.0,$116056,$23193,$117056,$23831,,,,,,,,,,,$101777,$64482,$116861,$28494,$101855,$72462
2024,6037910302,Census Tract 9103.02,Palmdale,Los Angeles County,California,Palmdale,104722.0,28671.0,122083.0,48834.0,,,,,133051.0,118404.0,,,,,97614.0,43860.0,117961.0,51576.0,,,$104722,$28671,$122083,$48834,,,,,$133051,$118404,,,,,$97614,$43860,$117961,$51576,,
2024,6037910401,Census Tract 9104.01,Palmdale,Los Angeles County,California,Palmdale,87580.0,8835.0,90603.0,27481.0,46575.0,28604.0,,,133125.0,86329.0,,,77500.0,41703.0,106458.0,58629.0,92198.0,57338.0,85125.0,14050.0,$87580,$8835,$90603,$27481,$46575,$28604,,,$133125,$86329,,,$77500,$41703,$106458,$58629,$92198,$57338,$85125,$14050
2024,6037910404,Census Tract 9104.04,Palmdale,Los Angeles County,California,Palmdale,60542.0,12257.0,54280.0,12010.0,56737.0,6067.0,,,105221.0,59206.0,,,70370.0,15375.0,78500.0,50366.0,56667.0,12883.0,68065.0,22158.0,$60542,$12257,$54280,$12010,$56737,$6067,,,$105221,$59206,,,$70370,$15375,$78500,$50366,$56667,$12883,$68065,$22158
2024,6037910405,Census Tract 9104.05,Palmdale,Los Angeles County,California,Palmdale,43409.0,13237.0,42039.0,38629.0,25633.0,12291.0,,,,,,,57244.0,6634.0,50000.0,46371.0,,,55801.0,7709.0,$43409,$13237,$42039,$38629,$25633,$12291,,,,,,,$57244,$6634,$50000,$46371,,,$55801,$7709
2024,6037910501,Census Tract 9105.01,Palmdale,Los Angeles County,California,Palmdale,39403.0,8916.0,42158.0,13079.0,33833.0,21997.0,,,,,,,39907.0,10197.0,15909.0,15799.0,50655.0,31141.0,39125.0,16479.0,$39403,$8916,$42158,$13079,$33833,$21997,,,,,,,$39907,$10197,$15909,$15799,$50655,$31141,$39125,$16479
2024,6037910502,Census Tract 9105.02,Palmdale,Los Angeles County,California,Palmdale,39433.0,9875.0,83866.0,30342.0,,,,,,,,,38266.0,8161.0,40320.0,13936.0,108980.0,57958.0,39573.0,12446.0,$39433,$9875,$83866,$30342,,,,,,,,,$38266,$8161,$40320,$13936,$108980,$57958,$39573,$12446
2024,6037910504,Census Tract 9105.04,Palmdale,Los Angeles County,California,Palmdale,71007.0,15838.0,89766.0,62506.0,52880.0,42965.0,,,125091.0,83651.0,,,65060.0,17134.0,82222.0,13051.0,109792.0,63317.0,72188.0,13422.0,$71007,$15838,$89766,$62506,$52880,$42965,,,$125091,$83651,,,$65060,$17134,$82222,$13051,$109792,$63317,$72188,$13422
2024,6037910505,Census Tract 9105.05,Palmdale,Los Angeles County,California,Palmdale,65792.0,16983.0,63478.0,20105.0,44276.0,21389.0,,,,,,,93750.0,42815.0,73250.0,36941.0,54500.0,21195.0,84545.0,35374.0,$65792,$16983,$63478,$20105,$44276,$21389,,,,,,,$93750,$42815,$73250,$36941,$54500,$21195,$84545,$35374
2024,6037910601,Census Tract 9106.01,Palmdale,Los Angeles County,California,Palmdale,68661.0,30687.0,95417.0,36864.0,101401.0,58953.0,,,,,,,65000.0,19217.0,55769.0,41222.0,96250.0,34579.0,65327.0,18002.0,$68661,$30687,$95417,$36864,$101401,$58953,,,,,,,$65000,$19217,$55769,$41222,$96250,$34579,$65327,$18002
2024,6037910602,Census Tract 9106.02,Palmdale,Los Angeles County,California,Palmdale,63611.0,33469.0,43387.0,12078.0,,,,,,,,,89545.0,24044.0,39750.0,11624.0,43375.0,33918.0,65625.0,46260.0,$63611,$33469,$43387,$12078,,,,,,,,,$89545,$24044,$39750,$11624,$43375,$33918,$65625,$46260
2024,6037910605,Census Tract 9106.05,Palmdale,Los Angeles County,California,Palmdale,65411.0,18096.0,60764.0,19198.0,28065.0,19006.0,,,,,,,73469.0,11248.0,71414.0,32951.0,,,65804.0,14353.0,$65411,$18096,$60764,$19198,$28065,$19006,,,,,,,$73469,$11248,$71414,$32951,,,$65804,$14353
2024,6037910606,Census Tract 9106.06,Palmdale,Los Angeles County,California,Palmdale,81895.0,9293.0,93992.0,21231.0,28750.0,7576.0,,,109167.0,67963.0,,,71875.0,19970.0,88500.0,82748.0,93589.0,16818.0,81411.0,10356.0,$81895,$9293,$93992,$21231,$28750,$7576,,,$109167,$67963,,,$71875,$19970,$88500,$82748,$93589,$16818,$81411,$10356
2024,6037910607,Census Tract 9106.07,Palmdale,Los Angeles County,California,Palmdale,58839.0,11889.0,96596.0,14702.0,14130.0,10321.0,,,,,,,53261.0,6324.0,67791.0,62773.0,95404.0,29042.0,54366.0,10691.0,$58839,$11889,$96596,$14702,$14130,$10321,,,,,,,$53261,$6324,$67791,$62773,$95404,$29042,$54366,$10691
2024,6037910608,Census Tract 9106.08,Palmdale,Los Angeles County,California,Palmdale,70682.0,11148.0,90625.0,39205.0,92610.0,47317.0,,,,,,,70511.0,32972.0,60000.0,29126.0,75577.0,45956.0,72472.0,29298.0,$70682,$11148,$90625,$39205,$92610,$47317,,,,,,,$70511,$32972,$60000,$29126,$75577,$45956,$72472,$29298
2024,6037910706,Census Tract 9107.06,Palmdale,Los Angeles County,California,Palmdale,108563.0,19464.0,102885.0,30886.0,120845.0,3152.0,,,,,,,95817.0,29292.0,108594.0,46724.0,145223.0,92763.0,95625.0,28364.0,$108563,$19464,$102885,$30886,$120845,$3152,,,,,,,$95817,$29292,$108594,$46724,$145223,$92763,$95625,$28364
2024,6037910707,Census Tract 9107.07,Palmdale,Los Angeles County,California,Palmdale,72256.0,20094.0,74028.0,39466.0,29639.0,15943.0,,,,,,,89779.0,27790.0,121528.0,44694.0,97931.0,55831.0,88676.0,21230.0,$72256,$20094,$74028,$39466,$29639,$15943,,,,,,,$89779,$27790,$121528,$44694,$97931,$55831,$88676,$21230
2024,6037910709,Census Tract 9107.09,Palmdale,Los Angeles County,California,Palmdale,102566.0,24880.0,86546.0,10777.0,,,,,,,,,185060.0,98015.0,116429.0,35875.0,86776.0,10601.0,115357.0,31027.0,$102566,$24880,$86546,$10777,,,,,,,,,$185060,$98015,$116429,$35875,$86776,$10601,$115357,$31027
2024,6037910712,Census Tract 9107.12,Palmdale,Los Angeles County,California,Palmdale,96324.0,22472.0,92596.0,31163.0,,,,,,,,,97500.0,29722.0,73500.0,60797.0,83750.0,37190.0,103625.0,25023.0,$96324,$22472,$92596,$31163,,,,,,,,,$97500,$29722,$73500,$60797,$83750,$37190,$103625,$25023
2024,6037910713,Census Tract 9107.13,Palmdale,Los Angeles County,California,Palmdale,80764.0,13813.0,76597.0,73960.0,47566.0,23679.0,,,138462.0,73472.0,,,90284.0,32437.0,83717.0,20685.0,,,83783.0,18325.0,$80764,$13813,$76597,$73960,$47566,$23679,,,$138462,$73472,,,$90284,$32437,$83717,$20685,,,$83783,$18325
2024,6037910714,Census Tract 9107.14,Palmdale,Los Angeles County,California,Palmdale,79653.0,12434.0,116875.0,40396.0,89205.0,76877.0,,,,,,,81397.0,27442.0,66763.0,17413.0,120000.0,32572.0,81771.0,17253.0,$79653,$12434,$116875,$40396,$89205,$76877,,,,,,,$81397,$27442,$66763,$17413,$120000,$32572,$81771,$17253
2024,6037910715,Census Tract 9107.15,Palmdale,Los Angeles County,California,Palmdale,86250.0,23491.0,119868.0,27069.0,,,70938.0,16399.0,113021.0,83611.0,,,98897.0,63490.0,74543.0,28326.0,119079.0,33387.0,92366.0,23532.0,$86250,$23491,$119868,$27069,,,$70938,$16399,$113021,$83611,,,$98897,$63490,$74543,$28326,$119079,$33387,$92366,$23532
2024,6037910716,Census Tract 9107.16,Palmdale,Los Angeles County,California,Palmdale,86330.0,12135.0,76833.0,24908.0,72423.0,28657.0,,,,,,,98311.0,29072.0,72181.0,55367.0,69091.0,48786.0,96795.0,15672.0,$86330,$12135,$76833,$24908,$72423,$28657,,,,,,,$98311,$29072,$72181,$55367,$69091,$48786,$96795,$15672
2024,6037910717,Census Tract 9107.17,Palmdale,Los Angeles County,California,Palmdale,91333.0,21406.0,109375.0,87555.0,115156.0,35078.0,,,,,,,90750.0,72919.0,56768.0,24370.0,148333.0,133204.0,87273.0,23411.0,$91333,$21406,$109375,$87555,$115156,$35078,,,,,,,$90750,$72919,$56768,$24370,$148333,$133204,$87273,$23411
2024,6037910718,Census Tract 9107.18,Palmdale,Los Angeles County,California,Palmdale,105588.0,16658.0,107833.0,98769.0,,,,,,,,,129826.0,39692.0,106179.0,25267.0,,,128578.0,28144.0,$105588,$16658,$107833,$98769,,,,,,,,,$129826,$39692,$106179,$25267,,,$128578,$28144
2024,6037910719,Census Tract 9107.19,Palmdale,Los Angeles County,California,Palmdale,97792.0,24575.0,155253.0,121146.0,,,,,,,,,89342.0,51323.0,98264.0,51523.0,155490.0,96710.0,89605.0,29826.0,$97792,$24575,$155253,$121146,,,,,,,,,$89342,$51323,$98264,$51523,$155490,$96710,$89605,$29826
2024,6037910720,Census Tract 9107.20,Palmdale,Los Angeles County,California,Palmdale,59871.0,30704.0,103375.0,66290.0,93420.0,13784.0,,,,,,,,,41519.0,17987.0,80625.0,70923.0,42500.0,22130.0,$59871,$30704,$103375,$66290,$93420,$13784,,,,,,,,,$41519,$17987,$80625,$70923,$42500,$22130
2024,6037910721,Census Tract 9107.21,Palmdale,Los Angeles County,California,Palmdale,46136.0,28697.0,39022.0,18798.0,,,,,,,,,68421.0,32101.0,59667.0,33853.0,38963.0,11446.0,67697.0,23850.0,$46136,$28697,$39022,$18798,,,,,,,,,$68421,$32101,$59667,$33853,$38963,$11446,$67697,$23850
2024,6037910815,Census Tract 9108.15,Palmdale,Los Angeles County,California,Palmdale,95435.0,12470.0,91775.0,19196.0,,,,,,,,,119545.0,44146.0,,,91775.0,18597.0,96649.0,30633.0,$95435,$12470,$91775,$19196,,,,,,,,,$119545,$44146,,,$91775,$18597,$96649,$30633
2024,6037911100,Census Tract 9111,Palmdale,Los Angeles County,California,Palmdale,68038.0,17270.0,69259.0,2712.0,,,,,74191.0,8534.0,,,81193.0,31227.0,41087.0,3951.0,,,68254.0,16364.0,$68038,$17270,$69259,$2712,,,,,$74191,$8534,,,$81193,$31227,$41087,$3951,,,$68254,$16364
2024,6037980004,Census Tract 9800.04,Palmdale,Los Angeles County,California,Palmdale,,,,,,,,,,,,,,,,,,,,,,,,,,,,,,,,,,,,,,,,
