YEAR,GEO_ID,TRACT,CITY,COUNTY,STATE,ABBREV_NAME,B19013_001E,B19013_001M,B19013A_001E,B19013A_001M,B19013B_001E,B19013B_001M,B19013C_001E,B19013C_001M,B19013D_001E,B19013D_001M,B19013E_001E,B19013E_001M,B19013F_001E,B19013F_001M,B19013G_001E,B19013G_001M,B19013H_001E,B19013H_001M,B19013I_001E,B19013I_001M,B19013_001E_string,B19013_001M_string,B19013A_001E_string,B19013A_001M_string,B19013B_001E_string,B19013B_001M_string,B19013C_001E_string,B19013C_001M_string,B19013D_001E_string,B19013D_001M_string,B19013E_001E_string,B19013E_001M_string,B19013F_001E_string,B19013F_001M_string,B19013G_001E_string,B19013G_001M_string,B19013H_001E_string,B19013H_001M_string,B19013I_001E_string,B19013I_001M_string
2010,6037181000,Census Tract 1810,Pasadena,Los Angeles County,California,Pasadena,98809.0,9639.0,123485.0,44363.0,,,161742.0,427711.0,101461.0,17216.0,,,79347.0,21016.0,42985.0,22453.0,141479.0,18405.0,77490.0,15133.0,$98809,$9639,$123485,$44363,,,$161742,$427711,$101461,$17216,,,$79347,$21016,$42985,$22453,$141479,$18405,$77490,$15133
2010,6037183101,Census Tract 1831.01,Pasadena,Los Angeles County,California,Pasadena,98104.0,15289.0,92800.0,39827.0,,,,,125021.0,75430.0,,,98580.0,28586.0,,,111256.0,18208.0,82932.0,21298.0,$98104,$15289,$92800,$39827,,,,,$125021,$75430,,,$98580,$28586,,,$111256,$18208,$82932,$21298
2010,6037183104,Census Tract 1831.04,Pasadena,Los Angeles County,California,Pasadena,116509.0,16305.0,118897.0,38069.0,272316.0,154676.0,,,72612.0,72113.0,,,113833.0,9778.0,89786.0,165718.0,102268.0,97422.0,118270.0,21742.0,$116509,$16305,$118897,$38069,$272316,$154676,,,$72612,$72113,,,$113833,$9778,$89786,$165718,$102268,$97422,$118270,$21742
2010,6037300901,Census Tract 3009.01,Pasadena,Los Angeles County,California,Pasadena,145887.0,49816.0,169235.0,49711.0,,,,,172342.0,60793.0,53974.0,68934.0,84996.0,21381.0,,,174716.0,40676.0,85946.0,17653.0,$145887,$49816,$169235,$49711,,,,,$172342,$60793,$53974,$68934,$84996,$21381,,,$174716,$40676,$85946,$17653
2010,6037460000,Census Tract 4600,Pasadena,Los Angeles County,California,Pasadena,145623.0,22522.0,141767.0,23732.0,146791.0,105335.0,,,152054.0,91974.0,,,182886.0,217235.0,,,141197.0,24911.0,169931.0,109498.0,$145623,$22522,$141767,$23732,$146791,$105335,,,$152054,$91974,,,$182886,$217235,,,$141197,$24911,$169931,$109498
2010,6037460100,Census Tract 4601,Pasadena,Los Angeles County,California,Pasadena,147277.0,17418.0,156860.0,24594.0,132663.0,42165.0,,,184731.0,165004.0,,,82307.0,109900.0,82615.0,90136.0,155373.0,28423.0,154339.0,27402.0,$147277,$17418,$156860,$24594,$132663,$42165,,,$184731,$165004,,,$82307,$109900,$82615,$90136,$155373,$28423,$154339,$27402
2010,6037460401,Census Tract 4604.01,Pasadena,Los Angeles County,California,Pasadena,122987.0,23667.0,167520.0,137342.0,119112.0,31460.0,,,,,,,69599.0,54676.0,,,168726.0,224187.0,71046.0,51997.0,$122987,$23667,$167520,$137342,$119112,$31460,,,,,,,$69599,$54676,,,$168726,$224187,$71046,$51997
2010,6037460800,Census Tract 4608,Pasadena,Los Angeles County,California,Pasadena,267412.0,50246.0,294125.0,82542.0,251506.0,241741.0,,,248569.0,159389.0,,,272391.0,72853.0,,,293402.0,90457.0,273091.0,55288.0,$267412,$50246,$294125,$82542,$251506,$241741,,,$248569,$159389,,,$272391,$72853,,,$293402,$90457,$273091,$55288
2010,6037460900,Census Tract 4609,Pasadena,Los Angeles County,California,Pasadena,74020.0,14524.0,71455.0,27566.0,71187.0,23563.0,,,117834.0,49798.0,,,73461.0,35275.0,73928.0,7895.0,131000.0,7749.0,67990.0,10323.0,$74020,$14524,$71455,$27566,$71187,$23563,,,$117834,$49798,,,$73461,$35275,$73928,$7895,$131000,$7749,$67990,$10323
2010,6037461000,Census Tract 4610,Pasadena,Los Angeles County,California,Pasadena,79159.0,13519.0,83739.0,55643.0,78446.0,12357.0,,,35753.0,139582.0,,,82676.0,78557.0,17355.0,57878.0,53967.0,118471.0,64118.0,53082.0,$79159,$13519,$83739,$55643,$78446,$12357,,,$35753,$139582,,,$82676,$78557,$17355,$57878,$53967,$118471,$64118,$53082
2010,6037461300,Census Tract 4613,Pasadena,Los Angeles County,California,Pasadena,105665.0,24220.0,103445.0,22252.0,124235.0,131298.0,,,154229.0,41456.0,,,44247.0,202179.0,45917.0,2252.0,95484.0,23874.0,52590.0,138990.0,$105665,$24220,$103445,$22252,$124235,$131298,,,$154229,$41456,,,$44247,$202179,$45917,$2252,$95484,$23874,$52590,$138990
2010,6037461400,Census Tract 4614,Pasadena,Los Angeles County,California,Pasadena,77321.0,7367.0,78939.0,10990.0,34513.0,33730.0,,,163764.0,73480.0,,,31954.0,85657.0,46279.0,37487.0,81250.0,9263.0,57849.0,51014.0,$77321,$7367,$78939,$10990,$34513,$33730,,,$163764,$73480,,,$31954,$85657,$46279,$37487,$81250,$9263,$57849,$51014
2010,6037461501,Census Tract 4615.01,Pasadena,Los Angeles County,California,Pasadena,96434.0,14051.0,106021.0,31131.0,84362.0,55076.0,,,223923.0,207031.0,,,97180.0,14306.0,206908.0,219886.0,119789.0,38378.0,96007.0,15648.0,$96434,$14051,$106021,$31131,$84362,$55076,,,$223923,$207031,,,$97180,$14306,$206908,$219886,$119789,$38378,$96007,$15648
2010,6037461502,Census Tract 4615.02,Pasadena,Los Angeles County,California,Pasadena,68937.0,16500.0,67089.0,29111.0,38388.0,38809.0,,,,,,,77031.0,30039.0,117936.0,17057.0,24664.0,12225.0,80988.0,19946.0,$68937,$16500,$67089,$29111,$38388,$38809,,,,,,,$77031,$30039,$117936,$17057,$24664,$12225,$80988,$19946
2010,6037461600,Census Tract 4616,Pasadena,Los Angeles County,California,Pasadena,56614.0,12656.0,53885.0,18350.0,54816.0,18703.0,,,110161.0,60315.0,,,33941.0,47063.0,107111.0,32673.0,80565.0,13769.0,40597.0,12296.0,$56614,$12656,$53885,$18350,$54816,$18703,,,$110161,$60315,,,$33941,$47063,$107111,$32673,$80565,$13769,$40597,$12296
2010,6037461700,Census Tract 4617,Pasadena,Los Angeles County,California,Pasadena,161796.0,41068.0,172823.0,61496.0,162021.0,345324.0,,,156734.0,95692.0,,,,,,,180416.0,73002.0,137541.0,61814.0,$161796,$41068,$172823,$61496,$162021,$345324,,,$156734,$95692,,,,,,,$180416,$73002,$137541,$61814
2010,6037461901,Census Tract 4619.01,Pasadena,Los Angeles County,California,Pasadena,52447.0,15600.0,53179.0,26509.0,44716.0,45108.0,,,53235.0,45878.0,,,58957.0,41051.0,156874.0,149969.0,88280.0,52196.0,45873.0,28697.0,$52447,$15600,$53179,$26509,$44716,$45108,,,$53235,$45878,,,$58957,$41051,$156874,$149969,$88280,$52196,$45873,$28697
2010,6037461902,Census Tract 4619.02,Pasadena,Los Angeles County,California,Pasadena,43896.0,15114.0,52287.0,28544.0,48132.0,54430.0,,,61826.0,54501.0,,,37963.0,24641.0,6009.0,6077.0,45495.0,30112.0,45375.0,126277.0,$43896,$15114,$52287,$28544,$48132,$54430,,,$61826,$54501,,,$37963,$24641,$6009,$6077,$45495,$30112,$45375,$126277
2010,6037462001,Census Tract 4620.01,Pasadena,Los Angeles County,California,Pasadena,62105.0,15547.0,71226.0,23983.0,60478.0,87683.0,,,,,,,42432.0,11554.0,,,96962.0,101293.0,42533.0,16276.0,$62105,$15547,$71226,$23983,$60478,$87683,,,,,,,$42432,$11554,,,$96962,$101293,$42533,$16276
2010,6037462002,Census Tract 4620.02,Pasadena,Los Angeles County,California,Pasadena,57398.0,19922.0,66888.0,41629.0,48810.0,48255.0,,,3614.0,,,,45711.0,33302.0,,,221272.0,411736.0,63058.0,12631.0,$57398,$19922,$66888,$41629,$48810,$48255,,,$3614,,,,$45711,$33302,,,$221272,$411736,$63058,$12631
2010,6037462100,Census Tract 4621,Pasadena,Los Angeles County,California,Pasadena,59941.0,4933.0,69299.0,23035.0,51341.0,31030.0,,,58251.0,82313.0,,,57978.0,16188.0,34841.0,240028.0,103882.0,11701.0,57729.0,11077.0,$59941,$4933,$69299,$23035,$51341,$31030,,,$58251,$82313,,,$57978,$16188,$34841,$240028,$103882,$11701,$57729,$11077
2010,6037462201,Census Tract 4622.01,Pasadena,Los Angeles County,California,Pasadena,48323.0,12889.0,51543.0,14445.0,34439.0,37288.0,,,23017.0,9542.0,,,69808.0,12802.0,59104.0,9982.0,56945.0,21828.0,46098.0,27030.0,$48323,$12889,$51543,$14445,$34439,$37288,,,$23017,$9542,,,$69808,$12802,$59104,$9982,$56945,$21828,$46098,$27030
2010,6037462202,Census Tract 4622.02,Pasadena,Los Angeles County,California,Pasadena,78437.0,24392.0,60534.0,22658.0,82028.0,24457.0,,,72224.0,39525.0,,,159722.0,37367.0,210765.0,78128.0,61385.0,31708.0,78187.0,93615.0,$78437,$24392,$60534,$22658,$82028,$24457,,,$72224,$39525,,,$159722,$37367,$210765,$78128,$61385,$31708,$78187,$93615
2010,6037462301,Census Tract 4623.01,Pasadena,Los Angeles County,California,Pasadena,66176.0,15868.0,69500.0,17492.0,74350.0,39472.0,,,47605.0,34699.0,,,42961.0,38767.0,100577.0,271189.0,87087.0,33418.0,59395.0,21372.0,$66176,$15868,$69500,$17492,$74350,$39472,,,$47605,$34699,,,$42961,$38767,$100577,$271189,$87087,$33418,$59395,$21372
2010,6037462302,Census Tract 4623.02,Pasadena,Los Angeles County,California,Pasadena,89705.0,8894.0,81072.0,36378.0,69900.0,80069.0,,,92058.0,44710.0,,,120463.0,28806.0,117583.0,14158.0,80515.0,48223.0,89867.0,11130.0,$89705,$8894,$81072,$36378,$69900,$80069,,,$92058,$44710,,,$120463,$28806,$117583,$14158,$80515,$48223,$89867,$11130
2010,6037462400,Census Tract 4624,Pasadena,Los Angeles County,California,Pasadena,102431.0,11244.0,101888.0,27889.0,85266.0,42906.0,,,157045.0,27581.0,,,49309.0,69489.0,161254.0,143025.0,101989.0,33175.0,75820.0,58432.0,$102431,$11244,$101888,$27889,$85266,$42906,,,$157045,$27581,,,$49309,$69489,$161254,$143025,$101989,$33175,$75820,$58432
2010,6037462500,Census Tract 4625,Pasadena,Los Angeles County,California,Pasadena,123545.0,19797.0,127831.0,13380.0,70223.0,2179.0,,,144942.0,49574.0,,,108354.0,58404.0,,,129639.0,10189.0,110274.0,23424.0,$123545,$19797,$127831,$13380,$70223,$2179,,,$144942,$49574,,,$108354,$58404,,,$129639,$10189,$110274,$23424
2010,6037462600,Census Tract 4626,Pasadena,Los Angeles County,California,Pasadena,169997.0,31215.0,157276.0,32643.0,170318.0,174239.0,,,253491.0,15443.0,,,244773.0,312563.0,,,157678.0,40271.0,167069.0,110313.0,$169997,$31215,$157276,$32643,$170318,$174239,,,$253491,$15443,,,$244773,$312563,,,$157678,$40271,$167069,$110313
2010,6037462700,Census Tract 4627,Pasadena,Los Angeles County,California,Pasadena,77847.0,9938.0,76492.0,5947.0,25034.0,395253.0,,,61051.0,50188.0,,,135896.0,52459.0,155735.0,62404.0,70503.0,12824.0,85094.0,17213.0,$77847,$9938,$76492,$5947,$25034,$395253,,,$61051,$50188,,,$135896,$52459,$155735,$62404,$70503,$12824,$85094,$17213
2010,6037462800,Census Tract 4628,Pasadena,Los Angeles County,California,Pasadena,89402.0,19862.0,90561.0,17559.0,197706.0,126209.0,,,177885.0,115530.0,,,25089.0,11068.0,,,100512.0,28184.0,60922.0,15304.0,$89402,$19862,$90561,$17559,$197706,$126209,,,$177885,$115530,,,$25089,$11068,,,$100512,$28184,$60922,$15304
2010,6037462900,Census Tract 4629,Pasadena,Los Angeles County,California,Pasadena,111479.0,30139.0,115095.0,30217.0,,,83158.0,161640.0,89786.0,229949.0,,,103104.0,57468.0,,,113739.0,36754.0,111329.0,37402.0,$111479,$30139,$115095,$30217,,,$83158,$161640,$89786,$229949,,,$103104,$57468,,,$113739,$36754,$111329,$37402
2010,6037463000,Census Tract 4630,Pasadena,Los Angeles County,California,Pasadena,136989.0,29775.0,138723.0,20209.0,204866.0,209181.0,,,132811.0,88055.0,,,21528.0,174229.0,,,150226.0,28874.0,119795.0,192537.0,$136989,$29775,$138723,$20209,$204866,$209181,,,$132811,$88055,,,$21528,$174229,,,$150226,$28874,$119795,$192537
2010,6037463102,Census Tract 4631.02,Pasadena,Los Angeles County,California,Pasadena,102682.0,21919.0,78671.0,35292.0,,,27812.0,126990.0,191190.0,102505.0,,,92707.0,30290.0,199716.0,200693.0,97749.0,35101.0,79007.0,39180.0,$102682,$21919,$78671,$35292,,,$27812,$126990,$191190,$102505,,,$92707,$30290,$199716,$200693,$97749,$35101,$79007,$39180
2010,6037463200,Census Tract 4632,Pasadena,Los Angeles County,California,Pasadena,102977.0,26437.0,99789.0,26599.0,23829.0,156753.0,,,120940.0,41812.0,,,145225.0,21165.0,37553.0,135982.0,103578.0,28989.0,89152.0,76570.0,$102977,$26437,$99789,$26599,$23829,$156753,,,$120940,$41812,,,$145225,$21165,$37553,$135982,$103578,$28989,$89152,$76570
2010,6037463400,Census Tract 4634,Pasadena,Los Angeles County,California,Pasadena,112014.0,17768.0,113890.0,20635.0,98253.0,34303.0,65783.0,20170.0,100411.0,68178.0,,,130741.0,45278.0,149804.0,278546.0,113722.0,25044.0,113589.0,47521.0,$112014,$17768,$113890,$20635,$98253,$34303,$65783,$20170,$100411,$68178,,,$130741,$45278,$149804,$278546,$113722,$25044,$113589,$47521
2010,6037463500,Census Tract 4635,Pasadena,Los Angeles County,California,Pasadena,88685.0,20169.0,99079.0,24480.0,32089.0,161990.0,,,88130.0,32826.0,3614.0,,77734.0,15684.0,,,89938.0,24353.0,110439.0,61754.0,$88685,$20169,$99079,$24480,$32089,$161990,,,$88130,$32826,$3614,,$77734,$15684,,,$89938,$24353,$110439,$61754
2010,6037463601,Census Tract 4636.01,Pasadena,Los Angeles County,California,Pasadena,95277.0,13046.0,100161.0,15678.0,110636.0,90653.0,31367.0,80705.0,92516.0,29497.0,,,92071.0,5930.0,95586.0,123446.0,104076.0,23741.0,98402.0,19842.0,$95277,$13046,$100161,$15678,$110636,$90653,$31367,$80705,$92516,$29497,,,$92071,$5930,$95586,$123446,$104076,$23741,$98402,$19842
2010,6037463602,Census Tract 4636.02,Pasadena,Los Angeles County,California,Pasadena,102935.0,9839.0,103170.0,11450.0,44182.0,72537.0,,,103486.0,36367.0,,,156034.0,92860.0,91631.0,106747.0,108876.0,17520.0,89614.0,47851.0,$102935,$9839,$103170,$11450,$44182,$72537,,,$103486,$36367,,,$156034,$92860,$91631,$106747,$108876,$17520,$89614,$47851
2010,6037463700,Census Tract 4637,Pasadena,Los Angeles County,California,Pasadena,193432.0,41563.0,192657.0,57829.0,32024.0,634400.0,,,240434.0,85745.0,,,,,,,194852.0,56890.0,43588.0,10351.0,$193432,$41563,$192657,$57829,$32024,$634400,,,$240434,$85745,,,,,,,$194852,$56890,$43588,$10351
2010,6037463800,Census Tract 4638,Pasadena,Los Angeles County,California,Pasadena,181681.0,29092.0,196505.0,31042.0,,,,,117907.0,152514.0,,,128478.0,9946.0,,,195756.0,45164.0,129823.0,128135.0,$181681,$29092,$196505,$31042,,,,,$117907,$152514,,,$128478,$9946,,,$195756,$45164,$129823,$128135
2010,6037463900,Census Tract 4639,Pasadena,Los Angeles County,California,Pasadena,144713.0,27218.0,150278.0,19881.0,117367.0,159661.0,,,121523.0,51588.0,,,77821.0,170535.0,,,166691.0,31089.0,87290.0,24509.0,$144713,$27218,$150278,$19881,$117367,$159661,,,$121523,$51588,,,$77821,$170535,,,$166691,$31089,$87290,$24509
2010,6037464000,Census Tract 4640,Pasadena,Los Angeles County,California,Pasadena,129544.0,29231.0,136405.0,33774.0,27117.0,114256.0,,,147721.0,29114.0,,,38360.0,14420.0,40416.0,150534.0,141971.0,37894.0,72739.0,60066.0,$129544,$29231,$136405,$33774,$27117,$114256,,,$147721,$29114,,,$38360,$14420,$40416,$150534,$141971,$37894,$72739,$60066
2010,6037480600,Census Tract 4806,Pasadena,Los Angeles County,California,Pasadena,111155.0,25050.0,127559.0,24340.0,79729.0,18721.0,,,115836.0,30998.0,,,88529.0,112221.0,70202.0,28245.0,126475.0,28895.0,99135.0,60380.0,$111155,$25050,$127559,$24340,$79729,$18721,,,$115836,$30998,,,$88529,$112221,$70202,$28245,$126475,$28895,$99135,$60380
2011,6037181000,Census Tract 1810,Pasadena,Los Angeles County,California,Pasadena,96514.0,10650.0,114008.0,55046.0,,,160824.0,468087.0,100678.0,17680.0,,,79985.0,24103.0,47301.0,19958.0,142285.0,14424.0,78251.0,13101.0,$96514,$10650,$114008,$55046,,,$160824,$468087,$100678,$17680,,,$79985,$24103,$47301,$19958,$142285,$14424,$78251,$13101
2011,6037183101,Census Tract 1831.01,Pasadena,Los Angeles County,California,Pasadena,87435.0,31524.0,102486.0,32655.0,,,,,120057.0,79428.0,,,69200.0,41415.0,,,113216.0,27679.0,69084.0,17434.0,$87435,$31524,$102486,$32655,,,,,$120057,$79428,,,$69200,$41415,,,$113216,$27679,$69084,$17434
2011,6037183104,Census Tract 1831.04,Pasadena,Los Angeles County,California,Pasadena,117649.0,23724.0,118747.0,52403.0,,,,,65550.0,70014.0,,,105752.0,107299.0,89825.0,134095.0,140006.0,60834.0,112779.0,25517.0,$117649,$23724,$118747,$52403,,,,,$65550,$70014,,,$105752,$107299,$89825,$134095,$140006,$60834,$112779,$25517
2011,6037300901,Census Tract 3009.01,Pasadena,Los Angeles County,California,Pasadena,167461.0,37740.0,159172.0,45380.0,,,,,182615.0,39492.0,52397.0,71018.0,31034.0,123569.0,,,171336.0,44317.0,95729.0,33069.0,$167461,$37740,$159172,$45380,,,,,$182615,$39492,$52397,$71018,$31034,$123569,,,$171336,$44317,$95729,$33069
2011,6037460000,Census Tract 4600,Pasadena,Los Angeles County,California,Pasadena,157720.0,14574.0,159105.0,19440.0,144804.0,44444.0,,,160674.0,59901.0,,,147160.0,240626.0,6716.0,800816.0,161346.0,21289.0,136648.0,179549.0,$157720,$14574,$159105,$19440,$144804,$44444,,,$160674,$59901,,,$147160,$240626,$6716,$800816,$161346,$21289,$136648,$179549
2011,6037460100,Census Tract 4601,Pasadena,Los Angeles County,California,Pasadena,145077.0,24060.0,152540.0,24605.0,118651.0,58948.0,,,185516.0,327055.0,,,82259.0,89179.0,81396.0,82610.0,150663.0,27788.0,131768.0,92150.0,$145077,$24060,$152540,$24605,$118651,$58948,,,$185516,$327055,,,$82259,$89179,$81396,$82610,$150663,$27788,$131768,$92150
2011,6037460401,Census Tract 4604.01,Pasadena,Los Angeles County,California,Pasadena,125003.0,17330.0,124510.0,45541.0,118378.0,20940.0,,,183950.0,39590.0,,,,,,,125010.0,28353.0,134196.0,103582.0,$125003,$17330,$124510,$45541,$118378,$20940,,,$183950,$39590,,,,,,,$125010,$28353,$134196,$103582
2011,6037460800,Census Tract 4608,Pasadena,Los Angeles County,California,Pasadena,242784.0,26252.0,245120.0,72976.0,143130.0,451595.0,,,245820.0,144151.0,,,274348.0,110591.0,,,268236.0,87484.0,207775.0,76331.0,$242784,$26252,$245120,$72976,$143130,$451595,,,$245820,$144151,,,$274348,$110591,,,$268236,$87484,$207775,$76331
2011,6037460900,Census Tract 4609,Pasadena,Los Angeles County,California,Pasadena,75332.0,10134.0,69748.0,19801.0,67084.0,32283.0,,,124445.0,17752.0,,,71904.0,36369.0,74878.0,2492.0,125479.0,12766.0,67284.0,5924.0,$75332,$10134,$69748,$19801,$67084,$32283,,,$124445,$17752,,,$71904,$36369,$74878,$2492,$125479,$12766,$67284,$5924
2011,6037461000,Census Tract 4610,Pasadena,Los Angeles County,California,Pasadena,80751.0,11771.0,82028.0,24667.0,76915.0,21548.0,,,84967.0,99434.0,,,77193.0,69178.0,50610.0,71250.0,103947.0,50644.0,64529.0,30847.0,$80751,$11771,$82028,$24667,$76915,$21548,,,$84967,$99434,,,$77193,$69178,$50610,$71250,$103947,$50644,$64529,$30847
2011,6037461300,Census Tract 4613,Pasadena,Los Angeles County,California,Pasadena,104398.0,29111.0,94440.0,24194.0,80030.0,229716.0,,,153992.0,62263.0,,,167891.0,420968.0,45240.0,66006.0,93584.0,32725.0,83800.0,38400.0,$104398,$29111,$94440,$24194,$80030,$229716,,,$153992,$62263,,,$167891,$420968,$45240,$66006,$93584,$32725,$83800,$38400
2011,6037461400,Census Tract 4614,Pasadena,Los Angeles County,California,Pasadena,77455.0,8094.0,78910.0,10631.0,78836.0,68204.0,,,,,,,34626.0,99645.0,44382.0,30077.0,79842.0,10723.0,70240.0,62379.0,$77455,$8094,$78910,$10631,$78836,$68204,,,,,,,$34626,$99645,$44382,$30077,$79842,$10723,$70240,$62379
2011,6037461501,Census Tract 4615.01,Pasadena,Los Angeles County,California,Pasadena,105614.0,26623.0,116569.0,16531.0,68550.0,58865.0,,,6921.0,499434.0,,,97230.0,39898.0,204330.0,136324.0,109830.0,47775.0,115419.0,17033.0,$105614,$26623,$116569,$16531,$68550,$58865,,,$6921,$499434,,,$97230,$39898,$204330,$136324,$109830,$47775,$115419,$17033
2011,6037461502,Census Tract 4615.02,Pasadena,Los Angeles County,California,Pasadena,67011.0,16357.0,65527.0,23072.0,40418.0,44341.0,,,42191.0,37663.0,,,95027.0,42933.0,118044.0,25014.0,24298.0,19942.0,81498.0,23564.0,$67011,$16357,$65527,$23072,$40418,$44341,,,$42191,$37663,,,$95027,$42933,$118044,$25014,$24298,$19942,$81498,$23564
2011,6037461600,Census Tract 4616,Pasadena,Los Angeles County,California,Pasadena,60428.0,11515.0,61525.0,12949.0,54834.0,26737.0,,,103167.0,59304.0,,,28974.0,4912.0,65321.0,81589.0,83787.0,27609.0,42083.0,10080.0,$60428,$11515,$61525,$12949,$54834,$26737,,,$103167,$59304,,,$28974,$4912,$65321,$81589,$83787,$27609,$42083,$10080
2011,6037461700,Census Tract 4617,Pasadena,Los Angeles County,California,Pasadena,178304.0,39949.0,187863.0,39421.0,158480.0,366297.0,,,100004.0,47890.0,,,,,,,209030.0,49004.0,112998.0,73057.0,$178304,$39949,$187863,$39421,$158480,$366297,,,$100004,$47890,,,,,,,$209030,$49004,$112998,$73057
2011,6037461901,Census Tract 4619.01,Pasadena,Los Angeles County,California,Pasadena,67660.0,14888.0,52258.0,15278.0,85683.0,32793.0,,,68543.0,38714.0,,,74055.0,34019.0,156012.0,98087.0,54309.0,20836.0,60373.0,18403.0,$67660,$14888,$52258,$15278,$85683,$32793,,,$68543,$38714,,,$74055,$34019,$156012,$98087,$54309,$20836,$60373,$18403
2011,6037461902,Census Tract 4619.02,Pasadena,Los Angeles County,California,Pasadena,44522.0,16119.0,53745.0,57834.0,16594.0,46692.0,,,66412.0,33568.0,,,43488.0,13191.0,6092.0,6412.0,43213.0,34608.0,58785.0,109533.0,$44522,$16119,$53745,$57834,$16594,$46692,,,$66412,$33568,,,$43488,$13191,$6092,$6412,$43213,$34608,$58785,$109533
2011,6037462001,Census Tract 4620.01,Pasadena,Los Angeles County,California,Pasadena,63563.0,14084.0,71787.0,22398.0,56878.0,27400.0,,,,,,,45841.0,18532.0,,,97606.0,74244.0,50805.0,17635.0,$63563,$14084,$71787,$22398,$56878,$27400,,,,,,,$45841,$18532,,,$97606,$74244,$50805,$17635
2011,6037462002,Census Tract 4620.02,Pasadena,Los Angeles County,California,Pasadena,60913.0,17034.0,68484.0,30919.0,61789.0,44851.0,,,3502.0,,,,48002.0,8692.0,,,78899.0,232553.0,64668.0,25757.0,$60913,$17034,$68484,$30919,$61789,$44851,,,$3502,,,,$48002,$8692,,,$78899,$232553,$64668,$25757
2011,6037462100,Census Tract 4621,Pasadena,Los Angeles County,California,Pasadena,61136.0,5532.0,66296.0,14960.0,60246.0,10315.0,,,59246.0,133636.0,,,49660.0,10125.0,33432.0,20410.0,97735.0,19277.0,59633.0,11698.0,$61136,$5532,$66296,$14960,$60246,$10315,,,$59246,$133636,,,$49660,$10125,$33432,$20410,$97735,$19277,$59633,$11698
2011,6037462201,Census Tract 4622.01,Pasadena,Los Angeles County,California,Pasadena,48204.0,8891.0,59064.0,13980.0,30877.0,56682.0,,,24187.0,14612.0,,,63402.0,33373.0,59661.0,46573.0,60377.0,20059.0,50487.0,20193.0,$48204,$8891,$59064,$13980,$30877,$56682,,,$24187,$14612,,,$63402,$33373,$59661,$46573,$60377,$20059,$50487,$20193
2011,6037462202,Census Tract 4622.02,Pasadena,Los Angeles County,California,Pasadena,72847.0,29276.0,58450.0,23331.0,84792.0,58020.0,,,82751.0,37547.0,,,158630.0,33387.0,144907.0,310866.0,58502.0,24755.0,92851.0,33971.0,$72847,$29276,$58450,$23331,$84792,$58020,,,$82751,$37547,,,$158630,$33387,$144907,$310866,$58502,$24755,$92851,$33971
2011,6037462301,Census Tract 4623.01,Pasadena,Los Angeles County,California,Pasadena,62982.0,8734.0,60286.0,19149.0,66354.0,39449.0,,,71049.0,36767.0,,,60162.0,29959.0,75448.0,232455.0,92754.0,37649.0,44221.0,9759.0,$62982,$8734,$60286,$19149,$66354,$39449,,,$71049,$36767,,,$60162,$29959,$75448,$232455,$92754,$37649,$44221,$9759
2011,6037462302,Census Tract 4623.02,Pasadena,Los Angeles County,California,Pasadena,90907.0,38247.0,90300.0,36127.0,37927.0,50294.0,,,119236.0,84981.0,,,150756.0,187750.0,117482.0,783.0,69807.0,53846.0,119502.0,72792.0,$90907,$38247,$90300,$36127,$37927,$50294,,,$119236,$84981,,,$150756,$187750,$117482,$783,$69807,$53846,$119502,$72792
2011,6037462400,Census Tract 4624,Pasadena,Los Angeles County,California,Pasadena,102916.0,11110.0,119415.0,32259.0,72850.0,55587.0,,,132875.0,202109.0,,,51973.0,94430.0,158722.0,106824.0,104363.0,50757.0,108836.0,26649.0,$102916,$11110,$119415,$32259,$72850,$55587,,,$132875,$202109,,,$51973,$94430,$158722,$106824,$104363,$50757,$108836,$26649
2011,6037462500,Census Tract 4625,Pasadena,Los Angeles County,California,Pasadena,124702.0,15673.0,126842.0,7773.0,71133.0,9167.0,,,142780.0,180559.0,,,106036.0,67182.0,,,127566.0,7195.0,122818.0,39732.0,$124702,$15673,$126842,$7773,$71133,$9167,,,$142780,$180559,,,$106036,$67182,,,$127566,$7195,$122818,$39732
2011,6037462600,Census Tract 4626,Pasadena,Los Angeles County,California,Pasadena,170985.0,44260.0,154956.0,38198.0,172271.0,175777.0,,,241345.0,61670.0,,,289064.0,239157.0,,,156533.0,49996.0,149989.0,115212.0,$170985,$44260,$154956,$38198,$172271,$175777,,,$241345,$61670,,,$289064,$239157,,,$156533,$49996,$149989,$115212
2011,6037462700,Census Tract 4627,Pasadena,Los Angeles County,California,Pasadena,78857.0,14314.0,77654.0,7477.0,208988.0,190258.0,,,59263.0,52536.0,,,136288.0,85019.0,30950.0,33433.0,77133.0,17974.0,84802.0,19000.0,$78857,$14314,$77654,$7477,$208988,$190258,,,$59263,$52536,,,$136288,$85019,$30950,$33433,$77133,$17974,$84802,$19000
2011,6037462800,Census Tract 4628,Pasadena,Los Angeles County,California,Pasadena,85106.0,6137.0,83630.0,13442.0,166112.0,142809.0,,,85396.0,26948.0,,,26829.0,28874.0,,,102111.0,48490.0,64522.0,11924.0,$85106,$6137,$83630,$13442,$166112,$142809,,,$85396,$26948,,,$26829,$28874,,,$102111,$48490,$64522,$11924
2011,6037462900,Census Tract 4629,Pasadena,Los Angeles County,California,Pasadena,102004.0,15980.0,100150.0,23171.0,83277.0,88971.0,30783.0,527604.0,89751.0,92694.0,,,104548.0,100866.0,,,97990.0,21956.0,109166.0,23743.0,$102004,$15980,$100150,$23171,$83277,$88971,$30783,$527604,$89751,$92694,,,$104548,$100866,,,$97990,$21956,$109166,$23743
2011,6037463000,Census Tract 4630,Pasadena,Los Angeles County,California,Pasadena,137524.0,28648.0,137963.0,24642.0,205411.0,280384.0,,,156065.0,61737.0,,,20692.0,189874.0,,,148508.0,33527.0,120356.0,106375.0,$137524,$28648,$137963,$24642,$205411,$280384,,,$156065,$61737,,,$20692,$189874,,,$148508,$33527,$120356,$106375
2011,6037463102,Census Tract 4631.02,Pasadena,Los Angeles County,California,Pasadena,108033.0,28648.0,95680.0,30954.0,,,26497.0,68316.0,218988.0,118064.0,,,94345.0,68752.0,174753.0,107226.0,98370.0,20241.0,93315.0,29065.0,$108033,$28648,$95680,$30954,,,$26497,$68316,$218988,$118064,,,$94345,$68752,$174753,$107226,$98370,$20241,$93315,$29065
2011,6037463200,Census Tract 4632,Pasadena,Los Angeles County,California,Pasadena,117638.0,12160.0,104796.0,27037.0,112930.0,107041.0,,,133896.0,24828.0,,,141554.0,36770.0,,,110720.0,38472.0,117377.0,55576.0,$117638,$12160,$104796,$27037,$112930,$107041,,,$133896,$24828,,,$141554,$36770,,,$110720,$38472,$117377,$55576
2011,6037463400,Census Tract 4634,Pasadena,Los Angeles County,California,Pasadena,105432.0,23453.0,124423.0,31575.0,99449.0,65410.0,63892.0,18650.0,84188.0,49631.0,,,109355.0,128208.0,151800.0,2160.0,125908.0,24374.0,83148.0,113810.0,$105432,$23453,$124423,$31575,$99449,$65410,$63892,$18650,$84188,$49631,,,$109355,$128208,$151800,$2160,$125908,$24374,$83148,$113810
2011,6037463500,Census Tract 4635,Pasadena,Los Angeles County,California,Pasadena,86971.0,17853.0,85575.0,14057.0,33286.0,95336.0,,,101136.0,17013.0,3502.0,,101703.0,50225.0,,,83417.0,17142.0,86758.0,28339.0,$86971,$17853,$85575,$14057,$33286,$95336,,,$101136,$17013,$3502,,$101703,$50225,,,$83417,$17142,$86758,$28339
2011,6037463601,Census Tract 4636.01,Pasadena,Los Angeles County,California,Pasadena,105235.0,20378.0,99635.0,19546.0,58207.0,75305.0,,,120365.0,46804.0,,,93174.0,26920.0,70021.0,108143.0,110993.0,26483.0,100909.0,47228.0,$105235,$20378,$99635,$19546,$58207,$75305,,,$120365,$46804,,,$93174,$26920,$70021,$108143,$110993,$26483,$100909,$47228
2011,6037463602,Census Tract 4636.02,Pasadena,Los Angeles County,California,Pasadena,88910.0,28745.0,91099.0,28002.0,45841.0,141113.0,,,78432.0,58715.0,,,156467.0,90740.0,58665.0,36912.0,97997.0,20413.0,67287.0,33579.0,$88910,$28745,$91099,$28002,$45841,$141113,,,$78432,$58715,,,$156467,$90740,$58665,$36912,$97997,$20413,$67287,$33579
2011,6037463700,Census Tract 4637,Pasadena,Los Angeles County,California,Pasadena,189692.0,54557.0,169256.0,22517.0,28381.0,62446.0,,,313186.0,113084.0,,,,,217564.0,95650.0,169651.0,21174.0,44323.0,406460.0,$189692,$54557,$169256,$22517,$28381,$62446,,,$313186,$113084,,,,,$217564,$95650,$169651,$21174,$44323,$406460
2011,6037463800,Census Tract 4638,Pasadena,Los Angeles County,California,Pasadena,183568.0,32169.0,200884.0,39565.0,,,,,164178.0,145343.0,,,128180.0,1343.0,329517.0,413653.0,199448.0,45799.0,132999.0,209168.0,$183568,$32169,$200884,$39565,,,,,$164178,$145343,,,$128180,$1343,$329517,$413653,$199448,$45799,$132999,$209168
2011,6037463900,Census Tract 4639,Pasadena,Los Angeles County,California,Pasadena,146698.0,13204.0,145223.0,13735.0,118838.0,130476.0,,,215527.0,63678.0,,,,,,,150135.0,13931.0,79587.0,26826.0,$146698,$13204,$145223,$13735,$118838,$130476,,,$215527,$63678,,,,,,,$150135,$13931,$79587,$26826
2011,6037464000,Census Tract 4640,Pasadena,Los Angeles County,California,Pasadena,146467.0,12743.0,149113.0,26913.0,160145.0,86761.0,,,150251.0,57787.0,,,34974.0,30190.0,52229.0,104033.0,152641.0,22946.0,65915.0,57164.0,$146467,$12743,$149113,$26913,$160145,$86761,,,$150251,$57787,,,$34974,$30190,$52229,$104033,$152641,$22946,$65915,$57164
2011,6037480600,Census Tract 4806,Pasadena,Los Angeles County,California,Pasadena,98670.0,14216.0,111289.0,34768.0,81421.0,14060.0,,,93823.0,18255.0,,,89431.0,98883.0,68045.0,78538.0,111596.0,33938.0,90765.0,61087.0,$98670,$14216,$111289,$34768,$81421,$14060,,,$93823,$18255,,,$89431,$98883,$68045,$78538,$111596,$33938,$90765,$61087
2012,6037181000,Census Tract 1810,Pasadena,Los Angeles County,California,Pasadena,97522.0,7616.0,113858.0,42552.0,,,161256.0,493926.0,88469.0,24697.0,,,96478.0,3477.0,,,141302.0,24194.0,90255.0,34944.0,$97522,$7616,$113858,$42552,,,$161256,$493926,$88469,$24697,,,$96478,$3477,,,$141302,$24194,$90255,$34944
2012,6037183101,Census Tract 1831.01,Pasadena,Los Angeles County,California,Pasadena,80414.0,19298.0,95785.0,30954.0,3431.0,,,,62192.0,25608.0,,,107514.0,43552.0,26862.0,49412.0,108742.0,16212.0,81511.0,21151.0,$80414,$19298,$95785,$30954,$3431,,,,$62192,$25608,,,$107514,$43552,$26862,$49412,$108742,$16212,$81511,$21151
2012,6037183104,Census Tract 1831.04,Pasadena,Los Angeles County,California,Pasadena,102878.0,15899.0,110588.0,17932.0,,,,,62569.0,33908.0,,,50745.0,81648.0,87422.0,91499.0,103724.0,72099.0,101541.0,39836.0,$102878,$15899,$110588,$17932,,,,,$62569,$33908,,,$50745,$81648,$87422,$91499,$103724,$72099,$101541,$39836
2012,6037300901,Census Tract 3009.01,Pasadena,Los Angeles County,California,Pasadena,166839.0,23724.0,165627.0,33604.0,,,,,172323.0,47967.0,,,,,,,168360.0,34511.0,100648.0,46091.0,$166839,$23724,$165627,$33604,,,,,$172323,$47967,,,,,,,$168360,$34511,$100648,$46091
2012,6037460000,Census Tract 4600,Pasadena,Los Angeles County,California,Pasadena,157826.0,20430.0,163197.0,18961.0,126985.0,58446.0,,,127671.0,71996.0,,,,,6732.0,826073.0,164107.0,28066.0,156937.0,138138.0,$157826,$20430,$163197,$18961,$126985,$58446,,,$127671,$71996,,,,,$6732,$826073,$164107,$28066,$156937,$138138
2012,6037460100,Census Tract 4601,Pasadena,Los Angeles County,California,Pasadena,145146.0,31363.0,152526.0,21808.0,182036.0,124076.0,,,182891.0,134721.0,,,64153.0,155561.0,49870.0,1404.0,158094.0,30987.0,123451.0,76743.0,$145146,$31363,$152526,$21808,$182036,$124076,,,$182891,$134721,,,$64153,$155561,$49870,$1404,$158094,$30987,$123451,$76743
2012,6037460401,Census Tract 4604.01,Pasadena,Los Angeles County,California,Pasadena,128128.0,10197.0,95582.0,53500.0,131232.0,9754.0,,,186245.0,73842.0,,,,,,,111369.0,33690.0,94381.0,97054.0,$128128,$10197,$95582,$53500,$131232,$9754,,,$186245,$73842,,,,,,,$111369,$33690,$94381,$97054
2012,6037460800,Census Tract 4608,Pasadena,Los Angeles County,California,Pasadena,242114.0,32334.0,239540.0,59381.0,143763.0,412801.0,,,248426.0,84361.0,,,,,183946.0,56159.0,242348.0,83784.0,194378.0,97236.0,$242114,$32334,$239540,$59381,$143763,$412801,,,$248426,$84361,,,,,$183946,$56159,$242348,$83784,$194378,$97236
2012,6037460900,Census Tract 4609,Pasadena,Los Angeles County,California,Pasadena,67147.0,4964.0,67570.0,9839.0,50654.0,10597.0,,,115909.0,10109.0,,,62492.0,30983.0,72744.0,43723.0,124533.0,29127.0,66462.0,2522.0,$67147,$4964,$67570,$9839,$50654,$10597,,,$115909,$10109,,,$62492,$30983,$72744,$43723,$124533,$29127,$66462,$2522
2012,6037461000,Census Tract 4610,Pasadena,Los Angeles County,California,Pasadena,81358.0,7372.0,80525.0,25818.0,81206.0,22061.0,,,87898.0,89831.0,,,81339.0,73743.0,106965.0,107761.0,100620.0,54274.0,64090.0,28416.0,$81358,$7372,$80525,$25818,$81206,$22061,,,$87898,$89831,,,$81339,$73743,$106965,$107761,$100620,$54274,$64090,$28416
2012,6037461300,Census Tract 4613,Pasadena,Los Angeles County,California,Pasadena,94993.0,28509.0,92828.0,21053.0,151041.0,163592.0,,,152783.0,30947.0,,,63965.0,112517.0,83441.0,41819.0,89334.0,27269.0,81682.0,53066.0,$94993,$28509,$92828,$21053,$151041,$163592,,,$152783,$30947,,,$63965,$112517,$83441,$41819,$89334,$27269,$81682,$53066
2012,6037461400,Census Tract 4614,Pasadena,Los Angeles County,California,Pasadena,82480.0,18394.0,86413.0,27377.0,135669.0,82116.0,,,64659.0,7982.0,,,33222.0,9763.0,42193.0,34238.0,100065.0,33148.0,68754.0,47753.0,$82480,$18394,$86413,$27377,$135669,$82116,,,$64659,$7982,,,$33222,$9763,$42193,$34238,$100065,$33148,$68754,$47753
2012,6037461501,Census Tract 4615.01,Pasadena,Los Angeles County,California,Pasadena,93900.0,22016.0,113520.0,17901.0,65959.0,78817.0,,,112321.0,273302.0,,,72976.0,51692.0,226835.0,366054.0,94751.0,36035.0,114973.0,13817.0,$93900,$22016,$113520,$17901,$65959,$78817,,,$112321,$273302,,,$72976,$51692,$226835,$366054,$94751,$36035,$114973,$13817
2012,6037461502,Census Tract 4615.02,Pasadena,Los Angeles County,California,Pasadena,67980.0,32253.0,78496.0,22628.0,30590.0,24238.0,,,27366.0,33466.0,,,75848.0,25639.0,114973.0,7828.0,29952.0,25155.0,83987.0,12532.0,$67980,$32253,$78496,$22628,$30590,$24238,,,$27366,$33466,,,$75848,$25639,$114973,$7828,$29952,$25155,$83987,$12532
2012,6037461600,Census Tract 4616,Pasadena,Los Angeles County,California,Pasadena,61665.0,10602.0,64320.0,17976.0,47999.0,28232.0,,,69670.0,43896.0,,,26598.0,113052.0,60918.0,37472.0,94849.0,44413.0,43572.0,9315.0,$61665,$10602,$64320,$17976,$47999,$28232,,,$69670,$43896,,,$26598,$113052,$60918,$37472,$94849,$44413,$43572,$9315
2012,6037461700,Census Tract 4617,Pasadena,Los Angeles County,California,Pasadena,179323.0,64860.0,160447.0,75332.0,211598.0,217441.0,,,101556.0,135855.0,,,,,,,201917.0,58180.0,110683.0,74682.0,$179323,$64860,$160447,$75332,$211598,$217441,,,$101556,$135855,,,,,,,$201917,$58180,$110683,$74682
2012,6037461901,Census Tract 4619.01,Pasadena,Los Angeles County,California,Pasadena,71000.0,13458.0,61455.0,18153.0,89197.0,47394.0,,,71107.0,58511.0,,,59620.0,27751.0,114210.0,128104.0,67029.0,37211.0,59250.0,18106.0,$71000,$13458,$61455,$18153,$89197,$47394,,,$71107,$58511,,,$59620,$27751,$114210,$128104,$67029,$37211,$59250,$18106
2012,6037461902,Census Tract 4619.02,Pasadena,Los Angeles County,California,Pasadena,64735.0,35767.0,97516.0,30166.0,49583.0,50426.0,,,47580.0,34166.0,,,43244.0,7395.0,5568.0,1101.0,83681.0,44682.0,97903.0,59500.0,$64735,$35767,$97516,$30166,$49583,$50426,,,$47580,$34166,,,$43244,$7395,$5568,$1101,$83681,$44682,$97903,$59500
2012,6037462001,Census Tract 4620.01,Pasadena,Los Angeles County,California,Pasadena,65369.0,30106.0,84085.0,22219.0,55748.0,107792.0,,,44526.0,178902.0,,,47075.0,14361.0,,,139784.0,43642.0,50578.0,13614.0,$65369,$30106,$84085,$22219,$55748,$107792,,,$44526,$178902,,,$47075,$14361,,,$139784,$43642,$50578,$13614
2012,6037462002,Census Tract 4620.02,Pasadena,Los Angeles County,California,Pasadena,52202.0,17065.0,64220.0,19838.0,49391.0,28975.0,,,3431.0,,,,45323.0,21988.0,52881.0,5357.0,76603.0,125578.0,62765.0,25622.0,$52202,$17065,$64220,$19838,$49391,$28975,,,$3431,,,,$45323,$21988,$52881,$5357,$76603,$125578,$62765,$25622
2012,6037462100,Census Tract 4621,Pasadena,Los Angeles County,California,Pasadena,63672.0,7060.0,69681.0,11370.0,64136.0,24647.0,,,91593.0,117598.0,,,50120.0,17750.0,35392.0,15596.0,99986.0,15003.0,60177.0,8610.0,$63672,$7060,$69681,$11370,$64136,$24647,,,$91593,$117598,,,$50120,$17750,$35392,$15596,$99986,$15003,$60177,$8610
2012,6037462201,Census Tract 4622.01,Pasadena,Los Angeles County,California,Pasadena,44243.0,6865.0,55725.0,16456.0,29662.0,79137.0,,,23792.0,8833.0,,,14872.0,61723.0,76363.0,141940.0,56538.0,20496.0,44549.0,24155.0,$44243,$6865,$55725,$16456,$29662,$79137,,,$23792,$8833,,,$14872,$61723,$76363,$141940,$56538,$20496,$44549,$24155
2012,6037462202,Census Tract 4622.02,Pasadena,Los Angeles County,California,Pasadena,58070.0,16877.0,59565.0,22237.0,57830.0,86171.0,,,47637.0,26737.0,,,134649.0,83063.0,161551.0,205484.0,60060.0,25188.0,93033.0,58272.0,$58070,$16877,$59565,$22237,$57830,$86171,,,$47637,$26737,,,$134649,$83063,$161551,$205484,$60060,$25188,$93033,$58272
2012,6037462301,Census Tract 4623.01,Pasadena,Los Angeles County,California,Pasadena,60741.0,4742.0,58733.0,10319.0,77444.0,41059.0,,,45661.0,45592.0,,,58988.0,9726.0,70013.0,11963.0,81653.0,35049.0,54361.0,12068.0,$60741,$4742,$58733,$10319,$77444,$41059,,,$45661,$45592,,,$58988,$9726,$70013,$11963,$81653,$35049,$54361,$12068
2012,6037462302,Census Tract 4623.02,Pasadena,Los Angeles County,California,Pasadena,88167.0,10083.0,79917.0,34827.0,59548.0,25245.0,,,103978.0,47954.0,,,137676.0,109170.0,118533.0,4635.0,78555.0,40403.0,87585.0,55330.0,$88167,$10083,$79917,$34827,$59548,$25245,,,$103978,$47954,,,$137676,$109170,$118533,$4635,$78555,$40403,$87585,$55330
2012,6037462400,Census Tract 4624,Pasadena,Los Angeles County,California,Pasadena,95296.0,29860.0,117990.0,32136.0,35178.0,30343.0,,,128844.0,163690.0,,,51085.0,144155.0,156587.0,129183.0,116974.0,52790.0,113785.0,36455.0,$95296,$29860,$117990,$32136,$35178,$30343,,,$128844,$163690,,,$51085,$144155,$156587,$129183,$116974,$52790,$113785,$36455
2012,6037462500,Census Tract 4625,Pasadena,Los Angeles County,California,Pasadena,135197.0,13908.0,134707.0,12336.0,71064.0,163393.0,,,232441.0,157095.0,,,168626.0,221771.0,,,134659.0,13228.0,142143.0,40135.0,$135197,$13908,$134707,$12336,$71064,$163393,,,$232441,$157095,,,$168626,$221771,,,$134659,$13228,$142143,$40135
2012,6037462600,Census Tract 4626,Pasadena,Los Angeles County,California,Pasadena,172889.0,40716.0,174262.0,41194.0,114251.0,105890.0,,,235094.0,228438.0,,,217934.0,305327.0,,,178122.0,48688.0,150763.0,61986.0,$172889,$40716,$174262,$41194,$114251,$105890,,,$235094,$228438,,,$217934,$305327,,,$178122,$48688,$150763,$61986
2012,6037462700,Census Tract 4627,Pasadena,Los Angeles County,California,Pasadena,76656.0,17838.0,76029.0,13399.0,21807.0,120940.0,,,86823.0,49950.0,,,180181.0,278742.0,50875.0,393353.0,67741.0,46857.0,75505.0,11220.0,$76656,$17838,$76029,$13399,$21807,$120940,,,$86823,$49950,,,$180181,$278742,$50875,$393353,$67741,$46857,$75505,$11220
2012,6037462800,Census Tract 4628,Pasadena,Los Angeles County,California,Pasadena,83567.0,9890.0,88865.0,11298.0,85603.0,207550.0,,,77271.0,13658.0,,,37561.0,53686.0,,,103390.0,48699.0,66507.0,23975.0,$83567,$9890,$88865,$11298,$85603,$207550,,,$77271,$13658,,,$37561,$53686,,,$103390,$48699,$66507,$23975
2012,6037462900,Census Tract 4629,Pasadena,Los Angeles County,California,Pasadena,115545.0,19980.0,121533.0,12881.0,83699.0,38478.0,30398.0,565375.0,104677.0,50894.0,,,,,,,115974.0,31532.0,140885.0,34385.0,$115545,$19980,$121533,$12881,$83699,$38478,$30398,$565375,$104677,$50894,,,,,,,$115974,$31532,$140885,$34385
2012,6037463000,Census Tract 4630,Pasadena,Los Angeles County,California,Pasadena,151867.0,30660.0,151676.0,31193.0,203246.0,88522.0,,,155846.0,77941.0,,,19948.0,166124.0,,,151200.0,32698.0,71092.0,118597.0,$151867,$30660,$151676,$31193,$203246,$88522,,,$155846,$77941,,,$19948,$166124,,,$151200,$32698,$71092,$118597
2012,6037463102,Census Tract 4631.02,Pasadena,Los Angeles County,California,Pasadena,108412.0,37953.0,93401.0,18625.0,,,26067.0,56190.0,178122.0,29448.0,,,122761.0,49214.0,172316.0,176391.0,98671.0,50783.0,89014.0,25827.0,$108412,$37953,$93401,$18625,,,$26067,$56190,$178122,$29448,,,$122761,$49214,$172316,$176391,$98671,$50783,$89014,$25827
2012,6037463200,Census Tract 4632,Pasadena,Los Angeles County,California,Pasadena,90777.0,16017.0,85619.0,13352.0,63683.0,23375.0,,,135565.0,31613.0,,,117349.0,139390.0,70752.0,171637.0,91292.0,22198.0,64718.0,45462.0,$90777,$16017,$85619,$13352,$63683,$23375,,,$135565,$31613,,,$117349,$139390,$70752,$171637,$91292,$22198,$64718,$45462
2012,6037463400,Census Tract 4634,Pasadena,Los Angeles County,California,Pasadena,99144.0,17819.0,113859.0,30920.0,75686.0,52396.0,65590.0,23185.0,87853.0,10093.0,,,110913.0,122604.0,148633.0,102263.0,127965.0,28106.0,58130.0,27195.0,$99144,$17819,$113859,$30920,$75686,$52396,$65590,$23185,$87853,$10093,,,$110913,$122604,$148633,$102263,$127965,$28106,$58130,$27195
2012,6037463500,Census Tract 4635,Pasadena,Los Angeles County,California,Pasadena,87059.0,11986.0,85964.0,16235.0,107863.0,119802.0,,,87659.0,30174.0,3431.0,,103860.0,50503.0,178711.0,110466.0,80802.0,15278.0,103655.0,35364.0,$87059,$11986,$85964,$16235,$107863,$119802,,,$87659,$30174,$3431,,$103860,$50503,$178711,$110466,$80802,$15278,$103655,$35364
2012,6037463601,Census Tract 4636.01,Pasadena,Los Angeles County,California,Pasadena,93127.0,13366.0,89723.0,12372.0,59908.0,56048.0,,,120781.0,38072.0,,,94606.0,39205.0,66373.0,67520.0,98122.0,18821.0,85613.0,81253.0,$93127,$13366,$89723,$12372,$59908,$56048,,,$120781,$38072,,,$94606,$39205,$66373,$67520,$98122,$18821,$85613,$81253
2012,6037463602,Census Tract 4636.02,Pasadena,Los Angeles County,California,Pasadena,91133.0,35742.0,95607.0,28685.0,62518.0,67927.0,,,100127.0,63157.0,,,96097.0,194632.0,57123.0,37295.0,97298.0,26671.0,96211.0,69810.0,$91133,$35742,$95607,$28685,$62518,$67927,,,$100127,$63157,,,$96097,$194632,$57123,$37295,$97298,$26671,$96211,$69810
2012,6037463700,Census Tract 4637,Pasadena,Los Angeles County,California,Pasadena,165041.0,30058.0,159589.0,42398.0,28219.0,13802.0,,,312887.0,203692.0,,,,,166625.0,75999.0,161377.0,45757.0,132896.0,130903.0,$165041,$30058,$159589,$42398,$28219,$13802,,,$312887,$203692,,,,,$166625,$75999,$161377,$45757,$132896,$130903
2012,6037463800,Census Tract 4638,Pasadena,Los Angeles County,California,Pasadena,204838.0,28646.0,218685.0,44986.0,,,,,171356.0,93800.0,,,,,330161.0,303771.0,223940.0,54745.0,199123.0,96684.0,$204838,$28646,$218685,$44986,,,,,$171356,$93800,,,,,$330161,$303771,$223940,$54745,$199123,$96684
2012,6037463900,Census Tract 4639,Pasadena,Los Angeles County,California,Pasadena,133677.0,21258.0,129507.0,22412.0,184594.0,215818.0,,,154370.0,129485.0,,,9489.0,160735.0,,,141857.0,22595.0,91212.0,20147.0,$133677,$21258,$129507,$22412,$184594,$215818,,,$154370,$129485,,,$9489,$160735,,,$141857,$22595,$91212,$20147
2012,6037464000,Census Tract 4640,Pasadena,Los Angeles County,California,Pasadena,146244.0,11889.0,151514.0,23795.0,161091.0,78650.0,,,146265.0,15112.0,,,33137.0,10923.0,58603.0,142340.0,151160.0,28289.0,158918.0,42292.0,$146244,$11889,$151514,$23795,$161091,$78650,,,$146265,$15112,,,$33137,$10923,$58603,$142340,$151160,$28289,$158918,$42292
2012,6037480600,Census Tract 4806,Pasadena,Los Angeles County,California,Pasadena,97593.0,10248.0,99327.0,14659.0,82491.0,13033.0,,,105642.0,15333.0,,,90412.0,53367.0,36426.0,51350.0,98868.0,13882.0,89233.0,60362.0,$97593,$10248,$99327,$14659,$82491,$13033,,,$105642,$15333,,,$90412,$53367,$36426,$51350,$98868,$13882,$89233,$60362
2013,6037181000,Census Tract 1810,Pasadena,Los Angeles County,California,Pasadena,107342.0,22999.0,118124.0,36272.0,,,,,105270.0,32541.0,,,99770.0,26536.0,,,136113.0,29676.0,98976.0,35284.0,$107342,$22999,$118124,$36272,,,,,$105270,$32541,,,$99770,$26536,,,$136113,$29676,$98976,$35284
2013,6037183101,Census Tract 1831.01,Pasadena,Los Angeles County,California,Pasadena,108559.0,43740.0,112657.0,11608.0,,,,,61519.0,19418.0,,,110658.0,64726.0,55558.0,31035.0,122725.0,37135.0,108621.0,60661.0,$108559,$43740,$112657,$11608,,,,,$61519,$19418,,,$110658,$64726,$55558,$31035,$122725,$37135,$108621,$60661
2013,6037183104,Census Tract 1831.04,Pasadena,Los Angeles County,California,Pasadena,104744.0,12513.0,109817.0,11695.0,,,,,56122.0,18958.0,,,53731.0,58727.0,180875.0,83099.0,103116.0,59178.0,110059.0,19524.0,$104744,$12513,$109817,$11695,,,,,$56122,$18958,,,$53731,$58727,$180875,$83099,$103116,$59178,$110059,$19524
2013,6037300901,Census Tract 3009.01,Pasadena,Los Angeles County,California,Pasadena,162880.0,19499.0,158478.0,25559.0,,,,,163925.0,37603.0,,,,,,,164739.0,26840.0,98709.0,50910.0,$162880,$19499,$158478,$25559,,,,,$163925,$37603,,,,,,,$164739,$26840,$98709,$50910
2013,6037460000,Census Tract 4600,Pasadena,Los Angeles County,California,Pasadena,151735.0,24269.0,160294.0,23090.0,111095.0,67303.0,,,131093.0,80594.0,,,,,,,162070.0,24141.0,108057.0,139409.0,$151735,$24269,$160294,$23090,$111095,$67303,,,$131093,$80594,,,,,,,$162070,$24141,$108057,$139409
2013,6037460100,Census Tract 4601,Pasadena,Los Angeles County,California,Pasadena,136755.0,32445.0,151343.0,36203.0,168479.0,262597.0,,,184256.0,228782.0,,,91790.0,73348.0,48951.0,1032.0,161041.0,41914.0,83817.0,50031.0,$136755,$32445,$151343,$36203,$168479,$262597,,,$184256,$228782,,,$91790,$73348,$48951,$1032,$161041,$41914,$83817,$50031
2013,6037460401,Census Tract 4604.01,Pasadena,Los Angeles County,California,Pasadena,122872.0,30021.0,108863.0,31846.0,124670.0,34408.0,,,183880.0,78061.0,,,,,,,109709.0,26974.0,129318.0,202878.0,$122872,$30021,$108863,$31846,$124670,$34408,,,$183880,$78061,,,,,,,$109709,$26974,$129318,$202878
2013,6037460800,Census Tract 4608,Pasadena,Los Angeles County,California,Pasadena,246277.0,50853.0,241040.0,68288.0,,,,,248363.0,66138.0,,,,,,,258020.0,79944.0,182002.0,80069.0,$246277,$50853,$241040,$68288,,,,,$248363,$66138,,,,,,,$258020,$79944,$182002,$80069
2013,6037460900,Census Tract 4609,Pasadena,Los Angeles County,California,Pasadena,69179.0,7641.0,66465.0,9722.0,68840.0,21719.0,,,111173.0,19751.0,,,62546.0,47017.0,69923.0,34769.0,128754.0,25336.0,64680.0,5561.0,$69179,$7641,$66465,$9722,$68840,$21719,,,$111173,$19751,,,$62546,$47017,$69923,$34769,$128754,$25336,$64680,$5561
2013,6037461000,Census Tract 4610,Pasadena,Los Angeles County,California,Pasadena,81478.0,6083.0,83469.0,21067.0,83834.0,16758.0,,,77384.0,39816.0,,,50414.0,53277.0,72124.0,45493.0,99889.0,19072.0,78506.0,19337.0,$81478,$6083,$83469,$21067,$83834,$16758,,,$77384,$39816,,,$50414,$53277,$72124,$45493,$99889,$19072,$78506,$19337
2013,6037461300,Census Tract 4613,Pasadena,Los Angeles County,California,Pasadena,99475.0,29985.0,102041.0,33071.0,65927.0,122844.0,,,140940.0,112753.0,,,62908.0,60466.0,,,111875.0,31581.0,79450.0,62003.0,$99475,$29985,$102041,$33071,$65927,$122844,,,$140940,$112753,,,$62908,$60466,,,$111875,$31581,$79450,$62003
2013,6037461400,Census Tract 4614,Pasadena,Los Angeles County,California,Pasadena,94852.0,22965.0,99574.0,19881.0,135816.0,96805.0,,,,,,,3379.0,,,,100782.0,16444.0,79714.0,48525.0,$94852,$22965,$99574,$19881,$135816,$96805,,,,,,,$3379,,,,$100782,$16444,$79714,$48525
2013,6037461501,Census Tract 4615.01,Pasadena,Los Angeles County,California,Pasadena,93138.0,20477.0,115556.0,26637.0,82389.0,29490.0,,,110800.0,233844.0,,,71562.0,30363.0,226855.0,271877.0,94123.0,122303.0,109878.0,22477.0,$93138,$20477,$115556,$26637,$82389,$29490,,,$110800,$233844,,,$71562,$30363,$226855,$271877,$94123,$122303,$109878,$22477
2013,6037461502,Census Tract 4615.02,Pasadena,Los Angeles County,California,Pasadena,55711.0,17653.0,74614.0,27820.0,37753.0,25328.0,,,44551.0,55514.0,,,64703.0,15820.0,132819.0,41123.0,33132.0,53090.0,76235.0,18658.0,$55711,$17653,$74614,$27820,$37753,$25328,,,$44551,$55514,,,$64703,$15820,$132819,$41123,$33132,$53090,$76235,$18658
2013,6037461600,Census Tract 4616,Pasadena,Los Angeles County,California,Pasadena,73195.0,10821.0,73636.0,12665.0,57345.0,32549.0,,,105745.0,49740.0,,,85398.0,68768.0,61982.0,66010.0,109709.0,49874.0,53027.0,26003.0,$73195,$10821,$73636,$12665,$57345,$32549,,,$105745,$49740,,,$85398,$68768,$61982,$66010,$109709,$49874,$53027,$26003
2013,6037461700,Census Tract 4617,Pasadena,Los Angeles County,California,Pasadena,150300.0,24742.0,149271.0,24644.0,160292.0,96450.0,,,99615.0,119155.0,,,,,,,159262.0,39456.0,113446.0,59987.0,$150300,$24742,$149271,$24644,$160292,$96450,,,$99615,$119155,,,,,,,$159262,$39456,$113446,$59987
2013,6037461901,Census Tract 4619.01,Pasadena,Los Angeles County,California,Pasadena,65566.0,13434.0,61097.0,22181.0,86212.0,25217.0,,,68814.0,40476.0,,,61481.0,35445.0,,,79757.0,55610.0,48860.0,13587.0,$65566,$13434,$61097,$22181,$86212,$25217,,,$68814,$40476,,,$61481,$35445,,,$79757,$55610,$48860,$13587
2013,6037461902,Census Tract 4619.02,Pasadena,Los Angeles County,California,Pasadena,67347.0,31391.0,93456.0,32911.0,47417.0,63959.0,,,66020.0,34785.0,,,42261.0,9035.0,,,75224.0,55968.0,95932.0,59023.0,$67347,$31391,$93456,$32911,$47417,$63959,,,$66020,$34785,,,$42261,$9035,,,$75224,$55968,$95932,$59023
2013,6037462001,Census Tract 4620.01,Pasadena,Los Angeles County,California,Pasadena,59864.0,15967.0,70209.0,18610.0,54517.0,75551.0,,,165850.0,257560.0,,,49968.0,13706.0,,,134968.0,45558.0,54023.0,8631.0,$59864,$15967,$70209,$18610,$54517,$75551,,,$165850,$257560,,,$49968,$13706,,,$134968,$45558,$54023,$8631
2013,6037462002,Census Tract 4620.02,Pasadena,Los Angeles County,California,Pasadena,52321.0,10769.0,62594.0,15183.0,50502.0,21268.0,,,3379.0,,,,46627.0,19639.0,52198.0,11844.0,79098.0,131511.0,56229.0,18143.0,$52321,$10769,$62594,$15183,$50502,$21268,,,$3379,,,,$46627,$19639,$52198,$11844,$79098,$131511,$56229,$18143
2013,6037462100,Census Tract 4621,Pasadena,Los Angeles County,California,Pasadena,68345.0,6601.0,70515.0,14094.0,71931.0,41818.0,,,69691.0,26816.0,,,51136.0,23147.0,34443.0,15318.0,99524.0,20707.0,63994.0,9840.0,$68345,$6601,$70515,$14094,$71931,$41818,,,$69691,$26816,,,$51136,$23147,$34443,$15318,$99524,$20707,$63994,$9840
2013,6037462201,Census Tract 4622.01,Pasadena,Los Angeles County,California,Pasadena,41023.0,11768.0,48096.0,10355.0,29582.0,72825.0,,,23632.0,4660.0,,,10094.0,21973.0,,,46719.0,7677.0,43879.0,18317.0,$41023,$11768,$48096,$10355,$29582,$72825,,,$23632,$4660,,,$10094,$21973,,,$46719,$7677,$43879,$18317
2013,6037462202,Census Tract 4622.02,Pasadena,Los Angeles County,California,Pasadena,68800.0,20972.0,71820.0,23962.0,60221.0,98020.0,,,52793.0,23258.0,,,,,146898.0,244975.0,71090.0,22738.0,99735.0,49428.0,$68800,$20972,$71820,$23962,$60221,$98020,,,$52793,$23258,,,,,$146898,$244975,$71090,$22738,$99735,$49428
2013,6037462301,Census Tract 4623.01,Pasadena,Los Angeles County,California,Pasadena,59242.0,9884.0,58009.0,17287.0,65601.0,17388.0,,,46564.0,60543.0,,,56091.0,21806.0,71152.0,23586.0,70618.0,18009.0,50713.0,11596.0,$59242,$9884,$58009,$17287,$65601,$17388,,,$46564,$60543,,,$56091,$21806,$71152,$23586,$70618,$18009,$50713,$11596
2013,6037462302,Census Tract 4623.02,Pasadena,Los Angeles County,California,Pasadena,90085.0,24184.0,103750.0,36907.0,59488.0,17305.0,,,103257.0,44660.0,,,86212.0,19378.0,120335.0,7973.0,103046.0,35258.0,119866.0,100848.0,$90085,$24184,$103750,$36907,$59488,$17305,,,$103257,$44660,,,$86212,$19378,$120335,$7973,$103046,$35258,$119866,$100848
2013,6037462400,Census Tract 4624,Pasadena,Los Angeles County,California,Pasadena,90156.0,30585.0,118894.0,44625.0,26266.0,15584.0,,,131346.0,168976.0,,,49980.0,67551.0,182720.0,67493.0,100674.0,53756.0,99847.0,65552.0,$90156,$30585,$118894,$44625,$26266,$15584,,,$131346,$168976,,,$49980,$67551,$182720,$67493,$100674,$53756,$99847,$65552
2013,6037462500,Census Tract 4625,Pasadena,Los Angeles County,California,Pasadena,128168.0,26534.0,129968.0,24339.0,73749.0,149058.0,,,231515.0,152850.0,,,97577.0,228038.0,,,128472.0,24694.0,104223.0,94905.0,$128168,$26534,$129968,$24339,$73749,$149058,,,$231515,$152850,,,$97577,$228038,,,$128472,$24694,$104223,$94905
2013,6037462600,Census Tract 4626,Pasadena,Los Angeles County,California,Pasadena,144383.0,17064.0,149120.0,16381.0,83112.0,43424.0,,,78528.0,72650.0,,,216938.0,384359.0,,,149120.0,21532.0,159088.0,36954.0,$144383,$17064,$149120,$16381,$83112,$43424,,,$78528,$72650,,,$216938,$384359,,,$149120,$21532,$159088,$36954
2013,6037462700,Census Tract 4627,Pasadena,Los Angeles County,California,Pasadena,74307.0,26710.0,70059.0,25728.0,143840.0,39045.0,,,60594.0,58412.0,,,72849.0,50706.0,49143.0,321070.0,65588.0,25743.0,72796.0,26648.0,$74307,$26710,$70059,$25728,$143840,$39045,,,$60594,$58412,,,$72849,$50706,$49143,$321070,$65588,$25743,$72796,$26648
2013,6037462800,Census Tract 4628,Pasadena,Los Angeles County,California,Pasadena,81342.0,9393.0,88108.0,21674.0,85454.0,27062.0,,,77236.0,14475.0,,,58211.0,32928.0,,,82936.0,47532.0,60447.0,26924.0,$81342,$9393,$88108,$21674,$85454,$27062,,,$77236,$14475,,,$58211,$32928,,,$82936,$47532,$60447,$26924
2013,6037462900,Census Tract 4629,Pasadena,Los Angeles County,California,Pasadena,120020.0,17802.0,121880.0,17505.0,83231.0,53217.0,,,148926.0,66412.0,,,,,,,118596.0,22195.0,128779.0,56213.0,$120020,$17802,$121880,$17505,$83231,$53217,,,$148926,$66412,,,,,,,$118596,$22195,$128779,$56213
2013,6037463000,Census Tract 4630,Pasadena,Los Angeles County,California,Pasadena,145328.0,11690.0,149296.0,27290.0,178541.0,63271.0,,,145606.0,23571.0,,,,,,,149757.0,32466.0,71297.0,85195.0,$145328,$11690,$149296,$27290,$178541,$63271,,,$145606,$23571,,,,,,,$149757,$32466,$71297,$85195
2013,6037463102,Census Tract 4631.02,Pasadena,Los Angeles County,California,Pasadena,99828.0,29672.0,80190.0,24925.0,,,,,188027.0,67613.0,,,120319.0,40048.0,,,103539.0,63490.0,77290.0,45916.0,$99828,$29672,$80190,$24925,,,,,$188027,$67613,,,$120319,$40048,,,$103539,$63490,$77290,$45916
2013,6037463200,Census Tract 4632,Pasadena,Los Angeles County,California,Pasadena,97890.0,15553.0,91917.0,17144.0,62546.0,21336.0,,,151776.0,11031.0,,,62946.0,54559.0,73274.0,141417.0,99454.0,21332.0,62812.0,18405.0,$97890,$15553,$91917,$17144,$62546,$21336,,,$151776,$11031,,,$62946,$54559,$73274,$141417,$99454,$21332,$62812,$18405
2013,6037463400,Census Tract 4634,Pasadena,Los Angeles County,California,Pasadena,109392.0,12938.0,125540.0,23844.0,97551.0,26477.0,,,102791.0,25995.0,,,109141.0,124254.0,,,142721.0,18896.0,67134.0,59787.0,$109392,$12938,$125540,$23844,$97551,$26477,,,$102791,$25995,,,$109141,$124254,,,$142721,$18896,$67134,$59787
2013,6037463500,Census Tract 4635,Pasadena,Los Angeles County,California,Pasadena,84735.0,15517.0,77219.0,13046.0,105313.0,149908.0,,,86916.0,34712.0,,,,,176726.0,80382.0,76606.0,15529.0,87177.0,32029.0,$84735,$15517,$77219,$13046,$105313,$149908,,,$86916,$34712,,,,,$176726,$80382,$76606,$15529,$87177,$32029
2013,6037463601,Census Tract 4636.01,Pasadena,Los Angeles County,California,Pasadena,98934.0,16281.0,96489.0,19641.0,59280.0,28157.0,,,120979.0,27956.0,,,92028.0,20714.0,130163.0,227599.0,107790.0,19188.0,89135.0,52242.0,$98934,$16281,$96489,$19641,$59280,$28157,,,$120979,$27956,,,$92028,$20714,$130163,$227599,$107790,$19188,$89135,$52242
2013,6037463602,Census Tract 4636.02,Pasadena,Los Angeles County,California,Pasadena,75731.0,27787.0,75586.0,33683.0,63084.0,89649.0,,,83825.0,51390.0,,,33182.0,208221.0,57447.0,51128.0,77035.0,42239.0,66225.0,36175.0,$75731,$27787,$75586,$33683,$63084,$89649,,,$83825,$51390,,,$33182,$208221,$57447,$51128,$77035,$42239,$66225,$36175
2013,6037463700,Census Tract 4637,Pasadena,Los Angeles County,California,Pasadena,141559.0,53014.0,165299.0,30336.0,35960.0,10777.0,,,189924.0,119500.0,,,,,148757.0,88688.0,164213.0,34387.0,176480.0,122323.0,$141559,$53014,$165299,$30336,$35960,$10777,,,$189924,$119500,,,,,$148757,$88688,$164213,$34387,$176480,$122323
2013,6037463800,Census Tract 4638,Pasadena,Los Angeles County,California,Pasadena,204796.0,26506.0,218853.0,26817.0,222198.0,135703.0,,,178171.0,76817.0,,,,,332075.0,289759.0,219379.0,29661.0,200315.0,44330.0,$204796,$26506,$218853,$26817,$222198,$135703,,,$178171,$76817,,,,,$332075,$289759,$219379,$29661,$200315,$44330
2013,6037463900,Census Tract 4639,Pasadena,Los Angeles County,California,Pasadena,138051.0,16466.0,139641.0,17452.0,117766.0,206074.0,,,149941.0,79422.0,,,,,,,142530.0,16545.0,103841.0,53006.0,$138051,$16466,$139641,$17452,$117766,$206074,,,$149941,$79422,,,,,,,$142530,$16545,$103841,$53006
2013,6037464000,Census Tract 4640,Pasadena,Los Angeles County,California,Pasadena,146380.0,20600.0,167907.0,29949.0,160108.0,79048.0,,,107222.0,78947.0,,,33081.0,177281.0,61888.0,226264.0,168937.0,40922.0,158336.0,23413.0,$146380,$20600,$167907,$29949,$160108,$79048,,,$107222,$78947,,,$33081,$177281,$61888,$226264,$168937,$40922,$158336,$23413
2013,6037480600,Census Tract 4806,Pasadena,Los Angeles County,California,Pasadena,95790.0,13092.0,91111.0,16008.0,82380.0,26471.0,,,109928.0,8844.0,,,89912.0,45218.0,35905.0,86525.0,96778.0,14331.0,76962.0,34153.0,$95790,$13092,$91111,$16008,$82380,$26471,,,$109928,$8844,,,$89912,$45218,$35905,$86525,$96778,$14331,$76962,$34153
2014,6037181000,Census Tract 1810,Pasadena,Los Angeles County,California,Pasadena,114905.0,29954.0,124842.0,36001.0,,,,,106356.0,10998.0,,,86159.0,39986.0,280001.0,214622.0,143865.0,38462.0,113434.0,31941.0,$114905,$29954,$124842,$36001,,,,,$106356,$10998,,,$86159,$39986,$280001,$214622,$143865,$38462,$113434,$31941
2014,6037183101,Census Tract 1831.01,Pasadena,Los Angeles County,California,Pasadena,98266.0,28774.0,116071.0,18511.0,,,,,45423.0,20056.0,,,80974.0,52010.0,133572.0,170036.0,124250.0,31288.0,98765.0,43759.0,$98266,$28774,$116071,$18511,,,,,$45423,$20056,,,$80974,$52010,$133572,$170036,$124250,$31288,$98765,$43759
2014,6037183104,Census Tract 1831.04,Pasadena,Los Angeles County,California,Pasadena,88911.0,27278.0,101890.0,10410.0,133572.0,43149.0,,,63703.0,21207.0,,,50468.0,9903.0,106830.0,222611.0,101584.0,30618.0,88331.0,30425.0,$88911,$27278,$101890,$10410,$133572,$43149,,,$63703,$21207,,,$50468,$9903,$106830,$222611,$101584,$30618,$88331,$30425
2014,6037300901,Census Tract 3009.01,Pasadena,Los Angeles County,California,Pasadena,183522.0,25651.0,183453.0,36562.0,,,,,178148.0,45057.0,,,,,,,180866.0,32706.0,219861.0,238058.0,$183522,$25651,$183453,$36562,,,,,$178148,$45057,,,,,,,$180866,$32706,$219861,$238058
2014,6037460000,Census Tract 4600,Pasadena,Los Angeles County,California,Pasadena,163528.0,11914.0,161505.0,15949.0,173160.0,95230.0,,,201188.0,42248.0,,,,,,,160424.0,16974.0,168028.0,75914.0,$163528,$11914,$161505,$15949,$173160,$95230,,,$201188,$42248,,,,,,,$160424,$16974,$168028,$75914
2014,6037460100,Census Tract 4601,Pasadena,Los Angeles County,California,Pasadena,162496.0,22653.0,161687.0,29108.0,174073.0,76529.0,,,,,,,91924.0,134561.0,50870.0,3320.0,189247.0,44962.0,90103.0,63090.0,$162496,$22653,$161687,$29108,$174073,$76529,,,,,,,$91924,$134561,$50870,$3320,$189247,$44962,$90103,$63090
2014,6037460401,Census Tract 4604.01,Pasadena,Los Angeles County,California,Pasadena,115282.0,29840.0,98100.0,66043.0,129968.0,65412.0,,,118884.0,129367.0,,,,,,,109134.0,29454.0,42033.0,64854.0,$115282,$29840,$98100,$66043,$129968,$65412,,,$118884,$129367,,,,,,,$109134,$29454,$42033,$64854
2014,6037460800,Census Tract 4608,Pasadena,Los Angeles County,California,Pasadena,244564.0,40130.0,237293.0,53514.0,261046.0,147848.0,,,245936.0,121036.0,,,,,,,260076.0,59174.0,174585.0,41584.0,$244564,$40130,$237293,$53514,$261046,$147848,,,$245936,$121036,,,,,,,$260076,$59174,$174585,$41584
2014,6037460900,Census Tract 4609,Pasadena,Los Angeles County,California,Pasadena,79955.0,11720.0,89121.0,24609.0,67873.0,27871.0,,,111761.0,13689.0,,,71880.0,39908.0,169972.0,165423.0,116152.0,39845.0,83432.0,25475.0,$79955,$11720,$89121,$24609,$67873,$27871,,,$111761,$13689,,,$71880,$39908,$169972,$165423,$116152,$39845,$83432,$25475
2014,6037461000,Census Tract 4610,Pasadena,Los Angeles County,California,Pasadena,79838.0,10441.0,82332.0,24451.0,74704.0,29767.0,,,124703.0,172751.0,,,51720.0,46774.0,72883.0,53990.0,99240.0,30578.0,76660.0,15111.0,$79838,$10441,$82332,$24451,$74704,$29767,,,$124703,$172751,,,$51720,$46774,$72883,$53990,$99240,$30578,$76660,$15111
2014,6037461300,Census Tract 4613,Pasadena,Los Angeles County,California,Pasadena,100972.0,26017.0,111956.0,23835.0,120348.0,124175.0,,,127115.0,70109.0,,,33108.0,60865.0,,,115846.0,17363.0,62205.0,31637.0,$100972,$26017,$111956,$23835,$120348,$124175,,,$127115,$70109,,,$33108,$60865,,,$115846,$17363,$62205,$31637
2014,6037461400,Census Tract 4614,Pasadena,Los Angeles County,California,Pasadena,97269.0,25957.0,103781.0,31113.0,138718.0,58446.0,,,67880.0,6217.0,,,98100.0,186713.0,,,105582.0,35912.0,88124.0,62570.0,$97269,$25957,$103781,$31113,$138718,$58446,,,$67880,$6217,,,$98100,$186713,,,$105582,$35912,$88124,$62570
2014,6037461501,Census Tract 4615.01,Pasadena,Los Angeles County,California,Pasadena,87267.0,16228.0,115725.0,19012.0,78903.0,51007.0,,,22976.0,47793.0,,,63183.0,17392.0,,,115835.0,39166.0,113352.0,39523.0,$87267,$16228,$115725,$19012,$78903,$51007,,,$22976,$47793,,,$63183,$17392,,,$115835,$39166,$113352,$39523
2014,6037461502,Census Tract 4615.02,Pasadena,Los Angeles County,California,Pasadena,60028.0,16029.0,78517.0,33003.0,46833.0,16985.0,,,54870.0,167671.0,,,59383.0,20474.0,107577.0,12726.0,69834.0,55541.0,66508.0,22775.0,$60028,$16029,$78517,$33003,$46833,$16985,,,$54870,$167671,,,$59383,$20474,$107577,$12726,$69834,$55541,$66508,$22775
2014,6037461600,Census Tract 4616,Pasadena,Los Angeles County,California,Pasadena,62612.0,15080.0,62382.0,21502.0,60274.0,29366.0,,,111402.0,34417.0,,,46833.0,24669.0,25495.0,31105.0,96645.0,49544.0,46588.0,6501.0,$62612,$15080,$62382,$21502,$60274,$29366,,,$111402,$34417,,,$46833,$24669,$25495,$31105,$96645,$49544,$46588,$6501
2014,6037461700,Census Tract 4617,Pasadena,Los Angeles County,California,Pasadena,137812.0,14291.0,137436.0,16863.0,71497.0,47405.0,,,248694.0,178335.0,,,,,187006.0,88160.0,138793.0,24075.0,121378.0,24567.0,$137812,$14291,$137436,$16863,$71497,$47405,,,$248694,$178335,,,,,$187006,$88160,$138793,$24075,$121378,$24567
2014,6037461901,Census Tract 4619.01,Pasadena,Los Angeles County,California,Pasadena,62957.0,15963.0,54903.0,15284.0,90941.0,21204.0,,,52435.0,35817.0,,,52187.0,13505.0,31830.0,153632.0,61417.0,50292.0,51737.0,9105.0,$62957,$15963,$54903,$15284,$90941,$21204,,,$52435,$35817,,,$52187,$13505,$31830,$153632,$61417,$50292,$51737,$9105
2014,6037461902,Census Tract 4619.02,Pasadena,Los Angeles County,California,Pasadena,53962.0,31457.0,84752.0,34511.0,26803.0,18202.0,,,73278.0,100164.0,,,22876.0,6227.0,,,74347.0,60138.0,61520.0,48420.0,$53962,$31457,$84752,$34511,$26803,$18202,,,$73278,$100164,,,$22876,$6227,,,$74347,$60138,$61520,$48420
2014,6037462001,Census Tract 4620.01,Pasadena,Los Angeles County,California,Pasadena,56273.0,13052.0,66066.0,26480.0,55819.0,133775.0,,,54941.0,72317.0,,,47437.0,16889.0,,,93468.0,42927.0,54135.0,6209.0,$56273,$13052,$66066,$26480,$55819,$133775,,,$54941,$72317,,,$47437,$16889,,,$93468,$42927,$54135,$6209
2014,6037462002,Census Tract 4620.02,Pasadena,Los Angeles County,California,Pasadena,51443.0,7797.0,62461.0,19722.0,47431.0,21446.0,,,3324.0,,,,46505.0,19822.0,51589.0,66745.0,77554.0,69468.0,53571.0,13863.0,$51443,$7797,$62461,$19722,$47431,$21446,,,$3324,,,,$46505,$19822,$51589,$66745,$77554,$69468,$53571,$13863
2014,6037462100,Census Tract 4621,Pasadena,Los Angeles County,California,Pasadena,64911.0,5732.0,66588.0,10502.0,62976.0,32563.0,,,69579.0,32758.0,,,38797.0,16090.0,29393.0,12460.0,101124.0,26980.0,56532.0,11853.0,$64911,$5732,$66588,$10502,$62976,$32563,,,$69579,$32758,,,$38797,$16090,$29393,$12460,$101124,$26980,$56532,$11853
2014,6037462201,Census Tract 4622.01,Pasadena,Los Angeles County,California,Pasadena,32569.0,8326.0,46674.0,14623.0,16072.0,15205.0,,,22491.0,4166.0,,,,,,,44218.0,14682.0,54142.0,28334.0,$32569,$8326,$46674,$14623,$16072,$15205,,,$22491,$4166,,,,,,,$44218,$14682,$54142,$28334
2014,6037462202,Census Tract 4622.02,Pasadena,Los Angeles County,California,Pasadena,80080.0,26058.0,89896.0,24645.0,41069.0,103656.0,,,54038.0,29192.0,,,,,143761.0,286060.0,83048.0,25765.0,104038.0,21779.0,$80080,$26058,$89896,$24645,$41069,$103656,,,$54038,$29192,,,,,$143761,$286060,$83048,$25765,$104038,$21779
2014,6037462301,Census Tract 4623.01,Pasadena,Los Angeles County,California,Pasadena,59085.0,14515.0,59443.0,17493.0,49142.0,34313.0,,,70522.0,72355.0,,,57328.0,21372.0,74055.0,33738.0,67726.0,14399.0,55424.0,10439.0,$59085,$14515,$59443,$17493,$49142,$34313,,,$70522,$72355,,,$57328,$21372,$74055,$33738,$67726,$14399,$55424,$10439
2014,6037462302,Census Tract 4623.02,Pasadena,Los Angeles County,California,Pasadena,101648.0,25344.0,110037.0,29985.0,67409.0,17490.0,,,105375.0,42862.0,,,87344.0,28048.0,118521.0,79095.0,111274.0,16058.0,68911.0,53358.0,$101648,$25344,$110037,$29985,$67409,$17490,,,$105375,$42862,,,$87344,$28048,$118521,$79095,$111274,$16058,$68911,$53358
2014,6037462400,Census Tract 4624,Pasadena,Los Angeles County,California,Pasadena,108741.0,29478.0,109629.0,41612.0,59359.0,54790.0,,,189411.0,60795.0,,,93851.0,140943.0,191027.0,103252.0,118291.0,50927.0,111402.0,54472.0,$108741,$29478,$109629,$41612,$59359,$54790,,,$189411,$60795,,,$93851,$140943,$191027,$103252,$118291,$50927,$111402,$54472
2014,6037462500,Census Tract 4625,Pasadena,Los Angeles County,California,Pasadena,138005.0,22866.0,141202.0,15741.0,72456.0,318617.0,,,191288.0,126449.0,,,95996.0,161092.0,62026.0,34632.0,141405.0,18483.0,102257.0,72642.0,$138005,$22866,$141202,$15741,$72456,$318617,,,$191288,$126449,,,$95996,$161092,$62026,$34632,$141405,$18483,$102257,$72642
2014,6037462600,Census Tract 4626,Pasadena,Los Angeles County,California,Pasadena,146105.0,21170.0,153986.0,17723.0,80523.0,49502.0,,,125627.0,83873.0,,,54870.0,107433.0,,,151900.0,21887.0,161737.0,34131.0,$146105,$21170,$153986,$17723,$80523,$49502,,,$125627,$83873,,,$54870,$107433,,,$151900,$21887,$161737,$34131
2014,6037462700,Census Tract 4627,Pasadena,Los Angeles County,California,Pasadena,83720.0,23652.0,83223.0,33325.0,120749.0,114695.0,,,91345.0,32602.0,,,82997.0,81094.0,47015.0,135810.0,66038.0,36536.0,86425.0,59190.0,$83720,$23652,$83223,$33325,$120749,$114695,,,$91345,$32602,,,$82997,$81094,$47015,$135810,$66038,$36536,$86425,$59190
2014,6037462800,Census Tract 4628,Pasadena,Los Angeles County,California,Pasadena,80849.0,5204.0,89905.0,21981.0,80454.0,46885.0,,,79285.0,15821.0,,,58913.0,24068.0,90452.0,68174.0,81977.0,41408.0,76901.0,33994.0,$80849,$5204,$89905,$21981,$80454,$46885,,,$79285,$15821,,,$58913,$24068,$90452,$68174,$81977,$41408,$76901,$33994
2014,6037462900,Census Tract 4629,Pasadena,Los Angeles County,California,Pasadena,119858.0,13150.0,122281.0,15326.0,84647.0,37730.0,,,129507.0,63287.0,,,16436.0,158362.0,,,125178.0,27123.0,105028.0,50359.0,$119858,$13150,$122281,$15326,$84647,$37730,,,$129507,$63287,,,$16436,$158362,,,$125178,$27123,$105028,$50359
2014,6037463000,Census Tract 4630,Pasadena,Los Angeles County,California,Pasadena,146952.0,15248.0,145321.0,20534.0,177297.0,103998.0,,,149031.0,26802.0,,,,,,,142808.0,17191.0,72554.0,119943.0,$146952,$15248,$145321,$20534,$177297,$103998,,,$149031,$26802,,,,,,,$142808,$17191,$72554,$119943
2014,6037463102,Census Tract 4631.02,Pasadena,Los Angeles County,California,Pasadena,114489.0,32540.0,89489.0,18153.0,,,,,177772.0,38552.0,,,129217.0,34398.0,,,98599.0,34179.0,89659.0,28899.0,$114489,$32540,$89489,$18153,,,,,$177772,$38552,,,$129217,$34398,,,$98599,$34179,$89659,$28899
2014,6037463200,Census Tract 4632,Pasadena,Los Angeles County,California,Pasadena,88290.0,20071.0,93350.0,20740.0,36408.0,44276.0,,,140381.0,49061.0,,,65885.0,42878.0,,,99517.0,15800.0,63268.0,26764.0,$88290,$20071,$93350,$20740,$36408,$44276,,,$140381,$49061,,,$65885,$42878,,,$99517,$15800,$63268,$26764
2014,6037463400,Census Tract 4634,Pasadena,Los Angeles County,California,Pasadena,99422.0,7049.0,101850.0,21204.0,94938.0,31553.0,,,101307.0,23831.0,,,70129.0,62518.0,,,127312.0,33055.0,70362.0,12625.0,$99422,$7049,$101850,$21204,$94938,$31553,,,$101307,$23831,,,$70129,$62518,,,$127312,$33055,$70362,$12625
2014,6037463500,Census Tract 4635,Pasadena,Los Angeles County,California,Pasadena,94837.0,18077.0,86619.0,19585.0,150035.0,163012.0,,,100372.0,28480.0,,,,,177079.0,59456.0,85811.0,27295.0,89066.0,32262.0,$94837,$18077,$86619,$19585,$150035,$163012,,,$100372,$28480,,,,,$177079,$59456,$85811,$27295,$89066,$32262
2014,6037463601,Census Tract 4636.01,Pasadena,Los Angeles County,California,Pasadena,103821.0,15797.0,104976.0,16019.0,57598.0,54026.0,,,120607.0,23693.0,,,69036.0,35309.0,68933.0,256811.0,111604.0,21081.0,103600.0,61052.0,$103821,$15797,$104976,$16019,$57598,$54026,,,$120607,$23693,,,$69036,$35309,$68933,$256811,$111604,$21081,$103600,$61052
2014,6037463602,Census Tract 4636.02,Pasadena,Los Angeles County,California,Pasadena,82223.0,20615.0,82242.0,16386.0,113272.0,115747.0,,,95077.0,61527.0,,,31983.0,150043.0,60855.0,58796.0,91486.0,23968.0,69626.0,41907.0,$82223,$20615,$82242,$16386,$113272,$115747,,,$95077,$61527,,,$31983,$150043,$60855,$58796,$91486,$23968,$69626,$41907
2014,6037463700,Census Tract 4637,Pasadena,Los Angeles County,California,Pasadena,138190.0,34868.0,161616.0,37165.0,37378.0,2966.0,,,140841.0,170820.0,,,,,163362.0,83195.0,145695.0,42516.0,179407.0,70456.0,$138190,$34868,$161616,$37165,$37378,$2966,,,$140841,$170820,,,,,$163362,$83195,$145695,$42516,$179407,$70456
2014,6037463800,Census Tract 4638,Pasadena,Los Angeles County,California,Pasadena,216054.0,24631.0,218567.0,43755.0,240124.0,120685.0,,,199764.0,20603.0,,,,,329574.0,244207.0,224217.0,52393.0,202054.0,41304.0,$216054,$24631,$218567,$43755,$240124,$120685,,,$199764,$20603,,,,,$329574,$244207,$224217,$52393,$202054,$41304
2014,6037463900,Census Tract 4639,Pasadena,Los Angeles County,California,Pasadena,126047.0,18104.0,128214.0,26839.0,184409.0,171017.0,,,132821.0,59669.0,,,36856.0,28298.0,,,130357.0,30690.0,79572.0,56216.0,$126047,$18104,$128214,$26839,$184409,$171017,,,$132821,$59669,,,$36856,$28298,,,$130357,$30690,$79572,$56216
2014,6037464000,Census Tract 4640,Pasadena,Los Angeles County,California,Pasadena,147259.0,23618.0,168676.0,47379.0,158853.0,103132.0,,,139945.0,51658.0,,,32213.0,102539.0,61031.0,34696.0,171758.0,79458.0,147528.0,39015.0,$147259,$23618,$168676,$47379,$158853,$103132,,,$139945,$51658,,,$32213,$102539,$61031,$34696,$171758,$79458,$147528,$39015
2014,6037480600,Census Tract 4806,Pasadena,Los Angeles County,California,Pasadena,90251.0,11046.0,90885.0,19117.0,71497.0,37911.0,,,91830.0,23257.0,,,126933.0,71731.0,36155.0,129045.0,93409.0,10478.0,75116.0,25570.0,$90251,$11046,$90885,$19117,$71497,$37911,,,$91830,$23257,,,$126933,$71731,$36155,$129045,$93409,$10478,$75116,$25570
2015,6037181000,Census Tract 1810,Pasadena,Los Angeles County,California,Pasadena,116418.0,50687.0,118708.0,52719.0,,,,,150515.0,118604.0,,,83849.0,52060.0,,,96324.0,39635.0,154288.0,26184.0,$116418,$50687,$118708,$52719,,,,,$150515,$118604,,,$83849,$52060,,,$96324,$39635,$154288,$26184
2015,6037183101,Census Tract 1831.01,Pasadena,Los Angeles County,California,Pasadena,85648.0,41978.0,120984.0,26647.0,,,,,44540.0,17183.0,,,80558.0,53131.0,,,125042.0,24542.0,80890.0,39192.0,$85648,$41978,$120984,$26647,,,,,$44540,$17183,,,$80558,$53131,,,$125042,$24542,$80890,$39192
2015,6037183104,Census Tract 1831.04,Pasadena,Los Angeles County,California,Pasadena,82439.0,26293.0,78013.0,30294.0,111922.0,48498.0,,,94967.0,42440.0,,,60829.0,24355.0,,,84652.0,45011.0,72279.0,26121.0,$82439,$26293,$78013,$30294,$111922,$48498,,,$94967,$42440,,,$60829,$24355,,,$84652,$45011,$72279,$26121
2015,6037300901,Census Tract 3009.01,Pasadena,Los Angeles County,California,Pasadena,199882.0,30120.0,187714.0,29860.0,,,,,206990.0,57747.0,,,,,,,189072.0,32262.0,,,$199882,$30120,$187714,$29860,,,,,$206990,$57747,,,,,,,$189072,$32262,,
2015,6037460000,Census Tract 4600,Pasadena,Los Angeles County,California,Pasadena,162165.0,19036.0,160160.0,18631.0,221213.0,150517.0,,,220128.0,93236.0,,,,,,,159484.0,20739.0,166401.0,53945.0,$162165,$19036,$160160,$18631,$221213,$150517,,,$220128,$93236,,,,,,,$159484,$20739,$166401,$53945
2015,6037460100,Census Tract 4601,Pasadena,Los Angeles County,California,Pasadena,163627.0,13329.0,168716.0,32614.0,,,,,,,,,162718.0,161174.0,50606.0,3085.0,202658.0,36215.0,79839.0,49130.0,$163627,$13329,$168716,$32614,,,,,,,,,$162718,$161174,$50606,$3085,$202658,$36215,$79839,$49130
2015,6037460401,Census Tract 4604.01,Pasadena,Los Angeles County,California,Pasadena,113700.0,17572.0,120671.0,25760.0,112417.0,40309.0,,,107476.0,41341.0,,,,,,,109295.0,26348.0,133950.0,5087.0,$113700,$17572,$120671,$25760,$112417,$40309,,,$107476,$41341,,,,,,,$109295,$26348,$133950,$5087
2015,6037460800,Census Tract 4608,Pasadena,Los Angeles County,California,Pasadena,260792.0,31006.0,264846.0,39419.0,173952.0,156534.0,,,243220.0,49652.0,,,,,,,277195.0,45870.0,182109.0,84393.0,$260792,$31006,$264846,$39419,$173952,$156534,,,$243220,$49652,,,,,,,$277195,$45870,$182109,$84393
2015,6037460900,Census Tract 4609,Pasadena,Los Angeles County,California,Pasadena,91271.0,11065.0,106164.0,14376.0,70994.0,15316.0,,,111764.0,22150.0,,,86194.0,17224.0,170658.0,53896.0,121723.0,35184.0,92390.0,7838.0,$91271,$11065,$106164,$14376,$70994,$15316,,,$111764,$22150,,,$86194,$17224,$170658,$53896,$121723,$35184,$92390,$7838
2015,6037461000,Census Tract 4610,Pasadena,Los Angeles County,California,Pasadena,79154.0,10296.0,82133.0,15439.0,70869.0,14410.0,,,97562.0,90668.0,,,47804.0,47130.0,106969.0,53025.0,98197.0,45080.0,80536.0,9891.0,$79154,$10296,$82133,$15439,$70869,$14410,,,$97562,$90668,,,$47804,$47130,$106969,$53025,$98197,$45080,$80536,$9891
2015,6037461300,Census Tract 4613,Pasadena,Los Angeles County,California,Pasadena,114684.0,13785.0,113641.0,17207.0,149460.0,90457.0,,,151801.0,40036.0,,,,,,,115842.0,17466.0,61276.0,15142.0,$114684,$13785,$113641,$17207,$149460,$90457,,,$151801,$40036,,,,,,,$115842,$17466,$61276,$15142
2015,6037461400,Census Tract 4614,Pasadena,Los Angeles County,California,Pasadena,86036.0,23303.0,86036.0,29664.0,136523.0,103682.0,,,67124.0,7872.0,,,,,,,85758.0,39685.0,79259.0,25590.0,$86036,$23303,$86036,$29664,$136523,$103682,,,$67124,$7872,,,,,,,$85758,$39685,$79259,$25590
2015,6037461501,Census Tract 4615.01,Pasadena,Los Angeles County,California,Pasadena,89356.0,33303.0,126149.0,26892.0,52654.0,34662.0,,,43820.0,27985.0,,,,,,,125793.0,48116.0,108582.0,39883.0,$89356,$33303,$126149,$26892,$52654,$34662,,,$43820,$27985,,,,,,,$125793,$48116,$108582,$39883
2015,6037461502,Census Tract 4615.02,Pasadena,Los Angeles County,California,Pasadena,66087.0,16741.0,78927.0,4879.0,49681.0,14231.0,,,,,,,64427.0,22446.0,133736.0,104928.0,83262.0,19734.0,76437.0,16940.0,$66087,$16741,$78927,$4879,$49681,$14231,,,,,,,$64427,$22446,$133736,$104928,$83262,$19734,$76437,$16940
2015,6037461600,Census Tract 4616,Pasadena,Los Angeles County,California,Pasadena,70079.0,10806.0,72607.0,17742.0,57985.0,17859.0,,,106704.0,28695.0,,,49041.0,25981.0,,,127334.0,42843.0,48353.0,14242.0,$70079,$10806,$72607,$17742,$57985,$17859,,,$106704,$28695,,,$49041,$25981,,,$127334,$42843,$48353,$14242
2015,6037461700,Census Tract 4617,Pasadena,Los Angeles County,California,Pasadena,137895.0,29709.0,132788.0,28613.0,72581.0,38358.0,,,268342.0,23011.0,,,,,186205.0,134962.0,136523.0,34891.0,128915.0,23846.0,$137895,$29709,$132788,$28613,$72581,$38358,,,$268342,$23011,,,,,$186205,$134962,$136523,$34891,$128915,$23846
2015,6037461901,Census Tract 4619.01,Pasadena,Los Angeles County,California,Pasadena,66575.0,13313.0,56350.0,21549.0,91980.0,9328.0,,,95086.0,71537.0,,,53009.0,41868.0,,,62705.0,26562.0,52511.0,13279.0,$66575,$13313,$56350,$21549,$91980,$9328,,,$95086,$71537,,,$53009,$41868,,,$62705,$26562,$52511,$13279
2015,6037461902,Census Tract 4619.02,Pasadena,Los Angeles County,California,Pasadena,48136.0,23681.0,78013.0,31531.0,16330.0,15721.0,,,127284.0,101903.0,,,22906.0,17823.0,,,61746.0,45431.0,62106.0,51134.0,$48136,$23681,$78013,$31531,$16330,$15721,,,$127284,$101903,,,$22906,$17823,,,$61746,$45431,$62106,$51134
2015,6037462001,Census Tract 4620.01,Pasadena,Los Angeles County,California,Pasadena,53370.0,7646.0,64157.0,25685.0,,,,,,,,,46366.0,12039.0,,,123935.0,71254.0,53607.0,7173.0,$53370,$7646,$64157,$25685,,,,,,,,,$46366,$12039,,,$123935,$71254,$53607,$7173
2015,6037462002,Census Tract 4620.02,Pasadena,Los Angeles County,California,Pasadena,47646.0,7708.0,50902.0,17359.0,35106.0,6469.0,,,,,,,44007.0,8722.0,,,,,46866.0,10446.0,$47646,$7708,$50902,$17359,$35106,$6469,,,,,,,$44007,$8722,,,,,$46866,$10446
2015,6037462100,Census Tract 4621,Pasadena,Los Angeles County,California,Pasadena,68847.0,6738.0,77101.0,19655.0,71680.0,57218.0,,,86478.0,25343.0,,,31176.0,9740.0,29495.0,21368.0,99259.0,32290.0,53980.0,18122.0,$68847,$6738,$77101,$19655,$71680,$57218,,,$86478,$25343,,,$31176,$9740,$29495,$21368,$99259,$32290,$53980,$18122
2015,6037462201,Census Tract 4622.01,Pasadena,Los Angeles County,California,Pasadena,33427.0,8890.0,46594.0,15028.0,,,,,21067.0,3927.0,,,,,,,43885.0,14368.0,54301.0,28265.0,$33427,$8890,$46594,$15028,,,,,$21067,$3927,,,,,,,$43885,$14368,$54301,$28265
2015,6037462202,Census Tract 4622.02,Pasadena,Los Angeles County,California,Pasadena,83408.0,19501.0,92058.0,24989.0,,,,,59028.0,41371.0,,,,,3318.0,,91292.0,33707.0,103148.0,24012.0,$83408,$19501,$92058,$24989,,,,,$59028,$41371,,,,,$3318,,$91292,$33707,$103148,$24012
2015,6037462301,Census Tract 4623.01,Pasadena,Los Angeles County,California,Pasadena,66625.0,15377.0,66532.0,16533.0,47282.0,20752.0,,,,,,,58320.0,25989.0,73310.0,33930.0,74096.0,16729.0,56716.0,9587.0,$66625,$15377,$66532,$16533,$47282,$20752,,,,,,,$58320,$25989,$73310,$33930,$74096,$16729,$56716,$9587
2015,6037462302,Census Tract 4623.02,Pasadena,Los Angeles County,California,Pasadena,100380.0,22533.0,101003.0,29855.0,58907.0,21077.0,,,108905.0,66994.0,,,,,186940.0,38408.0,107379.0,37928.0,78013.0,33261.0,$100380,$22533,$101003,$29855,$58907,$21077,,,$108905,$66994,,,,,$186940,$38408,$107379,$37928,$78013,$33261
2015,6037462400,Census Tract 4624,Pasadena,Los Angeles County,California,Pasadena,125437.0,34287.0,127476.0,48494.0,,,,,188809.0,55914.0,,,,,,,131046.0,35853.0,106562.0,75518.0,$125437,$34287,$127476,$48494,,,,,$188809,$55914,,,,,,,$131046,$35853,$106562,$75518
2015,6037462500,Census Tract 4625,Pasadena,Los Angeles County,California,Pasadena,139633.0,17325.0,139629.0,19580.0,,,,,232617.0,114668.0,,,94137.0,23087.0,62713.0,57010.0,134863.0,19835.0,95966.0,49098.0,$139633,$17325,$139629,$19580,,,,,$232617,$114668,,,$94137,$23087,$62713,$57010,$134863,$19835,$95966,$49098
2015,6037462600,Census Tract 4626,Pasadena,Los Angeles County,California,Pasadena,144464.0,19463.0,149641.0,19828.0,,,,,156580.0,87509.0,,,,,,,150791.0,19750.0,111395.0,46052.0,$144464,$19463,$149641,$19828,,,,,$156580,$87509,,,,,,,$150791,$19750,$111395,$46052
2015,6037462700,Census Tract 4627,Pasadena,Los Angeles County,California,Pasadena,75892.0,25592.0,70306.0,23164.0,122331.0,82768.0,,,90688.0,51932.0,,,102542.0,60298.0,47047.0,39216.0,84200.0,39775.0,72290.0,33781.0,$75892,$25592,$70306,$23164,$122331,$82768,,,$90688,$51932,,,$102542,$60298,$47047,$39216,$84200,$39775,$72290,$33781
2015,6037462800,Census Tract 4628,Pasadena,Los Angeles County,California,Pasadena,81035.0,4495.0,81800.0,21687.0,58510.0,47784.0,,,84099.0,14998.0,,,,,,,80347.0,18440.0,92569.0,24144.0,$81035,$4495,$81800,$21687,$58510,$47784,,,$84099,$14998,,,,,,,$80347,$18440,$92569,$24144
2015,6037462900,Census Tract 4629,Pasadena,Los Angeles County,California,Pasadena,132469.0,25922.0,150750.0,22269.0,84424.0,30767.0,,,149552.0,47077.0,,,,,,,149446.0,28642.0,124489.0,70524.0,$132469,$25922,$150750,$22269,$84424,$30767,,,$149552,$47077,,,,,,,$149446,$28642,$124489,$70524
2015,6037463000,Census Tract 4630,Pasadena,Los Angeles County,California,Pasadena,144511.0,9043.0,143784.0,15425.0,104472.0,96408.0,,,148331.0,32445.0,,,,,,,143993.0,10951.0,,,$144511,$9043,$143784,$15425,$104472,$96408,,,$148331,$32445,,,,,,,$143993,$10951,,
2015,6037463102,Census Tract 4631.02,Pasadena,Los Angeles County,California,Pasadena,109452.0,37900.0,99923.0,39730.0,,,,,121643.0,67853.0,,,126979.0,65563.0,,,109136.0,52982.0,94137.0,33435.0,$109452,$37900,$99923,$39730,,,,,$121643,$67853,,,$126979,$65563,,,$109136,$52982,$94137,$33435
2015,6037463200,Census Tract 4632,Pasadena,Los Angeles County,California,Pasadena,91904.0,22222.0,98227.0,15146.0,51640.0,35399.0,,,104201.0,51360.0,,,,,71445.0,31942.0,102022.0,20329.0,65059.0,10417.0,$91904,$22222,$98227,$15146,$51640,$35399,,,$104201,$51360,,,,,$71445,$31942,$102022,$20329,$65059,$10417
2015,6037463400,Census Tract 4634,Pasadena,Los Angeles County,California,Pasadena,106488.0,12951.0,120457.0,20298.0,95059.0,37158.0,,,106230.0,24141.0,,,68337.0,22314.0,,,128306.0,21067.0,76353.0,35745.0,$106488,$12951,$120457,$20298,$95059,$37158,,,$106230,$24141,,,$68337,$22314,,,$128306,$21067,$76353,$35745
2015,6037463500,Census Tract 4635,Pasadena,Los Angeles County,California,Pasadena,100244.0,13066.0,94653.0,20311.0,149709.0,124482.0,,,100912.0,16097.0,,,,,176589.0,104342.0,106382.0,22311.0,73672.0,42239.0,$100244,$13066,$94653,$20311,$149709,$124482,,,$100912,$16097,,,,,$176589,$104342,$106382,$22311,$73672,$42239
2015,6037463601,Census Tract 4636.01,Pasadena,Los Angeles County,California,Pasadena,103633.0,11667.0,105427.0,17796.0,58833.0,23886.0,,,117849.0,22901.0,,,99643.0,66436.0,99867.0,69303.0,115221.0,28143.0,101600.0,36336.0,$103633,$11667,$105427,$17796,$58833,$23886,,,$117849,$22901,,,$99643,$66436,$99867,$69303,$115221,$28143,$101600,$36336
2015,6037463602,Census Tract 4636.02,Pasadena,Los Angeles County,California,Pasadena,82581.0,21282.0,90909.0,21687.0,,,,,69637.0,47101.0,,,,,,,101232.0,19112.0,62625.0,36570.0,$82581,$21282,$90909,$21687,,,,,$69637,$47101,,,,,,,$101232,$19112,$62625,$36570
2015,6037463700,Census Tract 4637,Pasadena,Los Angeles County,California,Pasadena,156524.0,34247.0,164243.0,22229.0,37070.0,2747.0,,,140826.0,120686.0,,,,,163269.0,98812.0,159761.0,35839.0,194283.0,4383.0,$156524,$34247,$164243,$22229,$37070,$2747,,,$140826,$120686,,,,,$163269,$98812,$159761,$35839,$194283,$4383
2015,6037463800,Census Tract 4638,Pasadena,Los Angeles County,California,Pasadena,210485.0,20621.0,215943.0,25254.0,220945.0,134725.0,,,204233.0,69367.0,,,,,,,217401.0,28454.0,201481.0,22340.0,$210485,$20621,$215943,$25254,$220945,$134725,,,$204233,$69367,,,,,,,$217401,$28454,$201481,$22340
2015,6037463900,Census Tract 4639,Pasadena,Los Angeles County,California,Pasadena,125416.0,15279.0,121630.0,25810.0,142446.0,42658.0,,,172728.0,98118.0,,,,,,,112158.0,28745.0,79474.0,63964.0,$125416,$15279,$121630,$25810,$142446,$42658,,,$172728,$98118,,,,,,,$112158,$28745,$79474,$63964
2015,6037464000,Census Tract 4640,Pasadena,Los Angeles County,California,Pasadena,150216.0,18669.0,169305.0,22583.0,,,,,95607.0,61859.0,,,,,,,175856.0,45857.0,122275.0,60328.0,$150216,$18669,$169305,$22583,,,,,$95607,$61859,,,,,,,$175856,$45857,$122275,$60328
2015,6037480600,Census Tract 4806,Pasadena,Los Angeles County,California,Pasadena,89142.0,12052.0,82789.0,20670.0,,,,,93710.0,24992.0,,,126406.0,57550.0,,,87308.0,20198.0,76004.0,25625.0,$89142,$12052,$82789,$20670,,,,,$93710,$24992,,,$126406,$57550,,,$87308,$20198,$76004,$25625
2016,6037181000,Census Tract 1810,Pasadena,Los Angeles County,California,Pasadena,149649.0,12263.0,146934.0,26360.0,,,,,187356.0,115946.0,,,,,155947.0,89578.0,121080.0,56855.0,165209.0,26874.0,$149649,$12263,$146934,$26360,,,,,$187356,$115946,,,,,$155947,$89578,$121080,$56855,$165209,$26874
2016,6037183101,Census Tract 1831.01,Pasadena,Los Angeles County,California,Pasadena,72921.0,20993.0,96018.0,17113.0,,,,,40031.0,15532.0,,,,,,,98147.0,34617.0,66483.0,32713.0,$72921,$20993,$96018,$17113,,,,,$40031,$15532,,,,,,,$98147,$34617,$66483,$32713
2016,6037183104,Census Tract 1831.04,Pasadena,Los Angeles County,California,Pasadena,82480.0,15511.0,77018.0,19797.0,114343.0,37965.0,,,95746.0,39678.0,,,64181.0,18205.0,,,80295.0,35879.0,75584.0,17015.0,$82480,$15511,$77018,$19797,$114343,$37965,,,$95746,$39678,,,$64181,$18205,,,$80295,$35879,$75584,$17015
2016,6037300901,Census Tract 3009.01,Pasadena,Los Angeles County,California,Pasadena,209649.0,26556.0,202260.0,32950.0,,,,,216584.0,55282.0,,,,,,,209056.0,32443.0,,,$209649,$26556,$202260,$32950,,,,,$216584,$55282,,,,,,,$209056,$32443,,
2016,6037460000,Census Tract 4600,Pasadena,Los Angeles County,California,Pasadena,150674.0,20729.0,148355.0,21654.0,196641.0,108576.0,,,219708.0,141701.0,,,,,175156.0,157142.0,146553.0,22138.0,159771.0,51639.0,$150674,$20729,$148355,$21654,$196641,$108576,,,$219708,$141701,,,,,$175156,$157142,$146553,$22138,$159771,$51639
2016,6037460100,Census Tract 4601,Pasadena,Los Angeles County,California,Pasadena,154792.0,19945.0,157512.0,26541.0,,,,,270381.0,206081.0,,,,,,,166029.0,33274.0,119077.0,63588.0,$154792,$19945,$157512,$26541,,,,,$270381,$206081,,,,,,,$166029,$33274,$119077,$63588
2016,6037460401,Census Tract 4604.01,Pasadena,Los Angeles County,California,Pasadena,108153.0,23611.0,106696.0,28441.0,110701.0,39729.0,,,,,,,131458.0,119719.0,,,114707.0,28481.0,130275.0,103242.0,$108153,$23611,$106696,$28441,$110701,$39729,,,,,,,$131458,$119719,,,$114707,$28481,$130275,$103242
2016,6037460800,Census Tract 4608,Pasadena,Los Angeles County,California,Pasadena,245965.0,50816.0,248506.0,46801.0,174519.0,165570.0,,,241213.0,77386.0,,,,,,,249898.0,43237.0,218490.0,140003.0,$245965,$50816,$248506,$46801,$174519,$165570,,,$241213,$77386,,,,,,,$249898,$43237,$218490,$140003
2016,6037460900,Census Tract 4609,Pasadena,Los Angeles County,California,Pasadena,90475.0,7893.0,102909.0,15796.0,68158.0,14633.0,,,107265.0,23327.0,,,89363.0,16404.0,168499.0,58713.0,119389.0,36434.0,91148.0,7177.0,$90475,$7893,$102909,$15796,$68158,$14633,,,$107265,$23327,,,$89363,$16404,$168499,$58713,$119389,$36434,$91148,$7177
2016,6037461000,Census Tract 4610,Pasadena,Los Angeles County,California,Pasadena,71971.0,8302.0,83081.0,15469.0,69995.0,14381.0,,,,,,,51709.0,18163.0,77564.0,54675.0,97033.0,49930.0,70841.0,15548.0,$71971,$8302,$83081,$15469,$69995,$14381,,,,,,,$51709,$18163,$77564,$54675,$97033,$49930,$70841,$15548
2016,6037461300,Census Tract 4613,Pasadena,Los Angeles County,California,Pasadena,112017.0,21433.0,118387.0,19633.0,,,,,140107.0,45069.0,,,59265.0,56015.0,,,118495.0,17543.0,59175.0,40601.0,$112017,$21433,$118387,$19633,,,,,$140107,$45069,,,$59265,$56015,,,$118495,$17543,$59175,$40601
2016,6037461400,Census Tract 4614,Pasadena,Los Angeles County,California,Pasadena,72336.0,16654.0,82031.0,17814.0,71010.0,11924.0,,,61275.0,10377.0,,,,,,,82802.0,34732.0,80378.0,22099.0,$72336,$16654,$82031,$17814,$71010,$11924,,,$61275,$10377,,,,,,,$82802,$34732,$80378,$22099
2016,6037461501,Census Tract 4615.01,Pasadena,Los Angeles County,California,Pasadena,87396.0,11855.0,112522.0,14957.0,49160.0,17817.0,,,73740.0,44606.0,,,67069.0,28075.0,120715.0,51344.0,122846.0,33383.0,85940.0,45095.0,$87396,$11855,$112522,$14957,$49160,$17817,,,$73740,$44606,,,$67069,$28075,$120715,$51344,$122846,$33383,$85940,$45095
2016,6037461502,Census Tract 4615.02,Pasadena,Los Angeles County,California,Pasadena,65957.0,12251.0,76407.0,9424.0,48909.0,13082.0,,,86645.0,69093.0,,,48013.0,46069.0,107061.0,35812.0,94107.0,61968.0,66474.0,18857.0,$65957,$12251,$76407,$9424,$48909,$13082,,,$86645,$69093,,,$48013,$46069,$107061,$35812,$94107,$61968,$66474,$18857
2016,6037461600,Census Tract 4616,Pasadena,Los Angeles County,California,Pasadena,75623.0,17633.0,89854.0,14398.0,57852.0,40652.0,,,101189.0,43041.0,,,53912.0,29895.0,39811.0,34322.0,131313.0,31135.0,50054.0,23704.0,$75623,$17633,$89854,$14398,$57852,$40652,,,$101189,$43041,,,$53912,$29895,$39811,$34322,$131313,$31135,$50054,$23704
2016,6037461700,Census Tract 4617,Pasadena,Los Angeles County,California,Pasadena,140271.0,29806.0,130275.0,40681.0,89472.0,35595.0,,,265738.0,105575.0,,,,,139560.0,113807.0,125905.0,38211.0,140379.0,50735.0,$140271,$29806,$130275,$40681,$89472,$35595,,,$265738,$105575,,,,,$139560,$113807,$125905,$38211,$140379,$50735
2016,6037461901,Census Tract 4619.01,Pasadena,Los Angeles County,California,Pasadena,54383.0,13479.0,55676.0,25822.0,,,,,62087.0,52945.0,,,54821.0,17426.0,19094.0,17627.0,75743.0,22927.0,50588.0,9521.0,$54383,$13479,$55676,$25822,,,,,$62087,$52945,,,$54821,$17426,$19094,$17627,$75743,$22927,$50588,$9521
2016,6037461902,Census Tract 4619.02,Pasadena,Los Angeles County,California,Pasadena,56262.0,52616.0,90674.0,19163.0,15175.0,13559.0,,,,,,,25926.0,13478.0,,,86547.0,21707.0,93200.0,44967.0,$56262,$52616,$90674,$19163,$15175,$13559,,,,,,,$25926,$13478,,,$86547,$21707,$93200,$44967
2016,6037462001,Census Tract 4620.01,Pasadena,Los Angeles County,California,Pasadena,48383.0,8593.0,57573.0,15288.0,32569.0,28706.0,,,,,,,38268.0,21212.0,,,111430.0,69680.0,47522.0,8265.0,$48383,$8593,$57573,$15288,$32569,$28706,,,,,,,$38268,$21212,,,$111430,$69680,$47522,$8265
2016,6037462002,Census Tract 4620.02,Pasadena,Los Angeles County,California,Pasadena,42980.0,6751.0,48068.0,13315.0,34822.0,28852.0,,,,,,,41750.0,4453.0,,,,,42606.0,8306.0,$42980,$6751,$48068,$13315,$34822,$28852,,,,,,,$41750,$4453,,,,,$42606,$8306
2016,6037462100,Census Tract 4621,Pasadena,Los Angeles County,California,Pasadena,68090.0,11009.0,74092.0,15341.0,72058.0,55433.0,,,73376.0,18609.0,,,32022.0,9624.0,29231.0,23871.0,96916.0,36320.0,42655.0,11545.0,$68090,$11009,$74092,$15341,$72058,$55433,,,$73376,$18609,,,$32022,$9624,$29231,$23871,$96916,$36320,$42655,$11545
2016,6037462201,Census Tract 4622.01,Pasadena,Los Angeles County,California,Pasadena,33054.0,14399.0,47802.0,17345.0,,,,,21454.0,2830.0,,,,,144266.0,102590.0,46819.0,27389.0,46468.0,31122.0,$33054,$14399,$47802,$17345,,,,,$21454,$2830,,,,,$144266,$102590,$46819,$27389,$46468,$31122
2016,6037462202,Census Tract 4622.02,Pasadena,Los Angeles County,California,Pasadena,83572.0,12131.0,91766.0,22232.0,,,,,,,,,,,165506.0,122759.0,92936.0,25714.0,102066.0,26671.0,$83572,$12131,$91766,$22232,,,,,,,,,,,$165506,$122759,$92936,$25714,$102066,$26671
2016,6037462301,Census Tract 4623.01,Pasadena,Los Angeles County,California,Pasadena,64260.0,12567.0,65694.0,12135.0,51873.0,9099.0,,,110962.0,14608.0,,,54002.0,10676.0,,,65079.0,20123.0,60965.0,15143.0,$64260,$12567,$65694,$12135,$51873,$9099,,,$110962,$14608,,,$54002,$10676,,,$65079,$20123,$60965,$15143
2016,6037462302,Census Tract 4623.02,Pasadena,Los Angeles County,California,Pasadena,99293.0,18707.0,113303.0,28440.0,67186.0,29567.0,,,102559.0,20059.0,,,,,184529.0,52540.0,117198.0,17310.0,82983.0,22551.0,$99293,$18707,$113303,$28440,$67186,$29567,,,$102559,$20059,,,,,$184529,$52540,$117198,$17310,$82983,$22551
2016,6037462400,Census Tract 4624,Pasadena,Los Angeles County,California,Pasadena,119787.0,39406.0,107217.0,58843.0,,,,,210297.0,63912.0,,,,,,,120715.0,57588.0,114844.0,92914.0,$119787,$39406,$107217,$58843,,,,,$210297,$63912,,,,,,,$120715,$57588,$114844,$92914
2016,6037462500,Census Tract 4625,Pasadena,Los Angeles County,California,Pasadena,130310.0,21059.0,128601.0,35479.0,,,,,215576.0,96810.0,,,96737.0,1319.0,,,114402.0,31904.0,100411.0,94765.0,$130310,$21059,$128601,$35479,,,,,$215576,$96810,,,$96737,$1319,,,$114402,$31904,$100411,$94765
2016,6037462600,Census Tract 4626,Pasadena,Los Angeles County,California,Pasadena,151694.0,16691.0,154482.0,17709.0,119246.0,38888.0,,,203833.0,65620.0,,,,,,,155078.0,25971.0,145569.0,66251.0,$151694,$16691,$154482,$17709,$119246,$38888,,,$203833,$65620,,,,,,,$155078,$25971,$145569,$66251
2016,6037462700,Census Tract 4627,Pasadena,Los Angeles County,California,Pasadena,87122.0,26735.0,89622.0,36833.0,122266.0,84727.0,,,94299.0,35360.0,,,72043.0,59032.0,46624.0,39813.0,100805.0,34079.0,70171.0,23171.0,$87122,$26735,$89622,$36833,$122266,$84727,,,$94299,$35360,,,$72043,$59032,$46624,$39813,$100805,$34079,$70171,$23171
2016,6037462800,Census Tract 4628,Pasadena,Los Angeles County,California,Pasadena,81475.0,12015.0,92808.0,25752.0,,,,,101598.0,41399.0,,,77018.0,51051.0,,,91915.0,31177.0,92143.0,36692.0,$81475,$12015,$92808,$25752,,,,,$101598,$41399,,,$77018,$51051,,,$91915,$31177,$92143,$36692
2016,6037462900,Census Tract 4629,Pasadena,Los Angeles County,California,Pasadena,152397.0,22851.0,156866.0,20540.0,,,,,161716.0,62807.0,,,,,,,161409.0,25182.0,102508.0,46638.0,$152397,$22851,$156866,$20540,,,,,$161716,$62807,,,,,,,$161409,$25182,$102508,$46638
2016,6037463000,Census Tract 4630,Pasadena,Los Angeles County,California,Pasadena,145264.0,8964.0,141997.0,11467.0,,,,,150430.0,59438.0,,,,,,,143132.0,12308.0,99140.0,64642.0,$145264,$8964,$141997,$11467,,,,,$150430,$59438,,,,,,,$143132,$12308,$99140,$64642
2016,6037463102,Census Tract 4631.02,Pasadena,Los Angeles County,California,Pasadena,127653.0,30642.0,133741.0,22109.0,,,,,119623.0,53838.0,,,95219.0,93352.0,,,135926.0,15491.0,69808.0,58395.0,$127653,$30642,$133741,$22109,,,,,$119623,$53838,,,$95219,$93352,,,$135926,$15491,$69808,$58395
2016,6037463200,Census Tract 4632,Pasadena,Los Angeles County,California,Pasadena,93040.0,13568.0,95494.0,12164.0,50054.0,32304.0,,,115254.0,38198.0,,,,,70054.0,54727.0,98056.0,11764.0,66821.0,25988.0,$93040,$13568,$95494,$12164,$50054,$32304,,,$115254,$38198,,,,,$70054,$54727,$98056,$11764,$66821,$25988
2016,6037463400,Census Tract 4634,Pasadena,Los Angeles County,California,Pasadena,100337.0,11434.0,118395.0,28175.0,91905.0,44377.0,,,106842.0,18091.0,,,69037.0,42984.0,,,127617.0,51871.0,76411.0,35492.0,$100337,$11434,$118395,$28175,$91905,$44377,,,$106842,$18091,,,$69037,$42984,,,$127617,$51871,$76411,$35492
2016,6037463500,Census Tract 4635,Pasadena,Los Angeles County,California,Pasadena,100096.0,10510.0,106381.0,18881.0,,,,,91393.0,20780.0,,,,,178259.0,57975.0,107622.0,18390.0,75884.0,28506.0,$100096,$10510,$106381,$18881,,,,,$91393,$20780,,,,,$178259,$57975,$107622,$18390,$75884,$28506
2016,6037463601,Census Tract 4636.01,Pasadena,Los Angeles County,California,Pasadena,99811.0,5730.0,102173.0,15123.0,,,,,107396.0,27817.0,,,73144.0,30154.0,,,101878.0,17687.0,78479.0,49603.0,$99811,$5730,$102173,$15123,,,,,$107396,$27817,,,$73144,$30154,,,$101878,$17687,$78479,$49603
2016,6037463602,Census Tract 4636.02,Pasadena,Los Angeles County,California,Pasadena,99727.0,8973.0,101366.0,14034.0,,,,,79124.0,34749.0,,,,,95699.0,42923.0,101570.0,15067.0,97665.0,56823.0,$99727,$8973,$101366,$14034,,,,,$79124,$34749,,,,,$95699,$42923,$101570,$15067,$97665,$56823
2016,6037463700,Census Tract 4637,Pasadena,Los Angeles County,California,Pasadena,156221.0,29703.0,166580.0,23088.0,,,,,129455.0,103584.0,,,,,,,164376.0,24423.0,193476.0,53644.0,$156221,$29703,$166580,$23088,,,,,$129455,$103584,,,,,,,$164376,$24423,$193476,$53644
2016,6037463800,Census Tract 4638,Pasadena,Los Angeles County,California,Pasadena,217269.0,19418.0,216691.0,28581.0,220050.0,180166.0,,,225923.0,131575.0,,,,,,,218329.0,23028.0,201557.0,10958.0,$217269,$19418,$216691,$28581,$220050,$180166,,,$225923,$131575,,,,,,,$218329,$23028,$201557,$10958
2016,6037463900,Census Tract 4639,Pasadena,Los Angeles County,California,Pasadena,109546.0,18743.0,110529.0,24520.0,154650.0,36946.0,,,125163.0,54822.0,,,,,,,107762.0,14104.0,,,$109546,$18743,$110529,$24520,$154650,$36946,,,$125163,$54822,,,,,,,$107762,$14104,,
2016,6037464000,Census Tract 4640,Pasadena,Los Angeles County,California,Pasadena,140581.0,33159.0,155198.0,22936.0,,,,,74887.0,60788.0,,,,,,,170422.0,31726.0,110815.0,43087.0,$140581,$33159,$155198,$22936,,,,,$74887,$60788,,,,,,,$170422,$31726,$110815,$43087
2016,6037480600,Census Tract 4806,Pasadena,Los Angeles County,California,Pasadena,90376.0,13951.0,87189.0,18387.0,119008.0,90754.0,,,93115.0,41496.0,,,144702.0,46878.0,,,87754.0,21406.0,86850.0,30913.0,$90376,$13951,$87189,$18387,$119008,$90754,,,$93115,$41496,,,$144702,$46878,,,$87754,$21406,$86850,$30913
2017,6037181000,Census Tract 1810,Pasadena,Los Angeles County,California,Pasadena,144913.0,18795.0,141904.0,24981.0,,,,,177304.0,89333.0,,,,,155895.0,95606.0,138922.0,42956.0,146513.0,21630.0,$144913,$18795,$141904,$24981,,,,,$177304,$89333,,,,,$155895,$95606,$138922,$42956,$146513,$21630
2017,6037183101,Census Tract 1831.01,Pasadena,Los Angeles County,California,Pasadena,89238.0,26815.0,107461.0,20632.0,,,,,48539.0,18495.0,,,62683.0,17075.0,,,111717.0,31802.0,65437.0,21391.0,$89238,$26815,$107461,$20632,,,,,$48539,$18495,,,$62683,$17075,,,$111717,$31802,$65437,$21391
2017,6037183104,Census Tract 1831.04,Pasadena,Los Angeles County,California,Pasadena,88893.0,13359.0,88953.0,18262.0,131744.0,47962.0,,,94769.0,29755.0,,,64129.0,28320.0,,,104641.0,27415.0,78853.0,19759.0,$88893,$13359,$88953,$18262,$131744,$47962,,,$94769,$29755,,,$64129,$28320,,,$104641,$27415,$78853,$19759
2017,6037300901,Census Tract 3009.01,Pasadena,Los Angeles County,California,Pasadena,200249.0,37830.0,192453.0,37502.0,,,,,181056.0,60133.0,,,,,287885.0,124055.0,219883.0,34499.0,180221.0,101887.0,$200249,$37830,$192453,$37502,,,,,$181056,$60133,,,,,$287885,$124055,$219883,$34499,$180221,$101887
2017,6037460000,Census Tract 4600,Pasadena,Los Angeles County,California,Pasadena,162423.0,27262.0,150066.0,17925.0,197361.0,99831.0,,,237705.0,31919.0,,,56345.0,838.0,175700.0,173186.0,150468.0,20279.0,129836.0,60044.0,$162423,$27262,$150066,$17925,$197361,$99831,,,$237705,$31919,,,$56345,$838,$175700,$173186,$150468,$20279,$129836,$60044
2017,6037460100,Census Tract 4601,Pasadena,Los Angeles County,California,Pasadena,159581.0,17980.0,165967.0,34638.0,96993.0,36185.0,,,302495.0,219039.0,,,164928.0,93683.0,241548.0,208915.0,175392.0,52096.0,135394.0,94830.0,$159581,$17980,$165967,$34638,$96993,$36185,,,$302495,$219039,,,$164928,$93683,$241548,$208915,$175392,$52096,$135394,$94830
2017,6037460401,Census Tract 4604.01,Pasadena,Los Angeles County,California,Pasadena,106757.0,15880.0,122349.0,27296.0,76217.0,60744.0,,,,,,,,,,,122349.0,29991.0,131939.0,109474.0,$106757,$15880,$122349,$27296,$76217,$60744,,,,,,,,,,,$122349,$29991,$131939,$109474
2017,6037460800,Census Tract 4608,Pasadena,Los Angeles County,California,Pasadena,263366.0,34900.0,275182.0,34321.0,175788.0,121949.0,,,198787.0,111670.0,,,,,,,279252.0,36676.0,,,$263366,$34900,$275182,$34321,$175788,$121949,,,$198787,$111670,,,,,,,$279252,$36676,,
2017,6037460900,Census Tract 4609,Pasadena,Los Angeles County,California,Pasadena,98376.0,13053.0,104602.0,11391.0,82521.0,20980.0,,,104397.0,50745.0,,,97963.0,13589.0,171867.0,42942.0,126493.0,20029.0,96851.0,8828.0,$98376,$13053,$104602,$11391,$82521,$20980,,,$104397,$50745,,,$97963,$13589,$171867,$42942,$126493,$20029,$96851,$8828
2017,6037461000,Census Tract 4610,Pasadena,Los Angeles County,California,Pasadena,73649.0,8041.0,83068.0,17051.0,70431.0,21379.0,,,76435.0,52626.0,,,56712.0,29421.0,,,121144.0,67343.0,77992.0,7865.0,$73649,$8041,$83068,$17051,$70431,$21379,,,$76435,$52626,,,$56712,$29421,,,$121144,$67343,$77992,$7865
2017,6037461300,Census Tract 4613,Pasadena,Los Angeles County,California,Pasadena,111072.0,21957.0,121056.0,25573.0,,,,,152594.0,67125.0,,,,,,,121411.0,25292.0,58311.0,41232.0,$111072,$21957,$121056,$25573,,,,,$152594,$67125,,,,,,,$121411,$25292,$58311,$41232
2017,6037461400,Census Tract 4614,Pasadena,Los Angeles County,California,Pasadena,76331.0,13756.0,80228.0,12243.0,68836.0,18997.0,,,,,,,44446.0,32413.0,,,83802.0,19931.0,77214.0,42572.0,$76331,$13756,$80228,$12243,$68836,$18997,,,,,,,$44446,$32413,,,$83802,$19931,$77214,$42572
2017,6037461501,Census Tract 4615.01,Pasadena,Los Angeles County,California,Pasadena,94736.0,21632.0,107729.0,13182.0,51684.0,25540.0,,,,,,,101234.0,48707.0,121465.0,54695.0,122053.0,25027.0,98235.0,43702.0,$94736,$21632,$107729,$13182,$51684,$25540,,,,,,,$101234,$48707,$121465,$54695,$122053,$25027,$98235,$43702
2017,6037461502,Census Tract 4615.02,Pasadena,Los Angeles County,California,Pasadena,66962.0,12634.0,78047.0,13431.0,50908.0,12958.0,,,80151.0,24590.0,,,51123.0,43882.0,132109.0,100957.0,119175.0,52481.0,64560.0,15685.0,$66962,$12634,$78047,$13431,$50908,$12958,,,$80151,$24590,,,$51123,$43882,$132109,$100957,$119175,$52481,$64560,$15685
2017,6037461600,Census Tract 4616,Pasadena,Los Angeles County,California,Pasadena,76217.0,17634.0,100464.0,19313.0,54750.0,30094.0,,,107047.0,58651.0,,,47449.0,18178.0,,,126822.0,22882.0,50852.0,22276.0,$76217,$17634,$100464,$19313,$54750,$30094,,,$107047,$58651,,,$47449,$18178,,,$126822,$22882,$50852,$22276
2017,6037461700,Census Tract 4617,Pasadena,Los Angeles County,California,Pasadena,162645.0,15346.0,163577.0,20875.0,72847.0,54947.0,,,249670.0,117749.0,,,,,,,163487.0,20934.0,152433.0,85628.0,$162645,$15346,$163577,$20875,$72847,$54947,,,$249670,$117749,,,,,,,$163487,$20934,$152433,$85628
2017,6037461901,Census Tract 4619.01,Pasadena,Los Angeles County,California,Pasadena,65424.0,9498.0,68325.0,9512.0,58382.0,36994.0,,,59547.0,40906.0,,,68321.0,19601.0,,,79288.0,24337.0,62778.0,20529.0,$65424,$9498,$68325,$9512,$58382,$36994,,,$59547,$40906,,,$68321,$19601,,,$79288,$24337,$62778,$20529
2017,6037461902,Census Tract 4619.02,Pasadena,Los Angeles County,California,Pasadena,,,83896.0,36424.0,25878.0,22229.0,,,,,,,,,,,96876.0,45957.0,77871.0,44547.0,,,$83896,$36424,$25878,$22229,,,,,,,,,,,$96876,$45957,$77871,$44547
2017,6037462001,Census Tract 4620.01,Pasadena,Los Angeles County,California,Pasadena,53386.0,10625.0,68996.0,14039.0,32923.0,20044.0,,,,,,,44125.0,19597.0,,,90772.0,69995.0,55646.0,14259.0,$53386,$10625,$68996,$14039,$32923,$20044,,,,,,,$44125,$19597,,,$90772,$69995,$55646,$14259
2017,6037462002,Census Tract 4620.02,Pasadena,Los Angeles County,California,Pasadena,44879.0,9617.0,66268.0,12351.0,19002.0,16861.0,,,52893.0,49952.0,,,41521.0,6174.0,216135.0,197586.0,114815.0,79968.0,43323.0,9817.0,$44879,$9617,$66268,$12351,$19002,$16861,,,$52893,$49952,,,$41521,$6174,$216135,$197586,$114815,$79968,$43323,$9817
2017,6037462100,Census Tract 4621,Pasadena,Los Angeles County,California,Pasadena,70565.0,17531.0,83522.0,21297.0,101408.0,49621.0,,,68675.0,12146.0,,,45184.0,25628.0,,,122316.0,42195.0,51496.0,12768.0,$70565,$17531,$83522,$21297,$101408,$49621,,,$68675,$12146,,,$45184,$25628,,,$122316,$42195,$51496,$12768
2017,6037462201,Census Tract 4622.01,Pasadena,Los Angeles County,California,Pasadena,40168.0,10803.0,57706.0,30534.0,,,,,20105.0,5449.0,,,36905.0,31574.0,,,69110.0,41029.0,47907.0,10395.0,$40168,$10803,$57706,$30534,,,,,$20105,$5449,,,$36905,$31574,,,$69110,$41029,$47907,$10395
2017,6037462202,Census Tract 4622.02,Pasadena,Los Angeles County,California,Pasadena,81684.0,9885.0,85815.0,23705.0,,,,,80925.0,60247.0,,,81993.0,59887.0,,,84476.0,35919.0,90966.0,18309.0,$81684,$9885,$85815,$23705,,,,,$80925,$60247,,,$81993,$59887,,,$84476,$35919,$90966,$18309
2017,6037462301,Census Tract 4623.01,Pasadena,Los Angeles County,California,Pasadena,68484.0,13328.0,68655.0,13409.0,50025.0,11724.0,,,109993.0,28487.0,,,50798.0,41877.0,111036.0,42117.0,70430.0,13974.0,60133.0,25178.0,$68484,$13328,$68655,$13409,$50025,$11724,,,$109993,$28487,,,$50798,$41877,$111036,$42117,$70430,$13974,$60133,$25178
2017,6037462302,Census Tract 4623.02,Pasadena,Los Angeles County,California,Pasadena,103705.0,21558.0,118884.0,19858.0,80747.0,27489.0,,,105901.0,44174.0,,,39819.0,3583.0,186232.0,145598.0,117993.0,27020.0,99216.0,32539.0,$103705,$21558,$118884,$19858,$80747,$27489,,,$105901,$44174,,,$39819,$3583,$186232,$145598,$117993,$27020,$99216,$32539
2017,6037462400,Census Tract 4624,Pasadena,Los Angeles County,California,Pasadena,105901.0,33910.0,96127.0,59373.0,,,,,146581.0,76255.0,,,,,,,119972.0,62198.0,65959.0,44697.0,$105901,$33910,$96127,$59373,,,,,$146581,$76255,,,,,,,$119972,$62198,$65959,$44697
2017,6037462500,Census Tract 4625,Pasadena,Los Angeles County,California,Pasadena,116575.0,19803.0,111466.0,15021.0,,,,,217330.0,123062.0,,,,,,,106467.0,17483.0,102623.0,92427.0,$116575,$19803,$111466,$15021,,,,,$217330,$123062,,,,,,,$106467,$17483,$102623,$92427
2017,6037462600,Census Tract 4626,Pasadena,Los Angeles County,California,Pasadena,148860.0,10477.0,149953.0,9452.0,120219.0,36368.0,,,195757.0,58540.0,,,,,,,154284.0,29000.0,134095.0,91149.0,$148860,$10477,$149953,$9452,$120219,$36368,,,$195757,$58540,,,,,,,$154284,$29000,$134095,$91149
2017,6037462700,Census Tract 4627,Pasadena,Los Angeles County,California,Pasadena,86039.0,18047.0,73046.0,20007.0,123701.0,37700.0,,,142806.0,62638.0,,,86428.0,43111.0,,,85042.0,31953.0,76649.0,32578.0,$86039,$18047,$73046,$20007,$123701,$37700,,,$142806,$62638,,,$86428,$43111,,,$85042,$31953,$76649,$32578
2017,6037462800,Census Tract 4628,Pasadena,Los Angeles County,California,Pasadena,85933.0,13947.0,92583.0,20289.0,74040.0,61405.0,,,89271.0,46430.0,,,96034.0,26794.0,,,98050.0,27239.0,92886.0,20963.0,$85933,$13947,$92583,$20289,$74040,$61405,,,$89271,$46430,,,$96034,$26794,,,$98050,$27239,$92886,$20963
2017,6037462900,Census Tract 4629,Pasadena,Los Angeles County,California,Pasadena,149224.0,30202.0,154840.0,35255.0,,,,,163099.0,50667.0,,,,,,,163398.0,34897.0,93294.0,29394.0,$149224,$30202,$154840,$35255,,,,,$163099,$50667,,,,,,,$163398,$34897,$93294,$29394
2017,6037463000,Census Tract 4630,Pasadena,Los Angeles County,California,Pasadena,142494.0,12015.0,141959.0,16299.0,96676.0,82928.0,,,150115.0,48188.0,,,,,,,144678.0,15345.0,72320.0,63669.0,$142494,$12015,$141959,$16299,$96676,$82928,,,$150115,$48188,,,,,,,$144678,$15345,$72320,$63669
2017,6037463102,Census Tract 4631.02,Pasadena,Los Angeles County,California,Pasadena,120578.0,27724.0,128967.0,28822.0,,,,,121144.0,53866.0,,,50821.0,38545.0,,,135758.0,22935.0,51161.0,46802.0,$120578,$27724,$128967,$28822,,,,,$121144,$53866,,,$50821,$38545,,,$135758,$22935,$51161,$46802
2017,6037463200,Census Tract 4632,Pasadena,Los Angeles County,California,Pasadena,117647.0,33367.0,133084.0,49807.0,,,,,105099.0,36839.0,,,136965.0,23699.0,28280.0,21119.0,138394.0,37059.0,117133.0,68077.0,$117647,$33367,$133084,$49807,,,,,$105099,$36839,,,$136965,$23699,$28280,$21119,$138394,$37059,$117133,$68077
2017,6037463400,Census Tract 4634,Pasadena,Los Angeles County,California,Pasadena,107658.0,10738.0,120492.0,28089.0,93867.0,23323.0,,,108133.0,18266.0,,,67222.0,28403.0,,,127206.0,45455.0,74830.0,23416.0,$107658,$10738,$120492,$28089,$93867,$23323,,,$108133,$18266,,,$67222,$28403,,,$127206,$45455,$74830,$23416
2017,6037463500,Census Tract 4635,Pasadena,Los Angeles County,California,Pasadena,100405.0,17265.0,109085.0,19115.0,66322.0,42996.0,,,91398.0,19877.0,,,,,,,109352.0,17065.0,93667.0,86478.0,$100405,$17265,$109085,$19115,$66322,$42996,,,$91398,$19877,,,,,,,$109352,$17065,$93667,$86478
2017,6037463601,Census Tract 4636.01,Pasadena,Los Angeles County,California,Pasadena,102080.0,10744.0,113057.0,19648.0,,,,,99811.0,14566.0,,,71639.0,8499.0,111644.0,95703.0,119700.0,37549.0,73495.0,57674.0,$102080,$10744,$113057,$19648,,,,,$99811,$14566,,,$71639,$8499,$111644,$95703,$119700,$37549,$73495,$57674
2017,6037463602,Census Tract 4636.02,Pasadena,Los Angeles County,California,Pasadena,96781.0,14902.0,101603.0,23686.0,,,,,83068.0,31755.0,,,,,95357.0,70715.0,101517.0,20478.0,116675.0,69847.0,$96781,$14902,$101603,$23686,,,,,$83068,$31755,,,,,$95357,$70715,$101517,$20478,$116675,$69847
2017,6037463700,Census Tract 4637,Pasadena,Los Angeles County,California,Pasadena,150829.0,43244.0,172560.0,28361.0,,,,,118381.0,93441.0,,,28080.0,4830.0,,,170634.0,32119.0,193795.0,137277.0,$150829,$43244,$172560,$28361,,,,,$118381,$93441,,,$28080,$4830,,,$170634,$32119,$193795,$137277
2017,6037463800,Census Tract 4638,Pasadena,Los Angeles County,California,Pasadena,211981.0,25002.0,200475.0,34635.0,,,,,225785.0,91872.0,,,,,,,209997.0,40368.0,199721.0,74328.0,$211981,$25002,$200475,$34635,,,,,$225785,$91872,,,,,,,$209997,$40368,$199721,$74328
2017,6037463900,Census Tract 4639,Pasadena,Los Angeles County,California,Pasadena,125398.0,25810.0,126572.0,36343.0,170340.0,61605.0,,,127763.0,36642.0,,,,,,,124718.0,36988.0,,,$125398,$25810,$126572,$36343,$170340,$61605,,,$127763,$36642,,,,,,,$124718,$36988,,
2017,6037464000,Census Tract 4640,Pasadena,Los Angeles County,California,Pasadena,139300.0,29338.0,157488.0,24384.0,45871.0,38344.0,,,79763.0,75435.0,,,,,,,176612.0,22282.0,82435.0,48775.0,$139300,$29338,$157488,$24384,$45871,$38344,,,$79763,$75435,,,,,,,$176612,$22282,$82435,$48775
2017,6037480600,Census Tract 4806,Pasadena,Los Angeles County,California,Pasadena,95990.0,13537.0,97224.0,16650.0,,,,,70701.0,47578.0,,,128525.0,69841.0,,,96189.0,24676.0,125654.0,60754.0,$95990,$13537,$97224,$16650,,,,,$70701,$47578,,,$128525,$69841,,,$96189,$24676,$125654,$60754
2018,6037181000,Census Tract 1810,Pasadena,Los Angeles County,California,Pasadena,147119.0,12269.0,150941.0,17556.0,,,,,188936.0,75786.0,,,,,142903.0,116136.0,145276.0,24689.0,150929.0,32238.0,$147119,$12269,$150941,$17556,,,,,$188936,$75786,,,,,$142903,$116136,$145276,$24689,$150929,$32238
2018,6037183101,Census Tract 1831.01,Pasadena,Los Angeles County,California,Pasadena,72543.0,25166.0,96969.0,20654.0,,,,,43466.0,16453.0,,,60303.0,41987.0,,,106734.0,25807.0,61609.0,18659.0,$72543,$25166,$96969,$20654,,,,,$43466,$16453,,,$60303,$41987,,,$106734,$25807,$61609,$18659
2018,6037183104,Census Tract 1831.04,Pasadena,Los Angeles County,California,Pasadena,95274.0,18921.0,94396.0,26140.0,131831.0,129792.0,,,95209.0,26710.0,,,82292.0,52930.0,148539.0,92535.0,106196.0,38041.0,84477.0,20179.0,$95274,$18921,$94396,$26140,$131831,$129792,,,$95209,$26710,,,$82292,$52930,$148539,$92535,$106196,$38041,$84477,$20179
2018,6037300901,Census Tract 3009.01,Pasadena,Los Angeles County,California,Pasadena,183663.0,18085.0,182487.0,38429.0,,,,,197838.0,44563.0,,,,,289045.0,83899.0,183034.0,52453.0,182351.0,81951.0,$183663,$18085,$182487,$38429,,,,,$197838,$44563,,,,,$289045,$83899,$183034,$52453,$182351,$81951
2018,6037460000,Census Tract 4600,Pasadena,Los Angeles County,California,Pasadena,178969.0,26076.0,169764.0,29163.0,177888.0,126594.0,,,222103.0,64675.0,,,,,173861.0,167851.0,178671.0,33512.0,130219.0,33926.0,$178969,$26076,$169764,$29163,$177888,$126594,,,$222103,$64675,,,,,$173861,$167851,$178671,$33512,$130219,$33926
2018,6037460100,Census Tract 4601,Pasadena,Los Angeles County,California,Pasadena,163918.0,19886.0,169609.0,38489.0,87323.0,22916.0,,,,,,,,,,,192970.0,32276.0,133137.0,61670.0,$163918,$19886,$169609,$38489,$87323,$22916,,,,,,,,,,,$192970,$32276,$133137,$61670
2018,6037460401,Census Tract 4604.01,Pasadena,Los Angeles County,California,Pasadena,108919.0,18454.0,141838.0,48137.0,96720.0,39376.0,,,108468.0,63493.0,,,,,,,171120.0,77060.0,,,$108919,$18454,$141838,$48137,$96720,$39376,,,$108468,$63493,,,,,,,$171120,$77060,,
2018,6037460800,Census Tract 4608,Pasadena,Los Angeles County,California,Pasadena,260921.0,35895.0,267526.0,35119.0,193084.0,165222.0,,,239789.0,91763.0,,,,,,,268466.0,35548.0,,,$260921,$35895,$267526,$35119,$193084,$165222,,,$239789,$91763,,,,,,,$268466,$35548,,
2018,6037460900,Census Tract 4609,Pasadena,Los Angeles County,California,Pasadena,98025.0,14200.0,103631.0,20205.0,79491.0,34015.0,,,104504.0,45607.0,,,96224.0,19977.0,169873.0,97962.0,118517.0,41381.0,96798.0,14101.0,$98025,$14200,$103631,$20205,$79491,$34015,,,$104504,$45607,,,$96224,$19977,$169873,$97962,$118517,$41381,$96798,$14101
2018,6037461000,Census Tract 4610,Pasadena,Los Angeles County,California,Pasadena,73762.0,12624.0,89781.0,31183.0,64437.0,9971.0,,,,,,,57549.0,47405.0,57099.0,24825.0,123582.0,78524.0,80876.0,16993.0,$73762,$12624,$89781,$31183,$64437,$9971,,,,,,,$57549,$47405,$57099,$24825,$123582,$78524,$80876,$16993
2018,6037461300,Census Tract 4613,Pasadena,Los Angeles County,California,Pasadena,99591.0,25929.0,110948.0,31092.0,,,,,157154.0,41362.0,,,,,,,109955.0,32101.0,60941.0,54444.0,$99591,$25929,$110948,$31092,,,,,$157154,$41362,,,,,,,$109955,$32101,$60941,$54444
2018,6037461400,Census Tract 4614,Pasadena,Los Angeles County,California,Pasadena,67665.0,12725.0,79060.0,15260.0,35788.0,24669.0,,,,,,,44797.0,41208.0,,,81280.0,10439.0,41768.0,19616.0,$67665,$12725,$79060,$15260,$35788,$24669,,,,,,,$44797,$41208,,,$81280,$10439,$41768,$19616
2018,6037461501,Census Tract 4615.01,Pasadena,Los Angeles County,California,Pasadena,92608.0,22644.0,107715.0,15188.0,48226.0,31245.0,,,142534.0,119075.0,,,69962.0,41125.0,142087.0,133551.0,122983.0,29187.0,73486.0,36470.0,$92608,$22644,$107715,$15188,$48226,$31245,,,$142534,$119075,,,$69962,$41125,$142087,$133551,$122983,$29187,$73486,$36470
2018,6037461502,Census Tract 4615.02,Pasadena,Los Angeles County,California,Pasadena,73256.0,10955.0,77803.0,24951.0,52268.0,25812.0,,,77298.0,32002.0,,,68641.0,52691.0,,,102854.0,67811.0,73978.0,10031.0,$73256,$10955,$77803,$24951,$52268,$25812,,,$77298,$32002,,,$68641,$52691,,,$102854,$67811,$73978,$10031
2018,6037461600,Census Tract 4616,Pasadena,Los Angeles County,California,Pasadena,77126.0,10445.0,102011.0,24713.0,,,,,100020.0,54555.0,,,45423.0,16465.0,,,126208.0,29656.0,51767.0,21808.0,$77126,$10445,$102011,$24713,,,,,$100020,$54555,,,$45423,$16465,,,$126208,$29656,$51767,$21808
2018,6037461700,Census Tract 4617,Pasadena,Los Angeles County,California,Pasadena,160286.0,23505.0,167113.0,14589.0,89906.0,67135.0,,,199861.0,140962.0,,,,,92099.0,27073.0,166752.0,13716.0,151306.0,69019.0,$160286,$23505,$167113,$14589,$89906,$67135,,,$199861,$140962,,,,,$92099,$27073,$166752,$13716,$151306,$69019
2018,6037461901,Census Tract 4619.01,Pasadena,Los Angeles County,California,Pasadena,61447.0,12425.0,75229.0,11509.0,,,,,,,,,52483.0,21648.0,,,77348.0,8484.0,58550.0,15935.0,$61447,$12425,$75229,$11509,,,,,,,,,$52483,$21648,,,$77348,$8484,$58550,$15935
2018,6037461902,Census Tract 4619.02,Pasadena,Los Angeles County,California,Pasadena,36025.0,29437.0,77248.0,32736.0,25315.0,22242.0,,,,,,,,,,,84581.0,44542.0,75254.0,44468.0,$36025,$29437,$77248,$32736,$25315,$22242,,,,,,,,,,,$84581,$44542,$75254,$44468
2018,6037462001,Census Tract 4620.01,Pasadena,Los Angeles County,California,Pasadena,58128.0,14869.0,97405.0,22119.0,36622.0,20545.0,,,,,,,44968.0,17075.0,,,115124.0,31940.0,58185.0,16203.0,$58128,$14869,$97405,$22119,$36622,$20545,,,,,,,$44968,$17075,,,$115124,$31940,$58185,$16203
2018,6037462002,Census Tract 4620.02,Pasadena,Los Angeles County,California,Pasadena,38934.0,7175.0,67623.0,36845.0,23234.0,16668.0,,,,,,,37816.0,5467.0,,,125500.0,74263.0,38710.0,5978.0,$38934,$7175,$67623,$36845,$23234,$16668,,,,,,,$37816,$5467,,,$125500,$74263,$38710,$5978
2018,6037462100,Census Tract 4621,Pasadena,Los Angeles County,California,Pasadena,71603.0,12850.0,74322.0,39648.0,95545.0,63640.0,,,78689.0,36692.0,,,57758.0,43550.0,,,123249.0,33748.0,54743.0,13003.0,$71603,$12850,$74322,$39648,$95545,$63640,,,$78689,$36692,,,$57758,$43550,,,$123249,$33748,$54743,$13003
2018,6037462201,Census Tract 4622.01,Pasadena,Los Angeles County,California,Pasadena,44758.0,10186.0,73261.0,7689.0,28977.0,28763.0,,,18013.0,9047.0,,,,,,,73703.0,12167.0,46575.0,26610.0,$44758,$10186,$73261,$7689,$28977,$28763,,,$18013,$9047,,,,,,,$73703,$12167,$46575,$26610
2018,6037462202,Census Tract 4622.02,Pasadena,Los Angeles County,California,Pasadena,79970.0,14656.0,109642.0,32533.0,,,,,,,,,,,,,135486.0,48655.0,89672.0,25630.0,$79970,$14656,$109642,$32533,,,,,,,,,,,,,$135486,$48655,$89672,$25630
2018,6037462301,Census Tract 4623.01,Pasadena,Los Angeles County,California,Pasadena,67874.0,21326.0,66606.0,32215.0,,,,,104271.0,53986.0,,,47645.0,23032.0,111905.0,35446.0,68074.0,40294.0,52471.0,24353.0,$67874,$21326,$66606,$32215,,,,,$104271,$53986,,,$47645,$23032,$111905,$35446,$68074,$40294,$52471,$24353
2018,6037462302,Census Tract 4623.02,Pasadena,Los Angeles County,California,Pasadena,93979.0,23414.0,106621.0,33344.0,46765.0,34039.0,,,103533.0,36125.0,,,38004.0,14370.0,185193.0,102400.0,107851.0,60438.0,83291.0,32933.0,$93979,$23414,$106621,$33344,$46765,$34039,,,$103533,$36125,,,$38004,$14370,$185193,$102400,$107851,$60438,$83291,$32933
2018,6037462400,Census Tract 4624,Pasadena,Los Angeles County,California,Pasadena,107700.0,28130.0,131179.0,45270.0,,,,,121389.0,53132.0,,,,,,,135572.0,37269.0,85405.0,32445.0,$107700,$28130,$131179,$45270,,,,,$121389,$53132,,,,,,,$135572,$37269,$85405,$32445
2018,6037462500,Census Tract 4625,Pasadena,Los Angeles County,California,Pasadena,111746.0,14906.0,105167.0,13821.0,139551.0,98425.0,,,232569.0,88523.0,,,,,,,103402.0,28691.0,186874.0,159869.0,$111746,$14906,$105167,$13821,$139551,$98425,,,$232569,$88523,,,,,,,$103402,$28691,$186874,$159869
2018,6037462600,Census Tract 4626,Pasadena,Los Angeles County,California,Pasadena,163157.0,43581.0,171772.0,56539.0,120899.0,21260.0,,,202054.0,119096.0,,,,,,,201607.0,39634.0,144414.0,102610.0,$163157,$43581,$171772,$56539,$120899,$21260,,,$202054,$119096,,,,,,,$201607,$39634,$144414,$102610
2018,6037462700,Census Tract 4627,Pasadena,Los Angeles County,California,Pasadena,92969.0,22263.0,83094.0,27085.0,80665.0,61275.0,,,150018.0,27511.0,,,83730.0,50004.0,,,99046.0,13702.0,68225.0,17424.0,$92969,$22263,$83094,$27085,$80665,$61275,,,$150018,$27511,,,$83730,$50004,,,$99046,$13702,$68225,$17424
2018,6037462800,Census Tract 4628,Pasadena,Los Angeles County,California,Pasadena,97916.0,9551.0,120036.0,25532.0,76915.0,51914.0,,,76078.0,52102.0,,,92955.0,7885.0,186196.0,108646.0,135722.0,16468.0,91565.0,11790.0,$97916,$9551,$120036,$25532,$76915,$51914,,,$76078,$52102,,,$92955,$7885,$186196,$108646,$135722,$16468,$91565,$11790
2018,6037462900,Census Tract 4629,Pasadena,Los Angeles County,California,Pasadena,149919.0,28823.0,159022.0,37194.0,157973.0,139079.0,,,162672.0,70418.0,,,83015.0,46526.0,127067.0,119842.0,151723.0,45949.0,144101.0,86434.0,$149919,$28823,$159022,$37194,$157973,$139079,,,$162672,$70418,,,$83015,$46526,$127067,$119842,$151723,$45949,$144101,$86434
2018,6037463000,Census Tract 4630,Pasadena,Los Angeles County,California,Pasadena,133267.0,18080.0,127682.0,20650.0,,,,,175991.0,38462.0,,,,,,,137346.0,23359.0,69962.0,40294.0,$133267,$18080,$127682,$20650,,,,,$175991,$38462,,,,,,,$137346,$23359,$69962,$40294
2018,6037463102,Census Tract 4631.02,Pasadena,Los Angeles County,California,Pasadena,107058.0,23521.0,118443.0,30668.0,,,,,101570.0,35426.0,,,49473.0,23366.0,108938.0,84467.0,123783.0,18565.0,62368.0,32400.0,$107058,$23521,$118443,$30668,,,,,$101570,$35426,,,$49473,$23366,$108938,$84467,$123783,$18565,$62368,$32400
2018,6037463200,Census Tract 4632,Pasadena,Los Angeles County,California,Pasadena,126535.0,18960.0,133972.0,28404.0,,,,,123136.0,28737.0,,,137500.0,14792.0,,,147281.0,29962.0,116762.0,64431.0,$126535,$18960,$133972,$28404,,,,,$123136,$28737,,,$137500,$14792,,,$147281,$29962,$116762,$64431
2018,6037463400,Census Tract 4634,Pasadena,Los Angeles County,California,Pasadena,104003.0,18767.0,108900.0,22002.0,74169.0,38699.0,,,110164.0,25066.0,,,69345.0,14643.0,,,115809.0,26788.0,70911.0,7947.0,$104003,$18767,$108900,$22002,$74169,$38699,,,$110164,$25066,,,$69345,$14643,,,$115809,$26788,$70911,$7947
2018,6037463500,Census Tract 4635,Pasadena,Los Angeles County,California,Pasadena,100215.0,13963.0,115907.0,16607.0,63952.0,30805.0,,,87498.0,15896.0,,,,,82388.0,45385.0,113297.0,16306.0,163472.0,98971.0,$100215,$13963,$115907,$16607,$63952,$30805,,,$87498,$15896,,,,,$82388,$45385,$113297,$16306,$163472,$98971
2018,6037463601,Census Tract 4636.01,Pasadena,Los Angeles County,California,Pasadena,102838.0,15438.0,118112.0,22243.0,,,,,94387.0,20619.0,,,73193.0,25817.0,114167.0,58386.0,131450.0,33723.0,97200.0,49672.0,$102838,$15438,$118112,$22243,,,,,$94387,$20619,,,$73193,$25817,$114167,$58386,$131450,$33723,$97200,$49672
2018,6037463602,Census Tract 4636.02,Pasadena,Los Angeles County,California,Pasadena,96539.0,13320.0,107895.0,26695.0,,,,,89540.0,36567.0,,,,,,,101363.0,18694.0,115728.0,74228.0,$96539,$13320,$107895,$26695,,,,,$89540,$36567,,,,,,,$101363,$18694,$115728,$74228
2018,6037463700,Census Tract 4637,Pasadena,Los Angeles County,California,Pasadena,162113.0,31338.0,181917.0,34901.0,,,,,161607.0,67251.0,,,,,,,170952.0,40675.0,199235.0,54682.0,$162113,$31338,$181917,$34901,,,,,$161607,$67251,,,,,,,$170952,$40675,$199235,$54682
2018,6037463800,Census Tract 4638,Pasadena,Los Angeles County,California,Pasadena,192656.0,32697.0,184529.0,23931.0,,,,,223535.0,92302.0,,,,,,,184697.0,27636.0,,,$192656,$32697,$184529,$23931,,,,,$223535,$92302,,,,,,,$184697,$27636,,
2018,6037463900,Census Tract 4639,Pasadena,Los Angeles County,California,Pasadena,119160.0,30375.0,122956.0,33049.0,155289.0,39142.0,,,132093.0,82847.0,,,,,71790.0,10250.0,126259.0,30211.0,46847.0,38794.0,$119160,$30375,$122956,$33049,$155289,$39142,,,$132093,$82847,,,,,$71790,$10250,$126259,$30211,$46847,$38794
2018,6037464000,Census Tract 4640,Pasadena,Los Angeles County,California,Pasadena,124668.0,35808.0,116811.0,39566.0,142230.0,58848.0,,,130944.0,51042.0,,,,,,,149583.0,59343.0,75058.0,37742.0,$124668,$35808,$116811,$39566,$142230,$58848,,,$130944,$51042,,,,,,,$149583,$59343,$75058,$37742
2018,6037480600,Census Tract 4806,Pasadena,Los Angeles County,California,Pasadena,97692.0,10453.0,98349.0,8245.0,106621.0,79450.0,,,90157.0,31109.0,,,108206.0,65536.0,108138.0,91911.0,97738.0,13237.0,126424.0,39654.0,$97692,$10453,$98349,$8245,$106621,$79450,,,$90157,$31109,,,$108206,$65536,$108138,$91911,$97738,$13237,$126424,$39654
2019,6037181000,Census Tract 1810,Pasadena,Los Angeles County,California,Pasadena,143941.0,17295.0,151518.0,10302.0,,,,,,,,,50869.0,50147.0,72874.0,54840.0,148369.0,11763.0,145927.0,61149.0,$143941,$17295,$151518,$10302,,,,,,,,,$50869,$50147,$72874,$54840,$148369,$11763,$145927,$61149
2019,6037183101,Census Tract 1831.01,Pasadena,Los Angeles County,California,Pasadena,67133.0,9074.0,92988.0,26665.0,,,,,59899.0,37032.0,,,,,,,98073.0,32643.0,51963.0,28214.0,$67133,$9074,$92988,$26665,,,,,$59899,$37032,,,,,,,$98073,$32643,$51963,$28214
2019,6037183104,Census Tract 1831.04,Pasadena,Los Angeles County,California,Pasadena,114217.0,15576.0,116017.0,9223.0,,,,,84611.0,19092.0,,,85125.0,47993.0,,,133669.0,34419.0,101020.0,30626.0,$114217,$15576,$116017,$9223,,,,,$84611,$19092,,,$85125,$47993,,,$133669,$34419,$101020,$30626
2019,6037300901,Census Tract 3009.01,Pasadena,Los Angeles County,California,Pasadena,184246.0,32391.0,184093.0,49158.0,,,,,183717.0,42472.0,,,,,288008.0,100208.0,191825.0,68706.0,182615.0,36825.0,$184246,$32391,$184093,$49158,,,,,$183717,$42472,,,,,$288008,$100208,$191825,$68706,$182615,$36825
2019,6037460000,Census Tract 4600,Pasadena,Los Angeles County,California,Pasadena,159245.0,27398.0,159992.0,37606.0,94355.0,72756.0,,,186565.0,84588.0,,,,,,,170863.0,31035.0,131718.0,65411.0,$159245,$27398,$159992,$37606,$94355,$72756,,,$186565,$84588,,,,,,,$170863,$31035,$131718,$65411
2019,6037460100,Census Tract 4601,Pasadena,Los Angeles County,California,Pasadena,161810.0,30872.0,189284.0,41568.0,93927.0,8929.0,,,120104.0,63316.0,,,,,,,203380.0,27569.0,138147.0,53899.0,$161810,$30872,$189284,$41568,$93927,$8929,,,$120104,$63316,,,,,,,$203380,$27569,$138147,$53899
2019,6037460401,Census Tract 4604.01,Pasadena,Los Angeles County,California,Pasadena,123584.0,39438.0,112815.0,80529.0,133840.0,18483.0,,,,,,,,,,,219476.0,179641.0,75689.0,54171.0,$123584,$39438,$112815,$80529,$133840,$18483,,,,,,,,,,,$219476,$179641,$75689,$54171
2019,6037460800,Census Tract 4608,Pasadena,Los Angeles County,California,Pasadena,261697.0,47082.0,293950.0,66298.0,,,,,149993.0,73816.0,,,,,,,296909.0,63785.0,250058.0,193178.0,$261697,$47082,$293950,$66298,,,,,$149993,$73816,,,,,,,$296909,$63785,$250058,$193178
2019,6037460900,Census Tract 4609,Pasadena,Los Angeles County,California,Pasadena,97350.0,13912.0,97072.0,39530.0,73294.0,40596.0,,,105807.0,53015.0,,,97928.0,20901.0,115187.0,71898.0,106588.0,45989.0,97850.0,15961.0,$97350,$13912,$97072,$39530,$73294,$40596,,,$105807,$53015,,,$97928,$20901,$115187,$71898,$106588,$45989,$97850,$15961
2019,6037461000,Census Tract 4610,Pasadena,Los Angeles County,California,Pasadena,95465.0,28705.0,115071.0,21265.0,69680.0,25387.0,,,164484.0,61609.0,,,,,,,171103.0,68895.0,82491.0,25228.0,$95465,$28705,$115071,$21265,$69680,$25387,,,$164484,$61609,,,,,,,$171103,$68895,$82491,$25228
2019,6037461300,Census Tract 4613,Pasadena,Los Angeles County,California,Pasadena,101961.0,29256.0,104055.0,28852.0,,,,,172846.0,115290.0,,,,,,,104183.0,32578.0,,,$101961,$29256,$104055,$28852,,,,,$172846,$115290,,,,,,,$104183,$32578,,
2019,6037461400,Census Tract 4614,Pasadena,Los Angeles County,California,Pasadena,74378.0,13370.0,79227.0,17412.0,34440.0,17463.0,,,,,,,44323.0,30054.0,,,84028.0,18237.0,36614.0,17160.0,$74378,$13370,$79227,$17412,$34440,$17463,,,,,,,$44323,$30054,,,$84028,$18237,$36614,$17160
2019,6037461501,Census Tract 4615.01,Pasadena,Los Angeles County,California,Pasadena,102625.0,17589.0,130324.0,50166.0,,,,,142109.0,120984.0,,,68568.0,59388.0,140378.0,99544.0,157877.0,22524.0,76150.0,35175.0,$102625,$17589,$130324,$50166,,,,,$142109,$120984,,,$68568,$59388,$140378,$99544,$157877,$22524,$76150,$35175
2019,6037461502,Census Tract 4615.02,Pasadena,Los Angeles County,California,Pasadena,77250.0,5697.0,84953.0,27014.0,55094.0,20950.0,,,77561.0,57238.0,,,96646.0,11195.0,36587.0,10253.0,97569.0,56435.0,81535.0,24374.0,$77250,$5697,$84953,$27014,$55094,$20950,,,$77561,$57238,,,$96646,$11195,$36587,$10253,$97569,$56435,$81535,$24374
2019,6037461600,Census Tract 4616,Pasadena,Los Angeles County,California,Pasadena,87688.0,27945.0,126697.0,34614.0,,,,,166806.0,84402.0,,,43215.0,31339.0,222830.0,196553.0,133494.0,10659.0,55997.0,31506.0,$87688,$27945,$126697,$34614,,,,,$166806,$84402,,,$43215,$31339,$222830,$196553,$133494,$10659,$55997,$31506
2019,6037461700,Census Tract 4617,Pasadena,Los Angeles County,California,Pasadena,152428.0,35835.0,162073.0,15189.0,60715.0,58541.0,,,167684.0,76576.0,,,,,94227.0,5139.0,162435.0,16569.0,,,$152428,$35835,$162073,$15189,$60715,$58541,,,$167684,$76576,,,,,$94227,$5139,$162435,$16569,,
2019,6037461901,Census Tract 4619.01,Pasadena,Los Angeles County,California,Pasadena,63997.0,12039.0,74766.0,9232.0,56047.0,40031.0,,,70971.0,67325.0,,,54869.0,39773.0,,,79494.0,31783.0,54283.0,12659.0,$63997,$12039,$74766,$9232,$56047,$40031,,,$70971,$67325,,,$54869,$39773,,,$79494,$31783,$54283,$12659
2019,6037461902,Census Tract 4619.02,Pasadena,Los Angeles County,California,Pasadena,38354.0,29302.0,,,,,,,12637.0,12508.0,,,,,125214.0,10295.0,,,79007.0,70112.0,$38354,$29302,,,,,,,$12637,$12508,,,,,$125214,$10295,,,$79007,$70112
2019,6037462001,Census Tract 4620.01,Pasadena,Los Angeles County,California,Pasadena,76260.0,22043.0,97380.0,15463.0,,,,,210759.0,202991.0,,,48529.0,28277.0,,,127532.0,46655.0,62169.0,21795.0,$76260,$22043,$97380,$15463,,,,,$210759,$202991,,,$48529,$28277,,,$127532,$46655,$62169,$21795
2019,6037462002,Census Tract 4620.02,Pasadena,Los Angeles County,California,Pasadena,38130.0,7112.0,68599.0,34209.0,17966.0,9548.0,,,18570.0,16174.0,,,37791.0,9028.0,,,,,39641.0,7512.0,$38130,$7112,$68599,$34209,$17966,$9548,,,$18570,$16174,,,$37791,$9028,,,,,$39641,$7512
2019,6037462100,Census Tract 4621,Pasadena,Los Angeles County,California,Pasadena,75587.0,9326.0,105380.0,36531.0,91534.0,62787.0,,,96662.0,88278.0,,,74356.0,12039.0,,,132360.0,37458.0,67018.0,8659.0,$75587,$9326,$105380,$36531,$91534,$62787,,,$96662,$88278,,,$74356,$12039,,,$132360,$37458,$67018,$8659
2019,6037462201,Census Tract 4622.01,Pasadena,Los Angeles County,California,Pasadena,49275.0,20389.0,75109.0,14177.0,30384.0,19328.0,,,17335.0,11201.0,,,40254.0,14499.0,123678.0,54759.0,79312.0,17872.0,45360.0,21896.0,$49275,$20389,$75109,$14177,$30384,$19328,,,$17335,$11201,,,$40254,$14499,$123678,$54759,$79312,$17872,$45360,$21896
2019,6037462202,Census Tract 4622.02,Pasadena,Los Angeles County,California,Pasadena,79243.0,15076.0,112788.0,25092.0,44218.0,27850.0,,,23947.0,13854.0,,,,,,,126455.0,38143.0,102380.0,32156.0,$79243,$15076,$112788,$25092,$44218,$27850,,,$23947,$13854,,,,,,,$126455,$38143,$102380,$32156
2019,6037462301,Census Tract 4623.01,Pasadena,Los Angeles County,California,Pasadena,71256.0,23466.0,64450.0,35876.0,99226.0,96913.0,,,107687.0,41044.0,,,30744.0,22892.0,110610.0,39811.0,64513.0,40500.0,48062.0,30579.0,$71256,$23466,$64450,$35876,$99226,$96913,,,$107687,$41044,,,$30744,$22892,$110610,$39811,$64513,$40500,$48062,$30579
2019,6037462302,Census Tract 4623.02,Pasadena,Los Angeles County,California,Pasadena,83814.0,16871.0,109533.0,40535.0,56151.0,53385.0,,,84227.0,22259.0,,,36840.0,34345.0,134550.0,98198.0,109995.0,54568.0,75290.0,25113.0,$83814,$16871,$109533,$40535,$56151,$53385,,,$84227,$22259,,,$36840,$34345,$134550,$98198,$109995,$54568,$75290,$25113
2019,6037462400,Census Tract 4624,Pasadena,Los Angeles County,California,Pasadena,112137.0,11382.0,129738.0,33254.0,87028.0,68942.0,,,109687.0,22286.0,,,86056.0,38610.0,,,119719.0,35164.0,104882.0,20240.0,$112137,$11382,$129738,$33254,$87028,$68942,,,$109687,$22286,,,$86056,$38610,,,$119719,$35164,$104882,$20240
2019,6037462500,Census Tract 4625,Pasadena,Los Angeles County,California,Pasadena,114140.0,31738.0,105644.0,18402.0,141208.0,67781.0,,,193041.0,34093.0,,,,,272295.0,19398.0,91231.0,29717.0,187170.0,137250.0,$114140,$31738,$105644,$18402,$141208,$67781,,,$193041,$34093,,,,,$272295,$19398,$91231,$29717,$187170,$137250
2019,6037462600,Census Tract 4626,Pasadena,Los Angeles County,California,Pasadena,182629.0,45406.0,172813.0,53163.0,121610.0,15405.0,,,,,,,,,,,174863.0,59827.0,148550.0,44178.0,$182629,$45406,$172813,$53163,$121610,$15405,,,,,,,,,,,$174863,$59827,$148550,$44178
2019,6037462700,Census Tract 4627,Pasadena,Los Angeles County,California,Pasadena,98819.0,20294.0,79557.0,23199.0,106662.0,71654.0,,,143949.0,25513.0,,,114772.0,28572.0,3076.0,,97608.0,29028.0,73459.0,47294.0,$98819,$20294,$79557,$23199,$106662,$71654,,,$143949,$25513,,,$114772,$28572,$3076,,$97608,$29028,$73459,$47294
2019,6037462800,Census Tract 4628,Pasadena,Los Angeles County,California,Pasadena,100209.0,7691.0,103951.0,25710.0,89996.0,74134.0,,,67469.0,55781.0,,,93567.0,10598.0,213176.0,81210.0,130484.0,26129.0,78669.0,15273.0,$100209,$7691,$103951,$25710,$89996,$74134,,,$67469,$55781,,,$93567,$10598,$213176,$81210,$130484,$26129,$78669,$15273
2019,6037462900,Census Tract 4629,Pasadena,Los Angeles County,California,Pasadena,170590.0,28968.0,182171.0,29594.0,158572.0,139455.0,,,194792.0,38618.0,,,81962.0,28727.0,,,182043.0,32088.0,,,$170590,$28968,$182171,$29594,$158572,$139455,,,$194792,$38618,,,$81962,$28727,,,$182043,$32088,,
2019,6037463000,Census Tract 4630,Pasadena,Los Angeles County,California,Pasadena,142985.0,20321.0,132138.0,12930.0,,,,,177998.0,30215.0,,,,,155548.0,101588.0,142301.0,20991.0,101674.0,95390.0,$142985,$20321,$132138,$12930,,,,,$177998,$30215,,,,,$155548,$101588,$142301,$20991,$101674,$95390
2019,6037463102,Census Tract 4631.02,Pasadena,Los Angeles County,California,Pasadena,103604.0,16000.0,122398.0,36449.0,,,,,101692.0,28549.0,,,49604.0,18259.0,,,133949.0,27093.0,53536.0,33058.0,$103604,$16000,$122398,$36449,,,,,$101692,$28549,,,$49604,$18259,,,$133949,$27093,$53536,$33058
2019,6037463200,Census Tract 4632,Pasadena,Los Angeles County,California,Pasadena,134865.0,18441.0,130763.0,21435.0,,,,,159377.0,39725.0,,,135852.0,120736.0,,,148454.0,31312.0,90611.0,35900.0,$134865,$18441,$130763,$21435,,,,,$159377,$39725,,,$135852,$120736,,,$148454,$31312,$90611,$35900
2019,6037463400,Census Tract 4634,Pasadena,Los Angeles County,California,Pasadena,114989.0,10067.0,120370.0,22009.0,76370.0,61974.0,,,113164.0,22725.0,,,,,,,126276.0,34577.0,67555.0,62920.0,$114989,$10067,$120370,$22009,$76370,$61974,,,$113164,$22725,,,,,,,$126276,$34577,$67555,$62920
2019,6037463500,Census Tract 4635,Pasadena,Los Angeles County,California,Pasadena,117335.0,19709.0,130488.0,27535.0,66081.0,14652.0,,,97663.0,26682.0,,,,,81755.0,68914.0,119600.0,22977.0,163944.0,54048.0,$117335,$19709,$130488,$27535,$66081,$14652,,,$97663,$26682,,,,,$81755,$68914,$119600,$22977,$163944,$54048
2019,6037463601,Census Tract 4636.01,Pasadena,Los Angeles County,California,Pasadena,100650.0,6264.0,112270.0,15612.0,,,,,93995.0,11055.0,,,72084.0,36675.0,111789.0,47192.0,114050.0,20502.0,82939.0,42247.0,$100650,$6264,$112270,$15612,,,,,$93995,$11055,,,$72084,$36675,$111789,$47192,$114050,$20502,$82939,$42247
2019,6037463602,Census Tract 4636.02,Pasadena,Los Angeles County,California,Pasadena,102229.0,12127.0,112815.0,13183.0,54096.0,14941.0,,,76619.0,36452.0,,,62127.0,60923.0,,,106188.0,16136.0,130592.0,43723.0,$102229,$12127,$112815,$13183,$54096,$14941,,,$76619,$36452,,,$62127,$60923,,,$106188,$16136,$130592,$43723
2019,6037463700,Census Tract 4637,Pasadena,Los Angeles County,California,Pasadena,167855.0,26973.0,189030.0,26898.0,,,,,139839.0,74879.0,,,,,,,186737.0,26502.0,177055.0,125413.0,$167855,$26973,$189030,$26898,,,,,$139839,$74879,,,,,,,$186737,$26502,$177055,$125413
2019,6037463800,Census Tract 4638,Pasadena,Los Angeles County,California,Pasadena,194991.0,25125.0,185120.0,20419.0,,,,,224825.0,55367.0,,,,,,,185632.0,20475.0,181837.0,137648.0,$194991,$25125,$185120,$20419,,,,,$224825,$55367,,,,,,,$185632,$20475,$181837,$137648
2019,6037463900,Census Tract 4639,Pasadena,Los Angeles County,California,Pasadena,128314.0,16361.0,127372.0,15375.0,169284.0,48683.0,,,100052.0,69359.0,,,,,71413.0,3095.0,128314.0,13534.0,105410.0,70384.0,$128314,$16361,$127372,$15375,$169284,$48683,,,$100052,$69359,,,,,$71413,$3095,$128314,$13534,$105410,$70384
2019,6037464000,Census Tract 4640,Pasadena,Los Angeles County,California,Pasadena,132225.0,34468.0,119133.0,49865.0,142616.0,81872.0,,,139047.0,45883.0,,,,,,,160904.0,27812.0,76692.0,22561.0,$132225,$34468,$119133,$49865,$142616,$81872,,,$139047,$45883,,,,,,,$160904,$27812,$76692,$22561
2019,6037480600,Census Tract 4806,Pasadena,Los Angeles County,California,Pasadena,114255.0,11159.0,111138.0,14626.0,120795.0,26833.0,,,146328.0,52166.0,,,131071.0,104231.0,,,111869.0,15309.0,112851.0,39795.0,$114255,$11159,$111138,$14626,$120795,$26833,,,$146328,$52166,,,$131071,$104231,,,$111869,$15309,$112851,$39795
2020,6037460001,Census Tract 4600.01,Pasadena,Los Angeles County,California,Pasadena,236078.0,92631.0,240596.0,127812.0,,,,,,,,,,,,,228595.0,125985.0,,,$236078,$92631,$240596,$127812,,,,,,,,,,,,,$228595,$125985,,
2020,6037460002,Census Tract 4600.02,Pasadena,Los Angeles County,California,Pasadena,159676.0,36395.0,159865.0,30004.0,96215.0,88830.0,,,190684.0,38771.0,,,,,,,159536.0,32023.0,,,$159676,$36395,$159865,$30004,$96215,$88830,,,$190684,$38771,,,,,,,$159536,$32023,,
2020,6037460101,Census Tract 4601.01,Pasadena,Los Angeles County,California,Pasadena,165601.0,47972.0,166882.0,66225.0,94301.0,34243.0,,,,,,,215444.0,132401.0,,,189922.0,72647.0,151566.0,60232.0,$165601,$47972,$166882,$66225,$94301,$34243,,,,,,,$215444,$132401,,,$189922,$72647,$151566,$60232
2020,6037460401,Census Tract 4604.01,Pasadena,Los Angeles County,California,Pasadena,112852.0,43703.0,125757.0,75663.0,138324.0,17721.0,,,,,,,75783.0,23308.0,,,171555.0,120545.0,73758.0,31638.0,$112852,$43703,$125757,$75663,$138324,$17721,,,,,,,$75783,$23308,,,$171555,$120545,$73758,$31638
2020,6037460800,Census Tract 4608,Pasadena,Los Angeles County,California,Pasadena,268871.0,68944.0,250581.0,66180.0,,,,,,,,,,,184915.0,83950.0,268567.0,72430.0,249438.0,241357.0,$268871,$68944,$250581,$66180,,,,,,,,,,,$184915,$83950,$268567,$72430,$249438,$241357
2020,6037460900,Census Tract 4609,Pasadena,Los Angeles County,California,Pasadena,95516.0,11674.0,92894.0,34783.0,82145.0,49911.0,,,103327.0,49704.0,,,95983.0,21252.0,138444.0,27154.0,128054.0,50118.0,95519.0,17719.0,$95516,$11674,$92894,$34783,$82145,$49911,,,$103327,$49704,,,$95983,$21252,$138444,$27154,$128054,$50118,$95519,$17719
2020,6037461300,Census Tract 4613,Pasadena,Los Angeles County,California,Pasadena,94771.0,25374.0,114471.0,30417.0,,,,,,,,,60300.0,15476.0,,,121889.0,27196.0,64222.0,15115.0,$94771,$25374,$114471,$30417,,,,,,,,,$60300,$15476,,,$121889,$27196,$64222,$15115
2020,6037461400,Census Tract 4614,Pasadena,Los Angeles County,California,Pasadena,81859.0,18137.0,88561.0,46306.0,29035.0,24177.0,,,,,,,43580.0,31491.0,110928.0,58353.0,91547.0,44913.0,,,$81859,$18137,$88561,$46306,$29035,$24177,,,,,,,$43580,$31491,$110928,$58353,$91547,$44913,,
2020,6037461501,Census Tract 4615.01,Pasadena,Los Angeles County,California,Pasadena,93659.0,14530.0,100929.0,38459.0,68318.0,34907.0,,,140685.0,102784.0,,,101429.0,52631.0,198123.0,113458.0,137522.0,64834.0,75019.0,34447.0,$93659,$14530,$100929,$38459,$68318,$34907,,,$140685,$102784,,,$101429,$52631,$198123,$113458,$137522,$64834,$75019,$34447
2020,6037461502,Census Tract 4615.02,Pasadena,Los Angeles County,California,Pasadena,67517.0,28493.0,83900.0,24368.0,,,,,,,,,,,,,96132.0,58849.0,55161.0,42762.0,$67517,$28493,$83900,$24368,,,,,,,,,,,,,$96132,$58849,$55161,$42762
2020,6037461600,Census Tract 4616,Pasadena,Los Angeles County,California,Pasadena,97445.0,33112.0,110069.0,37915.0,98617.0,47925.0,,,168193.0,54601.0,,,,,,,149731.0,33105.0,50588.0,33626.0,$97445,$33112,$110069,$37915,$98617,$47925,,,$168193,$54601,,,,,,,$149731,$33105,$50588,$33626
2020,6037461700,Census Tract 4617,Pasadena,Los Angeles County,California,Pasadena,166783.0,19826.0,183467.0,30132.0,,,,,157132.0,46301.0,,,40290.0,25339.0,280865.0,12577.0,183467.0,32222.0,,,$166783,$19826,$183467,$30132,,,,,$157132,$46301,,,$40290,$25339,$280865,$12577,$183467,$32222,,
2020,6037461901,Census Tract 4619.01,Pasadena,Los Angeles County,California,Pasadena,60221.0,13716.0,76503.0,7528.0,58366.0,39571.0,61942.0,36168.0,,,,,51980.0,17947.0,,,95646.0,36649.0,50398.0,10175.0,$60221,$13716,$76503,$7528,$58366,$39571,$61942,$36168,,,,,$51980,$17947,,,$95646,$36649,$50398,$10175
2020,6037461902,Census Tract 4619.02,Pasadena,Los Angeles County,California,Pasadena,44221.0,37249.0,43559.0,18606.0,,,,,,,,,,,123057.0,14208.0,43089.0,23613.0,113343.0,58433.0,$44221,$37249,$43559,$18606,,,,,,,,,,,$123057,$14208,$43089,$23613,$113343,$58433
2020,6037462001,Census Tract 4620.01,Pasadena,Los Angeles County,California,Pasadena,87751.0,15136.0,99875.0,9862.0,91934.0,72161.0,,,,,,,55035.0,18431.0,,,114244.0,33217.0,65835.0,27120.0,$87751,$15136,$99875,$9862,$91934,$72161,,,,,,,$55035,$18431,,,$114244,$33217,$65835,$27120
2020,6037462002,Census Tract 4620.02,Pasadena,Los Angeles County,California,Pasadena,35704.0,13626.0,68978.0,45145.0,,,,,14481.0,9826.0,,,41229.0,10145.0,,,,,37816.0,14615.0,$35704,$13626,$68978,$45145,,,,,$14481,$9826,,,$41229,$10145,,,,,$37816,$14615
2020,6037462100,Census Tract 4621,Pasadena,Los Angeles County,California,Pasadena,78289.0,23838.0,111899.0,42343.0,101263.0,58122.0,,,96279.0,64969.0,,,68174.0,17989.0,34890.0,2476.0,135878.0,55413.0,60349.0,21772.0,$78289,$23838,$111899,$42343,$101263,$58122,,,$96279,$64969,,,$68174,$17989,$34890,$2476,$135878,$55413,$60349,$21772
2020,6037462201,Census Tract 4622.01,Pasadena,Los Angeles County,California,Pasadena,48401.0,13235.0,62626.0,6783.0,29930.0,12104.0,,,17528.0,14706.0,,,40115.0,10225.0,88435.0,80600.0,62231.0,5694.0,48152.0,12781.0,$48401,$13235,$62626,$6783,$29930,$12104,,,$17528,$14706,,,$40115,$10225,$88435,$80600,$62231,$5694,$48152,$12781
2020,6037462202,Census Tract 4622.02,Pasadena,Los Angeles County,California,Pasadena,101795.0,13322.0,109738.0,20901.0,43724.0,35449.0,,,63225.0,52289.0,,,107437.0,73592.0,122404.0,37482.0,126010.0,51162.0,106640.0,23328.0,$101795,$13322,$109738,$20901,$43724,$35449,,,$63225,$52289,,,$107437,$73592,$122404,$37482,$126010,$51162,$106640,$23328
2020,6037462301,Census Tract 4623.01,Pasadena,Los Angeles County,California,Pasadena,77225.0,16679.0,81375.0,39972.0,,,,,102984.0,61236.0,,,33202.0,16832.0,110195.0,42174.0,63546.0,37440.0,54510.0,30620.0,$77225,$16679,$81375,$39972,,,,,$102984,$61236,,,$33202,$16832,$110195,$42174,$63546,$37440,$54510,$30620
2020,6037462302,Census Tract 4623.02,Pasadena,Los Angeles County,California,Pasadena,91007.0,26676.0,118482.0,22654.0,143302.0,72971.0,,,81603.0,23895.0,,,,,,,118115.0,23254.0,74391.0,27772.0,$91007,$26676,$118482,$22654,$143302,$72971,,,$81603,$23895,,,,,,,$118115,$23254,$74391,$27772
2020,6037462400,Census Tract 4624,Pasadena,Los Angeles County,California,Pasadena,112346.0,13183.0,121266.0,43757.0,,,,,94561.0,51678.0,,,97353.0,30114.0,,,156373.0,37466.0,94887.0,32856.0,$112346,$13183,$121266,$43757,,,,,$94561,$51678,,,$97353,$30114,,,$156373,$37466,$94887,$32856
2020,6037462500,Census Tract 4625,Pasadena,Los Angeles County,California,Pasadena,116394.0,36579.0,104241.0,13873.0,,,,,167973.0,46924.0,,,,,,,93558.0,24806.0,,,$116394,$36579,$104241,$13873,,,,,$167973,$46924,,,,,,,$93558,$24806,,
2020,6037462600,Census Tract 4626,Pasadena,Los Angeles County,California,Pasadena,151136.0,50152.0,179399.0,72119.0,92913.0,48626.0,,,,,,,85741.0,80993.0,,,204738.0,64423.0,,,$151136,$50152,$179399,$72119,$92913,$48626,,,,,,,$85741,$80993,,,$204738,$64423,,
2020,6037462700,Census Tract 4627,Pasadena,Los Angeles County,California,Pasadena,83197.0,33316.0,105750.0,38838.0,92609.0,61564.0,,,145746.0,34017.0,,,58210.0,38516.0,,,108770.0,47434.0,58402.0,29719.0,$83197,$33316,$105750,$38838,$92609,$61564,,,$145746,$34017,,,$58210,$38516,,,$108770,$47434,$58402,$29719
2020,6037462800,Census Tract 4628,Pasadena,Los Angeles County,California,Pasadena,105611.0,11873.0,105230.0,10182.0,149197.0,136110.0,,,128829.0,80799.0,,,98176.0,16966.0,229057.0,57748.0,111360.0,12427.0,76353.0,15591.0,$105611,$11873,$105230,$10182,$149197,$136110,,,$128829,$80799,,,$98176,$16966,$229057,$57748,$111360,$12427,$76353,$15591
2020,6037462900,Census Tract 4629,Pasadena,Los Angeles County,California,Pasadena,127037.0,46395.0,155362.0,29283.0,159176.0,31601.0,,,168899.0,24907.0,,,83331.0,34774.0,,,159231.0,45355.0,,,$127037,$46395,$155362,$29283,$159176,$31601,,,$168899,$24907,,,$83331,$34774,,,$159231,$45355,,
2020,6037463000,Census Tract 4630,Pasadena,Los Angeles County,California,Pasadena,132657.0,21230.0,157183.0,54447.0,94390.0,60553.0,,,129172.0,64927.0,,,,,81097.0,64513.0,156273.0,53868.0,198883.0,122272.0,$132657,$21230,$157183,$54447,$94390,$60553,,,$129172,$64927,,,,,$81097,$64513,$156273,$53868,$198883,$122272
2020,6037463103,Census Tract 4631.03,Pasadena,Los Angeles County,California,Pasadena,110431.0,10414.0,117859.0,11926.0,232586.0,123941.0,,,98877.0,11032.0,,,70140.0,56648.0,127717.0,54723.0,121721.0,9735.0,82271.0,44225.0,$110431,$10414,$117859,$11926,$232586,$123941,,,$98877,$11032,,,$70140,$56648,$127717,$54723,$121721,$9735,$82271,$44225
2020,6037463200,Census Tract 4632,Pasadena,Los Angeles County,California,Pasadena,119390.0,27235.0,105993.0,31841.0,,,,,166325.0,53036.0,,,76585.0,50256.0,43913.0,2730.0,120908.0,51049.0,59896.0,32085.0,$119390,$27235,$105993,$31841,,,,,$166325,$53036,,,$76585,$50256,$43913,$2730,$120908,$51049,$59896,$32085
2020,6037463400,Census Tract 4634,Pasadena,Los Angeles County,California,Pasadena,120434.0,13435.0,128338.0,62725.0,93299.0,54684.0,,,124846.0,35787.0,,,128163.0,101744.0,,,128236.0,54922.0,117281.0,87018.0,$120434,$13435,$128338,$62725,$93299,$54684,,,$124846,$35787,,,$128163,$101744,,,$128236,$54922,$117281,$87018
2020,6037463500,Census Tract 4635,Pasadena,Los Angeles County,California,Pasadena,102586.0,29648.0,115546.0,28943.0,64105.0,43974.0,,,100919.0,47058.0,,,188878.0,99552.0,77934.0,11433.0,116285.0,16169.0,,,$102586,$29648,$115546,$28943,$64105,$43974,,,$100919,$47058,,,$188878,$99552,$77934,$11433,$116285,$16169,,
2020,6037463601,Census Tract 4636.01,Pasadena,Los Angeles County,California,Pasadena,99174.0,10116.0,112813.0,13315.0,,,,,80259.0,14073.0,,,58450.0,24267.0,114723.0,26871.0,105951.0,21653.0,111435.0,64429.0,$99174,$10116,$112813,$13315,,,,,$80259,$14073,,,$58450,$24267,$114723,$26871,$105951,$21653,$111435,$64429
2020,6037463602,Census Tract 4636.02,Pasadena,Los Angeles County,California,Pasadena,115496.0,29687.0,110524.0,17336.0,,,,,132950.0,86693.0,,,65079.0,60695.0,,,103996.0,19081.0,133348.0,45546.0,$115496,$29687,$110524,$17336,,,,,$132950,$86693,,,$65079,$60695,,,$103996,$19081,$133348,$45546
2020,6037463700,Census Tract 4637,Pasadena,Los Angeles County,California,Pasadena,176885.0,24649.0,211679.0,50966.0,,,,,161117.0,111543.0,,,,,74802.0,66537.0,186520.0,53147.0,192330.0,105278.0,$176885,$24649,$211679,$50966,,,,,$161117,$111543,,,,,$74802,$66537,$186520,$53147,$192330,$105278
2020,6037463800,Census Tract 4638,Pasadena,Los Angeles County,California,Pasadena,204652.0,34923.0,183217.0,18456.0,,,,,226752.0,55804.0,,,,,,,182527.0,17695.0,,,$204652,$34923,$183217,$18456,,,,,$226752,$55804,,,,,,,$182527,$17695,,
2020,6037463900,Census Tract 4639,Pasadena,Los Angeles County,California,Pasadena,136258.0,15094.0,134663.0,14570.0,181630.0,123191.0,,,149442.0,76372.0,,,,,71709.0,24834.0,136144.0,17928.0,105695.0,41677.0,$136258,$15094,$134663,$14570,$181630,$123191,,,$149442,$76372,,,,,$71709,$24834,$136144,$17928,$105695,$41677
2020,6037464000,Census Tract 4640,Pasadena,Los Angeles County,California,Pasadena,143451.0,18609.0,142826.0,48714.0,144499.0,34254.0,,,141191.0,38006.0,,,,,,,183701.0,48171.0,76622.0,16885.0,$143451,$18609,$142826,$48714,$144499,$34254,,,$141191,$38006,,,,,,,$183701,$48171,$76622,$16885
2021,6037460001,Census Tract 4600.01,Pasadena,Los Angeles County,California,Pasadena,275884.0,84564.0,,,,,,,166892.0,77433.0,,,,,,,282664.0,91985.0,,,$275884,$84564,,,,,,,$166892,$77433,,,,,,,$282664,$91985,,
2021,6037460002,Census Tract 4600.02,Pasadena,Los Angeles County,California,Pasadena,192612.0,12785.0,199492.0,28947.0,,,,,189426.0,24571.0,,,,,,,207255.0,27530.0,157752.0,92413.0,$192612,$12785,$199492,$28947,,,,,$189426,$24571,,,,,,,$207255,$27530,$157752,$92413
2021,6037460101,Census Tract 4601.01,Pasadena,Los Angeles County,California,Pasadena,166922.0,41206.0,176889.0,46814.0,93278.0,20401.0,,,,,,,273712.0,171562.0,240461.0,135898.0,200336.0,66038.0,166359.0,38661.0,$166922,$41206,$176889,$46814,$93278,$20401,,,,,,,$273712,$171562,$240461,$135898,$200336,$66038,$166359,$38661
2021,6037460401,Census Tract 4604.01,Pasadena,Los Angeles County,California,Pasadena,124981.0,28531.0,148261.0,81759.0,128628.0,31148.0,,,,,,,73497.0,54104.0,,,149347.0,143794.0,72773.0,29471.0,$124981,$28531,$148261,$81759,$128628,$31148,,,,,,,$73497,$54104,,,$149347,$143794,$72773,$29471
2021,6037460800,Census Tract 4608,Pasadena,Los Angeles County,California,Pasadena,,,,,,,,,,,,,,,184647.0,64062.0,,,250782.0,152837.0,,,,,,,,,,,,,,,$184647,$64062,,,$250782,$152837
2021,6037460900,Census Tract 4609,Pasadena,Los Angeles County,California,Pasadena,94568.0,16002.0,128944.0,30002.0,85646.0,11440.0,,,,,,,81048.0,29432.0,137023.0,37375.0,147935.0,32862.0,88589.0,18274.0,$94568,$16002,$128944,$30002,$85646,$11440,,,,,,,$81048,$29432,$137023,$37375,$147935,$32862,$88589,$18274
2021,6037461300,Census Tract 4613,Pasadena,Los Angeles County,California,Pasadena,105222.0,37545.0,114590.0,30935.0,,,,,,,,,62972.0,40319.0,,,121949.0,35420.0,65229.0,14776.0,$105222,$37545,$114590,$30935,,,,,,,,,$62972,$40319,,,$121949,$35420,$65229,$14776
2021,6037461400,Census Tract 4614,Pasadena,Los Angeles County,California,Pasadena,81058.0,15076.0,85018.0,50270.0,35186.0,33170.0,,,230003.0,73032.0,,,,,91564.0,35282.0,84167.0,43164.0,81514.0,38741.0,$81058,$15076,$85018,$50270,$35186,$33170,,,$230003,$73032,,,,,$91564,$35282,$84167,$43164,$81514,$38741
2021,6037461501,Census Tract 4615.01,Pasadena,Los Angeles County,California,Pasadena,98982.0,13210.0,120247.0,37268.0,69174.0,53294.0,,,94985.0,93106.0,,,70428.0,35106.0,,,148442.0,38689.0,65791.0,14516.0,$98982,$13210,$120247,$37268,$69174,$53294,,,$94985,$93106,,,$70428,$35106,,,$148442,$38689,$65791,$14516
2021,6037461502,Census Tract 4615.02,Pasadena,Los Angeles County,California,Pasadena,80109.0,15019.0,96890.0,20894.0,,,,,,,,,93071.0,19196.0,,,114119.0,57893.0,85879.0,17376.0,$80109,$15019,$96890,$20894,,,,,,,,,$93071,$19196,,,$114119,$57893,$85879,$17376
2021,6037461600,Census Tract 4616,Pasadena,Los Angeles County,California,Pasadena,76152.0,21165.0,107483.0,46908.0,96560.0,67451.0,,,183601.0,67625.0,,,46756.0,28227.0,,,144242.0,32028.0,51986.0,19434.0,$76152,$21165,$107483,$46908,$96560,$67451,,,$183601,$67625,,,$46756,$28227,,,$144242,$32028,$51986,$19434
2021,6037461700,Census Tract 4617,Pasadena,Los Angeles County,California,Pasadena,170062.0,24372.0,184604.0,18846.0,59473.0,37680.0,,,156770.0,123082.0,,,38378.0,18602.0,,,185201.0,20062.0,,,$170062,$24372,$184604,$18846,$59473,$37680,,,$156770,$123082,,,$38378,$18602,,,$185201,$20062,,
2021,6037461901,Census Tract 4619.01,Pasadena,Los Angeles County,California,Pasadena,59538.0,11588.0,76928.0,9174.0,58277.0,37038.0,,,59377.0,44722.0,,,55185.0,17573.0,,,94617.0,27970.0,50591.0,12279.0,$59538,$11588,$76928,$9174,$58277,$37038,,,$59377,$44722,,,$55185,$17573,,,$94617,$27970,$50591,$12279
2021,6037461902,Census Tract 4619.02,Pasadena,Los Angeles County,California,Pasadena,43961.0,35188.0,43680.0,26303.0,,,,,,,,,,,114371.0,70668.0,43309.0,27530.0,,,$43961,$35188,$43680,$26303,,,,,,,,,,,$114371,$70668,$43309,$27530,,
2021,6037462001,Census Tract 4620.01,Pasadena,Los Angeles County,California,Pasadena,88341.0,17167.0,98551.0,20429.0,93677.0,55857.0,,,,,,,60327.0,20664.0,95872.0,53341.0,133236.0,55908.0,71300.0,17534.0,$88341,$17167,$98551,$20429,$93677,$55857,,,,,,,$60327,$20664,$95872,$53341,$133236,$55908,$71300,$17534
2021,6037462002,Census Tract 4620.02,Pasadena,Los Angeles County,California,Pasadena,31740.0,21078.0,,,41443.0,27489.0,,,,,,,52976.0,27233.0,,,11988.0,11931.0,36205.0,30313.0,$31740,$21078,,,$41443,$27489,,,,,,,$52976,$27233,,,$11988,$11931,$36205,$30313
2021,6037462100,Census Tract 4621,Pasadena,Los Angeles County,California,Pasadena,96541.0,9789.0,134684.0,50062.0,101214.0,67578.0,,,116447.0,63565.0,,,77420.0,24691.0,33653.0,22210.0,152931.0,71667.0,73215.0,16995.0,$96541,$9789,$134684,$50062,$101214,$67578,,,$116447,$63565,,,$77420,$24691,$33653,$22210,$152931,$71667,$73215,$16995
2021,6037462201,Census Tract 4622.01,Pasadena,Los Angeles County,California,Pasadena,50762.0,14933.0,63186.0,10752.0,25199.0,10925.0,,,15039.0,4780.0,,,49584.0,18560.0,72581.0,43860.0,62037.0,12415.0,58169.0,10023.0,$50762,$14933,$63186,$10752,$25199,$10925,,,$15039,$4780,,,$49584,$18560,$72581,$43860,$62037,$12415,$58169,$10023
2021,6037462202,Census Tract 4622.02,Pasadena,Los Angeles County,California,Pasadena,103435.0,12345.0,101375.0,13972.0,,,,,90346.0,41819.0,,,105301.0,17551.0,,,101117.0,28267.0,105236.0,1979.0,$103435,$12345,$101375,$13972,,,,,$90346,$41819,,,$105301,$17551,,,$101117,$28267,$105236,$1979
2021,6037462301,Census Tract 4623.01,Pasadena,Los Angeles County,California,Pasadena,79487.0,12669.0,86235.0,28974.0,100980.0,57923.0,,,92414.0,18589.0,,,,,109030.0,39095.0,84128.0,35782.0,75754.0,46926.0,$79487,$12669,$86235,$28974,$100980,$57923,,,$92414,$18589,,,,,$109030,$39095,$84128,$35782,$75754,$46926
2021,6037462302,Census Tract 4623.02,Pasadena,Los Angeles County,California,Pasadena,76371.0,17012.0,76978.0,33724.0,88030.0,2716.0,,,71203.0,11064.0,,,,,,,75641.0,31382.0,71446.0,23609.0,$76371,$17012,$76978,$33724,$88030,$2716,,,$71203,$11064,,,,,,,$75641,$31382,$71446,$23609
2021,6037462400,Census Tract 4624,Pasadena,Los Angeles County,California,Pasadena,114822.0,22963.0,141201.0,46689.0,89548.0,57666.0,,,91237.0,40869.0,,,86552.0,40493.0,273940.0,21143.0,167449.0,25892.0,85572.0,28169.0,$114822,$22963,$141201,$46689,$89548,$57666,,,$91237,$40869,,,$86552,$40493,$273940,$21143,$167449,$25892,$85572,$28169
2021,6037462500,Census Tract 4625,Pasadena,Los Angeles County,California,Pasadena,128657.0,39000.0,106268.0,17537.0,,,,,169158.0,46782.0,,,,,,,99300.0,30053.0,106277.0,57420.0,$128657,$39000,$106268,$17537,,,,,$169158,$46782,,,,,,,$99300,$30053,$106277,$57420
2021,6037462600,Census Tract 4626,Pasadena,Los Angeles County,California,Pasadena,148058.0,53818.0,200079.0,35383.0,51122.0,2579.0,,,86349.0,75143.0,,,,,,,200985.0,26155.0,100651.0,94966.0,$148058,$53818,$200079,$35383,$51122,$2579,,,$86349,$75143,,,,,,,$200985,$26155,$100651,$94966
2021,6037462700,Census Tract 4627,Pasadena,Los Angeles County,California,Pasadena,82491.0,30898.0,100518.0,43768.0,61101.0,26923.0,,,139753.0,35290.0,,,59716.0,25303.0,,,100931.0,47126.0,59315.0,20547.0,$82491,$30898,$100518,$43768,$61101,$26923,,,$139753,$35290,,,$59716,$25303,,,$100931,$47126,$59315,$20547
2021,6037462800,Census Tract 4628,Pasadena,Los Angeles County,California,Pasadena,112364.0,20963.0,112122.0,16551.0,196957.0,86874.0,,,141925.0,73961.0,,,87376.0,67444.0,223186.0,112447.0,129525.0,31418.0,74480.0,12601.0,$112364,$20963,$112122,$16551,$196957,$86874,,,$141925,$73961,,,$87376,$67444,$223186,$112447,$129525,$31418,$74480,$12601
2021,6037462900,Census Tract 4629,Pasadena,Los Angeles County,California,Pasadena,125551.0,43771.0,141321.0,25706.0,157372.0,79106.0,,,170062.0,38163.0,,,81882.0,37402.0,,,139149.0,30907.0,,,$125551,$43771,$141321,$25706,$157372,$79106,,,$170062,$38163,,,$81882,$37402,,,$139149,$30907,,
2021,6037463000,Census Tract 4630,Pasadena,Los Angeles County,California,Pasadena,128456.0,30792.0,174113.0,60048.0,,,,,68500.0,63633.0,,,,,126317.0,115398.0,173813.0,64909.0,251748.0,114133.0,$128456,$30792,$174113,$60048,,,,,$68500,$63633,,,,,$126317,$115398,$173813,$64909,$251748,$114133
2021,6037463103,Census Tract 4631.03,Pasadena,Los Angeles County,California,Pasadena,108495.0,11444.0,118865.0,8153.0,277478.0,95472.0,,,91672.0,15748.0,,,,,106733.0,31635.0,119533.0,6751.0,82272.0,47971.0,$108495,$11444,$118865,$8153,$277478,$95472,,,$91672,$15748,,,,,$106733,$31635,$119533,$6751,$82272,$47971
2021,6037463200,Census Tract 4632,Pasadena,Los Angeles County,California,Pasadena,107168.0,35239.0,110685.0,33414.0,,,,,192612.0,65137.0,,,59450.0,29864.0,64880.0,62636.0,126478.0,63507.0,60535.0,32087.0,$107168,$35239,$110685,$33414,,,,,$192612,$65137,,,$59450,$29864,$64880,$62636,$126478,$63507,$60535,$32087
2021,6037463400,Census Tract 4634,Pasadena,Los Angeles County,California,Pasadena,120202.0,19623.0,109510.0,42172.0,78656.0,74705.0,,,130471.0,65419.0,,,129286.0,62055.0,122294.0,69057.0,108872.0,27361.0,128562.0,80177.0,$120202,$19623,$109510,$42172,$78656,$74705,,,$130471,$65419,,,$129286,$62055,$122294,$69057,$108872,$27361,$128562,$80177
2021,6037463500,Census Tract 4635,Pasadena,Los Angeles County,California,Pasadena,116256.0,18366.0,117587.0,15330.0,64494.0,58219.0,,,159359.0,102214.0,,,189267.0,88770.0,85445.0,37315.0,117305.0,13496.0,145786.0,109754.0,$116256,$18366,$117587,$15330,$64494,$58219,,,$159359,$102214,,,$189267,$88770,$85445,$37315,$117305,$13496,$145786,$109754
2021,6037463601,Census Tract 4636.01,Pasadena,Los Angeles County,California,Pasadena,96447.0,12671.0,108922.0,11013.0,45352.0,16468.0,,,82494.0,15211.0,,,76383.0,18115.0,113518.0,41649.0,104059.0,14970.0,82718.0,31411.0,$96447,$12671,$108922,$11013,$45352,$16468,,,$82494,$15211,,,$76383,$18115,$113518,$41649,$104059,$14970,$82718,$31411
2021,6037463602,Census Tract 4636.02,Pasadena,Los Angeles County,California,Pasadena,111195.0,28492.0,102448.0,19506.0,,,,,134925.0,69915.0,,,,,189819.0,157034.0,102501.0,18583.0,110137.0,56849.0,$111195,$28492,$102448,$19506,,,,,$134925,$69915,,,,,$189819,$157034,$102501,$18583,$110137,$56849
2021,6037463700,Census Tract 4637,Pasadena,Los Angeles County,California,Pasadena,165418.0,24398.0,207578.0,46743.0,,,,,114590.0,78091.0,,,,,,,203655.0,49505.0,175668.0,76189.0,$165418,$24398,$207578,$46743,,,,,$114590,$78091,,,,,,,$203655,$49505,$175668,$76189
2021,6037463800,Census Tract 4638,Pasadena,Los Angeles County,California,Pasadena,207457.0,32008.0,196440.0,30002.0,,,,,217595.0,121653.0,,,,,,,196025.0,29261.0,,,$207457,$32008,$196440,$30002,,,,,$217595,$121653,,,,,,,$196025,$29261,,
2021,6037463900,Census Tract 4639,Pasadena,Los Angeles County,California,Pasadena,142947.0,16314.0,134973.0,14840.0,180819.0,116946.0,,,172428.0,32728.0,,,,,71490.0,40698.0,135878.0,22658.0,115696.0,52096.0,$142947,$16314,$134973,$14840,$180819,$116946,,,$172428,$32728,,,,,$71490,$40698,$135878,$22658,$115696,$52096
2021,6037464000,Census Tract 4640,Pasadena,Los Angeles County,California,Pasadena,144018.0,14977.0,157752.0,57913.0,,,,,143320.0,32297.0,,,,,,,180543.0,58788.0,77321.0,41449.0,$144018,$14977,$157752,$57913,,,,,$143320,$32297,,,,,,,$180543,$58788,$77321,$41449
2022,6037460001,Census Tract 4600.01,Pasadena,Los Angeles County,California,Pasadena,243397.0,120667.0,,,,,,,168689.0,30231.0,,,,,,,,,,,$243397,$120667,,,,,,,$168689,$30231,,,,,,,,,,
2022,6037460002,Census Tract 4600.02,Pasadena,Los Angeles County,California,Pasadena,199758.0,25054.0,215787.0,26354.0,,,,,195052.0,41318.0,,,,,,,218155.0,34357.0,163724.0,105637.0,$199758,$25054,$215787,$26354,,,,,$195052,$41318,,,,,,,$218155,$34357,$163724,$105637
2022,6037460101,Census Tract 4601.01,Pasadena,Los Angeles County,California,Pasadena,187678.0,51662.0,194749.0,68830.0,91797.0,40058.0,,,,,,,,,201417.0,199538.0,203041.0,90047.0,171494.0,45346.0,$187678,$51662,$194749,$68830,$91797,$40058,,,,,,,,,$201417,$199538,$203041,$90047,$171494,$45346
2022,6037460401,Census Tract 4604.01,Pasadena,Los Angeles County,California,Pasadena,124333.0,28053.0,,,126457.0,39297.0,,,,,,,74054.0,17858.0,,,218387.0,167925.0,74177.0,19575.0,$124333,$28053,,,$126457,$39297,,,,,,,$74054,$17858,,,$218387,$167925,$74177,$19575
2022,6037460800,Census Tract 4608,Pasadena,Los Angeles County,California,Pasadena,,,266620.0,52095.0,,,,,,,,,,,183469.0,73171.0,,,,,,,$266620,$52095,,,,,,,,,,,$183469,$73171,,,,
2022,6037460900,Census Tract 4609,Pasadena,Los Angeles County,California,Pasadena,95941.0,14528.0,128956.0,64999.0,96787.0,20798.0,,,,,,,70321.0,18730.0,123232.0,35777.0,140104.0,80631.0,80217.0,28350.0,$95941,$14528,$128956,$64999,$96787,$20798,,,,,,,$70321,$18730,$123232,$35777,$140104,$80631,$80217,$28350
2022,6037461300,Census Tract 4613,Pasadena,Los Angeles County,California,Pasadena,100591.0,36540.0,104802.0,34734.0,,,,,214176.0,191051.0,,,67437.0,17841.0,,,104170.0,39450.0,,,$100591,$36540,$104802,$34734,,,,,$214176,$191051,,,$67437,$17841,,,$104170,$39450,,
2022,6037461400,Census Tract 4614,Pasadena,Los Angeles County,California,Pasadena,84240.0,16534.0,85077.0,43585.0,64042.0,55325.0,,,226792.0,42576.0,,,,,89671.0,30649.0,88014.0,57589.0,80675.0,37473.0,$84240,$16534,$85077,$43585,$64042,$55325,,,$226792,$42576,,,,,$89671,$30649,$88014,$57589,$80675,$37473
2022,6037461501,Census Tract 4615.01,Pasadena,Los Angeles County,California,Pasadena,99413.0,24777.0,127178.0,31172.0,68456.0,29262.0,,,133006.0,105910.0,,,49707.0,19667.0,,,148048.0,37135.0,69723.0,16243.0,$99413,$24777,$127178,$31172,$68456,$29262,,,$133006,$105910,,,$49707,$19667,,,$148048,$37135,$69723,$16243
2022,6037461502,Census Tract 4615.02,Pasadena,Los Angeles County,California,Pasadena,75999.0,18168.0,97562.0,20435.0,,,,,,,,,97358.0,18511.0,,,96962.0,34729.0,94199.0,20758.0,$75999,$18168,$97562,$20435,,,,,,,,,$97358,$18511,,,$96962,$34729,$94199,$20758
2022,6037461600,Census Tract 4616,Pasadena,Los Angeles County,California,Pasadena,74177.0,15995.0,110533.0,59994.0,96879.0,81411.0,,,222757.0,66240.0,,,43268.0,25423.0,54039.0,19987.0,146976.0,26626.0,45982.0,24725.0,$74177,$15995,$110533,$59994,$96879,$81411,,,$222757,$66240,,,$43268,$25423,$54039,$19987,$146976,$26626,$45982,$24725
2022,6037461700,Census Tract 4617,Pasadena,Los Angeles County,California,Pasadena,152960.0,45824.0,169943.0,40736.0,59755.0,27194.0,,,154970.0,112922.0,,,38318.0,19661.0,,,170084.0,46911.0,,,$152960,$45824,$169943,$40736,$59755,$27194,,,$154970,$112922,,,$38318,$19661,,,$170084,$46911,,
2022,6037461901,Census Tract 4619.01,Pasadena,Los Angeles County,California,Pasadena,57411.0,13873.0,75699.0,12306.0,,,,,,,,,47697.0,14768.0,48266.0,46083.0,78974.0,32430.0,49358.0,6836.0,$57411,$13873,$75699,$12306,,,,,,,,,$47697,$14768,$48266,$46083,$78974,$32430,$49358,$6836
2022,6037461902,Census Tract 4619.02,Pasadena,Los Angeles County,California,Pasadena,42491.0,27471.0,39822.0,15278.0,30349.0,25483.0,,,,,,,,,114317.0,20001.0,40322.0,29762.0,,,$42491,$27471,$39822,$15278,$30349,$25483,,,,,,,,,$114317,$20001,$40322,$29762,,
2022,6037462001,Census Tract 4620.01,Pasadena,Los Angeles County,California,Pasadena,90472.0,11350.0,101155.0,48061.0,95419.0,1321.0,,,91209.0,18047.0,,,58870.0,30047.0,96648.0,55982.0,138990.0,106179.0,81164.0,25521.0,$90472,$11350,$101155,$48061,$95419,$1321,,,$91209,$18047,,,$58870,$30047,$96648,$55982,$138990,$106179,$81164,$25521
2022,6037462002,Census Tract 4620.02,Pasadena,Los Angeles County,California,Pasadena,41943.0,16059.0,56495.0,50536.0,,,,,,,,,44934.0,10954.0,,,,,43481.0,18725.0,$41943,$16059,$56495,$50536,,,,,,,,,$44934,$10954,,,,,$43481,$18725
2022,6037462100,Census Tract 4621,Pasadena,Los Angeles County,California,Pasadena,94034.0,12204.0,121773.0,46474.0,,,,,125176.0,51835.0,,,76062.0,15222.0,67866.0,50766.0,109481.0,81919.0,76981.0,23221.0,$94034,$12204,$121773,$46474,,,,,$125176,$51835,,,$76062,$15222,$67866,$50766,$109481,$81919,$76981,$23221
2022,6037462201,Census Tract 4622.01,Pasadena,Los Angeles County,California,Pasadena,47511.0,19404.0,65120.0,20263.0,20790.0,12626.0,,,15232.0,1523.0,,,41709.0,25824.0,74167.0,68820.0,63633.0,9728.0,57209.0,17428.0,$47511,$19404,$65120,$20263,$20790,$12626,,,$15232,$1523,,,$41709,$25824,$74167,$68820,$63633,$9728,$57209,$17428
2022,6037462202,Census Tract 4622.02,Pasadena,Los Angeles County,California,Pasadena,105355.0,7371.0,110188.0,29151.0,,,,,97471.0,37875.0,,,105380.0,25748.0,,,110658.0,34474.0,105676.0,20468.0,$105355,$7371,$110188,$29151,,,,,$97471,$37875,,,$105380,$25748,,,$110658,$34474,$105676,$20468
2022,6037462301,Census Tract 4623.01,Pasadena,Los Angeles County,California,Pasadena,87875.0,6627.0,88080.0,11325.0,100007.0,54064.0,,,98922.0,23965.0,,,53294.0,47427.0,104170.0,46819.0,90179.0,27235.0,76204.0,21826.0,$87875,$6627,$88080,$11325,$100007,$54064,,,$98922,$23965,,,$53294,$47427,$104170,$46819,$90179,$27235,$76204,$21826
2022,6037462302,Census Tract 4623.02,Pasadena,Los Angeles County,California,Pasadena,74394.0,13437.0,74922.0,25754.0,89241.0,2220.0,,,70663.0,48747.0,,,74150.0,44987.0,34178.0,16832.0,76369.0,32127.0,62588.0,41055.0,$74394,$13437,$74922,$25754,$89241,$2220,,,$70663,$48747,,,$74150,$44987,$34178,$16832,$76369,$32127,$62588,$41055
2022,6037462400,Census Tract 4624,Pasadena,Los Angeles County,California,Pasadena,142509.0,28495.0,144339.0,22552.0,55789.0,44786.0,,,97135.0,82378.0,,,128864.0,90842.0,261364.0,170946.0,172113.0,25316.0,109120.0,41119.0,$142509,$28495,$144339,$22552,$55789,$44786,,,$97135,$82378,,,$128864,$90842,$261364,$170946,$172113,$25316,$109120,$41119
2022,6037462500,Census Tract 4625,Pasadena,Los Angeles County,California,Pasadena,126916.0,43549.0,107184.0,14515.0,157974.0,93176.0,,,146264.0,26987.0,,,,,,,106131.0,21289.0,,,$126916,$43549,$107184,$14515,$157974,$93176,,,$146264,$26987,,,,,,,$106131,$21289,,
2022,6037462600,Census Tract 4626,Pasadena,Los Angeles County,California,Pasadena,175514.0,73018.0,204542.0,23358.0,49573.0,6054.0,,,87055.0,10605.0,,,,,,,201863.0,22752.0,,,$175514,$73018,$204542,$23358,$49573,$6054,,,$87055,$10605,,,,,,,$201863,$22752,,
2022,6037462700,Census Tract 4627,Pasadena,Los Angeles County,California,Pasadena,78601.0,29162.0,140961.0,77555.0,,,,,,,,,60305.0,33713.0,,,143104.0,71976.0,60219.0,26757.0,$78601,$29162,$140961,$77555,,,,,,,,,$60305,$33713,,,$143104,$71976,$60219,$26757
2022,6037462800,Census Tract 4628,Pasadena,Los Angeles County,California,Pasadena,109986.0,13828.0,106585.0,12882.0,154524.0,77014.0,,,171662.0,28660.0,,,73634.0,21622.0,,,110756.0,15288.0,72929.0,3778.0,$109986,$13828,$106585,$12882,$154524,$77014,,,$171662,$28660,,,$73634,$21622,,,$110756,$15288,$72929,$3778
2022,6037462900,Census Tract 4629,Pasadena,Los Angeles County,California,Pasadena,129097.0,19889.0,149016.0,30679.0,130782.0,23449.0,,,155417.0,38304.0,,,82743.0,45579.0,,,158264.0,52723.0,75744.0,70447.0,$129097,$19889,$149016,$30679,$130782,$23449,,,$155417,$38304,,,$82743,$45579,,,$158264,$52723,$75744,$70447
2022,6037463000,Census Tract 4630,Pasadena,Los Angeles County,California,Pasadena,132640.0,28285.0,175636.0,52364.0,,,,,68330.0,61107.0,,,,,137218.0,74925.0,174953.0,50591.0,205882.0,164292.0,$132640,$28285,$175636,$52364,,,,,$68330,$61107,,,,,$137218,$74925,$174953,$50591,$205882,$164292
2022,6037463103,Census Tract 4631.03,Pasadena,Los Angeles County,California,Pasadena,108240.0,15006.0,122913.0,13302.0,,,,,89097.0,26246.0,,,116155.0,72808.0,105296.0,11316.0,122912.0,13721.0,114553.0,42422.0,$108240,$15006,$122913,$13302,,,,,$89097,$26246,,,$116155,$72808,$105296,$11316,$122912,$13721,$114553,$42422
2022,6037463200,Census Tract 4632,Pasadena,Los Angeles County,California,Pasadena,100842.0,14452.0,105397.0,20631.0,,,,,168719.0,61345.0,,,60750.0,39879.0,68330.0,58432.0,106530.0,26740.0,71847.0,38400.0,$100842,$14452,$105397,$20631,,,,,$168719,$61345,,,$60750,$39879,$68330,$58432,$106530,$26740,$71847,$38400
2022,6037463400,Census Tract 4634,Pasadena,Los Angeles County,California,Pasadena,124506.0,18544.0,125654.0,77357.0,,,,,130397.0,38211.0,,,147479.0,56500.0,,,122838.0,60312.0,130888.0,58649.0,$124506,$18544,$125654,$77357,,,,,$130397,$38211,,,$147479,$56500,,,$122838,$60312,$130888,$58649
2022,6037463500,Census Tract 4635,Pasadena,Los Angeles County,California,Pasadena,111834.0,27116.0,125048.0,21090.0,,,,,,,,,190344.0,50025.0,80040.0,14543.0,128155.0,21163.0,126909.0,93393.0,$111834,$27116,$125048,$21090,,,,,,,,,$190344,$50025,$80040,$14543,$128155,$21163,$126909,$93393
2022,6037463601,Census Tract 4636.01,Pasadena,Los Angeles County,California,Pasadena,91993.0,16418.0,107447.0,11094.0,47918.0,18894.0,,,80547.0,23437.0,,,76584.0,4037.0,113133.0,47137.0,107301.0,12295.0,77477.0,7892.0,$91993,$16418,$107447,$11094,$47918,$18894,,,$80547,$23437,,,$76584,$4037,$113133,$47137,$107301,$12295,$77477,$7892
2022,6037463602,Census Tract 4636.02,Pasadena,Los Angeles County,California,Pasadena,115639.0,25527.0,111810.0,15689.0,,,,,134397.0,86305.0,,,,,188954.0,81920.0,111421.0,15914.0,129961.0,82373.0,$115639,$25527,$111810,$15689,,,,,$134397,$86305,,,,,$188954,$81920,$111421,$15914,$129961,$82373
2022,6037463700,Census Tract 4637,Pasadena,Los Angeles County,California,Pasadena,187511.0,13140.0,215469.0,43100.0,,,,,154375.0,27828.0,,,145536.0,52300.0,,,215133.0,43110.0,154269.0,80702.0,$187511,$13140,$215469,$43100,,,,,$154375,$27828,,,$145536,$52300,,,$215133,$43110,$154269,$80702
2022,6037463800,Census Tract 4638,Pasadena,Los Angeles County,California,Pasadena,227498.0,38916.0,205481.0,30703.0,,,,,247416.0,245010.0,,,,,,,205455.0,27158.0,,,$227498,$38916,$205481,$30703,,,,,$247416,$245010,,,,,,,$205455,$27158,,
2022,6037463900,Census Tract 4639,Pasadena,Los Angeles County,California,Pasadena,135960.0,18323.0,134650.0,13173.0,,,,,173139.0,38583.0,,,175514.0,163845.0,101021.0,69427.0,134832.0,14679.0,118477.0,52074.0,$135960,$18323,$134650,$13173,,,,,$173139,$38583,,,$175514,$163845,$101021,$69427,$134832,$14679,$118477,$52074
2022,6037464000,Census Tract 4640,Pasadena,Los Angeles County,California,Pasadena,143846.0,22895.0,143846.0,41687.0,,,,,159102.0,41929.0,,,,,,,154148.0,52879.0,96205.0,58327.0,$143846,$22895,$143846,$41687,,,,,$159102,$41929,,,,,,,$154148,$52879,$96205,$58327
2023,6037460001,Census Tract 4600.01,Pasadena,Los Angeles County,California,Pasadena,257202.0,71391.0,,,,,,,166878.0,26286.0,,,,,,,,,,,$257202,$71391,,,,,,,$166878,$26286,,,,,,,,,,
2023,6037460002,Census Tract 4600.02,Pasadena,Los Angeles County,California,Pasadena,195058.0,29281.0,216795.0,23506.0,,,,,193405.0,88022.0,,,53453.0,37151.0,189363.0,86483.0,216427.0,35088.0,214240.0,163018.0,$195058,$29281,$216795,$23506,,,,,$193405,$88022,,,$53453,$37151,$189363,$86483,$216427,$35088,$214240,$163018
2023,6037460101,Census Tract 4601.01,Pasadena,Los Angeles County,California,Pasadena,182575.0,53078.0,198585.0,87904.0,93709.0,34110.0,,,,,,,,,182492.0,83829.0,199185.0,100647.0,201713.0,70536.0,$182575,$53078,$198585,$87904,$93709,$34110,,,,,,,,,$182492,$83829,$199185,$100647,$201713,$70536
2023,6037460401,Census Tract 4604.01,Pasadena,Los Angeles County,California,Pasadena,127815.0,29602.0,194939.0,96197.0,140124.0,33582.0,,,,,,,66639.0,13742.0,,,223375.0,118295.0,66571.0,16706.0,$127815,$29602,$194939,$96197,$140124,$33582,,,,,,,$66639,$13742,,,$223375,$118295,$66571,$16706
2023,6037460800,Census Tract 4608,Pasadena,Los Angeles County,California,Pasadena,,,236442.0,56068.0,,,,,,,,,,,201244.0,187238.0,236468.0,67948.0,116127.0,108164.0,,,$236442,$56068,,,,,,,,,,,$201244,$187238,$236468,$67948,$116127,$108164
2023,6037460900,Census Tract 4609,Pasadena,Los Angeles County,California,Pasadena,95818.0,48454.0,181053.0,22807.0,87691.0,38143.0,,,76400.0,64313.0,,,64909.0,31358.0,137119.0,42583.0,181146.0,24226.0,77894.0,26875.0,$95818,$48454,$181053,$22807,$87691,$38143,,,$76400,$64313,,,$64909,$31358,$137119,$42583,$181146,$24226,$77894,$26875
2023,6037461300,Census Tract 4613,Pasadena,Los Angeles County,California,Pasadena,96004.0,31239.0,107538.0,32990.0,,,,,212616.0,98987.0,,,,,76831.0,59595.0,107602.0,34960.0,62544.0,51813.0,$96004,$31239,$107538,$32990,,,,,$212616,$98987,,,,,$76831,$59595,$107602,$34960,$62544,$51813
2023,6037461400,Census Tract 4614,Pasadena,Los Angeles County,California,Pasadena,99864.0,23936.0,113661.0,59395.0,,,,,145662.0,52415.0,,,,,91512.0,35971.0,113804.0,60915.0,91203.0,22863.0,$99864,$23936,$113661,$59395,,,,,$145662,$52415,,,,,$91512,$35971,$113804,$60915,$91203,$22863
2023,6037461501,Census Tract 4615.01,Pasadena,Los Angeles County,California,Pasadena,99143.0,21861.0,127052.0,31022.0,68864.0,29660.0,,,131542.0,119790.0,,,48077.0,37856.0,76228.0,21161.0,128435.0,38157.0,75092.0,11890.0,$99143,$21861,$127052,$31022,$68864,$29660,,,$131542,$119790,,,$48077,$37856,$76228,$21161,$128435,$38157,$75092,$11890
2023,6037461502,Census Tract 4615.02,Pasadena,Los Angeles County,California,Pasadena,75028.0,13790.0,84667.0,28156.0,,,137211.0,86513.0,,,,,82072.0,21551.0,,,83766.0,28978.0,81864.0,14535.0,$75028,$13790,$84667,$28156,,,$137211,$86513,,,,,$82072,$21551,,,$83766,$28978,$81864,$14535
2023,6037461600,Census Tract 4616,Pasadena,Los Angeles County,California,Pasadena,80277.0,29809.0,107851.0,47451.0,97823.0,58432.0,,,223104.0,22074.0,,,30300.0,22764.0,56938.0,28323.0,146043.0,36336.0,47866.0,28211.0,$80277,$29809,$107851,$47451,$97823,$58432,,,$223104,$22074,,,$30300,$22764,$56938,$28323,$146043,$36336,$47866,$28211
2023,6037461700,Census Tract 4617,Pasadena,Los Angeles County,California,Pasadena,129959.0,58227.0,170705.0,70402.0,,,,,108085.0,86468.0,,,,,,,174995.0,75644.0,,,$129959,$58227,$170705,$70402,,,,,$108085,$86468,,,,,,,$174995,$75644,,
2023,6037461901,Census Tract 4619.01,Pasadena,Los Angeles County,California,Pasadena,66480.0,21451.0,98538.0,16273.0,58241.0,55721.0,,,,,,,48439.0,18091.0,40158.0,27019.0,103367.0,10207.0,49968.0,9159.0,$66480,$21451,$98538,$16273,$58241,$55721,,,,,,,$48439,$18091,$40158,$27019,$103367,$10207,$49968,$9159
2023,6037461902,Census Tract 4619.02,Pasadena,Los Angeles County,California,Pasadena,68748.0,31860.0,63865.0,48691.0,,,,,,,,,,,114657.0,43942.0,63907.0,51725.0,,,$68748,$31860,$63865,$48691,,,,,,,,,,,$114657,$43942,$63907,$51725,,
2023,6037462001,Census Tract 4620.01,Pasadena,Los Angeles County,California,Pasadena,93443.0,8776.0,,,93721.0,30401.0,223247.0,222210.0,90821.0,14398.0,,,83637.0,38714.0,69120.0,48374.0,185145.0,69802.0,85492.0,17928.0,$93443,$8776,,,$93721,$30401,$223247,$222210,$90821,$14398,,,$83637,$38714,$69120,$48374,$185145,$69802,$85492,$17928
2023,6037462002,Census Tract 4620.02,Pasadena,Los Angeles County,California,Pasadena,43338.0,11277.0,83235.0,29136.0,,,,,29381.0,24454.0,,,43749.0,13512.0,,,,,42222.0,12811.0,$43338,$11277,$83235,$29136,,,,,$29381,$24454,,,$43749,$13512,,,,,$42222,$12811
2023,6037462100,Census Tract 4621,Pasadena,Los Angeles County,California,Pasadena,96282.0,11703.0,137211.0,65890.0,,,,,107656.0,58913.0,,,79464.0,31810.0,62942.0,35627.0,134534.0,92922.0,93131.0,25797.0,$96282,$11703,$137211,$65890,,,,,$107656,$58913,,,$79464,$31810,$62942,$35627,$134534,$92922,$93131,$25797
2023,6037462201,Census Tract 4622.01,Pasadena,Los Angeles County,California,Pasadena,50097.0,16448.0,63671.0,6267.0,20390.0,16566.0,171199.0,114881.0,13411.0,1713.0,,,41926.0,25788.0,72608.0,38020.0,62907.0,4631.0,58307.0,22516.0,$50097,$16448,$63671,$6267,$20390,$16566,$171199,$114881,$13411,$1713,,,$41926,$25788,$72608,$38020,$62907,$4631,$58307,$22516
2023,6037462202,Census Tract 4622.02,Pasadena,Los Angeles County,California,Pasadena,106662.0,10087.0,96290.0,28191.0,,,,,132533.0,68001.0,,,106425.0,24360.0,185569.0,98800.0,88600.0,25026.0,107483.0,8450.0,$106662,$10087,$96290,$28191,,,,,$132533,$68001,,,$106425,$24360,$185569,$98800,$88600,$25026,$107483,$8450
2023,6037462301,Census Tract 4623.01,Pasadena,Los Angeles County,California,Pasadena,91633.0,6756.0,90870.0,9433.0,66228.0,40891.0,,,102816.0,25196.0,,,75958.0,23429.0,97049.0,50857.0,96397.0,32881.0,88755.0,18777.0,$91633,$6756,$90870,$9433,$66228,$40891,,,$102816,$25196,,,$75958,$23429,$97049,$50857,$96397,$32881,$88755,$18777
2023,6037462302,Census Tract 4623.02,Pasadena,Los Angeles County,California,Pasadena,76873.0,19937.0,90928.0,48515.0,88641.0,836.0,,,70657.0,32426.0,,,74852.0,12896.0,,,90990.0,56728.0,61498.0,29105.0,$76873,$19937,$90928,$48515,$88641,$836,,,$70657,$32426,,,$74852,$12896,,,$90990,$56728,$61498,$29105
2023,6037462400,Census Tract 4624,Pasadena,Los Angeles County,California,Pasadena,152067.0,15195.0,151834.0,24654.0,,,,,154524.0,117829.0,,,130710.0,108042.0,,,174458.0,25648.0,119124.0,37178.0,$152067,$15195,$151834,$24654,,,,,$154524,$117829,,,$130710,$108042,,,$174458,$25648,$119124,$37178
2023,6037462500,Census Tract 4625,Pasadena,Los Angeles County,California,Pasadena,130204.0,39057.0,113108.0,75400.0,,,,,144798.0,25446.0,,,,,,,136937.0,69727.0,98572.0,73558.0,$130204,$39057,$113108,$75400,,,,,$144798,$25446,,,,,,,$136937,$69727,$98572,$73558
2023,6037462600,Census Tract 4626,Pasadena,Los Angeles County,California,Pasadena,142569.0,34413.0,193781.0,55105.0,50102.0,11929.0,,,86444.0,10944.0,,,115409.0,47258.0,,,171134.0,53798.0,138170.0,101325.0,$142569,$34413,$193781,$55105,$50102,$11929,,,$86444,$10944,,,$115409,$47258,,,$171134,$53798,$138170,$101325
2023,6037462700,Census Tract 4627,Pasadena,Los Angeles County,California,Pasadena,68606.0,13656.0,142500.0,47767.0,48896.0,18203.0,,,63785.0,22291.0,,,,,,,143418.0,52936.0,58350.0,17275.0,$68606,$13656,$142500,$47767,$48896,$18203,,,$63785,$22291,,,,,,,$143418,$52936,$58350,$17275
2023,6037462800,Census Tract 4628,Pasadena,Los Angeles County,California,Pasadena,111846.0,18697.0,104257.0,25325.0,156061.0,41668.0,,,171012.0,33720.0,,,73456.0,23408.0,,,104771.0,20434.0,73479.0,4680.0,$111846,$18697,$104257,$25325,$156061,$41668,,,$171012,$33720,,,$73456,$23408,,,$104771,$20434,$73479,$4680
2023,6037462900,Census Tract 4629,Pasadena,Los Angeles County,California,Pasadena,124736.0,34941.0,140952.0,36941.0,129737.0,43473.0,,,146017.0,40228.0,,,75202.0,55403.0,,,159637.0,29333.0,,,$124736,$34941,$140952,$36941,$129737,$43473,,,$146017,$40228,,,$75202,$55403,,,$159637,$29333,,
2023,6037463000,Census Tract 4630,Pasadena,Los Angeles County,California,Pasadena,124395.0,25468.0,150761.0,56351.0,,,,,93424.0,52724.0,,,,,126693.0,76711.0,143256.0,50145.0,204589.0,156558.0,$124395,$25468,$150761,$56351,,,,,$93424,$52724,,,,,$126693,$76711,$143256,$50145,$204589,$156558
2023,6037463103,Census Tract 4631.03,Pasadena,Los Angeles County,California,Pasadena,108820.0,23596.0,124955.0,15472.0,,,,,90760.0,26029.0,,,106315.0,96627.0,216624.0,205511.0,122668.0,17800.0,120546.0,61976.0,$108820,$23596,$124955,$15472,,,,,$90760,$26029,,,$106315,$96627,$216624,$205511,$122668,$17800,$120546,$61976
2023,6037463200,Census Tract 4632,Pasadena,Los Angeles County,California,Pasadena,95807.0,11425.0,105562.0,19563.0,91134.0,37417.0,,,161098.0,91648.0,,,61039.0,44291.0,62643.0,30364.0,106107.0,31839.0,63896.0,24280.0,$95807,$11425,$105562,$19563,$91134,$37417,,,$161098,$91648,,,$61039,$44291,$62643,$30364,$106107,$31839,$63896,$24280
2023,6037463400,Census Tract 4634,Pasadena,Los Angeles County,California,Pasadena,129933.0,23899.0,164759.0,64442.0,62881.0,61786.0,,,146301.0,104316.0,,,131103.0,50059.0,,,159726.0,63672.0,149582.0,66532.0,$129933,$23899,$164759,$64442,$62881,$61786,,,$146301,$104316,,,$131103,$50059,,,$159726,$63672,$149582,$66532
2023,6037463500,Census Tract 4635,Pasadena,Los Angeles County,California,Pasadena,102900.0,34351.0,104040.0,28687.0,187063.0,35945.0,,,163938.0,132377.0,,,,,79614.0,9954.0,117538.0,26100.0,82166.0,75395.0,$102900,$34351,$104040,$28687,$187063,$35945,,,$163938,$132377,,,,,$79614,$9954,$117538,$26100,$82166,$75395
2023,6037463601,Census Tract 4636.01,Pasadena,Los Angeles County,California,Pasadena,101350.0,20504.0,105348.0,6366.0,49734.0,17441.0,,,93655.0,37545.0,,,78411.0,15297.0,86211.0,48448.0,106684.0,6660.0,78895.0,9576.0,$101350,$20504,$105348,$6366,$49734,$17441,,,$93655,$37545,,,$78411,$15297,$86211,$48448,$106684,$6660,$78895,$9576
2023,6037463602,Census Tract 4636.02,Pasadena,Los Angeles County,California,Pasadena,126099.0,23600.0,115322.0,20102.0,,,,,136227.0,78814.0,,,174652.0,96920.0,140776.0,107410.0,117494.0,23418.0,124461.0,46639.0,$126099,$23600,$115322,$20102,,,,,$136227,$78814,,,$174652,$96920,$140776,$107410,$117494,$23418,$124461,$46639
2023,6037463700,Census Tract 4637,Pasadena,Los Angeles County,California,Pasadena,180378.0,30934.0,211689.0,49355.0,,,,,143985.0,29321.0,,,117910.0,38922.0,,,211689.0,49355.0,134077.0,48140.0,$180378,$30934,$211689,$49355,,,,,$143985,$29321,,,$117910,$38922,,,$211689,$49355,$134077,$48140
2023,6037463800,Census Tract 4638,Pasadena,Los Angeles County,California,Pasadena,227236.0,35784.0,202583.0,43663.0,,,,,238366.0,93695.0,,,,,,,203038.0,44050.0,,,$227236,$35784,$202583,$43663,,,,,$238366,$93695,,,,,,,$203038,$44050,,
2023,6037463900,Census Tract 4639,Pasadena,Los Angeles County,California,Pasadena,135497.0,16463.0,134435.0,14822.0,,,,,170529.0,72755.0,,,,,119298.0,94206.0,130149.0,14351.0,141895.0,65588.0,$135497,$16463,$134435,$14822,,,,,$170529,$72755,,,,,$119298,$94206,$130149,$14351,$141895,$65588
2023,6037464000,Census Tract 4640,Pasadena,Los Angeles County,California,Pasadena,151969.0,34451.0,181320.0,37816.0,,,,,151404.0,50044.0,,,90422.0,43298.0,,,181196.0,36553.0,,,$151969,$34451,$181320,$37816,,,,,$151404,$50044,,,$90422,$43298,,,$181196,$36553,,
2024,6037460001,Census Tract 4600.01,Pasadena,Los Angeles County,California,Pasadena,230714.0,65168.0,,,,,,,167426.0,30361.0,,,,,214167.0,60447.0,,,214940.0,133104.0,$230714,$65168,,,,,,,$167426,$30361,,,,,$214167,$60447,,,$214940,$133104
2024,6037460002,Census Tract 4600.02,Pasadena,Los Angeles County,California,Pasadena,162260.0,49145.0,160625.0,39814.0,,,,,191964.0,53944.0,,,51968.0,26131.0,214063.0,97075.0,151488.0,46792.0,,,$162260,$49145,$160625,$39814,,,,,$191964,$53944,,,$51968,$26131,$214063,$97075,$151488,$46792,,
2024,6037460101,Census Tract 4601.01,Pasadena,Los Angeles County,California,Pasadena,157167.0,73266.0,152355.0,96635.0,75605.0,59110.0,,,,,,,,,180147.0,176696.0,152014.0,108313.0,151750.0,90033.0,$157167,$73266,$152355,$96635,$75605,$59110,,,,,,,,,$180147,$176696,$152014,$108313,$151750,$90033
2024,6037460401,Census Tract 4604.01,Pasadena,Los Angeles County,California,Pasadena,125357.0,38290.0,215313.0,94259.0,128542.0,61346.0,,,,,,,64934.0,13267.0,,,215313.0,94435.0,70368.0,10408.0,$125357,$38290,$215313,$94259,$128542,$61346,,,,,,,$64934,$13267,,,$215313,$94435,$70368,$10408
2024,6037460800,Census Tract 4608,Pasadena,Los Angeles County,California,Pasadena,,,,,,,,,,,,,,,198625.0,120145.0,,,125208.0,120054.0,,,,,,,,,,,,,,,$198625,$120145,,,$125208,$120054
2024,6037460900,Census Tract 4609,Pasadena,Los Angeles County,California,Pasadena,96370.0,43667.0,171875.0,35597.0,84861.0,33078.0,,,,,,,61354.0,40098.0,193875.0,107032.0,173125.0,23666.0,89070.0,26896.0,$96370,$43667,$171875,$35597,$84861,$33078,,,,,,,$61354,$40098,$193875,$107032,$173125,$23666,$89070,$26896
2024,6037461300,Census Tract 4613,Pasadena,Los Angeles County,California,Pasadena,97279.0,38789.0,106563.0,43522.0,,,,,181875.0,94100.0,,,,,92059.0,81094.0,106042.0,43532.0,,,$97279,$38789,$106563,$43522,,,,,$181875,$94100,,,,,$92059,$81094,$106042,$43532,,
2024,6037461400,Census Tract 4614,Pasadena,Los Angeles County,California,Pasadena,98077.0,22749.0,106146.0,41198.0,76042.0,54700.0,,,,,,,98173.0,85532.0,91065.0,29931.0,116875.0,43146.0,91157.0,20308.0,$98077,$22749,$106146,$41198,$76042,$54700,,,,,,,$98173,$85532,$91065,$29931,$116875,$43146,$91157,$20308
2024,6037461501,Census Tract 4615.01,Pasadena,Los Angeles County,California,Pasadena,87177.0,30239.0,114474.0,14020.0,69706.0,11474.0,,,117500.0,88307.0,,,,,86905.0,66599.0,119135.0,20470.0,69295.0,14158.0,$87177,$30239,$114474,$14020,$69706,$11474,,,$117500,$88307,,,,,$86905,$66599,$119135,$20470,$69295,$14158
2024,6037461502,Census Tract 4615.02,Pasadena,Los Angeles County,California,Pasadena,75275.0,17296.0,84010.0,40882.0,28865.0,8472.0,138629.0,67156.0,104583.0,103312.0,,,82159.0,23250.0,,,83802.0,46700.0,83021.0,17110.0,$75275,$17296,$84010,$40882,$28865,$8472,$138629,$67156,$104583,$103312,,,$82159,$23250,,,$83802,$46700,$83021,$17110
2024,6037461600,Census Tract 4616,Pasadena,Los Angeles County,California,Pasadena,84659.0,30251.0,112031.0,29031.0,98156.0,35722.0,,,225662.0,91470.0,,,,,52455.0,17166.0,125583.0,31070.0,48875.0,29007.0,$84659,$30251,$112031,$29031,$98156,$35722,,,$225662,$91470,,,,,$52455,$17166,$125583,$31070,$48875,$29007
2024,6037461700,Census Tract 4617,Pasadena,Los Angeles County,California,Pasadena,154926.0,52050.0,194375.0,34246.0,,,,,112143.0,98580.0,,,,,,,195227.0,31006.0,,,$154926,$52050,$194375,$34246,,,,,$112143,$98580,,,,,,,$195227,$31006,,
2024,6037461901,Census Tract 4619.01,Pasadena,Los Angeles County,California,Pasadena,70109.0,16934.0,103917.0,31805.0,,,,,49053.0,43769.0,,,47917.0,12774.0,62554.0,57745.0,108906.0,32323.0,53625.0,17837.0,$70109,$16934,$103917,$31805,,,,,$49053,$43769,,,$47917,$12774,$62554,$57745,$108906,$32323,$53625,$17837
2024,6037461902,Census Tract 4619.02,Pasadena,Los Angeles County,California,Pasadena,104750.0,40813.0,103083.0,48146.0,31852.0,15738.0,,,139659.0,29590.0,,,,,113487.0,33232.0,99688.0,50175.0,113125.0,102344.0,$104750,$40813,$103083,$48146,$31852,$15738,,,$139659,$29590,,,,,$113487,$33232,$99688,$50175,$113125,$102344
2024,6037462001,Census Tract 4620.01,Pasadena,Los Angeles County,California,Pasadena,85000.0,14287.0,,,93929.0,15344.0,,,91597.0,11497.0,,,67723.0,56298.0,82901.0,28945.0,182656.0,134522.0,68705.0,29705.0,$85000,$14287,,,$93929,$15344,,,$91597,$11497,,,$67723,$56298,$82901,$28945,$182656,$134522,$68705,$29705
2024,6037462002,Census Tract 4620.02,Pasadena,Los Angeles County,California,Pasadena,50240.0,16320.0,82644.0,55629.0,80987.0,79982.0,,,,,,,53657.0,21949.0,,,46146.0,35357.0,50288.0,18335.0,$50240,$16320,$82644,$55629,$80987,$79982,,,,,,,$53657,$21949,,,$46146,$35357,$50288,$18335
2024,6037462100,Census Tract 4621,Pasadena,Los Angeles County,California,Pasadena,100516.0,13398.0,136023.0,52677.0,,,,,106750.0,53506.0,,,92743.0,31982.0,73750.0,53058.0,117167.0,93932.0,93306.0,27679.0,$100516,$13398,$136023,$52677,,,,,$106750,$53506,,,$92743,$31982,$73750,$53058,$117167,$93932,$93306,$27679
2024,6037462201,Census Tract 4622.01,Pasadena,Los Angeles County,California,Pasadena,43167.0,15235.0,62777.0,22102.0,30673.0,17289.0,171250.0,1753.0,14017.0,2790.0,,,36375.0,30262.0,54148.0,9914.0,62600.0,26337.0,57292.0,25489.0,$43167,$15235,$62777,$22102,$30673,$17289,$171250,$1753,$14017,$2790,,,$36375,$30262,$54148,$9914,$62600,$26337,$57292,$25489
2024,6037462202,Census Tract 4622.02,Pasadena,Los Angeles County,California,Pasadena,103963.0,22920.0,90189.0,18476.0,,,,,96875.0,62380.0,,,105726.0,31867.0,185186.0,114654.0,89028.0,15408.0,106462.0,4960.0,$103963,$22920,$90189,$18476,,,,,$96875,$62380,,,$105726,$31867,$185186,$114654,$89028,$15408,$106462,$4960
2024,6037462301,Census Tract 4623.01,Pasadena,Los Angeles County,California,Pasadena,90030.0,6401.0,111719.0,39238.0,,,,,101630.0,14198.0,,,76705.0,19415.0,63913.0,51188.0,120208.0,21159.0,88472.0,18469.0,$90030,$6401,$111719,$39238,,,,,$101630,$14198,,,$76705,$19415,$63913,$51188,$120208,$21159,$88472,$18469
2024,6037462302,Census Tract 4623.02,Pasadena,Los Angeles County,California,Pasadena,81829.0,16191.0,92000.0,44620.0,88641.0,700.0,,,72434.0,22739.0,,,90417.0,51989.0,34746.0,31784.0,90000.0,47220.0,62250.0,37339.0,$81829,$16191,$92000,$44620,$88641,$700,,,$72434,$22739,,,$90417,$51989,$34746,$31784,$90000,$47220,$62250,$37339
2024,6037462400,Census Tract 4624,Pasadena,Los Angeles County,California,Pasadena,153333.0,13937.0,158542.0,38842.0,,,,,154083.0,93320.0,,,130104.0,105262.0,,,180127.0,16283.0,108412.0,27785.0,$153333,$13937,$158542,$38842,,,,,$154083,$93320,,,$130104,$105262,,,$180127,$16283,$108412,$27785
2024,6037462500,Census Tract 4625,Pasadena,Los Angeles County,California,Pasadena,128214.0,31794.0,153438.0,61123.0,79022.0,44298.0,,,128914.0,32525.0,,,,,,,142262.0,76814.0,99938.0,79716.0,$128214,$31794,$153438,$61123,$79022,$44298,,,$128914,$32525,,,,,,,$142262,$76814,$99938,$79716
2024,6037462600,Census Tract 4626,Pasadena,Los Angeles County,California,Pasadena,122500.0,17929.0,158194.0,58502.0,,,,,86875.0,16233.0,,,116750.0,28069.0,,,152500.0,58671.0,135074.0,23192.0,$122500,$17929,$158194,$58502,,,,,$86875,$16233,,,$116750,$28069,,,$152500,$58671,$135074,$23192
2024,6037462700,Census Tract 4627,Pasadena,Los Angeles County,California,Pasadena,72750.0,18581.0,142520.0,23220.0,,,,,65506.0,48290.0,,,38481.0,30478.0,75551.0,26512.0,143690.0,23026.0,58940.0,21445.0,$72750,$18581,$142520,$23220,,,,,$65506,$48290,,,$38481,$30478,$75551,$26512,$143690,$23026,$58940,$21445
2024,6037462800,Census Tract 4628,Pasadena,Los Angeles County,California,Pasadena,119375.0,32968.0,107440.0,15875.0,175573.0,36224.0,,,172969.0,105444.0,,,,,,,110259.0,13391.0,73988.0,12115.0,$119375,$32968,$107440,$15875,$175573,$36224,,,$172969,$105444,,,,,,,$110259,$13391,$73988,$12115
2024,6037462900,Census Tract 4629,Pasadena,Los Angeles County,California,Pasadena,128632.0,9416.0,141389.0,29602.0,129183.0,78745.0,,,144513.0,31948.0,,,80484.0,34047.0,,,141806.0,31823.0,71477.0,65628.0,$128632,$9416,$141389,$29602,$129183,$78745,,,$144513,$31948,,,$80484,$34047,,,$141806,$31823,$71477,$65628
2024,6037463000,Census Tract 4630,Pasadena,Los Angeles County,California,Pasadena,125598.0,24999.0,177413.0,50481.0,,,,,94919.0,29725.0,,,,,109167.0,92363.0,177035.0,64204.0,,,$125598,$24999,$177413,$50481,,,,,$94919,$29725,,,,,$109167,$92363,$177035,$64204,,
2024,6037463103,Census Tract 4631.03,Pasadena,Los Angeles County,California,Pasadena,109136.0,19750.0,120185.0,22654.0,,,,,93750.0,34875.0,,,134333.0,105295.0,131310.0,91036.0,120370.0,20650.0,131647.0,24809.0,$109136,$19750,$120185,$22654,,,,,$93750,$34875,,,$134333,$105295,$131310,$91036,$120370,$20650,$131647,$24809
2024,6037463200,Census Tract 4632,Pasadena,Los Angeles County,California,Pasadena,106105.0,17898.0,106625.0,21769.0,91336.0,10998.0,,,190813.0,130499.0,,,,,66458.0,43394.0,105344.0,26914.0,66875.0,49989.0,$106105,$17898,$106625,$21769,$91336,$10998,,,$190813,$130499,,,,,$66458,$43394,$105344,$26914,$66875,$49989
2024,6037463400,Census Tract 4634,Pasadena,Los Angeles County,California,Pasadena,125769.0,35906.0,123712.0,57119.0,63941.0,55307.0,,,154083.0,87508.0,,,,,,,114609.0,54088.0,186250.0,57487.0,$125769,$35906,$123712,$57119,$63941,$55307,,,$154083,$87508,,,,,,,$114609,$54088,$186250,$57487
2024,6037463500,Census Tract 4635,Pasadena,Los Angeles County,California,Pasadena,80363.0,20389.0,89600.0,38352.0,187750.0,15981.0,,,64539.0,41949.0,,,,,80875.0,47111.0,103309.0,35095.0,80375.0,59937.0,$80363,$20389,$89600,$38352,$187750,$15981,,,$64539,$41949,,,,,$80875,$47111,$103309,$35095,$80375,$59937
2024,6037463601,Census Tract 4636.01,Pasadena,Los Angeles County,California,Pasadena,83083.0,22232.0,92188.0,30989.0,48991.0,10998.0,,,106293.0,31175.0,,,78652.0,17320.0,79650.0,48503.0,96750.0,31111.0,78761.0,2707.0,$83083,$22232,$92188,$30989,$48991,$10998,,,$106293,$31175,,,$78652,$17320,$79650,$48503,$96750,$31111,$78761,$2707
2024,6037463602,Census Tract 4636.02,Pasadena,Los Angeles County,California,Pasadena,115699.0,32092.0,98945.0,29396.0,,,,,142798.0,63622.0,,,,,125677.0,49536.0,112958.0,35199.0,93636.0,52182.0,$115699,$32092,$98945,$29396,,,,,$142798,$63622,,,,,$125677,$49536,$112958,$35199,$93636,$52182
2024,6037463700,Census Tract 4637,Pasadena,Los Angeles County,California,Pasadena,188403.0,39790.0,190052.0,51717.0,,,,,203272.0,46103.0,,,,,194750.0,89240.0,190052.0,51717.0,,,$188403,$39790,$190052,$51717,,,,,$203272,$46103,,,,,$194750,$89240,$190052,$51717,,
2024,6037463800,Census Tract 4638,Pasadena,Los Angeles County,California,Pasadena,215714.0,36976.0,202083.0,20024.0,,,,,218750.0,152248.0,,,,,,,202957.0,18065.0,,,$215714,$36976,$202083,$20024,,,,,$218750,$152248,,,,,,,$202957,$18065,,
2024,6037463900,Census Tract 4639,Pasadena,Los Angeles County,California,Pasadena,132163.0,24283.0,131731.0,18989.0,,,,,172443.0,72867.0,,,,,117857.0,112147.0,130817.0,20409.0,95500.0,57270.0,$132163,$24283,$131731,$18989,,,,,$172443,$72867,,,,,$117857,$112147,$130817,$20409,$95500,$57270
2024,6037464000,Census Tract 4640,Pasadena,Los Angeles County,California,Pasadena,144607.0,33147.0,180218.0,55851.0,,,,,139205.0,83459.0,,,79217.0,35035.0,237250.0,116879.0,154219.0,50577.0,,,$144607,$33147,$180218,$55851,,,,,$139205,$83459,,,$79217,$35035,$237250,$116879,$154219,$50577,,
