YEAR,GEO_ID,TRACT,CITY,COUNTY,STATE,ABBREV_NAME,B19013_001E,B19013_001M,B19013A_001E,B19013A_001M,B19013B_001E,B19013B_001M,B19013C_001E,B19013C_001M,B19013D_001E,B19013D_001M,B19013E_001E,B19013E_001M,B19013F_001E,B19013F_001M,B19013G_001E,B19013G_001M,B19013H_001E,B19013H_001M,B19013I_001E,B19013I_001M,B19013_001E_string,B19013_001M_string,B19013A_001E_string,B19013A_001M_string,B19013B_001E_string,B19013B_001M_string,B19013C_001E_string,B19013C_001M_string,B19013D_001E_string,B19013D_001M_string,B19013E_001E_string,B19013E_001M_string,B19013F_001E_string,B19013F_001M_string,B19013G_001E_string,B19013G_001M_string,B19013H_001E_string,B19013H_001M_string,B19013I_001E_string,B19013I_001M_string
2010,6037401303,Census Tract 4013.03,Pomona,Los Angeles County,California,Pomona,134335.0,23673.0,132984.0,20630.0,,,,,218402.0,128427.0,,,192744.0,167108.0,,,130951.0,21965.0,194292.0,93236.0,$134335,$23673,$132984,$20630,,,,,$218402,$128427,,,$192744,$167108,,,$130951,$21965,$194292,$93236
2010,6037401304,Census Tract 4013.04,Pomona,Los Angeles County,California,Pomona,114327.0,40050.0,99756.0,23131.0,168593.0,23732.0,,,165411.0,108001.0,,,173934.0,129279.0,,,96554.0,17653.0,174967.0,52052.0,$114327,$40050,$99756,$23131,$168593,$23732,,,$165411,$108001,,,$173934,$129279,,,$96554,$17653,$174967,$52052
2010,6037401701,Census Tract 4017.01,Pomona,Los Angeles County,California,Pomona,96816.0,18029.0,87117.0,17012.0,113155.0,128474.0,,,150648.0,86235.0,,,96038.0,105818.0,325713.0,359799.0,84153.0,17116.0,124564.0,19087.0,$96816,$18029,$87117,$17012,$113155,$128474,,,$150648,$86235,,,$96038,$105818,$325713,$359799,$84153,$17116,$124564,$19087
2010,6037401703,Census Tract 4017.03,Pomona,Los Angeles County,California,Pomona,80413.0,15537.0,86572.0,12050.0,39239.0,57039.0,,,121031.0,52198.0,,,102268.0,40727.0,30949.0,21314.0,92197.0,9435.0,79204.0,18562.0,$80413,$15537,$86572,$12050,$39239,$57039,,,$121031,$52198,,,$102268,$40727,$30949,$21314,$92197,$9435,$79204,$18562
2010,6037401704,Census Tract 4017.04,Pomona,Los Angeles County,California,Pomona,69572.0,10413.0,74250.0,10948.0,61013.0,13344.0,,,9943.0,189343.0,,,48509.0,45647.0,76102.0,61343.0,59882.0,9022.0,81931.0,15976.0,$69572,$10413,$74250,$10948,$61013,$13344,,,$9943,$189343,,,$48509,$45647,$76102,$61343,$59882,$9022,$81931,$15976
2010,6037402101,Census Tract 4021.01,Pomona,Los Angeles County,California,Pomona,88956.0,7532.0,89693.0,32018.0,65984.0,38542.0,,,41579.0,67786.0,,,93297.0,5425.0,,,239108.0,317428.0,91215.0,7047.0,$88956,$7532,$89693,$32018,$65984,$38542,,,$41579,$67786,,,$93297,$5425,,,$239108,$317428,$91215,$7047
2010,6037402102,Census Tract 4021.02,Pomona,Los Angeles County,California,Pomona,69338.0,11926.0,57729.0,22983.0,80747.0,40624.0,,,60109.0,23135.0,,,78789.0,70800.0,,,67792.0,42865.0,68437.0,14335.0,$69338,$11926,$57729,$22983,$80747,$40624,,,$60109,$23135,,,$78789,$70800,,,$67792,$42865,$68437,$14335
2010,6037402200,Census Tract 4022,Pomona,Los Angeles County,California,Pomona,89158.0,12310.0,107756.0,13030.0,90314.0,47544.0,89485.0,72797.0,113314.0,52185.0,,,51484.0,24989.0,81904.0,43619.0,102468.0,24078.0,84409.0,17544.0,$89158,$12310,$107756,$13030,$90314,$47544,$89485,$72797,$113314,$52185,,,$51484,$24989,$81904,$43619,$102468,$24078,$84409,$17544
2010,6037402301,Census Tract 4023.01,Pomona,Los Angeles County,California,Pomona,74887.0,6929.0,72153.0,12410.0,40273.0,43060.0,257121.0,190518.0,119829.0,125708.0,,,75701.0,20998.0,82641.0,39823.0,59124.0,20918.0,80916.0,13224.0,$74887,$6929,$72153,$12410,$40273,$43060,$257121,$190518,$119829,$125708,,,$75701,$20998,$82641,$39823,$59124,$20918,$80916,$13224
2010,6037402303,Census Tract 4023.03,Pomona,Los Angeles County,California,Pomona,66610.0,31718.0,53914.0,48680.0,80507.0,85081.0,,,88630.0,10361.0,,,51767.0,47717.0,,,67038.0,23011.0,52343.0,47477.0,$66610,$31718,$53914,$48680,$80507,$85081,,,$88630,$10361,,,$51767,$47717,,,$67038,$23011,$52343,$47477
2010,6037402304,Census Tract 4023.04,Pomona,Los Angeles County,California,Pomona,42717.0,7857.0,39522.0,8018.0,53264.0,9915.0,,,,,,,43789.0,19217.0,,,24466.0,43272.0,42449.0,7535.0,$42717,$7857,$39522,$8018,$53264,$9915,,,,,,,$43789,$19217,,,$24466,$43272,$42449,$7535
2010,6037402402,Census Tract 4024.02,Pomona,Los Angeles County,California,Pomona,76667.0,7927.0,79338.0,15819.0,72519.0,85791.0,,,65028.0,16339.0,,,125490.0,38173.0,68815.0,45492.0,53449.0,56060.0,93779.0,24376.0,$76667,$7927,$79338,$15819,$72519,$85791,,,$65028,$16339,,,$125490,$38173,$68815,$45492,$53449,$56060,$93779,$24376
2010,6037402403,Census Tract 4024.03,Pomona,Los Angeles County,California,Pomona,74247.0,16753.0,65415.0,11337.0,79542.0,76767.0,,,16835.0,51603.0,,,103043.0,12106.0,138212.0,103299.0,59550.0,12310.0,97047.0,17952.0,$74247,$16753,$65415,$11337,$79542,$76767,,,$16835,$51603,,,$103043,$12106,$138212,$103299,$59550,$12310,$97047,$17952
2010,6037402404,Census Tract 4024.04,Pomona,Los Angeles County,California,Pomona,154612.0,259928.0,,,,,,,,,,,,,,,,,,,$154612,$259928,,,,,,,,,,,,,,,,,,
2010,6037402405,Census Tract 4024.05,Pomona,Los Angeles County,California,Pomona,74203.0,6373.0,67313.0,28330.0,72635.0,31946.0,,,,,,,76585.0,30870.0,,,,,75273.0,18675.0,$74203,$6373,$67313,$28330,$72635,$31946,,,,,,,$76585,$30870,,,,,$75273,$18675
2010,6037402406,Census Tract 4024.06,Pomona,Los Angeles County,California,Pomona,74119.0,9434.0,74702.0,25553.0,54090.0,87638.0,,,86073.0,46061.0,,,72311.0,7328.0,16973.0,191585.0,103899.0,14189.0,71730.0,8674.0,$74119,$9434,$74702,$25553,$54090,$87638,,,$86073,$46061,,,$72311,$7328,$16973,$191585,$103899,$14189,$71730,$8674
2010,6037402501,Census Tract 4025.01,Pomona,Los Angeles County,California,Pomona,54171.0,5601.0,55902.0,8332.0,42483.0,2907.0,,,46863.0,16256.0,,,54037.0,30712.0,40593.0,6959.0,83881.0,32106.0,53642.0,6120.0,$54171,$5601,$55902,$8332,$42483,$2907,,,$46863,$16256,,,$54037,$30712,$40593,$6959,$83881,$32106,$53642,$6120
2010,6037402502,Census Tract 4025.02,Pomona,Los Angeles County,California,Pomona,60439.0,6434.0,63156.0,4626.0,17561.0,34283.0,,,23037.0,2174.0,,,67857.0,19805.0,78897.0,15788.0,33765.0,5342.0,66046.0,2678.0,$60439,$6434,$63156,$4626,$17561,$34283,,,$23037,$2174,,,$67857,$19805,$78897,$15788,$33765,$5342,$66046,$2678
2010,6037402600,Census Tract 4026,Pomona,Los Angeles County,California,Pomona,66441.0,13513.0,75122.0,27404.0,31386.0,16971.0,,,17389.0,31824.0,,,80494.0,29979.0,56751.0,194456.0,105454.0,29405.0,64711.0,11645.0,$66441,$13513,$75122,$27404,$31386,$16971,,,$17389,$31824,,,$80494,$29979,$56751,$194456,$105454,$29405,$64711,$11645
2010,6037402702,Census Tract 4027.02,Pomona,Los Angeles County,California,Pomona,47994.0,11658.0,42598.0,13090.0,58852.0,36779.0,,,26916.0,163567.0,,,62368.0,30050.0,,,32239.0,49702.0,48991.0,9649.0,$47994,$11658,$42598,$13090,$58852,$36779,,,$26916,$163567,,,$62368,$30050,,,$32239,$49702,$48991,$9649
2010,6037402703,Census Tract 4027.03,Pomona,Los Angeles County,California,Pomona,81009.0,20626.0,74842.0,21345.0,56458.0,37930.0,,,57361.0,24548.0,,,123697.0,39485.0,,,99329.0,5352.0,80715.0,19442.0,$81009,$20626,$74842,$21345,$56458,$37930,,,$57361,$24548,,,$123697,$39485,,,$99329,$5352,$80715,$19442
2010,6037402705,Census Tract 4027.05,Pomona,Los Angeles County,California,Pomona,101805.0,18736.0,103363.0,59755.0,102468.0,26671.0,,,53104.0,160636.0,,,97981.0,59573.0,84757.0,16068.0,67363.0,60949.0,127309.0,56712.0,$101805,$18736,$103363,$59755,$102468,$26671,,,$53104,$160636,,,$97981,$59573,$84757,$16068,$67363,$60949,$127309,$56712
2010,6037402706,Census Tract 4027.06,Pomona,Los Angeles County,California,Pomona,87476.0,20411.0,87045.0,23478.0,132871.0,204825.0,,,82193.0,6887.0,,,99750.0,37693.0,,,76930.0,24671.0,99493.0,19537.0,$87476,$20411,$87045,$23478,$132871,$204825,,,$82193,$6887,,,$99750,$37693,,,$76930,$24671,$99493,$19537
2010,6037402801,Census Tract 4028.01,Pomona,Los Angeles County,California,Pomona,58589.0,12404.0,53895.0,20173.0,43161.0,74976.0,,,57045.0,499471.0,,,60521.0,25219.0,15313.0,12505.0,13312.0,152401.0,58916.0,11484.0,$58589,$12404,$53895,$20173,$43161,$74976,,,$57045,$499471,,,$60521,$25219,$15313,$12505,$13312,$152401,$58916,$11484
2010,6037402803,Census Tract 4028.03,Pomona,Los Angeles County,California,Pomona,55782.0,5659.0,57936.0,7869.0,,,,,,,,,46003.0,24512.0,,,,,58021.0,7497.0,$55782,$5659,$57936,$7869,,,,,,,,,$46003,$24512,,,,,$58021,$7497
2010,6037402804,Census Tract 4028.04,Pomona,Los Angeles County,California,Pomona,57507.0,9685.0,58753.0,24985.0,34709.0,58139.0,35930.0,33943.0,53757.0,77598.0,,,63995.0,35541.0,,,117844.0,93359.0,56945.0,8142.0,$57507,$9685,$58753,$24985,$34709,$58139,$35930,$33943,$53757,$77598,,,$63995,$35541,,,$117844,$93359,$56945,$8142
2010,6037402902,Census Tract 4029.02,Pomona,Los Angeles County,California,Pomona,66533.0,6644.0,68113.0,21508.0,118738.0,106705.0,,,58946.0,32113.0,,,62730.0,7651.0,275314.0,266995.0,68334.0,49060.0,66094.0,5727.0,$66533,$6644,$68113,$21508,$118738,$106705,,,$58946,$32113,,,$62730,$7651,$275314,$266995,$68334,$49060,$66094,$5727
2010,6037402903,Census Tract 4029.03,Pomona,Los Angeles County,California,Pomona,71069.0,24693.0,64276.0,57964.0,53782.0,41467.0,,,46399.0,46210.0,,,102139.0,42183.0,128082.0,24336.0,53630.0,48432.0,103043.0,37738.0,$71069,$24693,$64276,$57964,$53782,$41467,,,$46399,$46210,,,$102139,$42183,$128082,$24336,$53630,$48432,$103043,$37738
2010,6037402904,Census Tract 4029.04,Pomona,Los Angeles County,California,Pomona,80245.0,16632.0,71009.0,26801.0,267973.0,227336.0,,,126745.0,25038.0,,,75448.0,28599.0,80145.0,11545.0,95451.0,41104.0,73474.0,7986.0,$80245,$16632,$71009,$26801,$267973,$227336,,,$126745,$25038,,,$75448,$28599,$80145,$11545,$95451,$41104,$73474,$7986
2010,6037403000,Census Tract 4030,Pomona,Los Angeles County,California,Pomona,77186.0,6116.0,82435.0,9975.0,57361.0,43314.0,,,84965.0,10504.0,,,72931.0,19479.0,30444.0,1085.0,49036.0,84409.0,77517.0,9282.0,$77186,$6116,$82435,$9975,$57361,$43314,,,$84965,$10504,,,$72931,$19479,$30444,$1085,$49036,$84409,$77517,$9282
2010,6037403200,Census Tract 4032,Pomona,Los Angeles County,California,Pomona,,,,,,,,,,,,,,,,,,,,,,,,,,,,,,,,,,,,,,,,
2010,6037403312,Census Tract 4033.12,Pomona,Los Angeles County,California,Pomona,93660.0,15369.0,84627.0,17917.0,144683.0,161923.0,,,100491.0,21180.0,,,127240.0,88692.0,102000.0,88170.0,89802.0,38682.0,76107.0,23142.0,$93660,$15369,$84627,$17917,$144683,$161923,,,$100491,$21180,,,$127240,$88692,$102000,$88170,$89802,$38682,$76107,$23142
2010,6037403316,Census Tract 4033.16,Pomona,Los Angeles County,California,Pomona,130644.0,37696.0,136418.0,50476.0,131365.0,138050.0,,,149812.0,51653.0,,,91128.0,31082.0,,,106072.0,19695.0,188845.0,24273.0,$130644,$37696,$136418,$50476,$131365,$138050,,,$149812,$51653,,,$91128,$31082,,,$106072,$19695,$188845,$24273
2010,6037403317,Census Tract 4033.17,Pomona,Los Angeles County,California,Pomona,154811.0,21343.0,167127.0,18658.0,154647.0,53467.0,,,123961.0,35551.0,,,200482.0,83364.0,35855.0,36721.0,161005.0,39997.0,169746.0,55423.0,$154811,$21343,$167127,$18658,$154647,$53467,,,$123961,$35551,,,$200482,$83364,$35855,$36721,$161005,$39997,$169746,$55423
2010,6037403318,Census Tract 4033.18,Pomona,Los Angeles County,California,Pomona,113553.0,6507.0,100501.0,22749.0,115178.0,17320.0,,,98524.0,13862.0,,,145553.0,30196.0,116421.0,117741.0,101082.0,32653.0,131968.0,39122.0,$113553,$6507,$100501,$22749,$115178,$17320,,,$98524,$13862,,,$145553,$30196,$116421,$117741,$101082,$32653,$131968,$39122
2010,6037403321,Census Tract 4033.21,Pomona,Los Angeles County,California,Pomona,138585.0,17787.0,134980.0,37628.0,148566.0,34711.0,,,118933.0,45158.0,,,210706.0,101409.0,153661.0,31367.0,138782.0,42729.0,178404.0,88241.0,$138585,$17787,$134980,$37628,$148566,$34711,,,$118933,$45158,,,$210706,$101409,$153661,$31367,$138782,$42729,$178404,$88241
2010,6037408800,Census Tract 4088,Pomona,Los Angeles County,California,Pomona,36999.0,3909.0,36510.0,9118.0,21513.0,57445.0,,,34607.0,28213.0,,,41744.0,17897.0,72969.0,57144.0,27161.0,8763.0,38954.0,8462.0,$36999,$3909,$36510,$9118,$21513,$57445,,,$34607,$28213,,,$41744,$17897,$72969,$57144,$27161,$8763,$38954,$8462
2011,6037401303,Census Tract 4013.03,Pomona,Los Angeles County,California,Pomona,115795.0,25335.0,130030.0,35927.0,,,,,127215.0,53830.0,,,105581.0,135845.0,,,118112.0,27627.0,115307.0,233915.0,$115795,$25335,$130030,$35927,,,,,$127215,$53830,,,$105581,$135845,,,$118112,$27627,$115307,$233915
2011,6037401304,Census Tract 4013.04,Pomona,Los Angeles County,California,Pomona,123859.0,37496.0,117338.0,38078.0,200092.0,253222.0,,,172037.0,114578.0,,,176942.0,211541.0,,,105490.0,32447.0,175280.0,63391.0,$123859,$37496,$117338,$38078,$200092,$253222,,,$172037,$114578,,,$176942,$211541,,,$105490,$32447,$175280,$63391
2011,6037401701,Census Tract 4017.01,Pomona,Los Angeles County,California,Pomona,100297.0,12793.0,96646.0,16464.0,112472.0,158358.0,,,117995.0,44267.0,,,98375.0,129136.0,160708.0,305691.0,99180.0,14141.0,118590.0,33454.0,$100297,$12793,$96646,$16464,$112472,$158358,,,$117995,$44267,,,$98375,$129136,$160708,$305691,$99180,$14141,$118590,$33454
2011,6037401703,Census Tract 4017.03,Pomona,Los Angeles County,California,Pomona,80178.0,18510.0,79595.0,19220.0,57594.0,75728.0,,,120662.0,71058.0,,,103117.0,19550.0,56627.0,39618.0,88709.0,18552.0,77302.0,33402.0,$80178,$18510,$79595,$19220,$57594,$75728,,,$120662,$71058,,,$103117,$19550,$56627,$39618,$88709,$18552,$77302,$33402
2011,6037401704,Census Tract 4017.04,Pomona,Los Angeles County,California,Pomona,70973.0,10926.0,76499.0,13591.0,38224.0,45278.0,,,92758.0,183414.0,,,41266.0,13554.0,51876.0,47510.0,62896.0,10914.0,83853.0,26906.0,$70973,$10926,$76499,$13591,$38224,$45278,,,$92758,$183414,,,$41266,$13554,$51876,$47510,$62896,$10914,$83853,$26906
2011,6037402101,Census Tract 4021.01,Pomona,Los Angeles County,California,Pomona,83552.0,8474.0,80924.0,19028.0,64354.0,35834.0,,,52207.0,76945.0,,,89347.0,6706.0,,,100127.0,257131.0,86170.0,7176.0,$83552,$8474,$80924,$19028,$64354,$35834,,,$52207,$76945,,,$89347,$6706,,,$100127,$257131,$86170,$7176
2011,6037402102,Census Tract 4021.02,Pomona,Los Angeles County,California,Pomona,78896.0,11693.0,87011.0,21429.0,81011.0,39426.0,,,61667.0,21838.0,,,80285.0,97944.0,,,82817.0,20283.0,79440.0,26846.0,$78896,$11693,$87011,$21429,$81011,$39426,,,$61667,$21838,,,$80285,$97944,,,$82817,$20283,$79440,$26846
2011,6037402200,Census Tract 4022,Pomona,Los Angeles County,California,Pomona,87313.0,6136.0,107146.0,19909.0,102579.0,42130.0,,,105114.0,83574.0,,,43149.0,11773.0,83006.0,33359.0,105299.0,44512.0,83215.0,9139.0,$87313,$6136,$107146,$19909,$102579,$42130,,,$105114,$83574,,,$43149,$11773,$83006,$33359,$105299,$44512,$83215,$9139
2011,6037402301,Census Tract 4023.01,Pomona,Los Angeles County,California,Pomona,75049.0,9096.0,70701.0,16757.0,21548.0,59977.0,256244.0,155796.0,121555.0,78705.0,,,73733.0,42044.0,158372.0,238166.0,67545.0,32016.0,75364.0,16042.0,$75049,$9096,$70701,$16757,$21548,$59977,$256244,$155796,$121555,$78705,,,$73733,$42044,$158372,$238166,$67545,$32016,$75364,$16042
2011,6037402303,Census Tract 4023.03,Pomona,Los Angeles County,California,Pomona,59304.0,9640.0,58670.0,17519.0,120190.0,89410.0,,,142561.0,160805.0,,,37520.0,18601.0,,,70282.0,21623.0,48616.0,13177.0,$59304,$9640,$58670,$17519,$120190,$89410,,,$142561,$160805,,,$37520,$18601,,,$70282,$21623,$48616,$13177
2011,6037402304,Census Tract 4023.04,Pomona,Los Angeles County,California,Pomona,42208.0,6377.0,41621.0,5432.0,51255.0,1599.0,,,,,,,40878.0,12039.0,,,21899.0,2783.0,42613.0,5481.0,$42208,$6377,$41621,$5432,$51255,$1599,,,,,,,$40878,$12039,,,$21899,$2783,$42613,$5481
2011,6037402402,Census Tract 4024.02,Pomona,Los Angeles County,California,Pomona,80992.0,7827.0,79761.0,7983.0,100046.0,60519.0,,,81699.0,20881.0,,,118363.0,17362.0,52453.0,45615.0,45430.0,28587.0,102486.0,27583.0,$80992,$7827,$79761,$7983,$100046,$60519,,,$81699,$20881,,,$118363,$17362,$52453,$45615,$45430,$28587,$102486,$27583
2011,6037402403,Census Tract 4024.03,Pomona,Los Angeles County,California,Pomona,72543.0,7476.0,62047.0,10779.0,57423.0,84238.0,,,55252.0,3289.0,,,86261.0,13418.0,137126.0,118176.0,59380.0,15497.0,84756.0,13082.0,$72543,$7476,$62047,$10779,$57423,$84238,,,$55252,$3289,,,$86261,$13418,$137126,$118176,$59380,$15497,$84756,$13082
2011,6037402404,Census Tract 4024.04,Pomona,Los Angeles County,California,Pomona,,,,,,,,,,,,,,,,,,,,,,,,,,,,,,,,,,,,,,,,
2011,6037402405,Census Tract 4024.05,Pomona,Los Angeles County,California,Pomona,74456.0,12444.0,76865.0,31344.0,51973.0,28518.0,,,,,,,80821.0,18167.0,,,,,80503.0,19833.0,$74456,$12444,$76865,$31344,$51973,$28518,,,,,,,$80821,$18167,,,,,$80503,$19833
2011,6037402406,Census Tract 4024.06,Pomona,Los Angeles County,California,Pomona,77686.0,11903.0,82339.0,26236.0,55495.0,83790.0,155095.0,16137.0,82534.0,256778.0,,,75700.0,15279.0,20067.0,298229.0,102876.0,31515.0,75332.0,11799.0,$77686,$11903,$82339,$26236,$55495,$83790,$155095,$16137,$82534,$256778,,,$75700,$15279,$20067,$298229,$102876,$31515,$75332,$11799
2011,6037402501,Census Tract 4025.01,Pomona,Los Angeles County,California,Pomona,51126.0,4004.0,50805.0,7809.0,,,,,54519.0,17428.0,,,51506.0,9358.0,39338.0,2740.0,91916.0,102499.0,50805.0,3944.0,$51126,$4004,$50805,$7809,,,,,$54519,$17428,,,$51506,$9358,$39338,$2740,$91916,$102499,$50805,$3944
2011,6037402502,Census Tract 4025.02,Pomona,Los Angeles County,California,Pomona,57789.0,8012.0,60819.0,4575.0,23496.0,82386.0,,,24363.0,3104.0,,,78432.0,35918.0,79913.0,28117.0,33636.0,10406.0,63258.0,5149.0,$57789,$8012,$60819,$4575,$23496,$82386,,,$24363,$3104,,,$78432,$35918,$79913,$28117,$33636,$10406,$63258,$5149
2011,6037402600,Census Tract 4026,Pomona,Los Angeles County,California,Pomona,65996.0,23808.0,79836.0,39880.0,32119.0,15019.0,,,16705.0,21234.0,,,96730.0,27721.0,56005.0,92346.0,100758.0,17173.0,63399.0,18117.0,$65996,$23808,$79836,$39880,$32119,$15019,,,$16705,$21234,,,$96730,$27721,$56005,$92346,$100758,$17173,$63399,$18117
2011,6037402702,Census Tract 4027.02,Pomona,Los Angeles County,California,Pomona,45299.0,7560.0,43891.0,8307.0,58041.0,31210.0,,,25264.0,64827.0,,,53872.0,26416.0,39020.0,2821.0,33987.0,44081.0,46900.0,7244.0,$45299,$7560,$43891,$8307,$58041,$31210,,,$25264,$64827,,,$53872,$26416,$39020,$2821,$33987,$44081,$46900,$7244
2011,6037402703,Census Tract 4027.03,Pomona,Los Angeles County,California,Pomona,71060.0,11097.0,73281.0,15645.0,50266.0,24438.0,,,54951.0,23282.0,,,98646.0,48623.0,,,95736.0,58371.0,72436.0,12008.0,$71060,$11097,$73281,$15645,$50266,$24438,,,$54951,$23282,,,$98646,$48623,,,$95736,$58371,$72436,$12008
2011,6037402705,Census Tract 4027.05,Pomona,Los Angeles County,California,Pomona,100919.0,13236.0,97823.0,23040.0,101092.0,47027.0,,,136966.0,174568.0,,,99699.0,53415.0,108946.0,48061.0,88568.0,54900.0,97654.0,34578.0,$100919,$13236,$97823,$23040,$101092,$47027,,,$136966,$174568,,,$99699,$53415,$108946,$48061,$88568,$54900,$97654,$34578
2011,6037402706,Census Tract 4027.06,Pomona,Los Angeles County,California,Pomona,95277.0,19588.0,90179.0,24623.0,66890.0,92251.0,,,,,,,100888.0,13171.0,179992.0,85990.0,51479.0,70254.0,97837.0,15585.0,$95277,$19588,$90179,$24623,$66890,$92251,,,,,,,$100888,$13171,$179992,$85990,$51479,$70254,$97837,$15585
2011,6037402801,Census Tract 4028.01,Pomona,Los Angeles County,California,Pomona,44382.0,14143.0,46134.0,19874.0,44549.0,39527.0,67964.0,19847.0,58202.0,356538.0,,,40972.0,41718.0,15694.0,48916.0,12347.0,55045.0,46769.0,17136.0,$44382,$14143,$46134,$19874,$44549,$39527,$67964,$19847,$58202,$356538,,,$40972,$41718,$15694,$48916,$12347,$55045,$46769,$17136
2011,6037402803,Census Tract 4028.03,Pomona,Los Angeles County,California,Pomona,51318.0,7792.0,57476.0,6102.0,,,,,23942.0,27013.0,,,42502.0,13546.0,,,,,54504.0,9637.0,$51318,$7792,$57476,$6102,,,,,$23942,$27013,,,$42502,$13546,,,,,$54504,$9637
2011,6037402804,Census Tract 4028.04,Pomona,Los Angeles County,California,Pomona,55845.0,6397.0,55680.0,13591.0,59815.0,65252.0,,,62192.0,16422.0,,,55710.0,17986.0,,,64820.0,130849.0,54528.0,7071.0,$55845,$6397,$55680,$13591,$59815,$65252,,,$62192,$16422,,,$55710,$17986,,,$64820,$130849,$54528,$7071
2011,6037402902,Census Tract 4029.02,Pomona,Los Angeles County,California,Pomona,74777.0,14754.0,75744.0,15205.0,116183.0,59094.0,,,74580.0,81964.0,,,64995.0,6055.0,,,68998.0,90477.0,68324.0,16723.0,$74777,$14754,$75744,$15205,$116183,$59094,,,$74580,$81964,,,$64995,$6055,,,$68998,$90477,$68324,$16723
2011,6037402903,Census Tract 4029.03,Pomona,Los Angeles County,California,Pomona,77473.0,36821.0,98607.0,39362.0,63653.0,66237.0,,,26728.0,46273.0,,,72792.0,60626.0,126933.0,145887.0,65793.0,94862.0,100262.0,33449.0,$77473,$36821,$98607,$39362,$63653,$66237,,,$26728,$46273,,,$72792,$60626,$126933,$145887,$65793,$94862,$100262,$33449
2011,6037402904,Census Tract 4029.04,Pomona,Los Angeles County,California,Pomona,75280.0,13771.0,66798.0,35999.0,267409.0,105382.0,,,,,,,69901.0,35807.0,77784.0,3488.0,41870.0,92523.0,73890.0,14722.0,$75280,$13771,$66798,$35999,$267409,$105382,,,,,,,$69901,$35807,$77784,$3488,$41870,$92523,$73890,$14722
2011,6037403000,Census Tract 4030,Pomona,Los Angeles County,California,Pomona,76796.0,8063.0,78564.0,11778.0,59440.0,15427.0,,,88374.0,20183.0,,,75556.0,16757.0,31097.0,153251.0,53141.0,67019.0,78473.0,10405.0,$76796,$8063,$78564,$11778,$59440,$15427,,,$88374,$20183,,,$75556,$16757,$31097,$153251,$53141,$67019,$78473,$10405
2011,6037403200,Census Tract 4032,Pomona,Los Angeles County,California,Pomona,,,,,,,,,,,,,,,,,,,,,,,,,,,,,,,,,,,,,,,,
2011,6037403312,Census Tract 4033.12,Pomona,Los Angeles County,California,Pomona,97771.0,14741.0,88367.0,13201.0,69402.0,38934.0,,,115110.0,24797.0,,,128861.0,98929.0,51155.0,128554.0,90739.0,31248.0,80046.0,45419.0,$97771,$14741,$88367,$13201,$69402,$38934,,,$115110,$24797,,,$128861,$98929,$51155,$128554,$90739,$31248,$80046,$45419
2011,6037403316,Census Tract 4033.16,Pomona,Los Angeles County,California,Pomona,109056.0,24682.0,108660.0,18531.0,132320.0,204124.0,,,106799.0,54827.0,,,93289.0,93746.0,94468.0,146864.0,97327.0,16471.0,166869.0,56138.0,$109056,$24682,$108660,$18531,$132320,$204124,,,$106799,$54827,,,$93289,$93746,$94468,$146864,$97327,$16471,$166869,$56138
2011,6037403317,Census Tract 4033.17,Pomona,Los Angeles County,California,Pomona,147160.0,26368.0,166268.0,7748.0,125611.0,56057.0,,,101443.0,51579.0,,,235734.0,60833.0,48302.0,14307.0,158450.0,37449.0,167503.0,37174.0,$147160,$26368,$166268,$7748,$125611,$56057,,,$101443,$51579,,,$235734,$60833,$48302,$14307,$158450,$37449,$167503,$37174
2011,6037403318,Census Tract 4033.18,Pomona,Los Angeles County,California,Pomona,112602.0,6523.0,106078.0,17155.0,121854.0,16070.0,,,104476.0,19302.0,,,131918.0,78704.0,99397.0,40927.0,107567.0,34584.0,112189.0,33290.0,$112602,$6523,$106078,$17155,$121854,$16070,,,$104476,$19302,,,$131918,$78704,$99397,$40927,$107567,$34584,$112189,$33290
2011,6037403321,Census Tract 4033.21,Pomona,Los Angeles County,California,Pomona,131621.0,18302.0,134396.0,26577.0,149350.0,31907.0,,,105518.0,26887.0,,,228748.0,64757.0,,,138400.0,31456.0,177877.0,94226.0,$131621,$18302,$134396,$26577,$149350,$31907,,,$105518,$26887,,,$228748,$64757,,,$138400,$31456,$177877,$94226
2011,6037408800,Census Tract 4088,Pomona,Los Angeles County,California,Pomona,35471.0,6392.0,36238.0,9864.0,18483.0,7521.0,,,33681.0,19787.0,,,38280.0,22514.0,46864.0,28496.0,25841.0,7037.0,38301.0,14186.0,$35471,$6392,$36238,$9864,$18483,$7521,,,$33681,$19787,,,$38280,$22514,$46864,$28496,$25841,$7037,$38301,$14186
2012,6037401303,Census Tract 4013.03,Pomona,Los Angeles County,California,Pomona,114727.0,24598.0,132436.0,38252.0,,,,,127199.0,86199.0,,,104463.0,712.0,,,114303.0,14003.0,213335.0,151941.0,$114727,$24598,$132436,$38252,,,,,$127199,$86199,,,$104463,$712,,,$114303,$14003,$213335,$151941
2012,6037401304,Census Tract 4013.04,Pomona,Los Angeles County,California,Pomona,141268.0,22553.0,141822.0,22671.0,202612.0,284778.0,,,133668.0,91617.0,,,291627.0,167164.0,31900.0,26031.0,127389.0,36458.0,144093.0,86550.0,$141268,$22553,$141822,$22671,$202612,$284778,,,$133668,$91617,,,$291627,$167164,$31900,$26031,$127389,$36458,$144093,$86550
2012,6037401701,Census Tract 4017.01,Pomona,Los Angeles County,California,Pomona,97372.0,12236.0,95181.0,12904.0,33119.0,77155.0,,,118690.0,66246.0,,,36764.0,98709.0,166453.0,25345.0,97862.0,11464.0,115597.0,53890.0,$97372,$12236,$95181,$12904,$33119,$77155,,,$118690,$66246,,,$36764,$98709,$166453,$25345,$97862,$11464,$115597,$53890
2012,6037401703,Census Tract 4017.03,Pomona,Los Angeles County,California,Pomona,76066.0,16026.0,73714.0,25018.0,86306.0,56541.0,,,134707.0,29584.0,,,53006.0,22763.0,37966.0,2710.0,60346.0,45543.0,72147.0,18350.0,$76066,$16026,$73714,$25018,$86306,$56541,,,$134707,$29584,,,$53006,$22763,$37966,$2710,$60346,$45543,$72147,$18350
2012,6037401704,Census Tract 4017.04,Pomona,Los Angeles County,California,Pomona,77119.0,10138.0,81398.0,9390.0,59473.0,24027.0,,,104033.0,103583.0,,,48673.0,39402.0,37324.0,21905.0,64496.0,17805.0,94029.0,15128.0,$77119,$10138,$81398,$9390,$59473,$24027,,,$104033,$103583,,,$48673,$39402,$37324,$21905,$64496,$17805,$94029,$15128
2012,6037402101,Census Tract 4021.01,Pomona,Los Angeles County,California,Pomona,80407.0,16037.0,79182.0,31775.0,62584.0,38505.0,,,54606.0,81040.0,,,95701.0,49353.0,250796.0,314221.0,15526.0,9260.0,84800.0,13924.0,$80407,$16037,$79182,$31775,$62584,$38505,,,$54606,$81040,,,$95701,$49353,$250796,$314221,$15526,$9260,$84800,$13924
2012,6037402102,Census Tract 4021.02,Pomona,Los Angeles County,California,Pomona,75131.0,13359.0,89233.0,25025.0,84514.0,33012.0,,,72524.0,23831.0,,,74034.0,13335.0,32765.0,17015.0,82712.0,30530.0,74806.0,25724.0,$75131,$13359,$89233,$25025,$84514,$33012,,,$72524,$23831,,,$74034,$13335,$32765,$17015,$82712,$30530,$74806,$25724
2012,6037402200,Census Tract 4022,Pomona,Los Angeles County,California,Pomona,80923.0,9352.0,85615.0,18202.0,88947.0,41285.0,,,85206.0,103058.0,,,39759.0,7548.0,113312.0,49390.0,78120.0,33976.0,71452.0,23920.0,$80923,$9352,$85615,$18202,$88947,$41285,,,$85206,$103058,,,$39759,$7548,$113312,$49390,$78120,$33976,$71452,$23920
2012,6037402301,Census Tract 4023.01,Pomona,Los Angeles County,California,Pomona,73675.0,11151.0,67828.0,15874.0,26352.0,91444.0,,,148607.0,68171.0,,,77221.0,52098.0,160924.0,234955.0,60662.0,19626.0,74504.0,11876.0,$73675,$11151,$67828,$15874,$26352,$91444,,,$148607,$68171,,,$77221,$52098,$160924,$234955,$60662,$19626,$74504,$11876
2012,6037402303,Census Tract 4023.03,Pomona,Los Angeles County,California,Pomona,46838.0,10227.0,55588.0,12619.0,61904.0,58563.0,,,142958.0,136987.0,,,34724.0,8863.0,,,65399.0,16133.0,41243.0,12795.0,$46838,$10227,$55588,$12619,$61904,$58563,,,$142958,$136987,,,$34724,$8863,,,$65399,$16133,$41243,$12795
2012,6037402304,Census Tract 4023.04,Pomona,Los Angeles County,California,Pomona,38632.0,7438.0,40965.0,10037.0,53821.0,68349.0,,,,,,,35655.0,14869.0,,,59436.0,125101.0,37395.0,7922.0,$38632,$7438,$40965,$10037,$53821,$68349,,,,,,,$35655,$14869,,,$59436,$125101,$37395,$7922
2012,6037402402,Census Tract 4024.02,Pomona,Los Angeles County,California,Pomona,81408.0,10249.0,73983.0,9860.0,97412.0,42424.0,,,84321.0,16505.0,,,131717.0,12045.0,,,48585.0,35493.0,88770.0,17829.0,$81408,$10249,$73983,$9860,$97412,$42424,,,$84321,$16505,,,$131717,$12045,,,$48585,$35493,$88770,$17829
2012,6037402403,Census Tract 4024.03,Pomona,Los Angeles County,California,Pomona,66852.0,11448.0,65464.0,11687.0,56686.0,82716.0,,,53814.0,7498.0,,,74901.0,12903.0,,,58946.0,14225.0,74774.0,8833.0,$66852,$11448,$65464,$11687,$56686,$82716,,,$53814,$7498,,,$74901,$12903,,,$58946,$14225,$74774,$8833
2012,6037402404,Census Tract 4024.04,Pomona,Los Angeles County,California,Pomona,,,,,,,,,,,,,,,,,,,,,,,,,,,,,,,,,,,,,,,,
2012,6037402405,Census Tract 4024.05,Pomona,Los Angeles County,California,Pomona,77295.0,12537.0,73503.0,10631.0,48239.0,64484.0,,,214502.0,476428.0,,,85869.0,28128.0,,,,,77407.0,12339.0,$77295,$12537,$73503,$10631,$48239,$64484,,,$214502,$476428,,,$85869,$28128,,,,,$77407,$12339
2012,6037402406,Census Tract 4024.06,Pomona,Los Angeles County,California,Pomona,73053.0,6874.0,84234.0,22415.0,53870.0,64496.0,135565.0,165625.0,80653.0,48109.0,,,70225.0,7518.0,19431.0,301017.0,104399.0,15544.0,72366.0,6020.0,$73053,$6874,$84234,$22415,$53870,$64496,$135565,$165625,$80653,$48109,,,$70225,$7518,$19431,$301017,$104399,$15544,$72366,$6020
2012,6037402501,Census Tract 4025.01,Pomona,Los Angeles County,California,Pomona,50777.0,7906.0,50918.0,7301.0,6204.0,3302.0,,,58237.0,15804.0,,,54912.0,60534.0,42042.0,6566.0,41118.0,94773.0,50524.0,7419.0,$50777,$7906,$50918,$7301,$6204,$3302,,,$58237,$15804,,,$54912,$60534,$42042,$6566,$41118,$94773,$50524,$7419
2012,6037402502,Census Tract 4025.02,Pomona,Los Angeles County,California,Pomona,55084.0,12722.0,61974.0,9295.0,22051.0,74831.0,16516.0,34942.0,25740.0,9015.0,,,67497.0,27486.0,81589.0,28774.0,30611.0,46063.0,63068.0,6749.0,$55084,$12722,$61974,$9295,$22051,$74831,$16516,$34942,$25740,$9015,,,$67497,$27486,$81589,$28774,$30611,$46063,$63068,$6749
2012,6037402600,Census Tract 4026,Pomona,Los Angeles County,California,Pomona,62872.0,5969.0,64771.0,22923.0,32850.0,4489.0,,,16163.0,15861.0,,,100966.0,55824.0,58018.0,55937.0,99984.0,33586.0,62998.0,4429.0,$62872,$5969,$64771,$22923,$32850,$4489,,,$16163,$15861,,,$100966,$55824,$58018,$55937,$99984,$33586,$62998,$4429
2012,6037402702,Census Tract 4027.02,Pomona,Los Angeles County,California,Pomona,40236.0,10764.0,43804.0,11884.0,58792.0,13368.0,,,25683.0,14719.0,,,35007.0,23148.0,17053.0,50010.0,38610.0,48013.0,42449.0,11926.0,$40236,$10764,$43804,$11884,$58792,$13368,,,$25683,$14719,,,$35007,$23148,$17053,$50010,$38610,$48013,$42449,$11926
2012,6037402703,Census Tract 4027.03,Pomona,Los Angeles County,California,Pomona,85968.0,16616.0,88311.0,9320.0,48906.0,40745.0,,,56527.0,18309.0,,,99774.0,39903.0,58130.0,2747.0,96692.0,34017.0,86843.0,9877.0,$85968,$16616,$88311,$9320,$48906,$40745,,,$56527,$18309,,,$99774,$39903,$58130,$2747,$96692,$34017,$86843,$9877
2012,6037402705,Census Tract 4027.05,Pomona,Los Angeles County,California,Pomona,94572.0,21214.0,101817.0,28889.0,117016.0,69729.0,,,57364.0,100774.0,,,84199.0,27407.0,84396.0,28126.0,59815.0,28441.0,95906.0,24318.0,$94572,$21214,$101817,$28889,$117016,$69729,,,$57364,$100774,,,$84199,$27407,$84396,$28126,$59815,$28441,$95906,$24318
2012,6037402706,Census Tract 4027.06,Pomona,Los Angeles County,California,Pomona,88497.0,15653.0,87517.0,15312.0,96526.0,82953.0,3431.0,,,,,,97152.0,31415.0,179769.0,138875.0,68886.0,54737.0,88987.0,13926.0,$88497,$15653,$87517,$15312,$96526,$82953,$3431,,,,,,$97152,$31415,$179769,$138875,$68886,$54737,$88987,$13926
2012,6037402801,Census Tract 4028.01,Pomona,Los Angeles County,California,Pomona,45569.0,17107.0,51991.0,24487.0,,,66093.0,33579.0,57581.0,476998.0,,,39573.0,8930.0,15366.0,49026.0,12748.0,49576.0,46649.0,18315.0,$45569,$17107,$51991,$24487,,,$66093,$33579,$57581,$476998,,,$39573,$8930,$15366,$49026,$12748,$49576,$46649,$18315
2012,6037402803,Census Tract 4028.03,Pomona,Los Angeles County,California,Pomona,49486.0,7701.0,54951.0,7608.0,,,,,40789.0,14970.0,,,33319.0,12094.0,,,88987.0,115120.0,48976.0,9268.0,$49486,$7701,$54951,$7608,,,,,$40789,$14970,,,$33319,$12094,,,$88987,$115120,$48976,$9268
2012,6037402804,Census Tract 4028.04,Pomona,Los Angeles County,California,Pomona,55927.0,8491.0,47705.0,13335.0,36227.0,118041.0,,,81388.0,28844.0,,,92743.0,46323.0,,,63778.0,93764.0,52196.0,10864.0,$55927,$8491,$47705,$13335,$36227,$118041,,,$81388,$28844,,,$92743,$46323,,,$63778,$93764,$52196,$10864
2012,6037402902,Census Tract 4029.02,Pomona,Los Angeles County,California,Pomona,68527.0,19234.0,75101.0,16401.0,117057.0,67634.0,,,18243.0,37747.0,,,51169.0,42392.0,30030.0,371821.0,30732.0,198276.0,73082.0,15105.0,$68527,$19234,$75101,$16401,$117057,$67634,,,$18243,$37747,,,$51169,$42392,$30030,$371821,$30732,$198276,$73082,$15105
2012,6037402903,Census Tract 4029.03,Pomona,Los Angeles County,California,Pomona,65552.0,25149.0,65000.0,32812.0,62729.0,64526.0,,,26936.0,51036.0,,,103117.0,69695.0,129493.0,52193.0,67096.0,120964.0,76909.0,38846.0,$65552,$25149,$65000,$32812,$62729,$64526,,,$26936,$51036,,,$103117,$69695,$129493,$52193,$67096,$120964,$76909,$38846
2012,6037402904,Census Tract 4029.04,Pomona,Los Angeles County,California,Pomona,72931.0,14625.0,68818.0,25674.0,269082.0,64268.0,49519.0,95902.0,,,,,74568.0,43659.0,74647.0,24583.0,44402.0,33289.0,73252.0,13934.0,$72931,$14625,$68818,$25674,$269082,$64268,$49519,$95902,,,,,$74568,$43659,$74647,$24583,$44402,$33289,$73252,$13934
2012,6037403000,Census Tract 4030,Pomona,Los Angeles County,California,Pomona,71694.0,11670.0,80242.0,14667.0,58130.0,16394.0,,,57635.0,44423.0,,,56628.0,9765.0,114797.0,31894.0,52196.0,68656.0,73393.0,13163.0,$71694,$11670,$80242,$14667,$58130,$16394,,,$57635,$44423,,,$56628,$9765,$114797,$31894,$52196,$68656,$73393,$13163
2012,6037403200,Census Tract 4032,Pomona,Los Angeles County,California,Pomona,,,,,,,,,,,,,,,,,,,,,,,,,,,,,,,,,,,,,,,,
2012,6037403312,Census Tract 4033.12,Pomona,Los Angeles County,California,Pomona,95651.0,14781.0,84943.0,10781.0,67268.0,117673.0,,,114656.0,29870.0,,,129969.0,102629.0,100816.0,178707.0,85765.0,12288.0,92451.0,64434.0,$95651,$14781,$84943,$10781,$67268,$117673,,,$114656,$29870,,,$129969,$102629,$100816,$178707,$85765,$12288,$92451,$64434
2012,6037403316,Census Tract 4033.16,Pomona,Los Angeles County,California,Pomona,143041.0,42861.0,113979.0,51464.0,129004.0,207018.0,,,157106.0,44200.0,,,156157.0,140929.0,165698.0,104866.0,105032.0,12904.0,180825.0,60327.0,$143041,$42861,$113979,$51464,$129004,$207018,,,$157106,$44200,,,$156157,$140929,$165698,$104866,$105032,$12904,$180825,$60327
2012,6037403317,Census Tract 4033.17,Pomona,Los Angeles County,California,Pomona,127087.0,29036.0,144457.0,43239.0,125097.0,241878.0,,,112009.0,44361.0,,,150151.0,140992.0,49969.0,9842.0,112882.0,32507.0,165881.0,38087.0,$127087,$29036,$144457,$43239,$125097,$241878,,,$112009,$44361,,,$150151,$140992,$49969,$9842,$112882,$32507,$165881,$38087
2012,6037403318,Census Tract 4033.18,Pomona,Los Angeles County,California,Pomona,106107.0,10818.0,102618.0,13318.0,124110.0,16735.0,83791.0,11768.0,107503.0,40411.0,,,112227.0,54864.0,117761.0,139648.0,103705.0,19940.0,111541.0,25772.0,$106107,$10818,$102618,$13318,$124110,$16735,$83791,$11768,$107503,$40411,,,$112227,$54864,$117761,$139648,$103705,$19940,$111541,$25772
2012,6037403321,Census Tract 4033.21,Pomona,Los Angeles County,California,Pomona,121837.0,17959.0,121442.0,29846.0,149450.0,28773.0,,,105381.0,14657.0,,,220937.0,53179.0,,,120781.0,25842.0,180994.0,75558.0,$121837,$17959,$121442,$29846,$149450,$28773,,,$105381,$14657,,,$220937,$53179,,,$120781,$25842,$180994,$75558
2012,6037408800,Census Tract 4088,Pomona,Los Angeles County,California,Pomona,32072.0,6205.0,29816.0,13031.0,14415.0,9773.0,16931.0,44817.0,34066.0,13602.0,,,33933.0,6731.0,48784.0,51497.0,24063.0,8746.0,36507.0,6676.0,$32072,$6205,$29816,$13031,$14415,$9773,$16931,$44817,$34066,$13602,,,$33933,$6731,$48784,$51497,$24063,$8746,$36507,$6676
2013,6037401303,Census Tract 4013.03,Pomona,Los Angeles County,California,Pomona,126419.0,33253.0,129088.0,46376.0,,,,,120865.0,68115.0,,,,,,,118299.0,51458.0,219635.0,141850.0,$126419,$33253,$129088,$46376,,,,,$120865,$68115,,,,,,,$118299,$51458,$219635,$141850
2013,6037401304,Census Tract 4013.04,Pomona,Los Angeles County,California,Pomona,132819.0,29989.0,143478.0,27025.0,,,,,114573.0,67647.0,,,,,,,126337.0,36619.0,144232.0,70715.0,$132819,$29989,$143478,$27025,,,,,$114573,$67647,,,,,,,$126337,$36619,$144232,$70715
2013,6037401701,Census Tract 4017.01,Pomona,Los Angeles County,California,Pomona,97340.0,16300.0,96026.0,15015.0,21694.0,10506.0,,,122450.0,29653.0,,,135023.0,100845.0,160590.0,26367.0,95133.0,18409.0,128472.0,10256.0,$97340,$16300,$96026,$15015,$21694,$10506,,,$122450,$29653,,,$135023,$100845,$160590,$26367,$95133,$18409,$128472,$10256
2013,6037401703,Census Tract 4017.03,Pomona,Los Angeles County,California,Pomona,63310.0,19118.0,62367.0,25694.0,66169.0,51623.0,,,127747.0,77785.0,,,52027.0,20799.0,,,62012.0,37554.0,52291.0,31890.0,$63310,$19118,$62367,$25694,$66169,$51623,,,$127747,$77785,,,$52027,$20799,,,$62012,$37554,$52291,$31890
2013,6037401704,Census Tract 4017.04,Pomona,Los Angeles County,California,Pomona,77040.0,10688.0,78098.0,13258.0,59588.0,9649.0,,,115287.0,67351.0,,,84521.0,48402.0,39122.0,80232.0,65927.0,19756.0,86212.0,17904.0,$77040,$10688,$78098,$13258,$59588,$9649,,,$115287,$67351,,,$84521,$48402,$39122,$80232,$65927,$19756,$86212,$17904
2013,6037402101,Census Tract 4021.01,Pomona,Los Angeles County,California,Pomona,74379.0,19977.0,58601.0,36416.0,64339.0,32037.0,,,86381.0,64853.0,,,126594.0,32056.0,93939.0,313374.0,15144.0,11848.0,80063.0,13821.0,$74379,$19977,$58601,$36416,$64339,$32037,,,$86381,$64853,,,$126594,$32056,$93939,$313374,$15144,$11848,$80063,$13821
2013,6037402102,Census Tract 4021.02,Pomona,Los Angeles County,California,Pomona,70119.0,16123.0,70090.0,24815.0,95739.0,57560.0,,,55784.0,7574.0,,,71297.0,29286.0,,,67816.0,41870.0,72489.0,25945.0,$70119,$16123,$70090,$24815,$95739,$57560,,,$55784,$7574,,,$71297,$29286,,,$67816,$41870,$72489,$25945
2013,6037402200,Census Tract 4022,Pomona,Los Angeles County,California,Pomona,77090.0,7734.0,84865.0,23505.0,74129.0,67902.0,,,83869.0,62408.0,,,42056.0,32169.0,110392.0,56457.0,86082.0,32698.0,68560.0,37473.0,$77090,$7734,$84865,$23505,$74129,$67902,,,$83869,$62408,,,$42056,$32169,$110392,$56457,$86082,$32698,$68560,$37473
2013,6037402301,Census Tract 4023.01,Pomona,Los Angeles County,California,Pomona,75401.0,11736.0,68100.0,16596.0,25780.0,106471.0,,,170375.0,69121.0,,,62862.0,33986.0,156575.0,230977.0,75264.0,22162.0,67837.0,14911.0,$75401,$11736,$68100,$16596,$25780,$106471,,,$170375,$69121,,,$62862,$33986,$156575,$230977,$75264,$22162,$67837,$14911
2013,6037402303,Census Tract 4023.03,Pomona,Los Angeles County,California,Pomona,43317.0,11395.0,45325.0,11427.0,61891.0,71525.0,,,19635.0,347987.0,,,35884.0,20722.0,,,52403.0,41084.0,39985.0,10509.0,$43317,$11395,$45325,$11427,$61891,$71525,,,$19635,$347987,,,$35884,$20722,,,$52403,$41084,$39985,$10509
2013,6037402304,Census Tract 4023.04,Pomona,Los Angeles County,California,Pomona,38304.0,7727.0,39836.0,13415.0,52403.0,78614.0,,,,,,,36739.0,11203.0,,,59035.0,104793.0,36446.0,10441.0,$38304,$7727,$39836,$13415,$52403,$78614,,,,,,,$36739,$11203,,,$59035,$104793,$36446,$10441
2013,6037402402,Census Tract 4024.02,Pomona,Los Angeles County,California,Pomona,81607.0,11837.0,74069.0,11118.0,99800.0,15233.0,,,81716.0,19935.0,,,92973.0,54528.0,,,60010.0,31937.0,87134.0,24598.0,$81607,$11837,$74069,$11118,$99800,$15233,,,$81716,$19935,,,$92973,$54528,,,$60010,$31937,$87134,$24598
2013,6037402403,Census Tract 4024.03,Pomona,Los Angeles County,California,Pomona,69034.0,7330.0,67890.0,4755.0,74943.0,114850.0,,,58243.0,46189.0,,,79591.0,24349.0,,,65667.0,18958.0,76069.0,13591.0,$69034,$7330,$67890,$4755,$74943,$114850,,,$58243,$46189,,,$79591,$24349,,,$65667,$18958,$76069,$13591
2013,6037402404,Census Tract 4024.04,Pomona,Los Angeles County,California,Pomona,,,,,,,,,,,,,,,,,,,,,,,,,,,,,,,,,,,,,,,,
2013,6037402405,Census Tract 4024.05,Pomona,Los Angeles County,California,Pomona,76763.0,6782.0,79074.0,12512.0,34774.0,24051.0,,,84859.0,253035.0,,,79900.0,17223.0,,,,,79591.0,7692.0,$76763,$6782,$79074,$12512,$34774,$24051,,,$84859,$253035,,,$79900,$17223,,,,,$79591,$7692
2013,6037402406,Census Tract 4024.06,Pomona,Los Angeles County,California,Pomona,68263.0,17341.0,91444.0,41434.0,51558.0,4660.0,32306.0,135119.0,75586.0,74595.0,,,70948.0,6356.0,,,103048.0,16580.0,69307.0,12774.0,$68263,$17341,$91444,$41434,$51558,$4660,$32306,$135119,$75586,$74595,,,$70948,$6356,,,$103048,$16580,$69307,$12774
2013,6037402501,Census Tract 4025.01,Pomona,Los Angeles County,California,Pomona,52722.0,6643.0,54979.0,9603.0,8678.0,35005.0,,,43199.0,36254.0,,,42125.0,73208.0,,,63142.0,40453.0,53554.0,7326.0,$52722,$6643,$54979,$9603,$8678,$35005,,,$43199,$36254,,,$42125,$73208,,,$63142,$40453,$53554,$7326
2013,6037402502,Census Tract 4025.02,Pomona,Los Angeles County,California,Pomona,54601.0,10286.0,59776.0,7313.0,22898.0,115295.0,,,26960.0,35646.0,,,55573.0,45543.0,,,35499.0,27446.0,59956.0,6663.0,$54601,$10286,$59776,$7313,$22898,$115295,,,$26960,$35646,,,$55573,$45543,,,$35499,$27446,$59956,$6663
2013,6037402600,Census Tract 4026,Pomona,Los Angeles County,California,Pomona,64989.0,12508.0,90146.0,36281.0,33105.0,6694.0,,,16032.0,23336.0,,,90861.0,58777.0,,,101004.0,32265.0,67195.0,41724.0,$64989,$12508,$90146,$36281,$33105,$6694,,,$16032,$23336,,,$90861,$58777,,,$101004,$32265,$67195,$41724
2013,6037402702,Census Tract 4027.02,Pomona,Los Angeles County,California,Pomona,47708.0,4701.0,49586.0,7964.0,60159.0,10901.0,,,25236.0,16591.0,,,34560.0,25041.0,27047.0,36657.0,39845.0,93065.0,48741.0,5304.0,$47708,$4701,$49586,$7964,$60159,$10901,,,$25236,$16591,,,$34560,$25041,$27047,$36657,$39845,$93065,$48741,$5304
2013,6037402703,Census Tract 4027.03,Pomona,Los Angeles County,California,Pomona,69106.0,11062.0,79539.0,14379.0,40129.0,23156.0,,,52886.0,46790.0,,,87419.0,51923.0,22399.0,64127.0,84945.0,33067.0,78783.0,17743.0,$69106,$11062,$79539,$14379,$40129,$23156,,,$52886,$46790,,,$87419,$51923,$22399,$64127,$84945,$33067,$78783,$17743
2013,6037402705,Census Tract 4027.05,Pomona,Los Angeles County,California,Pomona,87449.0,13902.0,90700.0,30562.0,84828.0,98145.0,,,54094.0,7737.0,,,85273.0,38941.0,87162.0,39660.0,87419.0,46381.0,88659.0,14254.0,$87449,$13902,$90700,$30562,$84828,$98145,,,$54094,$7737,,,$85273,$38941,$87162,$39660,$87419,$46381,$88659,$14254
2013,6037402706,Census Tract 4027.06,Pomona,Los Angeles County,California,Pomona,83700.0,15406.0,78041.0,17783.0,100411.0,80118.0,,,115010.0,96864.0,,,94833.0,27711.0,,,81756.0,100239.0,77315.0,15518.0,$83700,$15406,$78041,$17783,$100411,$80118,,,$115010,$96864,,,$94833,$27711,,,$81756,$100239,$77315,$15518
2013,6037402801,Census Tract 4028.01,Pomona,Los Angeles County,California,Pomona,47153.0,18612.0,56032.0,13910.0,,,,,115137.0,134985.0,,,38763.0,10802.0,15490.0,20453.0,13273.0,76146.0,46708.0,19529.0,$47153,$18612,$56032,$13910,,,,,$115137,$134985,,,$38763,$10802,$15490,$20453,$13273,$76146,$46708,$19529
2013,6037402803,Census Tract 4028.03,Pomona,Los Angeles County,California,Pomona,51070.0,6529.0,52775.0,5313.0,,,,,39495.0,18301.0,,,33679.0,19240.0,,,52663.0,35050.0,51753.0,6658.0,$51070,$6529,$52775,$5313,,,,,$39495,$18301,,,$33679,$19240,,,$52663,$35050,$51753,$6658
2013,6037402804,Census Tract 4028.04,Pomona,Los Angeles County,California,Pomona,53499.0,7139.0,48796.0,10255.0,29582.0,168464.0,50713.0,65398.0,74802.0,16205.0,,,66138.0,53628.0,,,67241.0,20215.0,51402.0,8079.0,$53499,$7139,$48796,$10255,$29582,$168464,$50713,$65398,$74802,$16205,,,$66138,$53628,,,$67241,$20215,$51402,$8079
2013,6037402902,Census Tract 4029.02,Pomona,Los Angeles County,California,Pomona,67583.0,13914.0,69620.0,14324.0,116098.0,59053.0,,,25525.0,43209.0,,,60855.0,37465.0,,,43029.0,201332.0,68743.0,12847.0,$67583,$13914,$69620,$14324,$116098,$59053,,,$25525,$43209,,,$60855,$37465,,,$43029,$201332,$68743,$12847
2013,6037402903,Census Tract 4029.03,Pomona,Los Angeles County,California,Pomona,58109.0,10107.0,59654.0,9595.0,58320.0,58225.0,,,23877.0,24700.0,,,43490.0,46708.0,171578.0,26766.0,55784.0,48956.0,59120.0,11327.0,$58109,$10107,$59654,$9595,$58320,$58225,,,$23877,$24700,,,$43490,$46708,$171578,$26766,$55784,$48956,$59120,$11327
2013,6037402904,Census Tract 4029.04,Pomona,Los Angeles County,California,Pomona,75707.0,19168.0,76311.0,24368.0,109878.0,195148.0,48270.0,96872.0,103297.0,35481.0,,,61097.0,61755.0,73872.0,39093.0,56770.0,90534.0,73703.0,18131.0,$75707,$19168,$76311,$24368,$109878,$195148,$48270,$96872,$103297,$35481,,,$61097,$61755,$73872,$39093,$56770,$90534,$73703,$18131
2013,6037403000,Census Tract 4030,Pomona,Los Angeles County,California,Pomona,71780.0,12596.0,81011.0,19710.0,57005.0,5919.0,,,58675.0,17964.0,,,53248.0,26760.0,116093.0,56299.0,106374.0,71773.0,72990.0,16645.0,$71780,$12596,$81011,$19710,$57005,$5919,,,$58675,$17964,,,$53248,$26760,$116093,$56299,$106374,$71773,$72990,$16645
2013,6037403200,Census Tract 4032,Pomona,Los Angeles County,California,Pomona,,,,,,,,,,,,,,,,,,,,,,,,,,,,,,,,,,,,,,,,
2013,6037403312,Census Tract 4033.12,Pomona,Los Angeles County,California,Pomona,97577.0,23988.0,82030.0,16715.0,148834.0,148537.0,,,122805.0,30767.0,,,131008.0,99739.0,102694.0,163286.0,91177.0,20867.0,80347.0,32276.0,$97577,$23988,$82030,$16715,$148834,$148537,,,$122805,$30767,,,$131008,$99739,$102694,$163286,$91177,$20867,$80347,$32276
2013,6037403316,Census Tract 4033.16,Pomona,Los Angeles County,California,Pomona,126628.0,40334.0,142606.0,32494.0,216598.0,234780.0,,,115859.0,34751.0,,,89655.0,170072.0,162957.0,124859.0,124979.0,49488.0,167186.0,56389.0,$126628,$40334,$142606,$32494,$216598,$234780,,,$115859,$34751,,,$89655,$170072,$162957,$124859,$124979,$49488,$167186,$56389
2013,6037403317,Census Tract 4033.17,Pomona,Los Angeles County,California,Pomona,113206.0,4832.0,115245.0,8109.0,113699.0,101362.0,,,99816.0,24906.0,,,147862.0,106402.0,49205.0,1343.0,113131.0,6932.0,117823.0,34513.0,$113206,$4832,$115245,$8109,$113699,$101362,,,$99816,$24906,,,$147862,$106402,$49205,$1343,$113131,$6932,$117823,$34513
2013,6037403318,Census Tract 4033.18,Pomona,Los Angeles County,California,Pomona,110466.0,8362.0,109170.0,14058.0,122108.0,20694.0,,,120745.0,45403.0,,,135515.0,159709.0,84028.0,28676.0,93993.0,20665.0,116639.0,37015.0,$110466,$8362,$109170,$14058,$122108,$20694,,,$120745,$45403,,,$135515,$159709,$84028,$28676,$93993,$20665,$116639,$37015
2013,6037403321,Census Tract 4033.21,Pomona,Los Angeles County,California,Pomona,127458.0,18520.0,132417.0,33712.0,126782.0,81023.0,,,109586.0,16861.0,,,211786.0,14202.0,,,134108.0,40194.0,154904.0,53950.0,$127458,$18520,$132417,$33712,$126782,$81023,,,$109586,$16861,,,$211786,$14202,,,$134108,$40194,$154904,$53950
2013,6037408800,Census Tract 4088,Pomona,Los Angeles County,California,Pomona,36473.0,5876.0,38175.0,11759.0,17898.0,24396.0,38411.0,29603.0,20929.0,37258.0,,,47896.0,9771.0,49022.0,79213.0,24391.0,14081.0,46849.0,12807.0,$36473,$5876,$38175,$11759,$17898,$24396,$38411,$29603,$20929,$37258,,,$47896,$9771,$49022,$79213,$24391,$14081,$46849,$12807
2014,6037401303,Census Tract 4013.03,Pomona,Los Angeles County,California,Pomona,132527.0,15466.0,132821.0,22673.0,,,,,127844.0,21256.0,,,290975.0,220049.0,,,130278.0,20862.0,273873.0,77798.0,$132527,$15466,$132821,$22673,,,,,$127844,$21256,,,$290975,$220049,,,$130278,$20862,$273873,$77798
2014,6037401304,Census Tract 4013.04,Pomona,Los Angeles County,California,Pomona,129078.0,26432.0,140618.0,22508.0,,,,,118053.0,57100.0,,,,,,,126532.0,31322.0,141092.0,88406.0,$129078,$26432,$140618,$22508,,,,,$118053,$57100,,,,,,,$126532,$31322,$141092,$88406
2014,6037401701,Census Tract 4017.01,Pomona,Los Angeles County,California,Pomona,95650.0,18334.0,93374.0,16388.0,22961.0,56170.0,,,125100.0,16589.0,,,62567.0,138710.0,155582.0,10550.0,93287.0,17328.0,127013.0,63437.0,$95650,$18334,$93374,$16388,$22961,$56170,,,$125100,$16589,,,$62567,$138710,$155582,$10550,$93287,$17328,$127013,$63437
2014,6037401703,Census Tract 4017.03,Pomona,Los Angeles County,California,Pomona,68223.0,13715.0,66560.0,18124.0,88242.0,36103.0,,,81597.0,25159.0,,,55077.0,29360.0,,,61995.0,21082.0,68646.0,27777.0,$68223,$13715,$66560,$18124,$88242,$36103,,,$81597,$25159,,,$55077,$29360,,,$61995,$21082,$68646,$27777
2014,6037401704,Census Tract 4017.04,Pomona,Los Angeles County,California,Pomona,74869.0,18602.0,75687.0,19982.0,57147.0,34602.0,,,107107.0,50609.0,,,80143.0,59400.0,80808.0,75422.0,66215.0,26087.0,84269.0,18400.0,$74869,$18602,$75687,$19982,$57147,$34602,,,$107107,$50609,,,$80143,$59400,$80808,$75422,$66215,$26087,$84269,$18400
2014,6037402101,Census Tract 4021.01,Pomona,Los Angeles County,California,Pomona,77023.0,20337.0,56834.0,37827.0,49810.0,46681.0,,,104170.0,33310.0,,,126865.0,49716.0,94110.0,262798.0,15477.0,9089.0,81948.0,14996.0,$77023,$20337,$56834,$37827,$49810,$46681,,,$104170,$33310,,,$126865,$49716,$94110,$262798,$15477,$9089,$81948,$14996
2014,6037402102,Census Tract 4021.02,Pomona,Los Angeles County,California,Pomona,75930.0,19648.0,88251.0,17722.0,39767.0,36117.0,,,54190.0,14193.0,,,75745.0,16531.0,127228.0,20493.0,67756.0,56838.0,85666.0,12143.0,$75930,$19648,$88251,$17722,$39767,$36117,,,$54190,$14193,,,$75745,$16531,$127228,$20493,$67756,$56838,$85666,$12143
2014,6037402200,Census Tract 4022,Pomona,Los Angeles County,California,Pomona,78061.0,7436.0,83726.0,9910.0,75000.0,62261.0,,,85733.0,89139.0,,,42414.0,24768.0,82353.0,40989.0,69258.0,26278.0,76783.0,19466.0,$78061,$7436,$83726,$9910,$75000,$62261,,,$85733,$89139,,,$42414,$24768,$82353,$40989,$69258,$26278,$76783,$19466
2014,6037402301,Census Tract 4023.01,Pomona,Los Angeles County,California,Pomona,67023.0,13056.0,63079.0,11467.0,21615.0,15284.0,,,170630.0,49500.0,,,55625.0,18964.0,157218.0,218909.0,68541.0,7240.0,59094.0,10757.0,$67023,$13056,$63079,$11467,$21615,$15284,,,$170630,$49500,,,$55625,$18964,$157218,$218909,$68541,$7240,$59094,$10757
2014,6037402303,Census Tract 4023.03,Pomona,Los Angeles County,California,Pomona,47037.0,9011.0,50158.0,12006.0,61464.0,45490.0,,,19538.0,362071.0,,,36278.0,16511.0,32305.0,27436.0,50713.0,34666.0,44599.0,8919.0,$47037,$9011,$50158,$12006,$61464,$45490,,,$19538,$362071,,,$36278,$16511,$32305,$27436,$50713,$34666,$44599,$8919
2014,6037402304,Census Tract 4023.04,Pomona,Los Angeles County,California,Pomona,43316.0,5579.0,45256.0,14325.0,18186.0,55582.0,,,,,,,42343.0,6502.0,42954.0,11720.0,58519.0,8075.0,40959.0,8151.0,$43316,$5579,$45256,$14325,$18186,$55582,,,,,,,$42343,$6502,$42954,$11720,$58519,$8075,$40959,$8151
2014,6037402402,Census Tract 4024.02,Pomona,Los Angeles County,California,Pomona,76349.0,10721.0,69876.0,6813.0,94147.0,22965.0,,,79943.0,21732.0,,,103088.0,51245.0,,,54850.0,11845.0,81889.0,23761.0,$76349,$10721,$69876,$6813,$94147,$22965,,,$79943,$21732,,,$103088,$51245,,,$54850,$11845,$81889,$23761
2014,6037402403,Census Tract 4024.03,Pomona,Los Angeles County,California,Pomona,71954.0,9201.0,68171.0,11961.0,91948.0,108095.0,,,52717.0,130189.0,,,81176.0,22682.0,,,55701.0,26440.0,79865.0,17889.0,$71954,$9201,$68171,$11961,$91948,$108095,,,$52717,$130189,,,$81176,$22682,,,$55701,$26440,$79865,$17889
2014,6037402404,Census Tract 4024.04,Pomona,Los Angeles County,California,Pomona,,,,,,,,,,,,,,,,,,,,,,,,,,,,,,,,,,,,,,,,
2014,6037402405,Census Tract 4024.05,Pomona,Los Angeles County,California,Pomona,78939.0,10836.0,80285.0,9444.0,31592.0,74443.0,,,84323.0,170553.0,,,84522.0,26462.0,,,,,80285.0,10262.0,$78939,$10836,$80285,$9444,$31592,$74443,,,$84323,$170553,,,$84522,$26462,,,,,$80285,$10262
2014,6037402406,Census Tract 4024.06,Pomona,Los Angeles County,California,Pomona,66324.0,23090.0,56949.0,44973.0,45517.0,23846.0,77109.0,105097.0,74730.0,33361.0,,,68000.0,19487.0,,,42676.0,140532.0,66324.0,23850.0,$66324,$23090,$56949,$44973,$45517,$23846,$77109,$105097,$74730,$33361,,,$68000,$19487,,,$42676,$140532,$66324,$23850
2014,6037402501,Census Tract 4025.01,Pomona,Los Angeles County,California,Pomona,49517.0,8186.0,51200.0,9046.0,9145.0,52188.0,,,42141.0,23650.0,,,93319.0,107816.0,,,60597.0,39696.0,51716.0,9696.0,$49517,$8186,$51200,$9046,$9145,$52188,,,$42141,$23650,,,$93319,$107816,,,$60597,$39696,$51716,$9696
2014,6037402502,Census Tract 4025.02,Pomona,Los Angeles County,California,Pomona,54993.0,10883.0,59165.0,12359.0,,,,,45932.0,37097.0,,,54718.0,52655.0,15981.0,94711.0,49377.0,21974.0,58393.0,11936.0,$54993,$10883,$59165,$12359,,,,,$45932,$37097,,,$54718,$52655,$15981,$94711,$49377,$21974,$58393,$11936
2014,6037402600,Census Tract 4026,Pomona,Los Angeles County,California,Pomona,57987.0,13822.0,65065.0,29229.0,37757.0,10097.0,,,16087.0,18003.0,,,81355.0,51537.0,,,100936.0,32674.0,56483.0,24133.0,$57987,$13822,$65065,$29229,$37757,$10097,,,$16087,$18003,,,$81355,$51537,,,$100936,$32674,$56483,$24133
2014,6037402702,Census Tract 4027.02,Pomona,Los Angeles County,California,Pomona,45912.0,4243.0,49586.0,8056.0,57031.0,26690.0,,,25696.0,21047.0,,,43280.0,41339.0,37335.0,38645.0,43785.0,149761.0,46528.0,5621.0,$45912,$4243,$49586,$8056,$57031,$26690,,,$25696,$21047,,,$43280,$41339,$37335,$38645,$43785,$149761,$46528,$5621
2014,6037402703,Census Tract 4027.03,Pomona,Los Angeles County,California,Pomona,77622.0,16934.0,85131.0,12352.0,40348.0,51609.0,,,25416.0,115511.0,,,69169.0,42363.0,58195.0,68637.0,86129.0,30793.0,80808.0,18835.0,$77622,$16934,$85131,$12352,$40348,$51609,,,$25416,$115511,,,$69169,$42363,$58195,$68637,$86129,$30793,$80808,$18835
2014,6037402705,Census Tract 4027.05,Pomona,Los Angeles County,California,Pomona,84466.0,11447.0,88124.0,21453.0,61728.0,53590.0,,,53706.0,3912.0,,,80365.0,11956.0,106469.0,50585.0,86716.0,34501.0,84189.0,14153.0,$84466,$11447,$88124,$21453,$61728,$53590,,,$53706,$3912,,,$80365,$11956,$106469,$50585,$86716,$34501,$84189,$14153
2014,6037402706,Census Tract 4027.06,Pomona,Los Angeles County,California,Pomona,83630.0,17416.0,72827.0,19889.0,105780.0,37031.0,,,104038.0,75169.0,,,73436.0,35833.0,180286.0,171821.0,48346.0,17529.0,78147.0,17784.0,$83630,$17416,$72827,$19889,$105780,$37031,,,$104038,$75169,,,$73436,$35833,$180286,$171821,$48346,$17529,$78147,$17784
2014,6037402801,Census Tract 4028.01,Pomona,Los Angeles County,California,Pomona,40581.0,10624.0,52930.0,22546.0,,,,,,,,,37768.0,10272.0,16442.0,116526.0,13235.0,77250.0,42122.0,12203.0,$40581,$10624,$52930,$22546,,,,,,,,,$37768,$10272,$16442,$116526,$13235,$77250,$42122,$12203
2014,6037402803,Census Tract 4028.03,Pomona,Los Angeles County,California,Pomona,52375.0,7868.0,51714.0,7869.0,,,,,61853.0,34570.0,,,56532.0,29838.0,,,87016.0,102104.0,52246.0,8440.0,$52375,$7868,$51714,$7869,,,,,$61853,$34570,,,$56532,$29838,,,$87016,$102104,$52246,$8440
2014,6037402804,Census Tract 4028.04,Pomona,Los Angeles County,California,Pomona,51729.0,6715.0,47506.0,9865.0,100262.0,164779.0,27601.0,36649.0,75124.0,10265.0,,,51544.0,11298.0,,,52874.0,46234.0,47506.0,8338.0,$51729,$6715,$47506,$9865,$100262,$164779,$27601,$36649,$75124,$10265,,,$51544,$11298,,,$52874,$46234,$47506,$8338
2014,6037402902,Census Tract 4029.02,Pomona,Los Angeles County,California,Pomona,55612.0,11739.0,59145.0,15712.0,80393.0,31129.0,,,38409.0,29785.0,,,53483.0,27678.0,,,29153.0,47174.0,63232.0,15363.0,$55612,$11739,$59145,$15712,$80393,$31129,,,$38409,$29785,,,$53483,$27678,,,$29153,$47174,$63232,$15363
2014,6037402903,Census Tract 4029.03,Pomona,Los Angeles County,California,Pomona,64564.0,10040.0,64339.0,7448.0,96828.0,103470.0,,,18290.0,84522.0,,,48884.0,67293.0,129390.0,70986.0,66301.0,100674.0,63835.0,9866.0,$64564,$10040,$64339,$7448,$96828,$103470,,,$18290,$84522,,,$48884,$67293,$129390,$70986,$66301,$100674,$63835,$9866
2014,6037402904,Census Tract 4029.04,Pomona,Los Angeles County,California,Pomona,73799.0,14206.0,74615.0,24530.0,72605.0,409985.0,46556.0,3325.0,101577.0,114643.0,,,67659.0,28810.0,75284.0,15942.0,53982.0,22871.0,77240.0,15216.0,$73799,$14206,$74615,$24530,$72605,$409985,$46556,$3325,$101577,$114643,,,$67659,$28810,$75284,$15942,$53982,$22871,$77240,$15216
2014,6037403000,Census Tract 4030,Pomona,Los Angeles County,California,Pomona,69451.0,10266.0,70326.0,11368.0,58750.0,10620.0,,,59026.0,34975.0,,,86184.0,42953.0,113918.0,65366.0,105256.0,129505.0,69895.0,11090.0,$69451,$10266,$70326,$11368,$58750,$10620,,,$59026,$34975,,,$86184,$42953,$113918,$65366,$105256,$129505,$69895,$11090
2014,6037403200,Census Tract 4032,Pomona,Los Angeles County,California,Pomona,,,,,,,,,,,,,,,,,,,,,,,,,,,,,,,,,,,,,,,,
2014,6037403312,Census Tract 4033.12,Pomona,Los Angeles County,California,Pomona,100146.0,26473.0,94692.0,15435.0,146385.0,133491.0,,,123220.0,26493.0,,,77613.0,80175.0,50298.0,45476.0,96314.0,17039.0,79548.0,48325.0,$100146,$26473,$94692,$15435,$146385,$133491,,,$123220,$26493,,,$77613,$80175,$50298,$45476,$96314,$17039,$79548,$48325
2014,6037403316,Census Tract 4033.16,Pomona,Los Angeles County,California,Pomona,124807.0,37984.0,144323.0,21042.0,95488.0,66264.0,,,115050.0,39958.0,,,68368.0,120664.0,101938.0,82496.0,138375.0,65873.0,166668.0,69674.0,$124807,$37984,$144323,$21042,$95488,$66264,,,$115050,$39958,,,$68368,$120664,$101938,$82496,$138375,$65873,$166668,$69674
2014,6037403317,Census Tract 4033.17,Pomona,Los Angeles County,California,Pomona,111439.0,6733.0,118766.0,12472.0,111402.0,21629.0,,,91449.0,33935.0,,,122587.0,88379.0,51353.0,10546.0,117469.0,7130.0,119161.0,78407.0,$111439,$6733,$118766,$12472,$111402,$21629,,,$91449,$33935,,,$122587,$88379,$51353,$10546,$117469,$7130,$119161,$78407
2014,6037403318,Census Tract 4033.18,Pomona,Los Angeles County,California,Pomona,108227.0,10080.0,108107.0,13420.0,107321.0,49045.0,,,108691.0,42547.0,,,161996.0,81597.0,74822.0,88523.0,109074.0,24660.0,108272.0,21275.0,$108227,$10080,$108107,$13420,$107321,$49045,,,$108691,$42547,,,$161996,$81597,$74822,$88523,$109074,$24660,$108272,$21275
2014,6037403321,Census Tract 4033.21,Pomona,Los Angeles County,California,Pomona,135639.0,17401.0,149728.0,23286.0,77673.0,99052.0,,,112054.0,21389.0,,,208779.0,35935.0,,,151224.0,41911.0,158327.0,52389.0,$135639,$17401,$149728,$23286,$77673,$99052,,,$112054,$21389,,,$208779,$35935,,,$151224,$41911,$158327,$52389
2014,6037408800,Census Tract 4088,Pomona,Los Angeles County,California,Pomona,38939.0,6591.0,52184.0,14048.0,18105.0,53908.0,38163.0,20332.0,3324.0,,,,34717.0,9789.0,96903.0,103051.0,47886.0,28533.0,45276.0,15981.0,$38939,$6591,$52184,$14048,$18105,$53908,$38163,$20332,$3324,,,,$34717,$9789,$96903,$103051,$47886,$28533,$45276,$15981
2015,6037401303,Census Tract 4013.03,Pomona,Los Angeles County,California,Pomona,134376.0,12706.0,135797.0,15115.0,,,,,126259.0,19319.0,,,,,,,130821.0,11353.0,267236.0,55682.0,$134376,$12706,$135797,$15115,,,,,$126259,$19319,,,,,,,$130821,$11353,$267236,$55682
2015,6037401304,Census Tract 4013.04,Pomona,Los Angeles County,California,Pomona,139851.0,21124.0,144973.0,12643.0,,,,,110526.0,68374.0,,,,,,,136938.0,30007.0,142584.0,42066.0,$139851,$21124,$144973,$12643,,,,,$110526,$68374,,,,,,,$136938,$30007,$142584,$42066
2015,6037401701,Census Tract 4017.01,Pomona,Los Angeles County,California,Pomona,87904.0,12234.0,88514.0,11572.0,,,,,125319.0,58801.0,,,,,157479.0,30872.0,91292.0,12818.0,,,$87904,$12234,$88514,$11572,,,,,$125319,$58801,,,,,$157479,$30872,$91292,$12818,,
2015,6037401703,Census Tract 4017.03,Pomona,Los Angeles County,California,Pomona,68460.0,12924.0,68608.0,14834.0,88501.0,29634.0,,,60466.0,41779.0,,,48966.0,38988.0,,,67177.0,24331.0,70196.0,25150.0,$68460,$12924,$68608,$14834,$88501,$29634,,,$60466,$41779,,,$48966,$38988,,,$67177,$24331,$70196,$25150
2015,6037401704,Census Tract 4017.04,Pomona,Los Angeles County,California,Pomona,68825.0,18775.0,67573.0,15332.0,,,,,154366.0,43365.0,,,66296.0,43181.0,,,67017.0,26876.0,68994.0,18552.0,$68825,$18775,$67573,$15332,,,,,$154366,$43365,,,$66296,$43181,,,$67017,$26876,$68994,$18552
2015,6037402101,Census Tract 4021.01,Pomona,Los Angeles County,California,Pomona,72012.0,12321.0,56673.0,24709.0,48263.0,16187.0,,,104986.0,40109.0,,,187563.0,62590.0,88920.0,27042.0,,,86400.0,15794.0,$72012,$12321,$56673,$24709,$48263,$16187,,,$104986,$40109,,,$187563,$62590,$88920,$27042,,,$86400,$15794
2015,6037402102,Census Tract 4021.02,Pomona,Los Angeles County,California,Pomona,83123.0,16828.0,85914.0,14520.0,58141.0,10562.0,,,54290.0,25292.0,,,83759.0,20326.0,127113.0,48209.0,90738.0,53251.0,85108.0,10798.0,$83123,$16828,$85914,$14520,$58141,$10562,,,$54290,$25292,,,$83759,$20326,$127113,$48209,$90738,$53251,$85108,$10798
2015,6037402200,Census Tract 4022,Pomona,Los Angeles County,California,Pomona,76066.0,8606.0,77644.0,21777.0,75781.0,66510.0,,,82314.0,80399.0,,,42131.0,35627.0,107614.0,18561.0,67698.0,20691.0,72838.0,17865.0,$76066,$8606,$77644,$21777,$75781,$66510,,,$82314,$80399,,,$42131,$35627,$107614,$18561,$67698,$20691,$72838,$17865
2015,6037402301,Census Tract 4023.01,Pomona,Los Angeles County,California,Pomona,61071.0,9425.0,59439.0,13449.0,,,,,169564.0,92261.0,,,54318.0,9640.0,,,68608.0,18241.0,57962.0,7159.0,$61071,$9425,$59439,$13449,,,,,$169564,$92261,,,$54318,$9640,,,$68608,$18241,$57962,$7159
2015,6037402303,Census Tract 4023.03,Pomona,Los Angeles County,California,Pomona,49210.0,9699.0,55131.0,14905.0,,,,,,,,,44402.0,16081.0,51041.0,36729.0,67342.0,28142.0,47355.0,6983.0,$49210,$9699,$55131,$14905,,,,,,,,,$44402,$16081,$51041,$36729,$67342,$28142,$47355,$6983
2015,6037402304,Census Tract 4023.04,Pomona,Los Angeles County,California,Pomona,43513.0,7942.0,49150.0,12554.0,17211.0,11177.0,,,,,,,37789.0,10276.0,42742.0,17061.0,57399.0,10000.0,41662.0,9893.0,$43513,$7942,$49150,$12554,$17211,$11177,,,,,,,$37789,$10276,$42742,$17061,$57399,$10000,$41662,$9893
2015,6037402402,Census Tract 4024.02,Pomona,Los Angeles County,California,Pomona,71119.0,8451.0,65666.0,5967.0,94432.0,16086.0,,,72522.0,11696.0,,,,,,,53541.0,22030.0,71374.0,17266.0,$71119,$8451,$65666,$5967,$94432,$16086,,,$72522,$11696,,,,,,,$53541,$22030,$71374,$17266
2015,6037402403,Census Tract 4024.03,Pomona,Los Angeles County,California,Pomona,76353.0,11464.0,76477.0,15808.0,89964.0,55693.0,,,,,,,71484.0,34056.0,,,70015.0,26292.0,80115.0,18626.0,$76353,$11464,$76477,$15808,$89964,$55693,,,,,,,$71484,$34056,,,$70015,$26292,$80115,$18626
2015,6037402404,Census Tract 4024.04,Pomona,Los Angeles County,California,Pomona,,,,,,,,,,,,,,,,,,,,,,,,,,,,,,,,,,,,,,,,
2015,6037402405,Census Tract 4024.05,Pomona,Los Angeles County,California,Pomona,79466.0,10780.0,80694.0,18464.0,79466.0,60500.0,,,,,,,74113.0,9642.0,,,,,75068.0,7874.0,$79466,$10780,$80694,$18464,$79466,$60500,,,,,,,$74113,$9642,,,,,$75068,$7874
2015,6037402406,Census Tract 4024.06,Pomona,Los Angeles County,California,Pomona,52507.0,14352.0,74140.0,46330.0,36255.0,23169.0,,,74754.0,19432.0,,,49471.0,13910.0,,,74140.0,73814.0,52561.0,14466.0,$52507,$14352,$74140,$46330,$36255,$23169,,,$74754,$19432,,,$49471,$13910,,,$74140,$73814,$52561,$14466
2015,6037402501,Census Tract 4025.01,Pomona,Los Angeles County,California,Pomona,48295.0,4122.0,49620.0,4527.0,,,,,41557.0,18711.0,,,74803.0,56678.0,,,42840.0,39623.0,50385.0,5869.0,$48295,$4122,$49620,$4527,,,,,$41557,$18711,,,$74803,$56678,,,$42840,$39623,$50385,$5869
2015,6037402502,Census Tract 4025.02,Pomona,Los Angeles County,California,Pomona,53115.0,9189.0,56197.0,13110.0,,,,,42658.0,30993.0,,,,,,,49259.0,24882.0,54511.0,11209.0,$53115,$9189,$56197,$13110,,,,,$42658,$30993,,,,,,,$49259,$24882,$54511,$11209
2015,6037402600,Census Tract 4026,Pomona,Los Angeles County,California,Pomona,62043.0,11587.0,73531.0,27758.0,39070.0,13583.0,47865.0,700.0,,,,,74082.0,12797.0,,,91774.0,29022.0,60765.0,17057.0,$62043,$11587,$73531,$27758,$39070,$13583,$47865,$700,,,,,$74082,$12797,,,$91774,$29022,$60765,$17057
2015,6037402702,Census Tract 4027.02,Pomona,Los Angeles County,California,Pomona,44362.0,4208.0,45850.0,5560.0,51732.0,47231.0,,,30351.0,10442.0,,,43289.0,21704.0,41063.0,24652.0,,,44860.0,3121.0,$44362,$4208,$45850,$5560,$51732,$47231,,,$30351,$10442,,,$43289,$21704,$41063,$24652,,,$44860,$3121
2015,6037402703,Census Tract 4027.03,Pomona,Los Angeles County,California,Pomona,76353.0,12620.0,86632.0,17305.0,39397.0,32090.0,,,,,,,79957.0,42061.0,59478.0,53714.0,74174.0,29249.0,81671.0,12300.0,$76353,$12620,$86632,$17305,$39397,$32090,,,,,,,$79957,$42061,$59478,$53714,$74174,$29249,$81671,$12300
2015,6037402705,Census Tract 4027.05,Pomona,Los Angeles County,California,Pomona,88388.0,14826.0,91235.0,16363.0,,,,,,,,,69345.0,21897.0,,,87834.0,26773.0,90281.0,27613.0,$88388,$14826,$91235,$16363,,,,,,,,,$69345,$21897,,,$87834,$26773,$90281,$27613
2015,6037402706,Census Tract 4027.06,Pomona,Los Angeles County,California,Pomona,83262.0,13538.0,76827.0,15988.0,103435.0,69550.0,,,101805.0,62015.0,,,75572.0,18690.0,180061.0,63633.0,51455.0,24616.0,83395.0,14859.0,$83262,$13538,$76827,$15988,$103435,$69550,,,$101805,$62015,,,$75572,$18690,$180061,$63633,$51455,$24616,$83395,$14859
2015,6037402801,Census Tract 4028.01,Pomona,Los Angeles County,California,Pomona,40156.0,11274.0,42428.0,18099.0,,,,,,,,,31026.0,19712.0,,,51825.0,41058.0,39362.0,12430.0,$40156,$11274,$42428,$18099,,,,,,,,,$31026,$19712,,,$51825,$41058,$39362,$12430
2015,6037402803,Census Tract 4028.03,Pomona,Los Angeles County,California,Pomona,51455.0,6890.0,45217.0,10427.0,,,,,55329.0,8459.0,,,68452.0,10858.0,,,43894.0,43698.0,51455.0,8080.0,$51455,$6890,$45217,$10427,,,,,$55329,$8459,,,$68452,$10858,,,$43894,$43698,$51455,$8080
2015,6037402804,Census Tract 4028.04,Pomona,Los Angeles County,California,Pomona,56799.0,5640.0,53248.0,6185.0,,,,,68766.0,13655.0,,,62489.0,9881.0,,,63226.0,51907.0,55086.0,5970.0,$56799,$5640,$53248,$6185,,,,,$68766,$13655,,,$62489,$9881,,,$63226,$51907,$55086,$5970
2015,6037402902,Census Tract 4029.02,Pomona,Los Angeles County,California,Pomona,66653.0,16831.0,69455.0,14057.0,81245.0,33198.0,,,39836.0,33744.0,,,52377.0,18370.0,,,,,69091.0,11655.0,$66653,$16831,$69455,$14057,$81245,$33198,,,$39836,$33744,,,$52377,$18370,,,,,$69091,$11655
2015,6037402903,Census Tract 4029.03,Pomona,Los Angeles County,California,Pomona,63890.0,10668.0,64706.0,8351.0,135186.0,45259.0,,,,,,,48446.0,3442.0,,,124489.0,59226.0,58894.0,12309.0,$63890,$10668,$64706,$8351,$135186,$45259,,,,,,,$48446,$3442,,,$124489,$59226,$58894,$12309
2015,6037402904,Census Tract 4029.04,Pomona,Los Angeles County,California,Pomona,80843.0,7777.0,80420.0,8440.0,,,,,102172.0,88621.0,,,114115.0,74543.0,,,80005.0,38465.0,82643.0,14875.0,$80843,$7777,$80420,$8440,,,,,$102172,$88621,,,$114115,$74543,,,$80005,$38465,$82643,$14875
2015,6037403000,Census Tract 4030,Pomona,Los Angeles County,California,Pomona,67663.0,8772.0,69740.0,8715.0,61414.0,11761.0,,,79848.0,50293.0,,,60419.0,7017.0,113656.0,27579.0,,,65131.0,8172.0,$67663,$8772,$69740,$8715,$61414,$11761,,,$79848,$50293,,,$60419,$7017,$113656,$27579,,,$65131,$8172
2015,6037403200,Census Tract 4032,Pomona,Los Angeles County,California,Pomona,,,,,,,,,,,,,,,,,,,,,,,,,,,,,,,,,,,,,,,,
2015,6037403312,Census Tract 4033.12,Pomona,Los Angeles County,California,Pomona,114567.0,26175.0,95983.0,22207.0,147635.0,111873.0,,,137175.0,18999.0,,,76811.0,39673.0,79673.0,78305.0,103364.0,26308.0,77842.0,29025.0,$114567,$26175,$95983,$22207,$147635,$111873,,,$137175,$18999,,,$76811,$39673,$79673,$78305,$103364,$26308,$77842,$29025
2015,6037403316,Census Tract 4033.16,Pomona,Los Angeles County,California,Pomona,108641.0,25866.0,138044.0,46526.0,,,,,106035.0,51202.0,,,,,151046.0,44631.0,142701.0,33767.0,83731.0,66852.0,$108641,$25866,$138044,$46526,,,,,$106035,$51202,,,,,$151046,$44631,$142701,$33767,$83731,$66852
2015,6037403317,Census Tract 4033.17,Pomona,Los Angeles County,California,Pomona,112938.0,7038.0,126300.0,17478.0,110675.0,84387.0,,,89447.0,30792.0,,,,,,,116348.0,9432.0,127054.0,20125.0,$112938,$7038,$126300,$17478,$110675,$84387,,,$89447,$30792,,,,,,,$116348,$9432,$127054,$20125
2015,6037403318,Census Tract 4033.18,Pomona,Los Angeles County,California,Pomona,117278.0,11234.0,109919.0,12993.0,120978.0,46958.0,,,131557.0,18882.0,,,162444.0,41290.0,,,115478.0,21092.0,109136.0,21601.0,$117278,$11234,$109919,$12993,$120978,$46958,,,$131557,$18882,,,$162444,$41290,,,$115478,$21092,$109136,$21601
2015,6037403321,Census Tract 4033.21,Pomona,Los Angeles County,California,Pomona,125526.0,11566.0,137293.0,20089.0,,,,,111235.0,9188.0,,,206076.0,111051.0,84099.0,24072.0,136498.0,32574.0,139013.0,24866.0,$125526,$11566,$137293,$20089,,,,,$111235,$9188,,,$206076,$111051,$84099,$24072,$136498,$32574,$139013,$24866
2015,6037408800,Census Tract 4088,Pomona,Los Angeles County,California,Pomona,43728.0,7638.0,54509.0,6961.0,36701.0,33648.0,,,,,,,32990.0,15259.0,,,,,53763.0,6904.0,$43728,$7638,$54509,$6961,$36701,$33648,,,,,,,$32990,$15259,,,,,$53763,$6904
2016,6037401303,Census Tract 4013.03,Pomona,Los Angeles County,California,Pomona,135758.0,19757.0,139042.0,47524.0,,,,,125086.0,27800.0,,,230143.0,74072.0,,,137976.0,29650.0,259457.0,63408.0,$135758,$19757,$139042,$47524,,,,,$125086,$27800,,,$230143,$74072,,,$137976,$29650,$259457,$63408
2016,6037401304,Census Tract 4013.04,Pomona,Los Angeles County,California,Pomona,150492.0,9361.0,153042.0,8524.0,,,,,121262.0,59097.0,,,,,,,147924.0,12537.0,174082.0,65974.0,$150492,$9361,$153042,$8524,,,,,$121262,$59097,,,,,,,$147924,$12537,$174082,$65974
2016,6037401701,Census Tract 4017.01,Pomona,Los Angeles County,California,Pomona,81361.0,12303.0,83572.0,10432.0,,,,,170720.0,60742.0,,,59114.0,39752.0,158587.0,30406.0,86691.0,14465.0,60034.0,9136.0,$81361,$12303,$83572,$10432,,,,,$170720,$60742,,,$59114,$39752,$158587,$30406,$86691,$14465,$60034,$9136
2016,6037401703,Census Tract 4017.03,Pomona,Los Angeles County,California,Pomona,72258.0,10594.0,72960.0,11964.0,87260.0,33763.0,,,40785.0,24195.0,,,,,,,66667.0,17858.0,75782.0,11922.0,$72258,$10594,$72960,$11964,$87260,$33763,,,$40785,$24195,,,,,,,$66667,$17858,$75782,$11922
2016,6037401704,Census Tract 4017.04,Pomona,Los Angeles County,California,Pomona,68484.0,15275.0,62512.0,13629.0,86850.0,67014.0,,,117282.0,89714.0,,,88786.0,38002.0,,,61297.0,16859.0,68356.0,15775.0,$68484,$15275,$62512,$13629,$86850,$67014,,,$117282,$89714,,,$88786,$38002,,,$61297,$16859,$68356,$15775
2016,6037402101,Census Tract 4021.01,Pomona,Los Angeles County,California,Pomona,88372.0,18004.0,78903.0,36938.0,,,,,81729.0,50108.0,,,120034.0,59514.0,89073.0,31411.0,,,92271.0,9338.0,$88372,$18004,$78903,$36938,,,,,$81729,$50108,,,$120034,$59514,$89073,$31411,,,$92271,$9338
2016,6037402102,Census Tract 4021.02,Pomona,Los Angeles County,California,Pomona,86256.0,7120.0,94178.0,17580.0,57268.0,5507.0,,,72266.0,44404.0,,,73904.0,41192.0,125246.0,17239.0,108905.0,6952.0,89472.0,13749.0,$86256,$7120,$94178,$17580,$57268,$5507,,,$72266,$44404,,,$73904,$41192,$125246,$17239,$108905,$6952,$89472,$13749
2016,6037402200,Census Tract 4022,Pomona,Los Angeles County,California,Pomona,85772.0,22899.0,82285.0,22319.0,108432.0,67772.0,169564.0,122055.0,133552.0,67529.0,,,,,,,73857.0,39635.0,78566.0,25660.0,$85772,$22899,$82285,$22319,$108432,$67772,$169564,$122055,$133552,$67529,,,,,,,$73857,$39635,$78566,$25660
2016,6037402301,Census Tract 4023.01,Pomona,Los Angeles County,California,Pomona,69152.0,17762.0,68320.0,18268.0,,,,,,,,,59855.0,25833.0,81729.0,29052.0,68095.0,31798.0,70054.0,20959.0,$69152,$17762,$68320,$18268,,,,,,,,,$59855,$25833,$81729,$29052,$68095,$31798,$70054,$20959
2016,6037402303,Census Tract 4023.03,Pomona,Los Angeles County,California,Pomona,49535.0,7016.0,54258.0,18736.0,30479.0,25105.0,,,,,,,50070.0,8347.0,49889.0,23988.0,56917.0,32160.0,50560.0,6690.0,$49535,$7016,$54258,$18736,$30479,$25105,,,,,,,$50070,$8347,$49889,$23988,$56917,$32160,$50560,$6690
2016,6037402304,Census Tract 4023.04,Pomona,Los Angeles County,California,Pomona,43589.0,4477.0,46351.0,6455.0,16489.0,11260.0,,,,,,,42798.0,7434.0,42059.0,29996.0,49571.0,13503.0,43358.0,5587.0,$43589,$4477,$46351,$6455,$16489,$11260,,,,,,,$42798,$7434,$42059,$29996,$49571,$13503,$43358,$5587
2016,6037402402,Census Tract 4024.02,Pomona,Los Angeles County,California,Pomona,65114.0,10773.0,65403.0,9419.0,95197.0,29764.0,,,54707.0,34773.0,,,59181.0,29688.0,144628.0,65003.0,54763.0,20862.0,64140.0,8922.0,$65114,$10773,$65403,$9419,$95197,$29764,,,$54707,$34773,,,$59181,$29688,$144628,$65003,$54763,$20862,$64140,$8922
2016,6037402403,Census Tract 4024.03,Pomona,Los Angeles County,California,Pomona,76447.0,18080.0,76091.0,21522.0,,,,,,,,,53421.0,19630.0,,,70761.0,25053.0,68005.0,32889.0,$76447,$18080,$76091,$21522,,,,,,,,,$53421,$19630,,,$70761,$25053,$68005,$32889
2016,6037402404,Census Tract 4024.04,Pomona,Los Angeles County,California,Pomona,,,,,,,,,,,,,,,,,,,,,,,,,,,,,,,,,,,,,,,,
2016,6037402405,Census Tract 4024.05,Pomona,Los Angeles County,California,Pomona,78984.0,12374.0,59484.0,16996.0,89945.0,85482.0,,,,,,,85842.0,24290.0,,,,,70190.0,19894.0,$78984,$12374,$59484,$16996,$89945,$85482,,,,,,,$85842,$24290,,,,,$70190,$19894
2016,6037402406,Census Tract 4024.06,Pomona,Los Angeles County,California,Pomona,59705.0,9908.0,61587.0,34065.0,48068.0,22994.0,,,74696.0,21132.0,,,59122.0,17812.0,,,,,60472.0,7073.0,$59705,$9908,$61587,$34065,$48068,$22994,,,$74696,$21132,,,$59122,$17812,,,,,$60472,$7073
2016,6037402501,Census Tract 4025.01,Pomona,Los Angeles County,California,Pomona,47788.0,4039.0,48697.0,4188.0,30900.0,25264.0,,,39813.0,13617.0,,,83026.0,39282.0,,,45180.0,44172.0,50417.0,14710.0,$47788,$4039,$48697,$4188,$30900,$25264,,,$39813,$13617,,,$83026,$39282,,,$45180,$44172,$50417,$14710
2016,6037402502,Census Tract 4025.02,Pomona,Los Angeles County,California,Pomona,53452.0,8613.0,60631.0,10556.0,90856.0,77655.0,,,51097.0,26547.0,,,46102.0,25364.0,,,61205.0,17432.0,52587.0,9793.0,$53452,$8613,$60631,$10556,$90856,$77655,,,$51097,$26547,,,$46102,$25364,,,$61205,$17432,$52587,$9793
2016,6037402600,Census Tract 4026,Pomona,Los Angeles County,California,Pomona,55449.0,14150.0,64951.0,20799.0,41811.0,33032.0,47249.0,962.0,23222.0,21187.0,,,53770.0,36913.0,,,81442.0,32943.0,54652.0,14870.0,$55449,$14150,$64951,$20799,$41811,$33032,$47249,$962,$23222,$21187,,,$53770,$36913,,,$81442,$32943,$54652,$14870
2016,6037402702,Census Tract 4027.02,Pomona,Los Angeles County,California,Pomona,43165.0,4510.0,45479.0,11877.0,29646.0,19803.0,73536.0,9555.0,30862.0,27716.0,,,40520.0,12257.0,40238.0,26738.0,16523.0,15473.0,45116.0,5135.0,$43165,$4510,$45479,$11877,$29646,$19803,$73536,$9555,$30862,$27716,,,$40520,$12257,$40238,$26738,$16523,$15473,$45116,$5135
2016,6037402703,Census Tract 4027.03,Pomona,Los Angeles County,California,Pomona,85509.0,12226.0,89866.0,7918.0,,,,,,,,,82261.0,39529.0,,,128114.0,77920.0,86000.0,11210.0,$85509,$12226,$89866,$7918,,,,,,,,,$82261,$39529,,,$128114,$77920,$86000,$11210
2016,6037402705,Census Tract 4027.05,Pomona,Los Angeles County,California,Pomona,86303.0,13161.0,87069.0,16338.0,78001.0,24374.0,,,,,,,102828.0,51996.0,,,71048.0,12922.0,93951.0,19457.0,$86303,$13161,$87069,$16338,$78001,$24374,,,,,,,$102828,$51996,,,$71048,$12922,$93951,$19457
2016,6037402706,Census Tract 4027.06,Pomona,Los Angeles County,California,Pomona,77134.0,9434.0,76198.0,12255.0,64619.0,53128.0,101895.0,96692.0,101363.0,40309.0,,,74113.0,7510.0,100232.0,52771.0,62270.0,20220.0,79115.0,8639.0,$77134,$9434,$76198,$12255,$64619,$53128,$101895,$96692,$101363,$40309,,,$74113,$7510,$100232,$52771,$62270,$20220,$79115,$8639
2016,6037402801,Census Tract 4028.01,Pomona,Los Angeles County,California,Pomona,44845.0,13204.0,54156.0,15335.0,,,,,,,,,29660.0,23382.0,,,52642.0,27092.0,45336.0,14074.0,$44845,$13204,$54156,$15335,,,,,,,,,$29660,$23382,,,$52642,$27092,$45336,$14074
2016,6037402803,Census Tract 4028.03,Pomona,Los Angeles County,California,Pomona,55012.0,10447.0,49571.0,12531.0,,,,,57517.0,21870.0,,,61178.0,20857.0,,,,,54240.0,12218.0,$55012,$10447,$49571,$12531,,,,,$57517,$21870,,,$61178,$20857,,,,,$54240,$12218
2016,6037402804,Census Tract 4028.04,Pomona,Los Angeles County,California,Pomona,55413.0,5427.0,50237.0,6525.0,,,,,69760.0,20984.0,,,59648.0,4459.0,,,,,55151.0,5604.0,$55413,$5427,$50237,$6525,,,,,$69760,$20984,,,$59648,$4459,,,,,$55151,$5604
2016,6037402902,Census Tract 4029.02,Pomona,Los Angeles County,California,Pomona,63650.0,11905.0,65687.0,10838.0,89129.0,60851.0,,,41670.0,35241.0,,,55370.0,14917.0,,,32978.0,11969.0,66109.0,9533.0,$63650,$11905,$65687,$10838,$89129,$60851,,,$41670,$35241,,,$55370,$14917,,,$32978,$11969,$66109,$9533
2016,6037402903,Census Tract 4029.03,Pomona,Los Angeles County,California,Pomona,61201.0,9367.0,63160.0,5906.0,161901.0,124838.0,,,77018.0,63337.0,,,53779.0,5043.0,33388.0,8386.0,93732.0,73021.0,60702.0,8319.0,$61201,$9367,$63160,$5906,$161901,$124838,,,$77018,$63337,,,$53779,$5043,$33388,$8386,$93732,$73021,$60702,$8319
2016,6037402904,Census Tract 4029.04,Pomona,Los Angeles County,California,Pomona,80102.0,15152.0,77766.0,12386.0,,,,,102581.0,64159.0,,,126833.0,55698.0,,,80869.0,18509.0,78773.0,21615.0,$80102,$15152,$77766,$12386,,,,,$102581,$64159,,,$126833,$55698,,,$80869,$18509,$78773,$21615
2016,6037403000,Census Tract 4030,Pomona,Los Angeles County,California,Pomona,67637.0,9435.0,72266.0,11346.0,59607.0,59116.0,,,56534.0,18833.0,,,82206.0,55429.0,47482.0,9384.0,105811.0,97496.0,71744.0,12607.0,$67637,$9435,$72266,$11346,$59607,$59116,,,$56534,$18833,,,$82206,$55429,$47482,$9384,$105811,$97496,$71744,$12607
2016,6037403200,Census Tract 4032,Pomona,Los Angeles County,California,Pomona,,,,,,,,,,,,,,,,,,,,,,,,,,,,,,,,,,,,,,,,
2016,6037403312,Census Tract 4033.12,Pomona,Los Angeles County,California,Pomona,101325.0,21981.0,84731.0,22207.0,148274.0,115774.0,,,134558.0,31232.0,,,72429.0,59116.0,,,92858.0,30199.0,80295.0,46237.0,$101325,$21981,$84731,$22207,$148274,$115774,,,$134558,$31232,,,$72429,$59116,,,$92858,$30199,$80295,$46237
2016,6037403316,Census Tract 4033.16,Pomona,Los Angeles County,California,Pomona,108200.0,33345.0,125222.0,38539.0,60133.0,60126.0,,,105306.0,58801.0,,,,,100942.0,98750.0,139362.0,23694.0,,,$108200,$33345,$125222,$38539,$60133,$60126,,,$105306,$58801,,,,,$100942,$98750,$139362,$23694,,
2016,6037403317,Census Tract 4033.17,Pomona,Los Angeles County,California,Pomona,113041.0,13880.0,120034.0,22230.0,,,,,80022.0,29618.0,,,,,172225.0,42308.0,117493.0,23416.0,131428.0,22882.0,$113041,$13880,$120034,$22230,,,,,$80022,$29618,,,,,$172225,$42308,$117493,$23416,$131428,$22882
2016,6037403318,Census Tract 4033.18,Pomona,Los Angeles County,California,Pomona,111898.0,14641.0,119623.0,19692.0,81114.0,38070.0,,,119623.0,27245.0,,,158314.0,99946.0,,,136010.0,27004.0,109099.0,14818.0,$111898,$14641,$119623,$19692,$81114,$38070,,,$119623,$27245,,,$158314,$99946,,,$136010,$27004,$109099,$14818
2016,6037403321,Census Tract 4033.21,Pomona,Los Angeles County,California,Pomona,129014.0,14576.0,136127.0,31751.0,,,,,118291.0,18543.0,,,206649.0,56960.0,82917.0,23149.0,136478.0,35731.0,149666.0,61286.0,$129014,$14576,$136127,$31751,,,,,$118291,$18543,,,$206649,$56960,$82917,$23149,$136478,$35731,$149666,$61286
2016,6037408800,Census Tract 4088,Pomona,Los Angeles County,California,Pomona,44919.0,7936.0,46073.0,19642.0,61997.0,32223.0,,,,,,,65972.0,29924.0,,,29837.0,18336.0,56193.0,15801.0,$44919,$7936,$46073,$19642,$61997,$32223,,,,,,,$65972,$29924,,,$29837,$18336,$56193,$15801
2017,6037401303,Census Tract 4013.03,Pomona,Los Angeles County,California,Pomona,138298.0,23662.0,142806.0,53052.0,,,,,120960.0,38918.0,,,229911.0,30068.0,,,138081.0,20854.0,290247.0,49390.0,$138298,$23662,$142806,$53052,,,,,$120960,$38918,,,$229911,$30068,,,$138081,$20854,$290247,$49390
2017,6037401304,Census Tract 4013.04,Pomona,Los Angeles County,California,Pomona,154483.0,9884.0,155064.0,14793.0,,,,,125447.0,74919.0,,,,,,,149288.0,17830.0,187333.0,52813.0,$154483,$9884,$155064,$14793,,,,,$125447,$74919,,,,,,,$149288,$17830,$187333,$52813
2017,6037401701,Census Tract 4017.01,Pomona,Los Angeles County,California,Pomona,89053.0,27308.0,90947.0,35452.0,,,,,128967.0,70662.0,,,,,157426.0,54606.0,90305.0,34917.0,63476.0,47526.0,$89053,$27308,$90947,$35452,,,,,$128967,$70662,,,,,$157426,$54606,$90305,$34917,$63476,$47526
2017,6037401703,Census Tract 4017.03,Pomona,Los Angeles County,California,Pomona,70882.0,8635.0,69978.0,8553.0,73640.0,55288.0,,,,,,,80458.0,57588.0,155293.0,113236.0,69357.0,18291.0,73943.0,16074.0,$70882,$8635,$69978,$8553,$73640,$55288,,,,,,,$80458,$57588,$155293,$113236,$69357,$18291,$73943,$16074
2017,6037401704,Census Tract 4017.04,Pomona,Los Angeles County,California,Pomona,65987.0,14474.0,52659.0,17232.0,,,,,106615.0,73648.0,,,93631.0,46247.0,82521.0,14564.0,52019.0,14536.0,72984.0,22474.0,$65987,$14474,$52659,$17232,,,,,$106615,$73648,,,$93631,$46247,$82521,$14564,$52019,$14536,$72984,$22474
2017,6037402101,Census Tract 4021.01,Pomona,Los Angeles County,California,Pomona,88105.0,16895.0,92945.0,9372.0,65787.0,63141.0,,,66628.0,31475.0,,,97488.0,11825.0,72607.0,30258.0,,,94284.0,7783.0,$88105,$16895,$92945,$9372,$65787,$63141,,,$66628,$31475,,,$97488,$11825,$72607,$30258,,,$94284,$7783
2017,6037402102,Census Tract 4021.02,Pomona,Los Angeles County,California,Pomona,86349.0,9979.0,95211.0,18687.0,58000.0,24411.0,,,71959.0,9785.0,,,,,125406.0,32605.0,96204.0,41978.0,93337.0,11908.0,$86349,$9979,$95211,$18687,$58000,$24411,,,$71959,$9785,,,,,$125406,$32605,$96204,$41978,$93337,$11908
2017,6037402200,Census Tract 4022,Pomona,Los Angeles County,California,Pomona,85023.0,16671.0,86735.0,25547.0,76363.0,64052.0,168986.0,147504.0,125663.0,87841.0,,,66389.0,54155.0,,,69737.0,34682.0,86074.0,19757.0,$85023,$16671,$86735,$25547,$76363,$64052,$168986,$147504,$125663,$87841,,,$66389,$54155,,,$69737,$34682,$86074,$19757
2017,6037402301,Census Tract 4023.01,Pomona,Los Angeles County,California,Pomona,74461.0,13946.0,74666.0,12622.0,,,101489.0,84589.0,98881.0,56291.0,,,61401.0,19560.0,97967.0,50019.0,69238.0,23365.0,74253.0,18975.0,$74461,$13946,$74666,$12622,,,$101489,$84589,$98881,$56291,,,$61401,$19560,$97967,$50019,$69238,$23365,$74253,$18975
2017,6037402303,Census Tract 4023.03,Pomona,Los Angeles County,California,Pomona,53377.0,5856.0,59731.0,11354.0,,,,,,,,,51137.0,9001.0,40381.0,30381.0,59475.0,35632.0,53853.0,4904.0,$53377,$5856,$59731,$11354,,,,,,,,,$51137,$9001,$40381,$30381,$59475,$35632,$53853,$4904
2017,6037402304,Census Tract 4023.04,Pomona,Los Angeles County,California,Pomona,45489.0,3445.0,47736.0,8825.0,16759.0,6292.0,18653.0,8862.0,47220.0,26296.0,,,41671.0,8262.0,,,46897.0,6979.0,45997.0,3756.0,$45489,$3445,$47736,$8825,$16759,$6292,$18653,$8862,$47220,$26296,,,$41671,$8262,,,$46897,$6979,$45997,$3756
2017,6037402402,Census Tract 4024.02,Pomona,Los Angeles County,California,Pomona,70783.0,11138.0,70257.0,20889.0,91704.0,9547.0,,,70750.0,38449.0,,,60998.0,35096.0,110932.0,50061.0,54451.0,23835.0,66177.0,14338.0,$70783,$11138,$70257,$20889,$91704,$9547,,,$70750,$38449,,,$60998,$35096,$110932,$50061,$54451,$23835,$66177,$14338
2017,6037402403,Census Tract 4024.03,Pomona,Los Angeles County,California,Pomona,77779.0,23043.0,68652.0,25919.0,,,,,,,,,84641.0,49754.0,,,63982.0,51296.0,81956.0,26208.0,$77779,$23043,$68652,$25919,,,,,,,,,$84641,$49754,,,$63982,$51296,$81956,$26208
2017,6037402404,Census Tract 4024.04,Pomona,Los Angeles County,California,Pomona,,,,,,,,,,,,,,,,,,,,,,,,,,,,,,,,,,,,,,,,
2017,6037402405,Census Tract 4024.05,Pomona,Los Angeles County,California,Pomona,81910.0,10712.0,81680.0,21912.0,114459.0,74828.0,,,,,,,84458.0,19573.0,,,,,81450.0,14516.0,$81910,$10712,$81680,$21912,$114459,$74828,,,,,,,$84458,$19573,,,,,$81450,$14516
2017,6037402406,Census Tract 4024.06,Pomona,Los Angeles County,California,Pomona,58900.0,16255.0,60466.0,50625.0,32225.0,20049.0,,,70601.0,21565.0,,,53826.0,18336.0,,,,,63733.0,19805.0,$58900,$16255,$60466,$50625,$32225,$20049,,,$70601,$21565,,,$53826,$18336,,,,,$63733,$19805
2017,6037402501,Census Tract 4025.01,Pomona,Los Angeles County,California,Pomona,48797.0,4414.0,48578.0,6520.0,31111.0,21024.0,,,39082.0,21686.0,,,62916.0,31181.0,,,44240.0,43609.0,50840.0,8959.0,$48797,$4414,$48578,$6520,$31111,$21024,,,$39082,$21686,,,$62916,$31181,,,$44240,$43609,$50840,$8959
2017,6037402502,Census Tract 4025.02,Pomona,Los Angeles County,California,Pomona,59369.0,12455.0,63240.0,9731.0,100171.0,69349.0,,,39900.0,38687.0,,,50111.0,31435.0,,,62432.0,22592.0,60038.0,14263.0,$59369,$12455,$63240,$9731,$100171,$69349,,,$39900,$38687,,,$50111,$31435,,,$62432,$22592,$60038,$14263
2017,6037402600,Census Tract 4026,Pomona,Los Angeles County,California,Pomona,54476.0,13824.0,63175.0,16465.0,35300.0,31180.0,,,,,,,58038.0,14952.0,,,77074.0,29251.0,54179.0,13527.0,$54476,$13824,$63175,$16465,$35300,$31180,,,,,,,$58038,$14952,,,$77074,$29251,$54179,$13527
2017,6037402702,Census Tract 4027.02,Pomona,Los Angeles County,California,Pomona,44586.0,6093.0,47150.0,11702.0,,,75784.0,25497.0,,,,,34359.0,12195.0,,,,,44928.0,5355.0,$44586,$6093,$47150,$11702,,,$75784,$25497,,,,,$34359,$12195,,,,,$44928,$5355
2017,6037402703,Census Tract 4027.03,Pomona,Los Angeles County,California,Pomona,82735.0,10069.0,81078.0,13584.0,,,,,,,,,103736.0,35203.0,,,90176.0,77233.0,85227.0,9093.0,$82735,$10069,$81078,$13584,,,,,,,,,$103736,$35203,,,$90176,$77233,$85227,$9093
2017,6037402705,Census Tract 4027.05,Pomona,Los Angeles County,California,Pomona,91107.0,11638.0,91171.0,10310.0,104938.0,59305.0,,,,,,,95815.0,35112.0,,,73453.0,21149.0,93726.0,14851.0,$91107,$11638,$91171,$10310,$104938,$59305,,,,,,,$95815,$35112,,,$73453,$21149,$93726,$14851
2017,6037402706,Census Tract 4027.06,Pomona,Los Angeles County,California,Pomona,84825.0,12261.0,78944.0,19805.0,,,,,116711.0,22545.0,,,81297.0,9452.0,101087.0,55092.0,60332.0,51501.0,84189.0,8711.0,$84825,$12261,$78944,$19805,,,,,$116711,$22545,,,$81297,$9452,$101087,$55092,$60332,$51501,$84189,$8711
2017,6037402801,Census Tract 4028.01,Pomona,Los Angeles County,California,Pomona,43487.0,7716.0,42156.0,20940.0,,,47150.0,28000.0,,,,,45088.0,30815.0,,,,,43900.0,7010.0,$43487,$7716,$42156,$20940,,,$47150,$28000,,,,,$45088,$30815,,,,,$43900,$7010
2017,6037402803,Census Tract 4028.03,Pomona,Los Angeles County,California,Pomona,56732.0,9202.0,49741.0,17812.0,,,,,55587.0,14042.0,,,59180.0,19980.0,,,,,58501.0,10770.0,$56732,$9202,$49741,$17812,,,,,$55587,$14042,,,$59180,$19980,,,,,$58501,$10770
2017,6037402804,Census Tract 4028.04,Pomona,Los Angeles County,California,Pomona,58395.0,7041.0,59199.0,8651.0,,,,,54097.0,37789.0,,,57764.0,8159.0,,,,,58624.0,5879.0,$58395,$7041,$59199,$8651,,,,,$54097,$37789,,,$57764,$8159,,,,,$58624,$5879
2017,6037402902,Census Tract 4029.02,Pomona,Los Angeles County,California,Pomona,69078.0,8743.0,69404.0,10720.0,57527.0,36300.0,,,41530.0,26831.0,,,64824.0,26388.0,,,105801.0,53141.0,69159.0,9437.0,$69078,$8743,$69404,$10720,$57527,$36300,,,$41530,$26831,,,$64824,$26388,,,$105801,$53141,$69159,$9437
2017,6037402903,Census Tract 4029.03,Pomona,Los Angeles County,California,Pomona,67048.0,10866.0,70978.0,15531.0,,,,,77779.0,58256.0,,,56823.0,11365.0,28424.0,8495.0,91995.0,43907.0,65577.0,10663.0,$67048,$10866,$70978,$15531,,,,,$77779,$58256,,,$56823,$11365,$28424,$8495,$91995,$43907,$65577,$10663
2017,6037402904,Census Tract 4029.04,Pomona,Los Angeles County,California,Pomona,90257.0,20712.0,78624.0,17682.0,,,,,263809.0,172931.0,,,113466.0,32541.0,,,93794.0,25750.0,80055.0,18595.0,$90257,$20712,$78624,$17682,,,,,$263809,$172931,,,$113466,$32541,,,$93794,$25750,$80055,$18595
2017,6037403000,Census Tract 4030,Pomona,Los Angeles County,California,Pomona,76032.0,9550.0,77955.0,11147.0,,,,,,,,,61776.0,32130.0,,,104778.0,48175.0,76566.0,11412.0,$76032,$9550,$77955,$11147,,,,,,,,,$61776,$32130,,,$104778,$48175,$76566,$11412
2017,6037403200,Census Tract 4032,Pomona,Los Angeles County,California,Pomona,,,,,,,,,,,,,,,,,,,,,,,,,,,,,,,,,,,,,,,,
2017,6037403312,Census Tract 4033.12,Pomona,Los Angeles County,California,Pomona,100725.0,20958.0,95437.0,37601.0,148214.0,120533.0,,,126681.0,31113.0,,,51213.0,34333.0,98881.0,48510.0,104698.0,33520.0,75052.0,33557.0,$100725,$20958,$95437,$37601,$148214,$120533,,,$126681,$31113,,,$51213,$34333,$98881,$48510,$104698,$33520,$75052,$33557
2017,6037403316,Census Tract 4033.16,Pomona,Los Angeles County,California,Pomona,110282.0,16236.0,140399.0,10657.0,63461.0,55474.0,,,100018.0,45613.0,,,,,102462.0,85672.0,141299.0,8828.0,117053.0,78919.0,$110282,$16236,$140399,$10657,$63461,$55474,,,$100018,$45613,,,,,$102462,$85672,$141299,$8828,$117053,$78919
2017,6037403317,Census Tract 4033.17,Pomona,Los Angeles County,California,Pomona,114603.0,16634.0,132288.0,16413.0,,,,,81432.0,34243.0,,,120609.0,31592.0,190052.0,187664.0,129167.0,34474.0,131901.0,20727.0,$114603,$16634,$132288,$16413,,,,,$81432,$34243,,,$120609,$31592,$190052,$187664,$129167,$34474,$131901,$20727
2017,6037403318,Census Tract 4033.18,Pomona,Los Angeles County,California,Pomona,116549.0,11774.0,128554.0,18755.0,79740.0,39957.0,,,112721.0,21365.0,,,157342.0,124848.0,91862.0,77717.0,143163.0,22532.0,110314.0,21695.0,$116549,$11774,$128554,$18755,$79740,$39957,,,$112721,$21365,,,$157342,$124848,$91862,$77717,$143163,$22532,$110314,$21695
2017,6037403321,Census Tract 4033.21,Pomona,Los Angeles County,California,Pomona,141787.0,12584.0,142081.0,17467.0,128135.0,93659.0,,,129547.0,29574.0,,,204261.0,84410.0,85399.0,37648.0,141956.0,24284.0,149471.0,53830.0,$141787,$12584,$142081,$17467,$128135,$93659,,,$129547,$29574,,,$204261,$84410,$85399,$37648,$141956,$24284,$149471,$53830
2017,6037408800,Census Tract 4088,Pomona,Los Angeles County,California,Pomona,52951.0,8734.0,50858.0,11208.0,69211.0,26158.0,,,,,,,72847.0,14517.0,,,30587.0,28901.0,61230.0,9948.0,$52951,$8734,$50858,$11208,$69211,$26158,,,,,,,$72847,$14517,,,$30587,$28901,$61230,$9948
2018,6037401303,Census Tract 4013.03,Pomona,Los Angeles County,California,Pomona,138381.0,20148.0,148800.0,35892.0,,,,,135095.0,38965.0,,,,,,,138566.0,23490.0,231501.0,105007.0,$138381,$20148,$148800,$35892,,,,,$135095,$38965,,,,,,,$138566,$23490,$231501,$105007
2018,6037401304,Census Tract 4013.04,Pomona,Los Angeles County,California,Pomona,159334.0,8725.0,160181.0,15940.0,,,,,157429.0,101191.0,,,,,,,146091.0,21302.0,185636.0,46575.0,$159334,$8725,$160181,$15940,,,,,$157429,$101191,,,,,,,$146091,$21302,$185636,$46575
2018,6037401701,Census Tract 4017.01,Pomona,Los Angeles County,California,Pomona,83798.0,14909.0,89109.0,23500.0,60108.0,13544.0,,,127879.0,32736.0,,,52732.0,28882.0,84207.0,57119.0,89479.0,32349.0,61666.0,22653.0,$83798,$14909,$89109,$23500,$60108,$13544,,,$127879,$32736,,,$52732,$28882,$84207,$57119,$89479,$32349,$61666,$22653
2018,6037401703,Census Tract 4017.03,Pomona,Los Angeles County,California,Pomona,78089.0,9766.0,75247.0,13579.0,91985.0,63254.0,,,77955.0,51431.0,,,93630.0,42799.0,,,71552.0,30881.0,82273.0,24100.0,$78089,$9766,$75247,$13579,$91985,$63254,,,$77955,$51431,,,$93630,$42799,,,$71552,$30881,$82273,$24100
2018,6037401704,Census Tract 4017.04,Pomona,Los Angeles County,California,Pomona,67605.0,13301.0,62475.0,10273.0,,,,,101027.0,77174.0,,,70171.0,33015.0,103279.0,46853.0,57954.0,13426.0,72509.0,15969.0,$67605,$13301,$62475,$10273,,,,,$101027,$77174,,,$70171,$33015,$103279,$46853,$57954,$13426,$72509,$15969
2018,6037402101,Census Tract 4021.01,Pomona,Los Angeles County,California,Pomona,94401.0,12716.0,95984.0,8427.0,95425.0,93366.0,36595.0,32039.0,66568.0,25488.0,,,99265.0,12841.0,74471.0,17226.0,78316.0,35404.0,97425.0,5972.0,$94401,$12716,$95984,$8427,$95425,$93366,$36595,$32039,$66568,$25488,,,$99265,$12841,$74471,$17226,$78316,$35404,$97425,$5972
2018,6037402102,Census Tract 4021.02,Pomona,Los Angeles County,California,Pomona,89504.0,9602.0,96854.0,20367.0,57357.0,13978.0,,,71242.0,45880.0,,,87714.0,25119.0,107353.0,30785.0,63641.0,45567.0,100726.0,21178.0,$89504,$9602,$96854,$20367,$57357,$13978,,,$71242,$45880,,,$87714,$25119,$107353,$30785,$63641,$45567,$100726,$21178
2018,6037402200,Census Tract 4022,Pomona,Los Angeles County,California,Pomona,94709.0,10711.0,92673.0,11442.0,112430.0,28195.0,168379.0,131747.0,,,,,68549.0,48517.0,,,83617.0,36222.0,91543.0,11148.0,$94709,$10711,$92673,$11442,$112430,$28195,$168379,$131747,,,,,$68549,$48517,,,$83617,$36222,$91543,$11148
2018,6037402301,Census Tract 4023.01,Pomona,Los Angeles County,California,Pomona,60396.0,5325.0,62130.0,17983.0,,,,,59912.0,46615.0,,,53667.0,18207.0,98928.0,50851.0,51632.0,24076.0,62487.0,11642.0,$60396,$5325,$62130,$17983,,,,,$59912,$46615,,,$53667,$18207,$98928,$50851,$51632,$24076,$62487,$11642
2018,6037402303,Census Tract 4023.03,Pomona,Los Angeles County,California,Pomona,58276.0,8131.0,78402.0,24762.0,,,,,,,,,52002.0,8065.0,50749.0,28590.0,79185.0,23734.0,55996.0,8438.0,$58276,$8131,$78402,$24762,,,,,,,,,$52002,$8065,$50749,$28590,$79185,$23734,$55996,$8438
2018,6037402304,Census Tract 4023.04,Pomona,Los Angeles County,California,Pomona,49126.0,6263.0,54067.0,7305.0,52471.0,49482.0,23067.0,7467.0,,,,,45708.0,8647.0,,,49391.0,14161.0,48207.0,8167.0,$49126,$6263,$54067,$7305,$52471,$49482,$23067,$7467,,,,,$45708,$8647,,,$49391,$14161,$48207,$8167
2018,6037402402,Census Tract 4024.02,Pomona,Los Angeles County,California,Pomona,67547.0,15004.0,63491.0,13490.0,80896.0,24740.0,,,70484.0,24272.0,,,,,145265.0,105501.0,60695.0,25417.0,63094.0,30539.0,$67547,$15004,$63491,$13490,$80896,$24740,,,$70484,$24272,,,,,$145265,$105501,$60695,$25417,$63094,$30539
2018,6037402403,Census Tract 4024.03,Pomona,Los Angeles County,California,Pomona,85689.0,21395.0,85080.0,22442.0,17068.0,1753.0,,,38375.0,13320.0,,,99656.0,24379.0,,,60460.0,60108.0,91565.0,10001.0,$85689,$21395,$85080,$22442,$17068,$1753,,,$38375,$13320,,,$99656,$24379,,,$60460,$60108,$91565,$10001
2018,6037402404,Census Tract 4024.04,Pomona,Los Angeles County,California,Pomona,,,,,,,,,,,,,,,,,,,,,,,,,,,,,,,,,,,,,,,,
2018,6037402405,Census Tract 4024.05,Pomona,Los Angeles County,California,Pomona,74313.0,22660.0,84842.0,37724.0,105256.0,52990.0,,,,,,,62082.0,23423.0,,,,,64666.0,21755.0,$74313,$22660,$84842,$37724,$105256,$52990,,,,,,,$62082,$23423,,,,,$64666,$21755
2018,6037402406,Census Tract 4024.06,Pomona,Los Angeles County,California,Pomona,59237.0,12500.0,59479.0,39886.0,31953.0,11041.0,,,64479.0,28815.0,,,59770.0,15757.0,,,76749.0,62135.0,62402.0,23076.0,$59237,$12500,$59479,$39886,$31953,$11041,,,$64479,$28815,,,$59770,$15757,,,$76749,$62135,$62402,$23076
2018,6037402501,Census Tract 4025.01,Pomona,Los Angeles County,California,Pomona,50542.0,3297.0,49774.0,7497.0,,,,,27373.0,16412.0,,,62795.0,14475.0,,,38802.0,5273.0,57613.0,9648.0,$50542,$3297,$49774,$7497,,,,,$27373,$16412,,,$62795,$14475,,,$38802,$5273,$57613,$9648
2018,6037402502,Census Tract 4025.02,Pomona,Los Angeles County,California,Pomona,55263.0,10900.0,64956.0,13822.0,90498.0,86229.0,,,29321.0,12127.0,,,53366.0,25926.0,,,68101.0,30120.0,57257.0,16080.0,$55263,$10900,$64956,$13822,$90498,$86229,,,$29321,$12127,,,$53366,$25926,,,$68101,$30120,$57257,$16080
2018,6037402600,Census Tract 4026,Pomona,Los Angeles County,California,Pomona,58580.0,10418.0,57209.0,12804.0,63833.0,17790.0,108250.0,67979.0,,,,,52613.0,17556.0,,,77532.0,29226.0,54286.0,7847.0,$58580,$10418,$57209,$12804,$63833,$17790,$108250,$67979,,,,,$52613,$17556,,,$77532,$29226,$54286,$7847
2018,6037402702,Census Tract 4027.02,Pomona,Los Angeles County,California,Pomona,39271.0,5427.0,38481.0,7239.0,,,76749.0,17643.0,76892.0,34172.0,,,34820.0,9370.0,,,,,39643.0,5431.0,$39271,$5427,$38481,$7239,,,$76749,$17643,$76892,$34172,,,$34820,$9370,,,,,$39643,$5431
2018,6037402703,Census Tract 4027.03,Pomona,Los Angeles County,California,Pomona,88810.0,8749.0,91524.0,15057.0,64793.0,41555.0,,,,,,,84058.0,22700.0,139402.0,86499.0,117921.0,57903.0,87017.0,15579.0,$88810,$8749,$91524,$15057,$64793,$41555,,,,,,,$84058,$22700,$139402,$86499,$117921,$57903,$87017,$15579
2018,6037402705,Census Tract 4027.05,Pomona,Los Angeles County,California,Pomona,95023.0,7919.0,92172.0,4724.0,130115.0,17509.0,,,52258.0,51924.0,,,111303.0,25689.0,,,74870.0,38440.0,98785.0,15194.0,$95023,$7919,$92172,$4724,$130115,$17509,,,$52258,$51924,,,$111303,$25689,,,$74870,$38440,$98785,$15194
2018,6037402706,Census Tract 4027.06,Pomona,Los Angeles County,California,Pomona,83126.0,9422.0,83884.0,16608.0,36589.0,32128.0,,,,,,,81552.0,11384.0,119040.0,61595.0,62130.0,35862.0,86670.0,11612.0,$83126,$9422,$83884,$16608,$36589,$32128,,,,,,,$81552,$11384,$119040,$61595,$62130,$35862,$86670,$11612
2018,6037402801,Census Tract 4028.01,Pomona,Los Angeles County,California,Pomona,43777.0,8085.0,39769.0,6579.0,,,45815.0,35216.0,,,,,53712.0,10592.0,,,,,45011.0,7718.0,$43777,$8085,$39769,$6579,,,$45815,$35216,,,,,$53712,$10592,,,,,$45011,$7718
2018,6037402803,Census Tract 4028.03,Pomona,Los Angeles County,California,Pomona,61161.0,10858.0,61713.0,27339.0,,,,,60460.0,25218.0,,,58737.0,27265.0,,,,,61666.0,15910.0,$61161,$10858,$61713,$27339,,,,,$60460,$25218,,,$58737,$27265,,,,,$61666,$15910
2018,6037402804,Census Tract 4028.04,Pomona,Los Angeles County,California,Pomona,60217.0,7892.0,58618.0,9875.0,,,,,54038.0,26298.0,,,63175.0,12173.0,,,,,61869.0,6764.0,$60217,$7892,$58618,$9875,,,,,$54038,$26298,,,$63175,$12173,,,,,$61869,$6764
2018,6037402902,Census Tract 4029.02,Pomona,Los Angeles County,California,Pomona,70751.0,13027.0,70675.0,16879.0,55447.0,40311.0,,,,,,,67910.0,23599.0,,,121194.0,32238.0,70217.0,10189.0,$70751,$13027,$70675,$16879,$55447,$40311,,,,,,,$67910,$23599,,,$121194,$32238,$70217,$10189
2018,6037402903,Census Tract 4029.03,Pomona,Los Angeles County,California,Pomona,73443.0,11830.0,76322.0,13965.0,,,,,,,,,88366.0,46511.0,31536.0,8778.0,107762.0,57264.0,75855.0,12795.0,$73443,$11830,$76322,$13965,,,,,,,,,$88366,$46511,$31536,$8778,$107762,$57264,$75855,$12795
2018,6037402904,Census Tract 4029.04,Pomona,Los Angeles County,California,Pomona,88858.0,14593.0,80135.0,15171.0,,,,,82872.0,35327.0,,,113591.0,33955.0,164289.0,133571.0,80274.0,21677.0,90123.0,19623.0,$88858,$14593,$80135,$15171,,,,,$82872,$35327,,,$113591,$33955,$164289,$133571,$80274,$21677,$90123,$19623
2018,6037403000,Census Tract 4030,Pomona,Los Angeles County,California,Pomona,74624.0,10746.0,73617.0,10306.0,,,,,83094.0,29572.0,,,65159.0,43344.0,,,114028.0,108413.0,75075.0,9661.0,$74624,$10746,$73617,$10306,,,,,$83094,$29572,,,$65159,$43344,,,$114028,$108413,$75075,$9661
2018,6037403200,Census Tract 4032,Pomona,Los Angeles County,California,Pomona,,,,,,,,,,,,,,,,,,,,,,,,,,,,,,,,,,,,,,,,
2018,6037403312,Census Tract 4033.12,Pomona,Los Angeles County,California,Pomona,100491.0,20279.0,107628.0,25159.0,,,,,114341.0,45711.0,,,67700.0,31899.0,100101.0,39184.0,96955.0,35108.0,97682.0,39792.0,$100491,$20279,$107628,$25159,,,,,$114341,$45711,,,$67700,$31899,$100101,$39184,$96955,$35108,$97682,$39792
2018,6037403316,Census Tract 4033.16,Pomona,Los Angeles County,California,Pomona,108896.0,9687.0,137988.0,41961.0,62317.0,55437.0,,,100516.0,42164.0,,,,,117369.0,71512.0,141804.0,29734.0,117067.0,64503.0,$108896,$9687,$137988,$41961,$62317,$55437,,,$100516,$42164,,,,,$117369,$71512,$141804,$29734,$117067,$64503
2018,6037403317,Census Tract 4033.17,Pomona,Los Angeles County,California,Pomona,120265.0,22743.0,133307.0,16623.0,32475.0,19050.0,,,97034.0,22460.0,,,119823.0,8583.0,192069.0,117983.0,143231.0,81041.0,132320.0,15436.0,$120265,$22743,$133307,$16623,$32475,$19050,,,$97034,$22460,,,$119823,$8583,$192069,$117983,$143231,$81041,$132320,$15436
2018,6037403318,Census Tract 4033.18,Pomona,Los Angeles County,California,Pomona,110124.0,11721.0,118704.0,20007.0,81124.0,35179.0,,,107740.0,31220.0,,,160626.0,87641.0,,,147480.0,24339.0,98108.0,24356.0,$110124,$11721,$118704,$20007,$81124,$35179,,,$107740,$31220,,,$160626,$87641,,,$147480,$24339,$98108,$24356
2018,6037403321,Census Tract 4033.21,Pomona,Los Angeles County,California,Pomona,128727.0,10580.0,131513.0,19246.0,142646.0,12900.0,,,120032.0,20084.0,,,204528.0,130776.0,81605.0,49587.0,130983.0,18541.0,137457.0,60923.0,$128727,$10580,$131513,$19246,$142646,$12900,,,$120032,$20084,,,$204528,$130776,$81605,$49587,$130983,$18541,$137457,$60923
2018,6037408800,Census Tract 4088,Pomona,Los Angeles County,California,Pomona,55761.0,6384.0,52628.0,10004.0,83407.0,51559.0,,,35634.0,21526.0,,,67692.0,19109.0,,,30439.0,26692.0,61460.0,9255.0,$55761,$6384,$52628,$10004,$83407,$51559,,,$35634,$21526,,,$67692,$19109,,,$30439,$26692,$61460,$9255
2019,6037401303,Census Tract 4013.03,Pomona,Los Angeles County,California,Pomona,132840.0,19293.0,146660.0,46287.0,,,,,113841.0,62909.0,,,,,,,132631.0,25684.0,193068.0,114748.0,$132840,$19293,$146660,$46287,,,,,$113841,$62909,,,,,,,$132631,$25684,$193068,$114748
2019,6037401304,Census Tract 4013.04,Pomona,Los Angeles County,California,Pomona,162486.0,5280.0,161751.0,12375.0,,,,,164881.0,93139.0,,,,,,,154044.0,16759.0,186064.0,83725.0,$162486,$5280,$161751,$12375,,,,,$164881,$93139,,,,,,,$154044,$16759,$186064,$83725
2019,6037401701,Census Tract 4017.01,Pomona,Los Angeles County,California,Pomona,106895.0,34827.0,123391.0,28661.0,,,,,141070.0,110275.0,,,24999.0,15772.0,104802.0,67256.0,128969.0,20724.0,55040.0,51026.0,$106895,$34827,$123391,$28661,,,,,$141070,$110275,,,$24999,$15772,$104802,$67256,$128969,$20724,$55040,$51026
2019,6037401703,Census Tract 4017.03,Pomona,Los Angeles County,California,Pomona,86940.0,19957.0,87646.0,24101.0,72731.0,35617.0,,,77773.0,76729.0,,,106267.0,55981.0,,,88852.0,20177.0,99380.0,32666.0,$86940,$19957,$87646,$24101,$72731,$35617,,,$77773,$76729,,,$106267,$55981,,,$88852,$20177,$99380,$32666
2019,6037401704,Census Tract 4017.04,Pomona,Los Angeles County,California,Pomona,73243.0,25610.0,62671.0,7600.0,96326.0,88583.0,,,,,,,94322.0,16691.0,112302.0,37767.0,52844.0,16010.0,85104.0,26514.0,$73243,$25610,$62671,$7600,$96326,$88583,,,,,,,$94322,$16691,$112302,$37767,$52844,$16010,$85104,$26514
2019,6037402101,Census Tract 4021.01,Pomona,Los Angeles County,California,Pomona,94797.0,9975.0,93100.0,6961.0,96534.0,77589.0,,,65724.0,26572.0,,,101582.0,12657.0,102021.0,43829.0,88678.0,74172.0,99110.0,6641.0,$94797,$9975,$93100,$6961,$96534,$77589,,,$65724,$26572,,,$101582,$12657,$102021,$43829,$88678,$74172,$99110,$6641
2019,6037402102,Census Tract 4021.02,Pomona,Los Angeles County,California,Pomona,94149.0,14103.0,108014.0,11310.0,57718.0,21472.0,,,104303.0,42766.0,,,87334.0,36088.0,95209.0,60727.0,51172.0,19664.0,108976.0,11795.0,$94149,$14103,$108014,$11310,$57718,$21472,,,$104303,$42766,,,$87334,$36088,$95209,$60727,$51172,$19664,$108976,$11795
2019,6037402200,Census Tract 4022,Pomona,Los Angeles County,California,Pomona,105796.0,6700.0,104773.0,16512.0,124112.0,26848.0,169138.0,122929.0,127823.0,32853.0,,,86648.0,33669.0,,,96682.0,27033.0,104633.0,14303.0,$105796,$6700,$104773,$16512,$124112,$26848,$169138,$122929,$127823,$32853,,,$86648,$33669,,,$96682,$27033,$104633,$14303
2019,6037402301,Census Tract 4023.01,Pomona,Los Angeles County,California,Pomona,68384.0,9369.0,72404.0,10338.0,66343.0,8005.0,,,63183.0,50006.0,,,61865.0,26110.0,97105.0,52087.0,51250.0,15321.0,72844.0,11425.0,$68384,$9369,$72404,$10338,$66343,$8005,,,$63183,$50006,,,$61865,$26110,$97105,$52087,$51250,$15321,$72844,$11425
2019,6037402303,Census Tract 4023.03,Pomona,Los Angeles County,California,Pomona,62305.0,6843.0,66536.0,36740.0,,,,,,,,,56221.0,15026.0,,,70424.0,59413.0,58766.0,9088.0,$62305,$6843,$66536,$36740,,,,,,,,,$56221,$15026,,,$70424,$59413,$58766,$9088
2019,6037402304,Census Tract 4023.04,Pomona,Los Angeles County,California,Pomona,48523.0,5683.0,48747.0,11145.0,,,25076.0,12093.0,71689.0,41901.0,,,46344.0,12114.0,,,66151.0,32640.0,46294.0,8558.0,$48523,$5683,$48747,$11145,,,$25076,$12093,$71689,$41901,,,$46344,$12114,,,$66151,$32640,$46294,$8558
2019,6037402402,Census Tract 4024.02,Pomona,Los Angeles County,California,Pomona,70950.0,15444.0,70595.0,22046.0,90042.0,33308.0,,,53940.0,37439.0,,,93842.0,87091.0,,,90594.0,50049.0,61628.0,24914.0,$70950,$15444,$70595,$22046,$90042,$33308,,,$53940,$37439,,,$93842,$87091,,,$90594,$50049,$61628,$24914
2019,6037402403,Census Tract 4024.03,Pomona,Los Angeles County,California,Pomona,91801.0,7982.0,91425.0,23463.0,,,,,,,,,99435.0,13747.0,99790.0,68062.0,79996.0,43947.0,98970.0,7879.0,$91801,$7982,$91425,$23463,,,,,,,,,$99435,$13747,$99790,$68062,$79996,$43947,$98970,$7879
2019,6037402404,Census Tract 4024.04,Pomona,Los Angeles County,California,Pomona,,,,,,,,,,,,,,,,,,,,,,,,,,,,,,,,,,,,,,,,
2019,6037402405,Census Tract 4024.05,Pomona,Los Angeles County,California,Pomona,67689.0,14030.0,70546.0,30093.0,104940.0,67416.0,,,,,,,60657.0,14776.0,,,,,63276.0,8209.0,$67689,$14030,$70546,$30093,$104940,$67416,,,,,,,$60657,$14776,,,,,$63276,$8209
2019,6037402406,Census Tract 4024.06,Pomona,Los Angeles County,California,Pomona,61140.0,25522.0,82048.0,34075.0,,,,,,,,,56966.0,13828.0,,,87249.0,38156.0,61022.0,26735.0,$61140,$25522,$82048,$34075,,,,,,,,,$56966,$13828,,,$87249,$38156,$61022,$26735
2019,6037402501,Census Tract 4025.01,Pomona,Los Angeles County,California,Pomona,49895.0,7010.0,49369.0,11993.0,15000.0,11517.0,,,35383.0,17304.0,,,62690.0,18501.0,,,38386.0,3421.0,57222.0,11764.0,$49895,$7010,$49369,$11993,$15000,$11517,,,$35383,$17304,,,$62690,$18501,,,$38386,$3421,$57222,$11764
2019,6037402502,Census Tract 4025.02,Pomona,Los Angeles County,California,Pomona,55914.0,9964.0,67575.0,7926.0,101072.0,94559.0,,,37133.0,14805.0,,,53501.0,9321.0,,,66664.0,31765.0,58630.0,14009.0,$55914,$9964,$67575,$7926,$101072,$94559,,,$37133,$14805,,,$53501,$9321,,,$66664,$31765,$58630,$14009
2019,6037402600,Census Tract 4026,Pomona,Los Angeles County,California,Pomona,67353.0,11533.0,82378.0,29744.0,65945.0,1108.0,106456.0,74454.0,,,,,60224.0,19172.0,,,88611.0,45865.0,67325.0,14773.0,$67353,$11533,$82378,$29744,$65945,$1108,$106456,$74454,,,,,$60224,$19172,,,$88611,$45865,$67325,$14773
2019,6037402702,Census Tract 4027.02,Pomona,Los Angeles County,California,Pomona,41961.0,9400.0,45478.0,11239.0,,,79227.0,12596.0,78919.0,43657.0,,,33660.0,9270.0,,,,,42120.0,8918.0,$41961,$9400,$45478,$11239,,,$79227,$12596,$78919,$43657,,,$33660,$9270,,,,,$42120,$8918
2019,6037402703,Census Tract 4027.03,Pomona,Los Angeles County,California,Pomona,86262.0,12436.0,89145.0,13521.0,,,,,71535.0,28242.0,,,86589.0,26364.0,,,116233.0,53046.0,83403.0,16127.0,$86262,$12436,$89145,$13521,,,,,$71535,$28242,,,$86589,$26364,,,$116233,$53046,$83403,$16127
2019,6037402705,Census Tract 4027.05,Pomona,Los Angeles County,California,Pomona,98457.0,12351.0,93244.0,6891.0,119225.0,59073.0,,,74612.0,72351.0,,,110860.0,30275.0,,,90457.0,29364.0,101020.0,15144.0,$98457,$12351,$93244,$6891,$119225,$59073,,,$74612,$72351,,,$110860,$30275,,,$90457,$29364,$101020,$15144
2019,6037402706,Census Tract 4027.06,Pomona,Los Angeles County,California,Pomona,85996.0,12279.0,84262.0,13736.0,,,163863.0,80279.0,,,,,85381.0,18659.0,,,80765.0,29115.0,89842.0,12823.0,$85996,$12279,$84262,$13736,,,$163863,$80279,,,,,$85381,$18659,,,$80765,$29115,$89842,$12823
2019,6037402801,Census Tract 4028.01,Pomona,Los Angeles County,California,Pomona,55767.0,8539.0,57112.0,52454.0,,,53672.0,15497.0,,,,,53284.0,12920.0,,,,,56882.0,10242.0,$55767,$8539,$57112,$52454,,,$53672,$15497,,,,,$53284,$12920,,,,,$56882,$10242
2019,6037402803,Census Tract 4028.03,Pomona,Los Angeles County,California,Pomona,59185.0,12385.0,63535.0,29713.0,,,,,57394.0,16425.0,,,45797.0,28210.0,,,,,59769.0,18525.0,$59185,$12385,$63535,$29713,,,,,$57394,$16425,,,$45797,$28210,,,,,$59769,$18525
2019,6037402804,Census Tract 4028.04,Pomona,Los Angeles County,California,Pomona,66536.0,10502.0,60174.0,6023.0,,,,,61536.0,27807.0,,,77254.0,17615.0,,,,,67497.0,10722.0,$66536,$10502,$60174,$6023,,,,,$61536,$27807,,,$77254,$17615,,,,,$67497,$10722
2019,6037402902,Census Tract 4029.02,Pomona,Los Angeles County,California,Pomona,79483.0,17373.0,70665.0,27638.0,54658.0,46339.0,,,97110.0,48624.0,,,80346.0,29848.0,,,119758.0,35837.0,70120.0,18250.0,$79483,$17373,$70665,$27638,$54658,$46339,,,$97110,$48624,,,$80346,$29848,,,$119758,$35837,$70120,$18250
2019,6037402903,Census Tract 4029.03,Pomona,Los Angeles County,California,Pomona,69741.0,15954.0,77535.0,16099.0,,,,,,,,,78694.0,36239.0,25700.0,10136.0,81073.0,37518.0,75743.0,13118.0,$69741,$15954,$77535,$16099,,,,,,,,,$78694,$36239,$25700,$10136,$81073,$37518,$75743,$13118
2019,6037402904,Census Tract 4029.04,Pomona,Los Angeles County,California,Pomona,88164.0,8379.0,80304.0,14641.0,,,,,49119.0,46144.0,,,111687.0,32378.0,,,93562.0,23403.0,88750.0,13794.0,$88164,$8379,$80304,$14641,,,,,$49119,$46144,,,$111687,$32378,,,$93562,$23403,$88750,$13794
2019,6037403000,Census Tract 4030,Pomona,Los Angeles County,California,Pomona,76673.0,13526.0,76748.0,14386.0,,,,,,,,,89380.0,75322.0,,,,,83550.0,19684.0,$76673,$13526,$76748,$14386,,,,,,,,,$89380,$75322,,,,,$83550,$19684
2019,6037403200,Census Tract 4032,Pomona,Los Angeles County,California,Pomona,,,,,,,,,,,,,,,,,,,,,,,,,,,,,,,,,,,,,,,,
2019,6037403312,Census Tract 4033.12,Pomona,Los Angeles County,California,Pomona,95765.0,19685.0,96611.0,35180.0,,,,,94355.0,48238.0,,,70687.0,64232.0,98127.0,45247.0,93208.0,36332.0,102816.0,30399.0,$95765,$19685,$96611,$35180,,,,,$94355,$48238,,,$70687,$64232,$98127,$45247,$93208,$36332,$102816,$30399
2019,6037403316,Census Tract 4033.16,Pomona,Los Angeles County,California,Pomona,104581.0,14903.0,120234.0,19222.0,,,,,100964.0,39010.0,,,156146.0,152187.0,118354.0,77905.0,126807.0,33387.0,117767.0,33298.0,$104581,$14903,$120234,$19222,,,,,$100964,$39010,,,$156146,$152187,$118354,$77905,$126807,$33387,$117767,$33298
2019,6037403317,Census Tract 4033.17,Pomona,Los Angeles County,California,Pomona,131942.0,28874.0,132147.0,17552.0,,,,,103820.0,61485.0,,,119071.0,33235.0,191337.0,117589.0,154693.0,79447.0,118456.0,31633.0,$131942,$28874,$132147,$17552,,,,,$103820,$61485,,,$119071,$33235,$191337,$117589,$154693,$79447,$118456,$31633
2019,6037403318,Census Tract 4033.18,Pomona,Los Angeles County,California,Pomona,114376.0,12952.0,127584.0,26994.0,115379.0,46710.0,,,97688.0,37810.0,,,103308.0,35867.0,118200.0,85538.0,154538.0,19487.0,102987.0,16898.0,$114376,$12952,$127584,$26994,$115379,$46710,,,$97688,$37810,,,$103308,$35867,$118200,$85538,$154538,$19487,$102987,$16898
2019,6037403321,Census Tract 4033.21,Pomona,Los Angeles County,California,Pomona,125764.0,9499.0,128522.0,10003.0,141886.0,35750.0,,,119319.0,14330.0,,,203836.0,193501.0,,,126357.0,21061.0,130983.0,79005.0,$125764,$9499,$128522,$10003,$141886,$35750,,,$119319,$14330,,,$203836,$193501,,,$126357,$21061,$130983,$79005
2019,6037408800,Census Tract 4088,Pomona,Los Angeles County,California,Pomona,57394.0,10423.0,39736.0,17762.0,60944.0,17362.0,,,37786.0,32668.0,,,80545.0,10434.0,,,28973.0,9714.0,67632.0,10899.0,$57394,$10423,$39736,$17762,$60944,$17362,,,$37786,$32668,,,$80545,$10434,,,$28973,$9714,$67632,$10899
2020,6037401303,Census Tract 4013.03,Pomona,Los Angeles County,California,Pomona,185725.0,27036.0,190118.0,65384.0,,,,,159106.0,73977.0,,,,,,,189980.0,82048.0,171555.0,87701.0,$185725,$27036,$190118,$65384,,,,,$159106,$73977,,,,,,,$189980,$82048,$171555,$87701
2020,6037401706,Census Tract 4017.06,Pomona,Los Angeles County,California,Pomona,76309.0,27813.0,77895.0,39270.0,74391.0,50373.0,,,,,,,103996.0,72159.0,,,90126.0,29293.0,62842.0,45165.0,$76309,$27813,$77895,$39270,$74391,$50373,,,,,,,$103996,$72159,,,$90126,$29293,$62842,$45165
2020,6037401707,Census Tract 4017.07,Pomona,Los Angeles County,California,Pomona,62113.0,10151.0,45225.0,8493.0,96638.0,49177.0,,,97524.0,86086.0,,,93637.0,17583.0,,,43731.0,6908.0,72405.0,37267.0,$62113,$10151,$45225,$8493,$96638,$49177,,,$97524,$86086,,,$93637,$17583,,,$43731,$6908,$72405,$37267
2020,6037402101,Census Tract 4021.01,Pomona,Los Angeles County,California,Pomona,97670.0,15547.0,90064.0,17327.0,104818.0,22376.0,,,64389.0,22115.0,,,100140.0,20396.0,104405.0,34156.0,131106.0,113955.0,100707.0,12067.0,$97670,$15547,$90064,$17327,$104818,$22376,,,$64389,$22115,,,$100140,$20396,$104405,$34156,$131106,$113955,$100707,$12067
2020,6037402102,Census Tract 4021.02,Pomona,Los Angeles County,California,Pomona,96067.0,8164.0,109358.0,11753.0,,,,,118866.0,91322.0,,,76668.0,56701.0,98143.0,11205.0,62043.0,18692.0,101534.0,9833.0,$96067,$8164,$109358,$11753,,,,,$118866,$91322,,,$76668,$56701,$98143,$11205,$62043,$18692,$101534,$9833
2020,6037402200,Census Tract 4022,Pomona,Los Angeles County,California,Pomona,99056.0,8662.0,101369.0,14360.0,,,,,123765.0,12409.0,,,87070.0,27387.0,,,93162.0,24302.0,99104.0,11675.0,$99056,$8662,$101369,$14360,,,,,$123765,$12409,,,$87070,$27387,,,$93162,$24302,$99104,$11675
2020,6037402301,Census Tract 4023.01,Pomona,Los Angeles County,California,Pomona,86464.0,17728.0,78734.0,17916.0,,,,,63005.0,61053.0,,,76290.0,48932.0,125956.0,470.0,62402.0,40255.0,89888.0,24021.0,$86464,$17728,$78734,$17916,,,,,$63005,$61053,,,$76290,$48932,$125956,$470,$62402,$40255,$89888,$24021
2020,6037402303,Census Tract 4023.03,Pomona,Los Angeles County,California,Pomona,63200.0,5091.0,63032.0,23236.0,,,,,81793.0,14408.0,,,61949.0,6150.0,46511.0,42132.0,83121.0,29379.0,61948.0,5134.0,$63200,$5091,$63032,$23236,,,,,$81793,$14408,,,$61949,$6150,$46511,$42132,$83121,$29379,$61948,$5134
2020,6037402304,Census Tract 4023.04,Pomona,Los Angeles County,California,Pomona,55074.0,12674.0,46368.0,10763.0,,,24629.0,12064.0,75403.0,49790.0,,,58324.0,14219.0,,,85588.0,30086.0,49399.0,14556.0,$55074,$12674,$46368,$10763,,,$24629,$12064,$75403,$49790,,,$58324,$14219,,,$85588,$30086,$49399,$14556
2020,6037402403,Census Tract 4024.03,Pomona,Los Angeles County,California,Pomona,87709.0,8446.0,90080.0,36161.0,,,,,90754.0,64506.0,,,98007.0,18037.0,,,73865.0,47151.0,97363.0,19315.0,$87709,$8446,$90080,$36161,,,,,$90754,$64506,,,$98007,$18037,,,$73865,$47151,$97363,$19315
2020,6037402404,Census Tract 4024.04,Pomona,Los Angeles County,California,Pomona,,,,,,,,,,,,,,,,,,,,,,,,,,,,,,,,,,,,,,,,
2020,6037402405,Census Tract 4024.05,Pomona,Los Angeles County,California,Pomona,64848.0,15637.0,79857.0,33737.0,71890.0,46538.0,,,,,,,58957.0,15319.0,,,,,62736.0,14201.0,$64848,$15637,$79857,$33737,$71890,$46538,,,,,,,$58957,$15319,,,,,$62736,$14201
2020,6037402406,Census Tract 4024.06,Pomona,Los Angeles County,California,Pomona,59704.0,26826.0,51922.0,45826.0,,,,,72936.0,30257.0,,,60545.0,42151.0,,,,,75809.0,29396.0,$59704,$26826,$51922,$45826,,,,,$72936,$30257,,,$60545,$42151,,,,,$75809,$29396
2020,6037402501,Census Tract 4025.01,Pomona,Los Angeles County,California,Pomona,55331.0,6328.0,45407.0,21134.0,16700.0,6568.0,,,70406.0,66634.0,,,61436.0,23129.0,,,37295.0,8350.0,62449.0,15659.0,$55331,$6328,$45407,$21134,$16700,$6568,,,$70406,$66634,,,$61436,$23129,,,$37295,$8350,$62449,$15659
2020,6037402503,Census Tract 4025.03,Pomona,Los Angeles County,California,Pomona,69505.0,8940.0,69789.0,12567.0,,,,,,,,,62246.0,11016.0,,,82221.0,37876.0,67939.0,9187.0,$69505,$8940,$69789,$12567,,,,,,,,,$62246,$11016,,,$82221,$37876,$67939,$9187
2020,6037402504,Census Tract 4025.04,Pomona,Los Angeles County,California,Pomona,47478.0,13840.0,,,,,,,28751.0,20669.0,,,52305.0,11377.0,,,,,51024.0,7875.0,$47478,$13840,,,,,,,$28751,$20669,,,$52305,$11377,,,,,$51024,$7875
2020,6037402601,Census Tract 4026.01,Pomona,Los Angeles County,California,Pomona,57838.0,20549.0,48314.0,35454.0,,,,,,,,,51322.0,20016.0,,,,,57961.0,19104.0,$57838,$20549,$48314,$35454,,,,,,,,,$51322,$20016,,,,,$57961,$19104
2020,6037402602,Census Tract 4026.02,Pomona,Los Angeles County,California,Pomona,69470.0,37202.0,102496.0,41089.0,,,,,23104.0,13489.0,,,,,,,147047.0,62769.0,69233.0,37960.0,$69470,$37202,$102496,$41089,,,,,$23104,$13489,,,,,,,$147047,$62769,$69233,$37960
2020,6037402702,Census Tract 4027.02,Pomona,Los Angeles County,California,Pomona,46511.0,10235.0,50416.0,15564.0,,,82948.0,15628.0,78596.0,37861.0,,,40421.0,18833.0,127949.0,77933.0,,,49025.0,10857.0,$46511,$10235,$50416,$15564,,,$82948,$15628,$78596,$37861,,,$40421,$18833,$127949,$77933,,,$49025,$10857
2020,6037402703,Census Tract 4027.03,Pomona,Los Angeles County,California,Pomona,89665.0,20833.0,89037.0,15284.0,106888.0,57541.0,,,,,,,93949.0,33344.0,109501.0,108975.0,90823.0,40797.0,92297.0,31503.0,$89665,$20833,$89037,$15284,$106888,$57541,,,,,,,$93949,$33344,$109501,$108975,$90823,$40797,$92297,$31503
2020,6037402705,Census Tract 4027.05,Pomona,Los Angeles County,California,Pomona,95545.0,20245.0,84681.0,11043.0,115686.0,73758.0,,,52486.0,20551.0,,,111261.0,35575.0,129263.0,13497.0,80819.0,13972.0,105135.0,22827.0,$95545,$20245,$84681,$11043,$115686,$73758,,,$52486,$20551,,,$111261,$35575,$129263,$13497,$80819,$13972,$105135,$22827
2020,6037402706,Census Tract 4027.06,Pomona,Los Angeles County,California,Pomona,89614.0,12488.0,89340.0,14301.0,90522.0,73037.0,,,162157.0,67688.0,,,81722.0,18877.0,79978.0,75139.0,88055.0,23906.0,84393.0,14734.0,$89614,$12488,$89340,$14301,$90522,$73037,,,$162157,$67688,,,$81722,$18877,$79978,$75139,$88055,$23906,$84393,$14734
2020,6037402801,Census Tract 4028.01,Pomona,Los Angeles County,California,Pomona,55573.0,22721.0,92260.0,46980.0,,,53217.0,12736.0,,,,,51382.0,29376.0,,,,,57621.0,35024.0,$55573,$22721,$92260,$46980,,,$53217,$12736,,,,,$51382,$29376,,,,,$57621,$35024
2020,6037402803,Census Tract 4028.03,Pomona,Los Angeles County,California,Pomona,64197.0,17507.0,78393.0,52871.0,,,,,,,,,59408.0,21032.0,,,,,63359.0,18889.0,$64197,$17507,$78393,$52871,,,,,,,,,$59408,$21032,,,,,$63359,$18889
2020,6037402804,Census Tract 4028.04,Pomona,Los Angeles County,California,Pomona,63039.0,8436.0,59852.0,51191.0,,,,,94128.0,33565.0,,,67559.0,11997.0,62246.0,674.0,112515.0,110171.0,62643.0,5441.0,$63039,$8436,$59852,$51191,,,,,$94128,$33565,,,$67559,$11997,$62246,$674,$112515,$110171,$62643,$5441
2020,6037402902,Census Tract 4029.02,Pomona,Los Angeles County,California,Pomona,78352.0,17622.0,83121.0,26993.0,37279.0,26961.0,,,,,,,80537.0,19184.0,,,90550.0,29670.0,72634.0,16570.0,$78352,$17622,$83121,$26993,$37279,$26961,,,,,,,$80537,$19184,,,$90550,$29670,$72634,$16570
2020,6037402903,Census Tract 4029.03,Pomona,Los Angeles County,California,Pomona,69200.0,15065.0,75788.0,13678.0,,,,,,,,,99441.0,44604.0,,,82055.0,47316.0,82683.0,15161.0,$69200,$15065,$75788,$13678,,,,,,,,,$99441,$44604,,,$82055,$47316,$82683,$15161
2020,6037402904,Census Tract 4029.04,Pomona,Los Angeles County,California,Pomona,77645.0,20655.0,69729.0,13622.0,,,,,,,,,67256.0,42032.0,161480.0,82507.0,66294.0,13956.0,87903.0,23502.0,$77645,$20655,$69729,$13622,,,,,,,,,$67256,$42032,$161480,$82507,$66294,$13956,$87903,$23502
2020,6037403000,Census Tract 4030,Pomona,Los Angeles County,California,Pomona,77130.0,14026.0,78715.0,13375.0,,,,,120063.0,111399.0,,,91920.0,51231.0,50745.0,24478.0,115708.0,88949.0,78674.0,18374.0,$77130,$14026,$78715,$13375,,,,,$120063,$111399,,,$91920,$51231,$50745,$24478,$115708,$88949,$78674,$18374
2020,6037403316,Census Tract 4033.16,Pomona,Los Angeles County,California,Pomona,100058.0,21388.0,120115.0,18612.0,,,,,108259.0,38239.0,,,,,,,123657.0,32710.0,101602.0,59475.0,$100058,$21388,$120115,$18612,,,,,$108259,$38239,,,,,,,$123657,$32710,$101602,$59475
2020,6037403317,Census Tract 4033.17,Pomona,Los Angeles County,California,Pomona,124066.0,31931.0,138155.0,48663.0,156156.0,27223.0,,,102682.0,54984.0,,,149748.0,83792.0,120736.0,75826.0,177249.0,65597.0,120296.0,31871.0,$124066,$31931,$138155,$48663,$156156,$27223,,,$102682,$54984,,,$149748,$83792,$120736,$75826,$177249,$65597,$120296,$31871
2020,6037403318,Census Tract 4033.18,Pomona,Los Angeles County,California,Pomona,105813.0,14826.0,143814.0,22814.0,119842.0,40294.0,,,94471.0,34446.0,,,103085.0,33854.0,99276.0,6078.0,160169.0,12119.0,100255.0,21951.0,$105813,$14826,$143814,$22814,$119842,$40294,,,$94471,$34446,,,$103085,$33854,$99276,$6078,$160169,$12119,$100255,$21951
2020,6037403327,Census Tract 4033.27,Pomona,Los Angeles County,California,Pomona,123526.0,20230.0,105297.0,39959.0,,,,,165230.0,31038.0,,,68220.0,1404.0,,,113105.0,40010.0,92609.0,38551.0,$123526,$20230,$105297,$39959,,,,,$165230,$31038,,,$68220,$1404,,,$113105,$40010,$92609,$38551
2020,6037408800,Census Tract 4088,Pomona,Los Angeles County,California,Pomona,48713.0,13015.0,37006.0,17041.0,36978.0,28304.0,,,,,,,68116.0,19410.0,,,31730.0,12664.0,59540.0,7960.0,$48713,$13015,$37006,$17041,$36978,$28304,,,,,,,$68116,$19410,,,$31730,$12664,$59540,$7960
2020,6037409000,Census Tract 4090,Pomona,Los Angeles County,California,Pomona,76388.0,27036.0,76752.0,14324.0,,,,,49707.0,33871.0,,,96332.0,48491.0,66177.0,46076.0,91598.0,54026.0,75178.0,36766.0,$76388,$27036,$76752,$14324,,,,,$49707,$33871,,,$96332,$48491,$66177,$46076,$91598,$54026,$75178,$36766
2021,6037401303,Census Tract 4013.03,Pomona,Los Angeles County,California,Pomona,152303.0,39563.0,173918.0,37758.0,,,,,132752.0,73632.0,,,,,,,175366.0,60738.0,130702.0,83738.0,$152303,$39563,$173918,$37758,,,,,$132752,$73632,,,,,,,$175366,$60738,$130702,$83738
2021,6037401706,Census Tract 4017.06,Pomona,Los Angeles County,California,Pomona,77888.0,21299.0,69088.0,34836.0,,,,,72411.0,54259.0,,,107375.0,52221.0,,,95829.0,24017.0,104482.0,70694.0,$77888,$21299,$69088,$34836,,,,,$72411,$54259,,,$107375,$52221,,,$95829,$24017,$104482,$70694
2021,6037401707,Census Tract 4017.07,Pomona,Los Angeles County,California,Pomona,72348.0,22021.0,45907.0,9873.0,,,,,100294.0,30920.0,,,94341.0,74838.0,104773.0,25453.0,44008.0,10882.0,90010.0,19191.0,$72348,$22021,$45907,$9873,,,,,$100294,$30920,,,$94341,$74838,$104773,$25453,$44008,$10882,$90010,$19191
2021,6037402101,Census Tract 4021.01,Pomona,Los Angeles County,California,Pomona,91493.0,20427.0,88171.0,16169.0,105799.0,35708.0,,,66437.0,57431.0,,,101902.0,39031.0,103164.0,62381.0,,,101612.0,21708.0,$91493,$20427,$88171,$16169,$105799,$35708,,,$66437,$57431,,,$101902,$39031,$103164,$62381,,,$101612,$21708
2021,6037402102,Census Tract 4021.02,Pomona,Los Angeles County,California,Pomona,99595.0,12087.0,110891.0,24636.0,,,,,127443.0,63181.0,,,89673.0,18711.0,,,61790.0,22006.0,101003.0,14657.0,$99595,$12087,$110891,$24636,,,,,$127443,$63181,,,$89673,$18711,,,$61790,$22006,$101003,$14657
2021,6037402200,Census Tract 4022,Pomona,Los Angeles County,California,Pomona,96509.0,7180.0,98247.0,5875.0,,,,,,,,,92724.0,37198.0,119070.0,54927.0,98145.0,17639.0,97582.0,7066.0,$96509,$7180,$98247,$5875,,,,,,,,,$92724,$37198,$119070,$54927,$98145,$17639,$97582,$7066
2021,6037402301,Census Tract 4023.01,Pomona,Los Angeles County,California,Pomona,74801.0,16825.0,72931.0,13706.0,,,,,62092.0,57857.0,,,77870.0,36467.0,122017.0,72469.0,61454.0,34094.0,84530.0,25273.0,$74801,$16825,$72931,$13706,,,,,$62092,$57857,,,$77870,$36467,$122017,$72469,$61454,$34094,$84530,$25273
2021,6037402303,Census Tract 4023.03,Pomona,Los Angeles County,California,Pomona,68441.0,14920.0,63301.0,35364.0,,,,,85222.0,53988.0,,,62636.0,18521.0,,,90996.0,27253.0,62389.0,14491.0,$68441,$14920,$63301,$35364,,,,,$85222,$53988,,,$62636,$18521,,,$90996,$27253,$62389,$14491
2021,6037402304,Census Tract 4023.04,Pomona,Los Angeles County,California,Pomona,50371.0,10645.0,49058.0,11264.0,,,25585.0,11929.0,73537.0,27829.0,,,56843.0,20472.0,41199.0,29007.0,66473.0,42631.0,48143.0,11088.0,$50371,$10645,$49058,$11264,,,$25585,$11929,$73537,$27829,,,$56843,$20472,$41199,$29007,$66473,$42631,$48143,$11088
2021,6037402403,Census Tract 4024.03,Pomona,Los Angeles County,California,Pomona,88145.0,7815.0,75000.0,39771.0,18178.0,13223.0,,,,,,,98916.0,18698.0,,,73069.0,41247.0,92586.0,18003.0,$88145,$7815,$75000,$39771,$18178,$13223,,,,,,,$98916,$18698,,,$73069,$41247,$92586,$18003
2021,6037402404,Census Tract 4024.04,Pomona,Los Angeles County,California,Pomona,,,,,,,,,,,,,,,,,,,,,,,,,,,,,,,,,,,,,,,,
2021,6037402405,Census Tract 4024.05,Pomona,Los Angeles County,California,Pomona,86432.0,21219.0,87472.0,39511.0,73280.0,60375.0,113830.0,20313.0,108616.0,55979.0,,,62051.0,9922.0,180581.0,152048.0,,,85116.0,27438.0,$86432,$21219,$87472,$39511,$73280,$60375,$113830,$20313,$108616,$55979,,,$62051,$9922,$180581,$152048,,,$85116,$27438
2021,6037402406,Census Tract 4024.06,Pomona,Los Angeles County,California,Pomona,60342.0,43708.0,,,136550.0,106232.0,,,64989.0,36602.0,,,56538.0,51549.0,92586.0,23284.0,,,87270.0,40443.0,$60342,$43708,,,$136550,$106232,,,$64989,$36602,,,$56538,$51549,$92586,$23284,,,$87270,$40443
2021,6037402501,Census Tract 4025.01,Pomona,Los Angeles County,California,Pomona,57345.0,8539.0,66874.0,25288.0,16009.0,4433.0,,,53695.0,52879.0,,,57822.0,19598.0,81526.0,55954.0,38539.0,11856.0,66767.0,15434.0,$57345,$8539,$66874,$25288,$16009,$4433,,,$53695,$52879,,,$57822,$19598,$81526,$55954,$38539,$11856,$66767,$15434
2021,6037402503,Census Tract 4025.03,Pomona,Los Angeles County,California,Pomona,71143.0,9706.0,81410.0,12435.0,106401.0,16271.0,,,,,,,63509.0,14921.0,41274.0,40784.0,82943.0,54785.0,68957.0,8800.0,$71143,$9706,$81410,$12435,$106401,$16271,,,,,,,$63509,$14921,$41274,$40784,$82943,$54785,$68957,$8800
2021,6037402504,Census Tract 4025.04,Pomona,Los Angeles County,California,Pomona,46546.0,10785.0,25077.0,21502.0,,,,,,,,,48815.0,13617.0,,,,,48179.0,12053.0,$46546,$10785,$25077,$21502,,,,,,,,,$48815,$13617,,,,,$48179,$12053
2021,6037402601,Census Tract 4026.01,Pomona,Los Angeles County,California,Pomona,64511.0,13076.0,,,,,,,171527.0,120022.0,,,63809.0,14955.0,128635.0,83181.0,,,64467.0,12273.0,$64511,$13076,,,,,,,$171527,$120022,,,$63809,$14955,$128635,$83181,,,$64467,$12273
2021,6037402602,Census Tract 4026.02,Pomona,Los Angeles County,California,Pomona,68962.0,28881.0,113202.0,49973.0,,,123316.0,104417.0,21019.0,7436.0,,,124803.0,113410.0,,,147047.0,48051.0,69351.0,54112.0,$68962,$28881,$113202,$49973,,,$123316,$104417,$21019,$7436,,,$124803,$113410,,,$147047,$48051,$69351,$54112
2021,6037402702,Census Tract 4027.02,Pomona,Los Angeles County,California,Pomona,53953.0,10148.0,59467.0,19361.0,,,86458.0,53056.0,,,,,41154.0,21647.0,54929.0,22835.0,,,53368.0,10267.0,$53953,$10148,$59467,$19361,,,$86458,$53056,,,,,$41154,$21647,$54929,$22835,,,$53368,$10267
2021,6037402703,Census Tract 4027.03,Pomona,Los Angeles County,California,Pomona,80203.0,15761.0,80927.0,7818.0,107199.0,102259.0,,,,,,,78007.0,32938.0,110598.0,77445.0,89238.0,23402.0,80824.0,32774.0,$80203,$15761,$80927,$7818,$107199,$102259,,,,,,,$78007,$32938,$110598,$77445,$89238,$23402,$80824,$32774
2021,6037402705,Census Tract 4027.05,Pomona,Los Angeles County,California,Pomona,100272.0,12681.0,90513.0,11520.0,127650.0,51350.0,,,77962.0,52393.0,,,109152.0,30794.0,128185.0,37220.0,87617.0,30770.0,101013.0,16248.0,$100272,$12681,$90513,$11520,$127650,$51350,,,$77962,$52393,,,$109152,$30794,$128185,$37220,$87617,$30770,$101013,$16248
2021,6037402706,Census Tract 4027.06,Pomona,Los Angeles County,California,Pomona,102931.0,11332.0,93886.0,9157.0,90316.0,40578.0,,,160752.0,93270.0,,,133397.0,41805.0,,,93410.0,17602.0,105772.0,10526.0,$102931,$11332,$93886,$9157,$90316,$40578,,,$160752,$93270,,,$133397,$41805,,,$93410,$17602,$105772,$10526
2021,6037402801,Census Tract 4028.01,Pomona,Los Angeles County,California,Pomona,61417.0,48202.0,99927.0,32487.0,,,61022.0,28385.0,,,,,56802.0,33117.0,128569.0,127062.0,,,80456.0,48801.0,$61417,$48202,$99927,$32487,,,$61022,$28385,,,,,$56802,$33117,$128569,$127062,,,$80456,$48801
2021,6037402803,Census Tract 4028.03,Pomona,Los Angeles County,California,Pomona,82065.0,15600.0,89306.0,40319.0,275251.0,132279.0,,,,,,,72721.0,22221.0,91721.0,47051.0,,,80822.0,16126.0,$82065,$15600,$89306,$40319,$275251,$132279,,,,,,,$72721,$22221,$91721,$47051,,,$80822,$16126
2021,6037402804,Census Tract 4028.04,Pomona,Los Angeles County,California,Pomona,63528.0,10826.0,69610.0,42932.0,,,,,95916.0,61090.0,,,69985.0,14230.0,62615.0,8544.0,114409.0,61631.0,63336.0,9752.0,$63528,$10826,$69610,$42932,,,,,$95916,$61090,,,$69985,$14230,$62615,$8544,$114409,$61631,$63336,$9752
2021,6037402902,Census Tract 4029.02,Pomona,Los Angeles County,California,Pomona,75962.0,15221.0,84755.0,30481.0,,,,,,,,,76558.0,24507.0,87472.0,46977.0,89029.0,19138.0,73859.0,11339.0,$75962,$15221,$84755,$30481,,,,,,,,,$76558,$24507,$87472,$46977,$89029,$19138,$73859,$11339
2021,6037402903,Census Tract 4029.03,Pomona,Los Angeles County,California,Pomona,77494.0,13933.0,78928.0,10728.0,,,,,24620.0,18614.0,,,117595.0,23968.0,,,82934.0,12057.0,88604.0,20402.0,$77494,$13933,$78928,$10728,,,,,$24620,$18614,,,$117595,$23968,,,$82934,$12057,$88604,$20402
2021,6037402904,Census Tract 4029.04,Pomona,Los Angeles County,California,Pomona,78132.0,20317.0,76683.0,12537.0,,,,,46198.0,41428.0,,,81904.0,41185.0,122578.0,58320.0,66038.0,7214.0,88729.0,32056.0,$78132,$20317,$76683,$12537,,,,,$46198,$41428,,,$81904,$41185,$122578,$58320,$66038,$7214,$88729,$32056
2021,6037403000,Census Tract 4030,Pomona,Los Angeles County,California,Pomona,83241.0,21730.0,79042.0,17918.0,,,,,118949.0,48152.0,,,74780.0,49070.0,,,,,75036.0,23235.0,$83241,$21730,$79042,$17918,,,,,$118949,$48152,,,$74780,$49070,,,,,$75036,$23235
2021,6037403316,Census Tract 4033.16,Pomona,Los Angeles County,California,Pomona,99095.0,12060.0,114337.0,23620.0,,,,,92354.0,39678.0,,,153603.0,140163.0,97400.0,6574.0,115242.0,21821.0,101471.0,51964.0,$99095,$12060,$114337,$23620,,,,,$92354,$39678,,,$153603,$140163,$97400,$6574,$115242,$21821,$101471,$51964
2021,6037403317,Census Tract 4033.17,Pomona,Los Angeles County,California,Pomona,119225.0,8951.0,112961.0,40549.0,117305.0,111032.0,,,122602.0,31777.0,,,148007.0,88862.0,119932.0,35627.0,160752.0,87275.0,116990.0,28536.0,$119225,$8951,$112961,$40549,$117305,$111032,,,$122602,$31777,,,$148007,$88862,$119932,$35627,$160752,$87275,$116990,$28536
2021,6037403318,Census Tract 4033.18,Pomona,Los Angeles County,California,Pomona,108388.0,20506.0,133598.0,39785.0,137522.0,49225.0,,,95614.0,45349.0,,,134104.0,58822.0,97767.0,25652.0,151067.0,29085.0,102302.0,19374.0,$108388,$20506,$133598,$39785,$137522,$49225,,,$95614,$45349,,,$134104,$58822,$97767,$25652,$151067,$29085,$102302,$19374
2021,6037403327,Census Tract 4033.27,Pomona,Los Angeles County,California,Pomona,133857.0,27049.0,127838.0,49084.0,,,,,162562.0,37822.0,,,68600.0,32178.0,137902.0,123307.0,135305.0,48583.0,93289.0,29446.0,$133857,$27049,$127838,$49084,,,,,$162562,$37822,,,$68600,$32178,$137902,$123307,$135305,$48583,$93289,$29446
2021,6037408800,Census Tract 4088,Pomona,Los Angeles County,California,Pomona,51829.0,20555.0,36809.0,27840.0,35587.0,22152.0,,,40550.0,32674.0,,,78579.0,35143.0,70190.0,60605.0,29688.0,8478.0,63308.0,19359.0,$51829,$20555,$36809,$27840,$35587,$22152,,,$40550,$32674,,,$78579,$35143,$70190,$60605,$29688,$8478,$63308,$19359
2021,6037409000,Census Tract 4090,Pomona,Los Angeles County,California,Pomona,79353.0,21116.0,81341.0,27970.0,,,,,77045.0,32395.0,,,96005.0,61598.0,66218.0,39196.0,119053.0,37634.0,75064.0,29698.0,$79353,$21116,$81341,$27970,,,,,$77045,$32395,,,$96005,$61598,$66218,$39196,$119053,$37634,$75064,$29698
2022,6037401303,Census Tract 4013.03,Pomona,Los Angeles County,California,Pomona,141062.0,41068.0,160934.0,45554.0,,,,,129858.0,44353.0,,,,,,,171047.0,59004.0,112409.0,75955.0,$141062,$41068,$160934,$45554,,,,,$129858,$44353,,,,,,,$171047,$59004,$112409,$75955
2022,6037401706,Census Tract 4017.06,Pomona,Los Angeles County,California,Pomona,96694.0,18961.0,66588.0,44521.0,,,,,66798.0,54363.0,,,140061.0,39178.0,132234.0,112349.0,89068.0,39890.0,127147.0,15768.0,$96694,$18961,$66588,$44521,,,,,$66798,$54363,,,$140061,$39178,$132234,$112349,$89068,$39890,$127147,$15768
2022,6037401707,Census Tract 4017.07,Pomona,Los Angeles County,California,Pomona,70366.0,16528.0,47631.0,18327.0,,,,,98724.0,28264.0,,,91455.0,19413.0,,,44921.0,5157.0,81205.0,21819.0,$70366,$16528,$47631,$18327,,,,,$98724,$28264,,,$91455,$19413,,,$44921,$5157,$81205,$21819
2022,6037402101,Census Tract 4021.01,Pomona,Los Angeles County,California,Pomona,102959.0,13727.0,85854.0,25241.0,105940.0,42341.0,39837.0,19012.0,78378.0,50865.0,,,116241.0,20291.0,103415.0,61506.0,129015.0,128802.0,104009.0,10428.0,$102959,$13727,$85854,$25241,$105940,$42341,$39837,$19012,$78378,$50865,,,$116241,$20291,$103415,$61506,$129015,$128802,$104009,$10428
2022,6037402102,Census Tract 4021.02,Pomona,Los Angeles County,California,Pomona,104951.0,7918.0,107452.0,9714.0,,,,,167283.0,93437.0,,,101510.0,15188.0,78378.0,57092.0,66635.0,35428.0,107203.0,12264.0,$104951,$7918,$107452,$9714,,,,,$167283,$93437,,,$101510,$15188,$78378,$57092,$66635,$35428,$107203,$12264
2022,6037402200,Census Tract 4022,Pomona,Los Angeles County,California,Pomona,94990.0,16057.0,103930.0,15994.0,58626.0,21832.0,,,66415.0,63373.0,,,102302.0,19342.0,77842.0,19617.0,102942.0,7533.0,95126.0,16771.0,$94990,$16057,$103930,$15994,$58626,$21832,,,$66415,$63373,,,$102302,$19342,$77842,$19617,$102942,$7533,$95126,$16771
2022,6037402301,Census Tract 4023.01,Pomona,Los Angeles County,California,Pomona,76081.0,29238.0,70985.0,5925.0,,,,,,,,,,,124101.0,22740.0,,,86497.0,34455.0,$76081,$29238,$70985,$5925,,,,,,,,,,,$124101,$22740,,,$86497,$34455
2022,6037402303,Census Tract 4023.03,Pomona,Los Angeles County,California,Pomona,72541.0,17406.0,62971.0,20825.0,,,,,84943.0,38490.0,,,60645.0,7382.0,107482.0,54902.0,85026.0,43874.0,67419.0,16347.0,$72541,$17406,$62971,$20825,,,,,$84943,$38490,,,$60645,$7382,$107482,$54902,$85026,$43874,$67419,$16347
2022,6037402304,Census Tract 4023.04,Pomona,Los Angeles County,California,Pomona,56336.0,18594.0,38854.0,21777.0,,,,,100564.0,28565.0,,,64176.0,24952.0,41558.0,5803.0,66767.0,35951.0,46893.0,15610.0,$56336,$18594,$38854,$21777,,,,,$100564,$28565,,,$64176,$24952,$41558,$5803,$66767,$35951,$46893,$15610
2022,6037402403,Census Tract 4024.03,Pomona,Los Angeles County,California,Pomona,88264.0,5568.0,74235.0,40375.0,,,,,91442.0,31954.0,,,90724.0,20594.0,,,72945.0,62845.0,90857.0,18586.0,$88264,$5568,$74235,$40375,,,,,$91442,$31954,,,$90724,$20594,,,$72945,$62845,$90857,$18586
2022,6037402404,Census Tract 4024.04,Pomona,Los Angeles County,California,Pomona,,,,,,,,,,,,,,,,,,,,,,,,,,,,,,,,,,,,,,,,
2022,6037402405,Census Tract 4024.05,Pomona,Los Angeles County,California,Pomona,91573.0,27262.0,69670.0,36970.0,35200.0,30594.0,113883.0,47134.0,,,,,113059.0,62188.0,113549.0,62322.0,,,91223.0,28132.0,$91573,$27262,$69670,$36970,$35200,$30594,$113883,$47134,,,,,$113059,$62188,$113549,$62322,,,$91223,$28132
2022,6037402406,Census Tract 4024.06,Pomona,Los Angeles County,California,Pomona,80952.0,25331.0,,,,,,,142689.0,77415.0,,,,,93664.0,65915.0,,,88343.0,15376.0,$80952,$25331,,,,,,,$142689,$77415,,,,,$93664,$65915,,,$88343,$15376
2022,6037402501,Census Tract 4025.01,Pomona,Los Angeles County,California,Pomona,56051.0,7344.0,64602.0,46015.0,14925.0,4247.0,62887.0,49110.0,,,,,58735.0,22162.0,57229.0,47036.0,38027.0,17308.0,64087.0,12859.0,$56051,$7344,$64602,$46015,$14925,$4247,$62887,$49110,,,,,$58735,$22162,$57229,$47036,$38027,$17308,$64087,$12859
2022,6037402503,Census Tract 4025.03,Pomona,Los Angeles County,California,Pomona,72991.0,8968.0,90659.0,13425.0,106291.0,14010.0,,,,,,,68202.0,13366.0,,,123384.0,89674.0,71791.0,9371.0,$72991,$8968,$90659,$13425,$106291,$14010,,,,,,,$68202,$13366,,,$123384,$89674,$71791,$9371
2022,6037402504,Census Tract 4025.04,Pomona,Los Angeles County,California,Pomona,37206.0,17047.0,,,,,,,27083.0,12731.0,,,48298.0,13179.0,,,,,48330.0,9721.0,$37206,$17047,,,,,,,$27083,$12731,,,$48298,$13179,,,,,$48330,$9721
2022,6037402601,Census Tract 4026.01,Pomona,Los Angeles County,California,Pomona,73750.0,23006.0,,,,,,,94456.0,33702.0,,,60359.0,11289.0,128710.0,43645.0,,,65114.0,23540.0,$73750,$23006,,,,,,,$94456,$33702,,,$60359,$11289,$128710,$43645,,,$65114,$23540
2022,6037402602,Census Tract 4026.02,Pomona,Los Angeles County,California,Pomona,68751.0,24781.0,100303.0,60973.0,69061.0,32864.0,,,19913.0,4050.0,,,126491.0,62816.0,68260.0,10996.0,145057.0,63668.0,69309.0,49033.0,$68751,$24781,$100303,$60973,$69061,$32864,,,$19913,$4050,,,$126491,$62816,$68260,$10996,$145057,$63668,$69309,$49033
2022,6037402702,Census Tract 4027.02,Pomona,Los Angeles County,California,Pomona,51311.0,8852.0,56080.0,17054.0,14637.0,4619.0,,,,,,,55956.0,34528.0,49322.0,18535.0,106463.0,60084.0,52081.0,8141.0,$51311,$8852,$56080,$17054,$14637,$4619,,,,,,,$55956,$34528,$49322,$18535,$106463,$60084,$52081,$8141
2022,6037402703,Census Tract 4027.03,Pomona,Los Angeles County,California,Pomona,70527.0,17917.0,78315.0,25755.0,107619.0,81991.0,,,,,,,63683.0,26545.0,110252.0,75723.0,90436.0,54818.0,78209.0,23398.0,$70527,$17917,$78315,$25755,$107619,$81991,,,,,,,$63683,$26545,$110252,$75723,$90436,$54818,$78209,$23398
2022,6037402705,Census Tract 4027.05,Pomona,Los Angeles County,California,Pomona,100914.0,21732.0,84910.0,9469.0,119242.0,77377.0,,,101250.0,20830.0,,,108189.0,52589.0,126937.0,9165.0,82523.0,29100.0,101633.0,26280.0,$100914,$21732,$84910,$9469,$119242,$77377,,,$101250,$20830,,,$108189,$52589,$126937,$9165,$82523,$29100,$101633,$26280
2022,6037402706,Census Tract 4027.06,Pomona,Los Angeles County,California,Pomona,94296.0,25691.0,94546.0,18557.0,72081.0,29245.0,,,,,,,,,,,95234.0,33053.0,102830.0,52465.0,$94296,$25691,$94546,$18557,$72081,$29245,,,,,,,,,,,$95234,$33053,$102830,$52465
2022,6037402801,Census Tract 4028.01,Pomona,Los Angeles County,California,Pomona,59944.0,36049.0,,,,,,,,,,,55255.0,20563.0,,,,,61135.0,39698.0,$59944,$36049,,,,,,,,,,,$55255,$20563,,,,,$61135,$39698
2022,6037402803,Census Tract 4028.03,Pomona,Los Angeles County,California,Pomona,80271.0,15503.0,,,,,,,145100.0,127936.0,,,82845.0,13521.0,91442.0,45138.0,,,83318.0,14558.0,$80271,$15503,,,,,,,$145100,$127936,,,$82845,$13521,$91442,$45138,,,$83318,$14558
2022,6037402804,Census Tract 4028.04,Pomona,Los Angeles County,California,Pomona,61391.0,11455.0,70064.0,32220.0,44039.0,31156.0,,,73823.0,51006.0,,,71445.0,19252.0,59743.0,9316.0,,,61474.0,13963.0,$61391,$11455,$70064,$32220,$44039,$31156,,,$73823,$51006,,,$71445,$19252,$59743,$9316,,,$61474,$13963
2022,6037402902,Census Tract 4029.02,Pomona,Los Angeles County,California,Pomona,70206.0,8961.0,70860.0,34146.0,,,,,,,,,68580.0,11454.0,87087.0,17876.0,89751.0,21795.0,69337.0,8129.0,$70206,$8961,$70860,$34146,,,,,,,,,$68580,$11454,$87087,$17876,$89751,$21795,$69337,$8129
2022,6037402903,Census Tract 4029.03,Pomona,Los Angeles County,California,Pomona,63050.0,34163.0,69819.0,31968.0,,,,,23808.0,21020.0,,,109398.0,30546.0,58170.0,5724.0,71307.0,24251.0,95700.0,43539.0,$63050,$34163,$69819,$31968,,,,,$23808,$21020,,,$109398,$30546,$58170,$5724,$71307,$24251,$95700,$43539
2022,6037402904,Census Tract 4029.04,Pomona,Los Angeles County,California,Pomona,87361.0,10273.0,76816.0,11473.0,,,,,62301.0,49548.0,,,93499.0,26181.0,124735.0,43674.0,66722.0,4332.0,94791.0,24975.0,$87361,$10273,$76816,$11473,,,,,$62301,$49548,,,$93499,$26181,$124735,$43674,$66722,$4332,$94791,$24975
2022,6037403000,Census Tract 4030,Pomona,Los Angeles County,California,Pomona,89262.0,13872.0,74303.0,17436.0,,,,,99113.0,43538.0,,,91067.0,48995.0,62435.0,48875.0,71967.0,19188.0,84524.0,20356.0,$89262,$13872,$74303,$17436,,,,,$99113,$43538,,,$91067,$48995,$62435,$48875,$71967,$19188,$84524,$20356
2022,6037403316,Census Tract 4033.16,Pomona,Los Angeles County,California,Pomona,99132.0,20515.0,103186.0,28284.0,159102.0,123881.0,,,77619.0,59931.0,,,147792.0,100585.0,,,113037.0,27544.0,102248.0,37720.0,$99132,$20515,$103186,$28284,$159102,$123881,,,$77619,$59931,,,$147792,$100585,,,$113037,$27544,$102248,$37720
2022,6037403317,Census Tract 4033.17,Pomona,Los Angeles County,California,Pomona,119005.0,11017.0,104397.0,30979.0,,,,,124126.0,21289.0,,,,,119492.0,37413.0,134147.0,83018.0,118822.0,33457.0,$119005,$11017,$104397,$30979,,,,,$124126,$21289,,,,,$119492,$37413,$134147,$83018,$118822,$33457
2022,6037403318,Census Tract 4033.18,Pomona,Los Angeles County,California,Pomona,113664.0,22724.0,122726.0,55392.0,138349.0,59922.0,,,97237.0,18721.0,,,132993.0,83221.0,98722.0,73563.0,154180.0,31704.0,103326.0,34749.0,$113664,$22724,$122726,$55392,$138349,$59922,,,$97237,$18721,,,$132993,$83221,$98722,$73563,$154180,$31704,$103326,$34749
2022,6037403327,Census Tract 4033.27,Pomona,Los Angeles County,California,Pomona,138178.0,14218.0,131109.0,27746.0,,,,,175812.0,31285.0,,,85970.0,37287.0,160776.0,53814.0,137425.0,15657.0,86566.0,15802.0,$138178,$14218,$131109,$27746,,,,,$175812,$31285,,,$85970,$37287,$160776,$53814,$137425,$15657,$86566,$15802
2022,6037408800,Census Tract 4088,Pomona,Los Angeles County,California,Pomona,55170.0,12997.0,57611.0,38445.0,27927.0,25495.0,,,46726.0,27417.0,,,63295.0,21151.0,61557.0,16555.0,32470.0,11231.0,64744.0,12307.0,$55170,$12997,$57611,$38445,$27927,$25495,,,$46726,$27417,,,$63295,$21151,$61557,$16555,$32470,$11231,$64744,$12307
2022,6037409000,Census Tract 4090,Pomona,Los Angeles County,California,Pomona,76541.0,18793.0,79645.0,18083.0,2679.0,,,,,,,,83570.0,36588.0,72782.0,36972.0,113883.0,57977.0,77449.0,23820.0,$76541,$18793,$79645,$18083,$2679,,,,,,,,$83570,$36588,$72782,$36972,$113883,$57977,$77449,$23820
2023,6037401303,Census Tract 4013.03,Pomona,Los Angeles County,California,Pomona,140015.0,49303.0,157624.0,49098.0,,,,,130817.0,103895.0,,,,,,,171134.0,73756.0,109286.0,71226.0,$140015,$49303,$157624,$49098,,,,,$130817,$103895,,,,,,,$171134,$73756,$109286,$71226
2023,6037401706,Census Tract 4017.06,Pomona,Los Angeles County,California,Pomona,95066.0,30334.0,61070.0,34239.0,,,,,73067.0,42490.0,,,131889.0,31477.0,132340.0,88617.0,65108.0,55017.0,124298.0,14343.0,$95066,$30334,$61070,$34239,,,,,$73067,$42490,,,$131889,$31477,$132340,$88617,$65108,$55017,$124298,$14343
2023,6037401707,Census Tract 4017.07,Pomona,Los Angeles County,California,Pomona,75402.0,14194.0,47952.0,20240.0,,,,,103706.0,12602.0,,,90561.0,11405.0,55701.0,26886.0,45332.0,4831.0,82279.0,19342.0,$75402,$14194,$47952,$20240,,,,,$103706,$12602,,,$90561,$11405,$55701,$26886,$45332,$4831,$82279,$19342
2023,6037402101,Census Tract 4021.01,Pomona,Los Angeles County,California,Pomona,105164.0,22898.0,,,103967.0,61490.0,,,,,,,118563.0,29986.0,103904.0,83686.0,,,118306.0,19077.0,$105164,$22898,,,$103967,$61490,,,,,,,$118563,$29986,$103904,$83686,,,$118306,$19077
2023,6037402102,Census Tract 4021.02,Pomona,Los Angeles County,California,Pomona,106032.0,11692.0,106988.0,10894.0,,,,,201802.0,76965.0,,,102629.0,31492.0,99367.0,25727.0,105105.0,37928.0,102528.0,10053.0,$106032,$11692,$106988,$10894,,,,,$201802,$76965,,,$102629,$31492,$99367,$25727,$105105,$37928,$102528,$10053
2023,6037402200,Census Tract 4022,Pomona,Los Angeles County,California,Pomona,96137.0,20958.0,105332.0,22460.0,80866.0,40007.0,,,,,,,104153.0,34717.0,77526.0,26201.0,99028.0,9690.0,103155.0,34017.0,$96137,$20958,$105332,$22460,$80866,$40007,,,,,,,$104153,$34717,$77526,$26201,$99028,$9690,$103155,$34017
2023,6037402301,Census Tract 4023.01,Pomona,Los Angeles County,California,Pomona,95298.0,33308.0,71358.0,8261.0,,,62812.0,8998.0,42191.0,10331.0,,,127426.0,50546.0,124934.0,17618.0,,,107340.0,38707.0,$95298,$33308,$71358,$8261,,,$62812,$8998,$42191,$10331,,,$127426,$50546,$124934,$17618,,,$107340,$38707
2023,6037402303,Census Tract 4023.03,Pomona,Los Angeles County,California,Pomona,70398.0,12356.0,61178.0,15774.0,,,,,86075.0,76027.0,,,61405.0,14578.0,96208.0,48355.0,78383.0,30187.0,69826.0,16527.0,$70398,$12356,$61178,$15774,,,,,$86075,$76027,,,$61405,$14578,$96208,$48355,$78383,$30187,$69826,$16527
2023,6037402304,Census Tract 4023.04,Pomona,Los Angeles County,California,Pomona,47556.0,9923.0,37154.0,21359.0,,,90162.0,60026.0,99349.0,15350.0,,,51868.0,15130.0,41807.0,2042.0,,,47189.0,8485.0,$47556,$9923,$37154,$21359,,,$90162,$60026,$99349,$15350,,,$51868,$15130,$41807,$2042,,,$47189,$8485
2023,6037402403,Census Tract 4024.03,Pomona,Los Angeles County,California,Pomona,90687.0,11215.0,73141.0,33113.0,42355.0,28580.0,,,92215.0,39979.0,,,98563.0,19195.0,104558.0,66950.0,73614.0,47633.0,98274.0,14441.0,$90687,$11215,$73141,$33113,$42355,$28580,,,$92215,$39979,,,$98563,$19195,$104558,$66950,$73614,$47633,$98274,$14441
2023,6037402404,Census Tract 4024.04,Pomona,Los Angeles County,California,Pomona,,,,,,,,,,,,,,,,,,,,,,,,,,,,,,,,,,,,,,,,
2023,6037402405,Census Tract 4024.05,Pomona,Los Angeles County,California,Pomona,99335.0,22003.0,85889.0,39416.0,,,114151.0,19475.0,96290.0,68854.0,,,122423.0,33352.0,117459.0,47085.0,,,102037.0,24553.0,$99335,$22003,$85889,$39416,,,$114151,$19475,$96290,$68854,,,$122423,$33352,$117459,$47085,,,$102037,$24553
2023,6037402406,Census Tract 4024.06,Pomona,Los Angeles County,California,Pomona,87240.0,19033.0,,,113768.0,59164.0,,,142296.0,89881.0,,,70556.0,45359.0,114519.0,107220.0,,,91177.0,10521.0,$87240,$19033,,,$113768,$59164,,,$142296,$89881,,,$70556,$45359,$114519,$107220,,,$91177,$10521
2023,6037402501,Census Tract 4025.01,Pomona,Los Angeles County,California,Pomona,58887.0,8659.0,37958.0,23521.0,,,62852.0,25535.0,,,,,78761.0,13912.0,55043.0,29290.0,,,62646.0,8254.0,$58887,$8659,$37958,$23521,,,$62852,$25535,,,,,$78761,$13912,$55043,$29290,,,$62646,$8254
2023,6037402503,Census Tract 4025.03,Pomona,Los Angeles County,California,Pomona,68454.0,15161.0,94030.0,13901.0,107269.0,14841.0,,,,,,,63138.0,8188.0,42330.0,20557.0,,,64089.0,12994.0,$68454,$15161,$94030,$13901,$107269,$14841,,,,,,,$63138,$8188,$42330,$20557,,,$64089,$12994
2023,6037402504,Census Tract 4025.04,Pomona,Los Angeles County,California,Pomona,35698.0,19255.0,,,,,,,22869.0,18672.0,,,47444.0,13972.0,92103.0,61466.0,,,48443.0,8993.0,$35698,$19255,,,,,,,$22869,$18672,,,$47444,$13972,$92103,$61466,,,$48443,$8993
2023,6037402601,Census Tract 4026.01,Pomona,Los Angeles County,California,Pomona,79391.0,29207.0,164904.0,78161.0,,,,,93186.0,23949.0,,,61552.0,22741.0,88049.0,72320.0,149260.0,115351.0,76036.0,30155.0,$79391,$29207,$164904,$78161,,,,,$93186,$23949,,,$61552,$22741,$88049,$72320,$149260,$115351,$76036,$30155
2023,6037402602,Census Tract 4026.02,Pomona,Los Angeles County,California,Pomona,68332.0,16633.0,,,,,,,19301.0,4658.0,,,126876.0,46517.0,,,145063.0,59665.0,69069.0,60232.0,$68332,$16633,,,,,,,$19301,$4658,,,$126876,$46517,,,$145063,$59665,$69069,$60232
2023,6037402702,Census Tract 4027.02,Pomona,Los Angeles County,California,Pomona,54026.0,4630.0,75510.0,27603.0,14821.0,10498.0,,,,,,,56495.0,23698.0,47609.0,24539.0,141897.0,96897.0,55049.0,7443.0,$54026,$4630,$75510,$27603,$14821,$10498,,,,,,,$56495,$23698,$47609,$24539,$141897,$96897,$55049,$7443
2023,6037402703,Census Tract 4027.03,Pomona,Los Angeles County,California,Pomona,93144.0,26227.0,67289.0,16731.0,243363.0,235699.0,,,60235.0,47686.0,,,97362.0,65588.0,111674.0,37732.0,,,96183.0,35397.0,$93144,$26227,$67289,$16731,$243363,$235699,,,$60235,$47686,,,$97362,$65588,$111674,$37732,,,$96183,$35397
2023,6037402705,Census Tract 4027.05,Pomona,Los Angeles County,California,Pomona,106439.0,16265.0,97975.0,36639.0,53013.0,38503.0,,,,,,,109372.0,18372.0,126288.0,34849.0,88141.0,57402.0,107906.0,17056.0,$106439,$16265,$97975,$36639,$53013,$38503,,,,,,,$109372,$18372,$126288,$34849,$88141,$57402,$107906,$17056
2023,6037402706,Census Tract 4027.06,Pomona,Los Angeles County,California,Pomona,107570.0,34755.0,96627.0,42998.0,79520.0,30354.0,,,,,,,134616.0,45386.0,81941.0,77319.0,137465.0,136575.0,111731.0,47399.0,$107570,$34755,$96627,$42998,$79520,$30354,,,,,,,$134616,$45386,$81941,$77319,$137465,$136575,$111731,$47399
2023,6037402801,Census Tract 4028.01,Pomona,Los Angeles County,California,Pomona,78268.0,37869.0,101986.0,21730.0,,,,,,,,,56530.0,46845.0,91138.0,49057.0,100898.0,90029.0,83980.0,34497.0,$78268,$37869,$101986,$21730,,,,,,,,,$56530,$46845,$91138,$49057,$100898,$90029,$83980,$34497
2023,6037402803,Census Tract 4028.03,Pomona,Los Angeles County,California,Pomona,78714.0,13286.0,,,,,,,,,,,82350.0,24429.0,76501.0,24041.0,81707.0,66365.0,79777.0,15936.0,$78714,$13286,,,,,,,,,,,$82350,$24429,$76501,$24041,$81707,$66365,$79777,$15936
2023,6037402804,Census Tract 4028.04,Pomona,Los Angeles County,California,Pomona,61750.0,13893.0,,,,,,,,,,,73005.0,17474.0,59588.0,15958.0,,,63050.0,12929.0,$61750,$13893,,,,,,,,,,,$73005,$17474,$59588,$15958,,,$63050,$12929
2023,6037402902,Census Tract 4029.02,Pomona,Los Angeles County,California,Pomona,77326.0,18044.0,88039.0,25961.0,,,,,,,,,73383.0,19722.0,86533.0,27234.0,88917.0,555.0,73343.0,16535.0,$77326,$18044,$88039,$25961,,,,,,,,,$73383,$19722,$86533,$27234,$88917,$555,$73343,$16535
2023,6037402903,Census Tract 4029.03,Pomona,Los Angeles County,California,Pomona,63086.0,25388.0,52604.0,11783.0,120585.0,119975.0,,,,,,,96855.0,49172.0,58369.0,8516.0,57689.0,32759.0,64015.0,37660.0,$63086,$25388,$52604,$11783,$120585,$119975,,,,,,,$96855,$49172,$58369,$8516,$57689,$32759,$64015,$37660
2023,6037402904,Census Tract 4029.04,Pomona,Los Angeles County,California,Pomona,89529.0,14629.0,77918.0,9321.0,,,,,,,,,105735.0,27549.0,105511.0,67955.0,66266.0,26426.0,102081.0,25461.0,$89529,$14629,$77918,$9321,,,,,,,,,$105735,$27549,$105511,$67955,$66266,$26426,$102081,$25461
2023,6037403000,Census Tract 4030,Pomona,Los Angeles County,California,Pomona,98206.0,13517.0,91630.0,36729.0,52177.0,24950.0,,,99121.0,8289.0,,,108696.0,38271.0,63050.0,48130.0,,,91758.0,21113.0,$98206,$13517,$91630,$36729,$52177,$24950,,,$99121,$8289,,,$108696,$38271,$63050,$48130,,,$91758,$21113
2023,6037403316,Census Tract 4033.16,Pomona,Los Angeles County,California,Pomona,95656.0,18467.0,86287.0,50019.0,,,,,69442.0,33602.0,,,150286.0,35033.0,,,104463.0,49364.0,129959.0,71155.0,$95656,$18467,$86287,$50019,,,,,$69442,$33602,,,$150286,$35033,,,$104463,$49364,$129959,$71155
2023,6037403317,Census Tract 4033.17,Pomona,Los Angeles County,California,Pomona,116008.0,15940.0,111302.0,37248.0,113934.0,83084.0,,,106283.0,55926.0,,,176667.0,66529.0,108728.0,71451.0,144971.0,64412.0,118500.0,50369.0,$116008,$15940,$111302,$37248,$113934,$83084,,,$106283,$55926,,,$176667,$66529,$108728,$71451,$144971,$64412,$118500,$50369
2023,6037403318,Census Tract 4033.18,Pomona,Los Angeles County,California,Pomona,123134.0,23285.0,150547.0,50370.0,97553.0,90558.0,,,96642.0,32397.0,,,183203.0,100833.0,,,157784.0,14471.0,126957.0,82697.0,$123134,$23285,$150547,$50370,$97553,$90558,,,$96642,$32397,,,$183203,$100833,,,$157784,$14471,$126957,$82697
2023,6037403327,Census Tract 4033.27,Pomona,Los Angeles County,California,Pomona,135428.0,15541.0,130281.0,10860.0,183859.0,78897.0,,,172904.0,73884.0,,,69092.0,38247.0,162700.0,49245.0,136997.0,4360.0,87538.0,30227.0,$135428,$15541,$130281,$10860,$183859,$78897,,,$172904,$73884,,,$69092,$38247,$162700,$49245,$136997,$4360,$87538,$30227
2023,6037408800,Census Tract 4088,Pomona,Los Angeles County,California,Pomona,54603.0,15438.0,,,,,,,58742.0,32705.0,,,75659.0,30518.0,55923.0,11499.0,,,64336.0,16712.0,$54603,$15438,,,,,,,$58742,$32705,,,$75659,$30518,$55923,$11499,,,$64336,$16712
2023,6037409000,Census Tract 4090,Pomona,Los Angeles County,California,Pomona,79134.0,19306.0,81215.0,27299.0,,,168078.0,111809.0,,,,,103081.0,65198.0,67306.0,33546.0,118843.0,37895.0,79219.0,21485.0,$79134,$19306,$81215,$27299,,,$168078,$111809,,,,,$103081,$65198,$67306,$33546,$118843,$37895,$79219,$21485
2024,6037401303,Census Tract 4013.03,Pomona,Los Angeles County,California,Pomona,161397.0,47972.0,171607.0,56588.0,,,,,132000.0,103950.0,,,,,,,190278.0,95884.0,115500.0,89204.0,$161397,$47972,$171607,$56588,,,,,$132000,$103950,,,,,,,$190278,$95884,$115500,$89204
2024,6037401706,Census Tract 4017.06,Pomona,Los Angeles County,California,Pomona,98620.0,21950.0,65912.0,37857.0,,,,,80000.0,55680.0,,,131071.0,22601.0,109648.0,39885.0,66042.0,50553.0,122796.0,12818.0,$98620,$21950,$65912,$37857,,,,,$80000,$55680,,,$131071,$22601,$109648,$39885,$66042,$50553,$122796,$12818
2024,6037401707,Census Tract 4017.07,Pomona,Los Angeles County,California,Pomona,65389.0,12348.0,47389.0,28300.0,,,,,103156.0,15695.0,,,80636.0,23506.0,52962.0,24036.0,46917.0,14498.0,71200.0,30197.0,$65389,$12348,$47389,$28300,,,,,$103156,$15695,,,$80636,$23506,$52962,$24036,$46917,$14498,$71200,$30197
2024,6037402101,Census Tract 4021.01,Pomona,Los Angeles County,California,Pomona,119688.0,17788.0,123371.0,90780.0,114483.0,71470.0,,,,,,,134219.0,18081.0,117778.0,103915.0,123371.0,78752.0,132656.0,13520.0,$119688,$17788,$123371,$90780,$114483,$71470,,,,,,,$134219,$18081,$117778,$103915,$123371,$78752,$132656,$13520
2024,6037402102,Census Tract 4021.02,Pomona,Los Angeles County,California,Pomona,100789.0,14266.0,103875.0,37387.0,,,,,135446.0,88704.0,,,86964.0,32490.0,102898.0,34557.0,67857.0,62135.0,103224.0,12351.0,$100789,$14266,$103875,$37387,,,,,$135446,$88704,,,$86964,$32490,$102898,$34557,$67857,$62135,$103224,$12351
2024,6037402200,Census Tract 4022,Pomona,Los Angeles County,California,Pomona,86793.0,14229.0,103831.0,22036.0,80469.0,37353.0,,,85563.0,74310.0,,,95385.0,33227.0,85134.0,23996.0,104476.0,26612.0,84213.0,10954.0,$86793,$14229,$103831,$22036,$80469,$37353,,,$85563,$74310,,,$95385,$33227,$85134,$23996,$104476,$26612,$84213,$10954
2024,6037402301,Census Tract 4023.01,Pomona,Los Angeles County,California,Pomona,78808.0,17207.0,65536.0,21300.0,,,63500.0,22226.0,24464.0,19600.0,,,86711.0,30609.0,123615.0,15102.0,76964.0,76340.0,85216.0,26025.0,$78808,$17207,$65536,$21300,,,$63500,$22226,$24464,$19600,,,$86711,$30609,$123615,$15102,$76964,$76340,$85216,$26025
2024,6037402303,Census Tract 4023.03,Pomona,Los Angeles County,California,Pomona,61657.0,18222.0,74423.0,32115.0,,,,,68125.0,42699.0,,,60417.0,10312.0,96979.0,38751.0,84327.0,54706.0,61742.0,19418.0,$61657,$18222,$74423,$32115,,,,,$68125,$42699,,,$60417,$10312,$96979,$38751,$84327,$54706,$61742,$19418
2024,6037402304,Census Tract 4023.04,Pomona,Los Angeles County,California,Pomona,48393.0,10279.0,37944.0,29716.0,,,90156.0,48269.0,101250.0,64726.0,,,52227.0,31786.0,42054.0,7719.0,,,49375.0,10429.0,$48393,$10279,$37944,$29716,,,$90156,$48269,$101250,$64726,,,$52227,$31786,$42054,$7719,,,$49375,$10429
2024,6037402403,Census Tract 4024.03,Pomona,Los Angeles County,California,Pomona,87536.0,7766.0,62019.0,56727.0,,,90642.0,36508.0,,,,,87716.0,8774.0,103478.0,37864.0,,,89928.0,11003.0,$87536,$7766,$62019,$56727,,,$90642,$36508,,,,,$87716,$8774,$103478,$37864,,,$89928,$11003
2024,6037402404,Census Tract 4024.04,Pomona,Los Angeles County,California,Pomona,,,,,,,,,,,,,,,,,,,,,,,,,,,,,,,,,,,,,,,,
2024,6037402405,Census Tract 4024.05,Pomona,Los Angeles County,California,Pomona,112731.0,31091.0,135655.0,44647.0,,,103750.0,44024.0,140833.0,119544.0,,,107500.0,44892.0,113967.0,18513.0,,,113200.0,22745.0,$112731,$31091,$135655,$44647,,,$103750,$44024,$140833,$119544,,,$107500,$44892,$113967,$18513,,,$113200,$22745
2024,6037402406,Census Tract 4024.06,Pomona,Los Angeles County,California,Pomona,78472.0,24028.0,,,97885.0,74624.0,,,139500.0,73796.0,,,65872.0,22037.0,117813.0,109745.0,,,90313.0,25019.0,$78472,$24028,,,$97885,$74624,,,$139500,$73796,,,$65872,$22037,$117813,$109745,,,$90313,$25019
2024,6037402501,Census Tract 4025.01,Pomona,Los Angeles County,California,Pomona,57057.0,9753.0,45750.0,19303.0,28813.0,22955.0,,,,,,,64167.0,29375.0,55046.0,27078.0,,,60625.0,10936.0,$57057,$9753,$45750,$19303,$28813,$22955,,,,,,,$64167,$29375,$55046,$27078,,,$60625,$10936
2024,6037402503,Census Tract 4025.03,Pomona,Los Angeles County,California,Pomona,66364.0,14085.0,59423.0,32931.0,,,,,,,,,65400.0,10863.0,44046.0,40099.0,,,65023.0,9213.0,$66364,$14085,$59423,$32931,,,,,,,,,$65400,$10863,$44046,$40099,,,$65023,$9213
2024,6037402504,Census Tract 4025.04,Pomona,Los Angeles County,California,Pomona,38667.0,14688.0,,,,,,,20875.0,11434.0,,,48378.0,11795.0,90956.0,46623.0,,,49236.0,33493.0,$38667,$14688,,,,,,,$20875,$11434,,,$48378,$11795,$90956,$46623,,,$49236,$33493
2024,6037402601,Census Tract 4026.01,Pomona,Los Angeles County,California,Pomona,86250.0,19163.0,112969.0,53255.0,,,,,93889.0,17715.0,,,61964.0,10438.0,88500.0,32087.0,92059.0,51351.0,76420.0,16801.0,$86250,$19163,$112969,$53255,,,,,$93889,$17715,,,$61964,$10438,$88500,$32087,$92059,$51351,$76420,$16801
2024,6037402602,Census Tract 4026.02,Pomona,Los Angeles County,California,Pomona,62410.0,6687.0,,,,,,,20077.0,8359.0,,,61913.0,28278.0,66806.0,66184.0,145565.0,98891.0,65936.0,8116.0,$62410,$6687,,,,,,,$20077,$8359,,,$61913,$28278,$66806,$66184,$145565,$98891,$65936,$8116
2024,6037402702,Census Tract 4027.02,Pomona,Los Angeles County,California,Pomona,53319.0,3385.0,85662.0,79280.0,53750.0,32211.0,112500.0,57772.0,,,,,56250.0,23220.0,33939.0,25537.0,142850.0,109224.0,52607.0,4133.0,$53319,$3385,$85662,$79280,$53750,$32211,$112500,$57772,,,,,$56250,$23220,$33939,$25537,$142850,$109224,$52607,$4133
2024,6037402703,Census Tract 4027.03,Pomona,Los Angeles County,California,Pomona,90302.0,33260.0,64638.0,23877.0,116311.0,105104.0,,,61250.0,16385.0,,,88963.0,45616.0,110417.0,45762.0,63750.0,37307.0,94853.0,38587.0,$90302,$33260,$64638,$23877,$116311,$105104,,,$61250,$16385,,,$88963,$45616,$110417,$45762,$63750,$37307,$94853,$38587
2024,6037402705,Census Tract 4027.05,Pomona,Los Angeles County,California,Pomona,115000.0,9218.0,97708.0,35924.0,66250.0,44243.0,,,125417.0,44635.0,,,116447.0,19911.0,127896.0,39645.0,81894.0,49607.0,116713.0,10340.0,$115000,$9218,$97708,$35924,$66250,$44243,,,$125417,$44635,,,$116447,$19911,$127896,$39645,$81894,$49607,$116713,$10340
2024,6037402706,Census Tract 4027.06,Pomona,Los Angeles County,California,Pomona,106534.0,36663.0,,,69519.0,37489.0,,,,,,,122500.0,56565.0,91667.0,32999.0,,,108125.0,38639.0,$106534,$36663,,,$69519,$37489,,,,,,,$122500,$56565,$91667,$32999,,,$108125,$38639
2024,6037402801,Census Tract 4028.01,Pomona,Los Angeles County,California,Pomona,54404.0,18006.0,100156.0,79826.0,,,,,,,,,53623.0,7348.0,90614.0,32124.0,102865.0,59399.0,54157.0,14933.0,$54404,$18006,$100156,$79826,,,,,,,,,$53623,$7348,$90614,$32124,$102865,$59399,$54157,$14933
2024,6037402803,Census Tract 4028.03,Pomona,Los Angeles County,California,Pomona,88403.0,15488.0,153889.0,143903.0,,,195707.0,90646.0,,,,,89236.0,16765.0,76667.0,15669.0,90000.0,70639.0,90078.0,13774.0,$88403,$15488,$153889,$143903,,,$195707,$90646,,,,,$89236,$16765,$76667,$15669,$90000,$70639,$90078,$13774
2024,6037402804,Census Tract 4028.04,Pomona,Los Angeles County,California,Pomona,66016.0,11829.0,,,,,,,105909.0,87364.0,,,71756.0,28424.0,61352.0,1973.0,,,66042.0,14414.0,$66016,$11829,,,,,,,$105909,$87364,,,$71756,$28424,$61352,$1973,,,$66042,$14414
2024,6037402902,Census Tract 4029.02,Pomona,Los Angeles County,California,Pomona,88470.0,3727.0,88548.0,13552.0,,,,,,,,,85500.0,26326.0,94938.0,33078.0,88857.0,664.0,87868.0,17345.0,$88470,$3727,$88548,$13552,,,,,,,,,$85500,$26326,$94938,$33078,$88857,$664,$87868,$17345
2024,6037402903,Census Tract 4029.03,Pomona,Los Angeles County,California,Pomona,79688.0,34128.0,70147.0,34235.0,,,,,,,,,98831.0,24690.0,95052.0,70430.0,55750.0,49326.0,96439.0,12574.0,$79688,$34128,$70147,$34235,,,,,,,,,$98831,$24690,$95052,$70430,$55750,$49326,$96439,$12574
2024,6037402904,Census Tract 4029.04,Pomona,Los Angeles County,California,Pomona,91580.0,20750.0,67016.0,46506.0,,,,,,,,,91380.0,18907.0,123429.0,55807.0,66573.0,8992.0,104412.0,27302.0,$91580,$20750,$67016,$46506,,,,,,,,,$91380,$18907,$123429,$55807,$66573,$8992,$104412,$27302
2024,6037403000,Census Tract 4030,Pomona,Los Angeles County,California,Pomona,102885.0,25486.0,125052.0,68793.0,30714.0,14154.0,,,132708.0,69945.0,,,89901.0,43131.0,63667.0,51043.0,,,89548.0,31807.0,$102885,$25486,$125052,$68793,$30714,$14154,,,$132708,$69945,,,$89901,$43131,$63667,$51043,,,$89548,$31807
2024,6037403316,Census Tract 4033.16,Pomona,Los Angeles County,California,Pomona,93151.0,18352.0,85703.0,21759.0,163041.0,19611.0,,,61250.0,36038.0,,,139912.0,17611.0,190049.0,159228.0,85742.0,21162.0,139701.0,15258.0,$93151,$18352,$85703,$21759,$163041,$19611,,,$61250,$36038,,,$139912,$17611,$190049,$159228,$85742,$21162,$139701,$15258
2024,6037403317,Census Tract 4033.17,Pomona,Los Angeles County,California,Pomona,126083.0,21833.0,163833.0,60827.0,,,,,107679.0,59445.0,,,176771.0,66470.0,119643.0,83352.0,174236.0,82759.0,141786.0,55425.0,$126083,$21833,$163833,$60827,,,,,$107679,$59445,,,$176771,$66470,$119643,$83352,$174236,$82759,$141786,$55425
2024,6037403318,Census Tract 4033.18,Pomona,Los Angeles County,California,Pomona,118478.0,29403.0,127039.0,54125.0,,,,,95149.0,28116.0,,,184940.0,48945.0,163913.0,120047.0,157596.0,46414.0,175114.0,118656.0,$118478,$29403,$127039,$54125,,,,,$95149,$28116,,,$184940,$48945,$163913,$120047,$157596,$46414,$175114,$118656
2024,6037403327,Census Tract 4033.27,Pomona,Los Angeles County,California,Pomona,121935.0,16767.0,129438.0,10643.0,,,,,97225.0,30037.0,,,88813.0,23913.0,157250.0,80368.0,135093.0,17388.0,88750.0,18581.0,$121935,$16767,$129438,$10643,,,,,$97225,$30037,,,$88813,$23913,$157250,$80368,$135093,$17388,$88750,$18581
2024,6037408800,Census Tract 4088,Pomona,Los Angeles County,California,Pomona,49912.0,17243.0,,,35172.0,30164.0,,,35357.0,28420.0,,,65104.0,17252.0,60592.0,10579.0,33724.0,28934.0,65521.0,12452.0,$49912,$17243,,,$35172,$30164,,,$35357,$28420,,,$65104,$17252,$60592,$10579,$33724,$28934,$65521,$12452
2024,6037409000,Census Tract 4090,Pomona,Los Angeles County,California,Pomona,79092.0,18927.0,78750.0,44501.0,,,,,,,,,108125.0,55902.0,68676.0,32664.0,113269.0,90945.0,79603.0,23723.0,$79092,$18927,$78750,$44501,,,,,,,,,$108125,$55902,$68676,$32664,$113269,$90945,$79603,$23723
