YEAR,GEO_ID,TRACT,CITY,COUNTY,STATE,ABBREV_NAME,B19013_001E,B19013_001M,B19013A_001E,B19013A_001M,B19013B_001E,B19013B_001M,B19013C_001E,B19013C_001M,B19013D_001E,B19013D_001M,B19013E_001E,B19013E_001M,B19013F_001E,B19013F_001M,B19013G_001E,B19013G_001M,B19013H_001E,B19013H_001M,B19013I_001E,B19013I_001M,B19013_001E_string,B19013_001M_string,B19013A_001E_string,B19013A_001M_string,B19013B_001E_string,B19013B_001M_string,B19013C_001E_string,B19013C_001M_string,B19013D_001E_string,B19013D_001M_string,B19013E_001E_string,B19013E_001M_string,B19013F_001E_string,B19013F_001M_string,B19013G_001E_string,B19013G_001M_string,B19013H_001E_string,B19013H_001M_string,B19013I_001E_string,B19013I_001M_string
2010,6037603200,Census Tract 6032,Torrance,Los Angeles County,California,Torrance,89815.0,7078.0,73416.0,21005.0,173095.0,229878.0,,,91745.0,10022.0,,,99428.0,31937.0,206744.0,301686.0,95812.0,36610.0,66888.0,27640.0,$89815,$7078,$73416,$21005,$173095,$229878,,,$91745,$10022,,,$99428,$31937,$206744,$301686,$95812,$36610,$66888,$27640
2010,6037603302,Census Tract 6033.02,Torrance,Los Angeles County,California,Torrance,55983.0,14387.0,49843.0,24016.0,84137.0,32695.0,47605.0,20533.0,66830.0,22192.0,,,48652.0,20681.0,45194.0,151191.0,73626.0,69721.0,48298.0,6708.0,$55983,$14387,$49843,$24016,$84137,$32695,$47605,$20533,$66830,$22192,,,$48652,$20681,$45194,$151191,$73626,$69721,$48298,$6708
2010,6037620602,Census Tract 6206.02,Torrance,Los Angeles County,California,Torrance,145526.0,28577.0,147504.0,31499.0,127464.0,72480.0,,,181381.0,115378.0,,,144729.0,119973.0,303897.0,321571.0,148188.0,29295.0,114674.0,65190.0,$145526,$28577,$147504,$31499,$127464,$72480,,,$181381,$115378,,,$144729,$119973,$303897,$321571,$148188,$29295,$114674,$65190
2010,6037621400,Census Tract 6214,Torrance,Los Angeles County,California,Torrance,136085.0,25857.0,132449.0,26194.0,110916.0,84767.0,,,173782.0,42036.0,,,,,213317.0,541696.0,133976.0,25511.0,64564.0,129247.0,$136085,$25857,$132449,$26194,$110916,$84767,,,$173782,$42036,,,,,$213317,$541696,$133976,$25511,$64564,$129247
2010,6037650001,Census Tract 6500.01,Torrance,Los Angeles County,California,Torrance,110900.0,11022.0,122326.0,15814.0,292925.0,559103.0,,,108919.0,20917.0,,,105213.0,175661.0,92531.0,77542.0,138186.0,43965.0,91552.0,34313.0,$110900,$11022,$122326,$15814,$292925,$559103,,,$108919,$20917,,,$105213,$175661,$92531,$77542,$138186,$43965,$91552,$34313
2010,6037650003,Census Tract 6500.03,Torrance,Los Angeles County,California,Torrance,68244.0,18075.0,108105.0,43398.0,83933.0,78431.0,,,57211.0,37059.0,,,40864.0,8003.0,39239.0,172674.0,107985.0,87029.0,68815.0,63136.0,$68244,$18075,$108105,$43398,$83933,$78431,,,$57211,$37059,,,$40864,$8003,$39239,$172674,$107985,$87029,$68815,$63136
2010,6037650004,Census Tract 6500.04,Torrance,Los Angeles County,California,Torrance,97284.0,11911.0,99889.0,17777.0,95517.0,18165.0,,,97144.0,59275.0,,,20988.0,105140.0,110919.0,103964.0,99620.0,17498.0,87290.0,30452.0,$97284,$11911,$99889,$17777,$95517,$18165,,,$97144,$59275,,,$20988,$105140,$110919,$103964,$99620,$17498,$87290,$30452
2010,6037650101,Census Tract 6501.01,Torrance,Los Angeles County,California,Torrance,102152.0,14540.0,83554.0,27344.0,,,,,131045.0,32233.0,,,86245.0,73921.0,121597.0,157843.0,94448.0,21029.0,68411.0,27650.0,$102152,$14540,$83554,$27344,,,,,$131045,$32233,,,$86245,$73921,$121597,$157843,$94448,$21029,$68411,$27650
2010,6037650102,Census Tract 6501.02,Torrance,Los Angeles County,California,Torrance,116957.0,8941.0,115204.0,9938.0,83029.0,74482.0,,,123109.0,71137.0,240133.0,139455.0,,,,,114273.0,9023.0,163951.0,80698.0,$116957,$8941,$115204,$9938,$83029,$74482,,,$123109,$71137,$240133,$139455,,,,,$114273,$9023,$163951,$80698
2010,6037650200,Census Tract 6502,Torrance,Los Angeles County,California,Torrance,117839.0,8093.0,117505.0,11736.0,88698.0,33943.0,,,149886.0,47604.0,,,56737.0,147681.0,130488.0,79862.0,117633.0,10839.0,119730.0,61975.0,$117839,$8093,$117505,$11736,$88698,$33943,,,$149886,$47604,,,$56737,$147681,$130488,$79862,$117633,$10839,$119730,$61975
2010,6037650300,Census Tract 6503,Torrance,Los Angeles County,California,Torrance,89666.0,16569.0,86493.0,23390.0,152876.0,67533.0,,,96156.0,27021.0,,,76816.0,12442.0,125568.0,32343.0,83687.0,15398.0,102773.0,52505.0,$89666,$16569,$86493,$23390,$152876,$67533,,,$96156,$27021,,,$76816,$12442,$125568,$32343,$83687,$15398,$102773,$52505
2010,6037650401,Census Tract 6504.01,Torrance,Los Angeles County,California,Torrance,131667.0,35256.0,107934.0,35085.0,,,,,151199.0,18467.0,,,74119.0,80320.0,145655.0,87424.0,101044.0,34189.0,110799.0,40140.0,$131667,$35256,$107934,$35085,,,,,$151199,$18467,,,$74119,$80320,$145655,$87424,$101044,$34189,$110799,$40140
2010,6037650501,Census Tract 6505.01,Torrance,Los Angeles County,California,Torrance,139471.0,11250.0,134866.0,7659.0,,,,,169597.0,11648.0,,,66285.0,176767.0,,,136157.0,5065.0,66285.0,112890.0,$139471,$11250,$134866,$7659,,,,,$169597,$11648,,,$66285,$176767,,,$136157,$5065,$66285,$112890
2010,6037650502,Census Tract 6505.02,Torrance,Los Angeles County,California,Torrance,151681.0,19567.0,147979.0,19758.0,77734.0,77230.0,137933.0,9588.0,190075.0,74132.0,,,188309.0,252368.0,60393.0,15376.0,147033.0,17712.0,123345.0,89262.0,$151681,$19567,$147979,$19758,$77734,$77230,$137933,$9588,$190075,$74132,,,$188309,$252368,$60393,$15376,$147033,$17712,$123345,$89262
2010,6037650602,Census Tract 6506.02,Torrance,Los Angeles County,California,Torrance,86886.0,10604.0,86666.0,44126.0,31393.0,73934.0,,,99428.0,16111.0,,,84406.0,30615.0,84965.0,58066.0,93040.0,42509.0,84423.0,18196.0,$86886,$10604,$86666,$44126,$31393,$73934,,,$99428,$16111,,,$84406,$30615,$84965,$58066,$93040,$42509,$84423,$18196
2010,6037650603,Census Tract 6506.03,Torrance,Los Angeles County,California,Torrance,111151.0,16416.0,78959.0,36981.0,144772.0,262496.0,,,132461.0,49387.0,,,,,185297.0,238473.0,93281.0,32284.0,75433.0,204474.0,$111151,$16416,$78959,$36981,$144772,$262496,,,$132461,$49387,,,,,$185297,$238473,$93281,$32284,$75433,$204474
2010,6037650604,Census Tract 6506.04,Torrance,Los Angeles County,California,Torrance,87613.0,5794.0,96454.0,25923.0,97659.0,47228.0,,,86935.0,27014.0,,,60598.0,32816.0,51822.0,38386.0,96294.0,30015.0,61013.0,34239.0,$87613,$5794,$96454,$25923,$97659,$47228,,,$86935,$27014,,,$60598,$32816,$51822,$38386,$96294,$30015,$61013,$34239
2010,6037650605,Census Tract 6506.05,Torrance,Los Angeles County,California,Torrance,102719.0,13379.0,110691.0,26171.0,,,,,103878.0,42260.0,,,173721.0,252047.0,60922.0,80941.0,116402.0,17790.0,52619.0,71772.0,$102719,$13379,$110691,$26171,,,,,$103878,$42260,,,$173721,$252047,$60922,$80941,$116402,$17790,$52619,$71772
2010,6037650701,Census Tract 6507.01,Torrance,Los Angeles County,California,Torrance,138049.0,39356.0,103172.0,42455.0,,,,,239831.0,87978.0,,,107111.0,70263.0,,,88581.0,35489.0,121121.0,130890.0,$138049,$39356,$103172,$42455,,,,,$239831,$87978,,,$107111,$70263,,,$88581,$35489,$121121,$130890
2010,6037650702,Census Tract 6507.02,Torrance,Los Angeles County,California,Torrance,143860.0,14358.0,144019.0,20814.0,,,,,142589.0,10192.0,,,,,169027.0,28791.0,151130.0,22872.0,81995.0,61895.0,$143860,$14358,$144019,$20814,,,,,$142589,$10192,,,,,$169027,$28791,$151130,$22872,$81995,$61895
2010,6037650800,Census Tract 6508,Torrance,Los Angeles County,California,Torrance,105499.0,18911.0,92032.0,25060.0,160234.0,174637.0,,,106222.0,22807.0,,,68954.0,72780.0,148803.0,66830.0,89342.0,30324.0,70134.0,38154.0,$105499,$18911,$92032,$25060,$160234,$174637,,,$106222,$22807,,,$68954,$72780,$148803,$66830,$89342,$30324,$70134,$38154
2010,6037650901,Census Tract 6509.01,Torrance,Los Angeles County,California,Torrance,78076.0,12419.0,88219.0,19575.0,159297.0,27107.0,,,100557.0,40350.0,,,39606.0,24097.0,27558.0,6660.0,91147.0,15340.0,49224.0,19615.0,$78076,$12419,$88219,$19575,$159297,$27107,,,$100557,$40350,,,$39606,$24097,$27558,$6660,$91147,$15340,$49224,$19615
2010,6037650902,Census Tract 6509.02,Torrance,Los Angeles County,California,Torrance,114251.0,16054.0,122929.0,20779.0,93060.0,95803.0,,,106114.0,14863.0,,,120920.0,20207.0,,,128378.0,29387.0,111781.0,29124.0,$114251,$16054,$122929,$20779,$93060,$95803,,,$106114,$14863,,,$120920,$20207,,,$128378,$29387,$111781,$29124
2010,6037651001,Census Tract 6510.01,Torrance,Los Angeles County,California,Torrance,123230.0,21789.0,116541.0,34106.0,175920.0,245964.0,,,159385.0,22680.0,,,124528.0,97550.0,62321.0,53269.0,116360.0,33121.0,75397.0,102954.0,$123230,$21789,$116541,$34106,$175920,$245964,,,$159385,$22680,,,$124528,$97550,$62321,$53269,$116360,$33121,$75397,$102954
2010,6037651002,Census Tract 6510.02,Torrance,Los Angeles County,California,Torrance,114886.0,18366.0,132163.0,21864.0,35191.0,261192.0,,,112263.0,22528.0,,,62368.0,152851.0,38851.0,73468.0,133130.0,28648.0,62368.0,74965.0,$114886,$18366,$132163,$21864,$35191,$261192,,,$112263,$22528,,,$62368,$152851,$38851,$73468,$133130,$28648,$62368,$74965
2010,6037651101,Census Tract 6511.01,Torrance,Los Angeles County,California,Torrance,116587.0,21939.0,124865.0,24874.0,18206.0,38413.0,,,103789.0,37260.0,,,94263.0,55772.0,307760.0,345388.0,130838.0,27059.0,108587.0,49114.0,$116587,$21939,$124865,$24874,$18206,$38413,,,$103789,$37260,,,$94263,$55772,$307760,$345388,$130838,$27059,$108587,$49114
2010,6037651102,Census Tract 6511.02,Torrance,Los Angeles County,California,Torrance,76904.0,20166.0,62944.0,18598.0,,,133940.0,244446.0,96265.0,43528.0,,,102504.0,4126.0,185116.0,116176.0,69255.0,20729.0,101996.0,8202.0,$76904,$20166,$62944,$18598,,,$133940,$244446,$96265,$43528,,,$102504,$4126,$185116,$116176,$69255,$20729,$101996,$8202
2010,6037651201,Census Tract 6512.01,Torrance,Los Angeles County,California,Torrance,143388.0,7195.0,143475.0,10926.0,,,210360.0,282797.0,145827.0,15664.0,,,20843.0,362414.0,231998.0,234306.0,142467.0,9503.0,181742.0,44856.0,$143388,$7195,$143475,$10926,,,$210360,$282797,$145827,$15664,,,$20843,$362414,$231998,$234306,$142467,$9503,$181742,$44856
2010,6037651221,Census Tract 6512.21,Torrance,Los Angeles County,California,Torrance,96327.0,6512.0,95115.0,18295.0,,,,,111856.0,47302.0,,,53840.0,35412.0,76002.0,9435.0,94263.0,24388.0,78337.0,56235.0,$96327,$6512,$95115,$18295,,,,,$111856,$47302,,,$53840,$35412,$76002,$9435,$94263,$24388,$78337,$56235
2010,6037651222,Census Tract 6512.22,Torrance,Los Angeles County,California,Torrance,100262.0,15042.0,93083.0,20575.0,,,,,97620.0,16163.0,,,214674.0,225046.0,160429.0,37771.0,92708.0,17611.0,132941.0,114196.0,$100262,$15042,$93083,$20575,,,,,$97620,$16163,,,$214674,$225046,$160429,$37771,$92708,$17611,$132941,$114196
2010,6037651302,Census Tract 6513.02,Torrance,Los Angeles County,California,Torrance,148566.0,64446.0,154426.0,46823.0,,,3614.0,,120759.0,101891.0,,,,,88776.0,103020.0,153244.0,50803.0,89026.0,61122.0,$148566,$64446,$154426,$46823,,,$3614,,$120759,$101891,,,,,$88776,$103020,$153244,$50803,$89026,$61122
2010,6037651304,Census Tract 6513.04,Torrance,Los Angeles County,California,Torrance,140134.0,8162.0,141034.0,8165.0,,,,,195716.0,227943.0,,,136569.0,191284.0,,,141358.0,9279.0,138445.0,42753.0,$140134,$8162,$141034,$8165,,,,,$195716,$227943,,,$136569,$191284,,,$141358,$9279,$138445,$42753
2010,6037651401,Census Tract 6514.01,Torrance,Los Angeles County,California,Torrance,79413.0,61984.0,78251.0,54885.0,,,,,141610.0,77052.0,,,,,,,78392.0,59045.0,24833.0,93241.0,$79413,$61984,$78251,$54885,,,,,$141610,$77052,,,,,,,$78392,$59045,$24833,$93241
2010,6037651402,Census Tract 6514.02,Torrance,Los Angeles County,California,Torrance,105026.0,18691.0,116301.0,34128.0,336531.0,386491.0,,,88280.0,46049.0,,,40133.0,8640.0,73362.0,100421.0,113287.0,29742.0,82315.0,123906.0,$105026,$18691,$116301,$34128,$336531,$386491,,,$88280,$46049,,,$40133,$8640,$73362,$100421,$113287,$29742,$82315,$123906
2010,6037980005,Census Tract 9800.05,Torrance,Los Angeles County,California,Torrance,,,,,,,,,,,,,,,,,,,,,,,,,,,,,,,,,,,,,,,,
2011,6037603200,Census Tract 6032,Torrance,Los Angeles County,California,Torrance,89041.0,3508.0,65315.0,16389.0,235202.0,327956.0,,,91836.0,15602.0,,,100315.0,57258.0,,,79383.0,26797.0,67887.0,20082.0,$89041,$3508,$65315,$16389,$235202,$327956,,,$91836,$15602,,,$100315,$57258,,,$79383,$26797,$67887,$20082
2011,6037603302,Census Tract 6033.02,Torrance,Los Angeles County,California,Torrance,57978.0,15124.0,41807.0,31871.0,85005.0,33163.0,,,66829.0,20232.0,,,47301.0,30126.0,20672.0,349466.0,70243.0,109411.0,46310.0,16423.0,$57978,$15124,$41807,$31871,$85005,$33163,,,$66829,$20232,,,$47301,$30126,$20672,$349466,$70243,$109411,$46310,$16423
2011,6037620602,Census Tract 6206.02,Torrance,Los Angeles County,California,Torrance,154213.0,21532.0,151790.0,21251.0,80311.0,105083.0,,,221421.0,82328.0,,,256216.0,224826.0,306852.0,337004.0,160969.0,17247.0,93417.0,25658.0,$154213,$21532,$151790,$21251,$80311,$105083,,,$221421,$82328,,,$256216,$224826,$306852,$337004,$160969,$17247,$93417,$25658
2011,6037621400,Census Tract 6214,Torrance,Los Angeles County,California,Torrance,144948.0,26420.0,144575.0,28417.0,,,,,168995.0,106352.0,,,,,,,144795.0,26478.0,119380.0,129955.0,$144948,$26420,$144575,$28417,,,,,$168995,$106352,,,,,,,$144795,$26478,$119380,$129955
2011,6037650001,Census Tract 6500.01,Torrance,Los Angeles County,California,Torrance,100601.0,16301.0,121241.0,21604.0,290930.0,501575.0,,,93423.0,9281.0,,,94227.0,452339.0,94185.0,128001.0,133835.0,24074.0,72813.0,43104.0,$100601,$16301,$121241,$21604,$290930,$501575,,,$93423,$9281,,,$94227,$452339,$94185,$128001,$133835,$24074,$72813,$43104
2011,6037650003,Census Tract 6500.03,Torrance,Los Angeles County,California,Torrance,63471.0,14286.0,104908.0,53688.0,51830.0,87309.0,,,63971.0,19215.0,,,39227.0,15466.0,57706.0,52441.0,108836.0,75580.0,48352.0,87313.0,$63471,$14286,$104908,$53688,$51830,$87309,,,$63971,$19215,,,$39227,$15466,$57706,$52441,$108836,$75580,$48352,$87313
2011,6037650004,Census Tract 6500.04,Torrance,Los Angeles County,California,Torrance,91919.0,8071.0,98465.0,17090.0,91993.0,4657.0,,,89347.0,26720.0,,,20239.0,93432.0,110968.0,138124.0,95479.0,23658.0,99540.0,26445.0,$91919,$8071,$98465,$17090,$91993,$4657,,,$89347,$26720,,,$20239,$93432,$110968,$138124,$95479,$23658,$99540,$26445
2011,6037650101,Census Tract 6501.01,Torrance,Los Angeles County,California,Torrance,116001.0,10269.0,93902.0,23334.0,94603.0,81504.0,,,131258.0,25952.0,,,116529.0,110138.0,119953.0,8183.0,95394.0,21509.0,94457.0,44239.0,$116001,$10269,$93902,$23334,$94603,$81504,,,$131258,$25952,,,$116529,$110138,$119953,$8183,$95394,$21509,$94457,$44239
2011,6037650102,Census Tract 6501.02,Torrance,Los Angeles County,California,Torrance,114714.0,4343.0,114803.0,22224.0,115750.0,79177.0,,,114210.0,19927.0,,,,,,,113945.0,12888.0,166306.0,54642.0,$114714,$4343,$114803,$22224,$115750,$79177,,,$114210,$19927,,,,,,,$113945,$12888,$166306,$54642
2011,6037650200,Census Tract 6502,Torrance,Los Angeles County,California,Torrance,113248.0,7781.0,114796.0,12262.0,90249.0,36849.0,,,145018.0,42020.0,,,48703.0,46659.0,97669.0,52041.0,115164.0,13242.0,95729.0,69279.0,$113248,$7781,$114796,$12262,$90249,$36849,,,$145018,$42020,,,$48703,$46659,$97669,$52041,$115164,$13242,$95729,$69279
2011,6037650300,Census Tract 6503,Torrance,Los Angeles County,California,Torrance,84657.0,12978.0,83560.0,16909.0,151353.0,74942.0,,,88683.0,11756.0,,,73456.0,18319.0,124676.0,51898.0,82711.0,13471.0,79665.0,53518.0,$84657,$12978,$83560,$16909,$151353,$74942,,,$88683,$11756,,,$73456,$18319,$124676,$51898,$82711,$13471,$79665,$53518
2011,6037650401,Census Tract 6504.01,Torrance,Los Angeles County,California,Torrance,130641.0,25809.0,130023.0,32598.0,137427.0,79585.0,,,147879.0,20175.0,,,45549.0,58534.0,100688.0,79334.0,130626.0,34238.0,97628.0,39009.0,$130641,$25809,$130023,$32598,$137427,$79585,,,$147879,$20175,,,$45549,$58534,$100688,$79334,$130626,$34238,$97628,$39009
2011,6037650501,Census Tract 6505.01,Torrance,Los Angeles County,California,Torrance,136867.0,13658.0,125377.0,15080.0,,,,,168257.0,22827.0,,,64820.0,194311.0,,,133688.0,17743.0,64820.0,97623.0,$136867,$13658,$125377,$15080,,,,,$168257,$22827,,,$64820,$194311,,,$133688,$17743,$64820,$97623
2011,6037650502,Census Tract 6505.02,Torrance,Los Angeles County,California,Torrance,140354.0,17808.0,136648.0,23641.0,79127.0,148756.0,132707.0,9298.0,156435.0,27337.0,,,104356.0,89452.0,62358.0,43484.0,129465.0,32840.0,115625.0,72739.0,$140354,$17808,$136648,$23641,$79127,$148756,$132707,$9298,$156435,$27337,,,$104356,$89452,$62358,$43484,$129465,$32840,$115625,$72739
2011,6037650602,Census Tract 6506.02,Torrance,Los Angeles County,California,Torrance,86062.0,8120.0,89931.0,33283.0,30221.0,74918.0,,,92813.0,17853.0,,,68248.0,68198.0,85676.0,134762.0,86604.0,20968.0,83128.0,40456.0,$86062,$8120,$89931,$33283,$30221,$74918,,,$92813,$17853,,,$68248,$68198,$85676,$134762,$86604,$20968,$83128,$40456
2011,6037650603,Census Tract 6506.03,Torrance,Los Angeles County,California,Torrance,100476.0,26469.0,77808.0,31299.0,,,,,113733.0,39342.0,,,,,137427.0,163357.0,79440.0,36985.0,83613.0,220503.0,$100476,$26469,$77808,$31299,,,,,$113733,$39342,,,,,$137427,$163357,$79440,$36985,$83613,$220503
2011,6037650604,Census Tract 6506.04,Torrance,Los Angeles County,California,Torrance,81088.0,17595.0,91005.0,30913.0,86594.0,59954.0,,,71876.0,17726.0,,,62484.0,15900.0,52907.0,53434.0,96290.0,30532.0,63885.0,18958.0,$81088,$17595,$91005,$30913,$86594,$59954,,,$71876,$17726,,,$62484,$15900,$52907,$53434,$96290,$30532,$63885,$18958
2011,6037650605,Census Tract 6506.05,Torrance,Los Angeles County,California,Torrance,117377.0,29349.0,95588.0,32539.0,75367.0,24145.0,,,139074.0,58885.0,,,175441.0,232322.0,145408.0,95764.0,104895.0,36536.0,72637.0,151876.0,$117377,$29349,$95588,$32539,$75367,$24145,,,$139074,$58885,,,$175441,$232322,$145408,$95764,$104895,$36536,$72637,$151876
2011,6037650701,Census Tract 6507.01,Torrance,Los Angeles County,California,Torrance,143405.0,24203.0,102758.0,37782.0,,,,,157587.0,82264.0,,,206564.0,31620.0,,,101973.0,39108.0,147598.0,109836.0,$143405,$24203,$102758,$37782,,,,,$157587,$82264,,,$206564,$31620,,,$101973,$39108,$147598,$109836
2011,6037650702,Census Tract 6507.02,Torrance,Los Angeles County,California,Torrance,145429.0,5209.0,145503.0,8074.0,,,,,142429.0,8090.0,,,,,167657.0,40526.0,147210.0,8247.0,93026.0,93372.0,$145429,$5209,$145503,$8074,,,,,$142429,$8090,,,,,$167657,$40526,$147210,$8247,$93026,$93372
2011,6037650800,Census Tract 6508,Torrance,Los Angeles County,California,Torrance,100740.0,12586.0,99717.0,30676.0,122382.0,164983.0,,,99764.0,17976.0,,,40397.0,82697.0,148777.0,54620.0,111313.0,43221.0,68949.0,34455.0,$100740,$12586,$99717,$30676,$122382,$164983,,,$99764,$17976,,,$40397,$82697,$148777,$54620,$111313,$43221,$68949,$34455
2011,6037650901,Census Tract 6509.01,Torrance,Los Angeles County,California,Torrance,77908.0,18237.0,88440.0,26311.0,65224.0,70328.0,,,95354.0,26113.0,,,38417.0,38442.0,26546.0,957.0,89878.0,25190.0,41786.0,36348.0,$77908,$18237,$88440,$26311,$65224,$70328,,,$95354,$26113,,,$38417,$38442,$26546,$957,$89878,$25190,$41786,$36348
2011,6037650902,Census Tract 6509.02,Torrance,Los Angeles County,California,Torrance,113648.0,18255.0,126186.0,28633.0,,,,,134627.0,53136.0,,,102583.0,38681.0,112803.0,81002.0,129422.0,45066.0,102417.0,25937.0,$113648,$18255,$126186,$28633,,,,,$134627,$53136,,,$102583,$38681,$112803,$81002,$129422,$45066,$102417,$25937
2011,6037651001,Census Tract 6510.01,Torrance,Los Angeles County,California,Torrance,107867.0,29021.0,95187.0,27719.0,135963.0,290765.0,,,134287.0,50844.0,,,145736.0,115684.0,38081.0,79737.0,98516.0,26888.0,75065.0,69094.0,$107867,$29021,$95187,$27719,$135963,$290765,,,$134287,$50844,,,$145736,$115684,$38081,$79737,$98516,$26888,$75065,$69094
2011,6037651002,Census Tract 6510.02,Torrance,Los Angeles County,California,Torrance,116720.0,19928.0,128599.0,7910.0,34043.0,227622.0,,,114749.0,52076.0,,,61066.0,154606.0,41474.0,91301.0,130671.0,23837.0,58417.0,32172.0,$116720,$19928,$128599,$7910,$34043,$227622,,,$114749,$52076,,,$61066,$154606,$41474,$91301,$130671,$23837,$58417,$32172
2011,6037651101,Census Tract 6511.01,Torrance,Los Angeles County,California,Torrance,114431.0,16018.0,115227.0,12493.0,3502.0,,,,113874.0,57003.0,,,,,305149.0,373627.0,116775.0,17467.0,114421.0,11732.0,$114431,$16018,$115227,$12493,$3502,,,,$113874,$57003,,,,,$305149,$373627,$116775,$17467,$114421,$11732
2011,6037651102,Census Tract 6511.02,Torrance,Los Angeles County,California,Torrance,76599.0,10338.0,69784.0,20356.0,,,133463.0,250160.0,80545.0,43910.0,,,97842.0,9940.0,210395.0,155468.0,70827.0,17260.0,95505.0,29299.0,$76599,$10338,$69784,$20356,,,$133463,$250160,$80545,$43910,,,$97842,$9940,$210395,$155468,$70827,$17260,$95505,$29299
2011,6037651201,Census Tract 6512.01,Torrance,Los Angeles County,California,Torrance,144012.0,9357.0,142822.0,10189.0,,,210958.0,290734.0,172202.0,48554.0,,,,,231981.0,192569.0,139276.0,18542.0,142725.0,54237.0,$144012,$9357,$142822,$10189,,,$210958,$290734,$172202,$48554,,,,,$231981,$192569,$139276,$18542,$142725,$54237
2011,6037651221,Census Tract 6512.21,Torrance,Los Angeles County,California,Torrance,96354.0,15118.0,95041.0,34320.0,118173.0,461313.0,,,104305.0,40584.0,,,,,65811.0,11628.0,81005.0,20033.0,118838.0,89516.0,$96354,$15118,$95041,$34320,$118173,$461313,,,$104305,$40584,,,,,$65811,$11628,$81005,$20033,$118838,$89516
2011,6037651222,Census Tract 6512.22,Torrance,Los Angeles County,California,Torrance,106115.0,16387.0,93448.0,15354.0,,,,,107278.0,17610.0,,,217236.0,125652.0,159423.0,1581.0,92479.0,15190.0,132532.0,68969.0,$106115,$16387,$93448,$15354,,,,,$107278,$17610,,,$217236,$125652,$159423,$1581,$92479,$15190,$132532,$68969
2011,6037651302,Census Tract 6513.02,Torrance,Los Angeles County,California,Torrance,150897.0,48821.0,155919.0,40903.0,,,3502.0,,154816.0,68634.0,,,,,90392.0,26878.0,154980.0,42941.0,89839.0,79358.0,$150897,$48821,$155919,$40903,,,$3502,,$154816,$68634,,,,,$90392,$26878,$154980,$42941,$89839,$79358
2011,6037651304,Census Tract 6513.04,Torrance,Los Angeles County,California,Torrance,139652.0,11218.0,139600.0,11755.0,,,,,197319.0,186754.0,,,138400.0,154775.0,,,141015.0,12549.0,118350.0,35826.0,$139652,$11218,$139600,$11755,,,,,$197319,$186754,,,$138400,$154775,,,$141015,$12549,$118350,$35826
2011,6037651401,Census Tract 6514.01,Torrance,Los Angeles County,California,Torrance,69272.0,9633.0,68892.0,9778.0,,,,,114958.0,68579.0,,,,,,,68442.0,8160.0,23895.0,92576.0,$69272,$9633,$68892,$9778,,,,,$114958,$68579,,,,,,,$68442,$8160,$23895,$92576
2011,6037651402,Census Tract 6514.02,Torrance,Los Angeles County,California,Torrance,121421.0,18395.0,131959.0,19421.0,336715.0,436338.0,,,118253.0,35823.0,,,37247.0,27900.0,,,129998.0,30056.0,143768.0,64307.0,$121421,$18395,$131959,$19421,$336715,$436338,,,$118253,$35823,,,$37247,$27900,,,$129998,$30056,$143768,$64307
2011,6037980005,Census Tract 9800.05,Torrance,Los Angeles County,California,Torrance,,,,,,,,,,,,,,,,,,,,,,,,,,,,,,,,,,,,,,,,
2012,6037603200,Census Tract 6032,Torrance,Los Angeles County,California,Torrance,83633.0,19269.0,57565.0,18926.0,116925.0,120283.0,,,92278.0,21707.0,,,100863.0,38786.0,34442.0,49256.0,57175.0,28219.0,66352.0,28287.0,$83633,$19269,$57565,$18926,$116925,$120283,,,$92278,$21707,,,$100863,$38786,$34442,$49256,$57175,$28219,$66352,$28287
2012,6037603302,Census Tract 6033.02,Torrance,Los Angeles County,California,Torrance,60291.0,8829.0,66352.0,34064.0,63836.0,93318.0,,,63455.0,13410.0,,,34227.0,29827.0,183232.0,211999.0,73445.0,83699.0,49396.0,19236.0,$60291,$8829,$66352,$34064,$63836,$93318,,,$63455,$13410,,,$34227,$29827,$183232,$211999,$73445,$83699,$49396,$19236
2012,6037620602,Census Tract 6206.02,Torrance,Los Angeles County,California,Torrance,151280.0,28145.0,147248.0,25161.0,124469.0,94205.0,,,220737.0,108861.0,,,40756.0,226011.0,304263.0,284481.0,154441.0,19992.0,108109.0,51796.0,$151280,$28145,$147248,$25161,$124469,$94205,,,$220737,$108861,,,$40756,$226011,$304263,$284481,$154441,$19992,$108109,$51796
2012,6037621400,Census Tract 6214,Torrance,Los Angeles County,California,Torrance,135835.0,30644.0,136107.0,30883.0,,,,,168390.0,142450.0,,,,,103272.0,91032.0,144145.0,28751.0,63579.0,52897.0,$135835,$30644,$136107,$30883,,,,,$168390,$142450,,,,,$103272,$91032,$144145,$28751,$63579,$52897
2012,6037650001,Census Tract 6500.01,Torrance,Los Angeles County,California,Torrance,97774.0,15146.0,101245.0,35792.0,291755.0,483233.0,,,97734.0,13139.0,,,64923.0,491362.0,91252.0,117920.0,115709.0,35037.0,67954.0,24812.0,$97774,$15146,$101245,$35792,$291755,$483233,,,$97734,$13139,,,$64923,$491362,$91252,$117920,$115709,$35037,$67954,$24812
2012,6037650003,Census Tract 6500.03,Torrance,Los Angeles County,California,Torrance,58090.0,12078.0,101142.0,23110.0,50632.0,56958.0,,,64029.0,20729.0,,,40939.0,16762.0,56405.0,12151.0,100321.0,58224.0,50823.0,21944.0,$58090,$12078,$101142,$23110,$50632,$56958,,,$64029,$20729,,,$40939,$16762,$56405,$12151,$100321,$58224,$50823,$21944
2012,6037650004,Census Tract 6500.04,Torrance,Los Angeles County,California,Torrance,91124.0,10396.0,107358.0,23437.0,91691.0,40059.0,,,78769.0,28568.0,,,19686.0,142764.0,110098.0,53012.0,97903.0,37055.0,108928.0,5738.0,$91124,$10396,$107358,$23437,$91691,$40059,,,$78769,$28568,,,$19686,$142764,$110098,$53012,$97903,$37055,$108928,$5738
2012,6037650101,Census Tract 6501.01,Torrance,Los Angeles County,California,Torrance,113503.0,19191.0,91838.0,26119.0,67527.0,68455.0,,,122251.0,14983.0,,,85957.0,148975.0,115709.0,54362.0,93351.0,25445.0,88921.0,54108.0,$113503,$19191,$91838,$26119,$67527,$68455,,,$122251,$14983,,,$85957,$148975,$115709,$54362,$93351,$25445,$88921,$54108
2012,6037650102,Census Tract 6501.02,Torrance,Los Angeles County,California,Torrance,112702.0,9540.0,100057.0,21000.0,82167.0,59036.0,,,121225.0,45200.0,,,123856.0,112237.0,,,100321.0,26116.0,125572.0,78754.0,$112702,$9540,$100057,$21000,$82167,$59036,,,$121225,$45200,,,$123856,$112237,,,$100321,$26116,$125572,$78754
2012,6037650200,Census Tract 6502,Torrance,Los Angeles County,California,Torrance,114160.0,13264.0,113762.0,15308.0,110708.0,79063.0,,,132489.0,31141.0,,,101245.0,91462.0,95361.0,31359.0,113560.0,15569.0,99743.0,57636.0,$114160,$13264,$113762,$15308,$110708,$79063,,,$132489,$31141,,,$101245,$91462,$95361,$31359,$113560,$15569,$99743,$57636
2012,6037650300,Census Tract 6503,Torrance,Los Angeles County,California,Torrance,82308.0,5014.0,82602.0,7895.0,152217.0,90205.0,,,81843.0,12454.0,,,81332.0,54605.0,122032.0,48834.0,81040.0,12550.0,114052.0,38955.0,$82308,$5014,$82602,$7895,$152217,$90205,,,$81843,$12454,,,$81332,$54605,$122032,$48834,$81040,$12550,$114052,$38955
2012,6037650401,Census Tract 6504.01,Torrance,Los Angeles County,California,Torrance,116303.0,29846.0,111832.0,21118.0,138044.0,80053.0,,,149636.0,31841.0,,,61634.0,41669.0,97041.0,73373.0,118977.0,37940.0,96253.0,43474.0,$116303,$29846,$111832,$21118,$138044,$80053,,,$149636,$31841,,,$61634,$41669,$97041,$73373,$118977,$37940,$96253,$43474
2012,6037650501,Census Tract 6505.01,Torrance,Los Angeles County,California,Torrance,135518.0,10779.0,126824.0,11457.0,,,,,152996.0,13629.0,,,168026.0,87602.0,95582.0,339954.0,135101.0,14833.0,102388.0,87592.0,$135518,$10779,$126824,$11457,,,,,$152996,$13629,,,$168026,$87602,$95582,$339954,$135101,$14833,$102388,$87592
2012,6037650502,Census Tract 6505.02,Torrance,Los Angeles County,California,Torrance,141832.0,16493.0,146090.0,25747.0,146204.0,168787.0,138261.0,8325.0,142572.0,42440.0,,,105975.0,98052.0,60512.0,76411.0,141493.0,27153.0,140713.0,53221.0,$141832,$16493,$146090,$25747,$146204,$168787,$138261,$8325,$142572,$42440,,,$105975,$98052,$60512,$76411,$141493,$27153,$140713,$53221
2012,6037650602,Census Tract 6506.02,Torrance,Los Angeles County,California,Torrance,83402.0,15068.0,83644.0,28167.0,27456.0,88601.0,,,90346.0,17074.0,,,26074.0,49212.0,86329.0,180728.0,76047.0,28210.0,65723.0,38889.0,$83402,$15068,$83644,$28167,$27456,$88601,,,$90346,$17074,,,$26074,$49212,$86329,$180728,$76047,$28210,$65723,$38889
2012,6037650603,Census Tract 6506.03,Torrance,Los Angeles County,California,Torrance,91163.0,28561.0,76964.0,33277.0,,,,,102071.0,32323.0,,,,,36894.0,287689.0,78079.0,32567.0,104033.0,142642.0,$91163,$28561,$76964,$33277,,,,,$102071,$32323,,,,,$36894,$287689,$78079,$32567,$104033,$142642
2012,6037650604,Census Tract 6506.04,Torrance,Los Angeles County,California,Torrance,74986.0,19552.0,86878.0,22682.0,91406.0,48846.0,,,69724.0,15143.0,,,79509.0,38496.0,52624.0,53918.0,86410.0,34102.0,80614.0,12950.0,$74986,$19552,$86878,$22682,$91406,$48846,,,$69724,$15143,,,$79509,$38496,$52624,$53918,$86410,$34102,$80614,$12950
2012,6037650605,Census Tract 6506.05,Torrance,Los Angeles County,California,Torrance,111701.0,32974.0,84901.0,26715.0,73720.0,4832.0,,,139701.0,39416.0,,,110576.0,53616.0,156226.0,108613.0,88160.0,42347.0,109932.0,65225.0,$111701,$32974,$84901,$26715,$73720,$4832,,,$139701,$39416,,,$110576,$53616,$156226,$108613,$88160,$42347,$109932,$65225
2012,6037650701,Census Tract 6507.01,Torrance,Los Angeles County,California,Torrance,132585.0,29112.0,113943.0,35162.0,,,,,148340.0,35652.0,,,205063.0,40947.0,,,114400.0,36681.0,134005.0,162600.0,$132585,$29112,$113943,$35162,,,,,$148340,$35652,,,$205063,$40947,,,$114400,$36681,$134005,$162600
2012,6037650702,Census Tract 6507.02,Torrance,Los Angeles County,California,Torrance,142715.0,11247.0,142868.0,13209.0,,,,,153412.0,34771.0,,,125743.0,81744.0,34106.0,323206.0,144770.0,12627.0,102532.0,77145.0,$142715,$11247,$142868,$13209,,,,,$153412,$34771,,,$125743,$81744,$34106,$323206,$144770,$12627,$102532,$77145
2012,6037650800,Census Tract 6508,Torrance,Los Angeles County,California,Torrance,106354.0,7747.0,100880.0,19966.0,110160.0,82857.0,,,119875.0,25231.0,,,19856.0,124101.0,150356.0,40616.0,88936.0,36903.0,100149.0,51460.0,$106354,$7747,$100880,$19966,$110160,$82857,,,$119875,$25231,,,$19856,$124101,$150356,$40616,$88936,$36903,$100149,$51460
2012,6037650901,Census Tract 6509.01,Torrance,Los Angeles County,California,Torrance,77409.0,13352.0,83424.0,20886.0,66496.0,123309.0,,,95645.0,66978.0,,,58092.0,27414.0,26796.0,11644.0,84877.0,33020.0,69545.0,19844.0,$77409,$13352,$83424,$20886,$66496,$123309,,,$95645,$66978,,,$58092,$27414,$26796,$11644,$84877,$33020,$69545,$19844
2012,6037650902,Census Tract 6509.02,Torrance,Los Angeles County,California,Torrance,108538.0,12428.0,109740.0,21342.0,91330.0,14910.0,,,127389.0,24745.0,,,92364.0,35298.0,110304.0,82561.0,116766.0,26506.0,91943.0,22886.0,$108538,$12428,$109740,$21342,$91330,$14910,,,$127389,$24745,,,$92364,$35298,$110304,$82561,$116766,$26506,$91943,$22886
2012,6037651001,Census Tract 6510.01,Torrance,Los Angeles County,California,Torrance,92269.0,14828.0,81243.0,12697.0,136645.0,414943.0,,,120836.0,33918.0,,,73789.0,1344.0,36945.0,208354.0,81494.0,15084.0,73234.0,16596.0,$92269,$14828,$81243,$12697,$136645,$414943,,,$120836,$33918,,,$73789,$1344,$36945,$208354,$81494,$15084,$73234,$16596
2012,6037651002,Census Tract 6510.02,Torrance,Los Angeles County,California,Torrance,108795.0,14964.0,124411.0,19719.0,37103.0,341296.0,,,108143.0,23842.0,,,64835.0,97410.0,88469.0,83265.0,124239.0,20180.0,89233.0,73351.0,$108795,$14964,$124411,$19719,$37103,$341296,,,$108143,$23842,,,$64835,$97410,$88469,$83265,$124239,$20180,$89233,$73351
2012,6037651101,Census Tract 6511.01,Torrance,Los Angeles County,California,Torrance,116443.0,8295.0,113810.0,22031.0,,,,,122051.0,53422.0,,,,,251491.0,233625.0,113634.0,23818.0,116546.0,71151.0,$116443,$8295,$113810,$22031,,,,,$122051,$53422,,,,,$251491,$233625,$113634,$23818,$116546,$71151
2012,6037651102,Census Tract 6511.02,Torrance,Los Angeles County,California,Torrance,75833.0,16395.0,70082.0,13528.0,50886.0,32779.0,,,78440.0,52028.0,,,94037.0,92142.0,187045.0,123464.0,69396.0,13721.0,92894.0,40796.0,$75833,$16395,$70082,$13528,$50886,$32779,,,$78440,$52028,,,$94037,$92142,$187045,$123464,$69396,$13721,$92894,$40796
2012,6037651201,Census Tract 6512.01,Torrance,Los Angeles County,California,Torrance,147109.0,12233.0,146236.0,10546.0,,,120121.0,270908.0,176856.0,31831.0,,,,,153068.0,101644.0,145915.0,7918.0,139881.0,60316.0,$147109,$12233,$146236,$10546,,,$120121,$270908,$176856,$31831,,,,,$153068,$101644,$145915,$7918,$139881,$60316
2012,6037651221,Census Tract 6512.21,Torrance,Los Angeles County,California,Torrance,94773.0,14011.0,85129.0,21292.0,70357.0,135322.0,,,126557.0,51653.0,,,,,73216.0,26491.0,82043.0,7658.0,120007.0,95504.0,$94773,$14011,$85129,$21292,$70357,$135322,,,$126557,$51653,,,,,$73216,$26491,$82043,$7658,$120007,$95504
2012,6037651222,Census Tract 6512.22,Torrance,Los Angeles County,California,Torrance,109092.0,12059.0,110333.0,24142.0,,,,,107188.0,14641.0,,,,,160733.0,33486.0,110397.0,24208.0,125269.0,82704.0,$109092,$12059,$110333,$24142,,,,,$107188,$14641,,,,,$160733,$33486,$110397,$24208,$125269,$82704
2012,6037651302,Census Tract 6513.02,Torrance,Los Angeles County,California,Torrance,129829.0,40628.0,127979.0,41816.0,,,3431.0,,162920.0,84665.0,,,,,88101.0,18746.0,127798.0,41481.0,87341.0,1096.0,$129829,$40628,$127979,$41816,,,$3431,,$162920,$84665,,,,,$88101,$18746,$127798,$41481,$87341,$1096
2012,6037651304,Census Tract 6513.04,Torrance,Los Angeles County,California,Torrance,134522.0,11757.0,134434.0,13565.0,,,,,144488.0,113794.0,,,237024.0,215734.0,,,141357.0,17017.0,74905.0,93444.0,$134522,$11757,$134434,$13565,,,,,$144488,$113794,,,$237024,$215734,,,$141357,$17017,$74905,$93444
2012,6037651401,Census Tract 6514.01,Torrance,Los Angeles County,California,Torrance,69074.0,8697.0,66217.0,12583.0,,,,,114340.0,128746.0,,,,,,,64228.0,13518.0,75886.0,2890.0,$69074,$8697,$66217,$12583,,,,,$114340,$128746,,,,,,,$64228,$13518,$75886,$2890
2012,6037651402,Census Tract 6514.02,Torrance,Los Angeles County,California,Torrance,119378.0,17723.0,127785.0,34743.0,22827.0,104191.0,,,140889.0,43234.0,,,,,76730.0,4676.0,120427.0,34604.0,139147.0,33070.0,$119378,$17723,$127785,$34743,$22827,$104191,,,$140889,$43234,,,,,$76730,$4676,$120427,$34604,$139147,$33070
2012,6037980005,Census Tract 9800.05,Torrance,Los Angeles County,California,Torrance,,,,,,,,,,,,,,,,,,,,,,,,,,,,,,,,,,,,,,,,
2013,6037603200,Census Tract 6032,Torrance,Los Angeles County,California,Torrance,72857.0,8271.0,56700.0,17511.0,60968.0,47988.0,,,90133.0,20727.0,,,73918.0,47850.0,,,67764.0,24767.0,65175.0,14877.0,$72857,$8271,$56700,$17511,$60968,$47988,,,$90133,$20727,,,$73918,$47850,,,$67764,$24767,$65175,$14877
2013,6037603302,Census Tract 6033.02,Torrance,Los Angeles County,California,Torrance,63257.0,11160.0,47121.0,18523.0,123232.0,69206.0,,,68131.0,15711.0,,,41697.0,71134.0,23183.0,310687.0,36189.0,20165.0,50097.0,23144.0,$63257,$11160,$47121,$18523,$123232,$69206,,,$68131,$15711,,,$41697,$71134,$23183,$310687,$36189,$20165,$50097,$23144
2013,6037620602,Census Tract 6206.02,Torrance,Los Angeles County,California,Torrance,137579.0,21175.0,133099.0,17490.0,,,,,221727.0,32786.0,,,39567.0,169590.0,305364.0,186589.0,142254.0,16750.0,98833.0,25690.0,$137579,$21175,$133099,$17490,,,,,$221727,$32786,,,$39567,$169590,$305364,$186589,$142254,$16750,$98833,$25690
2013,6037621400,Census Tract 6214,Torrance,Los Angeles County,California,Torrance,144979.0,24714.0,146315.0,25431.0,,,,,169437.0,134101.0,,,,,106014.0,105047.0,148005.0,24723.0,120800.0,81890.0,$144979,$24714,$146315,$25431,,,,,$169437,$134101,,,,,$106014,$105047,$148005,$24723,$120800,$81890
2013,6037650001,Census Tract 6500.01,Torrance,Los Angeles County,California,Torrance,95410.0,9464.0,85046.0,27043.0,,,,,103342.0,14754.0,,,,,43731.0,109867.0,86423.0,56341.0,73428.0,34890.0,$95410,$9464,$85046,$27043,,,,,$103342,$14754,,,,,$43731,$109867,$86423,$56341,$73428,$34890
2013,6037650003,Census Tract 6500.03,Torrance,Los Angeles County,California,Torrance,64599.0,12895.0,104172.0,25932.0,108268.0,85978.0,,,56054.0,18303.0,,,53834.0,18246.0,55163.0,15075.0,105772.0,60118.0,70857.0,24916.0,$64599,$12895,$104172,$25932,$108268,$85978,,,$56054,$18303,,,$53834,$18246,$55163,$15075,$105772,$60118,$70857,$24916
2013,6037650004,Census Tract 6500.04,Torrance,Los Angeles County,California,Torrance,93075.0,21798.0,104054.0,23786.0,91818.0,87621.0,,,79450.0,69525.0,,,23015.0,84497.0,83414.0,73417.0,101613.0,35418.0,108305.0,31902.0,$93075,$21798,$104054,$23786,$91818,$87621,,,$79450,$69525,,,$23015,$84497,$83414,$73417,$101613,$35418,$108305,$31902
2013,6037650101,Census Tract 6501.01,Torrance,Los Angeles County,California,Torrance,107222.0,16688.0,95689.0,22548.0,,,,,120623.0,11607.0,,,41839.0,99539.0,,,94869.0,19843.0,73252.0,78414.0,$107222,$16688,$95689,$22548,,,,,$120623,$11607,,,$41839,$99539,,,$94869,$19843,$73252,$78414
2013,6037650102,Census Tract 6501.02,Torrance,Los Angeles County,California,Torrance,107849.0,15308.0,108708.0,19424.0,,,,,112366.0,12566.0,,,56370.0,22485.0,,,111438.0,15640.0,94986.0,48703.0,$107849,$15308,$108708,$19424,,,,,$112366,$12566,,,$56370,$22485,,,$111438,$15640,$94986,$48703
2013,6037650200,Census Tract 6502,Torrance,Los Angeles County,California,Torrance,123451.0,12052.0,114699.0,16371.0,126173.0,16977.0,,,146825.0,38608.0,,,115989.0,95428.0,98287.0,47121.0,117391.0,14926.0,89593.0,53657.0,$123451,$12052,$114699,$16371,$126173,$16977,,,$146825,$38608,,,$115989,$95428,$98287,$47121,$117391,$14926,$89593,$53657
2013,6037650300,Census Tract 6503,Torrance,Los Angeles County,California,Torrance,81027.0,3732.0,82966.0,15349.0,80141.0,146088.0,,,81671.0,7673.0,,,78533.0,22485.0,123113.0,44215.0,81817.0,19908.0,80997.0,42096.0,$81027,$3732,$82966,$15349,$80141,$146088,,,$81671,$7673,,,$78533,$22485,$123113,$44215,$81817,$19908,$80997,$42096
2013,6037650401,Census Tract 6504.01,Torrance,Los Angeles County,California,Torrance,140362.0,17887.0,138454.0,24738.0,,,,,151067.0,24676.0,,,89593.0,89077.0,100734.0,155825.0,142841.0,31300.0,109395.0,30529.0,$140362,$17887,$138454,$24738,,,,,$151067,$24676,,,$89593,$89077,$100734,$155825,$142841,$31300,$109395,$30529
2013,6037650501,Census Tract 6505.01,Torrance,Los Angeles County,California,Torrance,135396.0,8829.0,127462.0,6284.0,,,,,160980.0,17094.0,,,,,136654.0,68954.0,134051.0,16185.0,87902.0,86370.0,$135396,$8829,$127462,$6284,,,,,$160980,$17094,,,,,$136654,$68954,$134051,$16185,$87902,$86370
2013,6037650502,Census Tract 6505.02,Torrance,Los Angeles County,California,Torrance,141704.0,15437.0,125227.0,18255.0,190217.0,73700.0,,,154597.0,44384.0,,,166338.0,95839.0,,,126173.0,20186.0,155036.0,65273.0,$141704,$15437,$125227,$18255,$190217,$73700,,,$154597,$44384,,,$166338,$95839,,,$126173,$20186,$155036,$65273
2013,6037650602,Census Tract 6506.02,Torrance,Los Angeles County,California,Torrance,76369.0,16692.0,70403.0,20497.0,9883.0,195631.0,,,89593.0,44332.0,,,18534.0,23958.0,,,71161.0,25561.0,52995.0,36539.0,$76369,$16692,$70403,$20497,$9883,$195631,,,$89593,$44332,,,$18534,$23958,,,$71161,$25561,$52995,$36539
2013,6037650603,Census Tract 6506.03,Torrance,Los Angeles County,California,Torrance,89718.0,27567.0,79088.0,33919.0,,,,,100299.0,67912.0,,,,,34865.0,147638.0,79692.0,29797.0,102981.0,128236.0,$89718,$27567,$79088,$33919,,,,,$100299,$67912,,,,,$34865,$147638,$79692,$29797,$102981,$128236
2013,6037650604,Census Tract 6506.04,Torrance,Los Angeles County,California,Torrance,73153.0,11399.0,73021.0,18730.0,90543.0,35449.0,,,69913.0,12308.0,,,47061.0,40244.0,55220.0,80069.0,73158.0,22034.0,61957.0,24312.0,$73153,$11399,$73021,$18730,$90543,$35449,,,$69913,$12308,,,$47061,$40244,$55220,$80069,$73158,$22034,$61957,$24312
2013,6037650605,Census Tract 6506.05,Torrance,Los Angeles County,California,Torrance,87419.0,7956.0,62546.0,29568.0,,,,,136612.0,42116.0,,,108798.0,60997.0,81936.0,101075.0,61778.0,34076.0,74285.0,61135.0,$87419,$7956,$62546,$29568,,,,,$136612,$42116,,,$108798,$60997,$81936,$101075,$61778,$34076,$74285,$61135
2013,6037650701,Census Tract 6507.01,Torrance,Los Angeles County,California,Torrance,131515.0,30368.0,104564.0,30574.0,,,,,146986.0,60117.0,,,205157.0,99110.0,,,104384.0,30190.0,147067.0,147862.0,$131515,$30368,$104564,$30574,,,,,$146986,$60117,,,$205157,$99110,,,$104384,$30190,$147067,$147862
2013,6037650702,Census Tract 6507.02,Torrance,Los Angeles County,California,Torrance,143816.0,28199.0,141879.0,32706.0,,,,,145038.0,68139.0,,,,,190454.0,346413.0,150755.0,31104.0,100749.0,45605.0,$143816,$28199,$141879,$32706,,,,,$145038,$68139,,,,,$190454,$346413,$150755,$31104,$100749,$45605
2013,6037650800,Census Tract 6508,Torrance,Los Angeles County,California,Torrance,107748.0,10464.0,86033.0,17648.0,108436.0,116700.0,,,129542.0,18065.0,,,19271.0,7232.0,,,76175.0,24571.0,99236.0,37747.0,$107748,$10464,$86033,$17648,$108436,$116700,,,$129542,$18065,,,$19271,$7232,,,$76175,$24571,$99236,$37747
2013,6037650901,Census Tract 6509.01,Torrance,Los Angeles County,California,Torrance,73850.0,12354.0,74548.0,18961.0,62673.0,13642.0,,,91948.0,20495.0,,,69148.0,21766.0,28375.0,82673.0,70066.0,25509.0,68542.0,14371.0,$73850,$12354,$74548,$18961,$62673,$13642,,,$91948,$20495,,,$69148,$21766,$28375,$82673,$70066,$25509,$68542,$14371
2013,6037650902,Census Tract 6509.02,Torrance,Los Angeles County,California,Torrance,102936.0,10068.0,101290.0,32224.0,88639.0,11779.0,,,115023.0,19229.0,,,88964.0,14298.0,113340.0,39187.0,100817.0,42101.0,88137.0,18960.0,$102936,$10068,$101290,$32224,$88639,$11779,,,$115023,$19229,,,$88964,$14298,$113340,$39187,$100817,$42101,$88137,$18960
2013,6037651001,Census Tract 6510.01,Torrance,Los Angeles County,California,Torrance,92484.0,19236.0,84240.0,19950.0,136342.0,186677.0,,,108187.0,22813.0,,,76115.0,44427.0,36778.0,274069.0,83189.0,27670.0,76437.0,20437.0,$92484,$19236,$84240,$19950,$136342,$186677,,,$108187,$22813,,,$76115,$44427,$36778,$274069,$83189,$27670,$76437,$20437
2013,6037651002,Census Tract 6510.02,Torrance,Los Angeles County,California,Torrance,111295.0,17340.0,120976.0,17866.0,36344.0,282616.0,,,112183.0,46418.0,,,61982.0,62043.0,40248.0,157030.0,121049.0,17417.0,71374.0,65583.0,$111295,$17340,$120976,$17866,$36344,$282616,,,$112183,$46418,,,$61982,$62043,$40248,$157030,$121049,$17417,$71374,$65583
2013,6037651101,Census Tract 6511.01,Torrance,Los Angeles County,California,Torrance,119809.0,9446.0,115475.0,9790.0,,,,,137369.0,31147.0,,,,,252334.0,177729.0,115985.0,12563.0,50586.0,79309.0,$119809,$9446,$115475,$9790,,,,,$137369,$31147,,,,,$252334,$177729,$115985,$12563,$50586,$79309
2013,6037651102,Census Tract 6511.02,Torrance,Los Angeles County,California,Torrance,73901.0,10117.0,69683.0,14231.0,49811.0,36635.0,,,79788.0,26484.0,,,35001.0,42234.0,210417.0,184769.0,66561.0,11750.0,78436.0,34605.0,$73901,$10117,$69683,$14231,$49811,$36635,,,$79788,$26484,,,$35001,$42234,$210417,$184769,$66561,$11750,$78436,$34605
2013,6037651201,Census Tract 6512.01,Torrance,Los Angeles County,California,Torrance,145658.0,13834.0,144458.0,10934.0,,,,,171216.0,83288.0,,,,,211641.0,59845.0,144752.0,12013.0,141176.0,39982.0,$145658,$13834,$144458,$10934,,,,,$171216,$83288,,,,,$211641,$59845,$144752,$12013,$141176,$39982
2013,6037651221,Census Tract 6512.21,Torrance,Los Angeles County,California,Torrance,82010.0,16559.0,61009.0,30010.0,,,,,94418.0,9504.0,,,108546.0,52587.0,63955.0,44891.0,54658.0,32019.0,109723.0,26022.0,$82010,$16559,$61009,$30010,,,,,$94418,$9504,,,$108546,$52587,$63955,$44891,$54658,$32019,$109723,$26022
2013,6037651222,Census Tract 6512.22,Torrance,Los Angeles County,California,Torrance,123989.0,22856.0,128572.0,22922.0,,,,,109303.0,45934.0,,,,,161791.0,42894.0,132456.0,24042.0,121076.0,65572.0,$123989,$22856,$128572,$22922,,,,,$109303,$45934,,,,,$161791,$42894,$132456,$24042,$121076,$65572
2013,6037651302,Census Tract 6513.02,Torrance,Los Angeles County,California,Torrance,124917.0,21765.0,116819.0,20299.0,,,,,190454.0,82276.0,,,,,105351.0,37933.0,117541.0,29112.0,91253.0,47963.0,$124917,$21765,$116819,$20299,,,,,$190454,$82276,,,,,$105351,$37933,$117541,$29112,$91253,$47963
2013,6037651304,Census Tract 6513.04,Torrance,Los Angeles County,California,Torrance,133218.0,5220.0,132800.0,7267.0,,,,,146116.0,123213.0,,,,,,,134467.0,9941.0,72867.0,76267.0,$133218,$5220,$132800,$7267,,,,,$146116,$123213,,,,,,,$134467,$9941,$72867,$76267
2013,6037651401,Census Tract 6514.01,Torrance,Los Angeles County,California,Torrance,72395.0,12268.0,68055.0,23324.0,,,,,112160.0,29944.0,,,,,,,68900.0,16852.0,38204.0,64346.0,$72395,$12268,$68055,$23324,,,,,$112160,$29944,,,,,,,$68900,$16852,$38204,$64346
2013,6037651402,Census Tract 6514.02,Torrance,Los Angeles County,California,Torrance,119152.0,19774.0,139192.0,29536.0,22704.0,135333.0,,,107131.0,25456.0,,,,,76533.0,92727.0,123581.0,32908.0,145678.0,13863.0,$119152,$19774,$139192,$29536,$22704,$135333,,,$107131,$25456,,,,,$76533,$92727,$123581,$32908,$145678,$13863
2013,6037980005,Census Tract 9800.05,Torrance,Los Angeles County,California,Torrance,,,,,,,,,,,,,,,,,,,,,,,,,,,,,,,,,,,,,,,,
2014,6037603200,Census Tract 6032,Torrance,Los Angeles County,California,Torrance,74490.0,11925.0,64476.0,24454.0,105226.0,90279.0,,,86593.0,19170.0,,,74822.0,23895.0,,,67472.0,21412.0,66232.0,21345.0,$74490,$11925,$64476,$24454,$105226,$90279,,,$86593,$19170,,,$74822,$23895,,,$67472,$21412,$66232,$21345
2014,6037603302,Census Tract 6033.02,Torrance,Los Angeles County,California,Torrance,58494.0,11338.0,43563.0,20592.0,118422.0,133524.0,,,62421.0,10018.0,,,45324.0,92109.0,184799.0,237467.0,35618.0,22268.0,50487.0,36001.0,$58494,$11338,$43563,$20592,$118422,$133524,,,$62421,$10018,,,$45324,$92109,$184799,$237467,$35618,$22268,$50487,$36001
2014,6037620602,Census Tract 6206.02,Torrance,Los Angeles County,California,Torrance,144591.0,23696.0,132316.0,17566.0,,,,,221363.0,35566.0,,,39074.0,182441.0,,,136675.0,18101.0,90031.0,59875.0,$144591,$23696,$132316,$17566,,,,,$221363,$35566,,,$39074,$182441,,,$136675,$18101,$90031,$59875
2014,6037621400,Census Tract 6214,Torrance,Los Angeles County,California,Torrance,135258.0,30115.0,135185.0,26869.0,,,,,170114.0,153101.0,,,,,105939.0,159380.0,136054.0,24194.0,123343.0,132657.0,$135258,$30115,$135185,$26869,,,,,$170114,$153101,,,,,$105939,$159380,$136054,$24194,$123343,$132657
2014,6037650001,Census Tract 6500.01,Torrance,Los Angeles County,California,Torrance,95638.0,8130.0,86266.0,26090.0,,,,,105083.0,21674.0,,,126532.0,145819.0,42366.0,80224.0,93230.0,34973.0,62906.0,43876.0,$95638,$8130,$86266,$26090,,,,,$105083,$21674,,,$126532,$145819,$42366,$80224,$93230,$34973,$62906,$43876
2014,6037650003,Census Tract 6500.03,Torrance,Los Angeles County,California,Torrance,67340.0,17513.0,89093.0,22741.0,101900.0,104917.0,,,57264.0,22910.0,,,60350.0,18046.0,57836.0,2545.0,83056.0,57454.0,61951.0,18662.0,$67340,$17513,$89093,$22741,$101900,$104917,,,$57264,$22910,,,$60350,$18046,$57836,$2545,$83056,$57454,$61951,$18662
2014,6037650004,Census Tract 6500.04,Torrance,Los Angeles County,California,Torrance,81996.0,19824.0,103563.0,26820.0,49401.0,107264.0,,,69638.0,22522.0,,,106568.0,187460.0,65430.0,66868.0,87484.0,46223.0,108784.0,35106.0,$81996,$19824,$103563,$26820,$49401,$107264,,,$69638,$22522,,,$106568,$187460,$65430,$66868,$87484,$46223,$108784,$35106
2014,6037650101,Census Tract 6501.01,Torrance,Los Angeles County,California,Torrance,117713.0,20326.0,104840.0,19772.0,,,,,121616.0,20672.0,,,42154.0,257565.0,187887.0,68391.0,101425.0,29806.0,106295.0,51700.0,$117713,$20326,$104840,$19772,,,,,$121616,$20672,,,$42154,$257565,$187887,$68391,$101425,$29806,$106295,$51700
2014,6037650102,Census Tract 6501.02,Torrance,Los Angeles County,California,Torrance,111748.0,4310.0,111810.0,7823.0,,,,,114062.0,15127.0,,,55563.0,68815.0,,,112970.0,8919.0,96513.0,71610.0,$111748,$4310,$111810,$7823,,,,,$114062,$15127,,,$55563,$68815,,,$112970,$8919,$96513,$71610
2014,6037650200,Census Tract 6502,Torrance,Los Angeles County,California,Torrance,127120.0,8939.0,128999.0,17888.0,137412.0,10898.0,,,124855.0,23344.0,,,59546.0,106060.0,98377.0,96647.0,135511.0,25723.0,70072.0,48813.0,$127120,$8939,$128999,$17888,$137412,$10898,,,$124855,$23344,,,$59546,$106060,$98377,$96647,$135511,$25723,$70072,$48813
2014,6037650300,Census Tract 6503,Torrance,Los Angeles County,California,Torrance,80953.0,6466.0,88925.0,20550.0,78398.0,131090.0,,,80092.0,6414.0,,,58946.0,15379.0,86333.0,106656.0,84798.0,22238.0,74704.0,45423.0,$80953,$6466,$88925,$20550,$78398,$131090,,,$80092,$6414,,,$58946,$15379,$86333,$106656,$84798,$22238,$74704,$45423
2014,6037650401,Census Tract 6504.01,Torrance,Los Angeles County,California,Torrance,135304.0,22753.0,132923.0,27673.0,,,,,161710.0,49172.0,,,64371.0,63174.0,193429.0,265987.0,138421.0,25795.0,96854.0,39401.0,$135304,$22753,$132923,$27673,,,,,$161710,$49172,,,$64371,$63174,$193429,$265987,$138421,$25795,$96854,$39401
2014,6037650501,Census Tract 6505.01,Torrance,Los Angeles County,California,Torrance,136393.0,11763.0,120903.0,26658.0,,,,,166523.0,16982.0,,,,,137955.0,1145.0,133572.0,19286.0,61121.0,20881.0,$136393,$11763,$120903,$26658,,,,,$166523,$16982,,,,,$137955,$1145,$133572,$19286,$61121,$20881
2014,6037650502,Census Tract 6505.02,Torrance,Los Angeles County,California,Torrance,143145.0,21586.0,122184.0,13278.0,190472.0,72051.0,,,167249.0,34010.0,,,161283.0,20277.0,,,123905.0,17149.0,119346.0,130676.0,$143145,$21586,$122184,$13278,$190472,$72051,,,$167249,$34010,,,$161283,$20277,,,$123905,$17149,$119346,$130676
2014,6037650602,Census Tract 6506.02,Torrance,Los Angeles County,California,Torrance,78398.0,19709.0,69661.0,26058.0,9942.0,73757.0,,,91211.0,23370.0,,,67666.0,73235.0,242169.0,311675.0,69932.0,25862.0,68236.0,38805.0,$78398,$19709,$69661,$26058,$9942,$73757,,,$91211,$23370,,,$67666,$73235,$242169,$311675,$69932,$25862,$68236,$38805
2014,6037650603,Census Tract 6506.03,Torrance,Los Angeles County,California,Torrance,103466.0,26823.0,98100.0,41395.0,,,,,128029.0,73483.0,,,103768.0,59609.0,35035.0,206542.0,87016.0,36315.0,186265.0,154364.0,$103466,$26823,$98100,$41395,,,,,$128029,$73483,,,$103768,$59609,$35035,$206542,$87016,$36315,$186265,$154364
2014,6037650604,Census Tract 6506.04,Torrance,Los Angeles County,California,Torrance,68356.0,10762.0,63607.0,15089.0,89403.0,33105.0,,,61520.0,20862.0,,,53334.0,69610.0,71274.0,129537.0,58457.0,22584.0,67945.0,19954.0,$68356,$10762,$63607,$15089,$89403,$33105,,,$61520,$20862,,,$53334,$69610,$71274,$129537,$58457,$22584,$67945,$19954
2014,6037650605,Census Tract 6506.05,Torrance,Los Angeles County,California,Torrance,84926.0,8651.0,72843.0,30445.0,68356.0,37919.0,,,113064.0,42516.0,,,94775.0,52160.0,81235.0,44702.0,83708.0,36694.0,71655.0,49442.0,$84926,$8651,$72843,$30445,$68356,$37919,,,$113064,$42516,,,$94775,$52160,$81235,$44702,$83708,$36694,$71655,$49442
2014,6037650701,Census Tract 6507.01,Torrance,Los Angeles County,California,Torrance,141569.0,29993.0,119854.0,30311.0,,,,,155272.0,91506.0,,,,,,,115743.0,30557.0,146984.0,179983.0,$141569,$29993,$119854,$30311,,,,,$155272,$91506,,,,,,,$115743,$30557,$146984,$179983
2014,6037650702,Census Tract 6507.02,Torrance,Los Angeles County,California,Torrance,143468.0,17448.0,140646.0,34067.0,,,,,154534.0,30686.0,,,,,,,147262.0,25227.0,121689.0,28798.0,$143468,$17448,$140646,$34067,,,,,$154534,$30686,,,,,,,$147262,$25227,$121689,$28798
2014,6037650800,Census Tract 6508,Torrance,Los Angeles County,California,Torrance,106982.0,24319.0,93444.0,20108.0,68356.0,196368.0,,,135345.0,23136.0,,,,,171358.0,178063.0,86206.0,16140.0,102184.0,3255.0,$106982,$24319,$93444,$20108,$68356,$196368,,,$135345,$23136,,,,,$171358,$178063,$86206,$16140,$102184,$3255
2014,6037650901,Census Tract 6509.01,Torrance,Los Angeles County,California,Torrance,81591.0,14742.0,87395.0,16984.0,64550.0,29478.0,,,104751.0,54670.0,,,49295.0,50053.0,69241.0,68067.0,89087.0,17059.0,64351.0,31065.0,$81591,$14742,$87395,$16984,$64550,$29478,,,$104751,$54670,,,$49295,$50053,$69241,$68067,$89087,$17059,$64351,$31065
2014,6037650902,Census Tract 6509.02,Torrance,Los Angeles County,California,Torrance,107661.0,9354.0,104751.0,15280.0,,,,,113817.0,21123.0,,,89220.0,16515.0,120895.0,45396.0,100726.0,27787.0,102651.0,25354.0,$107661,$9354,$104751,$15280,,,,,$113817,$21123,,,$89220,$16515,$120895,$45396,$100726,$27787,$102651,$25354
2014,6037651001,Census Tract 6510.01,Torrance,Los Angeles County,California,Torrance,104386.0,16461.0,94999.0,18194.0,137450.0,218534.0,,,120940.0,23086.0,,,76135.0,67449.0,134463.0,127613.0,103505.0,22307.0,75752.0,20822.0,$104386,$16461,$94999,$18194,$137450,$218534,,,$120940,$23086,,,$76135,$67449,$134463,$127613,$103505,$22307,$75752,$20822
2014,6037651002,Census Tract 6510.02,Torrance,Los Angeles County,California,Torrance,108076.0,16813.0,116640.0,28990.0,34793.0,5636.0,,,135133.0,45721.0,,,42954.0,34707.0,93350.0,128727.0,109184.0,25960.0,55951.0,48659.0,$108076,$16813,$116640,$28990,$34793,$5636,,,$135133,$45721,,,$42954,$34707,$93350,$128727,$109184,$25960,$55951,$48659
2014,6037651101,Census Tract 6511.01,Torrance,Los Angeles County,California,Torrance,116224.0,10010.0,112233.0,12198.0,,,,,141885.0,32467.0,,,,,192043.0,168153.0,113800.0,11531.0,74420.0,35143.0,$116224,$10010,$112233,$12198,,,,,$141885,$32467,,,,,$192043,$168153,$113800,$11531,$74420,$35143
2014,6037651102,Census Tract 6511.02,Torrance,Los Angeles County,California,Torrance,70282.0,10159.0,65974.0,11580.0,49142.0,97986.0,,,78013.0,11321.0,,,35392.0,151412.0,210333.0,178174.0,63718.0,12916.0,77427.0,30039.0,$70282,$10159,$65974,$11580,$49142,$97986,,,$78013,$11321,,,$35392,$151412,$210333,$178174,$63718,$12916,$77427,$30039
2014,6037651201,Census Tract 6512.01,Torrance,Los Angeles County,California,Torrance,156099.0,15326.0,155414.0,16648.0,,,,,144379.0,54992.0,,,,,211548.0,73843.0,155708.0,16123.0,136208.0,104275.0,$156099,$15326,$155414,$16648,,,,,$144379,$54992,,,,,$211548,$73843,$155708,$16123,$136208,$104275
2014,6037651221,Census Tract 6512.21,Torrance,Los Angeles County,California,Torrance,74822.0,24742.0,55609.0,17016.0,48306.0,74519.0,,,94551.0,20058.0,,,110225.0,39793.0,65753.0,45258.0,45524.0,20333.0,111609.0,11075.0,$74822,$24742,$55609,$17016,$48306,$74519,,,$94551,$20058,,,$110225,$39793,$65753,$45258,$45524,$20333,$111609,$11075
2014,6037651222,Census Tract 6512.22,Torrance,Los Angeles County,California,Torrance,121281.0,18020.0,122519.0,21865.0,,,,,108416.0,27842.0,,,101602.0,136295.0,161972.0,21454.0,121550.0,20453.0,155852.0,72978.0,$121281,$18020,$122519,$21865,,,,,$108416,$27842,,,$101602,$136295,$161972,$21454,$121550,$20453,$155852,$72978
2014,6037651302,Census Tract 6513.02,Torrance,Los Angeles County,California,Torrance,129045.0,20539.0,126485.0,26723.0,,,,,139643.0,94123.0,,,,,106912.0,35190.0,127989.0,30527.0,109823.0,50037.0,$129045,$20539,$126485,$26723,,,,,$139643,$94123,,,,,$106912,$35190,$127989,$30527,$109823,$50037
2014,6037651304,Census Tract 6513.04,Torrance,Los Angeles County,California,Torrance,130162.0,11276.0,126990.0,12436.0,,,,,131354.0,131012.0,,,,,,,132163.0,13920.0,41568.0,71950.0,$130162,$11276,$126990,$12436,,,,,$131354,$131012,,,,,,,$132163,$13920,$41568,$71950
2014,6037651401,Census Tract 6514.01,Torrance,Los Angeles County,California,Torrance,84591.0,24777.0,73872.0,21146.0,,,,,108036.0,19479.0,,,,,,,79508.0,33585.0,19730.0,44084.0,$84591,$24777,$73872,$21146,,,,,$108036,$19479,,,,,,,$79508,$33585,$19730,$44084
2014,6037651402,Census Tract 6514.02,Torrance,Los Angeles County,California,Torrance,107854.0,18267.0,109692.0,28056.0,,,,,109601.0,34062.0,,,,,75866.0,75768.0,107744.0,22925.0,142024.0,57687.0,$107854,$18267,$109692,$28056,,,,,$109601,$34062,,,,,$75866,$75768,$107744,$22925,$142024,$57687
2014,6037980005,Census Tract 9800.05,Torrance,Los Angeles County,California,Torrance,,,,,,,,,,,,,,,,,,,,,,,,,,,,,,,,,,,,,,,,
2015,6037603200,Census Tract 6032,Torrance,Los Angeles County,California,Torrance,74780.0,11809.0,68528.0,19257.0,116676.0,71429.0,,,74070.0,17715.0,,,75432.0,53423.0,,,67816.0,15192.0,75477.0,25037.0,$74780,$11809,$68528,$19257,$116676,$71429,,,$74070,$17715,,,$75432,$53423,,,$67816,$15192,$75477,$25037
2015,6037603302,Census Tract 6033.02,Torrance,Los Angeles County,California,Torrance,59274.0,7564.0,52194.0,26698.0,,,,,58962.0,5508.0,,,63130.0,52106.0,110518.0,3749.0,36246.0,15956.0,66998.0,28474.0,$59274,$7564,$52194,$26698,,,,,$58962,$5508,,,$63130,$52106,$110518,$3749,$36246,$15956,$66998,$28474
2015,6037620602,Census Tract 6206.02,Torrance,Los Angeles County,California,Torrance,153083.0,34214.0,145088.0,20765.0,,,,,219449.0,88721.0,,,,,,,153122.0,25292.0,90549.0,54285.0,$153083,$34214,$145088,$20765,,,,,$219449,$88721,,,,,,,$153122,$25292,$90549,$54285
2015,6037621400,Census Tract 6214,Torrance,Los Angeles County,California,Torrance,134878.0,28690.0,137013.0,18952.0,,,,,,,,,,,,,137114.0,21235.0,124821.0,99961.0,$134878,$28690,$137013,$18952,,,,,,,,,,,,,$137114,$21235,$124821,$99961
2015,6037650001,Census Tract 6500.01,Torrance,Los Angeles County,California,Torrance,88362.0,24600.0,83641.0,23923.0,,,,,105937.0,33860.0,,,,,,,86185.0,30872.0,56299.0,32062.0,$88362,$24600,$83641,$23923,,,,,$105937,$33860,,,,,,,$86185,$30872,$56299,$32062
2015,6037650003,Census Tract 6500.03,Torrance,Los Angeles County,California,Torrance,59482.0,5949.0,86128.0,27747.0,50625.0,18813.0,,,61219.0,39968.0,,,50744.0,13348.0,57914.0,1453.0,107890.0,53022.0,50536.0,10267.0,$59482,$5949,$86128,$27747,$50625,$18813,,,$61219,$39968,,,$50744,$13348,$57914,$1453,$107890,$53022,$50536,$10267
2015,6037650004,Census Tract 6500.04,Torrance,Los Angeles County,California,Torrance,75761.0,17891.0,92786.0,31446.0,,,,,73745.0,21522.0,,,,,65272.0,57625.0,78887.0,26501.0,133925.0,29491.0,$75761,$17891,$92786,$31446,,,,,$73745,$21522,,,,,$65272,$57625,$78887,$26501,$133925,$29491
2015,6037650101,Census Tract 6501.01,Torrance,Los Angeles County,California,Torrance,118679.0,21877.0,90462.0,52094.0,,,,,128839.0,20545.0,,,,,186304.0,95777.0,87821.0,58558.0,100697.0,92132.0,$118679,$21877,$90462,$52094,,,,,$128839,$20545,,,,,$186304,$95777,$87821,$58558,$100697,$92132
2015,6037650102,Census Tract 6501.02,Torrance,Los Angeles County,California,Torrance,110688.0,5301.0,110539.0,13660.0,,,,,112316.0,6890.0,,,109630.0,99375.0,,,112234.0,11270.0,85720.0,21089.0,$110688,$5301,$110539,$13660,,,,,$112316,$6890,,,$109630,$99375,,,$112234,$11270,$85720,$21089
2015,6037650200,Census Tract 6502,Torrance,Los Angeles County,California,Torrance,129977.0,6629.0,131481.0,14373.0,137513.0,33136.0,,,131602.0,27834.0,,,88044.0,35276.0,190883.0,131901.0,136938.0,30134.0,87684.0,38220.0,$129977,$6629,$131481,$14373,$137513,$33136,,,$131602,$27834,,,$88044,$35276,$190883,$131901,$136938,$30134,$87684,$38220
2015,6037650300,Census Tract 6503,Torrance,Los Angeles County,California,Torrance,78848.0,4037.0,87717.0,21374.0,,,,,79073.0,5747.0,,,68503.0,23604.0,85758.0,38486.0,90794.0,26299.0,76992.0,43572.0,$78848,$4037,$87717,$21374,,,,,$79073,$5747,,,$68503,$23604,$85758,$38486,$90794,$26299,$76992,$43572
2015,6037650401,Census Tract 6504.01,Torrance,Los Angeles County,California,Torrance,131318.0,19597.0,133950.0,21902.0,,,,,159678.0,84668.0,,,,,,,139162.0,20237.0,91174.0,52480.0,$131318,$19597,$133950,$21902,,,,,$159678,$84668,,,,,,,$139162,$20237,$91174,$52480
2015,6037650501,Census Tract 6505.01,Torrance,Los Angeles County,California,Torrance,136367.0,6439.0,135500.0,8874.0,,,,,141253.0,43059.0,,,,,137319.0,8062.0,144881.0,14486.0,,,$136367,$6439,$135500,$8874,,,,,$141253,$43059,,,,,$137319,$8062,$144881,$14486,,
2015,6037650502,Census Tract 6505.02,Torrance,Los Angeles County,California,Torrance,129345.0,22083.0,120440.0,13842.0,157197.0,34504.0,,,163993.0,50960.0,,,153702.0,12517.0,,,121129.0,11221.0,153702.0,83169.0,$129345,$22083,$120440,$13842,$157197,$34504,,,$163993,$50960,,,$153702,$12517,,,$121129,$11221,$153702,$83169
2015,6037650602,Census Tract 6506.02,Torrance,Los Angeles County,California,Torrance,84998.0,19246.0,80946.0,29063.0,46254.0,24170.0,,,87778.0,18578.0,,,,,,,84099.0,29104.0,68010.0,32611.0,$84998,$19246,$80946,$29063,$46254,$24170,,,$87778,$18578,,,,,,,$84099,$29104,$68010,$32611
2015,6037650603,Census Tract 6506.03,Torrance,Los Angeles County,California,Torrance,100224.0,16613.0,99591.0,18388.0,,,,,100818.0,54446.0,,,103925.0,41802.0,34181.0,6403.0,93270.0,19522.0,105816.0,55588.0,$100224,$16613,$99591,$18388,,,,,$100818,$54446,,,$103925,$41802,$34181,$6403,$93270,$19522,$105816,$55588
2015,6037650604,Census Tract 6506.04,Torrance,Los Angeles County,California,Torrance,68286.0,10822.0,59732.0,16690.0,92030.0,47530.0,,,50515.0,36039.0,,,70784.0,68654.0,,,58626.0,16948.0,70143.0,28063.0,$68286,$10822,$59732,$16690,$92030,$47530,,,$50515,$36039,,,$70784,$68654,,,$58626,$16948,$70143,$28063
2015,6037650605,Census Tract 6506.05,Torrance,Los Angeles County,California,Torrance,83599.0,6503.0,70682.0,22666.0,66394.0,21278.0,,,121169.0,29231.0,,,77875.0,50162.0,,,79435.0,39364.0,68054.0,41841.0,$83599,$6503,$70682,$22666,$66394,$21278,,,$121169,$29231,,,$77875,$50162,,,$79435,$39364,$68054,$41841
2015,6037650701,Census Tract 6507.01,Torrance,Los Angeles County,California,Torrance,126979.0,20266.0,120275.0,23084.0,,,,,133618.0,26730.0,,,,,,,120020.0,24303.0,,,$126979,$20266,$120275,$23084,,,,,$133618,$26730,,,,,,,$120020,$24303,,
2015,6037650702,Census Tract 6507.02,Torrance,Los Angeles County,California,Torrance,149009.0,10789.0,148950.0,14957.0,,,,,151253.0,29272.0,,,209745.0,195295.0,,,154010.0,22404.0,123897.0,24737.0,$149009,$10789,$148950,$14957,,,,,$151253,$29272,,,$209745,$195295,,,$154010,$22404,$123897,$24737
2015,6037650800,Census Tract 6508,Torrance,Los Angeles County,California,Torrance,105468.0,18720.0,103405.0,32030.0,,,,,121371.0,28394.0,,,,,,,96133.0,38166.0,103852.0,55199.0,$105468,$18720,$103405,$32030,,,,,$121371,$28394,,,,,,,$96133,$38166,$103852,$55199
2015,6037650901,Census Tract 6509.01,Torrance,Los Angeles County,California,Torrance,85238.0,14619.0,86221.0,19638.0,64070.0,38860.0,,,113608.0,46706.0,,,49271.0,48789.0,96370.0,40568.0,92042.0,17671.0,65044.0,24012.0,$85238,$14619,$86221,$19638,$64070,$38860,,,$113608,$46706,,,$49271,$48789,$96370,$40568,$92042,$17671,$65044,$24012
2015,6037650902,Census Tract 6509.02,Torrance,Los Angeles County,California,Torrance,106347.0,15858.0,101915.0,31937.0,,,,,114319.0,15196.0,,,87336.0,23549.0,120505.0,58355.0,100753.0,31453.0,87583.0,9026.0,$106347,$15858,$101915,$31937,,,,,$114319,$15196,,,$87336,$23549,$120505,$58355,$100753,$31453,$87583,$9026
2015,6037651001,Census Tract 6510.01,Torrance,Los Angeles County,California,Torrance,114949.0,6602.0,105746.0,19975.0,,,,,124673.0,11939.0,,,112919.0,91078.0,173592.0,76377.0,112656.0,12513.0,88526.0,31337.0,$114949,$6602,$105746,$19975,,,,,$124673,$11939,,,$112919,$91078,$173592,$76377,$112656,$12513,$88526,$31337
2015,6037651002,Census Tract 6510.02,Torrance,Los Angeles County,California,Torrance,114198.0,22599.0,116928.0,28269.0,,,,,136661.0,39450.0,,,60986.0,35578.0,,,112870.0,35794.0,,,$114198,$22599,$116928,$28269,,,,,$136661,$39450,,,$60986,$35578,,,$112870,$35794,,
2015,6037651101,Census Tract 6511.01,Torrance,Los Angeles County,California,Torrance,120668.0,10498.0,95626.0,22146.0,,,,,168936.0,34968.0,,,,,190527.0,79147.0,100572.0,20929.0,76182.0,37290.0,$120668,$10498,$95626,$22146,,,,,$168936,$34968,,,,,$190527,$79147,$100572,$20929,$76182,$37290
2015,6037651102,Census Tract 6511.02,Torrance,Los Angeles County,California,Torrance,69285.0,14145.0,66662.0,15024.0,,,,,78243.0,11626.0,,,34913.0,34316.0,,,63312.0,13222.0,76637.0,19497.0,$69285,$14145,$66662,$15024,,,,,$78243,$11626,,,$34913,$34316,,,$63312,$13222,$76637,$19497
2015,6037651201,Census Tract 6512.01,Torrance,Los Angeles County,California,Torrance,164694.0,10035.0,163911.0,10457.0,,,,,170360.0,53202.0,,,,,180924.0,92261.0,164741.0,10331.0,135322.0,79075.0,$164694,$10035,$163911,$10457,,,,,$170360,$53202,,,,,$180924,$92261,$164741,$10331,$135322,$79075
2015,6037651221,Census Tract 6512.21,Torrance,Los Angeles County,California,Torrance,70820.0,21558.0,44327.0,16118.0,47000.0,46682.0,,,123303.0,44592.0,,,98138.0,68084.0,56021.0,54463.0,40341.0,11352.0,,,$70820,$21558,$44327,$16118,$47000,$46682,,,$123303,$44592,,,$98138,$68084,$56021,$54463,$40341,$11352,,
2015,6037651222,Census Tract 6512.22,Torrance,Los Angeles County,California,Torrance,120020.0,18272.0,123055.0,24515.0,,,,,107720.0,26674.0,,,,,192543.0,114635.0,122587.0,22922.0,166941.0,48170.0,$120020,$18272,$123055,$24515,,,,,$107720,$26674,,,,,$192543,$114635,$122587,$22922,$166941,$48170
2015,6037651302,Census Tract 6513.02,Torrance,Los Angeles County,California,Torrance,138262.0,10671.0,136882.0,18268.0,,,,,138474.0,47950.0,,,,,125847.0,97918.0,140903.0,20900.0,112639.0,39923.0,$138262,$10671,$136882,$18268,,,,,$138474,$47950,,,,,$125847,$97918,$140903,$20900,$112639,$39923
2015,6037651304,Census Tract 6513.04,Torrance,Los Angeles County,California,Torrance,110091.0,12562.0,107690.0,13749.0,,,,,131635.0,95824.0,,,,,,,108692.0,13741.0,,,$110091,$12562,$107690,$13749,,,,,$131635,$95824,,,,,,,$108692,$13741,,
2015,6037651401,Census Tract 6514.01,Torrance,Los Angeles County,California,Torrance,85206.0,19970.0,76471.0,12369.0,,,,,108189.0,14819.0,,,,,,,78783.0,22052.0,,,$85206,$19970,$76471,$12369,,,,,$108189,$14819,,,,,,,$78783,$22052,,
2015,6037651402,Census Tract 6514.02,Torrance,Los Angeles County,California,Torrance,138799.0,23879.0,140091.0,20954.0,,,,,134296.0,64191.0,,,,,153908.0,88835.0,139427.0,24529.0,140613.0,38347.0,$138799,$23879,$140091,$20954,,,,,$134296,$64191,,,,,$153908,$88835,$139427,$24529,$140613,$38347
2015,6037980005,Census Tract 9800.05,Torrance,Los Angeles County,California,Torrance,,,,,,,,,,,,,,,,,,,,,,,,,,,,,,,,,,,,,,,,
2016,6037603200,Census Tract 6032,Torrance,Los Angeles County,California,Torrance,81319.0,20570.0,88315.0,34353.0,,,,,72878.0,18347.0,,,105027.0,63263.0,,,116018.0,71959.0,86763.0,32654.0,$81319,$20570,$88315,$34353,,,,,$72878,$18347,,,$105027,$63263,,,$116018,$71959,$86763,$32654
2016,6037603302,Census Tract 6033.02,Torrance,Los Angeles County,California,Torrance,57600.0,10034.0,52004.0,25262.0,,,,,58208.0,8861.0,,,63301.0,41962.0,112324.0,85340.0,35920.0,13403.0,77509.0,21924.0,$57600,$10034,$52004,$25262,,,,,$58208,$8861,,,$63301,$41962,$112324,$85340,$35920,$13403,$77509,$21924
2016,6037620602,Census Tract 6206.02,Torrance,Los Angeles County,California,Torrance,155572.0,26678.0,155265.0,25354.0,,,,,193871.0,71930.0,,,,,,,145745.0,20608.0,,,$155572,$26678,$155265,$25354,,,,,$193871,$71930,,,,,,,$145745,$20608,,
2016,6037621400,Census Tract 6214,Torrance,Los Angeles County,California,Torrance,115711.0,22344.0,117075.0,27725.0,,,,,131797.0,78178.0,,,,,,,117256.0,26543.0,,,$115711,$22344,$117075,$27725,,,,,$131797,$78178,,,,,,,$117256,$26543,,
2016,6037650001,Census Tract 6500.01,Torrance,Los Angeles County,California,Torrance,97811.0,23877.0,82636.0,18712.0,,,,,126280.0,26946.0,,,128979.0,89318.0,68933.0,67100.0,81741.0,20435.0,95590.0,61901.0,$97811,$23877,$82636,$18712,,,,,$126280,$26946,,,$128979,$89318,$68933,$67100,$81741,$20435,$95590,$61901
2016,6037650003,Census Tract 6500.03,Torrance,Los Angeles County,California,Torrance,62367.0,10723.0,86303.0,25592.0,50484.0,12384.0,,,66366.0,49856.0,,,50058.0,18843.0,53872.0,14406.0,105110.0,55670.0,50541.0,13435.0,$62367,$10723,$86303,$25592,$50484,$12384,,,$66366,$49856,,,$50058,$18843,$53872,$14406,$105110,$55670,$50541,$13435
2016,6037650004,Census Tract 6500.04,Torrance,Los Angeles County,California,Torrance,78778.0,12400.0,81934.0,28686.0,44542.0,39181.0,,,85838.0,12736.0,,,,,,,76875.0,21967.0,106241.0,69555.0,$78778,$12400,$81934,$28686,$44542,$39181,,,$85838,$12736,,,,,,,$76875,$21967,$106241,$69555
2016,6037650101,Census Tract 6501.01,Torrance,Los Angeles County,California,Torrance,122198.0,28244.0,103237.0,44706.0,,,,,135092.0,23256.0,,,,,135307.0,131843.0,96808.0,53882.0,,,$122198,$28244,$103237,$44706,,,,,$135092,$23256,,,,,$135307,$131843,$96808,$53882,,
2016,6037650102,Census Tract 6501.02,Torrance,Los Angeles County,California,Torrance,112304.0,9204.0,112570.0,21130.0,,,,,125800.0,64406.0,,,,,,,132528.0,25749.0,92749.0,18196.0,$112304,$9204,$112570,$21130,,,,,$125800,$64406,,,,,,,$132528,$25749,$92749,$18196
2016,6037650200,Census Tract 6502,Torrance,Los Angeles County,California,Torrance,124381.0,16269.0,126010.0,17917.0,,,,,127953.0,49489.0,,,105476.0,28378.0,188630.0,140446.0,132646.0,21084.0,106405.0,26853.0,$124381,$16269,$126010,$17917,,,,,$127953,$49489,,,$105476,$28378,$188630,$140446,$132646,$21084,$106405,$26853
2016,6037650300,Census Tract 6503,Torrance,Los Angeles County,California,Torrance,78119.0,12055.0,80239.0,26035.0,69644.0,53364.0,,,71096.0,19187.0,,,83015.0,52742.0,96273.0,47699.0,92517.0,38379.0,76641.0,41867.0,$78119,$12055,$80239,$26035,$69644,$53364,,,$71096,$19187,,,$83015,$52742,$96273,$47699,$92517,$38379,$76641,$41867
2016,6037650401,Census Tract 6504.01,Torrance,Los Angeles County,California,Torrance,145506.0,27227.0,144581.0,25580.0,,,,,169408.0,61225.0,,,,,125359.0,57209.0,146976.0,32409.0,107606.0,54556.0,$145506,$27227,$144581,$25580,,,,,$169408,$61225,,,,,$125359,$57209,$146976,$32409,$107606,$54556
2016,6037650501,Census Tract 6505.01,Torrance,Los Angeles County,California,Torrance,133341.0,9877.0,133844.0,12543.0,,,,,123515.0,69484.0,,,,,135861.0,16814.0,141745.0,17286.0,,,$133341,$9877,$133844,$12543,,,,,$123515,$69484,,,,,$135861,$16814,$141745,$17286,,
2016,6037650502,Census Tract 6505.02,Torrance,Los Angeles County,California,Torrance,131769.0,23560.0,124233.0,11148.0,155595.0,1647.0,,,153489.0,49441.0,,,,,,,124576.0,10362.0,,,$131769,$23560,$124233,$11148,$155595,$1647,,,$153489,$49441,,,,,,,$124576,$10362,,
2016,6037650602,Census Tract 6506.02,Torrance,Los Angeles County,California,Torrance,86994.0,17859.0,67633.0,14825.0,56989.0,45855.0,,,91717.0,20093.0,,,106279.0,78521.0,,,80407.0,34358.0,65813.0,20386.0,$86994,$17859,$67633,$14825,$56989,$45855,,,$91717,$20093,,,$106279,$78521,,,$80407,$34358,$65813,$20386
2016,6037650603,Census Tract 6506.03,Torrance,Los Angeles County,California,Torrance,109928.0,15996.0,102554.0,16355.0,,,,,152967.0,39999.0,,,102308.0,53110.0,,,98463.0,17694.0,115527.0,37522.0,$109928,$15996,$102554,$16355,,,,,$152967,$39999,,,$102308,$53110,,,$98463,$17694,$115527,$37522
2016,6037650604,Census Tract 6506.04,Torrance,Los Angeles County,California,Torrance,68162.0,10497.0,59455.0,18784.0,88161.0,42877.0,,,79539.0,40989.0,,,,,,,58173.0,22471.0,64072.0,36141.0,$68162,$10497,$59455,$18784,$88161,$42877,,,$79539,$40989,,,,,,,$58173,$22471,$64072,$36141
2016,6037650605,Census Tract 6506.05,Torrance,Los Angeles County,California,Torrance,84767.0,5832.0,86567.0,21789.0,,,,,92234.0,31578.0,,,,,82917.0,27721.0,96085.0,32699.0,60049.0,27711.0,$84767,$5832,$86567,$21789,,,,,$92234,$31578,,,,,$82917,$27721,$96085,$32699,$60049,$27711
2016,6037650701,Census Tract 6507.01,Torrance,Los Angeles County,California,Torrance,134644.0,24950.0,146498.0,35676.0,,,,,118921.0,23073.0,,,,,,,139698.0,40469.0,153291.0,106370.0,$134644,$24950,$146498,$35676,,,,,$118921,$23073,,,,,,,$139698,$40469,$153291,$106370
2016,6037650702,Census Tract 6507.02,Torrance,Los Angeles County,California,Torrance,148417.0,17036.0,143735.0,20558.0,,,,,183942.0,49597.0,,,,,,,160825.0,29045.0,101106.0,58212.0,$148417,$17036,$143735,$20558,,,,,$183942,$49597,,,,,,,$160825,$29045,$101106,$58212
2016,6037650800,Census Tract 6508,Torrance,Los Angeles County,California,Torrance,98969.0,17689.0,64426.0,22266.0,,,,,127554.0,23463.0,,,,,,,63391.0,19260.0,,,$98969,$17689,$64426,$22266,,,,,$127554,$23463,,,,,,,$63391,$19260,,
2016,6037650901,Census Tract 6509.01,Torrance,Los Angeles County,California,Torrance,83943.0,11168.0,82328.0,12173.0,37168.0,11333.0,,,125665.0,51123.0,,,,,92976.0,22580.0,85476.0,20493.0,69958.0,26953.0,$83943,$11168,$82328,$12173,$37168,$11333,,,$125665,$51123,,,,,$92976,$22580,$85476,$20493,$69958,$26953
2016,6037650902,Census Tract 6509.02,Torrance,Los Angeles County,California,Torrance,109407.0,8332.0,110279.0,15976.0,102222.0,40770.0,220107.0,165189.0,112504.0,16368.0,,,86411.0,7548.0,123829.0,100516.0,111325.0,15271.0,87816.0,28066.0,$109407,$8332,$110279,$15976,$102222,$40770,$220107,$165189,$112504,$16368,,,$86411,$7548,$123829,$100516,$111325,$15271,$87816,$28066
2016,6037651001,Census Tract 6510.01,Torrance,Los Angeles County,California,Torrance,118960.0,6618.0,114380.0,16144.0,,,,,133017.0,16406.0,,,73913.0,69328.0,143475.0,68321.0,116619.0,12946.0,92500.0,31820.0,$118960,$6618,$114380,$16144,,,,,$133017,$16406,,,$73913,$69328,$143475,$68321,$116619,$12946,$92500,$31820
2016,6037651002,Census Tract 6510.02,Torrance,Los Angeles County,California,Torrance,109496.0,11607.0,106966.0,12479.0,,,,,142060.0,50272.0,,,63852.0,37439.0,,,106793.0,10161.0,102374.0,63009.0,$109496,$11607,$106966,$12479,,,,,$142060,$50272,,,$63852,$37439,,,$106793,$10161,$102374,$63009
2016,6037651101,Census Tract 6511.01,Torrance,Los Angeles County,California,Torrance,113749.0,13825.0,102784.0,20915.0,,,,,133388.0,27157.0,,,,,192607.0,94656.0,104197.0,15785.0,77087.0,25583.0,$113749,$13825,$102784,$20915,,,,,$133388,$27157,,,,,$192607,$94656,$104197,$15785,$77087,$25583
2016,6037651102,Census Tract 6511.02,Torrance,Los Angeles County,California,Torrance,80663.0,13761.0,81278.0,21433.0,,,,,106514.0,36954.0,,,,,,,81158.0,31359.0,66694.0,31729.0,$80663,$13761,$81278,$21433,,,,,$106514,$36954,,,,,,,$81158,$31359,$66694,$31729
2016,6037651201,Census Tract 6512.01,Torrance,Los Angeles County,California,Torrance,167026.0,14154.0,166265.0,11928.0,,,,,182712.0,43412.0,,,,,210161.0,101152.0,166665.0,13178.0,148937.0,74320.0,$167026,$14154,$166265,$11928,,,,,$182712,$43412,,,,,$210161,$101152,$166665,$13178,$148937,$74320
2016,6037651221,Census Tract 6512.21,Torrance,Los Angeles County,California,Torrance,72757.0,23042.0,50708.0,15529.0,,,,,122961.0,45880.0,,,83572.0,33636.0,,,41401.0,15995.0,81205.0,39444.0,$72757,$23042,$50708,$15529,,,,,$122961,$45880,,,$83572,$33636,,,$41401,$15995,$81205,$39444
2016,6037651222,Census Tract 6512.22,Torrance,Los Angeles County,California,Torrance,108674.0,11189.0,119102.0,39535.0,89078.0,63359.0,,,107274.0,27264.0,,,,,216757.0,91900.0,119996.0,38222.0,164836.0,80935.0,$108674,$11189,$119102,$39535,$89078,$63359,,,$107274,$27264,,,,,$216757,$91900,$119996,$38222,$164836,$80935
2016,6037651302,Census Tract 6513.02,Torrance,Los Angeles County,California,Torrance,137649.0,12082.0,139231.0,22156.0,,,,,135492.0,42363.0,,,,,,,140248.0,25573.0,115436.0,47966.0,$137649,$12082,$139231,$22156,,,,,$135492,$42363,,,,,,,$140248,$25573,$115436,$47966
2016,6037651304,Census Tract 6513.04,Torrance,Los Angeles County,California,Torrance,113069.0,23550.0,107585.0,13891.0,,,,,203560.0,171955.0,,,,,227086.0,214898.0,107859.0,17491.0,,,$113069,$23550,$107585,$13891,,,,,$203560,$171955,,,,,$227086,$214898,$107859,$17491,,
2016,6037651401,Census Tract 6514.01,Torrance,Los Angeles County,California,Torrance,101071.0,18482.0,99140.0,30479.0,,,,,106915.0,15102.0,,,,,,,100662.0,25292.0,,,$101071,$18482,$99140,$30479,,,,,$106915,$15102,,,,,,,$100662,$25292,,
2016,6037651402,Census Tract 6514.02,Torrance,Los Angeles County,California,Torrance,106749.0,23915.0,121510.0,37435.0,,,,,100540.0,23693.0,,,,,154971.0,108281.0,112186.0,29560.0,137102.0,70536.0,$106749,$23915,$121510,$37435,,,,,$100540,$23693,,,,,$154971,$108281,$112186,$29560,$137102,$70536
2016,6037980005,Census Tract 9800.05,Torrance,Los Angeles County,California,Torrance,,,,,,,,,,,,,,,,,,,,,,,,,,,,,,,,,,,,,,,,
2017,6037603200,Census Tract 6032,Torrance,Los Angeles County,California,Torrance,85771.0,18094.0,101457.0,37413.0,,,,,68996.0,21807.0,,,89709.0,39942.0,,,117775.0,44461.0,88446.0,24152.0,$85771,$18094,$101457,$37413,,,,,$68996,$21807,,,$89709,$39942,,,$117775,$44461,$88446,$24152
2017,6037603302,Census Tract 6033.02,Torrance,Los Angeles County,California,Torrance,55075.0,12088.0,52101.0,19011.0,,,,,59180.0,13659.0,,,,,,,42075.0,24274.0,81779.0,27109.0,$55075,$12088,$52101,$19011,,,,,$59180,$13659,,,,,,,$42075,$24274,$81779,$27109
2017,6037620602,Census Tract 6206.02,Torrance,Los Angeles County,California,Torrance,146891.0,27260.0,140399.0,24208.0,,,,,193554.0,44358.0,,,,,,,136950.0,22532.0,168233.0,119490.0,$146891,$27260,$140399,$24208,,,,,$193554,$44358,,,,,,,$136950,$22532,$168233,$119490
2017,6037621400,Census Tract 6214,Torrance,Los Angeles County,California,Torrance,132062.0,18093.0,131780.0,20926.0,94111.0,2836.0,,,155442.0,108148.0,,,,,,,131158.0,22834.0,136679.0,46967.0,$132062,$18093,$131780,$20926,$94111,$2836,,,$155442,$108148,,,,,,,$131158,$22834,$136679,$46967
2017,6037650001,Census Tract 6500.01,Torrance,Los Angeles County,California,Torrance,98206.0,21098.0,87808.0,20483.0,,,,,114555.0,35547.0,,,128727.0,99275.0,,,97878.0,40694.0,,,$98206,$21098,$87808,$20483,,,,,$114555,$35547,,,$128727,$99275,,,$97878,$40694,,
2017,6037650003,Census Tract 6500.03,Torrance,Los Angeles County,California,Torrance,65274.0,21211.0,82635.0,21084.0,,,,,62578.0,43609.0,,,46132.0,42014.0,47736.0,32936.0,91995.0,69118.0,50429.0,23813.0,$65274,$21211,$82635,$21084,,,,,$62578,$43609,,,$46132,$42014,$47736,$32936,$91995,$69118,$50429,$23813
2017,6037650004,Census Tract 6500.04,Torrance,Los Angeles County,California,Torrance,88849.0,9521.0,120609.0,41540.0,,,,,88013.0,19485.0,,,,,,,120021.0,45834.0,91139.0,50002.0,$88849,$9521,$120609,$41540,,,,,$88013,$19485,,,,,,,$120021,$45834,$91139,$50002
2017,6037650101,Census Tract 6501.01,Torrance,Los Angeles County,California,Torrance,125472.0,33225.0,88939.0,60445.0,,,,,145648.0,18318.0,,,,,188498.0,102069.0,,,,,$125472,$33225,$88939,$60445,,,,,$145648,$18318,,,,,$188498,$102069,,,,
2017,6037650102,Census Tract 6501.02,Torrance,Los Angeles County,California,Torrance,115829.0,14397.0,117635.0,35956.0,,,,,123551.0,38608.0,,,,,,,188269.0,85632.0,86486.0,21338.0,$115829,$14397,$117635,$35956,,,,,$123551,$38608,,,,,,,$188269,$85632,$86486,$21338
2017,6037650200,Census Tract 6502,Torrance,Los Angeles County,California,Torrance,127211.0,12638.0,135524.0,11815.0,,,,,124024.0,44579.0,,,87907.0,37667.0,190079.0,148715.0,139276.0,8006.0,102910.0,35670.0,$127211,$12638,$135524,$11815,,,,,$124024,$44579,,,$87907,$37667,$190079,$148715,$139276,$8006,$102910,$35670
2017,6037650300,Census Tract 6503,Torrance,Los Angeles County,California,Torrance,81878.0,10454.0,89283.0,34963.0,69466.0,60190.0,,,80362.0,32476.0,,,83002.0,10915.0,85906.0,19852.0,79754.0,43900.0,85563.0,24053.0,$81878,$10454,$89283,$34963,$69466,$60190,,,$80362,$32476,,,$83002,$10915,$85906,$19852,$79754,$43900,$85563,$24053
2017,6037650401,Census Tract 6504.01,Torrance,Los Angeles County,California,Torrance,161615.0,25465.0,146118.0,30402.0,,,,,197255.0,37984.0,,,,,,,146254.0,32960.0,125558.0,74327.0,$161615,$25465,$146118,$30402,,,,,$197255,$37984,,,,,,,$146254,$32960,$125558,$74327
2017,6037650501,Census Tract 6505.01,Torrance,Los Angeles County,California,Torrance,135620.0,11797.0,133306.0,14906.0,,,,,162261.0,60584.0,,,,,136577.0,10589.0,133695.0,16632.0,,,$135620,$11797,$133306,$14906,,,,,$162261,$60584,,,,,$136577,$10589,$133695,$16632,,
2017,6037650502,Census Tract 6505.02,Torrance,Los Angeles County,California,Torrance,145052.0,22828.0,116419.0,34874.0,155782.0,1689.0,,,186367.0,23083.0,,,,,,,116955.0,32050.0,,,$145052,$22828,$116419,$34874,$155782,$1689,,,$186367,$23083,,,,,,,$116955,$32050,,
2017,6037650602,Census Tract 6506.02,Torrance,Los Angeles County,California,Torrance,93918.0,16411.0,80078.0,31860.0,148498.0,51893.0,,,93527.0,19645.0,,,,,,,102068.0,36759.0,64601.0,24583.0,$93918,$16411,$80078,$31860,$148498,$51893,,,$93527,$19645,,,,,,,$102068,$36759,$64601,$24583
2017,6037650603,Census Tract 6506.03,Torrance,Los Angeles County,California,Torrance,102108.0,18594.0,102254.0,16952.0,,,,,129034.0,89571.0,,,,,,,101416.0,13440.0,116331.0,50979.0,$102108,$18594,$102254,$16952,,,,,$129034,$89571,,,,,,,$101416,$13440,$116331,$50979
2017,6037650604,Census Tract 6506.04,Torrance,Los Angeles County,California,Torrance,69363.0,13032.0,52492.0,14911.0,,,,,100853.0,34058.0,,,,,,,52984.0,18347.0,47843.0,30366.0,$69363,$13032,$52492,$14911,,,,,$100853,$34058,,,,,,,$52984,$18347,$47843,$30366
2017,6037650605,Census Tract 6506.05,Torrance,Los Angeles County,California,Torrance,84188.0,6705.0,78830.0,23777.0,66589.0,41568.0,,,104297.0,35752.0,,,66008.0,3305.0,82011.0,23338.0,86500.0,27629.0,64681.0,2823.0,$84188,$6705,$78830,$23777,$66589,$41568,,,$104297,$35752,,,$66008,$3305,$82011,$23338,$86500,$27629,$64681,$2823
2017,6037650701,Census Tract 6507.01,Torrance,Los Angeles County,California,Torrance,140078.0,19893.0,143769.0,26509.0,,,,,121411.0,25153.0,,,,,,,134783.0,34223.0,185808.0,82915.0,$140078,$19893,$143769,$26509,,,,,$121411,$25153,,,,,,,$134783,$34223,$185808,$82915
2017,6037650702,Census Tract 6507.02,Torrance,Los Angeles County,California,Torrance,156465.0,18275.0,158952.0,25722.0,,,,,154726.0,30200.0,,,,,270175.0,235993.0,170389.0,31026.0,120269.0,67670.0,$156465,$18275,$158952,$25722,,,,,$154726,$30200,,,,,$270175,$235993,$170389,$31026,$120269,$67670
2017,6037650800,Census Tract 6508,Torrance,Los Angeles County,California,Torrance,103284.0,23871.0,71730.0,35590.0,,,,,115282.0,30584.0,,,,,,,66856.0,27104.0,201043.0,65123.0,$103284,$23871,$71730,$35590,,,,,$115282,$30584,,,,,,,$66856,$27104,$201043,$65123
2017,6037650901,Census Tract 6509.01,Torrance,Los Angeles County,California,Torrance,91051.0,9240.0,83795.0,13967.0,,,,,145606.0,29005.0,,,,,91139.0,26071.0,90301.0,14604.0,62287.0,45114.0,$91051,$9240,$83795,$13967,,,,,$145606,$29005,,,,,$91139,$26071,$90301,$14604,$62287,$45114
2017,6037650902,Census Tract 6509.02,Torrance,Los Angeles County,California,Torrance,108904.0,10787.0,112127.0,23061.0,,,222082.0,145380.0,102100.0,19051.0,,,123391.0,46510.0,,,114815.0,17807.0,104901.0,26514.0,$108904,$10787,$112127,$23061,,,$222082,$145380,$102100,$19051,,,$123391,$46510,,,$114815,$17807,$104901,$26514
2017,6037651001,Census Tract 6510.01,Torrance,Los Angeles County,California,Torrance,119441.0,6986.0,113567.0,12125.0,,,,,134643.0,25138.0,,,62167.0,39074.0,143127.0,65719.0,116801.0,12048.0,62317.0,23292.0,$119441,$6986,$113567,$12125,,,,,$134643,$25138,,,$62167,$39074,$143127,$65719,$116801,$12048,$62317,$23292
2017,6037651002,Census Tract 6510.02,Torrance,Los Angeles County,California,Torrance,107044.0,11196.0,105163.0,4820.0,,,,,151471.0,27867.0,,,44291.0,25301.0,,,104511.0,8785.0,,,$107044,$11196,$105163,$4820,,,,,$151471,$27867,,,$44291,$25301,,,$104511,$8785,,
2017,6037651101,Census Tract 6511.01,Torrance,Los Angeles County,California,Torrance,119585.0,9891.0,108074.0,11122.0,,,,,128853.0,19034.0,,,50200.0,27575.0,,,107806.0,13306.0,,,$119585,$9891,$108074,$11122,,,,,$128853,$19034,,,$50200,$27575,,,$107806,$13306,,
2017,6037651102,Census Tract 6511.02,Torrance,Los Angeles County,California,Torrance,79975.0,15934.0,77441.0,22396.0,,,,,101623.0,47919.0,,,,,,,77204.0,30523.0,71095.0,17717.0,$79975,$15934,$77441,$22396,,,,,$101623,$47919,,,,,,,$77204,$30523,$71095,$17717
2017,6037651201,Census Tract 6512.01,Torrance,Los Angeles County,California,Torrance,176064.0,24255.0,174313.0,24764.0,,,,,183305.0,62129.0,,,,,211000.0,182294.0,175626.0,29398.0,149024.0,71363.0,$176064,$24255,$174313,$24764,,,,,$183305,$62129,,,,,$211000,$182294,$175626,$29398,$149024,$71363
2017,6037651221,Census Tract 6512.21,Torrance,Los Angeles County,California,Torrance,89802.0,13667.0,64182.0,28530.0,,,,,118096.0,45281.0,,,79871.0,43086.0,90569.0,83477.0,65787.0,39670.0,66189.0,42739.0,$89802,$13667,$64182,$28530,,,,,$118096,$45281,,,$79871,$43086,$90569,$83477,$65787,$39670,$66189,$42739
2017,6037651222,Census Tract 6512.22,Torrance,Los Angeles County,California,Torrance,106349.0,10915.0,112988.0,26574.0,91365.0,64258.0,,,109617.0,23945.0,,,76722.0,47940.0,,,122125.0,30387.0,103270.0,56816.0,$106349,$10915,$112988,$26574,$91365,$64258,,,$109617,$23945,,,$76722,$47940,,,$122125,$30387,$103270,$56816
2017,6037651302,Census Tract 6513.02,Torrance,Los Angeles County,California,Torrance,144056.0,12518.0,154921.0,18999.0,,,,,125958.0,76209.0,,,,,,,158642.0,19703.0,117083.0,18193.0,$144056,$12518,$154921,$18999,,,,,$125958,$76209,,,,,,,$158642,$19703,$117083,$18193
2017,6037651304,Census Tract 6513.04,Torrance,Los Angeles County,California,Torrance,122740.0,16169.0,120089.0,22735.0,,,,,312890.0,101677.0,,,,,,,122608.0,27651.0,112855.0,77115.0,$122740,$16169,$120089,$22735,,,,,$312890,$101677,,,,,,,$122608,$27651,$112855,$77115
2017,6037651401,Census Tract 6514.01,Torrance,Los Angeles County,California,Torrance,104297.0,15270.0,97951.0,20470.0,,,,,116036.0,7771.0,,,,,,,97550.0,13264.0,,,$104297,$15270,$97951,$20470,,,,,$116036,$7771,,,,,,,$97550,$13264,,
2017,6037651402,Census Tract 6514.02,Torrance,Los Angeles County,California,Torrance,145843.0,30937.0,155165.0,21941.0,,,,,98405.0,36596.0,,,,,,,149683.0,16716.0,184006.0,163179.0,$145843,$30937,$155165,$21941,,,,,$98405,$36596,,,,,,,$149683,$16716,$184006,$163179
2017,6037980005,Census Tract 9800.05,Torrance,Los Angeles County,California,Torrance,,,,,,,,,,,,,,,,,,,,,,,,,,,,,,,,,,,,,,,,
2018,6037603200,Census Tract 6032,Torrance,Los Angeles County,California,Torrance,90227.0,17376.0,117709.0,26948.0,275148.0,125301.0,,,72533.0,21455.0,,,104118.0,29686.0,,,123410.0,37578.0,89960.0,24437.0,$90227,$17376,$117709,$26948,$275148,$125301,,,$72533,$21455,,,$104118,$29686,,,$123410,$37578,$89960,$24437
2018,6037603302,Census Tract 6033.02,Torrance,Los Angeles County,California,Torrance,60265.0,13463.0,78693.0,16753.0,10892.0,10042.0,,,62183.0,18920.0,,,62724.0,56585.0,108300.0,77435.0,67156.0,22546.0,79317.0,22181.0,$60265,$13463,$78693,$16753,$10892,$10042,,,$62183,$18920,,,$62724,$56585,$108300,$77435,$67156,$22546,$79317,$22181
2018,6037620602,Census Tract 6206.02,Torrance,Los Angeles County,California,Torrance,159022.0,27141.0,157594.0,27605.0,,,,,191969.0,50834.0,,,,,,,157044.0,26058.0,,,$159022,$27141,$157594,$27605,,,,,$191969,$50834,,,,,,,$157044,$26058,,
2018,6037621400,Census Tract 6214,Torrance,Los Angeles County,California,Torrance,133564.0,12212.0,133403.0,17726.0,188480.0,176021.0,,,139576.0,90845.0,,,,,83015.0,69774.0,133251.0,18338.0,122382.0,37734.0,$133564,$12212,$133403,$17726,$188480,$176021,,,$139576,$90845,,,,,$83015,$69774,$133251,$18338,$122382,$37734
2018,6037650001,Census Tract 6500.01,Torrance,Los Angeles County,California,Torrance,115407.0,17516.0,113135.0,28009.0,,,,,116933.0,22500.0,,,109281.0,101193.0,128667.0,85414.0,114221.0,24310.0,,,$115407,$17516,$113135,$28009,,,,,$116933,$22500,,,$109281,$101193,$128667,$85414,$114221,$24310,,
2018,6037650003,Census Tract 6500.03,Torrance,Los Angeles County,California,Torrance,80752.0,32939.0,63696.0,38719.0,,,,,106509.0,12141.0,,,66207.0,43586.0,46815.0,36278.0,89867.0,65098.0,52583.0,23575.0,$80752,$32939,$63696,$38719,,,,,$106509,$12141,,,$66207,$43586,$46815,$36278,$89867,$65098,$52583,$23575
2018,6037650004,Census Tract 6500.04,Torrance,Los Angeles County,California,Torrance,87881.0,10452.0,90419.0,21671.0,,,,,89454.0,12607.0,,,,,,,81448.0,27868.0,94697.0,43045.0,$87881,$10452,$90419,$21671,,,,,$89454,$12607,,,,,,,$81448,$27868,$94697,$43045
2018,6037650101,Census Tract 6501.01,Torrance,Los Angeles County,California,Torrance,131168.0,18175.0,93065.0,50518.0,,,,,139709.0,10073.0,,,,,,,,,98808.0,65379.0,$131168,$18175,$93065,$50518,,,,,$139709,$10073,,,,,,,,,$98808,$65379
2018,6037650102,Census Tract 6501.02,Torrance,Los Angeles County,California,Torrance,120508.0,17463.0,109753.0,26900.0,,,,,176709.0,48196.0,,,97738.0,65577.0,121888.0,102847.0,121859.0,68314.0,87714.0,24114.0,$120508,$17463,$109753,$26900,,,,,$176709,$48196,,,$97738,$65577,$121888,$102847,$121859,$68314,$87714,$24114
2018,6037650200,Census Tract 6502,Torrance,Los Angeles County,California,Torrance,122354.0,19530.0,130317.0,13741.0,,,,,129064.0,15245.0,,,90726.0,14522.0,,,131713.0,15237.0,98217.0,21040.0,$122354,$19530,$130317,$13741,,,,,$129064,$15245,,,$90726,$14522,,,$131713,$15237,$98217,$21040
2018,6037650300,Census Tract 6503,Torrance,Los Angeles County,California,Torrance,82840.0,12019.0,78971.0,23217.0,93544.0,70256.0,,,86234.0,51563.0,,,83224.0,18878.0,97268.0,56498.0,79517.0,31736.0,82353.0,31310.0,$82840,$12019,$78971,$23217,$93544,$70256,,,$86234,$51563,,,$83224,$18878,$97268,$56498,$79517,$31736,$82353,$31310
2018,6037650401,Census Tract 6504.01,Torrance,Los Angeles County,California,Torrance,158869.0,31982.0,133311.0,39459.0,,,,,193526.0,33577.0,,,,,,,134529.0,38687.0,122433.0,70859.0,$158869,$31982,$133311,$39459,,,,,$193526,$33577,,,,,,,$134529,$38687,$122433,$70859
2018,6037650501,Census Tract 6505.01,Torrance,Los Angeles County,California,Torrance,134663.0,17310.0,134261.0,12957.0,,,,,146028.0,65103.0,,,,,138507.0,45170.0,133623.0,21327.0,158491.0,75972.0,$134663,$17310,$134261,$12957,,,,,$146028,$65103,,,,,$138507,$45170,$133623,$21327,$158491,$75972
2018,6037650502,Census Tract 6505.02,Torrance,Los Angeles County,California,Torrance,148266.0,7250.0,127517.0,23531.0,158386.0,122753.0,,,185608.0,47741.0,,,151149.0,133466.0,63696.0,55440.0,121155.0,18328.0,152025.0,44664.0,$148266,$7250,$127517,$23531,$158386,$122753,,,$185608,$47741,,,$151149,$133466,$63696,$55440,$121155,$18328,$152025,$44664
2018,6037650602,Census Tract 6506.02,Torrance,Los Angeles County,California,Torrance,95178.0,14245.0,81205.0,31210.0,147263.0,142814.0,,,96662.0,39159.0,,,,,,,103377.0,31911.0,52513.0,30610.0,$95178,$14245,$81205,$31210,$147263,$142814,,,$96662,$39159,,,,,,,$103377,$31911,$52513,$30610
2018,6037650603,Census Tract 6506.03,Torrance,Los Angeles County,California,Torrance,108672.0,20276.0,105838.0,16887.0,,,,,150464.0,76778.0,,,31998.0,27311.0,,,99883.0,14646.0,98873.0,68338.0,$108672,$20276,$105838,$16887,,,,,$150464,$76778,,,$31998,$27311,,,$99883,$14646,$98873,$68338
2018,6037650604,Census Tract 6506.04,Torrance,Los Angeles County,California,Torrance,73397.0,12861.0,59248.0,20237.0,,,,,107983.0,48115.0,,,132046.0,120271.0,,,59417.0,20975.0,66516.0,40397.0,$73397,$12861,$59248,$20237,,,,,$107983,$48115,,,$132046,$120271,,,$59417,$20975,$66516,$40397
2018,6037650605,Census Tract 6506.05,Torrance,Los Angeles County,California,Torrance,112984.0,28695.0,131884.0,57788.0,68693.0,34917.0,,,131618.0,29400.0,,,74530.0,73265.0,,,162185.0,62381.0,69962.0,15532.0,$112984,$28695,$131884,$57788,$68693,$34917,,,$131618,$29400,,,$74530,$73265,,,$162185,$62381,$69962,$15532
2018,6037650701,Census Tract 6507.01,Torrance,Los Angeles County,California,Torrance,136530.0,13550.0,139715.0,22714.0,,,,,132425.0,24423.0,,,,,,,133695.0,20521.0,192656.0,80713.0,$136530,$13550,$139715,$22714,,,,,$132425,$24423,,,,,,,$133695,$20521,$192656,$80713
2018,6037650702,Census Tract 6507.02,Torrance,Los Angeles County,California,Torrance,156357.0,21851.0,166290.0,26236.0,,,,,154589.0,34438.0,,,,,130134.0,71681.0,170467.0,26274.0,,,$156357,$21851,$166290,$26236,,,,,$154589,$34438,,,,,$130134,$71681,$170467,$26274,,
2018,6037650800,Census Tract 6508,Torrance,Los Angeles County,California,Torrance,107270.0,14756.0,112999.0,26299.0,,,,,107404.0,29097.0,,,,,,,106206.0,28699.0,168535.0,116326.0,$107270,$14756,$112999,$26299,,,,,$107404,$29097,,,,,,,$106206,$28699,$168535,$116326
2018,6037650901,Census Tract 6509.01,Torrance,Los Angeles County,California,Torrance,97263.0,11681.0,98728.0,13929.0,,,,,127220.0,38447.0,,,66494.0,50662.0,91609.0,42520.0,101941.0,10470.0,66357.0,36526.0,$97263,$11681,$98728,$13929,,,,,$127220,$38447,,,$66494,$50662,$91609,$42520,$101941,$10470,$66357,$36526
2018,6037650902,Census Tract 6509.02,Torrance,Los Angeles County,California,Torrance,116089.0,10691.0,118779.0,12443.0,,,219881.0,147483.0,113573.0,30016.0,,,123582.0,72587.0,116847.0,99743.0,118387.0,10600.0,105071.0,20307.0,$116089,$10691,$118779,$12443,,,$219881,$147483,$113573,$30016,,,$123582,$72587,$116847,$99743,$118387,$10600,$105071,$20307
2018,6037651001,Census Tract 6510.01,Torrance,Los Angeles County,California,Torrance,120376.0,10031.0,116777.0,13821.0,,,,,132197.0,12398.0,,,59704.0,37194.0,141882.0,49928.0,124608.0,20539.0,60349.0,31333.0,$120376,$10031,$116777,$13821,,,,,$132197,$12398,,,$59704,$37194,$141882,$49928,$124608,$20539,$60349,$31333
2018,6037651002,Census Tract 6510.02,Torrance,Los Angeles County,California,Torrance,109302.0,12448.0,107136.0,15073.0,104658.0,64994.0,,,157023.0,38753.0,,,51688.0,29564.0,94833.0,71994.0,106613.0,6700.0,103572.0,39073.0,$109302,$12448,$107136,$15073,$104658,$64994,,,$157023,$38753,,,$51688,$29564,$94833,$71994,$106613,$6700,$103572,$39073
2018,6037651101,Census Tract 6511.01,Torrance,Los Angeles County,California,Torrance,120305.0,10311.0,104630.0,24605.0,,,,,129753.0,22763.0,,,,,,,102216.0,22273.0,114341.0,92867.0,$120305,$10311,$104630,$24605,,,,,$129753,$22763,,,,,,,$102216,$22273,$114341,$92867
2018,6037651102,Census Tract 6511.02,Torrance,Los Angeles County,California,Torrance,84320.0,20170.0,77188.0,21551.0,,,,,118100.0,19219.0,,,91042.0,65043.0,,,77877.0,24124.0,82007.0,23871.0,$84320,$20170,$77188,$21551,,,,,$118100,$19219,,,$91042,$65043,,,$77877,$24124,$82007,$23871
2018,6037651201,Census Tract 6512.01,Torrance,Los Angeles County,California,Torrance,184985.0,14725.0,184601.0,22851.0,,,,,179030.0,35786.0,,,,,,,178671.0,31211.0,189133.0,126733.0,$184985,$14725,$184601,$22851,,,,,$179030,$35786,,,,,,,$178671,$31211,$189133,$126733
2018,6037651221,Census Tract 6512.21,Torrance,Los Angeles County,California,Torrance,101048.0,16589.0,90220.0,26708.0,,,,,138547.0,43988.0,,,79882.0,32344.0,173273.0,155219.0,93665.0,19910.0,62937.0,25700.0,$101048,$16589,$90220,$26708,,,,,$138547,$43988,,,$79882,$32344,$173273,$155219,$93665,$19910,$62937,$25700
2018,6037651222,Census Tract 6512.22,Torrance,Los Angeles County,California,Torrance,110297.0,11537.0,98918.0,23671.0,89384.0,70725.0,,,119724.0,16252.0,,,110441.0,49756.0,,,90599.0,25475.0,111176.0,76392.0,$110297,$11537,$98918,$23671,$89384,$70725,,,$119724,$16252,,,$110441,$49756,,,$90599,$25475,$111176,$76392
2018,6037651302,Census Tract 6513.02,Torrance,Los Angeles County,California,Torrance,146914.0,18487.0,161756.0,14851.0,,,,,109119.0,51122.0,,,,,144336.0,92751.0,162028.0,16110.0,153821.0,80176.0,$146914,$18487,$161756,$14851,,,,,$109119,$51122,,,,,$144336,$92751,$162028,$16110,$153821,$80176
2018,6037651304,Census Tract 6513.04,Torrance,Los Angeles County,California,Torrance,107632.0,16463.0,106209.0,16550.0,,,,,,,,,,,229423.0,210116.0,101363.0,13805.0,119413.0,32301.0,$107632,$16463,$106209,$16550,,,,,,,,,,,$229423,$210116,$101363,$13805,$119413,$32301
2018,6037651401,Census Tract 6514.01,Torrance,Los Angeles County,California,Torrance,109119.0,27065.0,128589.0,32968.0,,,,,107136.0,19387.0,,,141380.0,76811.0,48556.0,20915.0,109642.0,40232.0,139402.0,37442.0,$109119,$27065,$128589,$32968,,,,,$107136,$19387,,,$141380,$76811,$48556,$20915,$109642,$40232,$139402,$37442
2018,6037651402,Census Tract 6514.02,Torrance,Los Angeles County,California,Torrance,132709.0,31701.0,145294.0,24614.0,,,,,147993.0,73536.0,,,,,,,145480.0,20401.0,,,$132709,$31701,$145294,$24614,,,,,$147993,$73536,,,,,,,$145480,$20401,,
2018,6037980005,Census Tract 9800.05,Torrance,Los Angeles County,California,Torrance,,,,,,,,,,,,,,,,,,,,,,,,,,,,,,,,,,,,,,,,
2019,6037603200,Census Tract 6032,Torrance,Los Angeles County,California,Torrance,103255.0,11490.0,124009.0,52645.0,275572.0,142041.0,,,70182.0,15854.0,,,107327.0,35324.0,,,124422.0,49996.0,106279.0,22835.0,$103255,$11490,$124009,$52645,$275572,$142041,,,$70182,$15854,,,$107327,$35324,,,$124422,$49996,$106279,$22835
2019,6037603302,Census Tract 6033.02,Torrance,Los Angeles County,California,Torrance,64885.0,12826.0,75161.0,22540.0,,,,,73144.0,18475.0,,,63341.0,52517.0,,,65930.0,44658.0,81719.0,28385.0,$64885,$12826,$75161,$22540,,,,,$73144,$18475,,,$63341,$52517,,,$65930,$44658,$81719,$28385
2019,6037620602,Census Tract 6206.02,Torrance,Los Angeles County,California,Torrance,159275.0,20703.0,173433.0,19679.0,,,,,113309.0,61496.0,,,,,,,172947.0,30975.0,,,$159275,$20703,$173433,$19679,,,,,$113309,$61496,,,,,,,$172947,$30975,,
2019,6037621400,Census Tract 6214,Torrance,Los Angeles County,California,Torrance,132450.0,11955.0,132687.0,13837.0,188232.0,73196.0,,,136916.0,81371.0,,,197826.0,107575.0,85465.0,80316.0,133968.0,18468.0,118456.0,44415.0,$132450,$11955,$132687,$13837,$188232,$73196,,,$136916,$81371,,,$197826,$107575,$85465,$80316,$133968,$18468,$118456,$44415
2019,6037650001,Census Tract 6500.01,Torrance,Los Angeles County,California,Torrance,118456.0,17512.0,130148.0,29642.0,,,,,100476.0,49655.0,,,171894.0,114488.0,129868.0,31888.0,129840.0,25702.0,131979.0,75479.0,$118456,$17512,$130148,$29642,,,,,$100476,$49655,,,$171894,$114488,$129868,$31888,$129840,$25702,$131979,$75479
2019,6037650003,Census Tract 6500.03,Torrance,Los Angeles County,California,Torrance,78650.0,25824.0,63676.0,23347.0,88542.0,82917.0,,,101726.0,15251.0,,,66458.0,21694.0,86663.0,37436.0,78074.0,42979.0,59596.0,14301.0,$78650,$25824,$63676,$23347,$88542,$82917,,,$101726,$15251,,,$66458,$21694,$86663,$37436,$78074,$42979,$59596,$14301
2019,6037650004,Census Tract 6500.04,Torrance,Los Angeles County,California,Torrance,93527.0,24128.0,94355.0,29923.0,54485.0,43578.0,,,119994.0,40533.0,,,114959.0,4218.0,,,102233.0,43741.0,95072.0,37341.0,$93527,$24128,$94355,$29923,$54485,$43578,,,$119994,$40533,,,$114959,$4218,,,$102233,$43741,$95072,$37341
2019,6037650101,Census Tract 6501.01,Torrance,Los Angeles County,California,Torrance,138591.0,15776.0,94526.0,72099.0,,,,,140867.0,14248.0,,,,,138189.0,101028.0,,,146228.0,128327.0,$138591,$15776,$94526,$72099,,,,,$140867,$14248,,,,,$138189,$101028,,,$146228,$128327
2019,6037650102,Census Tract 6501.02,Torrance,Los Angeles County,California,Torrance,111979.0,20977.0,111995.0,44990.0,,,,,125488.0,67251.0,,,70560.0,56475.0,119802.0,99089.0,162630.0,48252.0,90222.0,6622.0,$111979,$20977,$111995,$44990,,,,,$125488,$67251,,,$70560,$56475,$119802,$99089,$162630,$48252,$90222,$6622
2019,6037650200,Census Tract 6502,Torrance,Los Angeles County,California,Torrance,119445.0,14037.0,121629.0,16602.0,,,,,136486.0,41426.0,,,90765.0,20733.0,110409.0,72150.0,120955.0,18629.0,100694.0,19803.0,$119445,$14037,$121629,$16602,,,,,$136486,$41426,,,$90765,$20733,$110409,$72150,$120955,$18629,$100694,$19803
2019,6037650300,Census Tract 6503,Torrance,Los Angeles County,California,Torrance,87688.0,21413.0,77821.0,23144.0,86457.0,57822.0,,,115427.0,46736.0,,,103200.0,41993.0,,,86845.0,27179.0,86084.0,55850.0,$87688,$21413,$77821,$23144,$86457,$57822,,,$115427,$46736,,,$103200,$41993,,,$86845,$27179,$86084,$55850
2019,6037650401,Census Tract 6504.01,Torrance,Los Angeles County,California,Torrance,168637.0,23161.0,144916.0,46238.0,,,,,204092.0,34203.0,,,174293.0,36231.0,106369.0,54018.0,132109.0,43449.0,174408.0,70070.0,$168637,$23161,$144916,$46238,,,,,$204092,$34203,,,$174293,$36231,$106369,$54018,$132109,$43449,$174408,$70070
2019,6037650501,Census Tract 6505.01,Torrance,Los Angeles County,California,Torrance,141746.0,14051.0,137686.0,13500.0,,,,,147685.0,47487.0,,,,,,,135463.0,12618.0,193645.0,62646.0,$141746,$14051,$137686,$13500,,,,,$147685,$47487,,,,,,,$135463,$12618,$193645,$62646
2019,6037650502,Census Tract 6505.02,Torrance,Los Angeles County,California,Torrance,145911.0,12175.0,122517.0,22650.0,,,,,187137.0,48442.0,,,151041.0,144260.0,,,120891.0,29712.0,151275.0,22252.0,$145911,$12175,$122517,$22650,,,,,$187137,$48442,,,$151041,$144260,,,$120891,$29712,$151275,$22252
2019,6037650602,Census Tract 6506.02,Torrance,Los Angeles County,California,Torrance,98923.0,24006.0,90765.0,35520.0,,,,,102193.0,41600.0,,,,,,,107234.0,25591.0,64926.0,24971.0,$98923,$24006,$90765,$35520,,,,,$102193,$41600,,,,,,,$107234,$25591,$64926,$24971
2019,6037650603,Census Tract 6506.03,Torrance,Los Angeles County,California,Torrance,107810.0,14685.0,108918.0,18802.0,,,,,91464.0,77599.0,,,,,,,103874.0,18206.0,117260.0,86331.0,$107810,$14685,$108918,$18802,,,,,$91464,$77599,,,,,,,$103874,$18206,$117260,$86331
2019,6037650604,Census Tract 6506.04,Torrance,Los Angeles County,California,Torrance,71889.0,9468.0,69442.0,7427.0,,,,,86727.0,39065.0,,,,,,,70809.0,6115.0,49524.0,22826.0,$71889,$9468,$69442,$7427,,,,,$86727,$39065,,,,,,,$70809,$6115,$49524,$22826
2019,6037650605,Census Tract 6506.05,Torrance,Los Angeles County,California,Torrance,99226.0,29559.0,78458.0,44804.0,82083.0,19027.0,,,134301.0,20051.0,,,77798.0,34001.0,,,87688.0,54210.0,79227.0,14412.0,$99226,$29559,$78458,$44804,$82083,$19027,,,$134301,$20051,,,$77798,$34001,,,$87688,$54210,$79227,$14412
2019,6037650701,Census Tract 6507.01,Torrance,Los Angeles County,California,Torrance,132301.0,15144.0,134382.0,22426.0,,,,,123840.0,18288.0,,,,,,,133206.0,25397.0,202298.0,89697.0,$132301,$15144,$134382,$22426,,,,,$123840,$18288,,,,,,,$133206,$25397,$202298,$89697
2019,6037650702,Census Tract 6507.02,Torrance,Los Angeles County,California,Torrance,156828.0,20059.0,170283.0,18537.0,,,,,155035.0,25942.0,,,,,113374.0,28383.0,171928.0,19544.0,113374.0,32869.0,$156828,$20059,$170283,$18537,,,,,$155035,$25942,,,,,$113374,$28383,$171928,$19544,$113374,$32869
2019,6037650800,Census Tract 6508,Torrance,Los Angeles County,California,Torrance,110050.0,15893.0,120320.0,22996.0,,,,,108066.0,20464.0,,,,,,,120461.0,25270.0,167428.0,144818.0,$110050,$15893,$120320,$22996,,,,,$108066,$20464,,,,,,,$120461,$25270,$167428,$144818
2019,6037650901,Census Tract 6509.01,Torrance,Los Angeles County,California,Torrance,104641.0,10152.0,96853.0,21470.0,,,,,135136.0,31840.0,,,133392.0,99532.0,93044.0,58295.0,103732.0,12311.0,68447.0,39239.0,$104641,$10152,$96853,$21470,,,,,$135136,$31840,,,$133392,$99532,$93044,$58295,$103732,$12311,$68447,$39239
2019,6037650902,Census Tract 6509.02,Torrance,Los Angeles County,California,Torrance,111819.0,16329.0,88825.0,52207.0,,,,,126117.0,29167.0,,,66861.0,66831.0,,,111799.0,40220.0,82133.0,39290.0,$111819,$16329,$88825,$52207,,,,,$126117,$29167,,,$66861,$66831,,,$111799,$40220,$82133,$39290
2019,6037651001,Census Tract 6510.01,Torrance,Los Angeles County,California,Torrance,118272.0,17981.0,118735.0,19764.0,,,,,150591.0,38554.0,,,61571.0,25728.0,,,122426.0,31234.0,62787.0,35472.0,$118272,$17981,$118735,$19764,,,,,$150591,$38554,,,$61571,$25728,,,$122426,$31234,$62787,$35472
2019,6037651002,Census Tract 6510.02,Torrance,Los Angeles County,California,Torrance,110157.0,27162.0,105087.0,14777.0,,,,,148539.0,57478.0,,,,,,,105425.0,12450.0,103172.0,28506.0,$110157,$27162,$105087,$14777,,,,,$148539,$57478,,,,,,,$105425,$12450,$103172,$28506
2019,6037651101,Census Tract 6511.01,Torrance,Los Angeles County,California,Torrance,122763.0,14935.0,106556.0,51255.0,,,,,135873.0,20097.0,,,,,,,104203.0,29384.0,175992.0,122340.0,$122763,$14935,$106556,$51255,,,,,$135873,$20097,,,,,,,$104203,$29384,$175992,$122340
2019,6037651102,Census Tract 6511.02,Torrance,Los Angeles County,California,Torrance,95195.0,15296.0,83483.0,12824.0,,,,,122900.0,14920.0,,,94281.0,84782.0,,,84803.0,20337.0,86150.0,44072.0,$95195,$15296,$83483,$12824,,,,,$122900,$14920,,,$94281,$84782,,,$84803,$20337,$86150,$44072
2019,6037651201,Census Tract 6512.01,Torrance,Los Angeles County,California,Torrance,171860.0,18179.0,164607.0,17662.0,,,,,185958.0,8646.0,,,,,,,163543.0,17401.0,186530.0,87554.0,$171860,$18179,$164607,$17662,,,,,$185958,$8646,,,,,,,$163543,$17401,$186530,$87554
2019,6037651221,Census Tract 6512.21,Torrance,Los Angeles County,California,Torrance,113327.0,20296.0,113670.0,28957.0,,,,,128540.0,22137.0,,,79312.0,33702.0,,,122192.0,47738.0,63548.0,35620.0,$113327,$20296,$113670,$28957,,,,,$128540,$22137,,,$79312,$33702,,,$122192,$47738,$63548,$35620
2019,6037651222,Census Tract 6512.22,Torrance,Los Angeles County,California,Torrance,109788.0,7895.0,105140.0,15828.0,90985.0,70162.0,,,117871.0,14909.0,,,,,167786.0,133255.0,111287.0,25397.0,105872.0,42352.0,$109788,$7895,$105140,$15828,$90985,$70162,,,$117871,$14909,,,,,$167786,$133255,$111287,$25397,$105872,$42352
2019,6037651302,Census Tract 6513.02,Torrance,Los Angeles County,California,Torrance,153647.0,15113.0,163006.0,24143.0,,,,,125093.0,49665.0,,,,,147910.0,53580.0,164607.0,24443.0,183068.0,100124.0,$153647,$15113,$163006,$24143,,,,,$125093,$49665,,,,,$147910,$53580,$164607,$24443,$183068,$100124
2019,6037651304,Census Tract 6513.04,Torrance,Los Angeles County,California,Torrance,106690.0,12129.0,104949.0,14951.0,,,,,,,,,,,119024.0,24384.0,101682.0,18841.0,103937.0,26832.0,$106690,$12129,$104949,$14951,,,,,,,,,,,$119024,$24384,$101682,$18841,$103937,$26832
2019,6037651401,Census Tract 6514.01,Torrance,Los Angeles County,California,Torrance,111918.0,18112.0,119048.0,43659.0,,,,,112387.0,11718.0,,,,,,,101648.0,21134.0,138136.0,12707.0,$111918,$18112,$119048,$43659,,,,,$112387,$11718,,,,,,,$101648,$21134,$138136,$12707
2019,6037651402,Census Tract 6514.02,Torrance,Los Angeles County,California,Torrance,124721.0,28602.0,150854.0,17525.0,,,,,78853.0,73440.0,,,,,,,150817.0,14771.0,,,$124721,$28602,$150854,$17525,,,,,$78853,$73440,,,,,,,$150817,$14771,,
2019,6037980005,Census Tract 9800.05,Torrance,Los Angeles County,California,Torrance,,,,,,,,,,,,,,,,,,,,,,,,,,,,,,,,,,,,,,,,
2020,6037650001,Census Tract 6500.01,Torrance,Los Angeles County,California,Torrance,112557.0,36822.0,120017.0,31032.0,,,,,80100.0,61127.0,,,119915.0,79883.0,124231.0,20002.0,131435.0,29965.0,119870.0,25225.0,$112557,$36822,$120017,$31032,,,,,$80100,$61127,,,$119915,$79883,$124231,$20002,$131435,$29965,$119870,$25225
2020,6037650003,Census Tract 6500.03,Torrance,Los Angeles County,California,Torrance,86634.0,14511.0,67003.0,23414.0,104466.0,49266.0,,,106896.0,26295.0,,,68508.0,23024.0,86917.0,31460.0,67610.0,28627.0,68699.0,15261.0,$86634,$14511,$67003,$23414,$104466,$49266,,,$106896,$26295,,,$68508,$23024,$86917,$31460,$67610,$28627,$68699,$15261
2020,6037650004,Census Tract 6500.04,Torrance,Los Angeles County,California,Torrance,110980.0,28406.0,110676.0,59325.0,74358.0,22319.0,,,141053.0,44137.0,,,117281.0,37005.0,,,100808.0,38382.0,137338.0,58083.0,$110980,$28406,$110676,$59325,$74358,$22319,,,$141053,$44137,,,$117281,$37005,,,$100808,$38382,$137338,$58083
2020,6037650101,Census Tract 6501.01,Torrance,Los Angeles County,California,Torrance,114752.0,32323.0,127737.0,70664.0,,,,,108481.0,31329.0,,,,,182014.0,147210.0,101550.0,57411.0,190701.0,50558.0,$114752,$32323,$127737,$70664,,,,,$108481,$31329,,,,,$182014,$147210,$101550,$57411,$190701,$50558
2020,6037650102,Census Tract 6501.02,Torrance,Los Angeles County,California,Torrance,114168.0,32380.0,128667.0,68944.0,,,,,151819.0,51258.0,,,82396.0,27408.0,101897.0,1126.0,160169.0,72425.0,88561.0,17380.0,$114168,$32380,$128667,$68944,,,,,$151819,$51258,,,$82396,$27408,$101897,$1126,$160169,$72425,$88561,$17380
2020,6037650200,Census Tract 6502,Torrance,Los Angeles County,California,Torrance,126067.0,5908.0,124823.0,13246.0,,,,,140516.0,25999.0,,,111249.0,30567.0,179740.0,85829.0,123036.0,15220.0,126661.0,37873.0,$126067,$5908,$124823,$13246,,,,,$140516,$25999,,,$111249,$30567,$179740,$85829,$123036,$15220,$126661,$37873
2020,6037650300,Census Tract 6503,Torrance,Los Angeles County,California,Torrance,102766.0,27350.0,71071.0,33874.0,93299.0,71018.0,,,146850.0,42254.0,,,,,42266.0,34900.0,68318.0,25571.0,102438.0,53592.0,$102766,$27350,$71071,$33874,$93299,$71018,,,$146850,$42254,,,,,$42266,$34900,$68318,$25571,$102438,$53592
2020,6037650401,Census Tract 6504.01,Torrance,Los Angeles County,California,Torrance,188963.0,31945.0,166783.0,63648.0,,,,,219631.0,29303.0,,,174374.0,35864.0,,,166856.0,66284.0,174158.0,69093.0,$188963,$31945,$166783,$63648,,,,,$219631,$29303,,,$174374,$35864,,,$166856,$66284,$174158,$69093
2020,6037650501,Census Tract 6505.01,Torrance,Los Angeles County,California,Torrance,145077.0,20445.0,143059.0,16286.0,,,,,162880.0,59650.0,,,,,,,141360.0,24146.0,173073.0,76286.0,$145077,$20445,$143059,$16286,,,,,$162880,$59650,,,,,,,$141360,$24146,$173073,$76286
2020,6037650502,Census Tract 6505.02,Torrance,Los Angeles County,California,Torrance,148467.0,16562.0,146221.0,28175.0,,,,,191460.0,86300.0,,,,,65235.0,19677.0,145746.0,28191.0,151211.0,68122.0,$148467,$16562,$146221,$28175,,,,,$191460,$86300,,,,,$65235,$19677,$145746,$28191,$151211,$68122
2020,6037650603,Census Tract 6506.03,Torrance,Los Angeles County,California,Torrance,93395.0,20357.0,111536.0,23555.0,,,,,79218.0,25767.0,,,25809.0,1691.0,,,100022.0,26839.0,,,$93395,$20357,$111536,$23555,,,,,$79218,$25767,,,$25809,$1691,,,$100022,$26839,,
2020,6037650604,Census Tract 6506.04,Torrance,Los Angeles County,California,Torrance,79811.0,14066.0,80464.0,16427.0,,,,,87802.0,26844.0,,,,,65502.0,26859.0,82667.0,16033.0,64185.0,26647.0,$79811,$14066,$80464,$16427,,,,,$87802,$26844,,,,,$65502,$26859,$82667,$16033,$64185,$26647
2020,6037650605,Census Tract 6506.05,Torrance,Los Angeles County,California,Torrance,99897.0,26029.0,79515.0,32516.0,81644.0,24959.0,,,133943.0,7325.0,,,77575.0,27946.0,,,81223.0,48780.0,77917.0,5632.0,$99897,$26029,$79515,$32516,$81644,$24959,,,$133943,$7325,,,$77575,$27946,,,$81223,$48780,$77917,$5632
2020,6037650606,Census Tract 6506.06,Torrance,Los Angeles County,California,Torrance,81909.0,17213.0,58081.0,12964.0,3035.0,,,,148549.0,56812.0,,,,,,,59871.0,22910.0,52082.0,5689.0,$81909,$17213,$58081,$12964,$3035,,,,$148549,$56812,,,,,,,$59871,$22910,$52082,$5689
2020,6037650607,Census Tract 6506.07,Torrance,Los Angeles County,California,Torrance,141381.0,55285.0,152862.0,73981.0,,,,,107791.0,74788.0,,,,,,,152862.0,73981.0,,,$141381,$55285,$152862,$73981,,,,,$107791,$74788,,,,,,,$152862,$73981,,
2020,6037650701,Census Tract 6507.01,Torrance,Los Angeles County,California,Torrance,142710.0,13856.0,142203.0,28669.0,,,,,137143.0,19495.0,,,234139.0,153856.0,231849.0,145600.0,133348.0,28623.0,202299.0,62201.0,$142710,$13856,$142203,$28669,,,,,$137143,$19495,,,$234139,$153856,$231849,$145600,$133348,$28623,$202299,$62201
2020,6037650702,Census Tract 6507.02,Torrance,Los Angeles County,California,Torrance,149016.0,14696.0,149466.0,28632.0,,,,,166545.0,45266.0,,,,,123872.0,7055.0,149845.0,34124.0,131779.0,20411.0,$149016,$14696,$149466,$28632,,,,,$166545,$45266,,,,,$123872,$7055,$149845,$34124,$131779,$20411
2020,6037650801,Census Tract 6508.01,Torrance,Los Angeles County,California,Torrance,140287.0,23393.0,120251.0,63331.0,,,,,140545.0,24071.0,,,,,,,120932.0,73217.0,198454.0,148943.0,$140287,$23393,$120251,$63331,,,,,$140545,$24071,,,,,,,$120932,$73217,$198454,$148943
2020,6037650802,Census Tract 6508.02,Torrance,Los Angeles County,California,Torrance,110828.0,34494.0,124836.0,45091.0,,,,,110321.0,66625.0,,,,,,,117134.0,48331.0,,,$110828,$34494,$124836,$45091,,,,,$110321,$66625,,,,,,,$117134,$48331,,
2020,6037650901,Census Tract 6509.01,Torrance,Los Angeles County,California,Torrance,92230.0,25000.0,71445.0,29164.0,,,,,137930.0,38168.0,,,,,93184.0,22394.0,78833.0,36253.0,66987.0,46209.0,$92230,$25000,$71445,$29164,,,,,$137930,$38168,,,,,$93184,$22394,$78833,$36253,$66987,$46209
2020,6037650903,Census Tract 6509.03,Torrance,Los Angeles County,California,Torrance,111182.0,37009.0,111941.0,41221.0,,,,,135119.0,49923.0,,,77811.0,36409.0,116141.0,30507.0,99441.0,43469.0,78543.0,62517.0,$111182,$37009,$111941,$41221,,,,,$135119,$49923,,,$77811,$36409,$116141,$30507,$99441,$43469,$78543,$62517
2020,6037650904,Census Tract 6509.04,Torrance,Los Angeles County,California,Torrance,120053.0,19470.0,115591.0,48935.0,,,,,140505.0,22991.0,,,,,,,116429.0,35920.0,84913.0,31895.0,$120053,$19470,$115591,$48935,,,,,$140505,$22991,,,,,,,$116429,$35920,$84913,$31895
2020,6037651001,Census Tract 6510.01,Torrance,Los Angeles County,California,Torrance,128034.0,27648.0,111984.0,26607.0,,,,,210161.0,67710.0,,,53834.0,16789.0,,,120106.0,36648.0,61856.0,35852.0,$128034,$27648,$111984,$26607,,,,,$210161,$67710,,,$53834,$16789,,,$120106,$36648,$61856,$35852
2020,6037651002,Census Tract 6510.02,Torrance,Los Angeles County,California,Torrance,112156.0,30131.0,99315.0,10347.0,,,,,147609.0,32495.0,,,98725.0,781.0,,,95863.0,16797.0,99540.0,5416.0,$112156,$30131,$99315,$10347,,,,,$147609,$32495,,,$98725,$781,,,$95863,$16797,$99540,$5416
2020,6037651101,Census Tract 6511.01,Torrance,Los Angeles County,California,Torrance,119411.0,19350.0,107389.0,45787.0,113990.0,20590.0,,,139104.0,18119.0,,,,,,,101149.0,38580.0,177324.0,83330.0,$119411,$19350,$107389,$45787,$113990,$20590,,,$139104,$18119,,,,,,,$101149,$38580,$177324,$83330
2020,6037651102,Census Tract 6511.02,Torrance,Los Angeles County,California,Torrance,94684.0,21413.0,98986.0,25852.0,,,,,94412.0,33648.0,,,92392.0,84813.0,116648.0,52109.0,101185.0,22433.0,90522.0,51482.0,$94684,$21413,$98986,$25852,,,,,$94412,$33648,,,$92392,$84813,$116648,$52109,$101185,$22433,$90522,$51482
2020,6037651201,Census Tract 6512.01,Torrance,Los Angeles County,California,Torrance,160358.0,23848.0,159323.0,21545.0,,,,,167912.0,99775.0,,,,,,,159066.0,20183.0,186737.0,105482.0,$160358,$23848,$159323,$21545,,,,,$167912,$99775,,,,,,,$159066,$20183,$186737,$105482
2020,6037651221,Census Tract 6512.21,Torrance,Los Angeles County,California,Torrance,102781.0,23584.0,107256.0,31898.0,79044.0,62053.0,,,135358.0,19330.0,,,,,93260.0,76358.0,124012.0,47489.0,50607.0,40487.0,$102781,$23584,$107256,$31898,$79044,$62053,,,$135358,$19330,,,,,$93260,$76358,$124012,$47489,$50607,$40487
2020,6037651222,Census Tract 6512.22,Torrance,Los Angeles County,California,Torrance,110479.0,8994.0,99926.0,12812.0,140629.0,42209.0,,,118823.0,11592.0,,,,,,,99317.0,15784.0,105157.0,12088.0,$110479,$8994,$99926,$12812,$140629,$42209,,,$118823,$11592,,,,,,,$99317,$15784,$105157,$12088
2020,6037651302,Census Tract 6513.02,Torrance,Los Angeles County,California,Torrance,154012.0,20072.0,158325.0,25742.0,,,,,161929.0,58433.0,,,,,149408.0,71712.0,156373.0,32380.0,184986.0,109918.0,$154012,$20072,$158325,$25742,,,,,$161929,$58433,,,,,$149408,$71712,$156373,$32380,$184986,$109918
2020,6037651304,Census Tract 6513.04,Torrance,Los Angeles County,California,Torrance,118953.0,7596.0,115431.0,19406.0,,,,,219404.0,21406.0,,,116569.0,13100.0,,,115623.0,28212.0,115603.0,10150.0,$118953,$7596,$115431,$19406,,,,,$219404,$21406,,,$116569,$13100,,,$115623,$28212,$115603,$10150
2020,6037651401,Census Tract 6514.01,Torrance,Los Angeles County,California,Torrance,100200.0,25529.0,124744.0,42966.0,,,,,,,,,,,,,100890.0,40268.0,139022.0,10548.0,$100200,$25529,$124744,$42966,,,,,,,,,,,,,$100890,$40268,$139022,$10548
2020,6037651402,Census Tract 6514.02,Torrance,Los Angeles County,California,Torrance,86855.0,33495.0,123840.0,42116.0,,,,,62853.0,35705.0,,,,,,,140317.0,35807.0,55472.0,30846.0,$86855,$33495,$123840,$42116,,,,,$62853,$35705,,,,,,,$140317,$35807,$55472,$30846
2020,6037980005,Census Tract 9800.05,Torrance,Los Angeles County,California,Torrance,,,,,,,,,,,,,,,,,,,,,,,,,,,,,,,,,,,,,,,,
2020,6037990200,Census Tract 9902,Torrance,Los Angeles County,California,Torrance,,,,,,,,,,,,,,,,,,,,,,,,,,,,,,,,,,,,,,,,
2021,6037650001,Census Tract 6500.01,Torrance,Los Angeles County,California,Torrance,106571.0,34193.0,107439.0,37501.0,,,,,81768.0,50923.0,,,119452.0,106274.0,131038.0,37644.0,115022.0,32321.0,119852.0,37647.0,$106571,$34193,$107439,$37501,,,,,$81768,$50923,,,$119452,$106274,$131038,$37644,$115022,$32321,$119852,$37647
2021,6037650003,Census Tract 6500.03,Torrance,Los Angeles County,California,Torrance,88486.0,13543.0,81203.0,42776.0,88341.0,51318.0,,,113582.0,39302.0,,,87013.0,37830.0,88437.0,24417.0,95968.0,62127.0,72968.0,27975.0,$88486,$13543,$81203,$42776,$88341,$51318,,,$113582,$39302,,,$87013,$37830,$88437,$24417,$95968,$62127,$72968,$27975
2021,6037650004,Census Tract 6500.04,Torrance,Los Angeles County,California,Torrance,119674.0,27854.0,111512.0,59400.0,73525.0,36532.0,,,148497.0,51442.0,,,129277.0,22994.0,86732.0,44708.0,103357.0,34331.0,115687.0,52403.0,$119674,$27854,$111512,$59400,$73525,$36532,,,$148497,$51442,,,$129277,$22994,$86732,$44708,$103357,$34331,$115687,$52403
2021,6037650101,Census Tract 6501.01,Torrance,Los Angeles County,California,Torrance,128381.0,36585.0,100080.0,34106.0,,,,,138249.0,46600.0,,,,,,,100308.0,45509.0,,,$128381,$36585,$100080,$34106,,,,,$138249,$46600,,,,,,,$100308,$45509,,
2021,6037650102,Census Tract 6501.02,Torrance,Los Angeles County,California,Torrance,108105.0,16730.0,112236.0,65536.0,,,,,127048.0,44686.0,,,67422.0,63129.0,100480.0,42356.0,171021.0,83415.0,90152.0,18932.0,$108105,$16730,$112236,$65536,,,,,$127048,$44686,,,$67422,$63129,$100480,$42356,$171021,$83415,$90152,$18932
2021,6037650200,Census Tract 6502,Torrance,Los Angeles County,California,Torrance,128856.0,11664.0,126465.0,10709.0,,,,,144532.0,66491.0,,,125609.0,25959.0,175813.0,72502.0,125306.0,11274.0,143856.0,63681.0,$128856,$11664,$126465,$10709,,,,,$144532,$66491,,,$125609,$25959,$175813,$72502,$125306,$11274,$143856,$63681
2021,6037650300,Census Tract 6503,Torrance,Los Angeles County,California,Torrance,90824.0,21640.0,73665.0,23782.0,,,,,115603.0,57840.0,,,103350.0,82780.0,75238.0,43320.0,63271.0,17974.0,112489.0,36070.0,$90824,$21640,$73665,$23782,,,,,$115603,$57840,,,$103350,$82780,$75238,$43320,$63271,$17974,$112489,$36070
2021,6037650401,Census Tract 6504.01,Torrance,Los Angeles County,California,Torrance,166650.0,21000.0,122615.0,35135.0,,,,,222367.0,29486.0,,,174226.0,33974.0,,,120428.0,29973.0,160752.0,35796.0,$166650,$21000,$122615,$35135,,,,,$222367,$29486,,,$174226,$33974,,,$120428,$29973,$160752,$35796
2021,6037650501,Census Tract 6505.01,Torrance,Los Angeles County,California,Torrance,184440.0,42017.0,183509.0,64018.0,,,,,194474.0,52080.0,,,,,,,167088.0,74016.0,194785.0,122483.0,$184440,$42017,$183509,$64018,,,,,$194474,$52080,,,,,,,$167088,$74016,$194785,$122483
2021,6037650502,Census Tract 6505.02,Torrance,Los Angeles County,California,Torrance,148307.0,15875.0,145545.0,24245.0,,,,,221577.0,56962.0,,,241193.0,77712.0,61912.0,5007.0,147790.0,20956.0,180941.0,87020.0,$148307,$15875,$145545,$24245,,,,,$221577,$56962,,,$241193,$77712,$61912,$5007,$147790,$20956,$180941,$87020
2021,6037650603,Census Tract 6506.03,Torrance,Los Angeles County,California,Torrance,102616.0,31878.0,107348.0,33400.0,,,,,85445.0,58647.0,,,25309.0,6876.0,,,101996.0,28788.0,,,$102616,$31878,$107348,$33400,,,,,$85445,$58647,,,$25309,$6876,,,$101996,$28788,,
2021,6037650604,Census Tract 6506.04,Torrance,Los Angeles County,California,Torrance,73722.0,12299.0,94985.0,21751.0,60432.0,39148.0,,,80759.0,28885.0,,,36441.0,572.0,54051.0,21380.0,95612.0,21437.0,36675.0,4058.0,$73722,$12299,$94985,$21751,$60432,$39148,,,$80759,$28885,,,$36441,$572,$54051,$21380,$95612,$21437,$36675,$4058
2021,6037650605,Census Tract 6506.05,Torrance,Los Angeles County,California,Torrance,103818.0,37265.0,81390.0,40682.0,80829.0,29402.0,,,135052.0,13679.0,,,76904.0,9808.0,73497.0,35787.0,65859.0,47216.0,78475.0,10557.0,$103818,$37265,$81390,$40682,$80829,$29402,,,$135052,$13679,,,$76904,$9808,$73497,$35787,$65859,$47216,$78475,$10557
2021,6037650606,Census Tract 6506.06,Torrance,Los Angeles County,California,Torrance,78650.0,12497.0,59542.0,24972.0,,,,,126792.0,57692.0,,,48707.0,22465.0,45558.0,36771.0,61670.0,29307.0,48530.0,9874.0,$78650,$12497,$59542,$24972,,,,,$126792,$57692,,,$48707,$22465,$45558,$36771,$61670,$29307,$48530,$9874
2021,6037650607,Census Tract 6506.07,Torrance,Los Angeles County,California,Torrance,114083.0,39434.0,168621.0,26522.0,,,,,107419.0,48911.0,,,,,,,168621.0,26522.0,,,$114083,$39434,$168621,$26522,,,,,$107419,$48911,,,,,,,$168621,$26522,,
2021,6037650701,Census Tract 6507.01,Torrance,Los Angeles County,California,Torrance,131984.0,18492.0,121345.0,19645.0,,,,,142311.0,22205.0,,,,,,,120597.0,21158.0,175414.0,63300.0,$131984,$18492,$121345,$19645,,,,,$142311,$22205,,,,,,,$120597,$21158,$175414,$63300
2021,6037650702,Census Tract 6507.02,Torrance,Los Angeles County,California,Torrance,150581.0,19224.0,163058.0,27866.0,,,,,185164.0,40069.0,,,,,127621.0,7550.0,158096.0,30092.0,133719.0,63137.0,$150581,$19224,$163058,$27866,,,,,$185164,$40069,,,,,$127621,$7550,$158096,$30092,$133719,$63137
2021,6037650801,Census Tract 6508.01,Torrance,Los Angeles County,California,Torrance,138471.0,21128.0,158635.0,60498.0,,,,,132799.0,21271.0,,,,,,,138908.0,60469.0,198989.0,94854.0,$138471,$21128,$158635,$60498,,,,,$132799,$21271,,,,,,,$138908,$60469,$198989,$94854
2021,6037650802,Census Tract 6508.02,Torrance,Los Angeles County,California,Torrance,117909.0,30302.0,126882.0,34830.0,,,,,121790.0,52927.0,,,,,,,125574.0,50094.0,,,$117909,$30302,$126882,$34830,,,,,$121790,$52927,,,,,,,$125574,$50094,,
2021,6037650901,Census Tract 6509.01,Torrance,Los Angeles County,California,Torrance,92123.0,23291.0,80872.0,32168.0,,,,,101272.0,91798.0,,,,,,,96445.0,24549.0,67365.0,34854.0,$92123,$23291,$80872,$32168,,,,,$101272,$91798,,,,,,,$96445,$24549,$67365,$34854
2021,6037650903,Census Tract 6509.03,Torrance,Los Angeles County,California,Torrance,103321.0,33610.0,111200.0,39243.0,,,,,126889.0,51307.0,,,76702.0,20992.0,133880.0,53169.0,110831.0,36451.0,77301.0,39142.0,$103321,$33610,$111200,$39243,,,,,$126889,$51307,,,$76702,$20992,$133880,$53169,$110831,$36451,$77301,$39142
2021,6037650904,Census Tract 6509.04,Torrance,Los Angeles County,California,Torrance,125289.0,14913.0,111186.0,54006.0,,,,,138084.0,24454.0,,,,,,,111186.0,54006.0,,,$125289,$14913,$111186,$54006,,,,,$138084,$24454,,,,,,,$111186,$54006,,
2021,6037651001,Census Tract 6510.01,Torrance,Los Angeles County,California,Torrance,125090.0,26888.0,109890.0,28357.0,,,,,223646.0,60297.0,,,53403.0,20237.0,117144.0,86279.0,114186.0,35858.0,91895.0,65360.0,$125090,$26888,$109890,$28357,,,,,$223646,$60297,,,$53403,$20237,$117144,$86279,$114186,$35858,$91895,$65360
2021,6037651002,Census Tract 6510.02,Torrance,Los Angeles County,California,Torrance,122410.0,24910.0,91974.0,11817.0,,,,,157886.0,24906.0,,,97431.0,9231.0,122678.0,24669.0,91163.0,5599.0,103627.0,16442.0,$122410,$24910,$91974,$11817,,,,,$157886,$24906,,,$97431,$9231,$122678,$24669,$91163,$5599,$103627,$16442
2021,6037651101,Census Tract 6511.01,Torrance,Los Angeles County,California,Torrance,116732.0,17268.0,98093.0,30426.0,113414.0,52337.0,,,139147.0,16540.0,,,70041.0,52921.0,,,88790.0,23759.0,174247.0,120087.0,$116732,$17268,$98093,$30426,$113414,$52337,,,$139147,$16540,,,$70041,$52921,,,$88790,$23759,$174247,$120087
2021,6037651102,Census Tract 6511.02,Torrance,Los Angeles County,California,Torrance,87595.0,16007.0,95375.0,39545.0,,,,,89232.0,38122.0,,,89376.0,89257.0,66402.0,42941.0,86498.0,41140.0,125415.0,31689.0,$87595,$16007,$95375,$39545,,,,,$89232,$38122,,,$89376,$89257,$66402,$42941,$86498,$41140,$125415,$31689
2021,6037651201,Census Tract 6512.01,Torrance,Los Angeles County,California,Torrance,175185.0,26719.0,183380.0,43979.0,,,,,171169.0,124714.0,,,,,228456.0,178822.0,176556.0,50771.0,196233.0,177291.0,$175185,$26719,$183380,$43979,,,,,$171169,$124714,,,,,$228456,$178822,$176556,$50771,$196233,$177291
2021,6037651221,Census Tract 6512.21,Torrance,Los Angeles County,California,Torrance,111359.0,13773.0,108616.0,32536.0,80748.0,19909.0,,,136615.0,18271.0,,,171547.0,85056.0,66355.0,34258.0,121427.0,29818.0,55122.0,31462.0,$111359,$13773,$108616,$32536,$80748,$19909,,,$136615,$18271,,,$171547,$85056,$66355,$34258,$121427,$29818,$55122,$31462
2021,6037651222,Census Tract 6512.22,Torrance,Los Angeles County,California,Torrance,110386.0,8860.0,105093.0,12763.0,,,,,118219.0,13394.0,,,108078.0,33817.0,123388.0,85986.0,102823.0,19968.0,107285.0,4721.0,$110386,$8860,$105093,$12763,,,,,$118219,$13394,,,$108078,$33817,$123388,$85986,$102823,$19968,$107285,$4721
2021,6037651302,Census Tract 6513.02,Torrance,Los Angeles County,California,Torrance,161769.0,22201.0,169441.0,43471.0,,,,,164158.0,49831.0,,,235989.0,87355.0,135315.0,46678.0,169178.0,44574.0,,,$161769,$22201,$169441,$43471,,,,,$164158,$49831,,,$235989,$87355,$135315,$46678,$169178,$44574,,
2021,6037651304,Census Tract 6513.04,Torrance,Los Angeles County,California,Torrance,120225.0,10640.0,119144.0,13237.0,,,,,203836.0,100682.0,,,113746.0,13929.0,162476.0,140167.0,119374.0,16949.0,113981.0,7189.0,$120225,$10640,$119144,$13237,,,,,$203836,$100682,,,$113746,$13929,$162476,$140167,$119374,$16949,$113981,$7189
2021,6037651401,Census Tract 6514.01,Torrance,Los Angeles County,California,Torrance,97286.0,17146.0,94961.0,19144.0,,,,,102099.0,84997.0,,,,,108553.0,94177.0,91088.0,24329.0,137097.0,37448.0,$97286,$17146,$94961,$19144,,,,,$102099,$84997,,,,,$108553,$94177,$91088,$24329,$137097,$37448
2021,6037651402,Census Tract 6514.02,Torrance,Los Angeles County,California,Torrance,116483.0,36593.0,124496.0,38992.0,,,,,84961.0,46890.0,,,55470.0,49627.0,,,140839.0,27814.0,,,$116483,$36593,$124496,$38992,,,,,$84961,$46890,,,$55470,$49627,,,$140839,$27814,,
2021,6037980005,Census Tract 9800.05,Torrance,Los Angeles County,California,Torrance,,,,,,,,,,,,,,,,,,,,,,,,,,,,,,,,,,,,,,,,
2021,6037990200,Census Tract 9902,Torrance,Los Angeles County,California,Torrance,,,,,,,,,,,,,,,,,,,,,,,,,,,,,,,,,,,,,,,,
2022,6037650001,Census Tract 6500.01,Torrance,Los Angeles County,California,Torrance,113938.0,28631.0,108171.0,42596.0,,,,,108573.0,44584.0,,,,,132908.0,63559.0,113964.0,47451.0,121428.0,54001.0,$113938,$28631,$108171,$42596,,,,,$108573,$44584,,,,,$132908,$63559,$113964,$47451,$121428,$54001
2022,6037650003,Census Tract 6500.03,Torrance,Los Angeles County,California,Torrance,82278.0,15376.0,82786.0,66318.0,54649.0,27259.0,,,112990.0,37124.0,,,66045.0,42292.0,69203.0,32109.0,82997.0,68038.0,66596.0,19407.0,$82278,$15376,$82786,$66318,$54649,$27259,,,$112990,$37124,,,$66045,$42292,$69203,$32109,$82997,$68038,$66596,$19407
2022,6037650004,Census Tract 6500.04,Torrance,Los Angeles County,California,Torrance,101896.0,21335.0,103834.0,62352.0,73122.0,43521.0,,,134873.0,23622.0,,,115605.0,59610.0,96638.0,38517.0,90570.0,34435.0,116085.0,54275.0,$101896,$21335,$103834,$62352,$73122,$43521,,,$134873,$23622,,,$115605,$59610,$96638,$38517,$90570,$34435,$116085,$54275
2022,6037650101,Census Tract 6501.01,Torrance,Los Angeles County,California,Torrance,112990.0,20898.0,90375.0,50591.0,,,,,112851.0,33818.0,,,211906.0,197116.0,,,88670.0,46801.0,120437.0,107744.0,$112990,$20898,$90375,$50591,,,,,$112851,$33818,,,$211906,$197116,,,$88670,$46801,$120437,$107744
2022,6037650102,Census Tract 6501.02,Torrance,Los Angeles County,California,Torrance,121475.0,29399.0,160968.0,78642.0,129365.0,37315.0,,,128226.0,65579.0,,,85636.0,11773.0,99997.0,51069.0,169083.0,47679.0,85636.0,18118.0,$121475,$29399,$160968,$78642,$129365,$37315,,,$128226,$65579,,,$85636,$11773,$99997,$51069,$169083,$47679,$85636,$18118
2022,6037650200,Census Tract 6502,Torrance,Los Angeles County,California,Torrance,128202.0,13568.0,114604.0,11180.0,,,,,176921.0,70046.0,,,128130.0,76908.0,175663.0,87441.0,113574.0,8281.0,177428.0,51064.0,$128202,$13568,$114604,$11180,,,,,$176921,$70046,,,$128130,$76908,$175663,$87441,$113574,$8281,$177428,$51064
2022,6037650300,Census Tract 6503,Torrance,Los Angeles County,California,Torrance,87861.0,25429.0,71550.0,27757.0,,,,,107942.0,84386.0,,,,,103701.0,11304.0,71993.0,34382.0,74829.0,52494.0,$87861,$25429,$71550,$27757,,,,,$107942,$84386,,,,,$103701,$11304,$71993,$34382,$74829,$52494
2022,6037650401,Census Tract 6504.01,Torrance,Los Angeles County,California,Torrance,168615.0,18198.0,143054.0,47480.0,,,,,217048.0,29630.0,,,174380.0,28651.0,142834.0,109274.0,131221.0,52196.0,163121.0,43942.0,$168615,$18198,$143054,$47480,,,,,$217048,$29630,,,$174380,$28651,$142834,$109274,$131221,$52196,$163121,$43942
2022,6037650501,Census Tract 6505.01,Torrance,Los Angeles County,California,Torrance,182799.0,36654.0,184558.0,48309.0,,,,,175277.0,45502.0,,,,,135153.0,94385.0,182380.0,57159.0,247741.0,98319.0,$182799,$36654,$184558,$48309,,,,,$175277,$45502,,,,,$135153,$94385,$182380,$57159,$247741,$98319
2022,6037650502,Census Tract 6505.02,Torrance,Los Angeles County,California,Torrance,148153.0,11568.0,149053.0,12362.0,,,,,195276.0,73125.0,,,,,,,148781.0,11556.0,174007.0,37013.0,$148153,$11568,$149053,$12362,,,,,$195276,$73125,,,,,,,$148781,$11556,$174007,$37013
2022,6037650603,Census Tract 6506.03,Torrance,Los Angeles County,California,Torrance,119376.0,27268.0,111969.0,32241.0,237641.0,107195.0,,,108859.0,46771.0,,,,,,,104870.0,33736.0,137824.0,131880.0,$119376,$27268,$111969,$32241,$237641,$107195,,,$108859,$46771,,,,,,,$104870,$33736,$137824,$131880
2022,6037650604,Census Tract 6506.04,Torrance,Los Angeles County,California,Torrance,72707.0,7015.0,82515.0,22852.0,58862.0,50258.0,,,69532.0,21003.0,,,36542.0,13919.0,52537.0,18158.0,83425.0,23256.0,37422.0,7102.0,$72707,$7015,$82515,$22852,$58862,$50258,,,$69532,$21003,,,$36542,$13919,$52537,$18158,$83425,$23256,$37422,$7102
2022,6037650605,Census Tract 6506.05,Torrance,Los Angeles County,California,Torrance,132518.0,41658.0,87087.0,57327.0,82945.0,18052.0,,,136446.0,24244.0,,,80054.0,55732.0,113118.0,94259.0,84541.0,16010.0,101309.0,63302.0,$132518,$41658,$87087,$57327,$82945,$18052,,,$136446,$24244,,,$80054,$55732,$113118,$94259,$84541,$16010,$101309,$63302
2022,6037650606,Census Tract 6506.06,Torrance,Los Angeles County,California,Torrance,87188.0,29824.0,79483.0,20472.0,,,,,150157.0,38888.0,,,,,54867.0,26591.0,83378.0,14694.0,55003.0,39264.0,$87188,$29824,$79483,$20472,,,,,$150157,$38888,,,,,$54867,$26591,$83378,$14694,$55003,$39264
2022,6037650607,Census Tract 6506.07,Torrance,Los Angeles County,California,Torrance,103091.0,18800.0,134675.0,65841.0,,,,,107854.0,56101.0,,,,,,,134675.0,65841.0,,,$103091,$18800,$134675,$65841,,,,,$107854,$56101,,,,,,,$134675,$65841,,
2022,6037650701,Census Tract 6507.01,Torrance,Los Angeles County,California,Torrance,140557.0,28393.0,124065.0,16961.0,,,,,162618.0,43009.0,,,175849.0,99775.0,238735.0,17328.0,123798.0,17765.0,176184.0,75503.0,$140557,$28393,$124065,$16961,,,,,$162618,$43009,,,$175849,$99775,$238735,$17328,$123798,$17765,$176184,$75503
2022,6037650702,Census Tract 6507.02,Torrance,Los Angeles County,California,Torrance,156677.0,20750.0,150058.0,24622.0,,,,,232008.0,79122.0,,,,,122746.0,4161.0,150141.0,25052.0,112334.0,29632.0,$156677,$20750,$150058,$24622,,,,,$232008,$79122,,,,,$122746,$4161,$150141,$25052,$112334,$29632
2022,6037650801,Census Tract 6508.01,Torrance,Los Angeles County,California,Torrance,139027.0,19615.0,121457.0,35234.0,,,,,146887.0,15033.0,,,,,,,122960.0,57980.0,,,$139027,$19615,$121457,$35234,,,,,$146887,$15033,,,,,,,$122960,$57980,,
2022,6037650802,Census Tract 6508.02,Torrance,Los Angeles County,California,Torrance,131455.0,15339.0,131551.0,27067.0,,,,,132187.0,28068.0,,,,,,,128621.0,19530.0,,,$131455,$15339,$131551,$27067,,,,,$132187,$28068,,,,,,,$128621,$19530,,
2022,6037650901,Census Tract 6509.01,Torrance,Los Angeles County,California,Torrance,100203.0,16010.0,105308.0,25367.0,,,,,93724.0,16230.0,,,,,116707.0,89419.0,108337.0,34827.0,68431.0,49119.0,$100203,$16010,$105308,$25367,,,,,$93724,$16230,,,,,$116707,$89419,$108337,$34827,$68431,$49119
2022,6037650903,Census Tract 6509.03,Torrance,Los Angeles County,California,Torrance,90579.0,42346.0,114804.0,35750.0,,,,,125515.0,64823.0,,,75146.0,42444.0,134625.0,68469.0,113549.0,33854.0,75703.0,25387.0,$90579,$42346,$114804,$35750,,,,,$125515,$64823,,,$75146,$42444,$134625,$68469,$113549,$33854,$75703,$25387
2022,6037650904,Census Tract 6509.04,Torrance,Los Angeles County,California,Torrance,137025.0,27106.0,111893.0,29070.0,,,,,140576.0,37241.0,,,,,,,111893.0,29070.0,,,$137025,$27106,$111893,$29070,,,,,$140576,$37241,,,,,,,$111893,$29070,,
2022,6037651001,Census Tract 6510.01,Torrance,Los Angeles County,California,Torrance,126388.0,23046.0,126962.0,25898.0,,,,,206644.0,71361.0,,,58245.0,29839.0,83195.0,33924.0,122071.0,33511.0,107575.0,55822.0,$126388,$23046,$126962,$25898,,,,,$206644,$71361,,,$58245,$29839,$83195,$33924,$122071,$33511,$107575,$55822
2022,6037651002,Census Tract 6510.02,Torrance,Los Angeles County,California,Torrance,132275.0,24069.0,121755.0,51429.0,,,,,160568.0,25342.0,,,98238.0,10263.0,121644.0,30470.0,127784.0,47665.0,100908.0,14704.0,$132275,$24069,$121755,$51429,,,,,$160568,$25342,,,$98238,$10263,$121644,$30470,$127784,$47665,$100908,$14704
2022,6037651101,Census Tract 6511.01,Torrance,Los Angeles County,California,Torrance,119242.0,31728.0,101155.0,45367.0,83737.0,30223.0,,,141547.0,22944.0,,,118974.0,67076.0,,,100887.0,41809.0,102272.0,51891.0,$119242,$31728,$101155,$45367,$83737,$30223,,,$141547,$22944,,,$118974,$67076,,,$100887,$41809,$102272,$51891
2022,6037651102,Census Tract 6511.02,Torrance,Los Angeles County,California,Torrance,84362.0,13575.0,99860.0,38994.0,,,,,86138.0,28408.0,,,91329.0,55810.0,61803.0,26041.0,97805.0,40355.0,,,$84362,$13575,$99860,$38994,,,,,$86138,$28408,,,$91329,$55810,$61803,$26041,$97805,$40355,,
2022,6037651201,Census Tract 6512.01,Torrance,Los Angeles County,California,Torrance,170412.0,28015.0,176566.0,48229.0,,,,,168011.0,137063.0,,,,,177266.0,96799.0,176566.0,46734.0,,,$170412,$28015,$176566,$48229,,,,,$168011,$137063,,,,,$177266,$96799,$176566,$46734,,
2022,6037651221,Census Tract 6512.21,Torrance,Los Angeles County,California,Torrance,111471.0,13707.0,93190.0,37145.0,91374.0,21181.0,,,137381.0,21387.0,,,146038.0,97336.0,66637.0,30617.0,108524.0,45523.0,,,$111471,$13707,$93190,$37145,$91374,$21181,,,$137381,$21387,,,$146038,$97336,$66637,$30617,$108524,$45523,,
2022,6037651222,Census Tract 6512.22,Torrance,Los Angeles County,California,Torrance,111524.0,7974.0,106737.0,14455.0,,,,,111203.0,23921.0,,,110302.0,107222.0,145260.0,41509.0,104727.0,18515.0,111804.0,11536.0,$111524,$7974,$106737,$14455,,,,,$111203,$23921,,,$110302,$107222,$145260,$41509,$104727,$18515,$111804,$11536
2022,6037651302,Census Tract 6513.02,Torrance,Los Angeles County,California,Torrance,170846.0,41411.0,175238.0,48806.0,,,,,191039.0,60772.0,,,,,147492.0,25522.0,174568.0,44210.0,,,$170846,$41411,$175238,$48806,,,,,$191039,$60772,,,,,$147492,$25522,$174568,$44210,,
2022,6037651304,Census Tract 6513.04,Torrance,Los Angeles County,California,Torrance,118251.0,8535.0,107631.0,17821.0,,,,,138725.0,84144.0,,,115916.0,19428.0,,,102933.0,17462.0,116331.0,12222.0,$118251,$8535,$107631,$17821,,,,,$138725,$84144,,,$115916,$19428,,,$102933,$17462,$116331,$12222
2022,6037651401,Census Tract 6514.01,Torrance,Los Angeles County,California,Torrance,102022.0,23509.0,89023.0,28953.0,,,,,102093.0,78974.0,,,,,,,83068.0,28611.0,125271.0,73599.0,$102022,$23509,$89023,$28953,,,,,$102093,$78974,,,,,,,$83068,$28611,$125271,$73599
2022,6037651402,Census Tract 6514.02,Torrance,Los Angeles County,California,Torrance,108524.0,28516.0,120013.0,27563.0,76250.0,2238.0,,,106559.0,51766.0,,,53966.0,12360.0,165688.0,127341.0,123696.0,39950.0,,,$108524,$28516,$120013,$27563,$76250,$2238,,,$106559,$51766,,,$53966,$12360,$165688,$127341,$123696,$39950,,
2022,6037980005,Census Tract 9800.05,Torrance,Los Angeles County,California,Torrance,,,,,,,,,,,,,,,,,,,,,,,,,,,,,,,,,,,,,,,,
2022,6037990200,Census Tract 9902,Torrance,Los Angeles County,California,Torrance,,,,,,,,,,,,,,,,,,,,,,,,,,,,,,,,,,,,,,,,
2023,6037650001,Census Tract 6500.01,Torrance,Los Angeles County,California,Torrance,106388.0,36047.0,91905.0,48884.0,,,,,92261.0,51324.0,,,,,171071.0,68881.0,120996.0,73750.0,109050.0,48484.0,$106388,$36047,$91905,$48884,,,,,$92261,$51324,,,,,$171071,$68881,$120996,$73750,$109050,$48484
2023,6037650003,Census Tract 6500.03,Torrance,Los Angeles County,California,Torrance,87240.0,19666.0,95861.0,75152.0,56349.0,37960.0,,,116713.0,38315.0,,,48099.0,8933.0,68697.0,33906.0,,,66990.0,41308.0,$87240,$19666,$95861,$75152,$56349,$37960,,,$116713,$38315,,,$48099,$8933,$68697,$33906,,,$66990,$41308
2023,6037650004,Census Tract 6500.04,Torrance,Los Angeles County,California,Torrance,101651.0,33537.0,146102.0,50754.0,61518.0,29159.0,,,124579.0,43137.0,,,103367.0,78943.0,85659.0,44855.0,122453.0,45829.0,126671.0,63885.0,$101651,$33537,$146102,$50754,$61518,$29159,,,$124579,$43137,,,$103367,$78943,$85659,$44855,$122453,$45829,$126671,$63885
2023,6037650101,Census Tract 6501.01,Torrance,Los Angeles County,California,Torrance,108367.0,31105.0,91743.0,35070.0,,,,,106890.0,64162.0,,,,,,,91743.0,35070.0,101651.0,99941.0,$108367,$31105,$91743,$35070,,,,,$106890,$64162,,,,,,,$91743,$35070,$101651,$99941
2023,6037650102,Census Tract 6501.02,Torrance,Los Angeles County,California,Torrance,117896.0,24100.0,132900.0,43090.0,126885.0,34703.0,,,127234.0,32782.0,,,88784.0,26307.0,101503.0,10020.0,155179.0,39960.0,100441.0,21343.0,$117896,$24100,$132900,$43090,$126885,$34703,,,$127234,$32782,,,$88784,$26307,$101503,$10020,$155179,$39960,$100441,$21343
2023,6037650200,Census Tract 6502,Torrance,Los Angeles County,California,Torrance,142505.0,25251.0,123371.0,13491.0,,,,,154550.0,47603.0,,,170134.0,52236.0,181253.0,52259.0,121467.0,12496.0,181721.0,39503.0,$142505,$25251,$123371,$13491,,,,,$154550,$47603,,,$170134,$52236,$181253,$52259,$121467,$12496,$181721,$39503
2023,6037650300,Census Tract 6503,Torrance,Los Angeles County,California,Torrance,88745.0,22552.0,76462.0,23651.0,65366.0,25569.0,,,103967.0,71295.0,,,,,102435.0,12412.0,74577.0,24121.0,109187.0,31781.0,$88745,$22552,$76462,$23651,$65366,$25569,,,$103967,$71295,,,,,$102435,$12412,$74577,$24121,$109187,$31781
2023,6037650401,Census Tract 6504.01,Torrance,Los Angeles County,California,Torrance,156386.0,29617.0,137301.0,28866.0,,,,,210423.0,58620.0,,,167642.0,26624.0,141876.0,108415.0,131043.0,32383.0,160803.0,21595.0,$156386,$29617,$137301,$28866,,,,,$210423,$58620,,,$167642,$26624,$141876,$108415,$131043,$32383,$160803,$21595
2023,6037650501,Census Tract 6505.01,Torrance,Los Angeles County,California,Torrance,186476.0,38814.0,185734.0,54527.0,,,,,197512.0,59564.0,,,,,134963.0,92708.0,176764.0,50781.0,248338.0,83508.0,$186476,$38814,$185734,$54527,,,,,$197512,$59564,,,,,$134963,$92708,$176764,$50781,$248338,$83508
2023,6037650502,Census Tract 6505.02,Torrance,Los Angeles County,California,Torrance,149640.0,17182.0,149689.0,19045.0,,,,,226540.0,40166.0,,,88687.0,37218.0,111055.0,21234.0,150683.0,20411.0,110856.0,41974.0,$149640,$17182,$149689,$19045,,,,,$226540,$40166,,,$88687,$37218,$111055,$21234,$150683,$20411,$110856,$41974
2023,6037650603,Census Tract 6506.03,Torrance,Los Angeles County,California,Torrance,120457.0,13982.0,120952.0,22298.0,237187.0,195129.0,,,93860.0,36030.0,,,,,,,120095.0,18922.0,,,$120457,$13982,$120952,$22298,$237187,$195129,,,$93860,$36030,,,,,,,$120095,$18922,,
2023,6037650604,Census Tract 6506.04,Torrance,Los Angeles County,California,Torrance,71488.0,6970.0,80866.0,40237.0,63372.0,13884.0,,,72861.0,24321.0,,,37812.0,31373.0,53230.0,33739.0,78949.0,45513.0,,,$71488,$6970,$80866,$40237,$63372,$13884,,,$72861,$24321,,,$37812,$31373,$53230,$33739,$78949,$45513,,
2023,6037650605,Census Tract 6506.05,Torrance,Los Angeles County,California,Torrance,109854.0,18197.0,86425.0,38925.0,81493.0,16620.0,,,138415.0,55254.0,,,,,75917.0,62461.0,84127.0,23487.0,100525.0,51736.0,$109854,$18197,$86425,$38925,$81493,$16620,,,$138415,$55254,,,,,$75917,$62461,$84127,$23487,$100525,$51736
2023,6037650606,Census Tract 6506.06,Torrance,Los Angeles County,California,Torrance,87457.0,8984.0,79072.0,17543.0,,,,,164433.0,35036.0,,,91117.0,65560.0,55538.0,27255.0,79164.0,18238.0,55906.0,40896.0,$87457,$8984,$79072,$17543,,,,,$164433,$35036,,,$91117,$65560,$55538,$27255,$79164,$18238,$55906,$40896
2023,6037650607,Census Tract 6506.07,Torrance,Los Angeles County,California,Torrance,102261.0,10931.0,113388.0,38471.0,,,,,105263.0,70611.0,,,77755.0,52668.0,112550.0,42235.0,113388.0,38471.0,57680.0,8734.0,$102261,$10931,$113388,$38471,,,,,$105263,$70611,,,$77755,$52668,$112550,$42235,$113388,$38471,$57680,$8734
2023,6037650701,Census Tract 6507.01,Torrance,Los Angeles County,California,Torrance,158267.0,29618.0,130388.0,39186.0,,,,,163598.0,57638.0,,,,,237663.0,6308.0,129102.0,27788.0,194038.0,54488.0,$158267,$29618,$130388,$39186,,,,,$163598,$57638,,,,,$237663,$6308,$129102,$27788,$194038,$54488
2023,6037650702,Census Tract 6507.02,Torrance,Los Angeles County,California,Torrance,157664.0,20318.0,148424.0,25615.0,,,,,243405.0,54075.0,,,,,122981.0,3768.0,149260.0,27582.0,124383.0,33147.0,$157664,$20318,$148424,$25615,,,,,$243405,$54075,,,,,$122981,$3768,$149260,$27582,$124383,$33147
2023,6037650801,Census Tract 6508.01,Torrance,Los Angeles County,California,Torrance,140847.0,20186.0,111026.0,40634.0,,,,,146645.0,24377.0,,,198542.0,116533.0,,,136650.0,50412.0,134554.0,133255.0,$140847,$20186,$111026,$40634,,,,,$146645,$24377,,,$198542,$116533,,,$136650,$50412,$134554,$133255
2023,6037650802,Census Tract 6508.02,Torrance,Los Angeles County,California,Torrance,132064.0,12215.0,138794.0,35591.0,,,,,131322.0,29245.0,,,,,,,137937.0,33993.0,,,$132064,$12215,$138794,$35591,,,,,$131322,$29245,,,,,,,$137937,$33993,,
2023,6037650901,Census Tract 6509.01,Torrance,Los Angeles County,California,Torrance,109372.0,28158.0,109700.0,46241.0,,,,,104720.0,53179.0,,,,,116347.0,70529.0,118539.0,40853.0,,,$109372,$28158,$109700,$46241,,,,,$104720,$53179,,,,,$116347,$70529,$118539,$40853,,
2023,6037650903,Census Tract 6509.03,Torrance,Los Angeles County,California,Torrance,86354.0,24917.0,92525.0,37012.0,,,,,125754.0,69160.0,,,74778.0,30141.0,111659.0,67187.0,97939.0,30802.0,75520.0,16440.0,$86354,$24917,$92525,$37012,,,,,$125754,$69160,,,$74778,$30141,$111659,$67187,$97939,$30802,$75520,$16440
2023,6037650904,Census Tract 6509.04,Torrance,Los Angeles County,California,Torrance,136893.0,23579.0,121810.0,24412.0,,,,,138231.0,28531.0,,,127533.0,17264.0,,,121810.0,24412.0,127276.0,13844.0,$136893,$23579,$121810,$24412,,,,,$138231,$28531,,,$127533,$17264,,,$121810,$24412,$127276,$13844
2023,6037651001,Census Tract 6510.01,Torrance,Los Angeles County,California,Torrance,132937.0,22024.0,114151.0,41031.0,,,,,211559.0,74669.0,,,58181.0,26233.0,117092.0,53224.0,97080.0,31697.0,119665.0,65425.0,$132937,$22024,$114151,$41031,,,,,$211559,$74669,,,$58181,$26233,$117092,$53224,$97080,$31697,$119665,$65425
2023,6037651002,Census Tract 6510.02,Torrance,Los Angeles County,California,Torrance,132062.0,27659.0,135106.0,78728.0,,,,,157847.0,40407.0,,,97056.0,13784.0,117014.0,38021.0,146043.0,63600.0,99650.0,17877.0,$132062,$27659,$135106,$78728,,,,,$157847,$40407,,,$97056,$13784,$117014,$38021,$146043,$63600,$99650,$17877
2023,6037651101,Census Tract 6511.01,Torrance,Los Angeles County,California,Torrance,128701.0,10107.0,128672.0,49382.0,113331.0,73646.0,,,133096.0,20211.0,,,119585.0,53179.0,,,128672.0,49382.0,119183.0,48688.0,$128701,$10107,$128672,$49382,$113331,$73646,,,$133096,$20211,,,$119585,$53179,,,$128672,$49382,$119183,$48688
2023,6037651102,Census Tract 6511.02,Torrance,Los Angeles County,California,Torrance,90222.0,21485.0,111044.0,47005.0,,,,,82350.0,24796.0,,,237555.0,203408.0,61931.0,26008.0,110884.0,48170.0,,,$90222,$21485,$111044,$47005,,,,,$82350,$24796,,,$237555,$203408,$61931,$26008,$110884,$48170,,
2023,6037651201,Census Tract 6512.01,Torrance,Los Angeles County,California,Torrance,161326.0,27067.0,160613.0,24555.0,,,,,161074.0,135932.0,,,,,191426.0,101335.0,160387.0,26864.0,,,$161326,$27067,$160613,$24555,,,,,$161074,$135932,,,,,$191426,$101335,$160387,$26864,,
2023,6037651221,Census Tract 6512.21,Torrance,Los Angeles County,California,Torrance,106101.0,18198.0,88987.0,34963.0,90982.0,43094.0,,,121596.0,17634.0,,,172544.0,129734.0,68036.0,66139.0,109544.0,32756.0,54191.0,38428.0,$106101,$18198,$88987,$34963,$90982,$43094,,,$121596,$17634,,,$172544,$129734,$68036,$66139,$109544,$32756,$54191,$38428
2023,6037651222,Census Tract 6512.22,Torrance,Los Angeles County,California,Torrance,104640.0,12458.0,104661.0,17790.0,110551.0,67574.0,,,88749.0,16782.0,,,67584.0,18672.0,130454.0,46938.0,103733.0,31675.0,104739.0,41127.0,$104640,$12458,$104661,$17790,$110551,$67574,,,$88749,$16782,,,$67584,$18672,$130454,$46938,$103733,$31675,$104739,$41127
2023,6037651302,Census Tract 6513.02,Torrance,Los Angeles County,California,Torrance,163628.0,29302.0,137270.0,46043.0,,,,,193389.0,48361.0,,,,,150315.0,70745.0,137270.0,46043.0,234480.0,213260.0,$163628,$29302,$137270,$46043,,,,,$193389,$48361,,,,,$150315,$70745,$137270,$46043,$234480,$213260
2023,6037651304,Census Tract 6513.04,Torrance,Los Angeles County,California,Torrance,120655.0,12406.0,114139.0,16830.0,,,,,185288.0,124743.0,,,,,,,114447.0,24775.0,115941.0,6183.0,$120655,$12406,$114139,$16830,,,,,$185288,$124743,,,,,,,$114447,$24775,$115941,$6183
2023,6037651401,Census Tract 6514.01,Torrance,Los Angeles County,California,Torrance,87615.0,32926.0,60991.0,37813.0,,,,,,,,,,,223072.0,101918.0,59318.0,36041.0,183572.0,38423.0,$87615,$32926,$60991,$37813,,,,,,,,,,,$223072,$101918,$59318,$36041,$183572,$38423
2023,6037651402,Census Tract 6514.02,Torrance,Los Angeles County,California,Torrance,105054.0,28851.0,139770.0,35437.0,75273.0,45620.0,,,99913.0,40409.0,,,,,154678.0,102534.0,140213.0,31555.0,54104.0,31556.0,$105054,$28851,$139770,$35437,$75273,$45620,,,$99913,$40409,,,,,$154678,$102534,$140213,$31555,$54104,$31556
2023,6037980005,Census Tract 9800.05,Torrance,Los Angeles County,California,Torrance,,,,,,,,,,,,,,,,,,,,,,,,,,,,,,,,,,,,,,,,
2023,6037990200,Census Tract 9902,Torrance,Los Angeles County,California,Torrance,,,,,,,,,,,,,,,,,,,,,,,,,,,,,,,,,,,,,,,,
2024,6037650001,Census Tract 6500.01,Torrance,Los Angeles County,California,Torrance,105573.0,30209.0,91146.0,26958.0,,,,,114297.0,60659.0,,,,,116667.0,78220.0,89773.0,46819.0,98611.0,30874.0,$105573,$30209,$91146,$26958,,,,,$114297,$60659,,,,,$116667,$78220,$89773,$46819,$98611,$30874
2024,6037650003,Census Tract 6500.03,Torrance,Los Angeles County,California,Torrance,96182.0,14723.0,,,57012.0,33817.0,,,142917.0,35766.0,,,98229.0,28931.0,88864.0,38173.0,,,97656.0,40672.0,$96182,$14723,,,$57012,$33817,,,$142917,$35766,,,$98229,$28931,$88864,$38173,,,$97656,$40672
2024,6037650004,Census Tract 6500.04,Torrance,Los Angeles County,California,Torrance,103800.0,26087.0,153194.0,56986.0,61151.0,30423.0,,,128958.0,44173.0,,,90500.0,60535.0,96964.0,75465.0,112813.0,48324.0,120417.0,60056.0,$103800,$26087,$153194,$56986,$61151,$30423,,,$128958,$44173,,,$90500,$60535,$96964,$75465,$112813,$48324,$120417,$60056
2024,6037650101,Census Tract 6501.01,Torrance,Los Angeles County,California,Torrance,100500.0,25275.0,107826.0,20170.0,,,,,91830.0,47892.0,,,73750.0,37940.0,,,108098.0,23635.0,69046.0,31915.0,$100500,$25275,$107826,$20170,,,,,$91830,$47892,,,$73750,$37940,,,$108098,$23635,$69046,$31915
2024,6037650102,Census Tract 6501.02,Torrance,Los Angeles County,California,Torrance,127628.0,7961.0,147917.0,43474.0,,,,,143250.0,52229.0,,,,,101034.0,864.0,130250.0,37078.0,115625.0,84916.0,$127628,$7961,$147917,$43474,,,,,$143250,$52229,,,,,$101034,$864,$130250,$37078,$115625,$84916
2024,6037650200,Census Tract 6502,Torrance,Los Angeles County,California,Torrance,150742.0,17748.0,130455.0,31005.0,,,,,154250.0,56142.0,,,175000.0,63109.0,152083.0,79266.0,131136.0,33908.0,178929.0,35784.0,$150742,$17748,$130455,$31005,,,,,$154250,$56142,,,$175000,$63109,$152083,$79266,$131136,$33908,$178929,$35784
2024,6037650300,Census Tract 6503,Torrance,Los Angeles County,California,Torrance,81885.0,23309.0,90313.0,33230.0,,,,,81729.0,49717.0,,,80972.0,59477.0,100519.0,65790.0,83409.0,36848.0,81575.0,42135.0,$81885,$23309,$90313,$33230,,,,,$81729,$49717,,,$80972,$59477,$100519,$65790,$83409,$36848,$81575,$42135
2024,6037650401,Census Tract 6504.01,Torrance,Los Angeles County,California,Torrance,142566.0,20306.0,129151.0,16657.0,,,,,221025.0,20904.0,,,117222.0,66640.0,138571.0,106622.0,128892.0,19041.0,139167.0,31175.0,$142566,$20306,$129151,$16657,,,,,$221025,$20904,,,$117222,$66640,$138571,$106622,$128892,$19041,$139167,$31175
2024,6037650501,Census Tract 6505.01,Torrance,Los Angeles County,California,Torrance,163750.0,53657.0,185039.0,70784.0,,,,,196146.0,81181.0,,,,,91875.0,78492.0,185547.0,61851.0,72461.0,53016.0,$163750,$53657,$185039,$70784,,,,,$196146,$81181,,,,,$91875,$78492,$185547,$61851,$72461,$53016
2024,6037650502,Census Tract 6505.02,Torrance,Los Angeles County,California,Torrance,150241.0,16909.0,150188.0,12875.0,,,,,225500.0,27854.0,,,88616.0,40343.0,125313.0,30807.0,150438.0,14512.0,107727.0,40599.0,$150241,$16909,$150188,$12875,,,,,$225500,$27854,,,$88616,$40343,$125313,$30807,$150438,$14512,$107727,$40599
2024,6037650603,Census Tract 6506.03,Torrance,Los Angeles County,California,Torrance,125417.0,26013.0,147609.0,63898.0,,,,,94671.0,63405.0,,,101705.0,80133.0,,,147609.0,63898.0,137577.0,91006.0,$125417,$26013,$147609,$63898,,,,,$94671,$63405,,,$101705,$80133,,,$147609,$63898,$137577,$91006
2024,6037650604,Census Tract 6506.04,Torrance,Los Angeles County,California,Torrance,69970.0,9255.0,100577.0,62765.0,,,,,71845.0,21020.0,,,40250.0,32968.0,54033.0,19384.0,74375.0,67091.0,65270.0,50152.0,$69970,$9255,$100577,$62765,,,,,$71845,$21020,,,$40250,$32968,$54033,$19384,$74375,$67091,$65270,$50152
2024,6037650605,Census Tract 6506.05,Torrance,Los Angeles County,California,Torrance,114531.0,22392.0,94643.0,32808.0,84821.0,29814.0,,,133902.0,7031.0,,,,,73417.0,58609.0,84974.0,30098.0,147660.0,38481.0,$114531,$22392,$94643,$32808,$84821,$29814,,,$133902,$7031,,,,,$73417,$58609,$84974,$30098,$147660,$38481
2024,6037650606,Census Tract 6506.06,Torrance,Los Angeles County,California,Torrance,87031.0,7429.0,70833.0,23204.0,,,,,176950.0,41962.0,,,92500.0,79409.0,53663.0,19379.0,77560.0,38598.0,65606.0,23126.0,$87031,$7429,$70833,$23204,,,,,$176950,$41962,,,$92500,$79409,$53663,$19379,$77560,$38598,$65606,$23126
2024,6037650607,Census Tract 6506.07,Torrance,Los Angeles County,California,Torrance,102049.0,12121.0,96250.0,20291.0,,,,,104357.0,60460.0,,,95685.0,47393.0,130263.0,60931.0,96250.0,20291.0,,,$102049,$12121,$96250,$20291,,,,,$104357,$60460,,,$95685,$47393,$130263,$60931,$96250,$20291,,
2024,6037650701,Census Tract 6507.01,Torrance,Los Angeles County,California,Torrance,163417.0,25253.0,136250.0,50857.0,,,,,168542.0,70725.0,,,,,231354.0,117608.0,129716.0,49718.0,175167.0,82815.0,$163417,$25253,$136250,$50857,,,,,$168542,$70725,,,,,$231354,$117608,$129716,$49718,$175167,$82815
2024,6037650702,Census Tract 6507.02,Torrance,Los Angeles County,California,Torrance,158493.0,21613.0,138917.0,30198.0,,,,,240096.0,45843.0,,,,,128194.0,18697.0,138750.0,29978.0,137778.0,27945.0,$158493,$21613,$138917,$30198,,,,,$240096,$45843,,,,,$128194,$18697,$138750,$29978,$137778,$27945
2024,6037650801,Census Tract 6508.01,Torrance,Los Angeles County,California,Torrance,146406.0,29050.0,121167.0,44366.0,,,,,180417.0,60908.0,,,,,218750.0,162003.0,121667.0,47369.0,135040.0,102602.0,$146406,$29050,$121167,$44366,,,,,$180417,$60908,,,,,$218750,$162003,$121667,$47369,$135040,$102602
2024,6037650802,Census Tract 6508.02,Torrance,Los Angeles County,California,Torrance,130532.0,15351.0,134758.0,47117.0,,,,,130133.0,21523.0,,,,,,,134758.0,47117.0,,,$130532,$15351,$134758,$47117,,,,,$130133,$21523,,,,,,,$134758,$47117,,
2024,6037650901,Census Tract 6509.01,Torrance,Los Angeles County,California,Torrance,104861.0,23809.0,118824.0,25424.0,,,,,102743.0,36719.0,,,,,115665.0,48046.0,109423.0,42888.0,100700.0,91267.0,$104861,$23809,$118824,$25424,,,,,$102743,$36719,,,,,$115665,$48046,$109423,$42888,$100700,$91267
2024,6037650903,Census Tract 6509.03,Torrance,Los Angeles County,California,Torrance,93643.0,14059.0,114514.0,33608.0,,,,,122115.0,48350.0,,,75605.0,31641.0,102500.0,58208.0,108500.0,32855.0,76529.0,2566.0,$93643,$14059,$114514,$33608,,,,,$122115,$48350,,,$75605,$31641,$102500,$58208,$108500,$32855,$76529,$2566
2024,6037650904,Census Tract 6509.04,Torrance,Los Angeles County,California,Torrance,126645.0,8411.0,,,,,,,125855.0,45505.0,,,129148.0,23065.0,,,,,128608.0,13822.0,$126645,$8411,,,,,,,$125855,$45505,,,$129148,$23065,,,,,$128608,$13822
2024,6037651001,Census Tract 6510.01,Torrance,Los Angeles County,California,Torrance,123191.0,26095.0,96910.0,28869.0,,,,,206875.0,74433.0,,,80758.0,34391.0,118370.0,49248.0,95000.0,25327.0,91607.0,38651.0,$123191,$26095,$96910,$28869,,,,,$206875,$74433,,,$80758,$34391,$118370,$49248,$95000,$25327,$91607,$38651
2024,6037651002,Census Tract 6510.02,Torrance,Los Angeles County,California,Torrance,119868.0,18256.0,132969.0,70319.0,,,,,131859.0,47374.0,,,98965.0,4623.0,142542.0,54719.0,132813.0,67185.0,108009.0,15812.0,$119868,$18256,$132969,$70319,,,,,$131859,$47374,,,$98965,$4623,$142542,$54719,$132813,$67185,$108009,$15812
2024,6037651101,Census Tract 6511.01,Torrance,Los Angeles County,California,Torrance,126535.0,9565.0,159637.0,36494.0,31621.0,7745.0,,,127583.0,36323.0,,,122422.0,46630.0,,,159315.0,38863.0,125189.0,32371.0,$126535,$9565,$159637,$36494,$31621,$7745,,,$127583,$36323,,,$122422,$46630,,,$159315,$38863,$125189,$32371
2024,6037651102,Census Tract 6511.02,Torrance,Los Angeles County,California,Torrance,84688.0,18488.0,107778.0,67429.0,,,,,80972.0,22760.0,,,,,62679.0,31435.0,109167.0,66743.0,,,$84688,$18488,$107778,$67429,,,,,$80972,$22760,,,,,$62679,$31435,$109167,$66743,,
2024,6037651201,Census Tract 6512.01,Torrance,Los Angeles County,California,Torrance,162875.0,50228.0,176250.0,62211.0,,,,,,,,,,,194375.0,75458.0,176250.0,62211.0,,,$162875,$50228,$176250,$62211,,,,,,,,,,,$194375,$75458,$176250,$62211,,
2024,6037651221,Census Tract 6512.21,Torrance,Los Angeles County,California,Torrance,99844.0,25129.0,82500.0,42774.0,91058.0,42580.0,,,123836.0,9247.0,,,,,56250.0,31016.0,108438.0,44986.0,51625.0,35954.0,$99844,$25129,$82500,$42774,$91058,$42580,,,$123836,$9247,,,,,$56250,$31016,$108438,$44986,$51625,$35954
2024,6037651222,Census Tract 6512.22,Torrance,Los Angeles County,California,Torrance,105276.0,12048.0,106757.0,21191.0,137542.0,63858.0,,,81510.0,23716.0,,,52212.0,33184.0,128826.0,28598.0,106473.0,45726.0,92404.0,43022.0,$105276,$12048,$106757,$21191,$137542,$63858,,,$81510,$23716,,,$52212,$33184,$128826,$28598,$106473,$45726,$92404,$43022
2024,6037651302,Census Tract 6513.02,Torrance,Los Angeles County,California,Torrance,150237.0,30930.0,116298.0,38387.0,,,,,196250.0,36546.0,,,,,,,117163.0,40306.0,,,$150237,$30930,$116298,$38387,,,,,$196250,$36546,,,,,,,$117163,$40306,,
2024,6037651304,Census Tract 6513.04,Torrance,Los Angeles County,California,Torrance,125945.0,23863.0,115294.0,28954.0,,,,,220254.0,158908.0,,,116118.0,58001.0,,,113603.0,30534.0,,,$125945,$23863,$115294,$28954,,,,,$220254,$158908,,,$116118,$58001,,,$113603,$30534,,
2024,6037651401,Census Tract 6514.01,Torrance,Los Angeles County,California,Torrance,88095.0,33343.0,67337.0,33416.0,,,,,,,,,,,224205.0,98523.0,66793.0,40823.0,184178.0,24389.0,$88095,$33343,$67337,$33416,,,,,,,,,,,$224205,$98523,$66793,$40823,$184178,$24389
2024,6037651402,Census Tract 6514.02,Torrance,Los Angeles County,California,Torrance,124053.0,19061.0,127285.0,44398.0,,,,,123750.0,39579.0,,,55685.0,10765.0,157102.0,69192.0,137143.0,51448.0,49707.0,12367.0,$124053,$19061,$127285,$44398,,,,,$123750,$39579,,,$55685,$10765,$157102,$69192,$137143,$51448,$49707,$12367
2024,6037980005,Census Tract 9800.05,Torrance,Los Angeles County,California,Torrance,,,,,,,,,,,,,,,,,,,,,,,,,,,,,,,,,,,,,,,,
2024,6037990200,Census Tract 9902,Torrance,Los Angeles County,California,Torrance,,,,,,,,,,,,,,,,,,,,,,,,,,,,,,,,,,,,,,,,
