YEAR,GEO_ID,TRACT,CITY,COUNTY,STATE,ABBREV_NAME,B19013_001E,B19013_001M,B19013A_001E,B19013A_001M,B19013B_001E,B19013B_001M,B19013C_001E,B19013C_001M,B19013D_001E,B19013D_001M,B19013E_001E,B19013E_001M,B19013F_001E,B19013F_001M,B19013G_001E,B19013G_001M,B19013H_001E,B19013H_001M,B19013I_001E,B19013I_001M,B19013_001E_string,B19013_001M_string,B19013A_001E_string,B19013A_001M_string,B19013B_001E_string,B19013B_001M_string,B19013C_001E_string,B19013C_001M_string,B19013D_001E_string,B19013D_001M_string,B19013E_001E_string,B19013E_001M_string,B19013F_001E_string,B19013F_001M_string,B19013G_001E_string,B19013G_001M_string,B19013H_001E_string,B19013H_001M_string,B19013I_001E_string,B19013I_001M_string
2010,6037408503,Census Tract 4085.03,Whittier,Los Angeles County,California,Whittier,132393.0,25183.0,137482.0,29007.0,145472.0,125350.0,,,122107.0,38273.0,,,150271.0,208982.0,174676.0,115055.0,147514.0,26829.0,127319.0,87386.0,$132393,$25183,$137482,$29007,$145472,$125350,,,$122107,$38273,,,$150271,$208982,$174676,$115055,$147514,$26829,$127319,$87386
2010,6037433802,Census Tract 4338.02,Whittier,Los Angeles County,California,Whittier,95977.0,27520.0,76255.0,37255.0,,,,,184652.0,233129.0,,,101513.0,36725.0,,,74661.0,27806.0,96798.0,25803.0,$95977,$27520,$76255,$37255,,,,,$184652,$233129,,,$101513,$36725,,,$74661,$27806,$96798,$25803
2010,6037500201,Census Tract 5002.01,Whittier,Los Angeles County,California,Whittier,168655.0,18539.0,175354.0,26062.0,,,,,258512.0,374886.0,,,86773.0,62526.0,166973.0,16766.0,168503.0,24165.0,179289.0,54196.0,$168655,$18539,$175354,$26062,,,,,$258512,$374886,,,$86773,$62526,$166973,$16766,$168503,$24165,$179289,$54196
2010,6037500202,Census Tract 5002.02,Whittier,Los Angeles County,California,Whittier,177162.0,27676.0,186523.0,32712.0,,,,,354098.0,130594.0,,,146762.0,47339.0,,,162580.0,48895.0,229587.0,124034.0,$177162,$27676,$186523,$32712,,,,,$354098,$130594,,,$146762,$47339,,,$162580,$48895,$229587,$124034
2010,6037500300,Census Tract 5003,Whittier,Los Angeles County,California,Whittier,129691.0,17637.0,139267.0,20263.0,175272.0,68354.0,,,82404.0,44653.0,,,126309.0,7867.0,,,140103.0,38524.0,125759.0,11756.0,$129691,$17637,$139267,$20263,$175272,$68354,,,$82404,$44653,,,$126309,$7867,,,$140103,$38524,$125759,$11756
2010,6037501001,Census Tract 5010.01,Whittier,Los Angeles County,California,Whittier,63754.0,20316.0,80446.0,112998.0,,,,,,,,,54058.0,27685.0,,,78897.0,176233.0,63514.0,19255.0,$63754,$20316,$80446,$112998,,,,,,,,,$54058,$27685,,,$78897,$176233,$63514,$19255
2010,6037501002,Census Tract 5010.02,Whittier,Los Angeles County,California,Whittier,105680.0,20655.0,105755.0,10923.0,,,,,213921.0,122065.0,,,86028.0,80698.0,,,141539.0,83790.0,86114.0,36672.0,$105680,$20655,$105755,$10923,,,,,$213921,$122065,,,$86028,$80698,,,$141539,$83790,$86114,$36672
2010,6037501200,Census Tract 5012,Whittier,Los Angeles County,California,Whittier,97085.0,12180.0,94607.0,23012.0,46641.0,102336.0,,,184606.0,265235.0,,,101169.0,30112.0,,,84523.0,27352.0,110274.0,23595.0,$97085,$12180,$94607,$23012,$46641,$102336,,,$184606,$265235,,,$101169,$30112,,,$84523,$27352,$110274,$23595
2010,6037501300,Census Tract 5013,Whittier,Los Angeles County,California,Whittier,95790.0,9322.0,98318.0,13278.0,95163.0,62653.0,45194.0,31979.0,,,,,95662.0,55805.0,68035.0,430635.0,92904.0,16754.0,98385.0,20327.0,$95790,$9322,$98318,$13278,$95163,$62653,$45194,$31979,,,,,$95662,$55805,$68035,$430635,$92904,$16754,$98385,$20327
2010,6037501400,Census Tract 5014,Whittier,Los Angeles County,California,Whittier,68643.0,30091.0,87440.0,47531.0,58061.0,77963.0,,,38840.0,19614.0,,,87654.0,34031.0,,,125640.0,55998.0,73799.0,32170.0,$68643,$30091,$87440,$47531,$58061,$77963,,,$38840,$19614,,,$87654,$34031,,,$125640,$55998,$73799,$32170
2010,6037501501,Census Tract 5015.01,Whittier,Los Angeles County,California,Whittier,113261.0,16724.0,104047.0,24388.0,151311.0,255933.0,,,90289.0,127092.0,,,162787.0,55319.0,,,93100.0,47009.0,121121.0,27279.0,$113261,$16724,$104047,$24388,$151311,$255933,,,$90289,$127092,,,$162787,$55319,,,$93100,$47009,$121121,$27279
2010,6037501503,Census Tract 5015.03,Whittier,Los Angeles County,California,Whittier,71453.0,15012.0,65142.0,13334.0,,,,,82555.0,91014.0,,,76872.0,18011.0,20571.0,89478.0,64448.0,63603.0,70473.0,13960.0,$71453,$15012,$65142,$13334,,,,,$82555,$91014,,,$76872,$18011,$20571,$89478,$64448,$63603,$70473,$13960
2010,6037501504,Census Tract 5015.04,Whittier,Los Angeles County,California,Whittier,49782.0,5875.0,68163.0,20769.0,,,,,26746.0,5893.0,,,47153.0,20911.0,,,49563.0,19779.0,54816.0,16250.0,$49782,$5875,$68163,$20769,,,,,$26746,$5893,,,$47153,$20911,,,$49563,$19779,$54816,$16250
2010,6037501600,Census Tract 5016,Whittier,Los Angeles County,California,Whittier,114324.0,10999.0,142965.0,30067.0,,,,,87953.0,32497.0,,,74742.0,37949.0,119433.0,59537.0,148538.0,33962.0,93808.0,32154.0,$114324,$10999,$142965,$30067,,,,,$87953,$32497,,,$74742,$37949,$119433,$59537,$148538,$33962,$93808,$32154
2010,6037501700,Census Tract 5017,Whittier,Los Angeles County,California,Whittier,117238.0,21792.0,117304.0,41142.0,,,,,116902.0,44212.0,,,120670.0,40044.0,,,95105.0,23463.0,146758.0,47388.0,$117238,$21792,$117304,$41142,,,,,$116902,$44212,,,$120670,$40044,,,$95105,$23463,$146758,$47388
2010,6037501802,Census Tract 5018.02,Whittier,Los Angeles County,California,Whittier,89148.0,11140.0,90034.0,13250.0,,,71779.0,50927.0,116601.0,152715.0,,,79743.0,47228.0,,,95330.0,13431.0,79642.0,33285.0,$89148,$11140,$90034,$13250,,,$71779,$50927,$116601,$152715,,,$79743,$47228,,,$95330,$13431,$79642,$33285
2010,6037501803,Census Tract 5018.03,Whittier,Los Angeles County,California,Whittier,49825.0,6657.0,39023.0,19170.0,,,3614.0,,7005.0,201402.0,,,52425.0,8550.0,90496.0,75267.0,46279.0,30748.0,49792.0,7387.0,$49825,$6657,$39023,$19170,,,$3614,,$7005,$201402,,,$52425,$8550,$90496,$75267,$46279,$30748,$49792,$7387
2010,6037501804,Census Tract 5018.04,Whittier,Los Angeles County,California,Whittier,64973.0,26331.0,62209.0,35794.0,,,,,,,,,69286.0,39950.0,,,27493.0,16653.0,89115.0,39018.0,$64973,$26331,$62209,$35794,,,,,,,,,$69286,$39950,,,$27493,$16653,$89115,$39018
2010,6037501900,Census Tract 5019,Whittier,Los Angeles County,California,Whittier,111781.0,30748.0,101807.0,30196.0,,,,,125179.0,22940.0,,,128578.0,49626.0,58999.0,33114.0,95498.0,30011.0,127289.0,41911.0,$111781,$30748,$101807,$30196,,,,,$125179,$22940,,,$128578,$49626,$58999,$33114,$95498,$30011,$127289,$41911
2010,6037502003,Census Tract 5020.03,Whittier,Los Angeles County,California,Whittier,82764.0,22278.0,95241.0,17467.0,,,,,,,,,80108.0,67190.0,35477.0,43563.0,89857.0,86701.0,83080.0,23724.0,$82764,$22278,$95241,$17467,,,,,,,,,$80108,$67190,$35477,$43563,$89857,$86701,$83080,$23724
2010,6037502004,Census Tract 5020.04,Whittier,Los Angeles County,California,Whittier,92800.0,9886.0,99592.0,35372.0,,,,,108828.0,144321.0,,,88374.0,21929.0,31795.0,72454.0,115998.0,17428.0,84062.0,17090.0,$92800,$9886,$99592,$35372,,,,,$108828,$144321,,,$88374,$21929,$31795,$72454,$115998,$17428,$84062,$17090
2010,6037502005,Census Tract 5020.05,Whittier,Los Angeles County,California,Whittier,97831.0,16380.0,84131.0,17256.0,,,105016.0,136183.0,,,,,108893.0,18000.0,75203.0,37584.0,83158.0,31642.0,99940.0,18690.0,$97831,$16380,$84131,$17256,,,$105016,$136183,,,,,$108893,$18000,$75203,$37584,$83158,$31642,$99940,$18690
2010,6037502100,Census Tract 5021,Whittier,Los Angeles County,California,Whittier,73215.0,8591.0,74571.0,4800.0,101235.0,158470.0,,,63498.0,164275.0,,,67264.0,19543.0,,,52747.0,13688.0,79933.0,10430.0,$73215,$8591,$74571,$4800,$101235,$158470,,,$63498,$164275,,,$67264,$19543,,,$52747,$13688,$79933,$10430
2010,6037502700,Census Tract 5027,Whittier,Los Angeles County,California,Whittier,76219.0,15809.0,87321.0,21468.0,92197.0,97014.0,103947.0,122258.0,21090.0,2702.0,,,67731.0,12380.0,25987.0,68276.0,68583.0,51302.0,76627.0,15768.0,$76219,$15809,$87321,$21468,$92197,$97014,$103947,$122258,$21090,$2702,,,$67731,$12380,$25987,$68276,$68583,$51302,$76627,$15768
2010,6037502902,Census Tract 5029.02,Whittier,Los Angeles County,California,Whittier,75630.0,12533.0,79747.0,13315.0,,,,,120971.0,104414.0,,,60315.0,20749.0,,,82531.0,10786.0,73252.0,23325.0,$75630,$12533,$79747,$13315,,,,,$120971,$104414,,,$60315,$20749,,,$82531,$10786,$73252,$23325
2010,6037503301,Census Tract 5033.01,Whittier,Los Angeles County,California,Whittier,109232.0,12689.0,103525.0,9457.0,,,,,,,,,119206.0,71141.0,,,91027.0,29736.0,134114.0,39077.0,$109232,$12689,$103525,$9457,,,,,,,,,$119206,$71141,,,$91027,$29736,$134114,$39077
2010,6037503401,Census Tract 5034.01,Whittier,Los Angeles County,California,Whittier,107788.0,12106.0,102570.0,12754.0,89165.0,365116.0,56777.0,109216.0,151733.0,80510.0,,,115738.0,39725.0,29648.0,13168.0,102053.0,13411.0,104964.0,19261.0,$107788,$12106,$102570,$12754,$89165,$365116,$56777,$109216,$151733,$80510,,,$115738,$39725,$29648,$13168,$102053,$13411,$104964,$19261
2010,6037503402,Census Tract 5034.02,Whittier,Los Angeles County,California,Whittier,104975.0,16329.0,100797.0,21917.0,,,,,80377.0,48428.0,,,146810.0,35204.0,103904.0,96307.0,86095.0,33124.0,145827.0,26840.0,$104975,$16329,$100797,$21917,,,,,$80377,$48428,,,$146810,$35204,$103904,$96307,$86095,$33124,$145827,$26840
2010,6037503501,Census Tract 5035.01,Whittier,Los Angeles County,California,Whittier,98326.0,14506.0,95903.0,25909.0,54008.0,41998.0,148599.0,178545.0,150246.0,213459.0,,,98411.0,19258.0,268032.0,394598.0,120376.0,11807.0,88675.0,14676.0,$98326,$14506,$95903,$25909,$54008,$41998,$148599,$178545,$150246,$213459,,,$98411,$19258,$268032,$394598,$120376,$11807,$88675,$14676
2010,6037503502,Census Tract 5035.02,Whittier,Los Angeles County,California,Whittier,117530.0,11736.0,114447.0,24943.0,,,,,90389.0,173089.0,,,141219.0,40519.0,,,97326.0,35931.0,124893.0,9746.0,$117530,$11736,$114447,$24943,,,,,$90389,$173089,,,$141219,$40519,,,$97326,$35931,$124893,$9746
2010,6037503701,Census Tract 5037.01,Whittier,Los Angeles County,California,Whittier,92288.0,17009.0,82466.0,23745.0,123763.0,151716.0,,,92377.0,78277.0,,,100106.0,11704.0,70278.0,75300.0,93685.0,35613.0,90805.0,47416.0,$92288,$17009,$82466,$23745,$123763,$151716,,,$92377,$78277,,,$100106,$11704,$70278,$75300,$93685,$35613,$90805,$47416
2010,6037503702,Census Tract 5037.02,Whittier,Los Angeles County,California,Whittier,129010.0,18509.0,127531.0,17997.0,,,,,137556.0,23579.0,,,61380.0,135673.0,,,121260.0,19053.0,130981.0,46811.0,$129010,$18509,$127531,$17997,,,,,$137556,$23579,,,$61380,$135673,,,$121260,$19053,$130981,$46811
2011,6037408503,Census Tract 4085.03,Whittier,Los Angeles County,California,Whittier,120522.0,20408.0,128084.0,27083.0,144281.0,143605.0,,,103455.0,35468.0,,,73549.0,280488.0,175325.0,95013.0,124200.0,29893.0,134239.0,59200.0,$120522,$20408,$128084,$27083,$144281,$143605,,,$103455,$35468,,,$73549,$280488,$175325,$95013,$124200,$29893,$134239,$59200
2011,6037433802,Census Tract 4338.02,Whittier,Los Angeles County,California,Whittier,99634.0,21474.0,90056.0,46947.0,,,,,75612.0,153689.0,,,101275.0,18935.0,,,76889.0,28692.0,100902.0,24332.0,$99634,$21474,$90056,$46947,,,,,$75612,$153689,,,$101275,$18935,,,$76889,$28692,$100902,$24332
2011,6037500201,Census Tract 5002.01,Whittier,Los Angeles County,California,Whittier,168247.0,20137.0,185764.0,25496.0,,,,,143161.0,145444.0,,,116015.0,88957.0,175274.0,13263.0,165688.0,24252.0,186426.0,32606.0,$168247,$20137,$185764,$25496,,,,,$143161,$145444,,,$116015,$88957,$175274,$13263,$165688,$24252,$186426,$32606
2011,6037500202,Census Tract 5002.02,Whittier,Los Angeles County,California,Whittier,188741.0,35268.0,196366.0,28276.0,,,,,,,,,144337.0,91542.0,,,172562.0,39433.0,249742.0,115311.0,$188741,$35268,$196366,$28276,,,,,,,,,$144337,$91542,,,$172562,$39433,$249742,$115311
2011,6037500300,Census Tract 5003,Whittier,Los Angeles County,California,Whittier,128619.0,18380.0,137604.0,36421.0,173511.0,60379.0,,,85996.0,54624.0,,,124159.0,38802.0,200496.0,198534.0,139335.0,27644.0,118333.0,44849.0,$128619,$18380,$137604,$36421,$173511,$60379,,,$85996,$54624,,,$124159,$38802,$200496,$198534,$139335,$27644,$118333,$44849
2011,6037501001,Census Tract 5010.01,Whittier,Los Angeles County,California,Whittier,79761.0,30018.0,80131.0,33373.0,,,,,,,,,80184.0,67279.0,,,112297.0,74974.0,79857.0,34353.0,$79761,$30018,$80131,$33373,,,,,,,,,$80184,$67279,,,$112297,$74974,$79857,$34353
2011,6037501002,Census Tract 5010.02,Whittier,Los Angeles County,California,Whittier,95051.0,18224.0,97414.0,20049.0,,,,,170010.0,155555.0,,,85032.0,27257.0,,,97169.0,15797.0,85267.0,18806.0,$95051,$18224,$97414,$20049,,,,,$170010,$155555,,,$85032,$27257,,,$97169,$15797,$85267,$18806
2011,6037501200,Census Tract 5012,Whittier,Los Angeles County,California,Whittier,87985.0,21100.0,85173.0,18942.0,48097.0,147988.0,,,188329.0,115932.0,,,101149.0,38540.0,,,69876.0,41810.0,100688.0,24464.0,$87985,$21100,$85173,$18942,$48097,$147988,,,$188329,$115932,,,$101149,$38540,,,$69876,$41810,$100688,$24464
2011,6037501300,Census Tract 5013,Whittier,Los Angeles County,California,Whittier,100073.0,6234.0,100133.0,9512.0,95479.0,77358.0,34903.0,46451.0,,,,,100869.0,38983.0,120590.0,112909.0,103187.0,32277.0,99689.0,5487.0,$100073,$6234,$100133,$9512,$95479,$77358,$34903,$46451,,,,,$100869,$38983,$120590,$112909,$103187,$32277,$99689,$5487
2011,6037501400,Census Tract 5014,Whittier,Los Angeles County,California,Whittier,72412.0,19177.0,86219.0,39074.0,24040.0,60865.0,,,41107.0,23166.0,,,75939.0,31411.0,81054.0,15487.0,142578.0,44707.0,73983.0,21307.0,$72412,$19177,$86219,$39074,$24040,$60865,,,$41107,$23166,,,$75939,$31411,$81054,$15487,$142578,$44707,$73983,$21307
2011,6037501501,Census Tract 5015.01,Whittier,Los Angeles County,California,Whittier,126137.0,20768.0,119505.0,14862.0,153817.0,265958.0,193293.0,219358.0,90638.0,47992.0,,,149884.0,60337.0,,,129641.0,99913.0,121271.0,23056.0,$126137,$20768,$119505,$14862,$153817,$265958,$193293,$219358,$90638,$47992,,,$149884,$60337,,,$129641,$99913,$121271,$23056
2011,6037501503,Census Tract 5015.03,Whittier,Los Angeles County,California,Whittier,77641.0,8535.0,62251.0,21733.0,,,,,80205.0,93195.0,,,85142.0,24630.0,,,64888.0,33695.0,77918.0,9058.0,$77641,$8535,$62251,$21733,,,,,$80205,$93195,,,$85142,$24630,,,$64888,$33695,$77918,$9058
2011,6037501504,Census Tract 5015.04,Whittier,Los Angeles County,California,Whittier,47523.0,7801.0,67297.0,26689.0,,,,,20705.0,10392.0,,,38913.0,12687.0,,,51527.0,13633.0,50104.0,14904.0,$47523,$7801,$67297,$26689,,,,,$20705,$10392,,,$38913,$12687,,,$51527,$13633,$50104,$14904
2011,6037501600,Census Tract 5016,Whittier,Los Angeles County,California,Whittier,118884.0,33805.0,146131.0,18359.0,,,32050.0,21516.0,89944.0,49433.0,,,91385.0,32208.0,,,151654.0,25578.0,110600.0,31844.0,$118884,$33805,$146131,$18359,,,$32050,$21516,$89944,$49433,,,$91385,$32208,,,$151654,$25578,$110600,$31844
2011,6037501700,Census Tract 5017,Whittier,Los Angeles County,California,Whittier,104895.0,30888.0,117218.0,35458.0,,,,,,,,,102972.0,94321.0,140777.0,99006.0,96144.0,38809.0,131128.0,45835.0,$104895,$30888,$117218,$35458,,,,,,,,,$102972,$94321,$140777,$99006,$96144,$38809,$131128,$45835
2011,6037501802,Census Tract 5018.02,Whittier,Los Angeles County,California,Whittier,86660.0,11965.0,90776.0,16824.0,,,68882.0,38081.0,30658.0,196636.0,,,78690.0,53945.0,,,95990.0,15690.0,78981.0,27105.0,$86660,$11965,$90776,$16824,,,$68882,$38081,$30658,$196636,,,$78690,$53945,,,$95990,$15690,$78981,$27105
2011,6037501803,Census Tract 5018.03,Whittier,Los Angeles County,California,Whittier,47774.0,5232.0,38026.0,16908.0,,,3502.0,,17243.0,179539.0,,,50350.0,9832.0,76572.0,44432.0,43798.0,17937.0,47845.0,5114.0,$47774,$5232,$38026,$16908,,,$3502,,$17243,$179539,,,$50350,$9832,$76572,$44432,$43798,$17937,$47845,$5114
2011,6037501804,Census Tract 5018.04,Whittier,Los Angeles County,California,Whittier,61171.0,27332.0,59398.0,45137.0,,,,,,,,,66809.0,45043.0,,,35529.0,29475.0,85795.0,41341.0,$61171,$27332,$59398,$45137,,,,,,,,,$66809,$45043,,,$35529,$29475,$85795,$41341
2011,6037501900,Census Tract 5019,Whittier,Los Angeles County,California,Whittier,103621.0,40957.0,99013.0,25527.0,,,,,,,,,130407.0,61174.0,214406.0,218440.0,90718.0,19055.0,131217.0,41816.0,$103621,$40957,$99013,$25527,,,,,,,,,$130407,$61174,$214406,$218440,$90718,$19055,$131217,$41816
2011,6037502003,Census Tract 5020.03,Whittier,Los Angeles County,California,Whittier,88395.0,16451.0,96886.0,18845.0,,,,,,,,,85843.0,59061.0,33786.0,39687.0,131392.0,52843.0,88422.0,16287.0,$88395,$16451,$96886,$18845,,,,,,,,,$85843,$59061,$33786,$39687,$131392,$52843,$88422,$16287
2011,6037502004,Census Tract 5020.04,Whittier,Los Angeles County,California,Whittier,95197.0,10167.0,90598.0,32214.0,,,,,110621.0,44354.0,,,95551.0,35264.0,31018.0,98001.0,111208.0,15813.0,86112.0,20895.0,$95197,$10167,$90598,$32214,,,,,$110621,$44354,,,$95551,$35264,$31018,$98001,$111208,$15813,$86112,$20895
2011,6037502005,Census Tract 5020.05,Whittier,Los Angeles County,California,Whittier,99309.0,10837.0,79711.0,16815.0,186786.0,183996.0,79054.0,70345.0,,,,,110422.0,14555.0,87055.0,21255.0,74281.0,19305.0,101160.0,17593.0,$99309,$10837,$79711,$16815,$186786,$183996,$79054,$70345,,,,,$110422,$14555,$87055,$21255,$74281,$19305,$101160,$17593
2011,6037502100,Census Tract 5021,Whittier,Los Angeles County,California,Whittier,72833.0,9382.0,72394.0,9034.0,48878.0,193200.0,31316.0,104573.0,189515.0,219799.0,,,71302.0,32047.0,,,51390.0,13190.0,81822.0,14490.0,$72833,$9382,$72394,$9034,$48878,$193200,$31316,$104573,$189515,$219799,,,$71302,$32047,,,$51390,$13190,$81822,$14490
2011,6037502700,Census Tract 5027,Whittier,Los Angeles County,California,Whittier,70998.0,9019.0,83826.0,22567.0,38081.0,91340.0,52265.0,142211.0,,,,,65161.0,12168.0,26279.0,66403.0,45433.0,56352.0,73395.0,9694.0,$70998,$9019,$83826,$22567,$38081,$91340,$52265,$142211,,,,,$65161,$12168,$26279,$66403,$45433,$56352,$73395,$9694
2011,6037502902,Census Tract 5029.02,Whittier,Los Angeles County,California,Whittier,62083.0,20607.0,74164.0,33276.0,,,,,121407.0,111838.0,,,59856.0,14339.0,,,81026.0,30625.0,60916.0,17609.0,$62083,$20607,$74164,$33276,,,,,$121407,$111838,,,$59856,$14339,,,$81026,$30625,$60916,$17609
2011,6037503301,Census Tract 5033.01,Whittier,Los Angeles County,California,Whittier,113133.0,11945.0,112433.0,12168.0,,,,,,,,,97882.0,54040.0,,,105267.0,15872.0,117474.0,22616.0,$113133,$11945,$112433,$12168,,,,,,,,,$97882,$54040,,,$105267,$15872,$117474,$22616
2011,6037503401,Census Tract 5034.01,Whittier,Los Angeles County,California,Whittier,109904.0,12814.0,109425.0,11504.0,85843.0,160061.0,,,148036.0,70215.0,,,93366.0,56274.0,30283.0,119952.0,109561.0,18335.0,107473.0,30733.0,$109904,$12814,$109425,$11504,$85843,$160061,,,$148036,$70215,,,$93366,$56274,$30283,$119952,$109561,$18335,$107473,$30733
2011,6037503402,Census Tract 5034.02,Whittier,Los Angeles County,California,Whittier,106263.0,17647.0,102504.0,16242.0,305415.0,199206.0,,,82339.0,30113.0,,,145751.0,24829.0,104063.0,90740.0,102796.0,20440.0,115574.0,41329.0,$106263,$17647,$102504,$16242,$305415,$199206,,,$82339,$30113,,,$145751,$24829,$104063,$90740,$102796,$20440,$115574,$41329
2011,6037503501,Census Tract 5035.01,Whittier,Los Angeles County,California,Whittier,97920.0,10209.0,109879.0,20522.0,67368.0,32967.0,96354.0,65242.0,147797.0,184849.0,,,97012.0,40175.0,19271.0,58499.0,113236.0,19766.0,94656.0,25674.0,$97920,$10209,$109879,$20522,$67368,$32967,$96354,$65242,$147797,$184849,,,$97012,$40175,$19271,$58499,$113236,$19766,$94656,$25674
2011,6037503502,Census Tract 5035.02,Whittier,Los Angeles County,California,Whittier,114985.0,15534.0,95807.0,18482.0,,,,,33636.0,92168.0,,,148529.0,6696.0,,,91617.0,18977.0,136453.0,26894.0,$114985,$15534,$95807,$18482,,,,,$33636,$92168,,,$148529,$6696,,,$91617,$18977,$136453,$26894
2011,6037503701,Census Tract 5037.01,Whittier,Los Angeles County,California,Whittier,80997.0,17676.0,71119.0,11114.0,,,,,93978.0,60328.0,,,102577.0,10832.0,65696.0,41125.0,81367.0,16105.0,72980.0,41325.0,$80997,$17676,$71119,$11114,,,,,$93978,$60328,,,$102577,$10832,$65696,$41125,$81367,$16105,$72980,$41325
2011,6037503702,Census Tract 5037.02,Whittier,Los Angeles County,California,Whittier,115431.0,24998.0,129826.0,33627.0,,,,,141319.0,35205.0,,,59416.0,77555.0,,,122221.0,34145.0,99274.0,40968.0,$115431,$24998,$129826,$33627,,,,,$141319,$35205,,,$59416,$77555,,,$122221,$34145,$99274,$40968
2012,6037408503,Census Tract 4085.03,Whittier,Los Angeles County,California,Whittier,116296.0,19170.0,128149.0,23524.0,144881.0,137017.0,,,84222.0,17155.0,,,153093.0,97529.0,107308.0,50946.0,123416.0,29001.0,135829.0,34521.0,$116296,$19170,$128149,$23524,$144881,$137017,,,$84222,$17155,,,$153093,$97529,$107308,$50946,$123416,$29001,$135829,$34521
2012,6037433802,Census Tract 4338.02,Whittier,Los Angeles County,California,Whittier,96257.0,19834.0,89576.0,29212.0,,,,,78691.0,269851.0,,,103585.0,33417.0,26313.0,102022.0,74504.0,58062.0,96741.0,20108.0,$96257,$19834,$89576,$29212,,,,,$78691,$269851,,,$103585,$33417,$26313,$102022,$74504,$58062,$96741,$20108
2012,6037500201,Census Tract 5002.01,Whittier,Los Angeles County,California,Whittier,153961.0,17330.0,166339.0,23825.0,,,,,141296.0,107674.0,,,113816.0,50939.0,170957.0,13447.0,163708.0,19454.0,153208.0,37358.0,$153961,$17330,$166339,$23825,,,,,$141296,$107674,,,$113816,$50939,$170957,$13447,$163708,$19454,$153208,$37358
2012,6037500202,Census Tract 5002.02,Whittier,Los Angeles County,California,Whittier,173455.0,26653.0,174891.0,29989.0,,,,,275471.0,118305.0,,,123358.0,60000.0,,,163511.0,33385.0,153337.0,66215.0,$173455,$26653,$174891,$29989,,,,,$275471,$118305,,,$123358,$60000,,,$163511,$33385,$153337,$66215
2012,6037500300,Census Tract 5003,Whittier,Los Angeles County,California,Whittier,126871.0,19792.0,120121.0,40063.0,173317.0,49966.0,,,89049.0,72004.0,,,126504.0,57941.0,200773.0,234097.0,120979.0,51862.0,125338.0,31683.0,$126871,$19792,$120121,$40063,$173317,$49966,,,$89049,$72004,,,$126504,$57941,$200773,$234097,$120979,$51862,$125338,$31683
2012,6037501001,Census Tract 5010.01,Whittier,Los Angeles County,California,Whittier,66378.0,17248.0,85114.0,35480.0,,,,,,,,,60747.0,19399.0,,,111755.0,103800.0,65114.0,16055.0,$66378,$17248,$85114,$35480,,,,,,,,,$60747,$19399,,,$111755,$103800,$65114,$16055
2012,6037501002,Census Tract 5010.02,Whittier,Los Angeles County,California,Whittier,94400.0,14189.0,93753.0,13904.0,,,,,43544.0,237860.0,,,123913.0,55835.0,,,93173.0,43228.0,95865.0,36800.0,$94400,$14189,$93753,$13904,,,,,$43544,$237860,,,$123913,$55835,,,$93173,$43228,$95865,$36800
2012,6037501200,Census Tract 5012,Whittier,Los Angeles County,California,Whittier,86627.0,16600.0,86436.0,12219.0,144750.0,204962.0,,,187217.0,183867.0,,,74741.0,43077.0,258209.0,285422.0,70642.0,34194.0,90091.0,27618.0,$86627,$16600,$86436,$12219,$144750,$204962,,,$187217,$183867,,,$74741,$43077,$258209,$285422,$70642,$34194,$90091,$27618
2012,6037501300,Census Tract 5013,Whittier,Los Angeles County,California,Whittier,98650.0,6427.0,103101.0,13426.0,93300.0,85573.0,37224.0,31435.0,40398.0,140878.0,,,97891.0,24864.0,141500.0,34971.0,113515.0,32674.0,97858.0,6378.0,$98650,$6427,$103101,$13426,$93300,$85573,$37224,$31435,$40398,$140878,,,$97891,$24864,$141500,$34971,$113515,$32674,$97858,$6378
2012,6037501400,Census Tract 5014,Whittier,Los Angeles County,California,Whittier,65564.0,18230.0,52720.0,20128.0,23302.0,52050.0,,,55402.0,34002.0,,,78666.0,23136.0,84590.0,18315.0,54722.0,148064.0,69036.0,25033.0,$65564,$18230,$52720,$20128,$23302,$52050,,,$55402,$34002,,,$78666,$23136,$84590,$18315,$54722,$148064,$69036,$25033
2012,6037501501,Census Tract 5015.01,Whittier,Los Angeles County,California,Whittier,122008.0,16478.0,122267.0,22594.0,,,71337.0,196280.0,90305.0,26692.0,,,134421.0,63022.0,,,164928.0,105179.0,119912.0,19053.0,$122008,$16478,$122267,$22594,,,$71337,$196280,$90305,$26692,,,$134421,$63022,,,$164928,$105179,$119912,$19053
2012,6037501503,Census Tract 5015.03,Whittier,Los Angeles County,California,Whittier,76958.0,9019.0,62876.0,18713.0,203106.0,249825.0,,,81740.0,46730.0,,,83019.0,28935.0,18508.0,11224.0,70847.0,44410.0,76153.0,9549.0,$76958,$9019,$62876,$18713,$203106,$249825,,,$81740,$46730,,,$83019,$28935,$18508,$11224,$70847,$44410,$76153,$9549
2012,6037501504,Census Tract 5015.04,Whittier,Los Angeles County,California,Whittier,47127.0,3852.0,48722.0,8999.0,,,,,18998.0,8588.0,,,54422.0,18345.0,,,46800.0,7192.0,54609.0,12104.0,$47127,$3852,$48722,$8999,,,,,$18998,$8588,,,$54422,$18345,,,$46800,$7192,$54609,$12104
2012,6037501600,Census Tract 5016,Whittier,Los Angeles County,California,Whittier,124912.0,27830.0,144752.0,10810.0,,,20470.0,25346.0,87556.0,44237.0,,,89988.0,50073.0,,,147076.0,19026.0,97021.0,50076.0,$124912,$27830,$144752,$10810,,,$20470,$25346,$87556,$44237,,,$89988,$50073,,,$147076,$19026,$97021,$50076
2012,6037501700,Census Tract 5017,Whittier,Los Angeles County,California,Whittier,101011.0,33969.0,100530.0,61178.0,,,,,72073.0,22981.0,,,113660.0,89774.0,137593.0,110256.0,99529.0,49219.0,115578.0,45046.0,$101011,$33969,$100530,$61178,,,,,$72073,$22981,,,$113660,$89774,$137593,$110256,$99529,$49219,$115578,$45046
2012,6037501802,Census Tract 5018.02,Whittier,Los Angeles County,California,Whittier,85887.0,11790.0,86471.0,13642.0,,,,,3431.0,,,,84216.0,38717.0,,,87977.0,11497.0,82506.0,21241.0,$85887,$11790,$86471,$13642,,,,,$3431,,,,$84216,$38717,,,$87977,$11497,$82506,$21241
2012,6037501803,Census Tract 5018.03,Whittier,Los Angeles County,California,Whittier,47127.0,2887.0,37055.0,17194.0,83431.0,96013.0,3431.0,,15601.0,92683.0,,,50267.0,10115.0,25740.0,47613.0,43513.0,15660.0,47620.0,3866.0,$47127,$2887,$37055,$17194,$83431,$96013,$3431,,$15601,$92683,,,$50267,$10115,$25740,$47613,$43513,$15660,$47620,$3866
2012,6037501804,Census Tract 5018.04,Whittier,Los Angeles County,California,Whittier,57609.0,33501.0,70929.0,52392.0,,,,,,,,,50039.0,34250.0,,,29587.0,12984.0,71473.0,21549.0,$57609,$33501,$70929,$52392,,,,,,,,,$50039,$34250,,,$29587,$12984,$71473,$21549
2012,6037501900,Census Tract 5019,Whittier,Los Angeles County,California,Whittier,98624.0,11927.0,88958.0,22429.0,,,,,125082.0,556.0,,,98753.0,52075.0,213254.0,284000.0,95239.0,18621.0,98139.0,35865.0,$98624,$11927,$88958,$22429,,,,,$125082,$556,,,$98753,$52075,$213254,$284000,$95239,$18621,$98139,$35865
2012,6037502003,Census Tract 5020.03,Whittier,Los Angeles County,California,Whittier,86801.0,15642.0,95770.0,17255.0,,,,,199630.0,332508.0,,,61776.0,27407.0,33892.0,62954.0,92283.0,92290.0,88089.0,17782.0,$86801,$15642,$95770,$17255,,,,,$199630,$332508,,,$61776,$27407,$33892,$62954,$92283,$92290,$88089,$17782
2012,6037502004,Census Tract 5020.04,Whittier,Los Angeles County,California,Whittier,87410.0,15448.0,83563.0,19510.0,,,,,130760.0,166449.0,,,86030.0,33951.0,30577.0,114032.0,114630.0,44217.0,78286.0,17848.0,$87410,$15448,$83563,$19510,,,,,$130760,$166449,,,$86030,$33951,$30577,$114032,$114630,$44217,$78286,$17848
2012,6037502005,Census Tract 5020.05,Whittier,Los Angeles County,California,Whittier,104044.0,16099.0,89506.0,14443.0,,,103510.0,75599.0,,,,,126110.0,15330.0,85372.0,26450.0,89544.0,22237.0,113772.0,19881.0,$104044,$16099,$89506,$14443,,,$103510,$75599,,,,,$126110,$15330,$85372,$26450,$89544,$22237,$113772,$19881
2012,6037502100,Census Tract 5021,Whittier,Los Angeles County,California,Whittier,77174.0,8251.0,74865.0,7055.0,101245.0,171961.0,,,189251.0,194394.0,,,80996.0,39923.0,,,62920.0,18198.0,82263.0,29169.0,$77174,$8251,$74865,$7055,$101245,$171961,,,$189251,$194394,,,$80996,$39923,,,$62920,$18198,$82263,$29169
2012,6037502700,Census Tract 5027,Whittier,Los Angeles County,California,Whittier,70195.0,11272.0,80996.0,22448.0,36920.0,62072.0,144718.0,203063.0,143423.0,14527.0,,,63002.0,9770.0,72358.0,110559.0,59592.0,55275.0,70195.0,11662.0,$70195,$11272,$80996,$22448,$36920,$62072,$144718,$203063,$143423,$14527,,,$63002,$9770,$72358,$110559,$59592,$55275,$70195,$11662
2012,6037502902,Census Tract 5029.02,Whittier,Los Angeles County,California,Whittier,72619.0,18128.0,74647.0,38316.0,,,,,122219.0,78965.0,,,63166.0,18418.0,134421.0,126513.0,58001.0,56638.0,69928.0,18228.0,$72619,$18128,$74647,$38316,,,,,$122219,$78965,,,$63166,$18418,$134421,$126513,$58001,$56638,$69928,$18228
2012,6037503301,Census Tract 5033.01,Whittier,Los Angeles County,California,Whittier,114352.0,12283.0,110397.0,11459.0,,,,,153936.0,402264.0,,,119923.0,58462.0,71843.0,59224.0,81027.0,38719.0,121264.0,21413.0,$114352,$12283,$110397,$11459,,,,,$153936,$402264,,,$119923,$58462,$71843,$59224,$81027,$38719,$121264,$21413
2012,6037503401,Census Tract 5034.01,Whittier,Los Angeles County,California,Whittier,111755.0,8179.0,111100.0,8205.0,88425.0,342430.0,,,112277.0,38182.0,,,116866.0,64651.0,114801.0,151472.0,114001.0,11228.0,110254.0,14714.0,$111755,$8179,$111100,$8205,$88425,$342430,,,$112277,$38182,,,$116866,$64651,$114801,$151472,$114001,$11228,$110254,$14714
2012,6037503402,Census Tract 5034.02,Whittier,Los Angeles County,California,Whittier,101987.0,10608.0,98749.0,18210.0,305793.0,268329.0,,,126985.0,97266.0,,,114973.0,49197.0,104559.0,21419.0,94832.0,31150.0,108109.0,22259.0,$101987,$10608,$98749,$18210,$305793,$268329,,,$126985,$97266,,,$114973,$49197,$104559,$21419,$94832,$31150,$108109,$22259
2012,6037503501,Census Tract 5035.01,Whittier,Los Angeles County,California,Whittier,95928.0,9763.0,107448.0,20230.0,53608.0,29226.0,98885.0,96082.0,150358.0,229482.0,,,73160.0,30938.0,18361.0,60044.0,108733.0,25003.0,90605.0,20134.0,$95928,$9763,$107448,$20230,$53608,$29226,$98885,$96082,$150358,$229482,,,$73160,$30938,$18361,$60044,$108733,$25003,$90605,$20134
2012,6037503502,Census Tract 5035.02,Whittier,Los Angeles County,California,Whittier,95284.0,11074.0,90404.0,9817.0,,,,,90213.0,121549.0,,,147625.0,7255.0,,,89454.0,15988.0,123578.0,44622.0,$95284,$11074,$90404,$9817,,,,,$90213,$121549,,,$147625,$7255,,,$89454,$15988,$123578,$44622
2012,6037503701,Census Tract 5037.01,Whittier,Los Angeles County,California,Whittier,78765.0,14533.0,78680.0,12946.0,,,,,57739.0,63687.0,,,94849.0,52198.0,68783.0,41287.0,82148.0,11879.0,72287.0,26296.0,$78765,$14533,$78680,$12946,,,,,$57739,$63687,,,$94849,$52198,$68783,$41287,$82148,$11879,$72287,$26296
2012,6037503702,Census Tract 5037.02,Whittier,Los Angeles County,California,Whittier,118576.0,22325.0,131705.0,22808.0,,,,,139221.0,24895.0,,,61123.0,25968.0,155442.0,80013.0,132623.0,20157.0,91389.0,32176.0,$118576,$22325,$131705,$22808,,,,,$139221,$24895,,,$61123,$25968,$155442,$80013,$132623,$20157,$91389,$32176
2013,6037408503,Census Tract 4085.03,Whittier,Los Angeles County,California,Whittier,117315.0,14094.0,124311.0,16334.0,,,,,85335.0,18583.0,,,217126.0,77370.0,109201.0,57523.0,120020.0,10992.0,152230.0,47187.0,$117315,$14094,$124311,$16334,,,,,$85335,$18583,,,$217126,$77370,$109201,$57523,$120020,$10992,$152230,$47187
2013,6037433802,Census Tract 4338.02,Whittier,Los Angeles County,California,Whittier,75325.0,18359.0,76340.0,14951.0,,,,,46929.0,3164.0,,,99735.0,28548.0,,,69646.0,55109.0,81059.0,10978.0,$75325,$18359,$76340,$14951,,,,,$46929,$3164,,,$99735,$28548,,,$69646,$55109,$81059,$10978
2013,6037500201,Census Tract 5002.01,Whittier,Los Angeles County,California,Whittier,152359.0,17090.0,154417.0,20963.0,,,,,143310.0,52571.0,,,204729.0,164148.0,171578.0,12540.0,156287.0,19756.0,151722.0,63962.0,$152359,$17090,$154417,$20963,,,,,$143310,$52571,,,$204729,$164148,$171578,$12540,$156287,$19756,$151722,$63962
2013,6037500202,Census Tract 5002.02,Whittier,Los Angeles County,California,Whittier,175958.0,32113.0,183158.0,29914.0,,,,,197442.0,116136.0,,,145482.0,215566.0,,,184014.0,31516.0,147436.0,50765.0,$175958,$32113,$183158,$29914,,,,,$197442,$116136,,,$145482,$215566,,,$184014,$31516,$147436,$50765
2013,6037500300,Census Tract 5003,Whittier,Los Angeles County,California,Whittier,128040.0,24752.0,139606.0,41560.0,,,,,86024.0,59296.0,,,128027.0,70362.0,200822.0,222415.0,139038.0,50502.0,127761.0,34863.0,$128040,$24752,$139606,$41560,,,,,$86024,$59296,,,$128027,$70362,$200822,$222415,$139038,$50502,$127761,$34863
2013,6037501001,Census Tract 5010.01,Whittier,Los Angeles County,California,Whittier,73364.0,37031.0,94076.0,22228.0,,,,,,,,,62181.0,32191.0,,,113070.0,47694.0,73928.0,38185.0,$73364,$37031,$94076,$22228,,,,,,,,,$62181,$32191,,,$113070,$47694,$73928,$38185
2013,6037501002,Census Tract 5010.02,Whittier,Los Angeles County,California,Whittier,94043.0,9595.0,93379.0,13575.0,,,,,39955.0,76613.0,,,103397.0,43837.0,,,86973.0,37016.0,95678.0,28355.0,$94043,$9595,$93379,$13575,,,,,$39955,$76613,,,$103397,$43837,,,$86973,$37016,$95678,$28355
2013,6037501200,Census Tract 5012,Whittier,Los Angeles County,California,Whittier,83880.0,17821.0,85124.0,14773.0,131008.0,147667.0,,,243681.0,164367.0,,,75864.0,38109.0,71674.0,232807.0,73252.0,31261.0,84763.0,37308.0,$83880,$17821,$85124,$14773,$131008,$147667,,,$243681,$164367,,,$75864,$38109,$71674,$232807,$73252,$31261,$84763,$37308
2013,6037501300,Census Tract 5013,Whittier,Los Angeles County,California,Whittier,101526.0,4271.0,101485.0,13064.0,,,,,108708.0,43510.0,,,101628.0,27712.0,138769.0,58207.0,101624.0,35433.0,101238.0,3793.0,$101526,$4271,$101485,$13064,,,,,$108708,$43510,,,$101628,$27712,$138769,$58207,$101624,$35433,$101238,$3793
2013,6037501400,Census Tract 5014,Whittier,Los Angeles County,California,Whittier,60835.0,17766.0,47106.0,35686.0,,,,,,,,,68258.0,15729.0,106739.0,34121.0,81510.0,71113.0,65333.0,15482.0,$60835,$17766,$47106,$35686,,,,,,,,,$68258,$15729,$106739,$34121,$81510,$71113,$65333,$15482
2013,6037501501,Census Tract 5015.01,Whittier,Los Angeles County,California,Whittier,123478.0,13530.0,124553.0,10717.0,,,,,118813.0,132838.0,,,119006.0,71087.0,,,123247.0,31006.0,130566.0,15264.0,$123478,$13530,$124553,$10717,,,,,$118813,$132838,,,$119006,$71087,,,$123247,$31006,$130566,$15264
2013,6037501503,Census Tract 5015.03,Whittier,Los Angeles County,California,Whittier,76029.0,8049.0,64089.0,21155.0,50502.0,322211.0,,,39725.0,242635.0,,,82831.0,36402.0,18369.0,5405.0,80952.0,31541.0,75286.0,8462.0,$76029,$8049,$64089,$21155,$50502,$322211,,,$39725,$242635,,,$82831,$36402,$18369,$5405,$80952,$31541,$75286,$8462
2013,6037501504,Census Tract 5015.04,Whittier,Los Angeles County,California,Whittier,48473.0,5729.0,51938.0,5662.0,,,,,20220.0,10445.0,,,54647.0,19659.0,,,54094.0,45198.0,50617.0,10117.0,$48473,$5729,$51938,$5662,,,,,$20220,$10445,,,$54647,$19659,,,$54094,$45198,$50617,$10117
2013,6037501600,Census Tract 5016,Whittier,Los Angeles County,California,Whittier,117359.0,39617.0,142031.0,49795.0,,,,,141714.0,129684.0,,,99735.0,62735.0,,,136535.0,79888.0,115777.0,43771.0,$117359,$39617,$142031,$49795,,,,,$141714,$129684,,,$99735,$62735,,,$136535,$79888,$115777,$43771
2013,6037501700,Census Tract 5017,Whittier,Los Angeles County,California,Whittier,99298.0,24049.0,98590.0,25454.0,,,,,,,,,123195.0,53650.0,,,96837.0,27960.0,100825.0,50982.0,$99298,$24049,$98590,$25454,,,,,,,,,$123195,$53650,,,$96837,$27960,$100825,$50982
2013,6037501802,Census Tract 5018.02,Whittier,Los Angeles County,California,Whittier,82801.0,11475.0,86091.0,9606.0,,,,,,,,,66994.0,43603.0,,,84454.0,11894.0,81447.0,23011.0,$82801,$11475,$86091,$9606,,,,,,,,,$66994,$43603,,,$84454,$11894,$81447,$23011
2013,6037501803,Census Tract 5018.03,Whittier,Los Angeles County,California,Whittier,47194.0,8240.0,32205.0,12749.0,,,,,18088.0,33354.0,,,53852.0,11350.0,75269.0,48906.0,43348.0,17395.0,48933.0,8141.0,$47194,$8240,$32205,$12749,,,,,$18088,$33354,,,$53852,$11350,$75269,$48906,$43348,$17395,$48933,$8141
2013,6037501804,Census Tract 5018.04,Whittier,Los Angeles County,California,Whittier,60130.0,23439.0,48660.0,24610.0,,,,,,,,,85366.0,38017.0,,,32118.0,37189.0,68952.0,17080.0,$60130,$23439,$48660,$24610,,,,,,,,,$85366,$38017,,,$32118,$37189,$68952,$17080
2013,6037501900,Census Tract 5019,Whittier,Los Angeles County,California,Whittier,100556.0,36696.0,100158.0,42627.0,,,,,,,,,99977.0,37786.0,,,90568.0,24139.0,115914.0,44934.0,$100556,$36696,$100158,$42627,,,,,,,,,$99977,$37786,,,$90568,$24139,$115914,$44934
2013,6037502003,Census Tract 5020.03,Whittier,Los Angeles County,California,Whittier,75104.0,14991.0,95095.0,24894.0,,,,,,,,,58827.0,19835.0,,,76633.0,21579.0,72688.0,20727.0,$75104,$14991,$95095,$24894,,,,,,,,,$58827,$19835,,,$76633,$21579,$72688,$20727
2013,6037502004,Census Tract 5020.04,Whittier,Los Angeles County,California,Whittier,85283.0,17882.0,76849.0,13964.0,,,,,133967.0,251707.0,,,80544.0,30878.0,,,99171.0,96136.0,78165.0,14874.0,$85283,$17882,$76849,$13964,,,,,$133967,$251707,,,$80544,$30878,,,$99171,$96136,$78165,$14874
2013,6037502005,Census Tract 5020.05,Whittier,Los Angeles County,California,Whittier,101989.0,20240.0,87437.0,14708.0,,,80295.0,90024.0,47083.0,86128.0,,,132735.0,18811.0,,,76849.0,24057.0,121804.0,22270.0,$101989,$20240,$87437,$14708,,,$80295,$90024,$47083,$86128,,,$132735,$18811,,,$76849,$24057,$121804,$22270
2013,6037502100,Census Tract 5021,Whittier,Los Angeles County,California,Whittier,70299.0,9438.0,68666.0,9619.0,55784.0,94679.0,,,189649.0,212751.0,,,81764.0,42568.0,,,62951.0,7584.0,73141.0,18009.0,$70299,$9438,$68666,$9619,$55784,$94679,,,$189649,$212751,,,$81764,$42568,,,$62951,$7584,$73141,$18009
2013,6037502700,Census Tract 5027,Whittier,Los Angeles County,California,Whittier,70140.0,9222.0,80295.0,21375.0,92819.0,107767.0,145850.0,111864.0,142372.0,98901.0,,,63771.0,8499.0,57053.0,63714.0,52741.0,88939.0,69535.0,7852.0,$70140,$9222,$80295,$21375,$92819,$107767,$145850,$111864,$142372,$98901,,,$63771,$8499,$57053,$63714,$52741,$88939,$69535,$7852
2013,6037502902,Census Tract 5029.02,Whittier,Los Angeles County,California,Whittier,71091.0,22122.0,56717.0,34137.0,,,,,210578.0,108559.0,,,64082.0,27697.0,113540.0,25868.0,78436.0,47751.0,63519.0,23395.0,$71091,$22122,$56717,$34137,,,,,$210578,$108559,,,$64082,$27697,$113540,$25868,$78436,$47751,$63519,$23395
2013,6037503301,Census Tract 5033.01,Whittier,Los Angeles County,California,Whittier,118813.0,20268.0,115305.0,12064.0,,,,,,,,,149458.0,39895.0,,,107249.0,32654.0,123661.0,34090.0,$118813,$20268,$115305,$12064,,,,,,,,,$149458,$39895,,,$107249,$32654,$123661,$34090
2013,6037503401,Census Tract 5034.01,Whittier,Los Angeles County,California,Whittier,112484.0,8111.0,113441.0,10915.0,86728.0,309960.0,,,124880.0,100134.0,,,94397.0,43219.0,114488.0,39024.0,125239.0,24565.0,106911.0,15505.0,$112484,$8111,$113441,$10915,$86728,$309960,,,$124880,$100134,,,$94397,$43219,$114488,$39024,$125239,$24565,$106911,$15505
2013,6037503402,Census Tract 5034.02,Whittier,Los Angeles County,California,Whittier,104081.0,13757.0,101119.0,13949.0,,,,,134220.0,70672.0,,,142030.0,38580.0,103116.0,29351.0,96653.0,23606.0,114949.0,35517.0,$104081,$13757,$101119,$13949,,,,,$134220,$70672,,,$142030,$38580,$103116,$29351,$96653,$23606,$114949,$35517
2013,6037503501,Census Tract 5035.01,Whittier,Los Angeles County,California,Whittier,91812.0,15931.0,95421.0,14724.0,52771.0,31630.0,146856.0,211637.0,113855.0,65286.0,,,73980.0,40286.0,54432.0,78284.0,94242.0,22155.0,95650.0,22875.0,$91812,$15931,$95421,$14724,$52771,$31630,$146856,$211637,$113855,$65286,,,$73980,$40286,$54432,$78284,$94242,$22155,$95650,$22875
2013,6037503502,Census Tract 5035.02,Whittier,Los Angeles County,California,Whittier,92189.0,11053.0,84251.0,12210.0,,,,,33808.0,69980.0,,,145494.0,2868.0,,,94570.0,13675.0,91395.0,28947.0,$92189,$11053,$84251,$12210,,,,,$33808,$69980,,,$145494,$2868,,,$94570,$13675,$91395,$28947
2013,6037503701,Census Tract 5037.01,Whittier,Los Angeles County,California,Whittier,86508.0,14962.0,86144.0,16374.0,,,,,92584.0,78545.0,,,138741.0,115962.0,65250.0,72622.0,90031.0,16413.0,84908.0,23259.0,$86508,$14962,$86144,$16374,,,,,$92584,$78545,,,$138741,$115962,$65250,$72622,$90031,$16413,$84908,$23259
2013,6037503702,Census Tract 5037.02,Whittier,Los Angeles County,California,Whittier,109032.0,22592.0,118971.0,18094.0,,,,,81140.0,169855.0,,,64236.0,29965.0,,,122307.0,28958.0,92692.0,30021.0,$109032,$22592,$118971,$18094,,,,,$81140,$169855,,,$64236,$29965,,,$122307,$28958,$92692,$30021
2014,6037408503,Census Tract 4085.03,Whittier,Los Angeles County,California,Whittier,120460.0,13440.0,121268.0,17663.0,,,,,88269.0,25761.0,,,216743.0,65623.0,147981.0,59460.0,120048.0,17635.0,146319.0,41660.0,$120460,$13440,$121268,$17663,,,,,$88269,$25761,,,$216743,$65623,$147981,$59460,$120048,$17635,$146319,$41660
2014,6037433802,Census Tract 4338.02,Whittier,Los Angeles County,California,Whittier,80365.0,18408.0,81417.0,10221.0,,,,,46648.0,6828.0,,,72328.0,55761.0,,,35371.0,37128.0,82276.0,8330.0,$80365,$18408,$81417,$10221,,,,,$46648,$6828,,,$72328,$55761,,,$35371,$37128,$82276,$8330
2014,6037500201,Census Tract 5002.01,Whittier,Los Angeles County,California,Whittier,141188.0,12767.0,141679.0,24958.0,,,,,135365.0,85271.0,,,165036.0,94407.0,,,124110.0,34044.0,150760.0,18513.0,$141188,$12767,$141679,$24958,,,,,$135365,$85271,,,$165036,$94407,,,$124110,$34044,$150760,$18513
2014,6037500202,Census Tract 5002.02,Whittier,Los Angeles County,California,Whittier,169720.0,32324.0,182369.0,32161.0,,,264825.0,129128.0,276509.0,194395.0,,,113376.0,135330.0,,,198540.0,23728.0,143501.0,39215.0,$169720,$32324,$182369,$32161,,,$264825,$129128,$276509,$194395,,,$113376,$135330,,,$198540,$23728,$143501,$39215
2014,6037500300,Census Tract 5003,Whittier,Los Angeles County,California,Whittier,126304.0,20788.0,115656.0,41642.0,,,,,123964.0,61757.0,,,170034.0,88047.0,,,113836.0,50625.0,142578.0,40300.0,$126304,$20788,$115656,$41642,,,,,$123964,$61757,,,$170034,$88047,,,$113836,$50625,$142578,$40300
2014,6037501001,Census Tract 5010.01,Whittier,Los Angeles County,California,Whittier,65579.0,18412.0,85215.0,35398.0,,,,,,,,,60725.0,22159.0,,,110122.0,54392.0,64846.0,16579.0,$65579,$18412,$85215,$35398,,,,,,,,,$60725,$22159,,,$110122,$54392,$64846,$16579
2014,6037501002,Census Tract 5010.02,Whittier,Los Angeles County,California,Whittier,98655.0,11936.0,94800.0,10029.0,,,,,40855.0,180106.0,,,115882.0,37319.0,,,87907.0,38220.0,112325.0,17089.0,$98655,$11936,$94800,$10029,,,,,$40855,$180106,,,$115882,$37319,,,$87907,$38220,$112325,$17089
2014,6037501200,Census Tract 5012,Whittier,Los Angeles County,California,Whittier,84965.0,18782.0,86379.0,21452.0,123373.0,162994.0,,,244049.0,160367.0,,,75281.0,42660.0,58402.0,84198.0,83391.0,25889.0,85599.0,27606.0,$84965,$18782,$86379,$21452,$123373,$162994,,,$244049,$160367,,,$75281,$42660,$58402,$84198,$83391,$25889,$85599,$27606
2014,6037501300,Census Tract 5013,Whittier,Los Angeles County,California,Whittier,100297.0,5915.0,99486.0,21139.0,,,,,98822.0,26827.0,,,101495.0,40560.0,119577.0,54631.0,95716.0,46527.0,100835.0,8017.0,$100297,$5915,$99486,$21139,,,,,$98822,$26827,,,$101495,$40560,$119577,$54631,$95716,$46527,$100835,$8017
2014,6037501400,Census Tract 5014,Whittier,Los Angeles County,California,Whittier,63516.0,12502.0,49605.0,27177.0,,,,,,,,,63896.0,8745.0,104276.0,35243.0,54731.0,45689.0,62984.0,12710.0,$63516,$12502,$49605,$27177,,,,,,,,,$63896,$8745,$104276,$35243,$54731,$45689,$62984,$12710
2014,6037501501,Census Tract 5015.01,Whittier,Los Angeles County,California,Whittier,128768.0,10953.0,127499.0,10083.0,,,,,129026.0,106857.0,,,118884.0,89382.0,135749.0,443989.0,124703.0,36887.0,129942.0,11175.0,$128768,$10953,$127499,$10083,,,,,$129026,$106857,,,$118884,$89382,$135749,$443989,$124703,$36887,$129942,$11175
2014,6037501503,Census Tract 5015.03,Whittier,Los Angeles County,California,Whittier,69769.0,14697.0,67304.0,23706.0,199664.0,329157.0,,,39177.0,79810.0,,,77743.0,28653.0,34312.0,3425.0,79088.0,28182.0,67780.0,21815.0,$69769,$14697,$67304,$23706,$199664,$329157,,,$39177,$79810,,,$77743,$28653,$34312,$3425,$79088,$28182,$67780,$21815
2014,6037501504,Census Tract 5015.04,Whittier,Los Angeles County,California,Whittier,49982.0,7070.0,52401.0,11495.0,,,,,25372.0,9911.0,,,54349.0,15651.0,121711.0,100244.0,77071.0,49836.0,52401.0,7034.0,$49982,$7070,$52401,$11495,,,,,$25372,$9911,,,$54349,$15651,$121711,$100244,$77071,$49836,$52401,$7034
2014,6037501600,Census Tract 5016,Whittier,Los Angeles County,California,Whittier,133135.0,34197.0,144366.0,16297.0,,,,,168372.0,68568.0,,,72230.0,53041.0,,,138005.0,46403.0,114727.0,54443.0,$133135,$34197,$144366,$16297,,,,,$168372,$68568,,,$72230,$53041,,,$138005,$46403,$114727,$54443
2014,6037501700,Census Tract 5017,Whittier,Los Angeles County,California,Whittier,97611.0,30821.0,96633.0,33189.0,,,,,,,,,120954.0,30019.0,,,72984.0,35716.0,107245.0,31013.0,$97611,$30821,$96633,$33189,,,,,,,,,$120954,$30019,,,$72984,$35716,$107245,$31013
2014,6037501802,Census Tract 5018.02,Whittier,Los Angeles County,California,Whittier,82912.0,11247.0,80642.0,19648.0,,,,,,,,,83100.0,20507.0,157428.0,40875.0,72466.0,20080.0,87292.0,17771.0,$82912,$11247,$80642,$19648,,,,,,,,,$83100,$20507,$157428,$40875,$72466,$20080,$87292,$17771
2014,6037501803,Census Tract 5018.03,Whittier,Los Angeles County,California,Whittier,47261.0,4980.0,30377.0,8244.0,73159.0,36101.0,,,17778.0,16075.0,,,52262.0,9576.0,74637.0,25425.0,45336.0,11028.0,47318.0,6012.0,$47261,$4980,$30377,$8244,$73159,$36101,,,$17778,$16075,,,$52262,$9576,$74637,$25425,$45336,$11028,$47318,$6012
2014,6037501804,Census Tract 5018.04,Whittier,Los Angeles County,California,Whittier,49400.0,19973.0,47804.0,20868.0,,,,,45310.0,238750.0,,,67264.0,31710.0,,,31702.0,23548.0,60024.0,13761.0,$49400,$19973,$47804,$20868,,,,,$45310,$238750,,,$67264,$31710,,,$31702,$23548,$60024,$13761
2014,6037501900,Census Tract 5019,Whittier,Los Angeles County,California,Whittier,102732.0,31980.0,120963.0,39252.0,,,,,,,,,101497.0,60742.0,,,102091.0,45416.0,126763.0,45393.0,$102732,$31980,$120963,$39252,,,,,,,,,$101497,$60742,,,$102091,$45416,$126763,$45393
2014,6037502003,Census Tract 5020.03,Whittier,Los Angeles County,California,Whittier,75391.0,13679.0,84798.0,13862.0,,,,,,,,,62248.0,27940.0,,,67617.0,32293.0,77815.0,17941.0,$75391,$13679,$84798,$13862,,,,,,,,,$62248,$27940,,,$67617,$32293,$77815,$17941
2014,6037502004,Census Tract 5020.04,Whittier,Los Angeles County,California,Whittier,78308.0,9930.0,74998.0,18821.0,,,,,,,,,80322.0,16852.0,,,47744.0,23176.0,78362.0,9448.0,$78308,$9930,$74998,$18821,,,,,,,,,$80322,$16852,,,$47744,$23176,$78362,$9448
2014,6037502005,Census Tract 5020.05,Whittier,Los Angeles County,California,Whittier,85699.0,11777.0,78507.0,18818.0,,,,,84193.0,88048.0,,,109134.0,69253.0,84133.0,105718.0,62075.0,38183.0,92488.0,37979.0,$85699,$11777,$78507,$18818,,,,,$84193,$88048,,,$109134,$69253,$84133,$105718,$62075,$38183,$92488,$37979
2014,6037502100,Census Tract 5021,Whittier,Los Angeles County,California,Whittier,68005.0,11232.0,70375.0,14148.0,,,,,189757.0,221001.0,,,64241.0,38943.0,,,64513.0,53490.0,68337.0,12923.0,$68005,$11232,$70375,$14148,,,,,$189757,$221001,,,$64241,$38943,,,$64513,$53490,$68337,$12923
2014,6037502700,Census Tract 5027,Whittier,Los Angeles County,California,Whittier,68985.0,7091.0,68239.0,20509.0,39573.0,138923.0,103088.0,44265.0,145764.0,38213.0,,,67174.0,11856.0,72328.0,71724.0,38717.0,123328.0,68433.0,5408.0,$68985,$7091,$68239,$20509,$39573,$138923,$103088,$44265,$145764,$38213,,,$67174,$11856,$72328,$71724,$38717,$123328,$68433,$5408
2014,6037502902,Census Tract 5029.02,Whittier,Los Angeles County,California,Whittier,62555.0,19808.0,55805.0,25087.0,,,,,,,,,70204.0,21565.0,114727.0,68042.0,80886.0,25797.0,61438.0,16300.0,$62555,$19808,$55805,$25087,,,,,,,,,$70204,$21565,$114727,$68042,$80886,$25797,$61438,$16300
2014,6037503301,Census Tract 5033.01,Whittier,Los Angeles County,California,Whittier,109097.0,9616.0,106438.0,37100.0,,,,,155527.0,353680.0,,,149860.0,6344.0,,,82304.0,29165.0,118976.0,35774.0,$109097,$9616,$106438,$37100,,,,,$155527,$353680,,,$149860,$6344,,,$82304,$29165,$118976,$35774
2014,6037503401,Census Tract 5034.01,Whittier,Los Angeles County,California,Whittier,106709.0,18153.0,107084.0,15179.0,88032.0,196247.0,,,29793.0,247932.0,,,97685.0,86812.0,114589.0,20062.0,111153.0,21936.0,106753.0,32653.0,$106709,$18153,$107084,$15179,$88032,$196247,,,$29793,$247932,,,$97685,$86812,$114589,$20062,$111153,$21936,$106753,$32653
2014,6037503402,Census Tract 5034.02,Whittier,Los Angeles County,California,Whittier,105416.0,17033.0,95446.0,17010.0,,,,,165440.0,59558.0,,,119181.0,44650.0,103989.0,90460.0,79572.0,32455.0,117043.0,28565.0,$105416,$17033,$95446,$17010,,,,,$165440,$59558,,,$119181,$44650,$103989,$90460,$79572,$32455,$117043,$28565
2014,6037503501,Census Tract 5035.01,Whittier,Los Angeles County,California,Whittier,94140.0,18781.0,101472.0,15752.0,,,97823.0,231093.0,111069.0,49323.0,,,59620.0,35768.0,55202.0,59637.0,104751.0,20332.0,82637.0,25334.0,$94140,$18781,$101472,$15752,,,$97823,$231093,$111069,$49323,,,$59620,$35768,$55202,$59637,$104751,$20332,$82637,$25334
2014,6037503502,Census Tract 5035.02,Whittier,Los Angeles County,California,Whittier,86923.0,14395.0,82178.0,10848.0,,,,,31868.0,52760.0,,,151179.0,5154.0,25513.0,124686.0,84355.0,16843.0,87754.0,26465.0,$86923,$14395,$82178,$10848,,,,,$31868,$52760,,,$151179,$5154,$25513,$124686,$84355,$16843,$87754,$26465
2014,6037503701,Census Tract 5037.01,Whittier,Los Angeles County,California,Whittier,88357.0,9858.0,88656.0,10623.0,,,,,56466.0,85320.0,,,95557.0,91772.0,71752.0,147701.0,88577.0,18648.0,90567.0,13765.0,$88357,$9858,$88656,$10623,,,,,$56466,$85320,,,$95557,$91772,$71752,$147701,$88577,$18648,$90567,$13765
2014,6037503702,Census Tract 5037.02,Whittier,Los Angeles County,California,Whittier,87939.0,19406.0,99507.0,19492.0,,,,,53736.0,47564.0,,,59521.0,25139.0,,,116390.0,28480.0,70844.0,21373.0,$87939,$19406,$99507,$19492,,,,,$53736,$47564,,,$59521,$25139,,,$116390,$28480,$70844,$21373
2015,6037408503,Census Tract 4085.03,Whittier,Los Angeles County,California,Whittier,134193.0,20909.0,130921.0,24736.0,,,,,95692.0,43593.0,,,219345.0,100036.0,176313.0,145797.0,123383.0,22177.0,155472.0,38479.0,$134193,$20909,$130921,$24736,,,,,$95692,$43593,,,$219345,$100036,$176313,$145797,$123383,$22177,$155472,$38479
2015,6037433802,Census Tract 4338.02,Whittier,Los Angeles County,California,Whittier,79800.0,23344.0,79928.0,24489.0,,,,,45132.0,17726.0,,,113554.0,50382.0,114018.0,22331.0,35569.0,21710.0,82929.0,9824.0,$79800,$23344,$79928,$24489,,,,,$45132,$17726,,,$113554,$50382,$114018,$22331,$35569,$21710,$82929,$9824
2015,6037500201,Census Tract 5002.01,Whittier,Los Angeles County,California,Whittier,142690.0,11104.0,143053.0,21068.0,,,,,140541.0,59494.0,,,168925.0,129089.0,135140.0,128617.0,132915.0,35772.0,151025.0,20699.0,$142690,$11104,$143053,$21068,,,,,$140541,$59494,,,$168925,$129089,$135140,$128617,$132915,$35772,$151025,$20699
2015,6037500202,Census Tract 5002.02,Whittier,Los Angeles County,California,Whittier,181645.0,33728.0,187563.0,27826.0,,,,,165985.0,134660.0,,,114945.0,102676.0,,,196336.0,24684.0,160413.0,43669.0,$181645,$33728,$187563,$27826,,,,,$165985,$134660,,,$114945,$102676,,,$196336,$24684,$160413,$43669
2015,6037500300,Census Tract 5003,Whittier,Los Angeles County,California,Whittier,140349.0,16872.0,135405.0,34767.0,,,,,128638.0,36383.0,,,171913.0,51408.0,,,133894.0,70313.0,147253.0,39552.0,$140349,$16872,$135405,$34767,,,,,$128638,$36383,,,$171913,$51408,,,$133894,$70313,$147253,$39552
2015,6037501001,Census Tract 5010.01,Whittier,Los Angeles County,California,Whittier,71072.0,21316.0,87142.0,32995.0,,,,,,,,,66545.0,20032.0,,,104571.0,24946.0,68330.0,21583.0,$71072,$21316,$87142,$32995,,,,,,,,,$66545,$20032,,,$104571,$24946,$68330,$21583
2015,6037501002,Census Tract 5010.02,Whittier,Los Angeles County,California,Whittier,103879.0,15052.0,95042.0,17147.0,,,,,,,,,115122.0,24417.0,,,68914.0,17500.0,113838.0,14208.0,$103879,$15052,$95042,$17147,,,,,,,,,$115122,$24417,,,$68914,$17500,$113838,$14208
2015,6037501200,Census Tract 5012,Whittier,Los Angeles County,California,Whittier,99315.0,21150.0,99406.0,26422.0,,,,,245959.0,91762.0,,,77374.0,42645.0,,,98023.0,22181.0,93245.0,32738.0,$99315,$21150,$99406,$26422,,,,,$245959,$91762,,,$77374,$42645,,,$98023,$22181,$93245,$32738
2015,6037501300,Census Tract 5013,Whittier,Los Angeles County,California,Whittier,99011.0,7493.0,87519.0,27352.0,,,,,98190.0,15957.0,,,101904.0,23940.0,109089.0,43058.0,97693.0,56319.0,99830.0,18953.0,$99011,$7493,$87519,$27352,,,,,$98190,$15957,,,$101904,$23940,$109089,$43058,$97693,$56319,$99830,$18953
2015,6037501400,Census Tract 5014,Whittier,Los Angeles County,California,Whittier,61867.0,12949.0,48966.0,23673.0,,,,,,,,,64050.0,7965.0,104847.0,30385.0,44816.0,34664.0,63416.0,9368.0,$61867,$12949,$48966,$23673,,,,,,,,,$64050,$7965,$104847,$30385,$44816,$34664,$63416,$9368
2015,6037501501,Census Tract 5015.01,Whittier,Los Angeles County,California,Whittier,123541.0,17556.0,118955.0,14211.0,,,,,133500.0,72071.0,,,117493.0,37750.0,206295.0,197496.0,114945.0,11433.0,135832.0,63985.0,$123541,$17556,$118955,$14211,,,,,$133500,$72071,,,$117493,$37750,$206295,$197496,$114945,$11433,$135832,$63985
2015,6037501503,Census Tract 5015.03,Whittier,Los Angeles County,California,Whittier,72549.0,10589.0,69281.0,20149.0,,,,,57857.0,53360.0,,,75680.0,25409.0,35158.0,5632.0,86855.0,24750.0,69303.0,8586.0,$72549,$10589,$69281,$20149,,,,,$57857,$53360,,,$75680,$25409,$35158,$5632,$86855,$24750,$69303,$8586
2015,6037501504,Census Tract 5015.04,Whittier,Los Angeles County,California,Whittier,49679.0,7246.0,54524.0,8615.0,,,,,25112.0,6408.0,,,46891.0,15391.0,120615.0,109219.0,77828.0,37286.0,50902.0,7281.0,$49679,$7246,$54524,$8615,,,,,$25112,$6408,,,$46891,$15391,$120615,$109219,$77828,$37286,$50902,$7281
2015,6037501600,Census Tract 5016,Whittier,Los Angeles County,California,Whittier,127484.0,24618.0,149386.0,27619.0,,,,,180702.0,75279.0,,,71374.0,54427.0,,,143784.0,41634.0,113259.0,42062.0,$127484,$24618,$149386,$27619,,,,,$180702,$75279,,,$71374,$54427,,,$143784,$41634,$113259,$42062
2015,6037501700,Census Tract 5017,Whittier,Los Angeles County,California,Whittier,102469.0,35559.0,102025.0,36114.0,,,,,,,,,120671.0,46482.0,,,81785.0,42078.0,116743.0,34318.0,$102469,$35559,$102025,$36114,,,,,,,,,$120671,$46482,,,$81785,$42078,$116743,$34318
2015,6037501802,Census Tract 5018.02,Whittier,Los Angeles County,California,Whittier,89244.0,14199.0,93485.0,20151.0,,,,,,,,,84652.0,16500.0,157088.0,9316.0,68928.0,26008.0,93407.0,15365.0,$89244,$14199,$93485,$20151,,,,,,,,,$84652,$16500,$157088,$9316,$68928,$26008,$93407,$15365
2015,6037501803,Census Tract 5018.03,Whittier,Los Angeles County,California,Whittier,44865.0,9194.0,37845.0,12551.0,83477.0,42240.0,,,,,,,47330.0,9011.0,,,38177.0,20630.0,45939.0,10611.0,$44865,$9194,$37845,$12551,$83477,$42240,,,,,,,$47330,$9011,,,$38177,$20630,$45939,$10611
2015,6037501804,Census Tract 5018.04,Whittier,Los Angeles County,California,Whittier,54960.0,11689.0,49274.0,11667.0,,,,,,,,,67539.0,24011.0,,,,,55605.0,10932.0,$54960,$11689,$49274,$11667,,,,,,,,,$67539,$24011,,,,,$55605,$10932
2015,6037501900,Census Tract 5019,Whittier,Los Angeles County,California,Whittier,95441.0,20452.0,102081.0,38098.0,,,,,,,,,100122.0,42305.0,,,81333.0,39724.0,120615.0,47279.0,$95441,$20452,$102081,$38098,,,,,,,,,$100122,$42305,,,$81333,$39724,$120615,$47279
2015,6037502003,Census Tract 5020.03,Whittier,Los Angeles County,California,Whittier,75567.0,9385.0,78345.0,10616.0,,,,,,,,,75222.0,19951.0,,,72369.0,19983.0,76077.0,10841.0,$75567,$9385,$78345,$10616,,,,,,,,,$75222,$19951,,,$72369,$19983,$76077,$10841
2015,6037502004,Census Tract 5020.04,Whittier,Los Angeles County,California,Whittier,76629.0,14928.0,71789.0,19430.0,,,,,,,,,74693.0,23790.0,,,49084.0,31993.0,75405.0,16028.0,$76629,$14928,$71789,$19430,,,,,,,,,$74693,$23790,,,$49084,$31993,$75405,$16028
2015,6037502005,Census Tract 5020.05,Whittier,Los Angeles County,California,Whittier,79066.0,14312.0,79791.0,24190.0,,,,,46011.0,32836.0,,,71161.0,45946.0,,,58332.0,32358.0,80594.0,31361.0,$79066,$14312,$79791,$24190,,,,,$46011,$32836,,,$71161,$45946,,,$58332,$32358,$80594,$31361
2015,6037502100,Census Tract 5021,Whittier,Los Angeles County,California,Whittier,70921.0,10869.0,72128.0,16395.0,,,,,,,,,67273.0,31665.0,,,92122.0,45824.0,68533.0,15600.0,$70921,$10869,$72128,$16395,,,,,,,,,$67273,$31665,,,$92122,$45824,$68533,$15600
2015,6037502700,Census Tract 5027,Whittier,Los Angeles County,California,Whittier,69191.0,13119.0,55697.0,25591.0,,,87972.0,78824.0,149594.0,64883.0,,,76169.0,48911.0,112632.0,61580.0,,,69690.0,14297.0,$69191,$13119,$55697,$25591,,,$87972,$78824,$149594,$64883,,,$76169,$48911,$112632,$61580,,,$69690,$14297
2015,6037502902,Census Tract 5029.02,Whittier,Los Angeles County,California,Whittier,62041.0,12020.0,56159.0,13534.0,,,,,,,,,72838.0,21559.0,133204.0,55924.0,79776.0,47583.0,61778.0,12542.0,$62041,$12020,$56159,$13534,,,,,,,,,$72838,$21559,$133204,$55924,$79776,$47583,$61778,$12542
2015,6037503301,Census Tract 5033.01,Whittier,Los Angeles County,California,Whittier,108192.0,11491.0,89461.0,27334.0,,,,,153702.0,135397.0,,,150202.0,3754.0,,,79811.0,16289.0,116355.0,32113.0,$108192,$11491,$89461,$27334,,,,,$153702,$135397,,,$150202,$3754,,,$79811,$16289,$116355,$32113
2015,6037503401,Census Tract 5034.01,Whittier,Los Angeles County,California,Whittier,102765.0,20698.0,108358.0,30090.0,,,,,,,,,100639.0,24080.0,115041.0,8205.0,119509.0,31189.0,100203.0,18697.0,$102765,$20698,$108358,$30090,,,,,,,,,$100639,$24080,$115041,$8205,$119509,$31189,$100203,$18697
2015,6037503402,Census Tract 5034.02,Whittier,Los Angeles County,California,Whittier,115888.0,22813.0,107060.0,23858.0,,,,,162941.0,75704.0,,,130207.0,45182.0,,,89770.0,21809.0,137263.0,25000.0,$115888,$22813,$107060,$23858,,,,,$162941,$75704,,,$130207,$45182,,,$89770,$21809,$137263,$25000
2015,6037503501,Census Tract 5035.01,Whittier,Los Angeles County,California,Whittier,73494.0,11436.0,95590.0,14393.0,,,97457.0,82128.0,112663.0,42185.0,,,50085.0,10283.0,,,94828.0,21773.0,68808.0,9366.0,$73494,$11436,$95590,$14393,,,$97457,$82128,$112663,$42185,,,$50085,$10283,,,$94828,$21773,$68808,$9366
2015,6037503502,Census Tract 5035.02,Whittier,Los Angeles County,California,Whittier,94262.0,4719.0,85035.0,14214.0,,,,,,,,,162665.0,28725.0,,,91811.0,9942.0,94788.0,14275.0,$94262,$4719,$85035,$14214,,,,,,,,,$162665,$28725,,,$91811,$9942,$94788,$14275
2015,6037503701,Census Tract 5037.01,Whittier,Los Angeles County,California,Whittier,91444.0,6744.0,90066.0,7710.0,,,,,88341.0,57232.0,,,132617.0,59680.0,,,93635.0,10696.0,91171.0,12628.0,$91444,$6744,$90066,$7710,,,,,$88341,$57232,,,$132617,$59680,,,$93635,$10696,$91171,$12628
2015,6037503702,Census Tract 5037.02,Whittier,Los Angeles County,California,Whittier,92569.0,16054.0,98627.0,15993.0,,,,,,,,,93581.0,49290.0,91292.0,32309.0,110854.0,30181.0,76851.0,26288.0,$92569,$16054,$98627,$15993,,,,,,,,,$93581,$49290,$91292,$32309,$110854,$30181,$76851,$26288
2016,6037408503,Census Tract 4085.03,Whittier,Los Angeles County,California,Whittier,153380.0,18497.0,139911.0,30646.0,,,,,126392.0,44154.0,,,170669.0,47459.0,,,131367.0,34427.0,167070.0,14909.0,$153380,$18497,$139911,$30646,,,,,$126392,$44154,,,$170669,$47459,,,$131367,$34427,$167070,$14909
2016,6037433802,Census Tract 4338.02,Whittier,Los Angeles County,California,Whittier,78656.0,13229.0,77648.0,14091.0,,,,,69553.0,40793.0,,,94060.0,68870.0,125943.0,117792.0,37493.0,19887.0,80808.0,4482.0,$78656,$13229,$77648,$14091,,,,,$69553,$40793,,,$94060,$68870,$125943,$117792,$37493,$19887,$80808,$4482
2016,6037500201,Census Tract 5002.01,Whittier,Los Angeles County,California,Whittier,150825.0,18572.0,143828.0,20812.0,,,,,,,,,201967.0,93429.0,,,139660.0,28453.0,152725.0,17218.0,$150825,$18572,$143828,$20812,,,,,,,,,$201967,$93429,,,$139660,$28453,$152725,$17218
2016,6037500202,Census Tract 5002.02,Whittier,Los Angeles County,California,Whittier,173580.0,18390.0,192699.0,11660.0,,,,,153763.0,84953.0,,,86063.0,42558.0,325042.0,292383.0,201557.0,17995.0,121194.0,47640.0,$173580,$18390,$192699,$11660,,,,,$153763,$84953,,,$86063,$42558,$325042,$292383,$201557,$17995,$121194,$47640
2016,6037500300,Census Tract 5003,Whittier,Los Angeles County,California,Whittier,163212.0,43146.0,200044.0,52655.0,,,,,,,,,144476.0,141304.0,,,200843.0,125085.0,171689.0,46325.0,$163212,$43146,$200044,$52655,,,,,,,,,$144476,$141304,,,$200843,$125085,$171689,$46325
2016,6037501001,Census Tract 5010.01,Whittier,Los Angeles County,California,Whittier,69541.0,11118.0,90742.0,29016.0,,,,,,,,,66132.0,8006.0,,,102145.0,21030.0,67861.0,8630.0,$69541,$11118,$90742,$29016,,,,,,,,,$66132,$8006,,,$102145,$21030,$67861,$8630
2016,6037501002,Census Tract 5010.02,Whittier,Los Angeles County,California,Whittier,107470.0,9991.0,97319.0,13840.0,,,,,41136.0,808.0,,,113327.0,18635.0,,,68187.0,27568.0,113508.0,11698.0,$107470,$9991,$97319,$13840,,,,,$41136,$808,,,$113327,$18635,,,$68187,$27568,$113508,$11698
2016,6037501200,Census Tract 5012,Whittier,Los Angeles County,California,Whittier,116346.0,25080.0,101028.0,24837.0,,,,,158700.0,142228.0,,,107138.0,60695.0,,,97260.0,20550.0,119296.0,37282.0,$116346,$25080,$101028,$24837,,,,,$158700,$142228,,,$107138,$60695,,,$97260,$20550,$119296,$37282
2016,6037501300,Census Tract 5013,Whittier,Los Angeles County,California,Whittier,94798.0,12732.0,88925.0,20330.0,,,,,99807.0,2627.0,,,111823.0,40935.0,105802.0,7337.0,65354.0,16738.0,100141.0,15351.0,$94798,$12732,$88925,$20330,,,,,$99807,$2627,,,$111823,$40935,$105802,$7337,$65354,$16738,$100141,$15351
2016,6037501400,Census Tract 5014,Whittier,Los Angeles County,California,Whittier,61429.0,12858.0,57237.0,26353.0,,,,,96955.0,47742.0,,,61997.0,17972.0,,,,,61597.0,12340.0,$61429,$12858,$57237,$26353,,,,,$96955,$47742,,,$61997,$17972,,,,,$61597,$12340
2016,6037501501,Census Tract 5015.01,Whittier,Los Angeles County,California,Whittier,123993.0,19816.0,117602.0,19450.0,,,,,132186.0,83162.0,,,,,169603.0,117039.0,113665.0,19690.0,173951.0,80131.0,$123993,$19816,$117602,$19450,,,,,$132186,$83162,,,,,$169603,$117039,$113665,$19690,$173951,$80131
2016,6037501503,Census Tract 5015.03,Whittier,Los Angeles County,California,Whittier,74405.0,11323.0,74245.0,16610.0,47069.0,10918.0,80295.0,35696.0,56370.0,50761.0,,,85819.0,19667.0,35339.0,30638.0,95611.0,21683.0,72411.0,10300.0,$74405,$11323,$74245,$16610,$47069,$10918,$80295,$35696,$56370,$50761,,,$85819,$19667,$35339,$30638,$95611,$21683,$72411,$10300
2016,6037501504,Census Tract 5015.04,Whittier,Los Angeles County,California,Whittier,46848.0,7322.0,54391.0,8165.0,,,,,25710.0,13370.0,,,38753.0,6452.0,,,63636.0,22762.0,47326.0,5707.0,$46848,$7322,$54391,$8165,,,,,$25710,$13370,,,$38753,$6452,,,$63636,$22762,$47326,$5707
2016,6037501600,Census Tract 5016,Whittier,Los Angeles County,California,Whittier,115464.0,27674.0,127408.0,52048.0,,,,,186809.0,60763.0,,,,,,,123464.0,60866.0,108563.0,72879.0,$115464,$27674,$127408,$52048,,,,,$186809,$60763,,,,,,,$123464,$60866,$108563,$72879
2016,6037501700,Census Tract 5017,Whittier,Los Angeles County,California,Whittier,101253.0,29309.0,102851.0,29300.0,,,,,,,,,,,,,101791.0,31837.0,105232.0,47822.0,$101253,$29309,$102851,$29300,,,,,,,,,,,,,$101791,$31837,$105232,$47822
2016,6037501802,Census Tract 5018.02,Whittier,Los Angeles County,California,Whittier,94153.0,11300.0,96682.0,18267.0,,,,,,,,,92056.0,15094.0,158510.0,8351.0,86771.0,23856.0,94237.0,11207.0,$94153,$11300,$96682,$18267,,,,,,,,,$92056,$15094,$158510,$8351,$86771,$23856,$94237,$11207
2016,6037501803,Census Tract 5018.03,Whittier,Los Angeles County,California,Whittier,46983.0,8588.0,37553.0,14377.0,72102.0,40087.0,,,41975.0,21480.0,,,48614.0,8162.0,,,35942.0,20772.0,47170.0,10050.0,$46983,$8588,$37553,$14377,$72102,$40087,,,$41975,$21480,,,$48614,$8162,,,$35942,$20772,$47170,$10050
2016,6037501804,Census Tract 5018.04,Whittier,Los Angeles County,California,Whittier,54349.0,9882.0,52696.0,10815.0,76745.0,73807.0,,,,,,,57245.0,27222.0,,,41786.0,41629.0,55715.0,13276.0,$54349,$9882,$52696,$10815,$76745,$73807,,,,,,,$57245,$27222,,,$41786,$41629,$55715,$13276
2016,6037501900,Census Tract 5019,Whittier,Los Angeles County,California,Whittier,94285.0,12871.0,97092.0,49447.0,34263.0,24226.0,,,,,,,94911.0,28344.0,,,84147.0,28982.0,110727.0,44158.0,$94285,$12871,$97092,$49447,$34263,$24226,,,,,,,$94911,$28344,,,$84147,$28982,$110727,$44158
2016,6037502003,Census Tract 5020.03,Whittier,Los Angeles County,California,Whittier,83572.0,10642.0,80113.0,11775.0,,,,,,,,,86700.0,15750.0,,,76471.0,14222.0,85434.0,14111.0,$83572,$10642,$80113,$11775,,,,,,,,,$86700,$15750,,,$76471,$14222,$85434,$14111
2016,6037502004,Census Tract 5020.04,Whittier,Los Angeles County,California,Whittier,78078.0,11787.0,73011.0,21974.0,,,,,,,,,78656.0,16283.0,,,48692.0,25630.0,78559.0,11215.0,$78078,$11787,$73011,$21974,,,,,,,,,$78656,$16283,,,$48692,$25630,$78559,$11215
2016,6037502005,Census Tract 5020.05,Whittier,Los Angeles County,California,Whittier,80372.0,12506.0,81024.0,26009.0,,,,,52765.0,40353.0,,,70463.0,28624.0,,,57354.0,32867.0,81457.0,38896.0,$80372,$12506,$81024,$26009,,,,,$52765,$40353,,,$70463,$28624,,,$57354,$32867,$81457,$38896
2016,6037502100,Census Tract 5021,Whittier,Los Angeles County,California,Whittier,66571.0,11514.0,70171.0,14806.0,,,,,,,,,63744.0,36223.0,,,90946.0,47699.0,64400.0,19970.0,$66571,$11514,$70171,$14806,,,,,,,,,$63744,$36223,,,$90946,$47699,$64400,$19970
2016,6037502700,Census Tract 5027,Whittier,Los Angeles County,California,Whittier,81211.0,17002.0,53637.0,17181.0,191178.0,40747.0,86850.0,52797.0,116961.0,59498.0,,,106882.0,11684.0,131276.0,52890.0,43629.0,27186.0,79958.0,18887.0,$81211,$17002,$53637,$17181,$191178,$40747,$86850,$52797,$116961,$59498,,,$106882,$11684,$131276,$52890,$43629,$27186,$79958,$18887
2016,6037502902,Census Tract 5029.02,Whittier,Los Angeles County,California,Whittier,63293.0,15967.0,57039.0,13650.0,,,,,,,,,64728.0,29267.0,114298.0,43100.0,82416.0,42708.0,59867.0,13857.0,$63293,$15967,$57039,$13650,,,,,,,,,$64728,$29267,$114298,$43100,$82416,$42708,$59867,$13857
2016,6037503301,Census Tract 5033.01,Whittier,Los Angeles County,California,Whittier,108335.0,8284.0,105524.0,17931.0,,,,,120326.0,13534.0,,,148055.0,52435.0,,,86565.0,14787.0,110428.0,15359.0,$108335,$8284,$105524,$17931,,,,,$120326,$13534,,,$148055,$52435,,,$86565,$14787,$110428,$15359
2016,6037503401,Census Tract 5034.01,Whittier,Los Angeles County,California,Whittier,109039.0,18723.0,106514.0,25958.0,,,,,,,,,119254.0,63897.0,110098.0,20945.0,124319.0,22278.0,100754.0,13893.0,$109039,$18723,$106514,$25958,,,,,,,,,$119254,$63897,$110098,$20945,$124319,$22278,$100754,$13893
2016,6037503402,Census Tract 5034.02,Whittier,Los Angeles County,California,Whittier,117165.0,18964.0,119623.0,21983.0,,,,,133669.0,80648.0,,,117165.0,40621.0,,,75379.0,17536.0,138531.0,12325.0,$117165,$18964,$119623,$21983,,,,,$133669,$80648,,,$117165,$40621,,,$75379,$17536,$138531,$12325
2016,6037503501,Census Tract 5035.01,Whittier,Los Angeles County,California,Whittier,69475.0,10887.0,83929.0,20191.0,,,,,112905.0,28311.0,,,46201.0,11354.0,,,92234.0,27144.0,61621.0,9102.0,$69475,$10887,$83929,$20191,,,,,$112905,$28311,,,$46201,$11354,,,$92234,$27144,$61621,$9102
2016,6037503502,Census Tract 5035.02,Whittier,Los Angeles County,California,Whittier,91865.0,4272.0,85024.0,11501.0,,,,,,,,,151782.0,47426.0,,,91573.0,12881.0,90206.0,24036.0,$91865,$4272,$85024,$11501,,,,,,,,,$151782,$47426,,,$91573,$12881,$90206,$24036
2016,6037503701,Census Tract 5037.01,Whittier,Los Angeles County,California,Whittier,91219.0,8065.0,91977.0,8914.0,,,,,87579.0,60092.0,,,128534.0,71739.0,,,93951.0,12624.0,90350.0,11518.0,$91219,$8065,$91977,$8914,,,,,$87579,$60092,,,$128534,$71739,,,$93951,$12624,$90350,$11518
2016,6037503702,Census Tract 5037.02,Whittier,Los Angeles County,California,Whittier,91848.0,13102.0,96612.0,12231.0,,,,,52642.0,46078.0,,,93140.0,27553.0,92858.0,27871.0,107169.0,37156.0,77018.0,18770.0,$91848,$13102,$96612,$12231,,,,,$52642,$46078,,,$93140,$27553,$92858,$27871,$107169,$37156,$77018,$18770
2017,6037408503,Census Tract 4085.03,Whittier,Los Angeles County,California,Whittier,160238.0,9386.0,154426.0,36607.0,162239.0,40459.0,,,157465.0,32915.0,,,171560.0,62029.0,,,120431.0,30537.0,177860.0,25429.0,$160238,$9386,$154426,$36607,$162239,$40459,,,$157465,$32915,,,$171560,$62029,,,$120431,$30537,$177860,$25429
2017,6037433802,Census Tract 4338.02,Whittier,Los Angeles County,California,Whittier,79801.0,12688.0,81252.0,7074.0,,,,,70371.0,38271.0,,,54003.0,23400.0,124354.0,65380.0,,,81901.0,6752.0,$79801,$12688,$81252,$7074,,,,,$70371,$38271,,,$54003,$23400,$124354,$65380,,,$81901,$6752
2017,6037500201,Census Tract 5002.01,Whittier,Los Angeles County,California,Whittier,144010.0,19657.0,139397.0,20677.0,,,,,241230.0,185787.0,,,205105.0,86752.0,,,134325.0,26457.0,166563.0,78111.0,$144010,$19657,$139397,$20677,,,,,$241230,$185787,,,$205105,$86752,,,$134325,$26457,$166563,$78111
2017,6037500202,Census Tract 5002.02,Whittier,Los Angeles County,California,Whittier,171719.0,17454.0,191234.0,16978.0,,,,,109913.0,80831.0,,,83584.0,55161.0,171688.0,146321.0,202175.0,16858.0,117133.0,24110.0,$171719,$17454,$191234,$16978,,,,,$109913,$80831,,,$83584,$55161,$171688,$146321,$202175,$16858,$117133,$24110
2017,6037500300,Census Tract 5003,Whittier,Los Angeles County,California,Whittier,132963.0,39778.0,133000.0,73572.0,,,,,133821.0,99109.0,,,110715.0,73047.0,,,65901.0,51047.0,167021.0,65288.0,$132963,$39778,$133000,$73572,,,,,$133821,$99109,,,$110715,$73047,,,$65901,$51047,$167021,$65288
2017,6037501001,Census Tract 5010.01,Whittier,Los Angeles County,California,Whittier,89383.0,19099.0,97076.0,16338.0,,,,,,,,,80870.0,36234.0,,,103334.0,15829.0,87685.0,24319.0,$89383,$19099,$97076,$16338,,,,,,,,,$80870,$36234,,,$103334,$15829,$87685,$24319
2017,6037501002,Census Tract 5010.02,Whittier,Los Angeles County,California,Whittier,111414.0,11344.0,103119.0,13234.0,,,,,,,,,121813.0,29750.0,219679.0,114015.0,78624.0,39744.0,118537.0,15545.0,$111414,$11344,$103119,$13234,,,,,,,,,$121813,$29750,$219679,$114015,$78624,$39744,$118537,$15545
2017,6037501200,Census Tract 5012,Whittier,Los Angeles County,California,Whittier,112041.0,26563.0,102064.0,28149.0,,,,,166998.0,69223.0,,,126949.0,45399.0,44749.0,27584.0,92174.0,24495.0,123044.0,31204.0,$112041,$26563,$102064,$28149,,,,,$166998,$69223,,,$126949,$45399,$44749,$27584,$92174,$24495,$123044,$31204
2017,6037501300,Census Tract 5013,Whittier,Los Angeles County,California,Whittier,90913.0,11191.0,82459.0,14743.0,,,,,98193.0,12666.0,,,95084.0,14174.0,107192.0,37456.0,66140.0,9285.0,95361.0,10793.0,$90913,$11191,$82459,$14743,,,,,$98193,$12666,,,$95084,$14174,$107192,$37456,$66140,$9285,$95361,$10793
2017,6037501400,Census Tract 5014,Whittier,Los Angeles County,California,Whittier,69041.0,11537.0,74167.0,13202.0,,,,,,,,,58443.0,10300.0,,,71189.0,25810.0,68018.0,22952.0,$69041,$11537,$74167,$13202,,,,,,,,,$58443,$10300,,,$71189,$25810,$68018,$22952
2017,6037501501,Census Tract 5015.01,Whittier,Los Angeles County,California,Whittier,133312.0,14059.0,138656.0,19193.0,,,,,,,,,179800.0,152490.0,167944.0,94411.0,129346.0,20226.0,145615.0,75796.0,$133312,$14059,$138656,$19193,,,,,,,,,$179800,$152490,$167944,$94411,$129346,$20226,$145615,$75796
2017,6037501503,Census Tract 5015.03,Whittier,Los Angeles County,California,Whittier,80812.0,10055.0,86023.0,10459.0,,,51291.0,48011.0,,,,,84931.0,15214.0,53858.0,51758.0,96085.0,12204.0,77235.0,12854.0,$80812,$10055,$86023,$10459,,,$51291,$48011,,,,,$84931,$15214,$53858,$51758,$96085,$12204,$77235,$12854
2017,6037501504,Census Tract 5015.04,Whittier,Los Angeles County,California,Whittier,43590.0,9706.0,55228.0,10249.0,,,,,23333.0,6117.0,,,38370.0,7970.0,,,65349.0,14507.0,45935.0,10120.0,$43590,$9706,$55228,$10249,,,,,$23333,$6117,,,$38370,$7970,,,$65349,$14507,$45935,$10120
2017,6037501600,Census Tract 5016,Whittier,Los Angeles County,California,Whittier,126259.0,45679.0,166351.0,23246.0,,,,,,,,,80306.0,48354.0,,,159216.0,46923.0,109779.0,41250.0,$126259,$45679,$166351,$23246,,,,,,,,,$80306,$48354,,,$159216,$46923,$109779,$41250
2017,6037501700,Census Tract 5017,Whittier,Los Angeles County,California,Whittier,112319.0,19124.0,110257.0,26760.0,,,,,,,,,113217.0,102345.0,,,100085.0,28980.0,115056.0,14210.0,$112319,$19124,$110257,$26760,,,,,,,,,$113217,$102345,,,$100085,$28980,$115056,$14210
2017,6037501802,Census Tract 5018.02,Whittier,Los Angeles County,California,Whittier,95176.0,10821.0,100055.0,16332.0,,,,,91460.0,88298.0,,,77970.0,28570.0,158911.0,17382.0,94027.0,42743.0,94885.0,13373.0,$95176,$10821,$100055,$16332,,,,,$91460,$88298,,,$77970,$28570,$158911,$17382,$94027,$42743,$94885,$13373
2017,6037501803,Census Tract 5018.03,Whittier,Los Angeles County,California,Whittier,40986.0,7884.0,38838.0,14065.0,58896.0,48444.0,,,41031.0,20287.0,,,45134.0,10740.0,,,24944.0,14482.0,45480.0,9299.0,$40986,$7884,$38838,$14065,$58896,$48444,,,$41031,$20287,,,$45134,$10740,,,$24944,$14482,$45480,$9299
2017,6037501804,Census Tract 5018.04,Whittier,Los Angeles County,California,Whittier,59131.0,7851.0,59827.0,11296.0,78357.0,77558.0,,,46934.0,37340.0,,,59122.0,19369.0,,,62948.0,34768.0,55803.0,13210.0,$59131,$7851,$59827,$11296,$78357,$77558,,,$46934,$37340,,,$59122,$19369,,,$62948,$34768,$55803,$13210
2017,6037501900,Census Tract 5019,Whittier,Los Angeles County,California,Whittier,116795.0,29355.0,97115.0,30316.0,,,,,65430.0,45068.0,,,151685.0,22733.0,126760.0,32879.0,84607.0,14697.0,135987.0,9570.0,$116795,$29355,$97115,$30316,,,,,$65430,$45068,,,$151685,$22733,$126760,$32879,$84607,$14697,$135987,$9570
2017,6037502003,Census Tract 5020.03,Whittier,Los Angeles County,California,Whittier,79426.0,9323.0,78186.0,10873.0,,,,,,,,,84003.0,15372.0,,,77821.0,19058.0,79120.0,8837.0,$79426,$9323,$78186,$10873,,,,,,,,,$84003,$15372,,,$77821,$19058,$79120,$8837
2017,6037502004,Census Tract 5020.04,Whittier,Los Angeles County,California,Whittier,75521.0,13643.0,73168.0,23309.0,,,,,,,,,77767.0,16669.0,,,47208.0,4427.0,78624.0,13516.0,$75521,$13643,$73168,$23309,,,,,,,,,$77767,$16669,,,$47208,$4427,$78624,$13516
2017,6037502005,Census Tract 5020.05,Whittier,Los Angeles County,California,Whittier,78340.0,15349.0,78387.0,26254.0,,,,,43896.0,9572.0,,,72716.0,19221.0,116010.0,54511.0,48739.0,19450.0,82505.0,24781.0,$78340,$15349,$78387,$26254,,,,,$43896,$9572,,,$72716,$19221,$116010,$54511,$48739,$19450,$82505,$24781
2017,6037502100,Census Tract 5021,Whittier,Los Angeles County,California,Whittier,68408.0,5190.0,70783.0,14266.0,,,,,,,,,69531.0,18377.0,,,67312.0,54893.0,68499.0,10549.0,$68408,$5190,$70783,$14266,,,,,,,,,$69531,$18377,,,$67312,$54893,$68499,$10549
2017,6037502700,Census Tract 5027,Whittier,Los Angeles County,California,Whittier,89763.0,19608.0,55224.0,24479.0,190462.0,39932.0,86807.0,77362.0,109110.0,48930.0,,,112159.0,37846.0,109467.0,44107.0,,,91888.0,25348.0,$89763,$19608,$55224,$24479,$190462,$39932,$86807,$77362,$109110,$48930,,,$112159,$37846,$109467,$44107,,,$91888,$25348
2017,6037502902,Census Tract 5029.02,Whittier,Los Angeles County,California,Whittier,59803.0,11869.0,55882.0,11263.0,,,,,130371.0,10321.0,,,60171.0,21707.0,132109.0,39079.0,56160.0,26800.0,59077.0,13186.0,$59803,$11869,$55882,$11263,,,,,$130371,$10321,,,$60171,$21707,$132109,$39079,$56160,$26800,$59077,$13186
2017,6037503301,Census Tract 5033.01,Whittier,Los Angeles County,California,Whittier,108601.0,12439.0,107261.0,10816.0,,,,,120342.0,15358.0,,,148122.0,62062.0,,,92102.0,43677.0,108503.0,22712.0,$108601,$12439,$107261,$10816,,,,,$120342,$15358,,,$148122,$62062,,,$92102,$43677,$108503,$22712
2017,6037503401,Census Tract 5034.01,Whittier,Los Angeles County,California,Whittier,102796.0,22501.0,102172.0,30102.0,,,,,,,,,120166.0,35064.0,76484.0,71815.0,122542.0,21265.0,100390.0,26862.0,$102796,$22501,$102172,$30102,,,,,,,,,$120166,$35064,$76484,$71815,$122542,$21265,$100390,$26862
2017,6037503402,Census Tract 5034.02,Whittier,Los Angeles County,California,Whittier,119394.0,17355.0,115208.0,22723.0,,,,,,,,,141576.0,42525.0,,,82368.0,25936.0,141259.0,9345.0,$119394,$17355,$115208,$22723,,,,,,,,,$141576,$42525,,,$82368,$25936,$141259,$9345
2017,6037503501,Census Tract 5035.01,Whittier,Los Angeles County,California,Whittier,68910.0,8418.0,83983.0,11481.0,,,,,113567.0,37678.0,,,49668.0,10539.0,,,93867.0,27889.0,63292.0,8621.0,$68910,$8418,$83983,$11481,,,,,$113567,$37678,,,$49668,$10539,,,$93867,$27889,$63292,$8621
2017,6037503502,Census Tract 5035.02,Whittier,Los Angeles County,California,Whittier,94963.0,11415.0,87369.0,9194.0,,,,,,,,,152485.0,15521.0,,,87423.0,6847.0,103164.0,33135.0,$94963,$11415,$87369,$9194,,,,,,,,,$152485,$15521,,,$87423,$6847,$103164,$33135
2017,6037503701,Census Tract 5037.01,Whittier,Los Angeles County,California,Whittier,95184.0,10383.0,96122.0,12495.0,,,,,100152.0,50948.0,,,116866.0,66650.0,,,103745.0,10450.0,86592.0,12925.0,$95184,$10383,$96122,$12495,,,,,$100152,$50948,,,$116866,$66650,,,$103745,$10450,$86592,$12925
2017,6037503702,Census Tract 5037.02,Whittier,Los Angeles County,California,Whittier,92904.0,13055.0,94224.0,13537.0,,,,,,,,,94899.0,28416.0,82546.0,59826.0,98655.0,16236.0,81119.0,23165.0,$92904,$13055,$94224,$13537,,,,,,,,,$94899,$28416,$82546,$59826,$98655,$16236,$81119,$23165
2018,6037408503,Census Tract 4085.03,Whittier,Los Angeles County,California,Whittier,161607.0,5552.0,155336.0,32054.0,,,,,161222.0,23837.0,,,164799.0,45157.0,,,99341.0,40878.0,177516.0,38117.0,$161607,$5552,$155336,$32054,,,,,$161222,$23837,,,$164799,$45157,,,$99341,$40878,$177516,$38117
2018,6037433802,Census Tract 4338.02,Whittier,Los Angeles County,California,Whittier,87938.0,12665.0,93665.0,36412.0,,,,,88236.0,24869.0,,,67665.0,26186.0,123478.0,49122.0,83015.0,72589.0,86990.0,22316.0,$87938,$12665,$93665,$36412,,,,,$88236,$24869,,,$67665,$26186,$123478,$49122,$83015,$72589,$86990,$22316
2018,6037500201,Census Tract 5002.01,Whittier,Los Angeles County,California,Whittier,149931.0,26243.0,140474.0,26834.0,,,,,230836.0,185973.0,,,166984.0,80227.0,,,133298.0,33548.0,167176.0,43399.0,$149931,$26243,$140474,$26834,,,,,$230836,$185973,,,$166984,$80227,,,$133298,$33548,$167176,$43399
2018,6037500202,Census Tract 5002.02,Whittier,Los Angeles County,California,Whittier,170178.0,21817.0,194130.0,24706.0,,,,,142969.0,42095.0,,,112872.0,58951.0,170387.0,89162.0,197669.0,26718.0,127850.0,48368.0,$170178,$21817,$194130,$24706,,,,,$142969,$42095,,,$112872,$58951,$170387,$89162,$197669,$26718,$127850,$48368
2018,6037500300,Census Tract 5003,Whittier,Los Angeles County,California,Whittier,124465.0,23045.0,113818.0,34785.0,,,,,155065.0,92614.0,,,,,,,64132.0,44469.0,132242.0,43957.0,$124465,$23045,$113818,$34785,,,,,$155065,$92614,,,,,,,$64132,$44469,$132242,$43957
2018,6037501001,Census Tract 5010.01,Whittier,Los Angeles County,California,Whittier,94267.0,21267.0,104482.0,6122.0,,,155691.0,77774.0,,,,,68512.0,19585.0,,,106249.0,32499.0,84304.0,24609.0,$94267,$21267,$104482,$6122,,,$155691,$77774,,,,,$68512,$19585,,,$106249,$32499,$84304,$24609
2018,6037501002,Census Tract 5010.02,Whittier,Los Angeles County,California,Whittier,116044.0,11671.0,111521.0,15341.0,,,,,,,,,122878.0,18132.0,219597.0,215016.0,91434.0,43543.0,123378.0,14558.0,$116044,$11671,$111521,$15341,,,,,,,,,$122878,$18132,$219597,$215016,$91434,$43543,$123378,$14558
2018,6037501200,Census Tract 5012,Whittier,Los Angeles County,California,Whittier,122275.0,13020.0,111276.0,16831.0,,,,,157303.0,79764.0,,,131919.0,24538.0,57605.0,26248.0,103008.0,18841.0,124712.0,16648.0,$122275,$13020,$111276,$16831,,,,,$157303,$79764,,,$131919,$24538,$57605,$26248,$103008,$18841,$124712,$16648
2018,6037501300,Census Tract 5013,Whittier,Los Angeles County,California,Whittier,91558.0,13020.0,93338.0,16438.0,,,,,188480.0,159234.0,,,89499.0,21496.0,105190.0,22631.0,65880.0,33258.0,96600.0,11369.0,$91558,$13020,$93338,$16438,,,,,$188480,$159234,,,$89499,$21496,$105190,$22631,$65880,$33258,$96600,$11369
2018,6037501400,Census Tract 5014,Whittier,Los Angeles County,California,Whittier,55657.0,14887.0,69440.0,17895.0,92099.0,86665.0,,,,,,,51464.0,14584.0,,,,,56701.0,13468.0,$55657,$14887,$69440,$17895,$92099,$86665,,,,,,,$51464,$14584,,,,,$56701,$13468
2018,6037501501,Census Tract 5015.01,Whittier,Los Angeles County,California,Whittier,130410.0,8674.0,129481.0,18426.0,,,,,117026.0,109305.0,,,,,134625.0,112400.0,122565.0,22792.0,139178.0,43219.0,$130410,$8674,$129481,$18426,,,,,$117026,$109305,,,,,$134625,$112400,$122565,$22792,$139178,$43219
2018,6037501503,Census Tract 5015.03,Whittier,Los Angeles County,California,Whittier,83328.0,13894.0,87714.0,5236.0,,,52081.0,36034.0,,,,,77532.0,22648.0,,,94050.0,10467.0,72424.0,14218.0,$83328,$13894,$87714,$5236,,,$52081,$36034,,,,,$77532,$22648,,,$94050,$10467,$72424,$14218
2018,6037501504,Census Tract 5015.04,Whittier,Los Angeles County,California,Whittier,44413.0,7521.0,61869.0,12433.0,,,,,23495.0,21383.0,,,37390.0,8625.0,,,64718.0,19090.0,44327.0,9940.0,$44413,$7521,$61869,$12433,,,,,$23495,$21383,,,$37390,$8625,,,$64718,$19090,$44327,$9940
2018,6037501600,Census Tract 5016,Whittier,Los Angeles County,California,Whittier,141164.0,38841.0,179443.0,35890.0,,,,,,,,,83135.0,50739.0,,,180046.0,38450.0,113461.0,54833.0,$141164,$38841,$179443,$35890,,,,,,,,,$83135,$50739,,,$180046,$38450,$113461,$54833
2018,6037501700,Census Tract 5017,Whittier,Los Angeles County,California,Whittier,117978.0,17764.0,126424.0,18836.0,,,,,,,,,83437.0,44437.0,,,102159.0,27147.0,122315.0,16354.0,$117978,$17764,$126424,$18836,,,,,,,,,$83437,$44437,,,$102159,$27147,$122315,$16354
2018,6037501802,Census Tract 5018.02,Whittier,Los Angeles County,California,Whittier,94515.0,11221.0,96937.0,14900.0,3131.0,,,,,,,,77670.0,38574.0,178873.0,62272.0,98239.0,28933.0,93006.0,15015.0,$94515,$11221,$96937,$14900,$3131,,,,,,,,$77670,$38574,$178873,$62272,$98239,$28933,$93006,$15015
2018,6037501803,Census Tract 5018.03,Whittier,Los Angeles County,California,Whittier,42095.0,7329.0,38946.0,7890.0,60356.0,58254.0,,,,,,,44599.0,9266.0,,,29863.0,6736.0,46665.0,5640.0,$42095,$7329,$38946,$7890,$60356,$58254,,,,,,,$44599,$9266,,,$29863,$6736,$46665,$5640
2018,6037501804,Census Tract 5018.04,Whittier,Los Angeles County,California,Whittier,61561.0,5541.0,64219.0,13415.0,,,,,,,,,53429.0,16204.0,66960.0,61902.0,58302.0,13240.0,62428.0,9571.0,$61561,$5541,$64219,$13415,,,,,,,,,$53429,$16204,$66960,$61902,$58302,$13240,$62428,$9571
2018,6037501900,Census Tract 5019,Whittier,Los Angeles County,California,Whittier,118126.0,29054.0,128503.0,24971.0,32608.0,24497.0,,,67468.0,66935.0,,,138255.0,42889.0,,,87602.0,85216.0,131361.0,30424.0,$118126,$29054,$128503,$24971,$32608,$24497,,,$67468,$66935,,,$138255,$42889,,,$87602,$85216,$131361,$30424
2018,6037502003,Census Tract 5020.03,Whittier,Los Angeles County,California,Whittier,85998.0,11178.0,91473.0,20024.0,,,,,,,,,83015.0,14413.0,27567.0,8865.0,77480.0,17500.0,86582.0,11643.0,$85998,$11178,$91473,$20024,,,,,,,,,$83015,$14413,$27567,$8865,$77480,$17500,$86582,$11643
2018,6037502004,Census Tract 5020.04,Whittier,Los Angeles County,California,Whittier,78511.0,10559.0,79255.0,35499.0,,,,,,,,,78120.0,13421.0,106901.0,49587.0,57395.0,27012.0,79425.0,11967.0,$78511,$10559,$79255,$35499,,,,,,,,,$78120,$13421,$106901,$49587,$57395,$27012,$79425,$11967
2018,6037502005,Census Tract 5020.05,Whittier,Los Angeles County,California,Whittier,68789.0,17084.0,57257.0,18377.0,,,,,,,,,78635.0,21069.0,116220.0,75749.0,39883.0,20341.0,79990.0,11888.0,$68789,$17084,$57257,$18377,,,,,,,,,$78635,$21069,$116220,$75749,$39883,$20341,$79990,$11888
2018,6037502100,Census Tract 5021,Whittier,Los Angeles County,California,Whittier,76955.0,12532.0,87974.0,24104.0,,,,,,,,,76911.0,14773.0,,,77446.0,38040.0,76371.0,12544.0,$76955,$12532,$87974,$24104,,,,,,,,,$76911,$14773,,,$77446,$38040,$76371,$12544
2018,6037502700,Census Tract 5027,Whittier,Los Angeles County,California,Whittier,92276.0,19835.0,73965.0,29607.0,,,,,74446.0,64962.0,,,111716.0,33882.0,105100.0,9953.0,,,93162.0,29156.0,$92276,$19835,$73965,$29607,,,,,$74446,$64962,,,$111716,$33882,$105100,$9953,,,$93162,$29156
2018,6037502902,Census Tract 5029.02,Whittier,Los Angeles County,California,Whittier,65857.0,17495.0,72364.0,19786.0,,,,,,,,,58058.0,20534.0,132823.0,55015.0,67978.0,38030.0,63771.0,15995.0,$65857,$17495,$72364,$19786,,,,,,,,,$58058,$20534,$132823,$55015,$67978,$38030,$63771,$15995
2018,6037503301,Census Tract 5033.01,Whittier,Los Angeles County,California,Whittier,108711.0,16237.0,107141.0,7701.0,,,,,120998.0,17313.0,,,147411.0,95430.0,,,96328.0,24381.0,118844.0,30900.0,$108711,$16237,$107141,$7701,,,,,$120998,$17313,,,$147411,$95430,,,$96328,$24381,$118844,$30900
2018,6037503401,Census Tract 5034.01,Whittier,Los Angeles County,California,Whittier,99116.0,20333.0,97447.0,25214.0,,,,,115195.0,69053.0,,,119240.0,63605.0,,,105596.0,30031.0,87391.0,37431.0,$99116,$20333,$97447,$25214,,,,,$115195,$69053,,,$119240,$63605,,,$105596,$30031,$87391,$37431
2018,6037503402,Census Tract 5034.02,Whittier,Los Angeles County,California,Whittier,123986.0,14683.0,123565.0,18939.0,,,,,124678.0,74915.0,,,128698.0,52971.0,101240.0,68487.0,84385.0,18853.0,139872.0,21113.0,$123986,$14683,$123565,$18939,,,,,$124678,$74915,,,$128698,$52971,$101240,$68487,$84385,$18853,$139872,$21113
2018,6037503501,Census Tract 5035.01,Whittier,Los Angeles County,California,Whittier,72602.0,7146.0,80114.0,7169.0,,,,,126245.0,51548.0,,,60210.0,15302.0,,,77837.0,21317.0,65637.0,9076.0,$72602,$7146,$80114,$7169,,,,,$126245,$51548,,,$60210,$15302,,,$77837,$21317,$65637,$9076
2018,6037503502,Census Tract 5035.02,Whittier,Los Angeles County,California,Whittier,105588.0,31762.0,94566.0,9283.0,,,,,,,,,150877.0,19927.0,,,86800.0,7131.0,138462.0,29101.0,$105588,$31762,$94566,$9283,,,,,,,,,$150877,$19927,,,$86800,$7131,$138462,$29101
2018,6037503701,Census Tract 5037.01,Whittier,Los Angeles County,California,Whittier,87489.0,9865.0,95023.0,12785.0,,,,,,,,,83388.0,13582.0,,,99853.0,13346.0,82343.0,8825.0,$87489,$9865,$95023,$12785,,,,,,,,,$83388,$13582,,,$99853,$13346,$82343,$8825
2018,6037503702,Census Tract 5037.02,Whittier,Los Angeles County,California,Whittier,97574.0,9700.0,97198.0,15317.0,,,,,100485.0,13025.0,,,106868.0,32559.0,83928.0,13252.0,101576.0,23503.0,93734.0,18862.0,$97574,$9700,$97198,$15317,,,,,$100485,$13025,,,$106868,$32559,$83928,$13252,$101576,$23503,$93734,$18862
2019,6037408503,Census Tract 4085.03,Whittier,Los Angeles County,California,Whittier,148573.0,22720.0,153916.0,24111.0,119379.0,116121.0,,,145771.0,24196.0,,,131777.0,58381.0,,,96104.0,33086.0,174398.0,28417.0,$148573,$22720,$153916,$24111,$119379,$116121,,,$145771,$24196,,,$131777,$58381,,,$96104,$33086,$174398,$28417
2019,6037433802,Census Tract 4338.02,Whittier,Los Angeles County,California,Whittier,88174.0,13971.0,86259.0,12071.0,,,,,98047.0,10023.0,,,68304.0,44916.0,120763.0,103906.0,78897.0,35697.0,79996.0,18950.0,$88174,$13971,$86259,$12071,,,,,$98047,$10023,,,$68304,$44916,$120763,$103906,$78897,$35697,$79996,$18950
2019,6037500201,Census Tract 5002.01,Whittier,Los Angeles County,California,Whittier,141324.0,20810.0,140326.0,28572.0,,,,,233592.0,147563.0,,,129994.0,51833.0,75073.0,71562.0,139661.0,24916.0,130815.0,44520.0,$141324,$20810,$140326,$28572,,,,,$233592,$147563,,,$129994,$51833,$75073,$71562,$139661,$24916,$130815,$44520
2019,6037500202,Census Tract 5002.02,Whittier,Los Angeles County,California,Whittier,163838.0,34769.0,187170.0,24529.0,,,,,144490.0,78850.0,,,117450.0,66489.0,,,176844.0,40844.0,150378.0,75465.0,$163838,$34769,$187170,$24529,,,,,$144490,$78850,,,$117450,$66489,,,$176844,$40844,$150378,$75465
2019,6037500300,Census Tract 5003,Whittier,Los Angeles County,California,Whittier,126609.0,28436.0,124143.0,39514.0,,,,,199221.0,86892.0,,,55602.0,53675.0,,,64686.0,63721.0,125076.0,39949.0,$126609,$28436,$124143,$39514,,,,,$199221,$86892,,,$55602,$53675,,,$64686,$63721,$125076,$39949
2019,6037501001,Census Tract 5010.01,Whittier,Los Angeles County,California,Whittier,93616.0,18368.0,112722.0,30899.0,,,103732.0,69840.0,,,,,64676.0,16117.0,,,143326.0,61572.0,82176.0,27334.0,$93616,$18368,$112722,$30899,,,$103732,$69840,,,,,$64676,$16117,,,$143326,$61572,$82176,$27334
2019,6037501002,Census Tract 5010.02,Whittier,Los Angeles County,California,Whittier,123338.0,15042.0,113726.0,19037.0,,,,,,,,,126148.0,21828.0,,,84227.0,39912.0,130653.0,11753.0,$123338,$15042,$113726,$19037,,,,,,,,,$126148,$21828,,,$84227,$39912,$130653,$11753
2019,6037501200,Census Tract 5012,Whittier,Los Angeles County,California,Whittier,118236.0,22350.0,98970.0,19423.0,,,162526.0,134092.0,158454.0,81850.0,,,128711.0,49296.0,,,98559.0,20751.0,121533.0,36161.0,$118236,$22350,$98970,$19423,,,$162526,$134092,$158454,$81850,,,$128711,$49296,,,$98559,$20751,$121533,$36161
2019,6037501300,Census Tract 5013,Whittier,Los Angeles County,California,Whittier,93567.0,14084.0,97162.0,18114.0,,,,,,,,,79771.0,30111.0,106771.0,37131.0,69016.0,39245.0,97167.0,14744.0,$93567,$14084,$97162,$18114,,,,,,,,,$79771,$30111,$106771,$37131,$69016,$39245,$97167,$14744
2019,6037501400,Census Tract 5014,Whittier,Los Angeles County,California,Whittier,54064.0,22056.0,70696.0,17383.0,,,,,,,,,45585.0,32221.0,,,72432.0,54674.0,56613.0,22741.0,$54064,$22056,$70696,$17383,,,,,,,,,$45585,$32221,,,$72432,$54674,$56613,$22741
2019,6037501501,Census Tract 5015.01,Whittier,Los Angeles County,California,Whittier,125892.0,11202.0,128199.0,16531.0,,,,,119417.0,43460.0,,,119687.0,92409.0,204263.0,46136.0,113598.0,21022.0,139352.0,40333.0,$125892,$11202,$128199,$16531,,,,,$119417,$43460,,,$119687,$92409,$204263,$46136,$113598,$21022,$139352,$40333
2019,6037501503,Census Tract 5015.03,Whittier,Los Angeles County,California,Whittier,81292.0,10178.0,89194.0,13863.0,,,49913.0,41678.0,59613.0,22949.0,,,77961.0,17435.0,,,95982.0,16024.0,78246.0,12872.0,$81292,$10178,$89194,$13863,,,$49913,$41678,$59613,$22949,,,$77961,$17435,,,$95982,$16024,$78246,$12872
2019,6037501504,Census Tract 5015.04,Whittier,Los Angeles County,California,Whittier,43815.0,6759.0,54404.0,10788.0,,,,,19822.0,6732.0,,,44180.0,7137.0,,,65341.0,14223.0,44206.0,6430.0,$43815,$6759,$54404,$10788,,,,,$19822,$6732,,,$44180,$7137,,,$65341,$14223,$44206,$6430
2019,6037501600,Census Tract 5016,Whittier,Los Angeles County,California,Whittier,117640.0,26495.0,147685.0,38605.0,,,,,42733.0,28087.0,,,99855.0,64611.0,,,154416.0,58649.0,111072.0,35892.0,$117640,$26495,$147685,$38605,,,,,$42733,$28087,,,$99855,$64611,,,$154416,$58649,$111072,$35892
2019,6037501700,Census Tract 5017,Whittier,Los Angeles County,California,Whittier,125014.0,19451.0,126598.0,38627.0,,,,,,,,,112110.0,56748.0,,,103841.0,56614.0,123517.0,20422.0,$125014,$19451,$126598,$38627,,,,,,,,,$112110,$56748,,,$103841,$56614,$123517,$20422
2019,6037501802,Census Tract 5018.02,Whittier,Los Angeles County,California,Whittier,84652.0,17314.0,81205.0,19507.0,,,,,,,,,93008.0,21077.0,,,73587.0,27745.0,93191.0,12695.0,$84652,$17314,$81205,$19507,,,,,,,,,$93008,$21077,,,$73587,$27745,$93191,$12695
2019,6037501803,Census Tract 5018.03,Whittier,Los Angeles County,California,Whittier,49087.0,4273.0,51109.0,8609.0,,,,,,,,,48316.0,6542.0,48288.0,2217.0,32990.0,14509.0,50071.0,4230.0,$49087,$4273,$51109,$8609,,,,,,,,,$48316,$6542,$48288,$2217,$32990,$14509,$50071,$4230
2019,6037501804,Census Tract 5018.04,Whittier,Los Angeles County,California,Whittier,61700.0,8540.0,77227.0,30346.0,,,,,62795.0,18245.0,,,52085.0,17880.0,,,56343.0,17848.0,61843.0,16144.0,$61700,$8540,$77227,$30346,,,,,$62795,$18245,,,$52085,$17880,,,$56343,$17848,$61843,$16144
2019,6037501900,Census Tract 5019,Whittier,Los Angeles County,California,Whittier,118876.0,30309.0,133155.0,19433.0,,,,,129378.0,80116.0,,,103841.0,62364.0,119575.0,51356.0,121533.0,64063.0,119295.0,37628.0,$118876,$30309,$133155,$19433,,,,,$129378,$80116,,,$103841,$62364,$119575,$51356,$121533,$64063,$119295,$37628
2019,6037502003,Census Tract 5020.03,Whittier,Los Angeles County,California,Whittier,84547.0,9107.0,100764.0,15022.0,,,,,,,,,78539.0,19017.0,,,91380.0,28715.0,83640.0,9271.0,$84547,$9107,$100764,$15022,,,,,,,,,$78539,$19017,,,$91380,$28715,$83640,$9271
2019,6037502004,Census Tract 5020.04,Whittier,Los Angeles County,California,Whittier,81920.0,15912.0,82535.0,29784.0,,,,,,,,,79323.0,22495.0,81535.0,41452.0,57469.0,48592.0,83964.0,21365.0,$81920,$15912,$82535,$29784,,,,,,,,,$79323,$22495,$81535,$41452,$57469,$48592,$83964,$21365
2019,6037502005,Census Tract 5020.05,Whittier,Los Angeles County,California,Whittier,76647.0,15869.0,65809.0,22977.0,,,,,,,,,80171.0,28223.0,212518.0,195711.0,50911.0,15219.0,82134.0,16532.0,$76647,$15869,$65809,$22977,,,,,,,,,$80171,$28223,$212518,$195711,$50911,$15219,$82134,$16532
2019,6037502100,Census Tract 5021,Whittier,Los Angeles County,California,Whittier,82221.0,13156.0,83733.0,26844.0,,,,,,,,,89369.0,17952.0,,,65610.0,17781.0,89226.0,12777.0,$82221,$13156,$83733,$26844,,,,,,,,,$89369,$17952,,,$65610,$17781,$89226,$12777
2019,6037502700,Census Tract 5027,Whittier,Los Angeles County,California,Whittier,94845.0,24400.0,85991.0,15054.0,,,,,73073.0,61998.0,,,124032.0,43365.0,54503.0,52172.0,,,108526.0,32251.0,$94845,$24400,$85991,$15054,,,,,$73073,$61998,,,$124032,$43365,$54503,$52172,,,$108526,$32251
2019,6037502902,Census Tract 5029.02,Whittier,Los Angeles County,California,Whittier,59997.0,7312.0,60702.0,10764.0,,,,,99482.0,86622.0,,,53997.0,13004.0,134032.0,39959.0,59228.0,30576.0,60398.0,8849.0,$59997,$7312,$60702,$10764,,,,,$99482,$86622,,,$53997,$13004,$134032,$39959,$59228,$30576,$60398,$8849
2019,6037503301,Census Tract 5033.01,Whittier,Los Angeles County,California,Whittier,121753.0,22646.0,109509.0,22996.0,,,,,124737.0,120302.0,,,149070.0,93488.0,207542.0,116353.0,96611.0,19113.0,144800.0,37099.0,$121753,$22646,$109509,$22996,,,,,$124737,$120302,,,$149070,$93488,$207542,$116353,$96611,$19113,$144800,$37099
2019,6037503401,Census Tract 5034.01,Whittier,Los Angeles County,California,Whittier,123684.0,13589.0,124859.0,17513.0,,,,,134917.0,55842.0,,,99413.0,49806.0,75381.0,61800.0,126115.0,20905.0,119195.0,34721.0,$123684,$13589,$124859,$17513,,,,,$134917,$55842,,,$99413,$49806,$75381,$61800,$126115,$20905,$119195,$34721
2019,6037503402,Census Tract 5034.02,Whittier,Los Angeles County,California,Whittier,128079.0,7473.0,125811.0,8593.0,,,,,152878.0,77834.0,,,146762.0,67301.0,139993.0,121899.0,104918.0,37007.0,138850.0,15658.0,$128079,$7473,$125811,$8593,,,,,$152878,$77834,,,$146762,$67301,$139993,$121899,$104918,$37007,$138850,$15658
2019,6037503501,Census Tract 5035.01,Whittier,Los Angeles County,California,Whittier,75732.0,4495.0,84240.0,8908.0,,,,,128370.0,53417.0,,,63949.0,8978.0,,,76727.0,17701.0,73912.0,10425.0,$75732,$4495,$84240,$8908,,,,,$128370,$53417,,,$63949,$8978,,,$76727,$17701,$73912,$10425
2019,6037503502,Census Tract 5035.02,Whittier,Los Angeles County,California,Whittier,110918.0,30533.0,93116.0,23137.0,,,,,,,,,140863.0,15143.0,245482.0,162967.0,89336.0,12223.0,139257.0,20491.0,$110918,$30533,$93116,$23137,,,,,,,,,$140863,$15143,$245482,$162967,$89336,$12223,$139257,$20491
2019,6037503701,Census Tract 5037.01,Whittier,Los Angeles County,California,Whittier,86126.0,11766.0,93893.0,7335.0,,,,,,,,,84304.0,35779.0,,,98010.0,10641.0,78202.0,10557.0,$86126,$11766,$93893,$7335,,,,,,,,,$84304,$35779,,,$98010,$10641,$78202,$10557
2019,6037503702,Census Tract 5037.02,Whittier,Los Angeles County,California,Whittier,98316.0,7783.0,94443.0,14286.0,,,,,,,,,110469.0,29734.0,82524.0,27740.0,88248.0,20788.0,101326.0,10419.0,$98316,$7783,$94443,$14286,,,,,,,,,$110469,$29734,$82524,$27740,$88248,$20788,$101326,$10419
2020,6037500202,Census Tract 5002.02,Whittier,Los Angeles County,California,Whittier,150994.0,45769.0,183322.0,45508.0,,,,,136515.0,18459.0,,,118563.0,74201.0,,,151459.0,61613.0,182752.0,110966.0,$150994,$45769,$183322,$45508,,,,,$136515,$18459,,,$118563,$74201,,,$151459,$61613,$182752,$110966
2020,6037500203,Census Tract 5002.03,Whittier,Los Angeles County,California,Whittier,132295.0,23431.0,137675.0,26467.0,,,,,176110.0,167970.0,,,107844.0,27304.0,,,131354.0,22650.0,129209.0,112159.0,$132295,$23431,$137675,$26467,,,,,$176110,$167970,,,$107844,$27304,,,$131354,$22650,$129209,$112159
2020,6037501001,Census Tract 5010.01,Whittier,Los Angeles County,California,Whittier,104208.0,27942.0,111739.0,34769.0,,,152022.0,101782.0,,,,,66193.0,23880.0,129244.0,16305.0,145442.0,32596.0,96819.0,42094.0,$104208,$27942,$111739,$34769,,,$152022,$101782,,,,,$66193,$23880,$129244,$16305,$145442,$32596,$96819,$42094
2020,6037501002,Census Tract 5010.02,Whittier,Los Angeles County,California,Whittier,114808.0,11846.0,122973.0,16531.0,,,,,,,,,109070.0,25543.0,71754.0,52285.0,114596.0,7813.0,116475.0,20325.0,$114808,$11846,$122973,$16531,,,,,,,,,$109070,$25543,$71754,$52285,$114596,$7813,$116475,$20325
2020,6037501200,Census Tract 5012,Whittier,Los Angeles County,California,Whittier,120370.0,16198.0,97012.0,28735.0,,,163339.0,102716.0,167190.0,30863.0,,,127495.0,40741.0,95267.0,87033.0,109599.0,26246.0,110828.0,41581.0,$120370,$16198,$97012,$28735,,,$163339,$102716,$167190,$30863,,,$127495,$40741,$95267,$87033,$109599,$26246,$110828,$41581
2020,6037501301,Census Tract 5013.01,Whittier,Los Angeles County,California,Whittier,94575.0,38212.0,67104.0,64541.0,,,,,,,,,98851.0,5711.0,128886.0,119885.0,50882.0,20917.0,112266.0,39991.0,$94575,$38212,$67104,$64541,,,,,,,,,$98851,$5711,$128886,$119885,$50882,$20917,$112266,$39991
2020,6037501302,Census Tract 5013.02,Whittier,Los Angeles County,California,Whittier,62655.0,34844.0,83436.0,42255.0,,,,,225520.0,75785.0,,,50731.0,5425.0,99238.0,45707.0,74748.0,71214.0,62362.0,37715.0,$62655,$34844,$83436,$42255,,,,,$225520,$75785,,,$50731,$5425,$99238,$45707,$74748,$71214,$62362,$37715
2020,6037501400,Census Tract 5014,Whittier,Los Angeles County,California,Whittier,53022.0,19824.0,73807.0,13443.0,,,,,,,,,53990.0,27789.0,3035.0,,72459.0,35845.0,61595.0,17465.0,$53022,$19824,$73807,$13443,,,,,,,,,$53990,$27789,$3035,,$72459,$35845,$61595,$17465
2020,6037501501,Census Tract 5015.01,Whittier,Los Angeles County,California,Whittier,129608.0,22854.0,134208.0,31280.0,,,,,124998.0,43002.0,,,116683.0,54435.0,157892.0,45176.0,128034.0,23742.0,129974.0,45909.0,$129608,$22854,$134208,$31280,,,,,$124998,$43002,,,$116683,$54435,$157892,$45176,$128034,$23742,$129974,$45909
2020,6037501503,Census Tract 5015.03,Whittier,Los Angeles County,California,Whittier,85271.0,10881.0,89098.0,11035.0,,,,,42371.0,34402.0,,,82608.0,13152.0,,,90427.0,17555.0,83725.0,12368.0,$85271,$10881,$89098,$11035,,,,,$42371,$34402,,,$82608,$13152,,,$90427,$17555,$83725,$12368
2020,6037501504,Census Tract 5015.04,Whittier,Los Angeles County,California,Whittier,45119.0,5592.0,64235.0,19502.0,,,,,14975.0,5180.0,,,51894.0,27957.0,,,76897.0,12549.0,45179.0,9137.0,$45119,$5592,$64235,$19502,,,,,$14975,$5180,,,$51894,$27957,,,$76897,$12549,$45179,$9137
2020,6037501600,Census Tract 5016,Whittier,Los Angeles County,California,Whittier,97463.0,38721.0,124598.0,64265.0,,,,,,,,,79945.0,61320.0,,,100062.0,61238.0,84785.0,48396.0,$97463,$38721,$124598,$64265,,,,,,,,,$79945,$61320,,,$100062,$61238,$84785,$48396
2020,6037501700,Census Tract 5017,Whittier,Los Angeles County,California,Whittier,101340.0,36302.0,92913.0,39955.0,,,,,,,,,101819.0,42804.0,,,,,127178.0,30871.0,$101340,$36302,$92913,$39955,,,,,,,,,$101819,$42804,,,,,$127178,$30871
2020,6037501802,Census Tract 5018.02,Whittier,Los Angeles County,California,Whittier,85418.0,12558.0,80247.0,30185.0,,,,,,,,,91559.0,25668.0,99272.0,41935.0,72222.0,28340.0,92812.0,13349.0,$85418,$12558,$80247,$30185,,,,,,,,,$91559,$25668,$99272,$41935,$72222,$28340,$92812,$13349
2020,6037501803,Census Tract 5018.03,Whittier,Los Angeles County,California,Whittier,50959.0,6282.0,50100.0,14135.0,,,,,,,,,54842.0,9722.0,47185.0,2486.0,32981.0,11922.0,51763.0,7286.0,$50959,$6282,$50100,$14135,,,,,,,,,$54842,$9722,$47185,$2486,$32981,$11922,$51763,$7286
2020,6037501804,Census Tract 5018.04,Whittier,Los Angeles County,California,Whittier,58795.0,10293.0,74961.0,34330.0,103237.0,87057.0,,,47907.0,27001.0,,,51276.0,16617.0,43475.0,12131.0,53474.0,34680.0,59910.0,14511.0,$58795,$10293,$74961,$34330,$103237,$87057,,,$47907,$27001,,,$51276,$16617,$43475,$12131,$53474,$34680,$59910,$14511
2020,6037501900,Census Tract 5019,Whittier,Los Angeles County,California,Whittier,104576.0,23585.0,109158.0,35523.0,68825.0,42915.0,,,90585.0,36049.0,,,80844.0,54033.0,117729.0,53520.0,87369.0,67123.0,110594.0,21823.0,$104576,$23585,$109158,$35523,$68825,$42915,,,$90585,$36049,,,$80844,$54033,$117729,$53520,$87369,$67123,$110594,$21823
2020,6037502003,Census Tract 5020.03,Whittier,Los Angeles County,California,Whittier,86057.0,8101.0,103945.0,17198.0,,,153120.0,29788.0,,,,,66511.0,26327.0,44027.0,28325.0,90180.0,33803.0,83500.0,11343.0,$86057,$8101,$103945,$17198,,,$153120,$29788,,,,,$66511,$26327,$44027,$28325,$90180,$33803,$83500,$11343
2020,6037502004,Census Tract 5020.04,Whittier,Los Angeles County,California,Whittier,97256.0,23025.0,97514.0,34304.0,,,,,,,,,92176.0,32301.0,107184.0,95366.0,56390.0,40213.0,98227.0,21255.0,$97256,$23025,$97514,$34304,,,,,,,,,$92176,$32301,$107184,$95366,$56390,$40213,$98227,$21255
2020,6037502005,Census Tract 5020.05,Whittier,Los Angeles County,California,Whittier,80396.0,10563.0,74695.0,24646.0,,,,,,,,,81789.0,61334.0,69516.0,58784.0,52833.0,16644.0,81358.0,17199.0,$80396,$10563,$74695,$24646,,,,,,,,,$81789,$61334,$69516,$58784,$52833,$16644,$81358,$17199
2020,6037502100,Census Tract 5021,Whittier,Los Angeles County,California,Whittier,71810.0,26879.0,65113.0,29568.0,,,,,,,,,89815.0,21179.0,47603.0,43398.0,48582.0,16141.0,89573.0,14809.0,$71810,$26879,$65113,$29568,,,,,,,,,$89815,$21179,$47603,$43398,$48582,$16141,$89573,$14809
2020,6037503301,Census Tract 5033.01,Whittier,Los Angeles County,California,Whittier,138155.0,24032.0,115846.0,19192.0,,,,,,,,,145935.0,90902.0,204178.0,65184.0,94508.0,33649.0,155847.0,16047.0,$138155,$24032,$115846,$19192,,,,,,,,,$145935,$90902,$204178,$65184,$94508,$33649,$155847,$16047
2020,6037503401,Census Tract 5034.01,Whittier,Los Angeles County,California,Whittier,119316.0,27627.0,121179.0,30246.0,,,,,,,,,107791.0,74906.0,,,108052.0,38239.0,122406.0,19317.0,$119316,$27627,$121179,$30246,,,,,,,,,$107791,$74906,,,$108052,$38239,$122406,$19317
2020,6037503402,Census Tract 5034.02,Whittier,Los Angeles County,California,Whittier,123588.0,13857.0,121501.0,18553.0,,,,,158060.0,77789.0,,,138155.0,43742.0,,,104248.0,44284.0,126696.0,20039.0,$123588,$13857,$121501,$18553,,,,,$158060,$77789,,,$138155,$43742,,,$104248,$44284,$126696,$20039
2020,6037503501,Census Tract 5035.01,Whittier,Los Angeles County,California,Whittier,83067.0,10341.0,83804.0,17649.0,,,,,113864.0,111083.0,,,75150.0,21776.0,,,76840.0,27152.0,82172.0,16202.0,$83067,$10341,$83804,$17649,,,,,$113864,$111083,,,$75150,$21776,,,$76840,$27152,$82172,$16202
2020,6037503502,Census Tract 5035.02,Whittier,Los Angeles County,California,Whittier,132799.0,19480.0,101212.0,34062.0,,,,,155614.0,76073.0,,,148327.0,14252.0,,,84816.0,12643.0,141698.0,13993.0,$132799,$19480,$101212,$34062,,,,,$155614,$76073,,,$148327,$14252,,,$84816,$12643,$141698,$13993
2020,6037504200,Census Tract 5042,Whittier,Los Angeles County,California,Whittier,66220.0,11474.0,57156.0,12558.0,76384.0,57505.0,,,96687.0,28069.0,,,48714.0,11282.0,77511.0,8305.0,42405.0,36245.0,59153.0,11965.0,$66220,$11474,$57156,$12558,$76384,$57505,,,$96687,$28069,,,$48714,$11282,$77511,$8305,$42405,$36245,$59153,$11965
2020,6037980036,Census Tract 9800.36,Whittier,Los Angeles County,California,Whittier,,,,,,,,,,,,,,,,,,,,,,,,,,,,,,,,,,,,,,,,
2021,6037500202,Census Tract 5002.02,Whittier,Los Angeles County,California,Whittier,149292.0,58600.0,156941.0,88649.0,,,,,,,,,,,,,147969.0,56787.0,185734.0,147756.0,$149292,$58600,$156941,$88649,,,,,,,,,,,,,$147969,$56787,$185734,$147756
2021,6037500203,Census Tract 5002.03,Whittier,Los Angeles County,California,Whittier,145317.0,33044.0,146574.0,28213.0,,,,,,,,,,,,,133103.0,31429.0,205778.0,175916.0,$145317,$33044,$146574,$28213,,,,,,,,,,,,,$133103,$31429,$205778,$175916
2021,6037501001,Census Tract 5010.01,Whittier,Los Angeles County,California,Whittier,103767.0,30934.0,119994.0,36237.0,,,150717.0,90824.0,,,,,97432.0,28532.0,142911.0,57436.0,144242.0,29268.0,101272.0,35341.0,$103767,$30934,$119994,$36237,,,$150717,$90824,,,,,$97432,$28532,$142911,$57436,$144242,$29268,$101272,$35341
2021,6037501002,Census Tract 5010.02,Whittier,Los Angeles County,California,Whittier,115857.0,16922.0,114138.0,15821.0,,,,,,,,,128285.0,25797.0,110272.0,37603.0,111459.0,8271.0,127983.0,17476.0,$115857,$16922,$114138,$15821,,,,,,,,,$128285,$25797,$110272,$37603,$111459,$8271,$127983,$17476
2021,6037501200,Census Tract 5012,Whittier,Los Angeles County,California,Whittier,107295.0,16810.0,107211.0,24725.0,,,164533.0,15490.0,169079.0,31619.0,,,104950.0,63695.0,104403.0,33596.0,109420.0,19325.0,88423.0,25756.0,$107295,$16810,$107211,$24725,,,$164533,$15490,$169079,$31619,,,$104950,$63695,$104403,$33596,$109420,$19325,$88423,$25756
2021,6037501301,Census Tract 5013.01,Whittier,Los Angeles County,California,Whittier,96568.0,16378.0,76755.0,61188.0,,,99013.0,71055.0,,,,,104432.0,96137.0,128891.0,86374.0,48561.0,47889.0,120587.0,37618.0,$96568,$16378,$76755,$61188,,,$99013,$71055,,,,,$104432,$96137,$128891,$86374,$48561,$47889,$120587,$37618
2021,6037501302,Census Tract 5013.02,Whittier,Los Angeles County,California,Whittier,95602.0,45073.0,101623.0,51756.0,,,,,213255.0,15501.0,,,56704.0,4594.0,96850.0,22779.0,102113.0,36010.0,63514.0,33820.0,$95602,$45073,$101623,$51756,,,,,$213255,$15501,,,$56704,$4594,$96850,$22779,$102113,$36010,$63514,$33820
2021,6037501400,Census Tract 5014,Whittier,Los Angeles County,California,Whittier,53370.0,21961.0,78400.0,22812.0,,,,,,,,,48515.0,21604.0,,,79389.0,47036.0,62467.0,15217.0,$53370,$21961,$78400,$22812,,,,,,,,,$48515,$21604,,,$79389,$47036,$62467,$15217
2021,6037501501,Census Tract 5015.01,Whittier,Los Angeles County,California,Whittier,128222.0,6344.0,129098.0,7394.0,,,,,,,,,128000.0,58088.0,147838.0,85127.0,128710.0,14268.0,126598.0,20234.0,$128222,$6344,$129098,$7394,,,,,,,,,$128000,$58088,$147838,$85127,$128710,$14268,$126598,$20234
2021,6037501503,Census Tract 5015.03,Whittier,Los Angeles County,California,Whittier,79965.0,9791.0,86978.0,13325.0,,,,,53403.0,46686.0,,,77384.0,21509.0,51975.0,34722.0,82729.0,22491.0,79229.0,12458.0,$79965,$9791,$86978,$13325,,,,,$53403,$46686,,,$77384,$21509,$51975,$34722,$82729,$22491,$79229,$12458
2021,6037501504,Census Tract 5015.04,Whittier,Los Angeles County,California,Whittier,46110.0,10207.0,47972.0,12677.0,,,,,14085.0,5472.0,,,68997.0,22408.0,24620.0,9819.0,75126.0,34829.0,52679.0,25270.0,$46110,$10207,$47972,$12677,,,,,$14085,$5472,,,$68997,$22408,$24620,$9819,$75126,$34829,$52679,$25270
2021,6037501600,Census Tract 5016,Whittier,Los Angeles County,California,Whittier,99960.0,37024.0,124784.0,64290.0,,,,,32975.0,15655.0,,,81643.0,76623.0,178130.0,68206.0,125281.0,64261.0,100673.0,58978.0,$99960,$37024,$124784,$64290,,,,,$32975,$15655,,,$81643,$76623,$178130,$68206,$125281,$64261,$100673,$58978
2021,6037501700,Census Tract 5017,Whittier,Los Angeles County,California,Whittier,117016.0,46287.0,91044.0,53169.0,,,,,,,,,126863.0,103551.0,146336.0,88197.0,,,143228.0,21566.0,$117016,$46287,$91044,$53169,,,,,,,,,$126863,$103551,$146336,$88197,,,$143228,$21566
2021,6037501802,Census Tract 5018.02,Whittier,Los Angeles County,California,Whittier,83893.0,14791.0,78841.0,27369.0,,,,,,,,,93555.0,51037.0,99927.0,27108.0,70158.0,25428.0,94883.0,18670.0,$83893,$14791,$78841,$27369,,,,,,,,,$93555,$51037,$99927,$27108,$70158,$25428,$94883,$18670
2021,6037501803,Census Tract 5018.03,Whittier,Los Angeles County,California,Whittier,55485.0,7489.0,51215.0,20300.0,,,,,,,,,56894.0,13401.0,51412.0,17501.0,33238.0,20633.0,57204.0,7939.0,$55485,$7489,$51215,$20300,,,,,,,,,$56894,$13401,$51412,$17501,$33238,$20633,$57204,$7939
2021,6037501804,Census Tract 5018.04,Whittier,Los Angeles County,California,Whittier,60729.0,9515.0,64204.0,22209.0,,,,,48515.0,20201.0,,,63929.0,13470.0,45619.0,36183.0,56592.0,44376.0,64836.0,11988.0,$60729,$9515,$64204,$22209,,,,,$48515,$20201,,,$63929,$13470,$45619,$36183,$56592,$44376,$64836,$11988
2021,6037501900,Census Tract 5019,Whittier,Los Angeles County,California,Whittier,85937.0,16955.0,86072.0,39051.0,,,,,87927.0,31094.0,,,80877.0,52802.0,,,84622.0,24830.0,103735.0,18804.0,$85937,$16955,$86072,$39051,,,,,$87927,$31094,,,$80877,$52802,,,$84622,$24830,$103735,$18804
2021,6037502003,Census Tract 5020.03,Whittier,Los Angeles County,California,Whittier,79048.0,19363.0,127235.0,37800.0,,,154090.0,63984.0,,,,,58894.0,16171.0,,,102678.0,52663.0,78526.0,23950.0,$79048,$19363,$127235,$37800,,,$154090,$63984,,,,,$58894,$16171,,,$102678,$52663,$78526,$23950
2021,6037502004,Census Tract 5020.04,Whittier,Los Angeles County,California,Whittier,77146.0,27148.0,85858.0,53016.0,,,,,,,,,76309.0,23315.0,,,98611.0,79823.0,76588.0,24754.0,$77146,$27148,$85858,$53016,,,,,,,,,$76309,$23315,,,$98611,$79823,$76588,$24754
2021,6037502005,Census Tract 5020.05,Whittier,Los Angeles County,California,Whittier,80964.0,13439.0,75951.0,22550.0,,,,,,,,,97211.0,76619.0,81744.0,56605.0,56300.0,37187.0,83358.0,15560.0,$80964,$13439,$75951,$22550,,,,,,,,,$97211,$76619,$81744,$56605,$56300,$37187,$83358,$15560
2021,6037502100,Census Tract 5021,Whittier,Los Angeles County,California,Whittier,88500.0,18366.0,74100.0,45456.0,,,,,132432.0,76140.0,,,88007.0,20934.0,96875.0,76106.0,45929.0,24535.0,97444.0,25815.0,$88500,$18366,$74100,$45456,,,,,$132432,$76140,,,$88007,$20934,$96875,$76106,$45929,$24535,$97444,$25815
2021,6037503301,Census Tract 5033.01,Whittier,Los Angeles County,California,Whittier,143977.0,32997.0,115974.0,16725.0,,,,,,,,,128780.0,35647.0,203511.0,57317.0,97481.0,15568.0,162536.0,21235.0,$143977,$32997,$115974,$16725,,,,,,,,,$128780,$35647,$203511,$57317,$97481,$15568,$162536,$21235
2021,6037503401,Census Tract 5034.01,Whittier,Los Angeles County,California,Whittier,121787.0,23029.0,121288.0,22042.0,,,,,130158.0,43242.0,,,129470.0,59042.0,124616.0,79086.0,108639.0,25475.0,122321.0,18288.0,$121787,$23029,$121288,$22042,,,,,$130158,$43242,,,$129470,$59042,$124616,$79086,$108639,$25475,$122321,$18288
2021,6037503402,Census Tract 5034.02,Whittier,Los Angeles County,California,Whittier,123955.0,11675.0,100216.0,34983.0,,,,,123098.0,118619.0,,,145720.0,26956.0,125415.0,121336.0,88522.0,35146.0,144971.0,28428.0,$123955,$11675,$100216,$34983,,,,,$123098,$118619,,,$145720,$26956,$125415,$121336,$88522,$35146,$144971,$28428
2021,6037503501,Census Tract 5035.01,Whittier,Los Angeles County,California,Whittier,94063.0,19299.0,93844.0,29226.0,,,,,146559.0,128615.0,,,77169.0,30663.0,164613.0,103203.0,77570.0,39113.0,100410.0,32762.0,$94063,$19299,$93844,$29226,,,,,$146559,$128615,,,$77169,$30663,$164613,$103203,$77570,$39113,$100410,$32762
2021,6037503502,Census Tract 5035.02,Whittier,Los Angeles County,California,Whittier,131217.0,16177.0,112816.0,22531.0,,,,,158399.0,19595.0,,,139028.0,19321.0,167372.0,128226.0,84431.0,20728.0,140854.0,16237.0,$131217,$16177,$112816,$22531,,,,,$158399,$19595,,,$139028,$19321,$167372,$128226,$84431,$20728,$140854,$16237
2021,6037504200,Census Tract 5042,Whittier,Los Angeles County,California,Whittier,73583.0,14327.0,59314.0,13084.0,76148.0,39654.0,,,114181.0,24678.0,,,50895.0,16805.0,88736.0,13223.0,58456.0,38465.0,60549.0,16862.0,$73583,$14327,$59314,$13084,$76148,$39654,,,$114181,$24678,,,$50895,$16805,$88736,$13223,$58456,$38465,$60549,$16862
2021,6037980036,Census Tract 9800.36,Whittier,Los Angeles County,California,Whittier,,,,,,,,,,,,,,,,,,,,,,,,,,,,,,,,,,,,,,,,
2022,6037500202,Census Tract 5002.02,Whittier,Los Angeles County,California,Whittier,134345.0,50144.0,149675.0,65562.0,,,,,232678.0,65985.0,,,77900.0,32608.0,,,142019.0,65159.0,92919.0,56714.0,$134345,$50144,$149675,$65562,,,,,$232678,$65985,,,$77900,$32608,,,$142019,$65159,$92919,$56714
2022,6037500203,Census Tract 5002.03,Whittier,Los Angeles County,California,Whittier,137436.0,32540.0,136871.0,41852.0,,,,,,,,,,,,,112239.0,39195.0,205571.0,135789.0,$137436,$32540,$136871,$41852,,,,,,,,,,,,,$112239,$39195,$205571,$135789
2022,6037501001,Census Tract 5010.01,Whittier,Los Angeles County,California,Whittier,102468.0,16432.0,123070.0,38052.0,,,153024.0,99188.0,,,,,83157.0,26000.0,142772.0,22589.0,130408.0,18698.0,100524.0,21158.0,$102468,$16432,$123070,$38052,,,$153024,$99188,,,,,$83157,$26000,$142772,$22589,$130408,$18698,$100524,$21158
2022,6037501002,Census Tract 5010.02,Whittier,Los Angeles County,California,Whittier,109864.0,11792.0,108725.0,13956.0,,,,,,,,,99042.0,56914.0,104196.0,20712.0,107252.0,14852.0,115223.0,19443.0,$109864,$11792,$108725,$13956,,,,,,,,,$99042,$56914,$104196,$20712,$107252,$14852,$115223,$19443
2022,6037501200,Census Tract 5012,Whittier,Los Angeles County,California,Whittier,105056.0,23702.0,106067.0,34793.0,,,161446.0,137642.0,170032.0,125645.0,,,87409.0,47619.0,100783.0,20101.0,122458.0,71333.0,86015.0,15873.0,$105056,$23702,$106067,$34793,,,$161446,$137642,$170032,$125645,,,$87409,$47619,$100783,$20101,$122458,$71333,$86015,$15873
2022,6037501301,Census Tract 5013.01,Whittier,Los Angeles County,California,Whittier,87342.0,27826.0,,,,,100038.0,59958.0,,,,,98028.0,88010.0,129352.0,95413.0,50020.0,46623.0,130204.0,52183.0,$87342,$27826,,,,,$100038,$59958,,,,,$98028,$88010,$129352,$95413,$50020,$46623,$130204,$52183
2022,6037501302,Census Tract 5013.02,Whittier,Los Angeles County,California,Whittier,103905.0,8275.0,104042.0,27127.0,,,,,213420.0,13938.0,,,58535.0,10173.0,99032.0,19979.0,103912.0,36370.0,97560.0,56856.0,$103905,$8275,$104042,$27127,,,,,$213420,$13938,,,$58535,$10173,$99032,$19979,$103912,$36370,$97560,$56856
2022,6037501400,Census Tract 5014,Whittier,Los Angeles County,California,Whittier,69074.0,23777.0,81786.0,14870.0,,,,,,,,,64253.0,30351.0,,,85984.0,19613.0,72901.0,23249.0,$69074,$23777,$81786,$14870,,,,,,,,,$64253,$30351,,,$85984,$19613,$72901,$23249
2022,6037501501,Census Tract 5015.01,Whittier,Los Angeles County,California,Whittier,129349.0,8860.0,127159.0,13535.0,,,,,145502.0,105284.0,,,119019.0,40468.0,152626.0,40792.0,119557.0,18692.0,129425.0,17420.0,$129349,$8860,$127159,$13535,,,,,$145502,$105284,,,$119019,$40468,$152626,$40792,$119557,$18692,$129425,$17420
2022,6037501503,Census Tract 5015.03,Whittier,Los Angeles County,California,Whittier,83046.0,11754.0,87688.0,14690.0,,,123816.0,50292.0,51678.0,42830.0,,,79766.0,16605.0,,,97626.0,33825.0,81948.0,10487.0,$83046,$11754,$87688,$14690,,,$123816,$50292,$51678,$42830,,,$79766,$16605,,,$97626,$33825,$81948,$10487
2022,6037501504,Census Tract 5015.04,Whittier,Los Angeles County,California,Whittier,47202.0,19091.0,51656.0,16323.0,,,,,15946.0,5727.0,,,67978.0,24996.0,,,73391.0,44639.0,45336.0,31472.0,$47202,$19091,$51656,$16323,,,,,$15946,$5727,,,$67978,$24996,,,$73391,$44639,$45336,$31472
2022,6037501600,Census Tract 5016,Whittier,Los Angeles County,California,Whittier,117455.0,36237.0,126061.0,71455.0,,,153683.0,68953.0,,,,,,,192004.0,45441.0,127178.0,74314.0,116384.0,44586.0,$117455,$36237,$126061,$71455,,,$153683,$68953,,,,,,,$192004,$45441,$127178,$74314,$116384,$44586
2022,6037501700,Census Tract 5017,Whittier,Los Angeles County,California,Whittier,120774.0,63912.0,122304.0,82826.0,,,,,,,,,104092.0,99953.0,85157.0,84156.0,140143.0,128230.0,126611.0,60391.0,$120774,$63912,$122304,$82826,,,,,,,,,$104092,$99953,$85157,$84156,$140143,$128230,$126611,$60391
2022,6037501802,Census Tract 5018.02,Whittier,Los Angeles County,California,Whittier,92669.0,17603.0,80979.0,21280.0,,,,,67782.0,31842.0,,,118025.0,31567.0,99709.0,30085.0,79941.0,29168.0,99764.0,16060.0,$92669,$17603,$80979,$21280,,,,,$67782,$31842,,,$118025,$31567,$99709,$30085,$79941,$29168,$99764,$16060
2022,6037501803,Census Tract 5018.03,Whittier,Los Angeles County,California,Whittier,62737.0,5607.0,68739.0,15675.0,,,217307.0,205885.0,,,,,59775.0,10114.0,62256.0,16748.0,62748.0,28237.0,63278.0,8518.0,$62737,$5607,$68739,$15675,,,$217307,$205885,,,,,$59775,$10114,$62256,$16748,$62748,$28237,$63278,$8518
2022,6037501804,Census Tract 5018.04,Whittier,Los Angeles County,California,Whittier,56906.0,11676.0,48233.0,41316.0,,,,,50242.0,17713.0,,,56180.0,17118.0,67883.0,46656.0,33125.0,16741.0,62822.0,15502.0,$56906,$11676,$48233,$41316,,,,,$50242,$17713,,,$56180,$17118,$67883,$46656,$33125,$16741,$62822,$15502
2022,6037501900,Census Tract 5019,Whittier,Los Angeles County,California,Whittier,100868.0,29780.0,126277.0,84388.0,,,,,89145.0,50428.0,,,106260.0,23896.0,54820.0,44621.0,84184.0,59381.0,114799.0,33148.0,$100868,$29780,$126277,$84388,,,,,$89145,$50428,,,$106260,$23896,$54820,$44621,$84184,$59381,$114799,$33148
2022,6037502003,Census Tract 5020.03,Whittier,Los Angeles County,California,Whittier,80090.0,20478.0,131816.0,32448.0,,,154673.0,2385.0,,,,,55889.0,10387.0,107184.0,105020.0,109289.0,25894.0,79197.0,23867.0,$80090,$20478,$131816,$32448,,,$154673,$2385,,,,,$55889,$10387,$107184,$105020,$109289,$25894,$79197,$23867
2022,6037502004,Census Tract 5020.04,Whittier,Los Angeles County,California,Whittier,75699.0,10677.0,66381.0,34376.0,,,,,,,,,77744.0,19257.0,57920.0,2387.0,81393.0,62737.0,74192.0,10932.0,$75699,$10677,$66381,$34376,,,,,,,,,$77744,$19257,$57920,$2387,$81393,$62737,$74192,$10932
2022,6037502005,Census Tract 5020.05,Whittier,Los Angeles County,California,Whittier,88375.0,14086.0,78629.0,23079.0,,,,,,,,,93547.0,24720.0,93116.0,69381.0,53324.0,47121.0,89664.0,13774.0,$88375,$14086,$78629,$23079,,,,,,,,,$93547,$24720,$93116,$69381,$53324,$47121,$89664,$13774
2022,6037502100,Census Tract 5021,Whittier,Los Angeles County,California,Whittier,91463.0,14537.0,59957.0,59213.0,,,,,113930.0,41633.0,,,90576.0,18482.0,97757.0,95918.0,43879.0,22789.0,94456.0,20718.0,$91463,$14537,$59957,$59213,,,,,$113930,$41633,,,$90576,$18482,$97757,$95918,$43879,$22789,$94456,$20718
2022,6037503301,Census Tract 5033.01,Whittier,Los Angeles County,California,Whittier,148825.0,31061.0,116019.0,28001.0,,,,,,,,,130448.0,41548.0,204091.0,73075.0,109435.0,32956.0,161072.0,17751.0,$148825,$31061,$116019,$28001,,,,,,,,,$130448,$41548,$204091,$73075,$109435,$32956,$161072,$17751
2022,6037503401,Census Tract 5034.01,Whittier,Los Angeles County,California,Whittier,109562.0,32886.0,123436.0,30958.0,,,137808.0,67720.0,136468.0,103436.0,,,88017.0,17994.0,127543.0,68995.0,128852.0,40641.0,102112.0,35516.0,$109562,$32886,$123436,$30958,,,$137808,$67720,$136468,$103436,,,$88017,$17994,$127543,$68995,$128852,$40641,$102112,$35516
2022,6037503402,Census Tract 5034.02,Whittier,Los Angeles County,California,Whittier,123671.0,15697.0,115967.0,32001.0,,,,,150505.0,66542.0,,,129669.0,38468.0,110756.0,76254.0,100744.0,28498.0,130547.0,23162.0,$123671,$15697,$115967,$32001,,,,,$150505,$66542,,,$129669,$38468,$110756,$76254,$100744,$28498,$130547,$23162
2022,6037503501,Census Tract 5035.01,Whittier,Los Angeles County,California,Whittier,98922.0,18692.0,85434.0,25649.0,,,,,,,,,102782.0,24758.0,162847.0,60545.0,75498.0,66627.0,111931.0,28780.0,$98922,$18692,$85434,$25649,,,,,,,,,$102782,$24758,$162847,$60545,$75498,$66627,$111931,$28780
2022,6037503502,Census Tract 5035.02,Whittier,Los Angeles County,California,Whittier,126611.0,25862.0,118333.0,47580.0,,,,,156170.0,43367.0,,,136660.0,41713.0,158302.0,133034.0,77959.0,13340.0,140487.0,29442.0,$126611,$25862,$118333,$47580,,,,,$156170,$43367,,,$136660,$41713,$158302,$133034,$77959,$13340,$140487,$29442
2022,6037504200,Census Tract 5042,Whittier,Los Angeles County,California,Whittier,68107.0,18063.0,63449.0,19411.0,,,,,114608.0,27779.0,,,38986.0,6620.0,87355.0,3766.0,53592.0,51983.0,53119.0,18204.0,$68107,$18063,$63449,$19411,,,,,$114608,$27779,,,$38986,$6620,$87355,$3766,$53592,$51983,$53119,$18204
2022,6037980036,Census Tract 9800.36,Whittier,Los Angeles County,California,Whittier,156422.0,98708.0,,,,,,,185249.0,75757.0,,,,,,,,,,,$156422,$98708,,,,,,,$185249,$75757,,,,,,,,,,
2023,6037500202,Census Tract 5002.02,Whittier,Los Angeles County,California,Whittier,147065.0,52990.0,149316.0,39721.0,,,,,247766.0,118224.0,,,86143.0,82490.0,,,148465.0,35104.0,118515.0,112931.0,$147065,$52990,$149316,$39721,,,,,$247766,$118224,,,$86143,$82490,,,$148465,$35104,$118515,$112931
2023,6037500203,Census Tract 5002.03,Whittier,Los Angeles County,California,Whittier,146126.0,41418.0,138323.0,21407.0,,,,,,,,,207320.0,126279.0,,,132873.0,18765.0,207605.0,70299.0,$146126,$41418,$138323,$21407,,,,,,,,,$207320,$126279,,,$132873,$18765,$207605,$70299
2023,6037501001,Census Tract 5010.01,Whittier,Los Angeles County,California,Whittier,109629.0,23590.0,129808.0,25470.0,,,105271.0,94125.0,,,,,95732.0,33580.0,141677.0,48834.0,129732.0,16906.0,108685.0,32519.0,$109629,$23590,$129808,$25470,,,$105271,$94125,,,,,$95732,$33580,$141677,$48834,$129732,$16906,$108685,$32519
2023,6037501002,Census Tract 5010.02,Whittier,Los Angeles County,California,Whittier,116548.0,14868.0,117403.0,22047.0,,,,,,,,,104715.0,26697.0,118298.0,28526.0,104452.0,29164.0,124812.0,19020.0,$116548,$14868,$117403,$22047,,,,,,,,,$104715,$26697,$118298,$28526,$104452,$29164,$124812,$19020
2023,6037501200,Census Tract 5012,Whittier,Los Angeles County,California,Whittier,96795.0,19399.0,88935.0,25408.0,,,163143.0,63699.0,,,,,87735.0,30067.0,114168.0,30493.0,115103.0,79093.0,87599.0,11837.0,$96795,$19399,$88935,$25408,,,$163143,$63699,,,,,$87735,$30067,$114168,$30493,$115103,$79093,$87599,$11837
2023,6037501301,Census Tract 5013.01,Whittier,Los Angeles County,California,Whittier,92060.0,25238.0,,,,,,,17187.0,11935.0,,,119323.0,72541.0,97276.0,84918.0,48041.0,21300.0,130266.0,31598.0,$92060,$25238,,,,,,,$17187,$11935,,,$119323,$72541,$97276,$84918,$48041,$21300,$130266,$31598
2023,6037501302,Census Tract 5013.02,Whittier,Los Angeles County,California,Whittier,103967.0,9853.0,103143.0,63797.0,,,,,,,,,104458.0,65117.0,106662.0,32650.0,103804.0,43220.0,101651.0,20947.0,$103967,$9853,$103143,$63797,,,,,,,,,$104458,$65117,$106662,$32650,$103804,$43220,$101651,$20947
2023,6037501400,Census Tract 5014,Whittier,Los Angeles County,California,Whittier,92130.0,39260.0,80815.0,9954.0,,,,,213874.0,61530.0,,,110128.0,51489.0,,,80234.0,46159.0,110356.0,29008.0,$92130,$39260,$80815,$9954,,,,,$213874,$61530,,,$110128,$51489,,,$80234,$46159,$110356,$29008
2023,6037501501,Census Tract 5015.01,Whittier,Los Angeles County,California,Whittier,136760.0,17242.0,129657.0,9755.0,,,,,125931.0,75670.0,,,167342.0,106813.0,162862.0,19073.0,130641.0,16552.0,135186.0,38444.0,$136760,$17242,$129657,$9755,,,,,$125931,$75670,,,$167342,$106813,$162862,$19073,$130641,$16552,$135186,$38444
2023,6037501503,Census Tract 5015.03,Whittier,Los Angeles County,California,Whittier,86294.0,12287.0,91357.0,23517.0,,,124276.0,49218.0,,,,,77906.0,29605.0,122806.0,44898.0,111828.0,30765.0,83423.0,10279.0,$86294,$12287,$91357,$23517,,,$124276,$49218,,,,,$77906,$29605,$122806,$44898,$111828,$30765,$83423,$10279
2023,6037501504,Census Tract 5015.04,Whittier,Los Angeles County,California,Whittier,52174.0,13013.0,51612.0,17537.0,,,,,14826.0,1015.0,,,58522.0,24293.0,83766.0,37755.0,56576.0,40690.0,53205.0,20852.0,$52174,$13013,$51612,$17537,,,,,$14826,$1015,,,$58522,$24293,$83766,$37755,$56576,$40690,$53205,$20852
2023,6037501600,Census Tract 5016,Whittier,Los Angeles County,California,Whittier,115923.0,40191.0,111731.0,107087.0,,,,,119863.0,72425.0,,,68941.0,31407.0,190596.0,30652.0,145057.0,143222.0,106874.0,37527.0,$115923,$40191,$111731,$107087,,,,,$119863,$72425,,,$68941,$31407,$190596,$30652,$145057,$143222,$106874,$37527
2023,6037501700,Census Tract 5017,Whittier,Los Angeles County,California,Whittier,124598.0,53324.0,126671.0,85660.0,,,,,,,,,,,,,,,128529.0,42500.0,$124598,$53324,$126671,$85660,,,,,,,,,,,,,,,$128529,$42500
2023,6037501802,Census Tract 5018.02,Whittier,Los Angeles County,California,Whittier,94437.0,16059.0,84687.0,31201.0,,,,,55680.0,24566.0,,,117021.0,29110.0,97856.0,32569.0,83584.0,29177.0,101794.0,22116.0,$94437,$16059,$84687,$31201,,,,,$55680,$24566,,,$117021,$29110,$97856,$32569,$83584,$29177,$101794,$22116
2023,6037501803,Census Tract 5018.03,Whittier,Los Angeles County,California,Whittier,63708.0,6560.0,80946.0,24107.0,,,164503.0,149647.0,,,,,61334.0,17016.0,62629.0,8477.0,70127.0,22204.0,63564.0,6087.0,$63708,$6560,$80946,$24107,,,$164503,$149647,,,,,$61334,$17016,$62629,$8477,$70127,$22204,$63564,$6087
2023,6037501804,Census Tract 5018.04,Whittier,Los Angeles County,California,Whittier,63243.0,8845.0,33069.0,31388.0,,,,,47880.0,4457.0,,,64001.0,12158.0,63503.0,21900.0,31954.0,24010.0,63982.0,6827.0,$63243,$8845,$33069,$31388,,,,,$47880,$4457,,,$64001,$12158,$63503,$21900,$31954,$24010,$63982,$6827
2023,6037501900,Census Tract 5019,Whittier,Los Angeles County,California,Whittier,104011.0,19048.0,101110.0,38948.0,,,,,87852.0,54735.0,,,128846.0,45950.0,103099.0,75853.0,103581.0,61016.0,121381.0,25282.0,$104011,$19048,$101110,$38948,,,,,$87852,$54735,,,$128846,$45950,$103099,$75853,$103581,$61016,$121381,$25282
2023,6037502003,Census Tract 5020.03,Whittier,Los Angeles County,California,Whittier,80673.0,15189.0,116003.0,16389.0,,,155326.0,39127.0,,,,,56166.0,10722.0,126957.0,26257.0,104225.0,73567.0,81231.0,17007.0,$80673,$15189,$116003,$16389,,,$155326,$39127,,,,,$56166,$10722,$126957,$26257,$104225,$73567,$81231,$17007
2023,6037502004,Census Tract 5020.04,Whittier,Los Angeles County,California,Whittier,74469.0,16548.0,83637.0,31820.0,,,,,,,,,75631.0,26228.0,62231.0,3984.0,98757.0,43908.0,72110.0,13590.0,$74469,$16548,$83637,$31820,,,,,,,,,$75631,$26228,$62231,$3984,$98757,$43908,$72110,$13590
2023,6037502005,Census Tract 5020.05,Whittier,Los Angeles County,California,Whittier,94309.0,25927.0,115999.0,65621.0,,,,,,,,,94211.0,15591.0,90393.0,72676.0,117993.0,88403.0,92952.0,19646.0,$94309,$25927,$115999,$65621,,,,,,,,,$94211,$15591,$90393,$72676,$117993,$88403,$92952,$19646
2023,6037502100,Census Tract 5021,Whittier,Los Angeles County,California,Whittier,90607.0,11706.0,,,,,,,111688.0,25369.0,,,75469.0,48129.0,98067.0,51747.0,43663.0,27032.0,92277.0,15303.0,$90607,$11706,,,,,,,$111688,$25369,,,$75469,$48129,$98067,$51747,$43663,$27032,$92277,$15303
2023,6037503301,Census Tract 5033.01,Whittier,Los Angeles County,California,Whittier,129257.0,21098.0,108787.0,36411.0,,,,,80128.0,66987.0,,,127694.0,18745.0,203595.0,78935.0,95330.0,51439.0,155939.0,18330.0,$129257,$21098,$108787,$36411,,,,,$80128,$66987,,,$127694,$18745,$203595,$78935,$95330,$51439,$155939,$18330
2023,6037503401,Census Tract 5034.01,Whittier,Los Angeles County,California,Whittier,108818.0,26523.0,108639.0,29430.0,,,136753.0,66885.0,203866.0,147195.0,,,90640.0,13658.0,139794.0,97041.0,108778.0,36240.0,107364.0,41782.0,$108818,$26523,$108639,$29430,,,$136753,$66885,$203866,$147195,,,$90640,$13658,$139794,$97041,$108778,$36240,$107364,$41782
2023,6037503402,Census Tract 5034.02,Whittier,Los Angeles County,California,Whittier,100896.0,23860.0,94298.0,24899.0,,,,,157238.0,104600.0,,,91292.0,58177.0,148688.0,69351.0,102224.0,32131.0,91178.0,33015.0,$100896,$23860,$94298,$24899,,,,,$157238,$104600,,,$91292,$58177,$148688,$69351,$102224,$32131,$91178,$33015
2023,6037503501,Census Tract 5035.01,Whittier,Los Angeles County,California,Whittier,104503.0,10988.0,102848.0,21455.0,,,,,81261.0,31041.0,,,105769.0,28520.0,119071.0,44057.0,82573.0,48113.0,118379.0,25691.0,$104503,$10988,$102848,$21455,,,,,$81261,$31041,,,$105769,$28520,$119071,$44057,$82573,$48113,$118379,$25691
2023,6037503502,Census Tract 5035.02,Whittier,Los Angeles County,California,Whittier,94683.0,33839.0,91581.0,49967.0,,,,,157767.0,50581.0,,,70678.0,37694.0,,,80634.0,46163.0,94271.0,42905.0,$94683,$33839,$91581,$49967,,,,,$157767,$50581,,,$70678,$37694,,,$80634,$46163,$94271,$42905
2023,6037504200,Census Tract 5042,Whittier,Los Angeles County,California,Whittier,75493.0,10374.0,76817.0,31882.0,164929.0,56514.0,45807.0,27070.0,146580.0,44353.0,,,44361.0,17029.0,83246.0,31431.0,95218.0,49796.0,51545.0,19259.0,$75493,$10374,$76817,$31882,$164929,$56514,$45807,$27070,$146580,$44353,,,$44361,$17029,$83246,$31431,$95218,$49796,$51545,$19259
2023,6037980036,Census Tract 9800.36,Whittier,Los Angeles County,California,Whittier,177907.0,42553.0,,,,,,,172421.0,62232.0,,,,,,,,,177907.0,89141.0,$177907,$42553,,,,,,,$172421,$62232,,,,,,,,,$177907,$89141
2024,6037500202,Census Tract 5002.02,Whittier,Los Angeles County,California,Whittier,158750.0,68942.0,182151.0,50657.0,,,,,205938.0,46922.0,,,85348.0,39594.0,,,181541.0,52256.0,,,$158750,$68942,$182151,$50657,,,,,$205938,$46922,,,$85348,$39594,,,$181541,$52256,,
2024,6037500203,Census Tract 5002.03,Whittier,Los Angeles County,California,Whittier,184286.0,50600.0,156071.0,43361.0,,,,,,,,,207306.0,108591.0,209821.0,99089.0,147244.0,21028.0,218750.0,29132.0,$184286,$50600,$156071,$43361,,,,,,,,,$207306,$108591,$209821,$99089,$147244,$21028,$218750,$29132
2024,6037501001,Census Tract 5010.01,Whittier,Los Angeles County,California,Whittier,108594.0,27938.0,130956.0,41913.0,,,143750.0,30859.0,,,,,95804.0,29359.0,,,89643.0,88637.0,108281.0,27119.0,$108594,$27938,$130956,$41913,,,$143750,$30859,,,,,$95804,$29359,,,$89643,$88637,$108281,$27119
2024,6037501002,Census Tract 5010.02,Whittier,Los Angeles County,California,Whittier,116197.0,11916.0,132670.0,41096.0,,,,,,,,,104726.0,21161.0,120990.0,18110.0,103594.0,24779.0,122281.0,18491.0,$116197,$11916,$132670,$41096,,,,,,,,,$104726,$21161,$120990,$18110,$103594,$24779,$122281,$18491
2024,6037501200,Census Tract 5012,Whittier,Los Angeles County,California,Whittier,113079.0,15570.0,106750.0,24424.0,,,,,,,,,107417.0,40675.0,126333.0,45423.0,113988.0,40413.0,107148.0,19739.0,$113079,$15570,$106750,$24424,,,,,,,,,$107417,$40675,$126333,$45423,$113988,$40413,$107148,$19739
2024,6037501301,Census Tract 5013.01,Whittier,Los Angeles County,California,Whittier,90417.0,27754.0,49562.0,26104.0,,,,,,,,,131163.0,44193.0,86375.0,43810.0,48993.0,8541.0,124625.0,26751.0,$90417,$27754,$49562,$26104,,,,,,,,,$131163,$44193,$86375,$43810,$48993,$8541,$124625,$26751
2024,6037501302,Census Tract 5013.02,Whittier,Los Angeles County,California,Whittier,103478.0,5972.0,95909.0,63902.0,,,145530.0,132743.0,129075.0,102179.0,,,106336.0,47866.0,98750.0,10684.0,103213.0,44671.0,98000.0,10465.0,$103478,$5972,$95909,$63902,,,$145530,$132743,$129075,$102179,,,$106336,$47866,$98750,$10684,$103213,$44671,$98000,$10465
2024,6037501400,Census Tract 5014,Whittier,Los Angeles County,California,Whittier,87273.0,34361.0,93409.0,79991.0,,,,,164318.0,59118.0,,,84079.0,59046.0,,,138589.0,37108.0,91250.0,37127.0,$87273,$34361,$93409,$79991,,,,,$164318,$59118,,,$84079,$59046,,,$138589,$37108,$91250,$37127
2024,6037501501,Census Tract 5015.01,Whittier,Los Angeles County,California,Whittier,144250.0,18411.0,136471.0,14442.0,,,,,120833.0,51582.0,,,168125.0,106906.0,165568.0,16167.0,136250.0,23927.0,155078.0,38078.0,$144250,$18411,$136471,$14442,,,,,$120833,$51582,,,$168125,$106906,$165568,$16167,$136250,$23927,$155078,$38078
2024,6037501503,Census Tract 5015.03,Whittier,Los Angeles County,California,Whittier,91820.0,16321.0,87402.0,24795.0,,,123977.0,56063.0,80795.0,38134.0,,,82125.0,22714.0,123846.0,32637.0,117115.0,41339.0,86419.0,10626.0,$91820,$16321,$87402,$24795,,,$123977,$56063,$80795,$38134,,,$82125,$22714,$123846,$32637,$117115,$41339,$86419,$10626
2024,6037501504,Census Tract 5015.04,Whittier,Los Angeles County,California,Whittier,56576.0,10609.0,51944.0,28380.0,,,160625.0,104568.0,14731.0,10090.0,,,57759.0,18032.0,91250.0,31767.0,55326.0,30572.0,59288.0,13477.0,$56576,$10609,$51944,$28380,,,$160625,$104568,$14731,$10090,,,$57759,$18032,$91250,$31767,$55326,$30572,$59288,$13477
2024,6037501600,Census Tract 5016,Whittier,Los Angeles County,California,Whittier,104333.0,58192.0,,,,,,,97188.0,39798.0,,,68955.0,18466.0,201118.0,22059.0,,,104167.0,58057.0,$104333,$58192,,,,,,,$97188,$39798,,,$68955,$18466,$201118,$22059,,,$104167,$58057
2024,6037501700,Census Tract 5017,Whittier,Los Angeles County,California,Whittier,101512.0,48496.0,128292.0,105828.0,,,,,,,,,46708.0,44609.0,122813.0,91582.0,,,100872.0,39227.0,$101512,$48496,$128292,$105828,,,,,,,,,$46708,$44609,$122813,$91582,,,$100872,$39227
2024,6037501802,Census Tract 5018.02,Whittier,Los Angeles County,California,Whittier,95909.0,16551.0,114625.0,30078.0,,,246250.0,183241.0,62500.0,24958.0,,,96213.0,21309.0,97563.0,33665.0,97250.0,37381.0,99375.0,22539.0,$95909,$16551,$114625,$30078,,,$246250,$183241,$62500,$24958,,,$96213,$21309,$97563,$33665,$97250,$37381,$99375,$22539
2024,6037501803,Census Tract 5018.03,Whittier,Los Angeles County,California,Whittier,60399.0,5502.0,,,,,161641.0,124568.0,,,,,60198.0,14686.0,63453.0,6487.0,,,62163.0,4803.0,$60399,$5502,,,,,$161641,$124568,,,,,$60198,$14686,$63453,$6487,,,$62163,$4803
2024,6037501804,Census Tract 5018.04,Whittier,Los Angeles County,California,Whittier,62832.0,14533.0,34395.0,19621.0,66583.0,18292.0,,,,,,,62941.0,12918.0,53750.0,24259.0,,,57222.0,14462.0,$62832,$14533,$34395,$19621,$66583,$18292,,,,,,,$62941,$12918,$53750,$24259,,,$57222,$14462
2024,6037501900,Census Tract 5019,Whittier,Los Angeles County,California,Whittier,112143.0,18173.0,126307.0,29113.0,,,,,87716.0,65887.0,,,114938.0,40559.0,94205.0,58788.0,104091.0,71507.0,130490.0,20176.0,$112143,$18173,$126307,$29113,,,,,$87716,$65887,,,$114938,$40559,$94205,$58788,$104091,$71507,$130490,$20176
2024,6037502003,Census Tract 5020.03,Whittier,Los Angeles County,California,Whittier,64088.0,15502.0,108125.0,78510.0,,,2499.0,,,,,,59423.0,13838.0,115855.0,51339.0,51667.0,38991.0,70417.0,21205.0,$64088,$15502,$108125,$78510,,,$2499,,,,,,$59423,$13838,$115855,$51339,$51667,$38991,$70417,$21205
2024,6037502004,Census Tract 5020.04,Whittier,Los Angeles County,California,Whittier,68110.0,7036.0,75938.0,26568.0,,,,,,,,,69274.0,11700.0,62727.0,6762.0,,,67043.0,6183.0,$68110,$7036,$75938,$26568,,,,,,,,,$69274,$11700,$62727,$6762,,,$67043,$6183
2024,6037502005,Census Tract 5020.05,Whittier,Los Angeles County,California,Whittier,108889.0,33914.0,84800.0,48354.0,,,,,147500.0,75111.0,,,94457.0,25711.0,119219.0,64070.0,83650.0,42953.0,94724.0,33854.0,$108889,$33914,$84800,$48354,,,,,$147500,$75111,,,$94457,$25711,$119219,$64070,$83650,$42953,$94724,$33854
2024,6037502100,Census Tract 5021,Whittier,Los Angeles County,California,Whittier,95372.0,15657.0,43125.0,34636.0,,,183571.0,100094.0,113672.0,28109.0,,,89861.0,43333.0,115476.0,55741.0,40682.0,17901.0,96319.0,21424.0,$95372,$15657,$43125,$34636,,,$183571,$100094,$113672,$28109,,,$89861,$43333,$115476,$55741,$40682,$17901,$96319,$21424
2024,6037503301,Census Tract 5033.01,Whittier,Los Angeles County,California,Whittier,136678.0,21987.0,135955.0,25354.0,,,,,80096.0,66245.0,,,126462.0,16159.0,205115.0,93856.0,135250.0,51790.0,163672.0,44490.0,$136678,$21987,$135955,$25354,,,,,$80096,$66245,,,$126462,$16159,$205115,$93856,$135250,$51790,$163672,$44490
2024,6037503401,Census Tract 5034.01,Whittier,Los Angeles County,California,Whittier,109356.0,26315.0,105227.0,17218.0,,,139453.0,111813.0,146181.0,101653.0,,,92401.0,51251.0,180152.0,116463.0,108485.0,25293.0,115944.0,34142.0,$109356,$26315,$105227,$17218,,,$139453,$111813,$146181,$101653,,,$92401,$51251,$180152,$116463,$108485,$25293,$115944,$34142
2024,6037503402,Census Tract 5034.02,Whittier,Los Angeles County,California,Whittier,111932.0,49728.0,101118.0,21934.0,,,,,154125.0,54564.0,,,,,162574.0,32967.0,101513.0,20646.0,135380.0,85179.0,$111932,$49728,$101118,$21934,,,,,$154125,$54564,,,,,$162574,$32967,$101513,$20646,$135380,$85179
2024,6037503501,Census Tract 5035.01,Whittier,Los Angeles County,California,Whittier,102905.0,10931.0,100385.0,53599.0,,,,,61797.0,22095.0,,,104330.0,40860.0,106339.0,25276.0,51082.0,41243.0,106510.0,32595.0,$102905,$10931,$100385,$53599,,,,,$61797,$22095,,,$104330,$40860,$106339,$25276,$51082,$41243,$106510,$32595
2024,6037503502,Census Tract 5035.02,Whittier,Los Angeles County,California,Whittier,102500.0,23137.0,91282.0,33856.0,,,,,109722.0,42371.0,,,86154.0,61039.0,94837.0,47381.0,77292.0,26634.0,112583.0,39307.0,$102500,$23137,$91282,$33856,,,,,$109722,$42371,,,$86154,$61039,$94837,$47381,$77292,$26634,$112583,$39307
2024,6037504200,Census Tract 5042,Whittier,Los Angeles County,California,Whittier,64554.0,28986.0,91375.0,32018.0,166267.0,1110.0,,,144583.0,56404.0,,,41827.0,14693.0,,,94083.0,48800.0,42427.0,12512.0,$64554,$28986,$91375,$32018,$166267,$1110,,,$144583,$56404,,,$41827,$14693,,,$94083,$48800,$42427,$12512
2024,6037980036,Census Tract 9800.36,Whittier,Los Angeles County,California,Whittier,159088.0,33160.0,,,,,,,185368.0,77920.0,,,,,,,,,94167.0,40922.0,$159088,$33160,,,,,,,$185368,$77920,,,,,,,,,$94167,$40922
