YEAR,GEO_ID,TRACT,CITY,COUNTY,STATE,ABBREV_NAME,B19013I_001E,B19013I_001M
2024,6037910213,Census Tract 9102.13,Acton,Los Angeles County,California,Acton,139238.0,11946.0
2024,6037910804,Census Tract 9108.04,Acton,Los Angeles County,California,Acton,115556.0,47470.0
2024,6037910814,Census Tract 9108.14,Acton,Los Angeles County,California,Acton,,
2024,6037910815,Census Tract 9108.15,Acton,Los Angeles County,California,Acton,96649.0,30633.0
2024,6037800324,Census Tract 8003.24,Agoura Hills,Los Angeles County,California,AgouraHills,,
2024,6037800328,Census Tract 8003.28,Agoura Hills,Los Angeles County,California,AgouraHills,,
2024,6037800333,Census Tract 8003.33,Agoura Hills,Los Angeles County,California,AgouraHills,152750.0,62038.0
2024,6037800334,Census Tract 8003.34,Agoura Hills,Los Angeles County,California,AgouraHills,65625.0,2307.0
2024,6037800335,Census Tract 8003.35,Agoura Hills,Los Angeles County,California,AgouraHills,,
2024,6037800336,Census Tract 8003.36,Agoura Hills,Los Angeles County,California,AgouraHills,,
2024,6037800338,Census Tract 8003.38,Agoura Hills,Los Angeles County,California,AgouraHills,112330.0,105606.0
2024,6037910808,Census Tract 9108.08,Agua Dulce,Los Angeles County,California,AguaDulce,113056.0,19956.0
2024,6037910810,Census Tract 9108.10,Agua Dulce,Los Angeles County,California,AguaDulce,127850.0,47599.0
2024,6037910814,Census Tract 9108.14,Agua Dulce,Los Angeles County,California,AguaDulce,,
2024,6037480302,Census Tract 4803.02,Alhambra,Los Angeles County,California,Alhambra,99241.0,36519.0
2024,6037480303,Census Tract 4803.03,Alhambra,Los Angeles County,California,Alhambra,96442.0,13751.0
2024,6037480304,Census Tract 4803.04,Alhambra,Los Angeles County,California,Alhambra,62092.0,14194.0
2024,6037480400,Census Tract 4804,Alhambra,Los Angeles County,California,Alhambra,94647.0,37566.0
2024,6037480802,Census Tract 4808.02,Alhambra,Los Angeles County,California,Alhambra,120573.0,43221.0
2024,6037480803,Census Tract 4808.03,Alhambra,Los Angeles County,California,Alhambra,113320.0,21673.0
2024,6037480804,Census Tract 4808.04,Alhambra,Los Angeles County,California,Alhambra,81806.0,25463.0
2024,6037480901,Census Tract 4809.01,Alhambra,Los Angeles County,California,Alhambra,84107.0,39986.0
2024,6037480902,Census Tract 4809.02,Alhambra,Los Angeles County,California,Alhambra,70833.0,8914.0
2024,6037480903,Census Tract 4809.03,Alhambra,Los Angeles County,California,Alhambra,125888.0,13919.0
2024,6037481001,Census Tract 4810.01,Alhambra,Los Angeles County,California,Alhambra,72946.0,21084.0
2024,6037481002,Census Tract 4810.02,Alhambra,Los Angeles County,California,Alhambra,76136.0,18151.0
2024,6037481500,Census Tract 4815,Alhambra,Los Angeles County,California,Alhambra,80085.0,70677.0
2024,6037481603,Census Tract 4816.03,Alhambra,Los Angeles County,California,Alhambra,65938.0,35285.0
2024,6037481604,Census Tract 4816.04,Alhambra,Los Angeles County,California,Alhambra,128036.0,36665.0
2024,6037481605,Census Tract 4816.05,Alhambra,Los Angeles County,California,Alhambra,116125.0,21461.0
2024,6037481606,Census Tract 4816.06,Alhambra,Los Angeles County,California,Alhambra,100658.0,19368.0
2024,6037481800,Census Tract 4818,Alhambra,Los Angeles County,California,Alhambra,,
2024,6037481901,Census Tract 4819.01,Alhambra,Los Angeles County,California,Alhambra,104897.0,30394.0
2024,6037481902,Census Tract 4819.02,Alhambra,Los Angeles County,California,Alhambra,87257.0,34325.0
2024,6037603702,Census Tract 6037.02,Alondra Park,Los Angeles County,California,AlondraPark,166125.0,62556.0
2024,6037603706,Census Tract 6037.06,Alondra Park,Los Angeles County,California,AlondraPark,69516.0,12018.0
2024,6037460101,Census Tract 4601.01,Altadena,Los Angeles County,California,Altadena,151750.0,90033.0
2024,6037460200,Census Tract 4602,Altadena,Los Angeles County,California,Altadena,138793.0,75553.0
2024,6037460301,Census Tract 4603.01,Altadena,Los Angeles County,California,Altadena,101842.0,79103.0
2024,6037460302,Census Tract 4603.02,Altadena,Los Angeles County,California,Altadena,,
2024,6037460401,Census Tract 4604.01,Altadena,Los Angeles County,California,Altadena,70368.0,10408.0
2024,6037461000,Census Tract 4610,Altadena,Los Angeles County,California,Altadena,97266.0,24143.0
2024,6037461100,Census Tract 4611,Altadena,Los Angeles County,California,Altadena,61223.0,27811.0
2024,6037461200,Census Tract 4612,Altadena,Los Angeles County,California,Altadena,132750.0,77234.0
2024,6037461300,Census Tract 4613,Altadena,Los Angeles County,California,Altadena,,
2024,6037462500,Census Tract 4625,Altadena,Los Angeles County,California,Altadena,99938.0,79716.0
2024,6037430400,Census Tract 4304,Arcadia,Los Angeles County,California,Arcadia,,
2024,6037430600,Census Tract 4306,Arcadia,Los Angeles County,California,Arcadia,196964.0,66356.0
2024,6037430701,Census Tract 4307.01,Arcadia,Los Angeles County,California,Arcadia,102725.0,19512.0
2024,6037430721,Census Tract 4307.21,Arcadia,Los Angeles County,California,Arcadia,100766.0,14817.0
2024,6037430723,Census Tract 4307.23,Arcadia,Los Angeles County,California,Arcadia,59936.0,41902.0
2024,6037430724,Census Tract 4307.24,Arcadia,Los Angeles County,California,Arcadia,119359.0,45316.0
2024,6037430801,Census Tract 4308.01,Arcadia,Los Angeles County,California,Arcadia,73512.0,3529.0
2024,6037430802,Census Tract 4308.02,Arcadia,Los Angeles County,California,Arcadia,,
2024,6037430803,Census Tract 4308.03,Arcadia,Los Angeles County,California,Arcadia,87760.0,54291.0
2024,6037431300,Census Tract 4313,Arcadia,Los Angeles County,California,Arcadia,86276.0,16265.0
2024,6037431400,Census Tract 4314,Arcadia,Los Angeles County,California,Arcadia,58900.0,45738.0
2024,6037431502,Census Tract 4315.02,Arcadia,Los Angeles County,California,Arcadia,98869.0,36506.0
2024,6037431600,Census Tract 4316,Arcadia,Los Angeles County,California,Arcadia,169688.0,65769.0
2024,6037431701,Census Tract 4317.01,Arcadia,Los Angeles County,California,Arcadia,71069.0,18499.0
2024,6037431800,Census Tract 4318,Arcadia,Los Angeles County,California,Arcadia,,
2024,6037432502,Census Tract 4325.02,Arcadia,Los Angeles County,California,Arcadia,133000.0,26425.0
2024,6037554801,Census Tract 5548.01,Artesia,Los Angeles County,California,Artesia,112283.0,30090.0
2024,6037554802,Census Tract 5548.02,Artesia,Los Angeles County,California,Artesia,108750.0,8508.0
2024,6037554900,Census Tract 5549,Artesia,Los Angeles County,California,Artesia,75208.0,70645.0
2024,6037599000,Census Tract 5990,Avalon,Los Angeles County,California,Avalon,100076.0,65118.0
2024,6037599100,Census Tract 5991,Avalon,Los Angeles County,California,Avalon,118882.0,4156.0
2024,6037408301,Census Tract 4083.01,Avocado Heights,Los Angeles County,California,AvocadoHeights,81139.0,20799.0
2024,6037408302,Census Tract 4083.02,Avocado Heights,Los Angeles County,California,AvocadoHeights,90455.0,30114.0
2024,6037408303,Census Tract 4083.03,Avocado Heights,Los Angeles County,California,AvocadoHeights,136571.0,26428.0
2024,6037980035,Census Tract 9800.35,Avocado Heights,Los Angeles County,California,AvocadoHeights,68958.0,29262.0
2024,6037400602,Census Tract 4006.02,Azusa,Los Angeles County,California,Azusa,83066.0,15198.0
2024,6037400603,Census Tract 4006.03,Azusa,Los Angeles County,California,Azusa,107682.0,31468.0
2024,6037400605,Census Tract 4006.05,Azusa,Los Angeles County,California,Azusa,92838.0,32429.0
2024,6037400801,Census Tract 4008.01,Azusa,Los Angeles County,California,Azusa,108316.0,34326.0
2024,6037404000,Census Tract 4040,Azusa,Los Angeles County,California,Azusa,123571.0,7743.0
2024,6037404100,Census Tract 4041,Azusa,Los Angeles County,California,Azusa,89432.0,27310.0
2024,6037404201,Census Tract 4042.01,Azusa,Los Angeles County,California,Azusa,73643.0,22099.0
2024,6037404203,Census Tract 4042.03,Azusa,Los Angeles County,California,Azusa,77169.0,27700.0
2024,6037404301,Census Tract 4043.01,Azusa,Los Angeles County,California,Azusa,87155.0,19442.0
2024,6037404302,Census Tract 4043.02,Azusa,Los Angeles County,California,Azusa,77188.0,45742.0
2024,6037404401,Census Tract 4044.01,Azusa,Los Angeles County,California,Azusa,86286.0,14454.0
2024,6037404402,Census Tract 4044.02,Azusa,Los Angeles County,California,Azusa,91821.0,18729.0
2024,6037404501,Census Tract 4045.01,Azusa,Los Angeles County,California,Azusa,54609.0,14398.0
2024,6037404503,Census Tract 4045.03,Azusa,Los Angeles County,California,Azusa,88333.0,31854.0
2024,6037404504,Census Tract 4045.04,Azusa,Los Angeles County,California,Azusa,89641.0,10537.0
2024,6037404701,Census Tract 4047.01,Baldwin Park,Los Angeles County,California,BaldwinPark,75820.0,24308.0
2024,6037404702,Census Tract 4047.02,Baldwin Park,Los Angeles County,California,BaldwinPark,86797.0,11181.0
2024,6037404703,Census Tract 4047.03,Baldwin Park,Los Angeles County,California,BaldwinPark,84091.0,16434.0
2024,6037404804,Census Tract 4048.04,Baldwin Park,Los Angeles County,California,BaldwinPark,80139.0,8494.0
2024,6037404805,Census Tract 4048.05,Baldwin Park,Los Angeles County,California,BaldwinPark,68776.0,4676.0
2024,6037404806,Census Tract 4048.06,Baldwin Park,Los Angeles County,California,BaldwinPark,68571.0,11943.0
2024,6037404901,Census Tract 4049.01,Baldwin Park,Los Angeles County,California,BaldwinPark,82045.0,52210.0
2024,6037404902,Census Tract 4049.02,Baldwin Park,Los Angeles County,California,BaldwinPark,57679.0,23717.0
2024,6037404903,Census Tract 4049.03,Baldwin Park,Los Angeles County,California,BaldwinPark,85324.0,10310.0
2024,6037405001,Census Tract 4050.01,Baldwin Park,Los Angeles County,California,BaldwinPark,83371.0,6372.0
2024,6037405002,Census Tract 4050.02,Baldwin Park,Los Angeles County,California,BaldwinPark,69625.0,29352.0
2024,6037405101,Census Tract 4051.01,Baldwin Park,Los Angeles County,California,BaldwinPark,99868.0,28916.0
2024,6037405102,Census Tract 4051.02,Baldwin Park,Los Angeles County,California,BaldwinPark,87824.0,8940.0
2024,6037405201,Census Tract 4052.01,Baldwin Park,Los Angeles County,California,BaldwinPark,79013.0,13554.0
2024,6037405202,Census Tract 4052.02,Baldwin Park,Los Angeles County,California,BaldwinPark,75147.0,23233.0
2024,6037405203,Census Tract 4052.03,Baldwin Park,Los Angeles County,California,BaldwinPark,79554.0,24811.0
2024,6037406903,Census Tract 4069.03,Baldwin Park,Los Angeles County,California,BaldwinPark,82943.0,37345.0
2024,6037407001,Census Tract 4070.01,Baldwin Park,Los Angeles County,California,BaldwinPark,87863.0,11466.0
2024,6037407002,Census Tract 4070.02,Baldwin Park,Los Angeles County,California,BaldwinPark,118477.0,16107.0
2024,6037532304,Census Tract 5323.04,Bell,Los Angeles County,California,Bell,68170.0,27868.0
2024,6037533201,Census Tract 5332.01,Bell,Los Angeles County,California,Bell,70147.0,35084.0
2024,6037533601,Census Tract 5336.01,Bell,Los Angeles County,California,Bell,66297.0,21648.0
2024,6037533602,Census Tract 5336.02,Bell,Los Angeles County,California,Bell,66083.0,29890.0
2024,6037533603,Census Tract 5336.03,Bell,Los Angeles County,California,Bell,49495.0,11267.0
2024,6037533803,Census Tract 5338.03,Bell,Los Angeles County,California,Bell,50000.0,8991.0
2024,6037533804,Census Tract 5338.04,Bell,Los Angeles County,California,Bell,84405.0,13173.0
2024,6037533805,Census Tract 5338.05,Bell,Los Angeles County,California,Bell,69044.0,29051.0
2024,6037533806,Census Tract 5338.06,Bell,Los Angeles County,California,Bell,70833.0,12877.0
2024,6037553100,Census Tract 5531,Bellflower,Los Angeles County,California,Bellflower,101842.0,35099.0
2024,6037553201,Census Tract 5532.01,Bellflower,Los Angeles County,California,Bellflower,102232.0,27333.0
2024,6037553202,Census Tract 5532.02,Bellflower,Los Angeles County,California,Bellflower,107976.0,68665.0
2024,6037553300,Census Tract 5533,Bellflower,Los Angeles County,California,Bellflower,100574.0,15418.0
2024,6037554001,Census Tract 5540.01,Bellflower,Los Angeles County,California,Bellflower,107554.0,48915.0
2024,6037554002,Census Tract 5540.02,Bellflower,Los Angeles County,California,Bellflower,83412.0,39296.0
2024,6037554101,Census Tract 5541.01,Bellflower,Los Angeles County,California,Bellflower,66410.0,12214.0
2024,6037554105,Census Tract 5541.05,Bellflower,Los Angeles County,California,Bellflower,51750.0,19061.0
2024,6037554106,Census Tract 5541.06,Bellflower,Los Angeles County,California,Bellflower,79559.0,27046.0
2024,6037554201,Census Tract 5542.01,Bellflower,Los Angeles County,California,Bellflower,110800.0,28578.0
2024,6037554203,Census Tract 5542.03,Bellflower,Los Angeles County,California,Bellflower,61202.0,32791.0
2024,6037554204,Census Tract 5542.04,Bellflower,Los Angeles County,California,Bellflower,42089.0,28102.0
2024,6037554301,Census Tract 5543.01,Bellflower,Los Angeles County,California,Bellflower,84323.0,18067.0
2024,6037554302,Census Tract 5543.02,Bellflower,Los Angeles County,California,Bellflower,61511.0,12624.0
2024,6037554403,Census Tract 5544.03,Bellflower,Los Angeles County,California,Bellflower,72215.0,10619.0
2024,6037554404,Census Tract 5544.04,Bellflower,Los Angeles County,California,Bellflower,83300.0,19106.0
2024,6037554405,Census Tract 5544.05,Bellflower,Los Angeles County,California,Bellflower,62204.0,50059.0
2024,6037554406,Census Tract 5544.06,Bellflower,Los Angeles County,California,Bellflower,106506.0,42531.0
2024,6037533901,Census Tract 5339.01,Bell Gardens,Los Angeles County,California,BellGardens,63882.0,9161.0
2024,6037533902,Census Tract 5339.02,Bell Gardens,Los Angeles County,California,BellGardens,59659.0,5976.0
2024,6037534001,Census Tract 5340.01,Bell Gardens,Los Angeles County,California,BellGardens,71052.0,3822.0
2024,6037534002,Census Tract 5340.02,Bell Gardens,Los Angeles County,California,BellGardens,88668.0,9015.0
2024,6037534101,Census Tract 5341.01,Bell Gardens,Los Angeles County,California,BellGardens,65119.0,22140.0
2024,6037534102,Census Tract 5341.02,Bell Gardens,Los Angeles County,California,BellGardens,47271.0,15563.0
2024,6037534201,Census Tract 5342.01,Bell Gardens,Los Angeles County,California,BellGardens,59432.0,12197.0
2024,6037534202,Census Tract 5342.02,Bell Gardens,Los Angeles County,California,BellGardens,54722.0,25066.0
2024,6037534203,Census Tract 5342.03,Bell Gardens,Los Angeles County,California,BellGardens,53281.0,5856.0
2024,6037700600,Census Tract 7006,Beverly Hills,Los Angeles County,California,BeverlyHills,,
2024,6037700700,Census Tract 7007,Beverly Hills,Los Angeles County,California,BeverlyHills,,
2024,6037700801,Census Tract 7008.01,Beverly Hills,Los Angeles County,California,BeverlyHills,76131.0,41729.0
2024,6037700802,Census Tract 7008.02,Beverly Hills,Los Angeles County,California,BeverlyHills,67708.0,30260.0
2024,6037700901,Census Tract 7009.01,Beverly Hills,Los Angeles County,California,BeverlyHills,210944.0,67666.0
2024,6037700902,Census Tract 7009.02,Beverly Hills,Los Angeles County,California,BeverlyHills,98875.0,42427.0
2024,6037701000,Census Tract 7010,Beverly Hills,Los Angeles County,California,BeverlyHills,205616.0,33336.0
2024,6037430200,Census Tract 4302,Bradbury,Los Angeles County,California,Bradbury,181250.0,150919.0
2024,6037310100,Census Tract 3101,Burbank (Los Angeles County),Los Angeles County,California,Burbank(LosAngelesCounty),,
2024,6037310201,Census Tract 3102.01,Burbank (Los Angeles County),Los Angeles County,California,Burbank(LosAngelesCounty),93863.0,8531.0
2024,6037310202,Census Tract 3102.02,Burbank (Los Angeles County),Los Angeles County,California,Burbank(LosAngelesCounty),93750.0,41303.0
2024,6037310300,Census Tract 3103,Burbank (Los Angeles County),Los Angeles County,California,Burbank(LosAngelesCounty),,
2024,6037310400,Census Tract 3104,Burbank (Los Angeles County),Los Angeles County,California,Burbank(LosAngelesCounty),65625.0,29011.0
2024,6037310501,Census Tract 3105.01,Burbank (Los Angeles County),Los Angeles County,California,Burbank(LosAngelesCounty),59464.0,39249.0
2024,6037310601,Census Tract 3106.01,Burbank (Los Angeles County),Los Angeles County,California,Burbank(LosAngelesCounty),83750.0,32585.0
2024,6037310602,Census Tract 3106.02,Burbank (Los Angeles County),Los Angeles County,California,Burbank(LosAngelesCounty),59327.0,56636.0
2024,6037310701,Census Tract 3107.01,Burbank (Los Angeles County),Los Angeles County,California,Burbank(LosAngelesCounty),,
2024,6037310703,Census Tract 3107.03,Burbank (Los Angeles County),Los Angeles County,California,Burbank(LosAngelesCounty),63527.0,29353.0
2024,6037310704,Census Tract 3107.04,Burbank (Los Angeles County),Los Angeles County,California,Burbank(LosAngelesCounty),84357.0,8854.0
2024,6037310705,Census Tract 3107.05,Burbank (Los Angeles County),Los Angeles County,California,Burbank(LosAngelesCounty),,
2024,6037310800,Census Tract 3108,Burbank (Los Angeles County),Los Angeles County,California,Burbank(LosAngelesCounty),,
2024,6037310900,Census Tract 3109,Burbank (Los Angeles County),Los Angeles County,California,Burbank(LosAngelesCounty),135033.0,67391.0
2024,6037311000,Census Tract 3110,Burbank (Los Angeles County),Los Angeles County,California,Burbank(LosAngelesCounty),116750.0,45826.0
2024,6037311100,Census Tract 3111,Burbank (Los Angeles County),Los Angeles County,California,Burbank(LosAngelesCounty),104081.0,24757.0
2024,6037311200,Census Tract 3112,Burbank (Los Angeles County),Los Angeles County,California,Burbank(LosAngelesCounty),,
2024,6037311300,Census Tract 3113,Burbank (Los Angeles County),Los Angeles County,California,Burbank(LosAngelesCounty),157838.0,46788.0
2024,6037311400,Census Tract 3114,Burbank (Los Angeles County),Los Angeles County,California,Burbank(LosAngelesCounty),134948.0,90312.0
2024,6037311500,Census Tract 3115,Burbank (Los Angeles County),Los Angeles County,California,Burbank(LosAngelesCounty),99018.0,13979.0
2024,6037311601,Census Tract 3116.01,Burbank (Los Angeles County),Los Angeles County,California,Burbank(LosAngelesCounty),,
2024,6037311602,Census Tract 3116.02,Burbank (Los Angeles County),Los Angeles County,California,Burbank(LosAngelesCounty),85181.0,33384.0
2024,6037311700,Census Tract 3117,Burbank (Los Angeles County),Los Angeles County,California,Burbank(LosAngelesCounty),114750.0,31104.0
2024,6037311801,Census Tract 3118.01,Burbank (Los Angeles County),Los Angeles County,California,Burbank(LosAngelesCounty),63750.0,28769.0
2024,6037311802,Census Tract 3118.02,Burbank (Los Angeles County),Los Angeles County,California,Burbank(LosAngelesCounty),94099.0,7982.0
2024,6037980001,Census Tract 9800.01,Burbank (Los Angeles County),Los Angeles County,California,Burbank(LosAngelesCounty),,
2024,6037800101,Census Tract 8001.01,Calabasas,Los Angeles County,California,Calabasas,,
2024,6037800103,Census Tract 8001.03,Calabasas,Los Angeles County,California,Calabasas,163077.0,90364.0
2024,6037800104,Census Tract 8001.04,Calabasas,Los Angeles County,California,Calabasas,,
2024,6037800202,Census Tract 8002.02,Calabasas,Los Angeles County,California,Calabasas,,
2024,6037800204,Census Tract 8002.04,Calabasas,Los Angeles County,California,Calabasas,86006.0,58653.0
2024,6037800205,Census Tract 8002.05,Calabasas,Los Angeles County,California,Calabasas,163185.0,62266.0
2024,6037800328,Census Tract 8003.28,Calabasas,Los Angeles County,California,Calabasas,,
2024,6037800337,Census Tract 8003.37,Calabasas,Los Angeles County,California,Calabasas,80363.0,38239.0
2024,6037541003,Census Tract 5410.03,Carson,Los Angeles County,California,Carson,64960.0,28798.0
2024,6037543100,Census Tract 5431,Carson,Los Angeles County,California,Carson,108255.0,39644.0
2024,6037543304,Census Tract 5433.04,Carson,Los Angeles County,California,Carson,,
2024,6037543306,Census Tract 5433.06,Carson,Los Angeles County,California,Carson,103922.0,24382.0
2024,6037543321,Census Tract 5433.21,Carson,Los Angeles County,California,Carson,163173.0,114150.0
2024,6037543322,Census Tract 5433.22,Carson,Los Angeles County,California,Carson,,
2024,6037543400,Census Tract 5434,Carson,Los Angeles County,California,Carson,93030.0,21258.0
2024,6037543501,Census Tract 5435.01,Carson,Los Angeles County,California,Carson,96094.0,68903.0
2024,6037543601,Census Tract 5436.01,Carson,Los Angeles County,California,Carson,86941.0,50295.0
2024,6037543607,Census Tract 5436.07,Carson,Los Angeles County,California,Carson,,
2024,6037543701,Census Tract 5437.01,Carson,Los Angeles County,California,Carson,148287.0,27548.0
2024,6037543703,Census Tract 5437.03,Carson,Los Angeles County,California,Carson,120123.0,18917.0
2024,6037543704,Census Tract 5437.04,Carson,Los Angeles County,California,Carson,94813.0,32704.0
2024,6037543705,Census Tract 5437.05,Carson,Los Angeles County,California,Carson,115487.0,39187.0
2024,6037543801,Census Tract 5438.01,Carson,Los Angeles County,California,Carson,102147.0,18420.0
2024,6037543803,Census Tract 5438.03,Carson,Los Angeles County,California,Carson,75352.0,32063.0
2024,6037543804,Census Tract 5438.04,Carson,Los Angeles County,California,Carson,119776.0,7975.0
2024,6037543903,Census Tract 5439.03,Carson,Los Angeles County,California,Carson,134427.0,29156.0
2024,6037543905,Census Tract 5439.05,Carson,Los Angeles County,California,Carson,90913.0,15454.0
2024,6037544001,Census Tract 5440.01,Carson,Los Angeles County,California,Carson,83681.0,30606.0
2024,6037544002,Census Tract 5440.02,Carson,Los Angeles County,California,Carson,96823.0,14774.0
2024,6037980002,Census Tract 9800.02,Carson,Los Angeles County,California,Carson,,
2024,6037980025,Census Tract 9800.25,Carson,Los Angeles County,California,Carson,,
2024,6037980037,Census Tract 9800.37,Carson,Los Angeles County,California,Carson,,
2024,6037920102,Census Tract 9201.02,Castaic,Los Angeles County,California,Castaic,99886.0,14450.0
2024,6037920104,Census Tract 9201.04,Castaic,Los Angeles County,California,Castaic,181406.0,25466.0
2024,6037920116,Census Tract 9201.16,Castaic,Los Angeles County,California,Castaic,150625.0,45551.0
2024,6037920118,Census Tract 9201.18,Castaic,Los Angeles County,California,Castaic,140540.0,33383.0
2024,6037920119,Census Tract 9201.19,Castaic,Los Angeles County,California,Castaic,244250.0,30180.0
2024,6037554511,Census Tract 5545.11,Cerritos,Los Angeles County,California,Cerritos,,
2024,6037554512,Census Tract 5545.12,Cerritos,Los Angeles County,California,Cerritos,207571.0,20801.0
2024,6037554513,Census Tract 5545.13,Cerritos,Los Angeles County,California,Cerritos,171250.0,125851.0
2024,6037554514,Census Tract 5545.14,Cerritos,Los Angeles County,California,Cerritos,168333.0,100941.0
2024,6037554515,Census Tract 5545.15,Cerritos,Los Angeles County,California,Cerritos,65313.0,39127.0
2024,6037554516,Census Tract 5545.16,Cerritos,Los Angeles County,California,Cerritos,,
2024,6037554517,Census Tract 5545.17,Cerritos,Los Angeles County,California,Cerritos,,
2024,6037554518,Census Tract 5545.18,Cerritos,Los Angeles County,California,Cerritos,92878.0,8722.0
2024,6037554519,Census Tract 5545.19,Cerritos,Los Angeles County,California,Cerritos,,
2024,6037554521,Census Tract 5545.21,Cerritos,Los Angeles County,California,Cerritos,108393.0,48656.0
2024,6037554522,Census Tract 5545.22,Cerritos,Los Angeles County,California,Cerritos,79627.0,76918.0
2024,6037403702,Census Tract 4037.02,Charter Oak,Los Angeles County,California,CharterOak,151625.0,14552.0
2024,6037403703,Census Tract 4037.03,Charter Oak,Los Angeles County,California,CharterOak,190500.0,87444.0
2024,6037403721,Census Tract 4037.21,Charter Oak,Los Angeles County,California,CharterOak,93750.0,40805.0
2024,6037403801,Census Tract 4038.01,Charter Oak,Los Angeles County,California,CharterOak,88656.0,27935.0
2024,6037403802,Census Tract 4038.02,Charter Oak,Los Angeles County,California,CharterOak,86799.0,26028.0
2024,6037400801,Census Tract 4008.01,Citrus,Los Angeles County,California,Citrus,108316.0,34326.0
2024,6037403801,Census Tract 4038.01,Citrus,Los Angeles County,California,Citrus,88656.0,27935.0
2024,6037403901,Census Tract 4039.01,Citrus,Los Angeles County,California,Citrus,146571.0,24804.0
2024,6037404000,Census Tract 4040,Citrus,Los Angeles County,California,Citrus,123571.0,7743.0
2024,6037404100,Census Tract 4041,Citrus,Los Angeles County,California,Citrus,89432.0,27310.0
2024,6037404201,Census Tract 4042.01,Citrus,Los Angeles County,California,Citrus,73643.0,22099.0
2024,6037404203,Census Tract 4042.03,Citrus,Los Angeles County,California,Citrus,77169.0,27700.0
2024,6037405900,Census Tract 4059,Citrus,Los Angeles County,California,Citrus,115938.0,60531.0
2024,6037400205,Census Tract 4002.05,Claremont,Los Angeles County,California,Claremont,237500.0,78653.0
2024,6037400206,Census Tract 4002.06,Claremont,Los Angeles County,California,Claremont,171300.0,23572.0
2024,6037400209,Census Tract 4002.09,Claremont,Los Angeles County,California,Claremont,107917.0,66925.0
2024,6037401705,Census Tract 4017.05,Claremont,Los Angeles County,California,Claremont,136607.0,60581.0
2024,6037401801,Census Tract 4018.01,Claremont,Los Angeles County,California,Claremont,140159.0,67161.0
2024,6037401802,Census Tract 4018.02,Claremont,Los Angeles County,California,Claremont,190893.0,22012.0
2024,6037401901,Census Tract 4019.01,Claremont,Los Angeles County,California,Claremont,87656.0,66021.0
2024,6037401902,Census Tract 4019.02,Claremont,Los Angeles County,California,Claremont,188844.0,55154.0
2024,6037402001,Census Tract 4020.01,Claremont,Los Angeles County,California,Claremont,75380.0,33242.0
2024,6037402002,Census Tract 4020.02,Claremont,Los Angeles County,California,Claremont,100083.0,61059.0
2024,6037531302,Census Tract 5313.02,Commerce,Los Angeles County,California,Commerce,65067.0,11784.0
2024,6037532302,Census Tract 5323.02,Commerce,Los Angeles County,California,Commerce,74318.0,24037.0
2024,6037532303,Census Tract 5323.03,Commerce,Los Angeles County,California,Commerce,80701.0,4832.0
2024,6037532304,Census Tract 5323.04,Commerce,Los Angeles County,California,Commerce,68170.0,27868.0
2024,6037541100,Census Tract 5411,Compton,Los Angeles County,California,Compton,95223.0,11023.0
2024,6037541200,Census Tract 5412,Compton,Los Angeles County,California,Compton,62083.0,16165.0
2024,6037541300,Census Tract 5413,Compton,Los Angeles County,California,Compton,103938.0,34383.0
2024,6037541603,Census Tract 5416.03,Compton,Los Angeles County,California,Compton,71289.0,14222.0
2024,6037541604,Census Tract 5416.04,Compton,Los Angeles County,California,Compton,65000.0,25096.0
2024,6037541605,Census Tract 5416.05,Compton,Los Angeles County,California,Compton,89405.0,26095.0
2024,6037541606,Census Tract 5416.06,Compton,Los Angeles County,California,Compton,51736.0,27401.0
2024,6037541801,Census Tract 5418.01,Compton,Los Angeles County,California,Compton,72750.0,19516.0
2024,6037541802,Census Tract 5418.02,Compton,Los Angeles County,California,Compton,83333.0,25361.0
2024,6037542000,Census Tract 5420,Compton,Los Angeles County,California,Compton,94659.0,18513.0
2024,6037542103,Census Tract 5421.03,Compton,Los Angeles County,California,Compton,89250.0,27121.0
2024,6037542104,Census Tract 5421.04,Compton,Los Angeles County,California,Compton,74826.0,15169.0
2024,6037542105,Census Tract 5421.05,Compton,Los Angeles County,California,Compton,73226.0,27574.0
2024,6037542106,Census Tract 5421.06,Compton,Los Angeles County,California,Compton,56250.0,13400.0
2024,6037542200,Census Tract 5422,Compton,Los Angeles County,California,Compton,83141.0,14026.0
2024,6037542401,Census Tract 5424.01,Compton,Los Angeles County,California,Compton,63603.0,21988.0
2024,6037542402,Census Tract 5424.02,Compton,Los Angeles County,California,Compton,98833.0,29867.0
2024,6037542501,Census Tract 5425.01,Compton,Los Angeles County,California,Compton,,
2024,6037542502,Census Tract 5425.02,Compton,Los Angeles County,California,Compton,66417.0,21742.0
2024,6037542601,Census Tract 5426.01,Compton,Los Angeles County,California,Compton,79563.0,17982.0
2024,6037542602,Census Tract 5426.02,Compton,Los Angeles County,California,Compton,76838.0,32893.0
2024,6037542700,Census Tract 5427,Compton,Los Angeles County,California,Compton,80432.0,13769.0
2024,6037542800,Census Tract 5428,Compton,Los Angeles County,California,Compton,89063.0,23897.0
2024,6037542900,Census Tract 5429,Compton,Los Angeles County,California,Compton,98924.0,19318.0
2024,6037543000,Census Tract 5430,Compton,Los Angeles County,California,Compton,57431.0,54083.0
2024,6037543100,Census Tract 5431,Compton,Los Angeles County,California,Compton,108255.0,39644.0
2024,6037543201,Census Tract 5432.01,Compton,Los Angeles County,California,Compton,112857.0,62048.0
2024,6037543203,Census Tract 5432.03,Compton,Los Angeles County,California,Compton,50238.0,14058.0
2024,6037543305,Census Tract 5433.05,Compton,Los Angeles County,California,Compton,118136.0,39427.0
2024,6037403601,Census Tract 4036.01,Covina,Los Angeles County,California,Covina,124643.0,74685.0
2024,6037403702,Census Tract 4037.02,Covina,Los Angeles County,California,Covina,151625.0,14552.0
2024,6037403703,Census Tract 4037.03,Covina,Los Angeles County,California,Covina,190500.0,87444.0
2024,6037403721,Census Tract 4037.21,Covina,Los Angeles County,California,Covina,93750.0,40805.0
2024,6037403722,Census Tract 4037.22,Covina,Los Angeles County,California,Covina,80161.0,21607.0
2024,6037403801,Census Tract 4038.01,Covina,Los Angeles County,California,Covina,88656.0,27935.0
2024,6037403802,Census Tract 4038.02,Covina,Los Angeles County,California,Covina,86799.0,26028.0
2024,6037405400,Census Tract 4054,Covina,Los Angeles County,California,Covina,114403.0,23307.0
2024,6037405701,Census Tract 4057.01,Covina,Los Angeles County,California,Covina,91693.0,31017.0
2024,6037405702,Census Tract 4057.02,Covina,Los Angeles County,California,Covina,89583.0,20195.0
2024,6037405800,Census Tract 4058,Covina,Los Angeles County,California,Covina,118772.0,25357.0
2024,6037405900,Census Tract 4059,Covina,Los Angeles County,California,Covina,115938.0,60531.0
2024,6037406000,Census Tract 4060,Covina,Los Angeles County,California,Covina,120000.0,15649.0
2024,6037406101,Census Tract 4061.01,Covina,Los Angeles County,California,Covina,112930.0,42751.0
2024,6037406103,Census Tract 4061.03,Covina,Los Angeles County,California,Covina,96833.0,26849.0
2024,6037534301,Census Tract 5343.01,Cudahy,Los Angeles County,California,Cudahy,51859.0,16765.0
2024,6037534302,Census Tract 5343.02,Cudahy,Los Angeles County,California,Cudahy,66723.0,8247.0
2024,6037534403,Census Tract 5344.03,Cudahy,Los Angeles County,California,Cudahy,64781.0,10468.0
2024,6037534404,Census Tract 5344.04,Cudahy,Los Angeles County,California,Cudahy,62500.0,14459.0
2024,6037534405,Census Tract 5344.05,Cudahy,Los Angeles County,California,Cudahy,62875.0,25639.0
2024,6037534406,Census Tract 5344.06,Cudahy,Los Angeles County,California,Cudahy,45000.0,11299.0
2024,6037702400,Census Tract 7024,Culver City,Los Angeles County,California,CulverCity,115317.0,45586.0
2024,6037702501,Census Tract 7025.01,Culver City,Los Angeles County,California,CulverCity,96923.0,87483.0
2024,6037702502,Census Tract 7025.02,Culver City,Los Angeles County,California,CulverCity,146206.0,810.0
2024,6037702600,Census Tract 7026,Culver City,Los Angeles County,California,CulverCity,,
2024,6037702700,Census Tract 7027,Culver City,Los Angeles County,California,CulverCity,,
2024,6037702801,Census Tract 7028.01,Culver City,Los Angeles County,California,CulverCity,,
2024,6037702802,Census Tract 7028.02,Culver City,Los Angeles County,California,CulverCity,77083.0,11727.0
2024,6037702803,Census Tract 7028.03,Culver City,Los Angeles County,California,CulverCity,,
2024,6037703003,Census Tract 7030.03,Culver City,Los Angeles County,California,CulverCity,66563.0,36690.0
2024,6037602201,Census Tract 6022.01,Del Aire,Los Angeles County,California,DelAire,132105.0,53328.0
2024,6037602301,Census Tract 6023.01,Del Aire,Los Angeles County,California,DelAire,91023.0,43267.0
2024,6037910215,Census Tract 9102.15,Desert View Highlands,Los Angeles County,California,DesertViewHighlands,100362.0,33643.0
2024,6037910401,Census Tract 9104.01,Desert View Highlands,Los Angeles County,California,DesertViewHighlands,85125.0,14050.0
2024,6037403305,Census Tract 4033.05,Diamond Bar,Los Angeles County,California,DiamondBar,200500.0,136981.0
2024,6037403316,Census Tract 4033.16,Diamond Bar,Los Angeles County,California,DiamondBar,139701.0,15258.0
2024,6037403319,Census Tract 4033.19,Diamond Bar,Los Angeles County,California,DiamondBar,92888.0,15097.0
2024,6037403320,Census Tract 4033.20,Diamond Bar,Los Angeles County,California,DiamondBar,187644.0,54008.0
2024,6037403321,Census Tract 4033.21,Diamond Bar,Los Angeles County,California,DiamondBar,121464.0,11377.0
2024,6037403323,Census Tract 4033.23,Diamond Bar,Los Angeles County,California,DiamondBar,68906.0,48878.0
2024,6037403324,Census Tract 4033.24,Diamond Bar,Los Angeles County,California,DiamondBar,,
2024,6037403325,Census Tract 4033.25,Diamond Bar,Los Angeles County,California,DiamondBar,109063.0,5899.0
2024,6037403326,Census Tract 4033.26,Diamond Bar,Los Angeles County,California,DiamondBar,129063.0,74480.0
2024,6037403327,Census Tract 4033.27,Diamond Bar,Los Angeles County,California,DiamondBar,88750.0,18581.0
2024,6037403328,Census Tract 4033.28,Diamond Bar,Los Angeles County,California,DiamondBar,115536.0,15470.0
2024,6037408703,Census Tract 4087.03,Diamond Bar,Los Angeles County,California,DiamondBar,208426.0,127132.0
2024,6037408707,Census Tract 4087.07,Diamond Bar,Los Angeles County,California,DiamondBar,162742.0,64988.0
2024,6037550501,Census Tract 5505.01,Downey,Los Angeles County,California,Downey,79508.0,29773.0
2024,6037550502,Census Tract 5505.02,Downey,Los Angeles County,California,Downey,136711.0,42435.0
2024,6037550601,Census Tract 5506.01,Downey,Los Angeles County,California,Downey,96806.0,13217.0
2024,6037550602,Census Tract 5506.02,Downey,Los Angeles County,California,Downey,126131.0,15990.0
2024,6037550700,Census Tract 5507,Downey,Los Angeles County,California,Downey,97961.0,67688.0
2024,6037550801,Census Tract 5508.01,Downey,Los Angeles County,California,Downey,113102.0,93178.0
2024,6037550802,Census Tract 5508.02,Downey,Los Angeles County,California,Downey,83389.0,24848.0
2024,6037550901,Census Tract 5509.01,Downey,Los Angeles County,California,Downey,98625.0,22859.0
2024,6037550902,Census Tract 5509.02,Downey,Los Angeles County,California,Downey,84073.0,16071.0
2024,6037551001,Census Tract 5510.01,Downey,Los Angeles County,California,Downey,85917.0,19782.0
2024,6037551002,Census Tract 5510.02,Downey,Los Angeles County,California,Downey,116645.0,41795.0
2024,6037551101,Census Tract 5511.01,Downey,Los Angeles County,California,Downey,82875.0,42560.0
2024,6037551102,Census Tract 5511.02,Downey,Los Angeles County,California,Downey,59266.0,5401.0
2024,6037551201,Census Tract 5512.01,Downey,Los Angeles County,California,Downey,92361.0,23429.0
2024,6037551203,Census Tract 5512.03,Downey,Los Angeles County,California,Downey,91105.0,7367.0
2024,6037551204,Census Tract 5512.04,Downey,Los Angeles County,California,Downey,65469.0,26124.0
2024,6037551300,Census Tract 5513,Downey,Los Angeles County,California,Downey,65529.0,16571.0
2024,6037551401,Census Tract 5514.01,Downey,Los Angeles County,California,Downey,97463.0,50928.0
2024,6037551402,Census Tract 5514.02,Downey,Los Angeles County,California,Downey,123092.0,40636.0
2024,6037551501,Census Tract 5515.01,Downey,Los Angeles County,California,Downey,114519.0,21880.0
2024,6037551502,Census Tract 5515.02,Downey,Los Angeles County,California,Downey,87917.0,17350.0
2024,6037551700,Census Tract 5517,Downey,Los Angeles County,California,Downey,99063.0,21210.0
2024,6037551801,Census Tract 5518.01,Downey,Los Angeles County,California,Downey,89063.0,23571.0
2024,6037551802,Census Tract 5518.02,Downey,Los Angeles County,California,Downey,88750.0,26229.0
2024,6037553400,Census Tract 5534,Downey,Los Angeles County,California,Downey,110933.0,14957.0
2024,6037577800,Census Tract 5778,Downey,Los Angeles County,California,Downey,132574.0,35061.0
2024,6037980012,Census Tract 9800.12,Downey,Los Angeles County,California,Downey,,
2024,6037430003,Census Tract 4300.03,Duarte,Los Angeles County,California,Duarte,170333.0,25704.0
2024,6037430004,Census Tract 4300.04,Duarte,Los Angeles County,California,Duarte,99447.0,25781.0
2024,6037430005,Census Tract 4300.05,Duarte,Los Angeles County,California,Duarte,74451.0,45424.0
2024,6037430101,Census Tract 4301.01,Duarte,Los Angeles County,California,Duarte,63951.0,41848.0
2024,6037430102,Census Tract 4301.02,Duarte,Los Angeles County,California,Duarte,119813.0,15388.0
2024,6037530202,Census Tract 5302.02,East Los Angeles,Los Angeles County,California,EastLosAngeles,91150.0,31699.0
2024,6037530301,Census Tract 5303.01,East Los Angeles,Los Angeles County,California,EastLosAngeles,61450.0,6018.0
2024,6037530302,Census Tract 5303.02,East Los Angeles,Los Angeles County,California,EastLosAngeles,64821.0,14999.0
2024,6037530400,Census Tract 5304,East Los Angeles,Los Angeles County,California,EastLosAngeles,44500.0,37289.0
2024,6037530500,Census Tract 5305,East Los Angeles,Los Angeles County,California,EastLosAngeles,74881.0,10480.0
2024,6037530603,Census Tract 5306.03,East Los Angeles,Los Angeles County,California,EastLosAngeles,76484.0,16544.0
2024,6037530700,Census Tract 5307,East Los Angeles,Los Angeles County,California,EastLosAngeles,105938.0,20542.0
2024,6037530801,Census Tract 5308.01,East Los Angeles,Los Angeles County,California,EastLosAngeles,80114.0,22377.0
2024,6037530802,Census Tract 5308.02,East Los Angeles,Los Angeles County,California,EastLosAngeles,78125.0,10196.0
2024,6037530901,Census Tract 5309.01,East Los Angeles,Los Angeles County,California,EastLosAngeles,64598.0,15365.0
2024,6037530902,Census Tract 5309.02,East Los Angeles,Los Angeles County,California,EastLosAngeles,43837.0,24135.0
2024,6037531000,Census Tract 5310,East Los Angeles,Los Angeles County,California,EastLosAngeles,86033.0,16574.0
2024,6037531101,Census Tract 5311.01,East Los Angeles,Los Angeles County,California,EastLosAngeles,65938.0,13123.0
2024,6037531102,Census Tract 5311.02,East Los Angeles,Los Angeles County,California,EastLosAngeles,63274.0,15957.0
2024,6037531201,Census Tract 5312.01,East Los Angeles,Los Angeles County,California,EastLosAngeles,75165.0,30785.0
2024,6037531202,Census Tract 5312.02,East Los Angeles,Los Angeles County,California,EastLosAngeles,68077.0,31976.0
2024,6037531301,Census Tract 5313.01,East Los Angeles,Los Angeles County,California,EastLosAngeles,56789.0,11797.0
2024,6037531302,Census Tract 5313.02,East Los Angeles,Los Angeles County,California,EastLosAngeles,65067.0,11784.0
2024,6037531502,Census Tract 5315.02,East Los Angeles,Los Angeles County,California,EastLosAngeles,51328.0,8573.0
2024,6037531503,Census Tract 5315.03,East Los Angeles,Los Angeles County,California,EastLosAngeles,69653.0,26260.0
2024,6037531504,Census Tract 5315.04,East Los Angeles,Los Angeles County,California,EastLosAngeles,61708.0,33203.0
2024,6037531602,Census Tract 5316.02,East Los Angeles,Los Angeles County,California,EastLosAngeles,81450.0,34708.0
2024,6037531603,Census Tract 5316.03,East Los Angeles,Los Angeles County,California,EastLosAngeles,72143.0,9098.0
2024,6037531604,Census Tract 5316.04,East Los Angeles,Los Angeles County,California,EastLosAngeles,58269.0,12298.0
2024,6037531701,Census Tract 5317.01,East Los Angeles,Los Angeles County,California,EastLosAngeles,74430.0,14954.0
2024,6037531702,Census Tract 5317.02,East Los Angeles,Los Angeles County,California,EastLosAngeles,75883.0,10232.0
2024,6037531800,Census Tract 5318,East Los Angeles,Los Angeles County,California,EastLosAngeles,84189.0,32408.0
2024,6037531901,Census Tract 5319.01,East Los Angeles,Los Angeles County,California,EastLosAngeles,64863.0,15956.0
2024,6037531902,Census Tract 5319.02,East Los Angeles,Los Angeles County,California,EastLosAngeles,93255.0,18002.0
2024,6037463103,Census Tract 4631.03,East Pasadena,Los Angeles County,California,EastPasadena,131647.0,24809.0
2024,6037541802,Census Tract 5418.02,East Rancho Dominguez,Los Angeles County,California,EastRanchoDominguez,83333.0,25361.0
2024,6037542000,Census Tract 5420,East Rancho Dominguez,Los Angeles County,California,EastRanchoDominguez,94659.0,18513.0
2024,6037542103,Census Tract 5421.03,East Rancho Dominguez,Los Angeles County,California,EastRanchoDominguez,89250.0,27121.0
2024,6037542104,Census Tract 5421.04,East Rancho Dominguez,Los Angeles County,California,EastRanchoDominguez,74826.0,15169.0
2024,6037542105,Census Tract 5421.05,East Rancho Dominguez,Los Angeles County,California,EastRanchoDominguez,73226.0,27574.0
2024,6037542106,Census Tract 5421.06,East Rancho Dominguez,Los Angeles County,California,EastRanchoDominguez,56250.0,13400.0
2024,6037542200,Census Tract 5422,East Rancho Dominguez,Los Angeles County,California,EastRanchoDominguez,83141.0,14026.0
2024,6037431800,Census Tract 4318,East San Gabriel,Los Angeles County,California,EastSanGabriel,,
2024,6037480002,Census Tract 4800.02,East San Gabriel,Los Angeles County,California,EastSanGabriel,187045.0,71948.0
2024,6037480011,Census Tract 4800.11,East San Gabriel,Los Angeles County,California,EastSanGabriel,74444.0,30605.0
2024,6037480012,Census Tract 4800.12,East San Gabriel,Los Angeles County,California,EastSanGabriel,76705.0,39095.0
2024,6037480102,Census Tract 4801.02,East San Gabriel,Los Angeles County,California,EastSanGabriel,121944.0,60090.0
2024,6037481102,Census Tract 4811.02,East San Gabriel,Los Angeles County,California,EastSanGabriel,116111.0,19697.0
2024,6037481203,Census Tract 4812.03,East San Gabriel,Los Angeles County,California,EastSanGabriel,109494.0,19235.0
2024,6037503701,Census Tract 5037.01,East Whittier,Los Angeles County,California,EastWhittier,101373.0,20815.0
2024,6037503702,Census Tract 5037.02,East Whittier,Los Angeles County,California,EastWhittier,122946.0,22290.0
2024,6037901210,Census Tract 9012.10,Elizabeth Lake,Los Angeles County,California,ElizabethLake,122031.0,54473.0
2024,6037901217,Census Tract 9012.17,Elizabeth Lake,Los Angeles County,California,ElizabethLake,122768.0,102281.0
2024,6037920102,Census Tract 9201.02,Elizabeth Lake,Los Angeles County,California,ElizabethLake,99886.0,14450.0
2024,6037431501,Census Tract 4315.01,El Monte,Los Angeles County,California,ElMonte,64583.0,12880.0
2024,6037431502,Census Tract 4315.02,El Monte,Los Angeles County,California,ElMonte,98869.0,36506.0
2024,6037432101,Census Tract 4321.01,El Monte,Los Angeles County,California,ElMonte,162708.0,56913.0
2024,6037432102,Census Tract 4321.02,El Monte,Los Angeles County,California,ElMonte,114327.0,96302.0
2024,6037432300,Census Tract 4323,El Monte,Los Angeles County,California,ElMonte,86645.0,58754.0
2024,6037432401,Census Tract 4324.01,El Monte,Los Angeles County,California,ElMonte,90595.0,20725.0
2024,6037432402,Census Tract 4324.02,El Monte,Los Angeles County,California,ElMonte,61500.0,17567.0
2024,6037432501,Census Tract 4325.01,El Monte,Los Angeles County,California,ElMonte,85117.0,35434.0
2024,6037432502,Census Tract 4325.02,El Monte,Los Angeles County,California,ElMonte,133000.0,26425.0
2024,6037432601,Census Tract 4326.01,El Monte,Los Angeles County,California,ElMonte,87803.0,43947.0
2024,6037432602,Census Tract 4326.02,El Monte,Los Angeles County,California,ElMonte,61500.0,35671.0
2024,6037432700,Census Tract 4327,El Monte,Los Angeles County,California,ElMonte,63482.0,11474.0
2024,6037432801,Census Tract 4328.01,El Monte,Los Angeles County,California,ElMonte,78715.0,25579.0
2024,6037432802,Census Tract 4328.02,El Monte,Los Angeles County,California,ElMonte,67689.0,10413.0
2024,6037432902,Census Tract 4329.02,El Monte,Los Angeles County,California,ElMonte,98125.0,22064.0
2024,6037433103,Census Tract 4331.03,El Monte,Los Angeles County,California,ElMonte,62625.0,13392.0
2024,6037433200,Census Tract 4332,El Monte,Los Angeles County,California,ElMonte,70208.0,15904.0
2024,6037433302,Census Tract 4333.02,El Monte,Los Angeles County,California,ElMonte,53929.0,6650.0
2024,6037433304,Census Tract 4333.04,El Monte,Los Angeles County,California,ElMonte,53350.0,10798.0
2024,6037433305,Census Tract 4333.05,El Monte,Los Angeles County,California,ElMonte,67248.0,35964.0
2024,6037433306,Census Tract 4333.06,El Monte,Los Angeles County,California,ElMonte,64922.0,23305.0
2024,6037433307,Census Tract 4333.07,El Monte,Los Angeles County,California,ElMonte,80429.0,17983.0
2024,6037433402,Census Tract 4334.02,El Monte,Los Angeles County,California,ElMonte,66031.0,6343.0
2024,6037433403,Census Tract 4334.03,El Monte,Los Angeles County,California,ElMonte,48654.0,17588.0
2024,6037433505,Census Tract 4335.05,El Monte,Los Angeles County,California,ElMonte,61466.0,9500.0
2024,6037433901,Census Tract 4339.01,El Monte,Los Angeles County,California,ElMonte,68765.0,10358.0
2024,6037433903,Census Tract 4339.03,El Monte,Los Angeles County,California,ElMonte,57530.0,20107.0
2024,6037434001,Census Tract 4340.01,El Monte,Los Angeles County,California,ElMonte,79821.0,19868.0
2024,6037434003,Census Tract 4340.03,El Monte,Los Angeles County,California,ElMonte,76542.0,8284.0
2024,6037620001,Census Tract 6200.01,El Segundo,Los Angeles County,California,ElSegundo,168313.0,15821.0
2024,6037620002,Census Tract 6200.02,El Segundo,Los Angeles County,California,ElSegundo,86667.0,49883.0
2024,6037620101,Census Tract 6201.01,El Segundo,Los Angeles County,California,ElSegundo,185272.0,102332.0
2024,6037620102,Census Tract 6201.02,El Segundo,Los Angeles County,California,ElSegundo,242622.0,132900.0
2024,6037980013,Census Tract 9800.13,El Segundo,Los Angeles County,California,ElSegundo,,
2024,6037980030,Census Tract 9800.30,El Segundo,Los Angeles County,California,ElSegundo,,
2024,6037990200,Census Tract 9902,El Segundo,Los Angeles County,California,ElSegundo,,
2024,6037532700,Census Tract 5327,Florence-Graham,Los Angeles County,California,Florence-Graham,67344.0,11627.0
2024,6037532800,Census Tract 5328,Florence-Graham,Los Angeles County,California,Florence-Graham,59398.0,11379.0
2024,6037532900,Census Tract 5329,Florence-Graham,Los Angeles County,California,Florence-Graham,45313.0,8603.0
2024,6037533001,Census Tract 5330.01,Florence-Graham,Los Angeles County,California,Florence-Graham,76094.0,34710.0
2024,6037533002,Census Tract 5330.02,Florence-Graham,Los Angeles County,California,Florence-Graham,63906.0,15926.0
2024,6037534900,Census Tract 5349,Florence-Graham,Los Angeles County,California,Florence-Graham,74474.0,12885.0
2024,6037535001,Census Tract 5350.01,Florence-Graham,Los Angeles County,California,Florence-Graham,65976.0,13887.0
2024,6037535002,Census Tract 5350.02,Florence-Graham,Los Angeles County,California,Florence-Graham,52077.0,10174.0
2024,6037535101,Census Tract 5351.01,Florence-Graham,Los Angeles County,California,Florence-Graham,69353.0,10223.0
2024,6037535102,Census Tract 5351.02,Florence-Graham,Los Angeles County,California,Florence-Graham,69048.0,19093.0
2024,6037535200,Census Tract 5352,Florence-Graham,Los Angeles County,California,Florence-Graham,85250.0,14655.0
2024,6037535300,Census Tract 5353,Florence-Graham,Los Angeles County,California,Florence-Graham,77386.0,13931.0
2024,6037535400,Census Tract 5354,Florence-Graham,Los Angeles County,California,Florence-Graham,75568.0,33343.0
2024,6037602601,Census Tract 6026.01,Gardena,Los Angeles County,California,Gardena,105797.0,22008.0
2024,6037602602,Census Tract 6026.02,Gardena,Los Angeles County,California,Gardena,108203.0,73587.0
2024,6037602900,Census Tract 6029,Gardena,Los Angeles County,California,Gardena,107000.0,30756.0
2024,6037603004,Census Tract 6030.04,Gardena,Los Angeles County,California,Gardena,86691.0,12927.0
2024,6037603005,Census Tract 6030.05,Gardena,Los Angeles County,California,Gardena,72905.0,28915.0
2024,6037603006,Census Tract 6030.06,Gardena,Los Angeles County,California,Gardena,70625.0,26846.0
2024,6037603007,Census Tract 6030.07,Gardena,Los Angeles County,California,Gardena,55326.0,45591.0
2024,6037603008,Census Tract 6030.08,Gardena,Los Angeles County,California,Gardena,65078.0,33599.0
2024,6037603101,Census Tract 6031.01,Gardena,Los Angeles County,California,Gardena,75324.0,45032.0
2024,6037603102,Census Tract 6031.02,Gardena,Los Angeles County,California,Gardena,73438.0,12155.0
2024,6037603200,Census Tract 6032,Gardena,Los Angeles County,California,Gardena,79000.0,40784.0
2024,6037603301,Census Tract 6033.01,Gardena,Los Angeles County,California,Gardena,102105.0,35045.0
2024,6037603302,Census Tract 6033.02,Gardena,Los Angeles County,California,Gardena,70295.0,17882.0
2024,6037603400,Census Tract 6034,Gardena,Los Angeles County,California,Gardena,88162.0,22039.0
2024,6037603500,Census Tract 6035,Gardena,Los Angeles County,California,Gardena,98788.0,54731.0
2024,6037603600,Census Tract 6036,Gardena,Los Angeles County,California,Gardena,78852.0,26220.0
2024,6037300301,Census Tract 3003.01,Glendale,Los Angeles County,California,Glendale,63964.0,31257.0
2024,6037300400,Census Tract 3004,Glendale,Los Angeles County,California,Glendale,125750.0,67103.0
2024,6037300601,Census Tract 3006.01,Glendale,Los Angeles County,California,Glendale,71447.0,47550.0
2024,6037300602,Census Tract 3006.02,Glendale,Los Angeles County,California,Glendale,146504.0,17291.0
2024,6037300701,Census Tract 3007.01,Glendale,Los Angeles County,California,Glendale,174286.0,159015.0
2024,6037300702,Census Tract 3007.02,Glendale,Los Angeles County,California,Glendale,151326.0,950.0
2024,6037300800,Census Tract 3008,Glendale,Los Angeles County,California,Glendale,,
2024,6037300901,Census Tract 3009.01,Glendale,Los Angeles County,California,Glendale,,
2024,6037300902,Census Tract 3009.02,Glendale,Los Angeles County,California,Glendale,158125.0,48429.0
2024,6037301000,Census Tract 3010,Glendale,Los Angeles County,California,Glendale,89159.0,21222.0
2024,6037301100,Census Tract 3011,Glendale,Los Angeles County,California,Glendale,,
2024,6037301203,Census Tract 3012.03,Glendale,Los Angeles County,California,Glendale,91375.0,44136.0
2024,6037301204,Census Tract 3012.04,Glendale,Los Angeles County,California,Glendale,150208.0,78110.0
2024,6037301205,Census Tract 3012.05,Glendale,Los Angeles County,California,Glendale,98214.0,27567.0
2024,6037301206,Census Tract 3012.06,Glendale,Los Angeles County,California,Glendale,,
2024,6037301300,Census Tract 3013,Glendale,Los Angeles County,California,Glendale,,
2024,6037301400,Census Tract 3014,Glendale,Los Angeles County,California,Glendale,,
2024,6037301501,Census Tract 3015.01,Glendale,Los Angeles County,California,Glendale,,
2024,6037301502,Census Tract 3015.02,Glendale,Los Angeles County,California,Glendale,162778.0,119088.0
2024,6037301601,Census Tract 3016.01,Glendale,Los Angeles County,California,Glendale,108469.0,77370.0
2024,6037301602,Census Tract 3016.02,Glendale,Los Angeles County,California,Glendale,80850.0,31923.0
2024,6037301701,Census Tract 3017.01,Glendale,Los Angeles County,California,Glendale,73542.0,54411.0
2024,6037301702,Census Tract 3017.02,Glendale,Los Angeles County,California,Glendale,55408.0,41185.0
2024,6037301801,Census Tract 3018.01,Glendale,Los Angeles County,California,Glendale,67138.0,34911.0
2024,6037301802,Census Tract 3018.02,Glendale,Los Angeles County,California,Glendale,83988.0,48601.0
2024,6037301901,Census Tract 3019.01,Glendale,Los Angeles County,California,Glendale,66925.0,3482.0
2024,6037301902,Census Tract 3019.02,Glendale,Los Angeles County,California,Glendale,137063.0,98583.0
2024,6037302002,Census Tract 3020.02,Glendale,Los Angeles County,California,Glendale,58906.0,5974.0
2024,6037302003,Census Tract 3020.03,Glendale,Los Angeles County,California,Glendale,71908.0,32601.0
2024,6037302004,Census Tract 3020.04,Glendale,Los Angeles County,California,Glendale,65662.0,32310.0
2024,6037302102,Census Tract 3021.02,Glendale,Los Angeles County,California,Glendale,,
2024,6037302103,Census Tract 3021.03,Glendale,Los Angeles County,California,Glendale,47250.0,31730.0
2024,6037302104,Census Tract 3021.04,Glendale,Los Angeles County,California,Glendale,88571.0,19039.0
2024,6037302201,Census Tract 3022.01,Glendale,Los Angeles County,California,Glendale,68750.0,35979.0
2024,6037302202,Census Tract 3022.02,Glendale,Los Angeles County,California,Glendale,56842.0,8503.0
2024,6037302301,Census Tract 3023.01,Glendale,Los Angeles County,California,Glendale,71006.0,29890.0
2024,6037302302,Census Tract 3023.02,Glendale,Los Angeles County,California,Glendale,63817.0,15255.0
2024,6037302401,Census Tract 3024.01,Glendale,Los Angeles County,California,Glendale,64232.0,15274.0
2024,6037302503,Census Tract 3025.03,Glendale,Los Angeles County,California,Glendale,65078.0,25548.0
2024,6037302504,Census Tract 3025.04,Glendale,Los Angeles County,California,Glendale,65882.0,44564.0
2024,6037302505,Census Tract 3025.05,Glendale,Los Angeles County,California,Glendale,43095.0,14247.0
2024,6037302506,Census Tract 3025.06,Glendale,Los Angeles County,California,Glendale,86389.0,52859.0
2024,6037400402,Census Tract 4004.02,Glendora,Los Angeles County,California,Glendora,94398.0,61241.0
2024,6037400404,Census Tract 4004.04,Glendora,Los Angeles County,California,Glendora,,
2024,6037400501,Census Tract 4005.01,Glendora,Los Angeles County,California,Glendora,,
2024,6037400801,Census Tract 4008.01,Glendora,Los Angeles County,California,Glendora,108316.0,34326.0
2024,6037401001,Census Tract 4010.01,Glendora,Los Angeles County,California,Glendora,193722.0,47463.0
2024,6037401002,Census Tract 4010.02,Glendora,Los Angeles County,California,Glendora,89150.0,19375.0
2024,6037401101,Census Tract 4011.01,Glendora,Los Angeles County,California,Glendora,63860.0,20100.0
2024,6037401102,Census Tract 4011.02,Glendora,Los Angeles County,California,Glendora,110417.0,39157.0
2024,6037401201,Census Tract 4012.01,Glendora,Los Angeles County,California,Glendora,173861.0,79479.0
2024,6037401202,Census Tract 4012.02,Glendora,Los Angeles County,California,Glendora,99519.0,42039.0
2024,6037401203,Census Tract 4012.03,Glendora,Los Angeles County,California,Glendora,99688.0,28575.0
2024,6037401311,Census Tract 4013.11,Glendora,Los Angeles County,California,Glendora,140375.0,63474.0
2024,6037403901,Census Tract 4039.01,Glendora,Los Angeles County,California,Glendora,146571.0,24804.0
2024,6037403902,Census Tract 4039.02,Glendora,Los Angeles County,California,Glendora,83523.0,39060.0
2024,6037404000,Census Tract 4040,Glendora,Los Angeles County,California,Glendora,123571.0,7743.0
2024,6037920050,Census Tract 9200.50,Green Valley (Los Angeles County),Los Angeles County,California,GreenValley(LosAngelesCounty),,
2024,6037920102,Census Tract 9201.02,Green Valley (Los Angeles County),Los Angeles County,California,GreenValley(LosAngelesCounty),99886.0,14450.0
2024,6037408401,Census Tract 4084.01,Hacienda Heights,Los Angeles County,California,HaciendaHeights,120625.0,27598.0
2024,6037408402,Census Tract 4084.02,Hacienda Heights,Los Angeles County,California,HaciendaHeights,96456.0,14756.0
2024,6037408503,Census Tract 4085.03,Hacienda Heights,Los Angeles County,California,HaciendaHeights,176063.0,28264.0
2024,6037408504,Census Tract 4085.04,Hacienda Heights,Los Angeles County,California,HaciendaHeights,102622.0,24226.0
2024,6037408505,Census Tract 4085.05,Hacienda Heights,Los Angeles County,California,HaciendaHeights,113800.0,18446.0
2024,6037408623,Census Tract 4086.23,Hacienda Heights,Los Angeles County,California,HaciendaHeights,115500.0,35586.0
2024,6037408624,Census Tract 4086.24,Hacienda Heights,Los Angeles County,California,HaciendaHeights,147292.0,63559.0
2024,6037408625,Census Tract 4086.25,Hacienda Heights,Los Angeles County,California,HaciendaHeights,146389.0,49623.0
2024,6037408627,Census Tract 4086.27,Hacienda Heights,Los Angeles County,California,HaciendaHeights,99813.0,44857.0
2024,6037408628,Census Tract 4086.28,Hacienda Heights,Los Angeles County,California,HaciendaHeights,106662.0,3974.0
2024,6037408629,Census Tract 4086.29,Hacienda Heights,Los Angeles County,California,HaciendaHeights,172708.0,98849.0
2024,6037408631,Census Tract 4086.31,Hacienda Heights,Los Angeles County,California,HaciendaHeights,121818.0,53591.0
2024,6037409100,Census Tract 4091,Hacienda Heights,Los Angeles County,California,HaciendaHeights,102250.0,29918.0
2024,6037500202,Census Tract 5002.02,Hacienda Heights,Los Angeles County,California,HaciendaHeights,,
2024,6037501600,Census Tract 5016,Hacienda Heights,Los Angeles County,California,HaciendaHeights,104167.0,58057.0
2024,6037980035,Census Tract 9800.35,Hacienda Heights,Los Angeles County,California,HaciendaHeights,68958.0,29262.0
2024,6037920104,Census Tract 9201.04,Hasley Canyon,Los Angeles County,California,HasleyCanyon,181406.0,25466.0
2024,6037920106,Census Tract 9201.06,Hasley Canyon,Los Angeles County,California,HasleyCanyon,119821.0,36572.0
2024,6037920116,Census Tract 9201.16,Hasley Canyon,Los Angeles County,California,HasleyCanyon,150625.0,45551.0
2024,6037920119,Census Tract 9201.19,Hasley Canyon,Los Angeles County,California,HasleyCanyon,244250.0,30180.0
2024,6037555106,Census Tract 5551.06,Hawaiian Gardens,Los Angeles County,California,HawaiianGardens,76702.0,40445.0
2024,6037555211,Census Tract 5552.11,Hawaiian Gardens,Los Angeles County,California,HawaiianGardens,92753.0,20925.0
2024,6037555212,Census Tract 5552.12,Hawaiian Gardens,Los Angeles County,California,HawaiianGardens,91118.0,26503.0
2024,6037601600,Census Tract 6016,Hawthorne,Los Angeles County,California,Hawthorne,46671.0,27893.0
2024,6037601700,Census Tract 6017,Hawthorne,Los Angeles County,California,Hawthorne,49185.0,11692.0
2024,6037602002,Census Tract 6020.02,Hawthorne,Los Angeles County,California,Hawthorne,92740.0,19925.0
2024,6037602103,Census Tract 6021.03,Hawthorne,Los Angeles County,California,Hawthorne,65862.0,19555.0
2024,6037602104,Census Tract 6021.04,Hawthorne,Los Angeles County,California,Hawthorne,76250.0,35649.0
2024,6037602105,Census Tract 6021.05,Hawthorne,Los Angeles County,California,Hawthorne,62904.0,17365.0
2024,6037602106,Census Tract 6021.06,Hawthorne,Los Angeles County,California,Hawthorne,79867.0,8144.0
2024,6037602201,Census Tract 6022.01,Hawthorne,Los Angeles County,California,Hawthorne,132105.0,53328.0
2024,6037602202,Census Tract 6022.02,Hawthorne,Los Angeles County,California,Hawthorne,59476.0,9866.0
2024,6037602301,Census Tract 6023.01,Hawthorne,Los Angeles County,California,Hawthorne,91023.0,43267.0
2024,6037602302,Census Tract 6023.02,Hawthorne,Los Angeles County,California,Hawthorne,185446.0,122161.0
2024,6037602402,Census Tract 6024.02,Hawthorne,Los Angeles County,California,Hawthorne,98205.0,16500.0
2024,6037602403,Census Tract 6024.03,Hawthorne,Los Angeles County,California,Hawthorne,80852.0,16853.0
2024,6037602404,Census Tract 6024.04,Hawthorne,Los Angeles County,California,Hawthorne,69245.0,19286.0
2024,6037602504,Census Tract 6025.04,Hawthorne,Los Angeles County,California,Hawthorne,57563.0,9462.0
2024,6037602505,Census Tract 6025.05,Hawthorne,Los Angeles County,California,Hawthorne,64567.0,30342.0
2024,6037602506,Census Tract 6025.06,Hawthorne,Los Angeles County,California,Hawthorne,75179.0,21652.0
2024,6037602507,Census Tract 6025.07,Hawthorne,Los Angeles County,California,Hawthorne,51164.0,12161.0
2024,6037602510,Census Tract 6025.10,Hawthorne,Los Angeles County,California,Hawthorne,47348.0,34081.0
2024,6037602511,Census Tract 6025.11,Hawthorne,Los Angeles County,California,Hawthorne,78264.0,25562.0
2024,6037602513,Census Tract 6025.13,Hawthorne,Los Angeles County,California,Hawthorne,76953.0,59188.0
2024,6037602700,Census Tract 6027,Hawthorne,Los Angeles County,California,Hawthorne,138650.0,93821.0
2024,6037603702,Census Tract 6037.02,Hawthorne,Los Angeles County,California,Hawthorne,166125.0,62556.0
2024,6037603703,Census Tract 6037.03,Hawthorne,Los Angeles County,California,Hawthorne,76957.0,38579.0
2024,6037603705,Census Tract 6037.05,Hawthorne,Los Angeles County,California,Hawthorne,95133.0,26015.0
2024,6037621001,Census Tract 6210.01,Hermosa Beach,Los Angeles County,California,HermosaBeach,159050.0,88306.0
2024,6037621005,Census Tract 6210.05,Hermosa Beach,Los Angeles County,California,HermosaBeach,211324.0,57973.0
2024,6037621102,Census Tract 6211.02,Hermosa Beach,Los Angeles County,California,HermosaBeach,213438.0,99241.0
2024,6037621104,Census Tract 6211.04,Hermosa Beach,Los Angeles County,California,HermosaBeach,81426.0,37679.0
2024,6037621204,Census Tract 6212.04,Hermosa Beach,Los Angeles County,California,HermosaBeach,82875.0,71298.0
2024,6037990200,Census Tract 9902,Hermosa Beach,Los Angeles County,California,HermosaBeach,,
2024,6037800206,Census Tract 8002.06,Hidden Hills,Los Angeles County,California,HiddenHills,193750.0,995.0
2024,6037532500,Census Tract 5325,Huntington Park,Los Angeles County,California,HuntingtonPark,54549.0,13791.0
2024,6037532605,Census Tract 5326.05,Huntington Park,Los Angeles County,California,HuntingtonPark,52813.0,33414.0
2024,6037532606,Census Tract 5326.06,Huntington Park,Los Angeles County,California,HuntingtonPark,53854.0,15110.0
2024,6037532607,Census Tract 5326.07,Huntington Park,Los Angeles County,California,HuntingtonPark,55772.0,9453.0
2024,6037533103,Census Tract 5331.03,Huntington Park,Los Angeles County,California,HuntingtonPark,60599.0,10845.0
2024,6037533104,Census Tract 5331.04,Huntington Park,Los Angeles County,California,HuntingtonPark,42645.0,11150.0
2024,6037533105,Census Tract 5331.05,Huntington Park,Los Angeles County,California,HuntingtonPark,52028.0,13559.0
2024,6037533108,Census Tract 5331.08,Huntington Park,Los Angeles County,California,HuntingtonPark,60000.0,4922.0
2024,6037533201,Census Tract 5332.01,Huntington Park,Los Angeles County,California,HuntingtonPark,70147.0,35084.0
2024,6037533204,Census Tract 5332.04,Huntington Park,Los Angeles County,California,HuntingtonPark,76295.0,15470.0
2024,6037533501,Census Tract 5335.01,Huntington Park,Los Angeles County,California,HuntingtonPark,73417.0,13655.0
2024,6037533504,Census Tract 5335.04,Huntington Park,Los Angeles County,California,HuntingtonPark,65469.0,10452.0
2024,6037534501,Census Tract 5345.01,Huntington Park,Los Angeles County,California,HuntingtonPark,72549.0,12580.0
2024,6037534502,Census Tract 5345.02,Huntington Park,Los Angeles County,California,HuntingtonPark,93875.0,22997.0
2024,6037403326,Census Tract 4033.26,Industry,Los Angeles County,California,Industry,129063.0,74480.0
2024,6037403327,Census Tract 4033.27,Industry,Los Angeles County,California,Industry,88750.0,18581.0
2024,6037407002,Census Tract 4070.02,Industry,Los Angeles County,California,Industry,118477.0,16107.0
2024,6037407701,Census Tract 4077.01,Industry,Los Angeles County,California,Industry,53646.0,34491.0
2024,6037407802,Census Tract 4078.02,Industry,Los Angeles County,California,Industry,130952.0,34833.0
2024,6037408212,Census Tract 4082.12,Industry,Los Angeles County,California,Industry,130250.0,93270.0
2024,6037408301,Census Tract 4083.01,Industry,Los Angeles County,California,Industry,81139.0,20799.0
2024,6037408302,Census Tract 4083.02,Industry,Los Angeles County,California,Industry,90455.0,30114.0
2024,6037408303,Census Tract 4083.03,Industry,Los Angeles County,California,Industry,136571.0,26428.0
2024,6037408401,Census Tract 4084.01,Industry,Los Angeles County,California,Industry,120625.0,27598.0
2024,6037408402,Census Tract 4084.02,Industry,Los Angeles County,California,Industry,96456.0,14756.0
2024,6037433302,Census Tract 4333.02,Industry,Los Angeles County,California,Industry,53929.0,6650.0
2024,6037500300,Census Tract 5003,Industry,Los Angeles County,California,Industry,123268.0,4983.0
2024,6037980035,Census Tract 9800.35,Industry,Los Angeles County,California,Industry,68958.0,29262.0
2024,6037600501,Census Tract 6005.01,Inglewood,Los Angeles County,California,Inglewood,110781.0,69100.0
2024,6037600601,Census Tract 6006.01,Inglewood,Los Angeles County,California,Inglewood,,
2024,6037600602,Census Tract 6006.02,Inglewood,Los Angeles County,California,Inglewood,66163.0,8129.0
2024,6037600702,Census Tract 6007.02,Inglewood,Los Angeles County,California,Inglewood,,
2024,6037600703,Census Tract 6007.03,Inglewood,Los Angeles County,California,Inglewood,,
2024,6037600704,Census Tract 6007.04,Inglewood,Los Angeles County,California,Inglewood,84034.0,32576.0
2024,6037600801,Census Tract 6008.01,Inglewood,Los Angeles County,California,Inglewood,,
2024,6037600802,Census Tract 6008.02,Inglewood,Los Angeles County,California,Inglewood,,
2024,6037600902,Census Tract 6009.02,Inglewood,Los Angeles County,California,Inglewood,78591.0,25605.0
2024,6037600911,Census Tract 6009.11,Inglewood,Los Angeles County,California,Inglewood,109000.0,41166.0
2024,6037600912,Census Tract 6009.12,Inglewood,Los Angeles County,California,Inglewood,74382.0,7128.0
2024,6037601001,Census Tract 6010.01,Inglewood,Los Angeles County,California,Inglewood,126285.0,123484.0
2024,6037601002,Census Tract 6010.02,Inglewood,Los Angeles County,California,Inglewood,66366.0,18683.0
2024,6037601100,Census Tract 6011,Inglewood,Los Angeles County,California,Inglewood,66947.0,13933.0
2024,6037601202,Census Tract 6012.02,Inglewood,Los Angeles County,California,Inglewood,80757.0,14132.0
2024,6037601211,Census Tract 6012.11,Inglewood,Los Angeles County,California,Inglewood,,
2024,6037601212,Census Tract 6012.12,Inglewood,Los Angeles County,California,Inglewood,76440.0,12157.0
2024,6037601301,Census Tract 6013.01,Inglewood,Los Angeles County,California,Inglewood,118523.0,46793.0
2024,6037601302,Census Tract 6013.02,Inglewood,Los Angeles County,California,Inglewood,81850.0,25695.0
2024,6037601303,Census Tract 6013.03,Inglewood,Los Angeles County,California,Inglewood,61336.0,28476.0
2024,6037601401,Census Tract 6014.01,Inglewood,Los Angeles County,California,Inglewood,82031.0,13671.0
2024,6037601402,Census Tract 6014.02,Inglewood,Los Angeles County,California,Inglewood,87759.0,26235.0
2024,6037601501,Census Tract 6015.01,Inglewood,Los Angeles County,California,Inglewood,49018.0,12064.0
2024,6037601700,Census Tract 6017,Inglewood,Los Angeles County,California,Inglewood,49185.0,11692.0
2024,6037601801,Census Tract 6018.01,Inglewood,Los Angeles County,California,Inglewood,56741.0,10841.0
2024,6037601802,Census Tract 6018.02,Inglewood,Los Angeles County,California,Inglewood,86815.0,15619.0
2024,6037601900,Census Tract 6019,Inglewood,Los Angeles County,California,Inglewood,59351.0,15461.0
2024,6037602003,Census Tract 6020.03,Inglewood,Los Angeles County,California,Inglewood,73977.0,13801.0
2024,6037604200,Census Tract 6042,Inglewood,Los Angeles County,California,Inglewood,74185.0,37986.0
2024,6037703002,Census Tract 7030.02,Inglewood,Los Angeles County,California,Inglewood,,
2024,6037404600,Census Tract 4046,Irwindale,Los Angeles County,California,Irwindale,114583.0,26448.0
2024,6037460501,Census Tract 4605.01,La Cañada Flintridge,Los Angeles County,California,LaCanadaFlintridge,,
2024,6037460502,Census Tract 4605.02,La Cañada Flintridge,Los Angeles County,California,LaCanadaFlintridge,152228.0,40630.0
2024,6037460601,Census Tract 4606.01,La Cañada Flintridge,Los Angeles County,California,LaCanadaFlintridge,,
2024,6037460700,Census Tract 4607,La Cañada Flintridge,Los Angeles County,California,LaCanadaFlintridge,,
2024,6037300100,Census Tract 3001,La Crescenta-Montrose,Los Angeles County,California,LaCrescenta-Montrose,218542.0,144590.0
2024,6037300200,Census Tract 3002,La Crescenta-Montrose,Los Angeles County,California,LaCrescenta-Montrose,99083.0,89199.0
2024,6037300501,Census Tract 3005.01,La Crescenta-Montrose,Los Angeles County,California,LaCrescenta-Montrose,61510.0,51712.0
2024,6037300503,Census Tract 3005.03,La Crescenta-Montrose,Los Angeles County,California,LaCrescenta-Montrose,60071.0,9211.0
2024,6037703002,Census Tract 7030.02,Ladera Heights,Los Angeles County,California,LaderaHeights,,
2024,6037703003,Census Tract 7030.03,Ladera Heights,Los Angeles County,California,LaderaHeights,66563.0,36690.0
2024,6037980038,Census Tract 9800.38,Ladera Heights,Los Angeles County,California,LaderaHeights,,
2024,6037408703,Census Tract 4087.03,La Habra Heights,Los Angeles County,California,LaHabraHeights,208426.0,127132.0
2024,6037500100,Census Tract 5001,La Habra Heights,Los Angeles County,California,LaHabraHeights,,
2024,6037500204,Census Tract 5002.04,La Habra Heights,Los Angeles County,California,LaHabraHeights,133594.0,60957.0
2024,6037901209,Census Tract 9012.09,Lake Hughes,Los Angeles County,California,LakeHughes,105313.0,76754.0
2024,6037920102,Census Tract 9201.02,Lake Hughes,Los Angeles County,California,LakeHughes,99886.0,14450.0
2024,6037900102,Census Tract 9001.02,Lake Los Angeles,Los Angeles County,California,LakeLosAngeles,50625.0,6831.0
2024,6037900103,Census Tract 9001.03,Lake Los Angeles,Los Angeles County,California,LakeLosAngeles,66411.0,8112.0
2024,6037900104,Census Tract 9001.04,Lake Los Angeles,Los Angeles County,California,LakeLosAngeles,83085.0,33926.0
2024,6037555001,Census Tract 5550.01,Lakewood,Los Angeles County,California,Lakewood,78182.0,50683.0
2024,6037555002,Census Tract 5550.02,Lakewood,Los Angeles County,California,Lakewood,71250.0,45516.0
2024,6037555105,Census Tract 5551.05,Lakewood,Los Angeles County,California,Lakewood,108012.0,33806.0
2024,6037555107,Census Tract 5551.07,Lakewood,Los Angeles County,California,Lakewood,88235.0,22550.0
2024,6037570001,Census Tract 5700.01,Lakewood,Los Angeles County,California,Lakewood,175184.0,73321.0
2024,6037570002,Census Tract 5700.02,Lakewood,Los Angeles County,California,Lakewood,110521.0,32721.0
2024,6037570003,Census Tract 5700.03,Lakewood,Los Angeles County,California,Lakewood,165815.0,34865.0
2024,6037570701,Census Tract 5707.01,Lakewood,Los Angeles County,California,Lakewood,119674.0,63337.0
2024,6037570703,Census Tract 5707.03,Lakewood,Los Angeles County,California,Lakewood,165353.0,47565.0
2024,6037570800,Census Tract 5708,Lakewood,Los Angeles County,California,Lakewood,153750.0,21236.0
2024,6037570901,Census Tract 5709.01,Lakewood,Los Angeles County,California,Lakewood,159688.0,51248.0
2024,6037570902,Census Tract 5709.02,Lakewood,Los Angeles County,California,Lakewood,119773.0,73796.0
2024,6037571000,Census Tract 5710,Lakewood,Los Angeles County,California,Lakewood,188194.0,87858.0
2024,6037571101,Census Tract 5711.01,Lakewood,Los Angeles County,California,Lakewood,116509.0,62607.0
2024,6037571102,Census Tract 5711.02,Lakewood,Los Angeles County,California,Lakewood,141926.0,53117.0
2024,6037571300,Census Tract 5713,Lakewood,Los Angeles County,California,Lakewood,175077.0,156557.0
2024,6037571400,Census Tract 5714,Lakewood,Los Angeles County,California,Lakewood,152445.0,21529.0
2024,6037572001,Census Tract 5720.01,Lakewood,Los Angeles County,California,Lakewood,116039.0,18940.0
2024,6037573800,Census Tract 5738,Lakewood,Los Angeles County,California,Lakewood,120529.0,52671.0
2024,6037503601,Census Tract 5036.01,La Mirada,Los Angeles County,California,LaMirada,122371.0,36121.0
2024,6037503602,Census Tract 5036.02,La Mirada,Los Angeles County,California,LaMirada,169318.0,70449.0
2024,6037503704,Census Tract 5037.04,La Mirada,Los Angeles County,California,LaMirada,,
2024,6037503705,Census Tract 5037.05,La Mirada,Los Angeles County,California,LaMirada,,
2024,6037503801,Census Tract 5038.01,La Mirada,Los Angeles County,California,LaMirada,114545.0,52461.0
2024,6037503802,Census Tract 5038.02,La Mirada,Los Angeles County,California,LaMirada,108132.0,5888.0
2024,6037503901,Census Tract 5039.01,La Mirada,Los Angeles County,California,LaMirada,92500.0,72433.0
2024,6037503902,Census Tract 5039.02,La Mirada,Los Angeles County,California,LaMirada,165031.0,40538.0
2024,6037504001,Census Tract 5040.01,La Mirada,Los Angeles County,California,LaMirada,142523.0,15435.0
2024,6037504002,Census Tract 5040.02,La Mirada,Los Angeles County,California,LaMirada,133516.0,36018.0
2024,6037504101,Census Tract 5041.01,La Mirada,Los Angeles County,California,LaMirada,101200.0,25019.0
2024,6037900301,Census Tract 9003.01,Lancaster,Los Angeles County,California,Lancaster,67991.0,38336.0
2024,6037900501,Census Tract 9005.01,Lancaster,Los Angeles County,California,Lancaster,93750.0,19494.0
2024,6037900504,Census Tract 9005.04,Lancaster,Los Angeles County,California,Lancaster,75198.0,28469.0
2024,6037900505,Census Tract 9005.05,Lancaster,Los Angeles County,California,Lancaster,81250.0,40265.0
2024,6037900506,Census Tract 9005.06,Lancaster,Los Angeles County,California,Lancaster,95492.0,30410.0
2024,6037900508,Census Tract 9005.08,Lancaster,Los Angeles County,California,Lancaster,69089.0,20058.0
2024,6037900509,Census Tract 9005.09,Lancaster,Los Angeles County,California,Lancaster,62083.0,36190.0
2024,6037900510,Census Tract 9005.10,Lancaster,Los Angeles County,California,Lancaster,103323.0,28178.0
2024,6037900602,Census Tract 9006.02,Lancaster,Los Angeles County,California,Lancaster,53919.0,5302.0
2024,6037900606,Census Tract 9006.06,Lancaster,Los Angeles County,California,Lancaster,70577.0,22292.0
2024,6037900607,Census Tract 9006.07,Lancaster,Los Angeles County,California,Lancaster,74042.0,23425.0
2024,6037900608,Census Tract 9006.08,Lancaster,Los Angeles County,California,Lancaster,83448.0,22789.0
2024,6037900609,Census Tract 9006.09,Lancaster,Los Angeles County,California,Lancaster,70190.0,22533.0
2024,6037900610,Census Tract 9006.10,Lancaster,Los Angeles County,California,Lancaster,47411.0,18839.0
2024,6037900611,Census Tract 9006.11,Lancaster,Los Angeles County,California,Lancaster,106004.0,30594.0
2024,6037900701,Census Tract 9007.01,Lancaster,Los Angeles County,California,Lancaster,62951.0,5290.0
2024,6037900703,Census Tract 9007.03,Lancaster,Los Angeles County,California,Lancaster,40950.0,10763.0
2024,6037900704,Census Tract 9007.04,Lancaster,Los Angeles County,California,Lancaster,64342.0,25878.0
2024,6037900705,Census Tract 9007.05,Lancaster,Los Angeles County,California,Lancaster,37832.0,20546.0
2024,6037900804,Census Tract 9008.04,Lancaster,Los Angeles County,California,Lancaster,48625.0,10779.0
2024,6037900805,Census Tract 9008.05,Lancaster,Los Angeles County,California,Lancaster,91528.0,23519.0
2024,6037900806,Census Tract 9008.06,Lancaster,Los Angeles County,California,Lancaster,44977.0,23087.0
2024,6037900807,Census Tract 9008.07,Lancaster,Los Angeles County,California,Lancaster,80134.0,16906.0
2024,6037900808,Census Tract 9008.08,Lancaster,Los Angeles County,California,Lancaster,81953.0,21009.0
2024,6037900901,Census Tract 9009.01,Lancaster,Los Angeles County,California,Lancaster,43542.0,5391.0
2024,6037900902,Census Tract 9009.02,Lancaster,Los Angeles County,California,Lancaster,76250.0,22880.0
2024,6037901003,Census Tract 9010.03,Lancaster,Los Angeles County,California,Lancaster,,
2024,6037901007,Census Tract 9010.07,Lancaster,Los Angeles County,California,Lancaster,76333.0,37031.0
2024,6037901008,Census Tract 9010.08,Lancaster,Los Angeles County,California,Lancaster,126500.0,8193.0
2024,6037901009,Census Tract 9010.09,Lancaster,Los Angeles County,California,Lancaster,96272.0,30961.0
2024,6037901010,Census Tract 9010.10,Lancaster,Los Angeles County,California,Lancaster,87202.0,42096.0
2024,6037901011,Census Tract 9010.11,Lancaster,Los Angeles County,California,Lancaster,82614.0,43237.0
2024,6037901012,Census Tract 9010.12,Lancaster,Los Angeles County,California,Lancaster,130847.0,17852.0
2024,6037901013,Census Tract 9010.13,Lancaster,Los Angeles County,California,Lancaster,117298.0,24468.0
2024,6037901014,Census Tract 9010.14,Lancaster,Los Angeles County,California,Lancaster,138246.0,41765.0
2024,6037901101,Census Tract 9011.01,Lancaster,Los Angeles County,California,Lancaster,76551.0,16097.0
2024,6037901102,Census Tract 9011.02,Lancaster,Los Angeles County,California,Lancaster,106500.0,13237.0
2024,6037901214,Census Tract 9012.14,Lancaster,Los Angeles County,California,Lancaster,138000.0,32529.0
2024,6037901215,Census Tract 9012.15,Lancaster,Los Angeles County,California,Lancaster,65987.0,36702.0
2024,6037901216,Census Tract 9012.16,Lancaster,Los Angeles County,California,Lancaster,114688.0,106077.0
2024,6037901217,Census Tract 9012.17,Lancaster,Los Angeles County,California,Lancaster,122768.0,102281.0
2024,6037901300,Census Tract 9013,Lancaster,Los Angeles County,California,Lancaster,,
2024,6037910211,Census Tract 9102.11,Lancaster,Los Angeles County,California,Lancaster,183750.0,79715.0
2024,6037406903,Census Tract 4069.03,La Puente,Los Angeles County,California,LaPuente,82943.0,37345.0
2024,6037407002,Census Tract 4070.02,La Puente,Los Angeles County,California,LaPuente,118477.0,16107.0
2024,6037407101,Census Tract 4071.01,La Puente,Los Angeles County,California,LaPuente,83125.0,40224.0
2024,6037407102,Census Tract 4071.02,La Puente,Los Angeles County,California,LaPuente,86806.0,29235.0
2024,6037407201,Census Tract 4072.01,La Puente,Los Angeles County,California,LaPuente,137000.0,21994.0
2024,6037407202,Census Tract 4072.02,La Puente,Los Angeles County,California,LaPuente,146667.0,57373.0
2024,6037407301,Census Tract 4073.01,La Puente,Los Angeles County,California,LaPuente,73500.0,35483.0
2024,6037407501,Census Tract 4075.01,La Puente,Los Angeles County,California,LaPuente,77917.0,44985.0
2024,6037407601,Census Tract 4076.01,La Puente,Los Angeles County,California,LaPuente,74438.0,19971.0
2024,6037407602,Census Tract 4076.02,La Puente,Los Angeles County,California,LaPuente,108125.0,26439.0
2024,6037407701,Census Tract 4077.01,La Puente,Los Angeles County,California,LaPuente,53646.0,34491.0
2024,6037407702,Census Tract 4077.02,La Puente,Los Angeles County,California,LaPuente,106810.0,40055.0
2024,6037400207,Census Tract 4002.07,La Verne,Los Angeles County,California,LaVerne,148233.0,59770.0
2024,6037400208,Census Tract 4002.08,La Verne,Los Angeles County,California,LaVerne,159444.0,21800.0
2024,6037400209,Census Tract 4002.09,La Verne,Los Angeles County,California,LaVerne,107917.0,66925.0
2024,6037401500,Census Tract 4015,La Verne,Los Angeles County,California,LaVerne,83281.0,14777.0
2024,6037401601,Census Tract 4016.01,La Verne,Los Angeles County,California,LaVerne,113750.0,43201.0
2024,6037401602,Census Tract 4016.02,La Verne,Los Angeles County,California,LaVerne,62294.0,55617.0
2024,6037408900,Census Tract 4089,La Verne,Los Angeles County,California,LaVerne,87163.0,47787.0
2024,6037603801,Census Tract 6038.01,Lawndale,Los Angeles County,California,Lawndale,98000.0,29749.0
2024,6037603802,Census Tract 6038.02,Lawndale,Los Angeles County,California,Lawndale,86308.0,14715.0
2024,6037603901,Census Tract 6039.01,Lawndale,Los Angeles County,California,Lawndale,119280.0,26454.0
2024,6037603902,Census Tract 6039.02,Lawndale,Los Angeles County,California,Lawndale,66875.0,37764.0
2024,6037604001,Census Tract 6040.01,Lawndale,Los Angeles County,California,Lawndale,85122.0,28225.0
2024,6037604002,Census Tract 6040.02,Lawndale,Los Angeles County,California,Lawndale,86816.0,14167.0
2024,6037604101,Census Tract 6041.01,Lawndale,Los Angeles County,California,Lawndale,71464.0,19625.0
2024,6037604102,Census Tract 6041.02,Lawndale,Los Angeles County,California,Lawndale,81164.0,39219.0
2024,6037601501,Census Tract 6015.01,Lennox,Los Angeles County,California,Lennox,49018.0,12064.0
2024,6037601502,Census Tract 6015.02,Lennox,Los Angeles County,California,Lennox,65368.0,28823.0
2024,6037601600,Census Tract 6016,Lennox,Los Angeles County,California,Lennox,46671.0,27893.0
2024,6037601700,Census Tract 6017,Lennox,Los Angeles County,California,Lennox,49185.0,11692.0
2024,6037601801,Census Tract 6018.01,Lennox,Los Angeles County,California,Lennox,56741.0,10841.0
2024,6037601802,Census Tract 6018.02,Lennox,Los Angeles County,California,Lennox,86815.0,15619.0
2024,6037901217,Census Tract 9012.17,Leona Valley,Los Angeles County,California,LeonaValley,122768.0,102281.0
2024,6037920050,Census Tract 9200.50,Leona Valley,Los Angeles County,California,LeonaValley,,
2024,6037910002,Census Tract 9100.02,Littlerock,Los Angeles County,California,Littlerock,72853.0,20369.0
2024,6037911001,Census Tract 9110.01,Littlerock,Los Angeles County,California,Littlerock,75417.0,46396.0
2024,6037670001,Census Tract 6700.01,Lomita,Los Angeles County,California,Lomita,75833.0,42938.0
2024,6037670002,Census Tract 6700.02,Lomita,Los Angeles County,California,Lomita,71801.0,21312.0
2024,6037670003,Census Tract 6700.03,Lomita,Los Angeles County,California,Lomita,,
2024,6037670101,Census Tract 6701.01,Lomita,Los Angeles County,California,Lomita,75391.0,68241.0
2024,6037670102,Census Tract 6701.02,Lomita,Los Angeles County,California,Lomita,83667.0,55547.0
2024,6037544002,Census Tract 5440.02,Long Beach,Los Angeles County,California,LongBeach,96823.0,14774.0
2024,6037555202,Census Tract 5552.02,Long Beach,Los Angeles County,California,LongBeach,195104.0,153816.0
2024,6037570100,Census Tract 5701,Long Beach,Los Angeles County,California,LongBeach,105417.0,73654.0
2024,6037570202,Census Tract 5702.02,Long Beach,Los Angeles County,California,LongBeach,79185.0,43100.0
2024,6037570203,Census Tract 5702.03,Long Beach,Los Angeles County,California,LongBeach,50114.0,29462.0
2024,6037570204,Census Tract 5702.04,Long Beach,Los Angeles County,California,LongBeach,87642.0,33715.0
2024,6037570303,Census Tract 5703.03,Long Beach,Los Angeles County,California,LongBeach,66011.0,8758.0
2024,6037570304,Census Tract 5703.04,Long Beach,Los Angeles County,California,LongBeach,73059.0,18684.0
2024,6037570305,Census Tract 5703.05,Long Beach,Los Angeles County,California,LongBeach,78750.0,15619.0
2024,6037570306,Census Tract 5703.06,Long Beach,Los Angeles County,California,LongBeach,115197.0,20836.0
2024,6037570402,Census Tract 5704.02,Long Beach,Los Angeles County,California,LongBeach,109821.0,22403.0
2024,6037570403,Census Tract 5704.03,Long Beach,Los Angeles County,California,LongBeach,65729.0,13508.0
2024,6037570404,Census Tract 5704.04,Long Beach,Los Angeles County,California,LongBeach,68056.0,14495.0
2024,6037570502,Census Tract 5705.02,Long Beach,Los Angeles County,California,LongBeach,126250.0,45249.0
2024,6037570503,Census Tract 5705.03,Long Beach,Los Angeles County,California,LongBeach,89961.0,22746.0
2024,6037570504,Census Tract 5705.04,Long Beach,Los Angeles County,California,LongBeach,87386.0,16309.0
2024,6037570601,Census Tract 5706.01,Long Beach,Los Angeles County,California,LongBeach,102188.0,12246.0
2024,6037570602,Census Tract 5706.02,Long Beach,Los Angeles County,California,LongBeach,76625.0,60934.0
2024,6037570603,Census Tract 5706.03,Long Beach,Los Angeles County,California,LongBeach,42159.0,6630.0
2024,6037571201,Census Tract 5712.01,Long Beach,Los Angeles County,California,LongBeach,130352.0,74808.0
2024,6037571202,Census Tract 5712.02,Long Beach,Los Angeles County,California,LongBeach,108000.0,61522.0
2024,6037571300,Census Tract 5713,Long Beach,Los Angeles County,California,LongBeach,175077.0,156557.0
2024,6037571502,Census Tract 5715.02,Long Beach,Los Angeles County,California,LongBeach,107188.0,59396.0
2024,6037571504,Census Tract 5715.04,Long Beach,Los Angeles County,California,LongBeach,128005.0,20184.0
2024,6037571505,Census Tract 5715.05,Long Beach,Los Angeles County,California,LongBeach,95707.0,10027.0
2024,6037571600,Census Tract 5716,Long Beach,Los Angeles County,California,LongBeach,40083.0,11315.0
2024,6037571701,Census Tract 5717.01,Long Beach,Los Angeles County,California,LongBeach,81538.0,21297.0
2024,6037571703,Census Tract 5717.03,Long Beach,Los Angeles County,California,LongBeach,75078.0,26253.0
2024,6037571704,Census Tract 5717.04,Long Beach,Los Angeles County,California,LongBeach,67454.0,25278.0
2024,6037571800,Census Tract 5718,Long Beach,Los Angeles County,California,LongBeach,101154.0,64532.0
2024,6037571900,Census Tract 5719,Long Beach,Los Angeles County,California,LongBeach,83917.0,64249.0
2024,6037572001,Census Tract 5720.01,Long Beach,Los Angeles County,California,LongBeach,116039.0,18940.0
2024,6037572201,Census Tract 5722.01,Long Beach,Los Angeles County,California,LongBeach,89236.0,57130.0
2024,6037572202,Census Tract 5722.02,Long Beach,Los Angeles County,California,LongBeach,179291.0,87959.0
2024,6037572301,Census Tract 5723.01,Long Beach,Los Angeles County,California,LongBeach,89554.0,54858.0
2024,6037572500,Census Tract 5725,Long Beach,Los Angeles County,California,LongBeach,62109.0,18305.0
2024,6037572600,Census Tract 5726,Long Beach,Los Angeles County,California,LongBeach,120853.0,27176.0
2024,6037572700,Census Tract 5727,Long Beach,Los Angeles County,California,LongBeach,85532.0,14983.0
2024,6037573002,Census Tract 5730.02,Long Beach,Los Angeles County,California,LongBeach,83293.0,18732.0
2024,6037573003,Census Tract 5730.03,Long Beach,Los Angeles County,California,LongBeach,89875.0,75178.0
2024,6037573004,Census Tract 5730.04,Long Beach,Los Angeles County,California,LongBeach,72863.0,23138.0
2024,6037573101,Census Tract 5731.01,Long Beach,Los Angeles County,California,LongBeach,56076.0,18753.0
2024,6037573102,Census Tract 5731.02,Long Beach,Los Angeles County,California,LongBeach,92143.0,36138.0
2024,6037573201,Census Tract 5732.01,Long Beach,Los Angeles County,California,LongBeach,66500.0,20501.0
2024,6037573202,Census Tract 5732.02,Long Beach,Los Angeles County,California,LongBeach,93708.0,20737.0
2024,6037573300,Census Tract 5733,Long Beach,Los Angeles County,California,LongBeach,64907.0,32348.0
2024,6037573601,Census Tract 5736.01,Long Beach,Los Angeles County,California,LongBeach,160703.0,30967.0
2024,6037573700,Census Tract 5737,Long Beach,Los Angeles County,California,LongBeach,182578.0,88718.0
2024,6037573800,Census Tract 5738,Long Beach,Los Angeles County,California,LongBeach,120529.0,52671.0
2024,6037573902,Census Tract 5739.02,Long Beach,Los Angeles County,California,LongBeach,130125.0,107422.0
2024,6037574000,Census Tract 5740,Long Beach,Los Angeles County,California,LongBeach,224333.0,78531.0
2024,6037574100,Census Tract 5741,Long Beach,Los Angeles County,California,LongBeach,145238.0,25209.0
2024,6037574201,Census Tract 5742.01,Long Beach,Los Angeles County,California,LongBeach,190200.0,97796.0
2024,6037574202,Census Tract 5742.02,Long Beach,Los Angeles County,California,LongBeach,126151.0,32562.0
2024,6037574300,Census Tract 5743,Long Beach,Los Angeles County,California,LongBeach,128182.0,127852.0
2024,6037574400,Census Tract 5744,Long Beach,Los Angeles County,California,LongBeach,190481.0,119573.0
2024,6037574500,Census Tract 5745,Long Beach,Los Angeles County,California,LongBeach,164286.0,150365.0
2024,6037574602,Census Tract 5746.02,Long Beach,Los Angeles County,California,LongBeach,,
2024,6037574800,Census Tract 5748,Long Beach,Los Angeles County,California,LongBeach,71250.0,51073.0
2024,6037574901,Census Tract 5749.01,Long Beach,Los Angeles County,California,LongBeach,,
2024,6037574902,Census Tract 5749.02,Long Beach,Los Angeles County,California,LongBeach,95000.0,19329.0
2024,6037575001,Census Tract 5750.01,Long Beach,Los Angeles County,California,LongBeach,52213.0,40649.0
2024,6037575002,Census Tract 5750.02,Long Beach,Los Angeles County,California,LongBeach,102667.0,14802.0
2024,6037575101,Census Tract 5751.01,Long Beach,Los Angeles County,California,LongBeach,58860.0,14524.0
2024,6037575102,Census Tract 5751.02,Long Beach,Los Angeles County,California,LongBeach,61429.0,12351.0
2024,6037575103,Census Tract 5751.03,Long Beach,Los Angeles County,California,LongBeach,49848.0,4640.0
2024,6037575201,Census Tract 5752.01,Long Beach,Los Angeles County,California,LongBeach,55385.0,31490.0
2024,6037575202,Census Tract 5752.02,Long Beach,Los Angeles County,California,LongBeach,73229.0,7955.0
2024,6037575300,Census Tract 5753,Long Beach,Los Angeles County,California,LongBeach,49775.0,35915.0
2024,6037575401,Census Tract 5754.01,Long Beach,Los Angeles County,California,LongBeach,47685.0,20309.0
2024,6037575402,Census Tract 5754.02,Long Beach,Los Angeles County,California,LongBeach,72817.0,6198.0
2024,6037575801,Census Tract 5758.01,Long Beach,Los Angeles County,California,LongBeach,39989.0,24411.0
2024,6037575802,Census Tract 5758.02,Long Beach,Los Angeles County,California,LongBeach,61784.0,2077.0
2024,6037575803,Census Tract 5758.03,Long Beach,Los Angeles County,California,LongBeach,28375.0,25491.0
2024,6037575901,Census Tract 5759.01,Long Beach,Los Angeles County,California,LongBeach,42240.0,28751.0
2024,6037575902,Census Tract 5759.02,Long Beach,Los Angeles County,California,LongBeach,54107.0,33047.0
2024,6037576001,Census Tract 5760.01,Long Beach,Los Angeles County,California,LongBeach,80027.0,35198.0
2024,6037576200,Census Tract 5762,Long Beach,Los Angeles County,California,LongBeach,50904.0,16774.0
2024,6037576301,Census Tract 5763.01,Long Beach,Los Angeles County,California,LongBeach,69635.0,6062.0
2024,6037576302,Census Tract 5763.02,Long Beach,Los Angeles County,California,LongBeach,82566.0,28465.0
2024,6037576401,Census Tract 5764.01,Long Beach,Los Angeles County,California,LongBeach,67452.0,22666.0
2024,6037576402,Census Tract 5764.02,Long Beach,Los Angeles County,California,LongBeach,59732.0,7553.0
2024,6037576403,Census Tract 5764.03,Long Beach,Los Angeles County,California,LongBeach,72056.0,18326.0
2024,6037576501,Census Tract 5765.01,Long Beach,Los Angeles County,California,LongBeach,59338.0,11871.0
2024,6037576502,Census Tract 5765.02,Long Beach,Los Angeles County,California,LongBeach,86471.0,22356.0
2024,6037576503,Census Tract 5765.03,Long Beach,Los Angeles County,California,LongBeach,69468.0,16205.0
2024,6037576601,Census Tract 5766.01,Long Beach,Los Angeles County,California,LongBeach,57143.0,36566.0
2024,6037576602,Census Tract 5766.02,Long Beach,Los Angeles County,California,LongBeach,52298.0,32287.0
2024,6037576700,Census Tract 5767,Long Beach,Los Angeles County,California,LongBeach,99074.0,55096.0
2024,6037576801,Census Tract 5768.01,Long Beach,Los Angeles County,California,LongBeach,78672.0,34866.0
2024,6037576802,Census Tract 5768.02,Long Beach,Los Angeles County,California,LongBeach,105972.0,65831.0
2024,6037576901,Census Tract 5769.01,Long Beach,Los Angeles County,California,LongBeach,74066.0,14366.0
2024,6037576903,Census Tract 5769.03,Long Beach,Los Angeles County,California,LongBeach,75000.0,13983.0
2024,6037576904,Census Tract 5769.04,Long Beach,Los Angeles County,California,LongBeach,72056.0,11231.0
2024,6037577000,Census Tract 5770,Long Beach,Los Angeles County,California,LongBeach,85714.0,45336.0
2024,6037577100,Census Tract 5771,Long Beach,Los Angeles County,California,LongBeach,81329.0,15296.0
2024,6037577200,Census Tract 5772,Long Beach,Los Angeles County,California,LongBeach,113837.0,28764.0
2024,6037577300,Census Tract 5773,Long Beach,Los Angeles County,California,LongBeach,66612.0,46386.0
2024,6037577400,Census Tract 5774,Long Beach,Los Angeles County,California,LongBeach,123462.0,77215.0
2024,6037577501,Census Tract 5775.01,Long Beach,Los Angeles County,California,LongBeach,,
2024,6037577504,Census Tract 5775.04,Long Beach,Los Angeles County,California,LongBeach,,
2024,6037577602,Census Tract 5776.02,Long Beach,Los Angeles County,California,LongBeach,98719.0,9055.0
2024,6037577604,Census Tract 5776.04,Long Beach,Los Angeles County,California,LongBeach,109375.0,37328.0
2024,6037577605,Census Tract 5776.05,Long Beach,Los Angeles County,California,LongBeach,,
2024,6037577606,Census Tract 5776.06,Long Beach,Los Angeles County,California,LongBeach,103497.0,5097.0
2024,6037577700,Census Tract 5777,Long Beach,Los Angeles County,California,LongBeach,109963.0,16004.0
2024,6037577900,Census Tract 5779,Long Beach,Los Angeles County,California,LongBeach,83750.0,30091.0
2024,6037578000,Census Tract 5780,Long Beach,Los Angeles County,California,LongBeach,59342.0,35321.0
2024,6037578100,Census Tract 5781,Long Beach,Los Angeles County,California,LongBeach,,
2024,6037980006,Census Tract 9800.06,Long Beach,Los Angeles County,California,LongBeach,,
2024,6037980007,Census Tract 9800.07,Long Beach,Los Angeles County,California,LongBeach,,
2024,6037980011,Census Tract 9800.11,Long Beach,Los Angeles County,California,LongBeach,,
2024,6037980018,Census Tract 9800.18,Long Beach,Los Angeles County,California,LongBeach,,
2024,6037980033,Census Tract 9800.33,Long Beach,Los Angeles County,California,LongBeach,,
2024,6037990300,Census Tract 9903,Long Beach,Los Angeles County,California,LongBeach,,
2024,6037101110,Census Tract 1011.10,Los Angeles,Los Angeles County,California,LosAngeles,79800.0,32586.0
2024,6037101122,Census Tract 1011.22,Los Angeles,Los Angeles County,California,LosAngeles,91442.0,56111.0
2024,6037101220,Census Tract 1012.20,Los Angeles,Los Angeles County,California,LosAngeles,71563.0,23454.0
2024,6037101221,Census Tract 1012.21,Los Angeles,Los Angeles County,California,LosAngeles,54375.0,46935.0
2024,6037101222,Census Tract 1012.22,Los Angeles,Los Angeles County,California,LosAngeles,87330.0,11816.0
2024,6037101300,Census Tract 1013,Los Angeles,Los Angeles County,California,LosAngeles,153156.0,43709.0
2024,6037101400,Census Tract 1014,Los Angeles,Los Angeles County,California,LosAngeles,105583.0,36583.0
2024,6037102103,Census Tract 1021.03,Los Angeles,Los Angeles County,California,LosAngeles,50192.0,11213.0
2024,6037102104,Census Tract 1021.04,Los Angeles,Los Angeles County,California,LosAngeles,103438.0,78379.0
2024,6037102105,Census Tract 1021.05,Los Angeles,Los Angeles County,California,LosAngeles,86250.0,60684.0
2024,6037102107,Census Tract 1021.07,Los Angeles,Los Angeles County,California,LosAngeles,108125.0,54116.0
2024,6037103101,Census Tract 1031.01,Los Angeles,Los Angeles County,California,LosAngeles,107000.0,78773.0
2024,6037103102,Census Tract 1031.02,Los Angeles,Los Angeles County,California,LosAngeles,101250.0,35705.0
2024,6037103201,Census Tract 1032.01,Los Angeles,Los Angeles County,California,LosAngeles,100512.0,28510.0
2024,6037103202,Census Tract 1032.02,Los Angeles,Los Angeles County,California,LosAngeles,149375.0,48087.0
2024,6037103300,Census Tract 1033,Los Angeles,Los Angeles County,California,LosAngeles,67917.0,59254.0
2024,6037103401,Census Tract 1034.01,Los Angeles,Los Angeles County,California,LosAngeles,77500.0,40997.0
2024,6037103402,Census Tract 1034.02,Los Angeles,Los Angeles County,California,LosAngeles,94886.0,26699.0
2024,6037104103,Census Tract 1041.03,Los Angeles,Los Angeles County,California,LosAngeles,75724.0,30285.0
2024,6037104105,Census Tract 1041.05,Los Angeles,Los Angeles County,California,LosAngeles,55188.0,12631.0
2024,6037104108,Census Tract 1041.08,Los Angeles,Los Angeles County,California,LosAngeles,72594.0,21613.0
2024,6037104124,Census Tract 1041.24,Los Angeles,Los Angeles County,California,LosAngeles,83833.0,36508.0
2024,6037104201,Census Tract 1042.01,Los Angeles,Los Angeles County,California,LosAngeles,103831.0,18505.0
2024,6037104203,Census Tract 1042.03,Los Angeles,Los Angeles County,California,LosAngeles,74118.0,14058.0
2024,6037104204,Census Tract 1042.04,Los Angeles,Los Angeles County,California,LosAngeles,64813.0,26730.0
2024,6037104310,Census Tract 1043.10,Los Angeles,Los Angeles County,California,LosAngeles,92328.0,38223.0
2024,6037104321,Census Tract 1043.21,Los Angeles,Los Angeles County,California,LosAngeles,57891.0,46420.0
2024,6037104322,Census Tract 1043.22,Los Angeles,Los Angeles County,California,LosAngeles,121250.0,28929.0
2024,6037104401,Census Tract 1044.01,Los Angeles,Los Angeles County,California,LosAngeles,80104.0,25211.0
2024,6037104403,Census Tract 1044.03,Los Angeles,Los Angeles County,California,LosAngeles,74333.0,30618.0
2024,6037104404,Census Tract 1044.04,Los Angeles,Los Angeles County,California,LosAngeles,82837.0,19537.0
2024,6037104500,Census Tract 1045,Los Angeles,Los Angeles County,California,LosAngeles,77321.0,20512.0
2024,6037104610,Census Tract 1046.10,Los Angeles,Los Angeles County,California,LosAngeles,88293.0,17278.0
2024,6037104620,Census Tract 1046.20,Los Angeles,Los Angeles County,California,LosAngeles,92000.0,14407.0
2024,6037104701,Census Tract 1047.01,Los Angeles,Los Angeles County,California,LosAngeles,55391.0,17889.0
2024,6037104703,Census Tract 1047.03,Los Angeles,Los Angeles County,California,LosAngeles,74926.0,49827.0
2024,6037104704,Census Tract 1047.04,Los Angeles,Los Angeles County,California,LosAngeles,76250.0,23176.0
2024,6037104821,Census Tract 1048.21,Los Angeles,Los Angeles County,California,LosAngeles,74405.0,23264.0
2024,6037104822,Census Tract 1048.22,Los Angeles,Los Angeles County,California,LosAngeles,54844.0,36948.0
2024,6037104823,Census Tract 1048.23,Los Angeles,Los Angeles County,California,LosAngeles,69453.0,27072.0
2024,6037104824,Census Tract 1048.24,Los Angeles,Los Angeles County,California,LosAngeles,115625.0,43734.0
2024,6037106010,Census Tract 1060.10,Los Angeles,Los Angeles County,California,LosAngeles,129135.0,32236.0
2024,6037106020,Census Tract 1060.20,Los Angeles,Los Angeles County,California,LosAngeles,122976.0,39762.0
2024,6037106111,Census Tract 1061.11,Los Angeles,Los Angeles County,California,LosAngeles,104474.0,29361.0
2024,6037106112,Census Tract 1061.12,Los Angeles,Los Angeles County,California,LosAngeles,118882.0,18909.0
2024,6037106113,Census Tract 1061.13,Los Angeles,Los Angeles County,California,LosAngeles,84696.0,37595.0
2024,6037106114,Census Tract 1061.14,Los Angeles,Los Angeles County,California,LosAngeles,71196.0,19553.0
2024,6037106403,Census Tract 1064.03,Los Angeles,Los Angeles County,California,LosAngeles,106141.0,18569.0
2024,6037106405,Census Tract 1064.05,Los Angeles,Los Angeles County,California,LosAngeles,92833.0,18730.0
2024,6037106406,Census Tract 1064.06,Los Angeles,Los Angeles County,California,LosAngeles,106549.0,23431.0
2024,6037106407,Census Tract 1064.07,Los Angeles,Los Angeles County,California,LosAngeles,35815.0,10071.0
2024,6037106408,Census Tract 1064.08,Los Angeles,Los Angeles County,California,LosAngeles,49596.0,9865.0
2024,6037106510,Census Tract 1065.10,Los Angeles,Los Angeles County,California,LosAngeles,119917.0,60494.0
2024,6037106520,Census Tract 1065.20,Los Angeles,Los Angeles County,California,LosAngeles,115467.0,40037.0
2024,6037106603,Census Tract 1066.03,Los Angeles,Los Angeles County,California,LosAngeles,238373.0,39954.0
2024,6037106604,Census Tract 1066.04,Los Angeles,Los Angeles County,California,LosAngeles,77596.0,20230.0
2024,6037106641,Census Tract 1066.41,Los Angeles,Los Angeles County,California,LosAngeles,124028.0,14876.0
2024,6037106642,Census Tract 1066.42,Los Angeles,Los Angeles County,California,LosAngeles,67212.0,53486.0
2024,6037106643,Census Tract 1066.43,Los Angeles,Los Angeles County,California,LosAngeles,212396.0,124307.0
2024,6037106645,Census Tract 1066.45,Los Angeles,Los Angeles County,California,LosAngeles,,
2024,6037106646,Census Tract 1066.46,Los Angeles,Los Angeles County,California,LosAngeles,108984.0,62060.0
2024,6037106648,Census Tract 1066.48,Los Angeles,Los Angeles County,California,LosAngeles,52305.0,24083.0
2024,6037106649,Census Tract 1066.49,Los Angeles,Los Angeles County,California,LosAngeles,106528.0,23101.0
2024,6037107010,Census Tract 1070.10,Los Angeles,Los Angeles County,California,LosAngeles,103429.0,19082.0
2024,6037107020,Census Tract 1070.20,Los Angeles,Los Angeles County,California,LosAngeles,76250.0,34553.0
2024,6037108101,Census Tract 1081.01,Los Angeles,Los Angeles County,California,LosAngeles,121429.0,73046.0
2024,6037108102,Census Tract 1081.02,Los Angeles,Los Angeles County,California,LosAngeles,118542.0,66012.0
2024,6037108103,Census Tract 1081.03,Los Angeles,Los Angeles County,California,LosAngeles,202350.0,92175.0
2024,6037108104,Census Tract 1081.04,Los Angeles,Los Angeles County,California,LosAngeles,215625.0,94696.0
2024,6037108202,Census Tract 1082.02,Los Angeles,Los Angeles County,California,LosAngeles,71068.0,58611.0
2024,6037108203,Census Tract 1082.03,Los Angeles,Los Angeles County,California,LosAngeles,130962.0,42144.0
2024,6037108204,Census Tract 1082.04,Los Angeles,Los Angeles County,California,LosAngeles,,
2024,6037109100,Census Tract 1091,Los Angeles,Los Angeles County,California,LosAngeles,70714.0,16549.0
2024,6037109200,Census Tract 1092,Los Angeles,Los Angeles County,California,LosAngeles,155536.0,7075.0
2024,6037109300,Census Tract 1093,Los Angeles,Los Angeles County,California,LosAngeles,120625.0,29121.0
2024,6037109400,Census Tract 1094,Los Angeles,Los Angeles County,California,LosAngeles,77878.0,33258.0
2024,6037109500,Census Tract 1095,Los Angeles,Los Angeles County,California,LosAngeles,91827.0,14990.0
2024,6037109601,Census Tract 1096.01,Los Angeles,Los Angeles County,California,LosAngeles,117528.0,28175.0
2024,6037109603,Census Tract 1096.03,Los Angeles,Los Angeles County,California,LosAngeles,87992.0,14336.0
2024,6037109604,Census Tract 1096.04,Los Angeles,Los Angeles County,California,LosAngeles,109141.0,20861.0
2024,6037109700,Census Tract 1097,Los Angeles,Los Angeles County,California,LosAngeles,103375.0,30661.0
2024,6037109800,Census Tract 1098,Los Angeles,Los Angeles County,California,LosAngeles,116964.0,65594.0
2024,6037111100,Census Tract 1111,Los Angeles,Los Angeles County,California,LosAngeles,91903.0,25585.0
2024,6037111201,Census Tract 1112.01,Los Angeles,Los Angeles County,California,LosAngeles,206071.0,99084.0
2024,6037111202,Census Tract 1112.02,Los Angeles,Los Angeles County,California,LosAngeles,118333.0,68395.0
2024,6037111204,Census Tract 1112.04,Los Angeles,Los Angeles County,California,LosAngeles,170231.0,96231.0
2024,6037111205,Census Tract 1112.05,Los Angeles,Los Angeles County,California,LosAngeles,138194.0,72123.0
2024,6037111206,Census Tract 1112.06,Los Angeles,Los Angeles County,California,LosAngeles,134231.0,98622.0
2024,6037111302,Census Tract 1113.02,Los Angeles,Los Angeles County,California,LosAngeles,95250.0,37904.0
2024,6037111303,Census Tract 1113.03,Los Angeles,Los Angeles County,California,LosAngeles,100313.0,37457.0
2024,6037111304,Census Tract 1113.04,Los Angeles,Los Angeles County,California,LosAngeles,,
2024,6037111401,Census Tract 1114.01,Los Angeles,Los Angeles County,California,LosAngeles,130278.0,47413.0
2024,6037111402,Census Tract 1114.02,Los Angeles,Los Angeles County,California,LosAngeles,56651.0,37664.0
2024,6037113101,Census Tract 1131.01,Los Angeles,Los Angeles County,California,LosAngeles,152984.0,40403.0
2024,6037113102,Census Tract 1131.02,Los Angeles,Los Angeles County,California,LosAngeles,,
2024,6037113211,Census Tract 1132.11,Los Angeles,Los Angeles County,California,LosAngeles,161250.0,26439.0
2024,6037113212,Census Tract 1132.12,Los Angeles,Los Angeles County,California,LosAngeles,81827.0,35868.0
2024,6037113213,Census Tract 1132.13,Los Angeles,Los Angeles County,California,LosAngeles,133657.0,27932.0
2024,6037113231,Census Tract 1132.31,Los Angeles,Los Angeles County,California,LosAngeles,71481.0,38776.0
2024,6037113232,Census Tract 1132.32,Los Angeles,Los Angeles County,California,LosAngeles,,
2024,6037113234,Census Tract 1132.34,Los Angeles,Los Angeles County,California,LosAngeles,77134.0,47818.0
2024,6037113235,Census Tract 1132.35,Los Angeles,Los Angeles County,California,LosAngeles,99318.0,82802.0
2024,6037113237,Census Tract 1132.37,Los Angeles,Los Angeles County,California,LosAngeles,191250.0,147663.0
2024,6037113238,Census Tract 1132.38,Los Angeles,Los Angeles County,California,LosAngeles,56842.0,33615.0
2024,6037113239,Census Tract 1132.39,Los Angeles,Los Angeles County,California,LosAngeles,61953.0,24081.0
2024,6037113301,Census Tract 1133.01,Los Angeles,Los Angeles County,California,LosAngeles,183750.0,37441.0
2024,6037113303,Census Tract 1133.03,Los Angeles,Los Angeles County,California,LosAngeles,98229.0,42772.0
2024,6037113322,Census Tract 1133.22,Los Angeles,Los Angeles County,California,LosAngeles,123679.0,48578.0
2024,6037113323,Census Tract 1133.23,Los Angeles,Los Angeles County,California,LosAngeles,102782.0,61023.0
2024,6037113324,Census Tract 1133.24,Los Angeles,Los Angeles County,California,LosAngeles,106036.0,946.0
2024,6037113423,Census Tract 1134.23,Los Angeles,Los Angeles County,California,LosAngeles,99074.0,46078.0
2024,6037113424,Census Tract 1134.24,Los Angeles,Los Angeles County,California,LosAngeles,,
2024,6037113425,Census Tract 1134.25,Los Angeles,Los Angeles County,California,LosAngeles,80655.0,9402.0
2024,6037113426,Census Tract 1134.26,Los Angeles,Los Angeles County,California,LosAngeles,68125.0,22301.0
2024,6037113427,Census Tract 1134.27,Los Angeles,Los Angeles County,California,LosAngeles,65863.0,6828.0
2024,6037113428,Census Tract 1134.28,Los Angeles,Los Angeles County,California,LosAngeles,111392.0,58395.0
2024,6037115101,Census Tract 1151.01,Los Angeles,Los Angeles County,California,LosAngeles,162697.0,118142.0
2024,6037115103,Census Tract 1151.03,Los Angeles,Los Angeles County,California,LosAngeles,,
2024,6037115104,Census Tract 1151.04,Los Angeles,Los Angeles County,California,LosAngeles,52292.0,33144.0
2024,6037115202,Census Tract 1152.02,Los Angeles,Los Angeles County,California,LosAngeles,48282.0,8902.0
2024,6037115203,Census Tract 1152.03,Los Angeles,Los Angeles County,California,LosAngeles,103462.0,43806.0
2024,6037115204,Census Tract 1152.04,Los Angeles,Los Angeles County,California,LosAngeles,113750.0,56188.0
2024,6037115301,Census Tract 1153.01,Los Angeles,Los Angeles County,California,LosAngeles,98000.0,32807.0
2024,6037115302,Census Tract 1153.02,Los Angeles,Los Angeles County,California,LosAngeles,67885.0,15933.0
2024,6037115401,Census Tract 1154.01,Los Angeles,Los Angeles County,California,LosAngeles,56518.0,16053.0
2024,6037115403,Census Tract 1154.03,Los Angeles,Los Angeles County,California,LosAngeles,70625.0,26435.0
2024,6037115404,Census Tract 1154.04,Los Angeles,Los Angeles County,California,LosAngeles,59970.0,10821.0
2024,6037117101,Census Tract 1171.01,Los Angeles,Los Angeles County,California,LosAngeles,73542.0,32064.0
2024,6037117102,Census Tract 1171.02,Los Angeles,Los Angeles County,California,LosAngeles,93000.0,46438.0
2024,6037117201,Census Tract 1172.01,Los Angeles,Los Angeles County,California,LosAngeles,52875.0,22190.0
2024,6037117202,Census Tract 1172.02,Los Angeles,Los Angeles County,California,LosAngeles,,
2024,6037117301,Census Tract 1173.01,Los Angeles,Los Angeles County,California,LosAngeles,190855.0,81464.0
2024,6037117302,Census Tract 1173.02,Los Angeles,Los Angeles County,California,LosAngeles,64583.0,22162.0
2024,6037117303,Census Tract 1173.03,Los Angeles,Los Angeles County,California,LosAngeles,129682.0,25955.0
2024,6037117404,Census Tract 1174.04,Los Angeles,Los Angeles County,California,LosAngeles,134018.0,68566.0
2024,6037117405,Census Tract 1174.05,Los Angeles,Los Angeles County,California,LosAngeles,51042.0,18061.0
2024,6037117407,Census Tract 1174.07,Los Angeles,Los Angeles County,California,LosAngeles,55123.0,6708.0
2024,6037117408,Census Tract 1174.08,Los Angeles,Los Angeles County,California,LosAngeles,38869.0,17522.0
2024,6037117510,Census Tract 1175.10,Los Angeles,Los Angeles County,California,LosAngeles,47174.0,5189.0
2024,6037117520,Census Tract 1175.20,Los Angeles,Los Angeles County,California,LosAngeles,55202.0,13706.0
2024,6037117530,Census Tract 1175.30,Los Angeles,Los Angeles County,California,LosAngeles,45858.0,7382.0
2024,6037119001,Census Tract 1190.01,Los Angeles,Los Angeles County,California,LosAngeles,138281.0,32391.0
2024,6037119003,Census Tract 1190.03,Los Angeles,Los Angeles County,California,LosAngeles,98788.0,14413.0
2024,6037119004,Census Tract 1190.04,Los Angeles,Los Angeles County,California,LosAngeles,110417.0,59166.0
2024,6037119201,Census Tract 1192.01,Los Angeles,Los Angeles County,California,LosAngeles,114141.0,28425.0
2024,6037119202,Census Tract 1192.02,Los Angeles,Los Angeles County,California,LosAngeles,87212.0,35492.0
2024,6037119310,Census Tract 1193.10,Los Angeles,Los Angeles County,California,LosAngeles,68686.0,15021.0
2024,6037119320,Census Tract 1193.20,Los Angeles,Los Angeles County,California,LosAngeles,77368.0,48604.0
2024,6037119340,Census Tract 1193.40,Los Angeles,Los Angeles County,California,LosAngeles,50396.0,11654.0
2024,6037119341,Census Tract 1193.41,Los Angeles,Los Angeles County,California,LosAngeles,45313.0,9447.0
2024,6037119342,Census Tract 1193.42,Los Angeles,Los Angeles County,California,LosAngeles,57067.0,7797.0
2024,6037119400,Census Tract 1194,Los Angeles,Los Angeles County,California,LosAngeles,96389.0,24572.0
2024,6037119700,Census Tract 1197,Los Angeles,Los Angeles County,California,LosAngeles,70231.0,16733.0
2024,6037119801,Census Tract 1198.01,Los Angeles,Los Angeles County,California,LosAngeles,107125.0,37308.0
2024,6037119802,Census Tract 1198.02,Los Angeles,Los Angeles County,California,LosAngeles,94038.0,21802.0
2024,6037119900,Census Tract 1199,Los Angeles,Los Angeles County,California,LosAngeles,100893.0,36686.0
2024,6037120010,Census Tract 1200.10,Los Angeles,Los Angeles County,California,LosAngeles,81875.0,29341.0
2024,6037120020,Census Tract 1200.20,Los Angeles,Los Angeles County,California,LosAngeles,38958.0,10234.0
2024,6037120030,Census Tract 1200.30,Los Angeles,Los Angeles County,California,LosAngeles,47500.0,14029.0
2024,6037120103,Census Tract 1201.03,Los Angeles,Los Angeles County,California,LosAngeles,47143.0,15210.0
2024,6037120104,Census Tract 1201.04,Los Angeles,Los Angeles County,California,LosAngeles,51923.0,13058.0
2024,6037120105,Census Tract 1201.05,Los Angeles,Los Angeles County,California,LosAngeles,48047.0,7804.0
2024,6037120106,Census Tract 1201.06,Los Angeles,Los Angeles County,California,LosAngeles,37455.0,8310.0
2024,6037120107,Census Tract 1201.07,Los Angeles,Los Angeles County,California,LosAngeles,48625.0,18968.0
2024,6037120108,Census Tract 1201.08,Los Angeles,Los Angeles County,California,LosAngeles,58018.0,18220.0
2024,6037120300,Census Tract 1203,Los Angeles,Los Angeles County,California,LosAngeles,,
2024,6037120400,Census Tract 1204,Los Angeles,Los Angeles County,California,LosAngeles,51174.0,17361.0
2024,6037121010,Census Tract 1210.10,Los Angeles,Los Angeles County,California,LosAngeles,101455.0,36266.0
2024,6037121020,Census Tract 1210.20,Los Angeles,Los Angeles County,California,LosAngeles,76316.0,34707.0
2024,6037121101,Census Tract 1211.01,Los Angeles,Los Angeles County,California,LosAngeles,82917.0,24806.0
2024,6037121102,Census Tract 1211.02,Los Angeles,Los Angeles County,California,LosAngeles,80250.0,42215.0
2024,6037121210,Census Tract 1212.10,Los Angeles,Los Angeles County,California,LosAngeles,79855.0,14595.0
2024,6037121221,Census Tract 1212.21,Los Angeles,Los Angeles County,California,LosAngeles,100781.0,13150.0
2024,6037121222,Census Tract 1212.22,Los Angeles,Los Angeles County,California,LosAngeles,89750.0,21635.0
2024,6037121600,Census Tract 1216,Los Angeles,Los Angeles County,California,LosAngeles,151648.0,23830.0
2024,6037121801,Census Tract 1218.01,Los Angeles,Los Angeles County,California,LosAngeles,64808.0,17507.0
2024,6037121802,Census Tract 1218.02,Los Angeles,Los Angeles County,California,LosAngeles,124441.0,11297.0
2024,6037121900,Census Tract 1219,Los Angeles,Los Angeles County,California,LosAngeles,49120.0,18328.0
2024,6037122000,Census Tract 1220,Los Angeles,Los Angeles County,California,LosAngeles,105647.0,46151.0
2024,6037122120,Census Tract 1221.20,Los Angeles,Los Angeles County,California,LosAngeles,58050.0,15553.0
2024,6037122121,Census Tract 1221.21,Los Angeles,Los Angeles County,California,LosAngeles,46339.0,44767.0
2024,6037122122,Census Tract 1221.22,Los Angeles,Los Angeles County,California,LosAngeles,49291.0,6011.0
2024,6037122200,Census Tract 1222,Los Angeles,Los Angeles County,California,LosAngeles,63929.0,22924.0
2024,6037122410,Census Tract 1224.10,Los Angeles,Los Angeles County,California,LosAngeles,74792.0,28877.0
2024,6037122420,Census Tract 1224.20,Los Angeles,Los Angeles County,California,LosAngeles,63822.0,18296.0
2024,6037123010,Census Tract 1230.10,Los Angeles,Los Angeles County,California,LosAngeles,57438.0,13090.0
2024,6037123020,Census Tract 1230.20,Los Angeles,Los Angeles County,California,LosAngeles,87286.0,5346.0
2024,6037123103,Census Tract 1231.03,Los Angeles,Los Angeles County,California,LosAngeles,75700.0,29436.0
2024,6037123104,Census Tract 1231.04,Los Angeles,Los Angeles County,California,LosAngeles,95532.0,28445.0
2024,6037123203,Census Tract 1232.03,Los Angeles,Los Angeles County,California,LosAngeles,62934.0,30525.0
2024,6037123204,Census Tract 1232.04,Los Angeles,Los Angeles County,California,LosAngeles,70125.0,17791.0
2024,6037123205,Census Tract 1232.05,Los Angeles,Los Angeles County,California,LosAngeles,61591.0,19842.0
2024,6037123206,Census Tract 1232.06,Los Angeles,Los Angeles County,California,LosAngeles,56136.0,38815.0
2024,6037123301,Census Tract 1233.01,Los Angeles,Los Angeles County,California,LosAngeles,67195.0,14557.0
2024,6037123303,Census Tract 1233.03,Los Angeles,Los Angeles County,California,LosAngeles,66563.0,17767.0
2024,6037123304,Census Tract 1233.04,Los Angeles,Los Angeles County,California,LosAngeles,55494.0,18234.0
2024,6037123410,Census Tract 1234.10,Los Angeles,Los Angeles County,California,LosAngeles,35551.0,17475.0
2024,6037123420,Census Tract 1234.20,Los Angeles,Los Angeles County,California,LosAngeles,57872.0,28890.0
2024,6037123510,Census Tract 1235.10,Los Angeles,Los Angeles County,California,LosAngeles,44125.0,3567.0
2024,6037123520,Census Tract 1235.20,Los Angeles,Los Angeles County,California,LosAngeles,61414.0,6428.0
2024,6037123601,Census Tract 1236.01,Los Angeles,Los Angeles County,California,LosAngeles,,
2024,6037123602,Census Tract 1236.02,Los Angeles,Los Angeles County,California,LosAngeles,61875.0,41685.0
2024,6037123700,Census Tract 1237,Los Angeles,Los Angeles County,California,LosAngeles,117007.0,83669.0
2024,6037123800,Census Tract 1238,Los Angeles,Los Angeles County,California,LosAngeles,78800.0,24241.0
2024,6037123901,Census Tract 1239.01,Los Angeles,Los Angeles County,California,LosAngeles,56250.0,23555.0
2024,6037123902,Census Tract 1239.02,Los Angeles,Los Angeles County,California,LosAngeles,80357.0,29737.0
2024,6037124000,Census Tract 1240,Los Angeles,Los Angeles County,California,LosAngeles,,
2024,6037124102,Census Tract 1241.02,Los Angeles,Los Angeles County,California,LosAngeles,,
2024,6037124103,Census Tract 1241.03,Los Angeles,Los Angeles County,California,LosAngeles,62629.0,9309.0
2024,6037124104,Census Tract 1241.04,Los Angeles,Los Angeles County,California,LosAngeles,55907.0,10906.0
2024,6037124105,Census Tract 1241.05,Los Angeles,Los Angeles County,California,LosAngeles,64297.0,11986.0
2024,6037124201,Census Tract 1242.01,Los Angeles,Los Angeles County,California,LosAngeles,75361.0,12150.0
2024,6037124203,Census Tract 1242.03,Los Angeles,Los Angeles County,California,LosAngeles,79375.0,16732.0
2024,6037124204,Census Tract 1242.04,Los Angeles,Los Angeles County,California,LosAngeles,60888.0,13591.0
2024,6037124300,Census Tract 1243,Los Angeles,Los Angeles County,California,LosAngeles,82727.0,42847.0
2024,6037124400,Census Tract 1244,Los Angeles,Los Angeles County,California,LosAngeles,74722.0,71713.0
2024,6037124500,Census Tract 1245,Los Angeles,Los Angeles County,California,LosAngeles,77857.0,32928.0
2024,6037124600,Census Tract 1246,Los Angeles,Los Angeles County,California,LosAngeles,,
2024,6037124700,Census Tract 1247,Los Angeles,Los Angeles County,California,LosAngeles,,
2024,6037124902,Census Tract 1249.02,Los Angeles,Los Angeles County,California,LosAngeles,76563.0,53751.0
2024,6037124903,Census Tract 1249.03,Los Angeles,Los Angeles County,California,LosAngeles,66250.0,17679.0
2024,6037125101,Census Tract 1251.01,Los Angeles,Los Angeles County,California,LosAngeles,58472.0,16473.0
2024,6037125102,Census Tract 1251.02,Los Angeles,Los Angeles County,California,LosAngeles,,
2024,6037125200,Census Tract 1252,Los Angeles,Los Angeles County,California,LosAngeles,95625.0,60543.0
2024,6037125310,Census Tract 1253.10,Los Angeles,Los Angeles County,California,LosAngeles,60657.0,37715.0
2024,6037125321,Census Tract 1253.21,Los Angeles,Los Angeles County,California,LosAngeles,85299.0,17624.0
2024,6037125322,Census Tract 1253.22,Los Angeles,Los Angeles County,California,LosAngeles,28491.0,23739.0
2024,6037125402,Census Tract 1254.02,Los Angeles,Los Angeles County,California,LosAngeles,66563.0,34004.0
2024,6037125403,Census Tract 1254.03,Los Angeles,Los Angeles County,California,LosAngeles,51458.0,47188.0
2024,6037125404,Census Tract 1254.04,Los Angeles,Los Angeles County,California,LosAngeles,102301.0,29189.0
2024,6037125501,Census Tract 1255.01,Los Angeles,Los Angeles County,California,LosAngeles,77375.0,71346.0
2024,6037125502,Census Tract 1255.02,Los Angeles,Los Angeles County,California,LosAngeles,,
2024,6037125600,Census Tract 1256,Los Angeles,Los Angeles County,California,LosAngeles,104764.0,31090.0
2024,6037127102,Census Tract 1271.02,Los Angeles,Los Angeles County,California,LosAngeles,72131.0,25494.0
2024,6037127103,Census Tract 1271.03,Los Angeles,Los Angeles County,California,LosAngeles,51462.0,8613.0
2024,6037127104,Census Tract 1271.04,Los Angeles,Los Angeles County,California,LosAngeles,66040.0,21154.0
2024,6037127210,Census Tract 1272.10,Los Angeles,Los Angeles County,California,LosAngeles,67283.0,9668.0
2024,6037127220,Census Tract 1272.20,Los Angeles,Los Angeles County,California,LosAngeles,57021.0,5617.0
2024,6037127300,Census Tract 1273,Los Angeles,Los Angeles County,California,LosAngeles,67195.0,17048.0
2024,6037127400,Census Tract 1274,Los Angeles,Los Angeles County,California,LosAngeles,60607.0,14631.0
2024,6037127520,Census Tract 1275.20,Los Angeles,Los Angeles County,California,LosAngeles,53990.0,2821.0
2024,6037127603,Census Tract 1276.03,Los Angeles,Los Angeles County,California,LosAngeles,63958.0,15265.0
2024,6037127604,Census Tract 1276.04,Los Angeles,Los Angeles County,California,LosAngeles,60033.0,25297.0
2024,6037127605,Census Tract 1276.05,Los Angeles,Los Angeles County,California,LosAngeles,42067.0,39570.0
2024,6037127606,Census Tract 1276.06,Los Angeles,Los Angeles County,California,LosAngeles,79964.0,21284.0
2024,6037127711,Census Tract 1277.11,Los Angeles,Los Angeles County,California,LosAngeles,81691.0,23068.0
2024,6037127712,Census Tract 1277.12,Los Angeles,Los Angeles County,California,LosAngeles,75417.0,15564.0
2024,6037127803,Census Tract 1278.03,Los Angeles,Los Angeles County,California,LosAngeles,61141.0,6958.0
2024,6037127804,Census Tract 1278.04,Los Angeles,Los Angeles County,California,LosAngeles,72522.0,15163.0
2024,6037127805,Census Tract 1278.05,Los Angeles,Los Angeles County,California,LosAngeles,62250.0,32436.0
2024,6037127806,Census Tract 1278.06,Los Angeles,Los Angeles County,California,LosAngeles,55615.0,18462.0
2024,6037127910,Census Tract 1279.10,Los Angeles,Los Angeles County,California,LosAngeles,55560.0,13465.0
2024,6037127920,Census Tract 1279.20,Los Angeles,Los Angeles County,California,LosAngeles,77555.0,15225.0
2024,6037128101,Census Tract 1281.01,Los Angeles,Los Angeles County,California,LosAngeles,67269.0,39875.0
2024,6037128102,Census Tract 1281.02,Los Angeles,Los Angeles County,California,LosAngeles,56250.0,12461.0
2024,6037128210,Census Tract 1282.10,Los Angeles,Los Angeles County,California,LosAngeles,48508.0,9626.0
2024,6037128220,Census Tract 1282.20,Los Angeles,Los Angeles County,California,LosAngeles,63723.0,16179.0
2024,6037128302,Census Tract 1283.02,Los Angeles,Los Angeles County,California,LosAngeles,60769.0,27217.0
2024,6037128303,Census Tract 1283.03,Los Angeles,Los Angeles County,California,LosAngeles,50168.0,15237.0
2024,6037128400,Census Tract 1284,Los Angeles,Los Angeles County,California,LosAngeles,77153.0,25766.0
2024,6037128500,Census Tract 1285,Los Angeles,Los Angeles County,California,LosAngeles,86188.0,23390.0
2024,6037128601,Census Tract 1286.01,Los Angeles,Los Angeles County,California,LosAngeles,81435.0,7405.0
2024,6037128602,Census Tract 1286.02,Los Angeles,Los Angeles County,California,LosAngeles,83056.0,39802.0
2024,6037128703,Census Tract 1287.03,Los Angeles,Los Angeles County,California,LosAngeles,,
2024,6037128704,Census Tract 1287.04,Los Angeles,Los Angeles County,California,LosAngeles,144085.0,40568.0
2024,6037128801,Census Tract 1288.01,Los Angeles,Los Angeles County,California,LosAngeles,90000.0,82478.0
2024,6037128802,Census Tract 1288.02,Los Angeles,Los Angeles County,California,LosAngeles,69681.0,28903.0
2024,6037128910,Census Tract 1289.10,Los Angeles,Los Angeles County,California,LosAngeles,118100.0,14100.0
2024,6037131021,Census Tract 1310.21,Los Angeles,Los Angeles County,California,LosAngeles,71927.0,21361.0
2024,6037131022,Census Tract 1310.22,Los Angeles,Los Angeles County,California,LosAngeles,70515.0,45545.0
2024,6037131023,Census Tract 1310.23,Los Angeles,Los Angeles County,California,LosAngeles,86280.0,27201.0
2024,6037131024,Census Tract 1310.24,Los Angeles,Los Angeles County,California,LosAngeles,62872.0,39586.0
2024,6037131100,Census Tract 1311,Los Angeles,Los Angeles County,California,LosAngeles,73917.0,22204.0
2024,6037131200,Census Tract 1312,Los Angeles,Los Angeles County,California,LosAngeles,78836.0,52951.0
2024,6037131300,Census Tract 1313,Los Angeles,Los Angeles County,California,LosAngeles,123007.0,29304.0
2024,6037131400,Census Tract 1314,Los Angeles,Los Angeles County,California,LosAngeles,89444.0,34795.0
2024,6037131600,Census Tract 1316,Los Angeles,Los Angeles County,California,LosAngeles,94392.0,35688.0
2024,6037131701,Census Tract 1317.01,Los Angeles,Los Angeles County,California,LosAngeles,79512.0,12975.0
2024,6037131702,Census Tract 1317.02,Los Angeles,Los Angeles County,California,LosAngeles,83571.0,16835.0
2024,6037131801,Census Tract 1318.01,Los Angeles,Los Angeles County,California,LosAngeles,72857.0,29803.0
2024,6037131802,Census Tract 1318.02,Los Angeles,Los Angeles County,California,LosAngeles,106013.0,21095.0
2024,6037131900,Census Tract 1319,Los Angeles,Los Angeles County,California,LosAngeles,136098.0,39712.0
2024,6037132001,Census Tract 1320.01,Los Angeles,Los Angeles County,California,LosAngeles,124853.0,60017.0
2024,6037132002,Census Tract 1320.02,Los Angeles,Los Angeles County,California,LosAngeles,80260.0,37156.0
2024,6037132101,Census Tract 1321.01,Los Angeles,Los Angeles County,California,LosAngeles,48629.0,13624.0
2024,6037132102,Census Tract 1321.02,Los Angeles,Los Angeles County,California,LosAngeles,77522.0,61068.0
2024,6037132301,Census Tract 1323.01,Los Angeles,Los Angeles County,California,LosAngeles,54669.0,41450.0
2024,6037132302,Census Tract 1323.02,Los Angeles,Los Angeles County,California,LosAngeles,48750.0,46270.0
2024,6037132501,Census Tract 1325.01,Los Angeles,Los Angeles County,California,LosAngeles,94074.0,23125.0
2024,6037132502,Census Tract 1325.02,Los Angeles,Los Angeles County,California,LosAngeles,92076.0,23235.0
2024,6037132700,Census Tract 1327,Los Angeles,Los Angeles County,California,LosAngeles,53333.0,15812.0
2024,6037132900,Census Tract 1329,Los Angeles,Los Angeles County,California,LosAngeles,78477.0,43216.0
2024,6037133000,Census Tract 1330,Los Angeles,Los Angeles County,California,LosAngeles,87500.0,27674.0
2024,6037133101,Census Tract 1331.01,Los Angeles,Los Angeles County,California,LosAngeles,,
2024,6037133102,Census Tract 1331.02,Los Angeles,Los Angeles County,California,LosAngeles,81364.0,12301.0
2024,6037134001,Census Tract 1340.01,Los Angeles,Los Angeles County,California,LosAngeles,83478.0,11239.0
2024,6037134002,Census Tract 1340.02,Los Angeles,Los Angeles County,California,LosAngeles,75065.0,30299.0
2024,6037134101,Census Tract 1341.01,Los Angeles,Los Angeles County,California,LosAngeles,79333.0,21810.0
2024,6037134103,Census Tract 1341.03,Los Angeles,Los Angeles County,California,LosAngeles,45363.0,19137.0
2024,6037134104,Census Tract 1341.04,Los Angeles,Los Angeles County,California,LosAngeles,52679.0,31690.0
2024,6037134201,Census Tract 1342.01,Los Angeles,Los Angeles County,California,LosAngeles,127747.0,9683.0
2024,6037134302,Census Tract 1343.02,Los Angeles,Los Angeles County,California,LosAngeles,99811.0,94020.0
2024,6037134303,Census Tract 1343.03,Los Angeles,Los Angeles County,California,LosAngeles,122024.0,83040.0
2024,6037134304,Census Tract 1343.04,Los Angeles,Los Angeles County,California,LosAngeles,,
2024,6037134305,Census Tract 1343.05,Los Angeles,Los Angeles County,California,LosAngeles,79583.0,24905.0
2024,6037134306,Census Tract 1343.06,Los Angeles,Los Angeles County,California,LosAngeles,61250.0,28537.0
2024,6037134421,Census Tract 1344.21,Los Angeles,Los Angeles County,California,LosAngeles,177656.0,140138.0
2024,6037134422,Census Tract 1344.22,Los Angeles,Los Angeles County,California,LosAngeles,157350.0,114048.0
2024,6037134423,Census Tract 1344.23,Los Angeles,Los Angeles County,California,LosAngeles,,
2024,6037134424,Census Tract 1344.24,Los Angeles,Los Angeles County,California,LosAngeles,,
2024,6037134520,Census Tract 1345.20,Los Angeles,Los Angeles County,California,LosAngeles,58598.0,7508.0
2024,6037134521,Census Tract 1345.21,Los Angeles,Los Angeles County,California,LosAngeles,49722.0,13481.0
2024,6037134522,Census Tract 1345.22,Los Angeles,Los Angeles County,California,LosAngeles,61646.0,16099.0
2024,6037134710,Census Tract 1347.10,Los Angeles,Los Angeles County,California,LosAngeles,55256.0,12792.0
2024,6037134720,Census Tract 1347.20,Los Angeles,Los Angeles County,California,LosAngeles,123000.0,50477.0
2024,6037134801,Census Tract 1348.01,Los Angeles,Los Angeles County,California,LosAngeles,96042.0,60149.0
2024,6037134802,Census Tract 1348.02,Los Angeles,Los Angeles County,California,LosAngeles,80469.0,53995.0
2024,6037134901,Census Tract 1349.01,Los Angeles,Los Angeles County,California,LosAngeles,90074.0,45539.0
2024,6037134904,Census Tract 1349.04,Los Angeles,Los Angeles County,California,LosAngeles,95139.0,47278.0
2024,6037134905,Census Tract 1349.05,Los Angeles,Los Angeles County,California,LosAngeles,,
2024,6037134906,Census Tract 1349.06,Los Angeles,Los Angeles County,California,LosAngeles,60297.0,16040.0
2024,6037134907,Census Tract 1349.07,Los Angeles,Los Angeles County,California,LosAngeles,104827.0,47692.0
2024,6037135102,Census Tract 1351.02,Los Angeles,Los Angeles County,California,LosAngeles,246750.0,79370.0
2024,6037135111,Census Tract 1351.11,Los Angeles,Los Angeles County,California,LosAngeles,105318.0,14745.0
2024,6037135113,Census Tract 1351.13,Los Angeles,Los Angeles County,California,LosAngeles,119022.0,58703.0
2024,6037135115,Census Tract 1351.15,Los Angeles,Los Angeles County,California,LosAngeles,130776.0,62980.0
2024,6037135116,Census Tract 1351.16,Los Angeles,Los Angeles County,California,LosAngeles,73214.0,47298.0
2024,6037135201,Census Tract 1352.01,Los Angeles,Los Angeles County,California,LosAngeles,130994.0,19727.0
2024,6037135202,Census Tract 1352.02,Los Angeles,Los Angeles County,California,LosAngeles,138484.0,55423.0
2024,6037135204,Census Tract 1352.04,Los Angeles,Los Angeles County,California,LosAngeles,,
2024,6037135205,Census Tract 1352.05,Los Angeles,Los Angeles County,California,LosAngeles,131250.0,56107.0
2024,6037137000,Census Tract 1370,Los Angeles,Los Angeles County,California,LosAngeles,,
2024,6037137103,Census Tract 1371.03,Los Angeles,Los Angeles County,California,LosAngeles,78162.0,37093.0
2024,6037137104,Census Tract 1371.04,Los Angeles,Los Angeles County,California,LosAngeles,126277.0,655.0
2024,6037137202,Census Tract 1372.02,Los Angeles,Los Angeles County,California,LosAngeles,71364.0,46911.0
2024,6037137203,Census Tract 1372.03,Los Angeles,Los Angeles County,California,LosAngeles,,
2024,6037137301,Census Tract 1373.01,Los Angeles,Los Angeles County,California,LosAngeles,,
2024,6037137302,Census Tract 1373.02,Los Angeles,Los Angeles County,California,LosAngeles,167039.0,67685.0
2024,6037137401,Census Tract 1374.01,Los Angeles,Los Angeles County,California,LosAngeles,148558.0,119556.0
2024,6037137402,Census Tract 1374.02,Los Angeles,Los Angeles County,California,LosAngeles,,
2024,6037137501,Census Tract 1375.01,Los Angeles,Los Angeles County,California,LosAngeles,138226.0,100727.0
2024,6037137502,Census Tract 1375.02,Los Angeles,Los Angeles County,California,LosAngeles,121332.0,19059.0
2024,6037137504,Census Tract 1375.04,Los Angeles,Los Angeles County,California,LosAngeles,,
2024,6037138000,Census Tract 1380,Los Angeles,Los Angeles County,California,LosAngeles,,
2024,6037139001,Census Tract 1390.01,Los Angeles,Los Angeles County,California,LosAngeles,113144.0,34168.0
2024,6037139200,Census Tract 1392,Los Angeles,Los Angeles County,California,LosAngeles,82143.0,20836.0
2024,6037139301,Census Tract 1393.01,Los Angeles,Los Angeles County,California,LosAngeles,220147.0,146869.0
2024,6037139302,Census Tract 1393.02,Los Angeles,Los Angeles County,California,LosAngeles,91875.0,21249.0
2024,6037139303,Census Tract 1393.03,Los Angeles,Los Angeles County,California,LosAngeles,70992.0,13456.0
2024,6037139401,Census Tract 1394.01,Los Angeles,Los Angeles County,California,LosAngeles,,
2024,6037139402,Census Tract 1394.02,Los Angeles,Los Angeles County,California,LosAngeles,,
2024,6037139502,Census Tract 1395.02,Los Angeles,Los Angeles County,California,LosAngeles,97060.0,53280.0
2024,6037139504,Census Tract 1395.04,Los Angeles,Los Angeles County,California,LosAngeles,77993.0,27313.0
2024,6037139505,Census Tract 1395.05,Los Angeles,Los Angeles County,California,LosAngeles,,
2024,6037139506,Census Tract 1395.06,Los Angeles,Los Angeles County,California,LosAngeles,,
2024,6037139600,Census Tract 1396,Los Angeles,Los Angeles County,California,LosAngeles,93240.0,40856.0
2024,6037139701,Census Tract 1397.01,Los Angeles,Los Angeles County,California,LosAngeles,234688.0,229229.0
2024,6037139703,Census Tract 1397.03,Los Angeles,Los Angeles County,California,LosAngeles,193516.0,105391.0
2024,6037139704,Census Tract 1397.04,Los Angeles,Los Angeles County,California,LosAngeles,,
2024,6037139705,Census Tract 1397.05,Los Angeles,Los Angeles County,California,LosAngeles,,
2024,6037139801,Census Tract 1398.01,Los Angeles,Los Angeles County,California,LosAngeles,,
2024,6037139802,Census Tract 1398.02,Los Angeles,Los Angeles County,California,LosAngeles,221691.0,73776.0
2024,6037141101,Census Tract 1411.01,Los Angeles,Los Angeles County,California,LosAngeles,,
2024,6037141102,Census Tract 1411.02,Los Angeles,Los Angeles County,California,LosAngeles,,
2024,6037141201,Census Tract 1412.01,Los Angeles,Los Angeles County,California,LosAngeles,73550.0,11411.0
2024,6037141202,Census Tract 1412.02,Los Angeles,Los Angeles County,California,LosAngeles,108387.0,28935.0
2024,6037141303,Census Tract 1413.03,Los Angeles,Los Angeles County,California,LosAngeles,113345.0,10178.0
2024,6037141304,Census Tract 1413.04,Los Angeles,Los Angeles County,California,LosAngeles,108750.0,53718.0
2024,6037141305,Census Tract 1413.05,Los Angeles,Los Angeles County,California,LosAngeles,103008.0,24149.0
2024,6037141306,Census Tract 1413.06,Los Angeles,Los Angeles County,California,LosAngeles,122849.0,69380.0
2024,6037141400,Census Tract 1414,Los Angeles,Los Angeles County,California,LosAngeles,113625.0,111689.0
2024,6037141500,Census Tract 1415,Los Angeles,Los Angeles County,California,LosAngeles,,
2024,6037141600,Census Tract 1416,Los Angeles,Los Angeles County,California,LosAngeles,,
2024,6037141700,Census Tract 1417,Los Angeles,Los Angeles County,California,LosAngeles,,
2024,6037143101,Census Tract 1431.01,Los Angeles,Los Angeles County,California,LosAngeles,107951.0,27869.0
2024,6037143102,Census Tract 1431.02,Los Angeles,Los Angeles County,California,LosAngeles,111297.0,7442.0
2024,6037143200,Census Tract 1432,Los Angeles,Los Angeles County,California,LosAngeles,70643.0,32407.0
2024,6037143301,Census Tract 1433.01,Los Angeles,Los Angeles County,California,LosAngeles,,
2024,6037143302,Census Tract 1433.02,Los Angeles,Los Angeles County,California,LosAngeles,73731.0,21869.0
2024,6037143401,Census Tract 1434.01,Los Angeles,Los Angeles County,California,LosAngeles,,
2024,6037143402,Census Tract 1434.02,Los Angeles,Los Angeles County,California,LosAngeles,103966.0,42501.0
2024,6037143500,Census Tract 1435,Los Angeles,Los Angeles County,California,LosAngeles,,
2024,6037143602,Census Tract 1436.02,Los Angeles,Los Angeles County,California,LosAngeles,100673.0,47390.0
2024,6037143603,Census Tract 1436.03,Los Angeles,Los Angeles County,California,LosAngeles,101719.0,46951.0
2024,6037143605,Census Tract 1436.05,Los Angeles,Los Angeles County,California,LosAngeles,180758.0,45121.0
2024,6037143606,Census Tract 1436.06,Los Angeles,Los Angeles County,California,LosAngeles,66510.0,42233.0
2024,6037143700,Census Tract 1437,Los Angeles,Los Angeles County,California,LosAngeles,,
2024,6037143801,Census Tract 1438.01,Los Angeles,Los Angeles County,California,LosAngeles,,
2024,6037143802,Census Tract 1438.02,Los Angeles,Los Angeles County,California,LosAngeles,,
2024,6037143901,Census Tract 1439.01,Los Angeles,Los Angeles County,California,LosAngeles,,
2024,6037143902,Census Tract 1439.02,Los Angeles,Los Angeles County,California,LosAngeles,236364.0,87578.0
2024,6037181000,Census Tract 1810,Los Angeles,Los Angeles County,California,LosAngeles,,
2024,6037181300,Census Tract 1813,Los Angeles,Los Angeles County,California,LosAngeles,92292.0,56635.0
2024,6037181400,Census Tract 1814,Los Angeles,Los Angeles County,California,LosAngeles,79600.0,22889.0
2024,6037181500,Census Tract 1815,Los Angeles,Los Angeles County,California,LosAngeles,85795.0,64926.0
2024,6037181600,Census Tract 1816,Los Angeles,Los Angeles County,California,LosAngeles,81731.0,27866.0
2024,6037183101,Census Tract 1831.01,Los Angeles,Los Angeles County,California,LosAngeles,90614.0,27551.0
2024,6037183103,Census Tract 1831.03,Los Angeles,Los Angeles County,California,LosAngeles,81957.0,11342.0
2024,6037183104,Census Tract 1831.04,Los Angeles,Los Angeles County,California,LosAngeles,88125.0,26675.0
2024,6037183220,Census Tract 1832.20,Los Angeles,Los Angeles County,California,LosAngeles,105000.0,46929.0
2024,6037183221,Census Tract 1832.21,Los Angeles,Los Angeles County,California,LosAngeles,91131.0,64016.0
2024,6037183222,Census Tract 1832.22,Los Angeles,Los Angeles County,California,LosAngeles,90625.0,24082.0
2024,6037183300,Census Tract 1833,Los Angeles,Los Angeles County,California,LosAngeles,94000.0,63079.0
2024,6037183401,Census Tract 1834.01,Los Angeles,Los Angeles County,California,LosAngeles,114125.0,13834.0
2024,6037183402,Census Tract 1834.02,Los Angeles,Los Angeles County,California,LosAngeles,112857.0,42369.0
2024,6037183510,Census Tract 1835.10,Los Angeles,Los Angeles County,California,LosAngeles,80750.0,36749.0
2024,6037183520,Census Tract 1835.20,Los Angeles,Los Angeles County,California,LosAngeles,69198.0,3924.0
2024,6037183610,Census Tract 1836.10,Los Angeles,Los Angeles County,California,LosAngeles,52917.0,27984.0
2024,6037183620,Census Tract 1836.20,Los Angeles,Los Angeles County,California,LosAngeles,97292.0,33030.0
2024,6037183701,Census Tract 1837.01,Los Angeles,Los Angeles County,California,LosAngeles,67372.0,10925.0
2024,6037183702,Census Tract 1837.02,Los Angeles,Los Angeles County,California,LosAngeles,88304.0,24464.0
2024,6037183810,Census Tract 1838.10,Los Angeles,Los Angeles County,California,LosAngeles,62279.0,16108.0
2024,6037183820,Census Tract 1838.20,Los Angeles,Los Angeles County,California,LosAngeles,80612.0,31907.0
2024,6037185101,Census Tract 1851.01,Los Angeles,Los Angeles County,California,LosAngeles,51176.0,18446.0
2024,6037185102,Census Tract 1851.02,Los Angeles,Los Angeles County,California,LosAngeles,,
2024,6037185202,Census Tract 1852.02,Los Angeles,Los Angeles County,California,LosAngeles,74393.0,29058.0
2024,6037185203,Census Tract 1852.03,Los Angeles,Los Angeles County,California,LosAngeles,51250.0,14321.0
2024,6037185204,Census Tract 1852.04,Los Angeles,Los Angeles County,California,LosAngeles,,
2024,6037185310,Census Tract 1853.10,Los Angeles,Los Angeles County,California,LosAngeles,79014.0,15510.0
2024,6037185320,Census Tract 1853.20,Los Angeles,Los Angeles County,California,LosAngeles,61618.0,14719.0
2024,6037186100,Census Tract 1861,Los Angeles,Los Angeles County,California,LosAngeles,96875.0,16911.0
2024,6037186201,Census Tract 1862.01,Los Angeles,Los Angeles County,California,LosAngeles,64650.0,38637.0
2024,6037186202,Census Tract 1862.02,Los Angeles,Los Angeles County,California,LosAngeles,64886.0,49895.0
2024,6037186203,Census Tract 1862.03,Los Angeles,Los Angeles County,California,LosAngeles,132632.0,8493.0
2024,6037186301,Census Tract 1863.01,Los Angeles,Los Angeles County,California,LosAngeles,72989.0,12892.0
2024,6037186302,Census Tract 1863.02,Los Angeles,Los Angeles County,California,LosAngeles,63009.0,24587.0
2024,6037186401,Census Tract 1864.01,Los Angeles,Los Angeles County,California,LosAngeles,67924.0,11197.0
2024,6037186403,Census Tract 1864.03,Los Angeles,Los Angeles County,California,LosAngeles,105625.0,19939.0
2024,6037186404,Census Tract 1864.04,Los Angeles,Los Angeles County,California,LosAngeles,40469.0,24765.0
2024,6037187101,Census Tract 1871.01,Los Angeles,Los Angeles County,California,LosAngeles,43802.0,31581.0
2024,6037187102,Census Tract 1871.02,Los Angeles,Los Angeles County,California,LosAngeles,107803.0,50796.0
2024,6037187200,Census Tract 1872,Los Angeles,Los Angeles County,California,LosAngeles,84125.0,32667.0
2024,6037187300,Census Tract 1873,Los Angeles,Los Angeles County,California,LosAngeles,114156.0,21824.0
2024,6037188100,Census Tract 1881,Los Angeles,Los Angeles County,California,LosAngeles,78828.0,19506.0
2024,6037188201,Census Tract 1882.01,Los Angeles,Los Angeles County,California,LosAngeles,87778.0,47488.0
2024,6037188202,Census Tract 1882.02,Los Angeles,Los Angeles County,California,LosAngeles,,
2024,6037188300,Census Tract 1883,Los Angeles,Los Angeles County,California,LosAngeles,98438.0,49208.0
2024,6037189101,Census Tract 1891.01,Los Angeles,Los Angeles County,California,LosAngeles,,
2024,6037189102,Census Tract 1891.02,Los Angeles,Los Angeles County,California,LosAngeles,,
2024,6037189201,Census Tract 1892.01,Los Angeles,Los Angeles County,California,LosAngeles,131615.0,65624.0
2024,6037189202,Census Tract 1892.02,Los Angeles,Los Angeles County,California,LosAngeles,131211.0,15328.0
2024,6037189300,Census Tract 1893,Los Angeles,Los Angeles County,California,LosAngeles,183839.0,100482.0
2024,6037189400,Census Tract 1894,Los Angeles,Los Angeles County,California,LosAngeles,74844.0,73193.0
2024,6037189501,Census Tract 1895.01,Los Angeles,Los Angeles County,California,LosAngeles,,
2024,6037189502,Census Tract 1895.02,Los Angeles,Los Angeles County,California,LosAngeles,,
2024,6037189600,Census Tract 1896,Los Angeles,Los Angeles County,California,LosAngeles,,
2024,6037189702,Census Tract 1897.02,Los Angeles,Los Angeles County,California,LosAngeles,79444.0,59580.0
2024,6037189703,Census Tract 1897.03,Los Angeles,Los Angeles County,California,LosAngeles,40179.0,29071.0
2024,6037189704,Census Tract 1897.04,Los Angeles,Los Angeles County,California,LosAngeles,72759.0,10283.0
2024,6037189801,Census Tract 1898.01,Los Angeles,Los Angeles County,California,LosAngeles,54352.0,46386.0
2024,6037189802,Census Tract 1898.02,Los Angeles,Los Angeles County,California,LosAngeles,107411.0,64652.0
2024,6037189903,Census Tract 1899.03,Los Angeles,Los Angeles County,California,LosAngeles,102125.0,40768.0
2024,6037189904,Census Tract 1899.04,Los Angeles,Los Angeles County,California,LosAngeles,,
2024,6037189905,Census Tract 1899.05,Los Angeles,Los Angeles County,California,LosAngeles,89167.0,73591.0
2024,6037189906,Census Tract 1899.06,Los Angeles,Los Angeles County,California,LosAngeles,94359.0,43231.0
2024,6037189907,Census Tract 1899.07,Los Angeles,Los Angeles County,California,LosAngeles,96776.0,26039.0
2024,6037190101,Census Tract 1901.01,Los Angeles,Los Angeles County,California,LosAngeles,58214.0,17501.0
2024,6037190102,Census Tract 1901.02,Los Angeles,Los Angeles County,California,LosAngeles,102434.0,90430.0
2024,6037190201,Census Tract 1902.01,Los Angeles,Los Angeles County,California,LosAngeles,38295.0,30104.0
2024,6037190202,Census Tract 1902.02,Los Angeles,Los Angeles County,California,LosAngeles,84025.0,42292.0
2024,6037190302,Census Tract 1903.02,Los Angeles,Los Angeles County,California,LosAngeles,90568.0,75706.0
2024,6037190303,Census Tract 1903.03,Los Angeles,Los Angeles County,California,LosAngeles,40473.0,3564.0
2024,6037190401,Census Tract 1904.01,Los Angeles,Los Angeles County,California,LosAngeles,59516.0,12365.0
2024,6037190402,Census Tract 1904.02,Los Angeles,Los Angeles County,California,LosAngeles,66936.0,35493.0
2024,6037190510,Census Tract 1905.10,Los Angeles,Los Angeles County,California,LosAngeles,88375.0,43593.0
2024,6037190520,Census Tract 1905.20,Los Angeles,Los Angeles County,California,LosAngeles,56250.0,5488.0
2024,6037190701,Census Tract 1907.01,Los Angeles,Los Angeles County,California,LosAngeles,,
2024,6037190702,Census Tract 1907.02,Los Angeles,Los Angeles County,California,LosAngeles,,
2024,6037190801,Census Tract 1908.01,Los Angeles,Los Angeles County,California,LosAngeles,53060.0,23905.0
2024,6037190802,Census Tract 1908.02,Los Angeles,Los Angeles County,California,LosAngeles,62442.0,30117.0
2024,6037190901,Census Tract 1909.01,Los Angeles,Los Angeles County,California,LosAngeles,41827.0,13507.0
2024,6037190902,Census Tract 1909.02,Los Angeles,Los Angeles County,California,LosAngeles,60203.0,19916.0
2024,6037191000,Census Tract 1910,Los Angeles,Los Angeles County,California,LosAngeles,63672.0,23085.0
2024,6037191110,Census Tract 1911.10,Los Angeles,Los Angeles County,California,LosAngeles,71523.0,23687.0
2024,6037191120,Census Tract 1911.20,Los Angeles,Los Angeles County,California,LosAngeles,67045.0,24954.0
2024,6037191201,Census Tract 1912.01,Los Angeles,Los Angeles County,California,LosAngeles,44402.0,7716.0
2024,6037191203,Census Tract 1912.03,Los Angeles,Los Angeles County,California,LosAngeles,,
2024,6037191204,Census Tract 1912.04,Los Angeles,Los Angeles County,California,LosAngeles,54539.0,15125.0
2024,6037191301,Census Tract 1913.01,Los Angeles,Los Angeles County,California,LosAngeles,39107.0,15553.0
2024,6037191302,Census Tract 1913.02,Los Angeles,Los Angeles County,California,LosAngeles,47386.0,3803.0
2024,6037191410,Census Tract 1914.10,Los Angeles,Los Angeles County,California,LosAngeles,45616.0,11458.0
2024,6037191420,Census Tract 1914.20,Los Angeles,Los Angeles County,California,LosAngeles,62644.0,25144.0
2024,6037191500,Census Tract 1915,Los Angeles,Los Angeles County,California,LosAngeles,66027.0,21650.0
2024,6037191610,Census Tract 1916.10,Los Angeles,Los Angeles County,California,LosAngeles,50588.0,15032.0
2024,6037191620,Census Tract 1916.20,Los Angeles,Los Angeles County,California,LosAngeles,53641.0,25209.0
2024,6037191710,Census Tract 1917.10,Los Angeles,Los Angeles County,California,LosAngeles,28514.0,4619.0
2024,6037191720,Census Tract 1917.20,Los Angeles,Los Angeles County,California,LosAngeles,51250.0,37758.0
2024,6037191810,Census Tract 1918.10,Los Angeles,Los Angeles County,California,LosAngeles,70175.0,25044.0
2024,6037191820,Census Tract 1918.20,Los Angeles,Los Angeles County,California,LosAngeles,67064.0,29444.0
2024,6037191901,Census Tract 1919.01,Los Angeles,Los Angeles County,California,LosAngeles,85875.0,58031.0
2024,6037191902,Census Tract 1919.02,Los Angeles,Los Angeles County,California,LosAngeles,96691.0,27162.0
2024,6037192001,Census Tract 1920.01,Los Angeles,Los Angeles County,California,LosAngeles,87617.0,10911.0
2024,6037192002,Census Tract 1920.02,Los Angeles,Los Angeles County,California,LosAngeles,106296.0,56695.0
2024,6037192300,Census Tract 1923,Los Angeles,Los Angeles County,California,LosAngeles,81119.0,35443.0
2024,6037192410,Census Tract 1924.10,Los Angeles,Los Angeles County,California,LosAngeles,76667.0,31264.0
2024,6037192420,Census Tract 1924.20,Los Angeles,Los Angeles County,California,LosAngeles,70203.0,22537.0
2024,6037192510,Census Tract 1925.10,Los Angeles,Los Angeles County,California,LosAngeles,63696.0,12403.0
2024,6037192520,Census Tract 1925.20,Los Angeles,Los Angeles County,California,LosAngeles,70878.0,8232.0
2024,6037192610,Census Tract 1926.10,Los Angeles,Los Angeles County,California,LosAngeles,52830.0,9660.0
2024,6037192620,Census Tract 1926.20,Los Angeles,Los Angeles County,California,LosAngeles,49293.0,12060.0
2024,6037192700,Census Tract 1927,Los Angeles,Los Angeles County,California,LosAngeles,58550.0,32406.0
2024,6037194101,Census Tract 1941.01,Los Angeles,Los Angeles County,California,LosAngeles,86250.0,38213.0
2024,6037194102,Census Tract 1941.02,Los Angeles,Los Angeles County,California,LosAngeles,,
2024,6037194200,Census Tract 1942,Los Angeles,Los Angeles County,California,LosAngeles,202404.0,158193.0
2024,6037194300,Census Tract 1943,Los Angeles,Los Angeles County,California,LosAngeles,,
2024,6037194401,Census Tract 1944.01,Los Angeles,Los Angeles County,California,LosAngeles,155694.0,102118.0
2024,6037194402,Census Tract 1944.02,Los Angeles,Los Angeles County,California,LosAngeles,34235.0,28271.0
2024,6037194500,Census Tract 1945,Los Angeles,Los Angeles County,California,LosAngeles,,
2024,6037195100,Census Tract 1951,Los Angeles,Los Angeles County,California,LosAngeles,,
2024,6037195201,Census Tract 1952.01,Los Angeles,Los Angeles County,California,LosAngeles,99028.0,82501.0
2024,6037195202,Census Tract 1952.02,Los Angeles,Los Angeles County,California,LosAngeles,162888.0,37362.0
2024,6037195300,Census Tract 1953,Los Angeles,Los Angeles County,California,LosAngeles,47596.0,37511.0
2024,6037195400,Census Tract 1954,Los Angeles,Los Angeles County,California,LosAngeles,111953.0,108041.0
2024,6037195500,Census Tract 1955,Los Angeles,Los Angeles County,California,LosAngeles,,
2024,6037195600,Census Tract 1956,Los Angeles,Los Angeles County,California,LosAngeles,82917.0,73002.0
2024,6037195710,Census Tract 1957.10,Los Angeles,Los Angeles County,California,LosAngeles,62381.0,23642.0
2024,6037195720,Census Tract 1957.20,Los Angeles,Los Angeles County,California,LosAngeles,50208.0,29540.0
2024,6037195802,Census Tract 1958.02,Los Angeles,Los Angeles County,California,LosAngeles,48472.0,15040.0
2024,6037195803,Census Tract 1958.03,Los Angeles,Los Angeles County,California,LosAngeles,68409.0,16722.0
2024,6037195804,Census Tract 1958.04,Los Angeles,Los Angeles County,California,LosAngeles,70734.0,32771.0
2024,6037195901,Census Tract 1959.01,Los Angeles,Los Angeles County,California,LosAngeles,95250.0,10394.0
2024,6037195902,Census Tract 1959.02,Los Angeles,Los Angeles County,California,LosAngeles,34450.0,10896.0
2024,6037195903,Census Tract 1959.03,Los Angeles,Los Angeles County,California,LosAngeles,72548.0,24426.0
2024,6037197200,Census Tract 1972,Los Angeles,Los Angeles County,California,LosAngeles,115885.0,59644.0
2024,6037197300,Census Tract 1973,Los Angeles,Los Angeles County,California,LosAngeles,86625.0,36188.0
2024,6037197410,Census Tract 1974.10,Los Angeles,Los Angeles County,California,LosAngeles,105370.0,13336.0
2024,6037197420,Census Tract 1974.20,Los Angeles,Los Angeles County,California,LosAngeles,70636.0,23403.0
2024,6037197500,Census Tract 1975,Los Angeles,Los Angeles County,California,LosAngeles,45101.0,22115.0
2024,6037197600,Census Tract 1976,Los Angeles,Los Angeles County,California,LosAngeles,69643.0,33086.0
2024,6037197700,Census Tract 1977,Los Angeles,Los Angeles County,California,LosAngeles,62500.0,7707.0
2024,6037199001,Census Tract 1990.01,Los Angeles,Los Angeles County,California,LosAngeles,48306.0,23872.0
2024,6037199002,Census Tract 1990.02,Los Angeles,Los Angeles County,California,LosAngeles,43304.0,22283.0
2024,6037199110,Census Tract 1991.10,Los Angeles,Los Angeles County,California,LosAngeles,76618.0,19711.0
2024,6037199120,Census Tract 1991.20,Los Angeles,Los Angeles County,California,LosAngeles,44959.0,14036.0
2024,6037199201,Census Tract 1992.01,Los Angeles,Los Angeles County,California,LosAngeles,60000.0,26762.0
2024,6037199202,Census Tract 1992.02,Los Angeles,Los Angeles County,California,LosAngeles,99205.0,21164.0
2024,6037199300,Census Tract 1993,Los Angeles,Los Angeles County,California,LosAngeles,102598.0,25345.0
2024,6037199400,Census Tract 1994,Los Angeles,Los Angeles County,California,LosAngeles,50769.0,21022.0
2024,6037199700,Census Tract 1997,Los Angeles,Los Angeles County,California,LosAngeles,56060.0,14474.0
2024,6037199801,Census Tract 1998.01,Los Angeles,Los Angeles County,California,LosAngeles,73333.0,39082.0
2024,6037199802,Census Tract 1998.02,Los Angeles,Los Angeles County,California,LosAngeles,55313.0,51443.0
2024,6037199900,Census Tract 1999,Los Angeles,Los Angeles County,California,LosAngeles,36192.0,4832.0
2024,6037201110,Census Tract 2011.10,Los Angeles,Los Angeles County,California,LosAngeles,101085.0,2468.0
2024,6037201120,Census Tract 2011.20,Los Angeles,Los Angeles County,California,LosAngeles,70848.0,12090.0
2024,6037201200,Census Tract 2012,Los Angeles,Los Angeles County,California,LosAngeles,86080.0,20522.0
2024,6037201301,Census Tract 2013.01,Los Angeles,Los Angeles County,California,LosAngeles,71402.0,46407.0
2024,6037201302,Census Tract 2013.02,Los Angeles,Los Angeles County,California,LosAngeles,78191.0,20082.0
2024,6037201401,Census Tract 2014.01,Los Angeles,Los Angeles County,California,LosAngeles,49258.0,23376.0
2024,6037201402,Census Tract 2014.02,Los Angeles,Los Angeles County,California,LosAngeles,73906.0,41743.0
2024,6037201501,Census Tract 2015.01,Los Angeles,Los Angeles County,California,LosAngeles,73074.0,24712.0
2024,6037201503,Census Tract 2015.03,Los Angeles,Los Angeles County,California,LosAngeles,62439.0,12313.0
2024,6037201504,Census Tract 2015.04,Los Angeles,Los Angeles County,California,LosAngeles,76765.0,58329.0
2024,6037201601,Census Tract 2016.01,Los Angeles,Los Angeles County,California,LosAngeles,58348.0,20110.0
2024,6037201602,Census Tract 2016.02,Los Angeles,Los Angeles County,California,LosAngeles,73709.0,8424.0
2024,6037201700,Census Tract 2017,Los Angeles,Los Angeles County,California,LosAngeles,86621.0,10901.0
2024,6037203100,Census Tract 2031,Los Angeles,Los Angeles County,California,LosAngeles,60444.0,20100.0
2024,6037203200,Census Tract 2032,Los Angeles,Los Angeles County,California,LosAngeles,59356.0,9783.0
2024,6037203300,Census Tract 2033,Los Angeles,Los Angeles County,California,LosAngeles,53309.0,18132.0
2024,6037203500,Census Tract 2035,Los Angeles,Los Angeles County,California,LosAngeles,62700.0,17244.0
2024,6037203601,Census Tract 2036.01,Los Angeles,Los Angeles County,California,LosAngeles,44773.0,29759.0
2024,6037203602,Census Tract 2036.02,Los Angeles,Los Angeles County,California,LosAngeles,75109.0,24162.0
2024,6037203710,Census Tract 2037.10,Los Angeles,Los Angeles County,California,LosAngeles,87024.0,15911.0
2024,6037203720,Census Tract 2037.20,Los Angeles,Los Angeles County,California,LosAngeles,57222.0,34129.0
2024,6037203800,Census Tract 2038,Los Angeles,Los Angeles County,California,LosAngeles,68699.0,12798.0
2024,6037203900,Census Tract 2039,Los Angeles,Los Angeles County,California,LosAngeles,63036.0,18787.0
2024,6037204110,Census Tract 2041.10,Los Angeles,Los Angeles County,California,LosAngeles,70272.0,28752.0
2024,6037204120,Census Tract 2041.20,Los Angeles,Los Angeles County,California,LosAngeles,88450.0,27335.0
2024,6037204200,Census Tract 2042,Los Angeles,Los Angeles County,California,LosAngeles,49436.0,9334.0
2024,6037204300,Census Tract 2043,Los Angeles,Los Angeles County,California,LosAngeles,62855.0,15878.0
2024,6037204410,Census Tract 2044.10,Los Angeles,Los Angeles County,California,LosAngeles,,
2024,6037204420,Census Tract 2044.20,Los Angeles,Los Angeles County,California,LosAngeles,55612.0,5788.0
2024,6037204600,Census Tract 2046,Los Angeles,Los Angeles County,California,LosAngeles,51399.0,10652.0
2024,6037204700,Census Tract 2047,Los Angeles,Los Angeles County,California,LosAngeles,77714.0,20376.0
2024,6037204810,Census Tract 2048.10,Los Angeles,Los Angeles County,California,LosAngeles,59677.0,11816.0
2024,6037204820,Census Tract 2048.20,Los Angeles,Los Angeles County,California,LosAngeles,77188.0,20224.0
2024,6037204910,Census Tract 2049.10,Los Angeles,Los Angeles County,California,LosAngeles,51771.0,10652.0
2024,6037204920,Census Tract 2049.20,Los Angeles,Los Angeles County,California,LosAngeles,75694.0,13174.0
2024,6037205110,Census Tract 2051.10,Los Angeles,Los Angeles County,California,LosAngeles,54877.0,12012.0
2024,6037205120,Census Tract 2051.20,Los Angeles,Los Angeles County,California,LosAngeles,31580.0,18186.0
2024,6037206010,Census Tract 2060.10,Los Angeles,Los Angeles County,California,LosAngeles,47092.0,37579.0
2024,6037206020,Census Tract 2060.20,Los Angeles,Los Angeles County,California,LosAngeles,,
2024,6037206050,Census Tract 2060.50,Los Angeles,Los Angeles County,California,LosAngeles,48750.0,38620.0
2024,6037206051,Census Tract 2060.51,Los Angeles,Los Angeles County,California,LosAngeles,,
2024,6037206052,Census Tract 2060.52,Los Angeles,Los Angeles County,California,LosAngeles,227816.0,177416.0
2024,6037206053,Census Tract 2060.53,Los Angeles,Los Angeles County,California,LosAngeles,70398.0,25056.0
2024,6037206054,Census Tract 2060.54,Los Angeles,Los Angeles County,California,LosAngeles,81458.0,39723.0
2024,6037206201,Census Tract 2062.01,Los Angeles,Los Angeles County,California,LosAngeles,41141.0,14844.0
2024,6037206202,Census Tract 2062.02,Los Angeles,Los Angeles County,California,LosAngeles,36333.0,953.0
2024,6037206301,Census Tract 2063.01,Los Angeles,Los Angeles County,California,LosAngeles,16383.0,4204.0
2024,6037206302,Census Tract 2063.02,Los Angeles,Los Angeles County,California,LosAngeles,,
2024,6037206303,Census Tract 2063.03,Los Angeles,Los Angeles County,California,LosAngeles,,
2024,6037207101,Census Tract 2071.01,Los Angeles,Los Angeles County,California,LosAngeles,97042.0,13759.0
2024,6037207102,Census Tract 2071.02,Los Angeles,Los Angeles County,California,LosAngeles,45764.0,13503.0
2024,6037207103,Census Tract 2071.03,Los Angeles,Los Angeles County,California,LosAngeles,56316.0,16113.0
2024,6037207303,Census Tract 2073.03,Los Angeles,Los Angeles County,California,LosAngeles,31204.0,24706.0
2024,6037207304,Census Tract 2073.04,Los Angeles,Los Angeles County,California,LosAngeles,13803.0,11058.0
2024,6037207305,Census Tract 2073.05,Los Angeles,Los Angeles County,California,LosAngeles,,
2024,6037207306,Census Tract 2073.06,Los Angeles,Los Angeles County,California,LosAngeles,31368.0,9589.0
2024,6037207307,Census Tract 2073.07,Los Angeles,Los Angeles County,California,LosAngeles,41042.0,22434.0
2024,6037207308,Census Tract 2073.08,Los Angeles,Los Angeles County,California,LosAngeles,104904.0,4092.0
2024,6037207400,Census Tract 2074,Los Angeles,Los Angeles County,California,LosAngeles,,
2024,6037207501,Census Tract 2075.01,Los Angeles,Los Angeles County,California,LosAngeles,76520.0,40103.0
2024,6037207502,Census Tract 2075.02,Los Angeles,Los Angeles County,California,LosAngeles,140588.0,87742.0
2024,6037207711,Census Tract 2077.11,Los Angeles,Los Angeles County,California,LosAngeles,99221.0,76280.0
2024,6037207712,Census Tract 2077.12,Los Angeles,Los Angeles County,California,LosAngeles,91930.0,50074.0
2024,6037207901,Census Tract 2079.01,Los Angeles,Los Angeles County,California,LosAngeles,,
2024,6037207902,Census Tract 2079.02,Los Angeles,Los Angeles County,California,LosAngeles,122366.0,100258.0
2024,6037208001,Census Tract 2080.01,Los Angeles,Los Angeles County,California,LosAngeles,92966.0,14485.0
2024,6037208002,Census Tract 2080.02,Los Angeles,Los Angeles County,California,LosAngeles,50969.0,12933.0
2024,6037208301,Census Tract 2083.01,Los Angeles,Los Angeles County,California,LosAngeles,42744.0,10434.0
2024,6037208302,Census Tract 2083.02,Los Angeles,Los Angeles County,California,LosAngeles,62510.0,13761.0
2024,6037208401,Census Tract 2084.01,Los Angeles,Los Angeles County,California,LosAngeles,68125.0,41228.0
2024,6037208402,Census Tract 2084.02,Los Angeles,Los Angeles County,California,LosAngeles,67768.0,26510.0
2024,6037208501,Census Tract 2085.01,Los Angeles,Los Angeles County,California,LosAngeles,67292.0,44011.0
2024,6037208502,Census Tract 2085.02,Los Angeles,Los Angeles County,California,LosAngeles,42188.0,17931.0
2024,6037208610,Census Tract 2086.10,Los Angeles,Los Angeles County,California,LosAngeles,57639.0,19322.0
2024,6037208620,Census Tract 2086.20,Los Angeles,Los Angeles County,California,LosAngeles,63538.0,14037.0
2024,6037208710,Census Tract 2087.10,Los Angeles,Los Angeles County,California,LosAngeles,63750.0,5904.0
2024,6037208720,Census Tract 2087.20,Los Angeles,Los Angeles County,California,LosAngeles,36190.0,7197.0
2024,6037208801,Census Tract 2088.01,Los Angeles,Los Angeles County,California,LosAngeles,51055.0,6416.0
2024,6037208802,Census Tract 2088.02,Los Angeles,Los Angeles County,California,LosAngeles,52250.0,22672.0
2024,6037208902,Census Tract 2089.02,Los Angeles,Los Angeles County,California,LosAngeles,38698.0,6143.0
2024,6037208903,Census Tract 2089.03,Los Angeles,Los Angeles County,California,LosAngeles,50492.0,18350.0
2024,6037208904,Census Tract 2089.04,Los Angeles,Los Angeles County,California,LosAngeles,40800.0,10474.0
2024,6037209103,Census Tract 2091.03,Los Angeles,Los Angeles County,California,LosAngeles,40075.0,6909.0
2024,6037209104,Census Tract 2091.04,Los Angeles,Los Angeles County,California,LosAngeles,44583.0,20747.0
2024,6037209105,Census Tract 2091.05,Los Angeles,Los Angeles County,California,LosAngeles,35425.0,12049.0
2024,6037209106,Census Tract 2091.06,Los Angeles,Los Angeles County,California,LosAngeles,,
2024,6037209201,Census Tract 2092.01,Los Angeles,Los Angeles County,California,LosAngeles,101861.0,56549.0
2024,6037209202,Census Tract 2092.02,Los Angeles,Los Angeles County,California,LosAngeles,50391.0,23722.0
2024,6037209300,Census Tract 2093,Los Angeles,Los Angeles County,California,LosAngeles,29462.0,8194.0
2024,6037209401,Census Tract 2094.01,Los Angeles,Los Angeles County,California,LosAngeles,45021.0,24031.0
2024,6037209402,Census Tract 2094.02,Los Angeles,Los Angeles County,California,LosAngeles,49489.0,14153.0
2024,6037209403,Census Tract 2094.03,Los Angeles,Los Angeles County,California,LosAngeles,42218.0,10651.0
2024,6037209510,Census Tract 2095.10,Los Angeles,Los Angeles County,California,LosAngeles,48634.0,20805.0
2024,6037209520,Census Tract 2095.20,Los Angeles,Los Angeles County,California,LosAngeles,43659.0,8260.0
2024,6037209810,Census Tract 2098.10,Los Angeles,Los Angeles County,California,LosAngeles,35724.0,7466.0
2024,6037209820,Census Tract 2098.20,Los Angeles,Los Angeles County,California,LosAngeles,61375.0,11814.0
2024,6037210010,Census Tract 2100.10,Los Angeles,Los Angeles County,California,LosAngeles,51250.0,29184.0
2024,6037211000,Census Tract 2110,Los Angeles,Los Angeles County,California,LosAngeles,139940.0,121774.0
2024,6037211121,Census Tract 2111.21,Los Angeles,Los Angeles County,California,LosAngeles,54183.0,36950.0
2024,6037211122,Census Tract 2111.22,Los Angeles,Los Angeles County,California,LosAngeles,36364.0,24272.0
2024,6037211123,Census Tract 2111.23,Los Angeles,Los Angeles County,California,LosAngeles,58949.0,47123.0
2024,6037211124,Census Tract 2111.24,Los Angeles,Los Angeles County,California,LosAngeles,66875.0,27017.0
2024,6037211201,Census Tract 2112.01,Los Angeles,Los Angeles County,California,LosAngeles,60873.0,5685.0
2024,6037211202,Census Tract 2112.02,Los Angeles,Los Angeles County,California,LosAngeles,59375.0,16657.0
2024,6037211310,Census Tract 2113.10,Los Angeles,Los Angeles County,California,LosAngeles,45417.0,11852.0
2024,6037211320,Census Tract 2113.20,Los Angeles,Los Angeles County,California,LosAngeles,46033.0,32018.0
2024,6037211410,Census Tract 2114.10,Los Angeles,Los Angeles County,California,LosAngeles,40194.0,7377.0
2024,6037211420,Census Tract 2114.20,Los Angeles,Los Angeles County,California,LosAngeles,50268.0,18437.0
2024,6037211500,Census Tract 2115,Los Angeles,Los Angeles County,California,LosAngeles,41974.0,20124.0
2024,6037211701,Census Tract 2117.01,Los Angeles,Los Angeles County,California,LosAngeles,65933.0,3256.0
2024,6037211703,Census Tract 2117.03,Los Angeles,Los Angeles County,California,LosAngeles,63302.0,8056.0
2024,6037211704,Census Tract 2117.04,Los Angeles,Los Angeles County,California,LosAngeles,78000.0,43348.0
2024,6037211802,Census Tract 2118.02,Los Angeles,Los Angeles County,California,LosAngeles,52115.0,25261.0
2024,6037211803,Census Tract 2118.03,Los Angeles,Los Angeles County,California,LosAngeles,66842.0,24034.0
2024,6037211804,Census Tract 2118.04,Los Angeles,Los Angeles County,California,LosAngeles,61618.0,56335.0
2024,6037211910,Census Tract 2119.10,Los Angeles,Los Angeles County,California,LosAngeles,75313.0,12050.0
2024,6037211921,Census Tract 2119.21,Los Angeles,Los Angeles County,California,LosAngeles,35669.0,19359.0
2024,6037211922,Census Tract 2119.22,Los Angeles,Los Angeles County,California,LosAngeles,58846.0,6707.0
2024,6037212101,Census Tract 2121.01,Los Angeles,Los Angeles County,California,LosAngeles,,
2024,6037212102,Census Tract 2121.02,Los Angeles,Los Angeles County,California,LosAngeles,36607.0,18407.0
2024,6037212202,Census Tract 2122.02,Los Angeles,Los Angeles County,California,LosAngeles,60401.0,10542.0
2024,6037212203,Census Tract 2122.03,Los Angeles,Los Angeles County,California,LosAngeles,37730.0,16919.0
2024,6037212204,Census Tract 2122.04,Los Angeles,Los Angeles County,California,LosAngeles,27198.0,6161.0
2024,6037212303,Census Tract 2123.03,Los Angeles,Los Angeles County,California,LosAngeles,29381.0,9406.0
2024,6037212304,Census Tract 2123.04,Los Angeles,Los Angeles County,California,LosAngeles,39906.0,7969.0
2024,6037212305,Census Tract 2123.05,Los Angeles,Los Angeles County,California,LosAngeles,50609.0,7177.0
2024,6037212306,Census Tract 2123.06,Los Angeles,Los Angeles County,California,LosAngeles,56583.0,20246.0
2024,6037212410,Census Tract 2124.10,Los Angeles,Los Angeles County,California,LosAngeles,51117.0,6503.0
2024,6037212420,Census Tract 2124.20,Los Angeles,Los Angeles County,California,LosAngeles,49975.0,15891.0
2024,6037212501,Census Tract 2125.01,Los Angeles,Los Angeles County,California,LosAngeles,43147.0,42626.0
2024,6037212502,Census Tract 2125.02,Los Angeles,Los Angeles County,California,LosAngeles,49728.0,36869.0
2024,6037212610,Census Tract 2126.10,Los Angeles,Los Angeles County,California,LosAngeles,60840.0,19778.0
2024,6037212620,Census Tract 2126.20,Los Angeles,Los Angeles County,California,LosAngeles,37409.0,8407.0
2024,6037212701,Census Tract 2127.01,Los Angeles,Los Angeles County,California,LosAngeles,54773.0,31109.0
2024,6037212702,Census Tract 2127.02,Los Angeles,Los Angeles County,California,LosAngeles,61734.0,28538.0
2024,6037212800,Census Tract 2128,Los Angeles,Los Angeles County,California,LosAngeles,49926.0,19480.0
2024,6037212900,Census Tract 2129,Los Angeles,Los Angeles County,California,LosAngeles,49519.0,25399.0
2024,6037213100,Census Tract 2131,Los Angeles,Los Angeles County,California,LosAngeles,56563.0,14828.0
2024,6037213201,Census Tract 2132.01,Los Angeles,Los Angeles County,California,LosAngeles,33158.0,29337.0
2024,6037213202,Census Tract 2132.02,Los Angeles,Los Angeles County,California,LosAngeles,68563.0,13771.0
2024,6037213310,Census Tract 2133.10,Los Angeles,Los Angeles County,California,LosAngeles,61932.0,32633.0
2024,6037213320,Census Tract 2133.20,Los Angeles,Los Angeles County,California,LosAngeles,39570.0,32674.0
2024,6037213401,Census Tract 2134.01,Los Angeles,Los Angeles County,California,LosAngeles,60047.0,17197.0
2024,6037213402,Census Tract 2134.02,Los Angeles,Los Angeles County,California,LosAngeles,43598.0,23778.0
2024,6037214000,Census Tract 2140,Los Angeles,Los Angeles County,California,LosAngeles,109432.0,43923.0
2024,6037214100,Census Tract 2141,Los Angeles,Los Angeles County,California,LosAngeles,190313.0,97604.0
2024,6037214400,Census Tract 2144,Los Angeles,Los Angeles County,California,LosAngeles,,
2024,6037214501,Census Tract 2145.01,Los Angeles,Los Angeles County,California,LosAngeles,115529.0,15805.0
2024,6037214503,Census Tract 2145.03,Los Angeles,Los Angeles County,California,LosAngeles,118500.0,48739.0
2024,6037214504,Census Tract 2145.04,Los Angeles,Los Angeles County,California,LosAngeles,110403.0,103512.0
2024,6037214505,Census Tract 2145.05,Los Angeles,Los Angeles County,California,LosAngeles,87381.0,31880.0
2024,6037214600,Census Tract 2146,Los Angeles,Los Angeles County,California,LosAngeles,78958.0,28226.0
2024,6037214700,Census Tract 2147,Los Angeles,Los Angeles County,California,LosAngeles,,
2024,6037214800,Census Tract 2148,Los Angeles,Los Angeles County,California,LosAngeles,85688.0,54802.0
2024,6037214902,Census Tract 2149.02,Los Angeles,Los Angeles County,California,LosAngeles,47625.0,32384.0
2024,6037214903,Census Tract 2149.03,Los Angeles,Los Angeles County,California,LosAngeles,,
2024,6037214904,Census Tract 2149.04,Los Angeles,Los Angeles County,California,LosAngeles,,
2024,6037215101,Census Tract 2151.01,Los Angeles,Los Angeles County,California,LosAngeles,58654.0,27288.0
2024,6037215102,Census Tract 2151.02,Los Angeles,Los Angeles County,California,LosAngeles,104079.0,36117.0
2024,6037216100,Census Tract 2161,Los Angeles,Los Angeles County,California,LosAngeles,,
2024,6037216201,Census Tract 2162.01,Los Angeles,Los Angeles County,California,LosAngeles,207031.0,155892.0
2024,6037216202,Census Tract 2162.02,Los Angeles,Los Angeles County,California,LosAngeles,,
2024,6037216301,Census Tract 2163.01,Los Angeles,Los Angeles County,California,LosAngeles,,
2024,6037216302,Census Tract 2163.02,Los Angeles,Los Angeles County,California,LosAngeles,105667.0,71358.0
2024,6037216401,Census Tract 2164.01,Los Angeles,Los Angeles County,California,LosAngeles,,
2024,6037216402,Census Tract 2164.02,Los Angeles,Los Angeles County,California,LosAngeles,,
2024,6037216700,Census Tract 2167,Los Angeles,Los Angeles County,California,LosAngeles,,
2024,6037216800,Census Tract 2168,Los Angeles,Los Angeles County,California,LosAngeles,,
2024,6037216901,Census Tract 2169.01,Los Angeles,Los Angeles County,California,LosAngeles,86185.0,50828.0
2024,6037216902,Census Tract 2169.02,Los Angeles,Los Angeles County,California,LosAngeles,88424.0,22933.0
2024,6037217001,Census Tract 2170.01,Los Angeles,Los Angeles County,California,LosAngeles,2499.0,
2024,6037217002,Census Tract 2170.02,Los Angeles,Los Angeles County,California,LosAngeles,,
2024,6037217101,Census Tract 2171.01,Los Angeles,Los Angeles County,California,LosAngeles,,
2024,6037217102,Census Tract 2171.02,Los Angeles,Los Angeles County,California,LosAngeles,63194.0,24325.0
2024,6037217200,Census Tract 2172,Los Angeles,Los Angeles County,California,LosAngeles,90850.0,28183.0
2024,6037218110,Census Tract 2181.10,Los Angeles,Los Angeles County,California,LosAngeles,42132.0,16039.0
2024,6037218120,Census Tract 2181.20,Los Angeles,Los Angeles County,California,LosAngeles,64091.0,45719.0
2024,6037218210,Census Tract 2182.10,Los Angeles,Los Angeles County,California,LosAngeles,51563.0,16417.0
2024,6037218220,Census Tract 2182.20,Los Angeles,Los Angeles County,California,LosAngeles,74286.0,14249.0
2024,6037218300,Census Tract 2183,Los Angeles,Los Angeles County,California,LosAngeles,78841.0,48384.0
2024,6037218400,Census Tract 2184,Los Angeles,Los Angeles County,California,LosAngeles,99531.0,14105.0
2024,6037218500,Census Tract 2185,Los Angeles,Los Angeles County,California,LosAngeles,95417.0,22122.0
2024,6037218600,Census Tract 2186,Los Angeles,Los Angeles County,California,LosAngeles,71776.0,9891.0
2024,6037218701,Census Tract 2187.01,Los Angeles,Los Angeles County,California,LosAngeles,52273.0,21269.0
2024,6037218702,Census Tract 2187.02,Los Angeles,Los Angeles County,California,LosAngeles,60380.0,6016.0
2024,6037218800,Census Tract 2188,Los Angeles,Los Angeles County,California,LosAngeles,54384.0,2178.0
2024,6037218900,Census Tract 2189,Los Angeles,Los Angeles County,California,LosAngeles,62875.0,15081.0
2024,6037219010,Census Tract 2190.10,Los Angeles,Los Angeles County,California,LosAngeles,90250.0,24893.0
2024,6037219020,Census Tract 2190.20,Los Angeles,Los Angeles County,California,LosAngeles,81442.0,35247.0
2024,6037219300,Census Tract 2193,Los Angeles,Los Angeles County,California,LosAngeles,85893.0,17737.0
2024,6037219500,Census Tract 2195,Los Angeles,Los Angeles County,California,LosAngeles,193036.0,83167.0
2024,6037219700,Census Tract 2197,Los Angeles,Los Angeles County,California,LosAngeles,76118.0,31535.0
2024,6037219800,Census Tract 2198,Los Angeles,Los Angeles County,California,LosAngeles,68519.0,14032.0
2024,6037219901,Census Tract 2199.01,Los Angeles,Los Angeles County,California,LosAngeles,63052.0,37164.0
2024,6037219902,Census Tract 2199.02,Los Angeles,Los Angeles County,California,LosAngeles,94643.0,53246.0
2024,6037220000,Census Tract 2200,Los Angeles,Los Angeles County,California,LosAngeles,67392.0,11601.0
2024,6037220100,Census Tract 2201,Los Angeles,Los Angeles County,California,LosAngeles,35625.0,33445.0
2024,6037221110,Census Tract 2211.10,Los Angeles,Los Angeles County,California,LosAngeles,48173.0,8743.0
2024,6037221120,Census Tract 2211.20,Los Angeles,Los Angeles County,California,LosAngeles,45243.0,5195.0
2024,6037221210,Census Tract 2212.10,Los Angeles,Los Angeles County,California,LosAngeles,58086.0,14323.0
2024,6037221220,Census Tract 2212.20,Los Angeles,Los Angeles County,California,LosAngeles,41648.0,27729.0
2024,6037221302,Census Tract 2213.02,Los Angeles,Los Angeles County,California,LosAngeles,50341.0,24410.0
2024,6037221303,Census Tract 2213.03,Los Angeles,Los Angeles County,California,LosAngeles,65461.0,27648.0
2024,6037221304,Census Tract 2213.04,Los Angeles,Los Angeles County,California,LosAngeles,53068.0,15181.0
2024,6037221401,Census Tract 2214.01,Los Angeles,Los Angeles County,California,LosAngeles,66494.0,11926.0
2024,6037221402,Census Tract 2214.02,Los Angeles,Los Angeles County,California,LosAngeles,38011.0,24501.0
2024,6037221500,Census Tract 2215,Los Angeles,Los Angeles County,California,LosAngeles,62831.0,10635.0
2024,6037221601,Census Tract 2216.01,Los Angeles,Los Angeles County,California,LosAngeles,64415.0,21152.0
2024,6037221602,Census Tract 2216.02,Los Angeles,Los Angeles County,California,LosAngeles,59653.0,17901.0
2024,6037221710,Census Tract 2217.10,Los Angeles,Los Angeles County,California,LosAngeles,52727.0,8146.0
2024,6037221810,Census Tract 2218.10,Los Angeles,Los Angeles County,California,LosAngeles,59333.0,24939.0
2024,6037221820,Census Tract 2218.20,Los Angeles,Los Angeles County,California,LosAngeles,58207.0,15996.0
2024,6037221900,Census Tract 2219,Los Angeles,Los Angeles County,California,LosAngeles,75652.0,21724.0
2024,6037222001,Census Tract 2220.01,Los Angeles,Los Angeles County,California,LosAngeles,85486.0,30557.0
2024,6037222002,Census Tract 2220.02,Los Angeles,Los Angeles County,California,LosAngeles,79159.0,13938.0
2024,6037222100,Census Tract 2221,Los Angeles,Los Angeles County,California,LosAngeles,42863.0,38868.0
2024,6037222200,Census Tract 2222,Los Angeles,Los Angeles County,California,LosAngeles,51969.0,32387.0
2024,6037222500,Census Tract 2225,Los Angeles,Los Angeles County,California,LosAngeles,59850.0,21199.0
2024,6037222600,Census Tract 2226,Los Angeles,Los Angeles County,California,LosAngeles,63710.0,15539.0
2024,6037222700,Census Tract 2227,Los Angeles,Los Angeles County,California,LosAngeles,25000.0,18457.0
2024,6037224010,Census Tract 2240.10,Los Angeles,Los Angeles County,California,LosAngeles,31647.0,13989.0
2024,6037224020,Census Tract 2240.20,Los Angeles,Los Angeles County,California,LosAngeles,36438.0,17146.0
2024,6037224200,Census Tract 2242,Los Angeles,Los Angeles County,California,LosAngeles,53160.0,16075.0
2024,6037224310,Census Tract 2243.10,Los Angeles,Los Angeles County,California,LosAngeles,67765.0,28495.0
2024,6037224320,Census Tract 2243.20,Los Angeles,Los Angeles County,California,LosAngeles,55833.0,34721.0
2024,6037224410,Census Tract 2244.10,Los Angeles,Los Angeles County,California,LosAngeles,,
2024,6037224420,Census Tract 2244.20,Los Angeles,Los Angeles County,California,LosAngeles,27273.0,4113.0
2024,6037224600,Census Tract 2246,Los Angeles,Los Angeles County,California,LosAngeles,53227.0,6885.0
2024,6037224701,Census Tract 2247.01,Los Angeles,Los Angeles County,California,LosAngeles,,
2024,6037224702,Census Tract 2247.02,Los Angeles,Los Angeles County,California,LosAngeles,,
2024,6037226001,Census Tract 2260.01,Los Angeles,Los Angeles County,California,LosAngeles,34158.0,23904.0
2024,6037226002,Census Tract 2260.02,Los Angeles,Los Angeles County,California,LosAngeles,,
2024,6037226410,Census Tract 2264.10,Los Angeles,Los Angeles County,California,LosAngeles,47019.0,11068.0
2024,6037226420,Census Tract 2264.20,Los Angeles,Los Angeles County,California,LosAngeles,58929.0,21970.0
2024,6037226701,Census Tract 2267.01,Los Angeles,Los Angeles County,California,LosAngeles,63036.0,22134.0
2024,6037226702,Census Tract 2267.02,Los Angeles,Los Angeles County,California,LosAngeles,67250.0,21455.0
2024,6037227010,Census Tract 2270.10,Los Angeles,Los Angeles County,California,LosAngeles,51268.0,3656.0
2024,6037227020,Census Tract 2270.20,Los Angeles,Los Angeles County,California,LosAngeles,68828.0,10194.0
2024,6037228100,Census Tract 2281,Los Angeles,Los Angeles County,California,LosAngeles,68188.0,29504.0
2024,6037228210,Census Tract 2282.10,Los Angeles,Los Angeles County,California,LosAngeles,69107.0,6917.0
2024,6037228220,Census Tract 2282.20,Los Angeles,Los Angeles County,California,LosAngeles,77440.0,16310.0
2024,6037228310,Census Tract 2283.10,Los Angeles,Los Angeles County,California,LosAngeles,53884.0,5613.0
2024,6037228320,Census Tract 2283.20,Los Angeles,Los Angeles County,California,LosAngeles,65833.0,22655.0
2024,6037228410,Census Tract 2284.10,Los Angeles,Los Angeles County,California,LosAngeles,59271.0,19735.0
2024,6037228420,Census Tract 2284.20,Los Angeles,Los Angeles County,California,LosAngeles,81055.0,5365.0
2024,6037228500,Census Tract 2285,Los Angeles,Los Angeles County,California,LosAngeles,52520.0,12385.0
2024,6037228600,Census Tract 2286,Los Angeles,Los Angeles County,California,LosAngeles,60278.0,26937.0
2024,6037228710,Census Tract 2287.10,Los Angeles,Los Angeles County,California,LosAngeles,73313.0,20982.0
2024,6037228720,Census Tract 2287.20,Los Angeles,Los Angeles County,California,LosAngeles,71591.0,33320.0
2024,6037228800,Census Tract 2288,Los Angeles,Los Angeles County,California,LosAngeles,74099.0,35504.0
2024,6037228900,Census Tract 2289,Los Angeles,Los Angeles County,California,LosAngeles,40573.0,20046.0
2024,6037229100,Census Tract 2291,Los Angeles,Los Angeles County,California,LosAngeles,70250.0,17587.0
2024,6037229200,Census Tract 2292,Los Angeles,Los Angeles County,California,LosAngeles,49836.0,12203.0
2024,6037229300,Census Tract 2293,Los Angeles,Los Angeles County,California,LosAngeles,62633.0,8581.0
2024,6037229410,Census Tract 2294.10,Los Angeles,Los Angeles County,California,LosAngeles,67214.0,20461.0
2024,6037229420,Census Tract 2294.20,Los Angeles,Los Angeles County,California,LosAngeles,71904.0,13252.0
2024,6037231100,Census Tract 2311,Los Angeles,Los Angeles County,California,LosAngeles,59609.0,20801.0
2024,6037231210,Census Tract 2312.10,Los Angeles,Los Angeles County,California,LosAngeles,44208.0,29270.0
2024,6037231220,Census Tract 2312.20,Los Angeles,Los Angeles County,California,LosAngeles,37917.0,15245.0
2024,6037231301,Census Tract 2313.01,Los Angeles,Los Angeles County,California,LosAngeles,59842.0,8484.0
2024,6037231302,Census Tract 2313.02,Los Angeles,Los Angeles County,California,LosAngeles,61429.0,18845.0
2024,6037231400,Census Tract 2314,Los Angeles,Los Angeles County,California,LosAngeles,66474.0,13927.0
2024,6037231500,Census Tract 2315,Los Angeles,Los Angeles County,California,LosAngeles,105141.0,23245.0
2024,6037231601,Census Tract 2316.01,Los Angeles,Los Angeles County,California,LosAngeles,82404.0,20795.0
2024,6037231602,Census Tract 2316.02,Los Angeles,Los Angeles County,California,LosAngeles,82569.0,32319.0
2024,6037231603,Census Tract 2316.03,Los Angeles,Los Angeles County,California,LosAngeles,63902.0,14901.0
2024,6037231710,Census Tract 2317.10,Los Angeles,Los Angeles County,California,LosAngeles,67596.0,16027.0
2024,6037231720,Census Tract 2317.20,Los Angeles,Los Angeles County,California,LosAngeles,61489.0,9761.0
2024,6037231800,Census Tract 2318,Los Angeles,Los Angeles County,California,LosAngeles,54688.0,17371.0
2024,6037231901,Census Tract 2319.01,Los Angeles,Los Angeles County,California,LosAngeles,90667.0,34871.0
2024,6037231902,Census Tract 2319.02,Los Angeles,Los Angeles County,California,LosAngeles,56806.0,12996.0
2024,6037232110,Census Tract 2321.10,Los Angeles,Los Angeles County,California,LosAngeles,59650.0,21524.0
2024,6037232120,Census Tract 2321.20,Los Angeles,Los Angeles County,California,LosAngeles,49672.0,11802.0
2024,6037232200,Census Tract 2322,Los Angeles,Los Angeles County,California,LosAngeles,90742.0,21712.0
2024,6037232300,Census Tract 2323,Los Angeles,Los Angeles County,California,LosAngeles,64310.0,56637.0
2024,6037232401,Census Tract 2324.01,Los Angeles,Los Angeles County,California,LosAngeles,73896.0,3784.0
2024,6037232402,Census Tract 2324.02,Los Angeles,Los Angeles County,California,LosAngeles,57583.0,22660.0
2024,6037232500,Census Tract 2325,Los Angeles,Los Angeles County,California,LosAngeles,69479.0,19207.0
2024,6037232601,Census Tract 2326.01,Los Angeles,Los Angeles County,California,LosAngeles,74423.0,24016.0
2024,6037232602,Census Tract 2326.02,Los Angeles,Los Angeles County,California,LosAngeles,83321.0,15752.0
2024,6037232701,Census Tract 2327.01,Los Angeles,Los Angeles County,California,LosAngeles,107656.0,12601.0
2024,6037232702,Census Tract 2327.02,Los Angeles,Los Angeles County,California,LosAngeles,80282.0,6801.0
2024,6037232800,Census Tract 2328,Los Angeles,Los Angeles County,California,LosAngeles,79013.0,36689.0
2024,6037234001,Census Tract 2340.01,Los Angeles,Los Angeles County,California,LosAngeles,92243.0,10795.0
2024,6037234002,Census Tract 2340.02,Los Angeles,Los Angeles County,California,LosAngeles,50455.0,16543.0
2024,6037234200,Census Tract 2342,Los Angeles,Los Angeles County,California,LosAngeles,121593.0,55957.0
2024,6037234301,Census Tract 2343.01,Los Angeles,Los Angeles County,California,LosAngeles,,
2024,6037234302,Census Tract 2343.02,Los Angeles,Los Angeles County,California,LosAngeles,140703.0,118484.0
2024,6037234501,Census Tract 2345.01,Los Angeles,Los Angeles County,California,LosAngeles,125625.0,55074.0
2024,6037234502,Census Tract 2345.02,Los Angeles,Los Angeles County,California,LosAngeles,75938.0,69018.0
2024,6037234600,Census Tract 2346,Los Angeles,Los Angeles County,California,LosAngeles,99659.0,37352.0
2024,6037234700,Census Tract 2347,Los Angeles,Los Angeles County,California,LosAngeles,91964.0,65009.0
2024,6037234800,Census Tract 2348,Los Angeles,Los Angeles County,California,LosAngeles,71341.0,34359.0
2024,6037234901,Census Tract 2349.01,Los Angeles,Los Angeles County,California,LosAngeles,53668.0,9443.0
2024,6037234902,Census Tract 2349.02,Los Angeles,Los Angeles County,California,LosAngeles,41808.0,10349.0
2024,6037235100,Census Tract 2351,Los Angeles,Los Angeles County,California,LosAngeles,109504.0,72695.0
2024,6037235201,Census Tract 2352.01,Los Angeles,Los Angeles County,California,LosAngeles,64353.0,11814.0
2024,6037235202,Census Tract 2352.02,Los Angeles,Los Angeles County,California,LosAngeles,61250.0,43540.0
2024,6037236001,Census Tract 2360.01,Los Angeles,Los Angeles County,California,LosAngeles,,
2024,6037236101,Census Tract 2361.01,Los Angeles,Los Angeles County,California,LosAngeles,,
2024,6037236102,Census Tract 2361.02,Los Angeles,Los Angeles County,California,LosAngeles,105998.0,11038.0
2024,6037236203,Census Tract 2362.03,Los Angeles,Los Angeles County,California,LosAngeles,35536.0,18076.0
2024,6037236204,Census Tract 2362.04,Los Angeles,Los Angeles County,California,LosAngeles,73095.0,21324.0
2024,6037236205,Census Tract 2362.05,Los Angeles,Los Angeles County,California,LosAngeles,48175.0,13706.0
2024,6037236206,Census Tract 2362.06,Los Angeles,Los Angeles County,California,LosAngeles,52019.0,27301.0
2024,6037236400,Census Tract 2364,Los Angeles,Los Angeles County,California,LosAngeles,,
2024,6037237101,Census Tract 2371.01,Los Angeles,Los Angeles County,California,LosAngeles,72750.0,9749.0
2024,6037237102,Census Tract 2371.02,Los Angeles,Los Angeles County,California,LosAngeles,59118.0,9159.0
2024,6037237201,Census Tract 2372.01,Los Angeles,Los Angeles County,California,LosAngeles,70636.0,18989.0
2024,6037237202,Census Tract 2372.02,Los Angeles,Los Angeles County,California,LosAngeles,72058.0,40451.0
2024,6037237300,Census Tract 2373,Los Angeles,Los Angeles County,California,LosAngeles,103358.0,33642.0
2024,6037237401,Census Tract 2374.01,Los Angeles,Los Angeles County,California,LosAngeles,87922.0,27057.0
2024,6037237402,Census Tract 2374.02,Los Angeles,Los Angeles County,California,LosAngeles,110156.0,38682.0
2024,6037237500,Census Tract 2375,Los Angeles,Los Angeles County,California,LosAngeles,45429.0,10916.0
2024,6037237600,Census Tract 2376,Los Angeles,Los Angeles County,California,LosAngeles,64274.0,16070.0
2024,6037237710,Census Tract 2377.10,Los Angeles,Los Angeles County,California,LosAngeles,71188.0,31645.0
2024,6037237720,Census Tract 2377.20,Los Angeles,Los Angeles County,California,LosAngeles,44468.0,17900.0
2024,6037237800,Census Tract 2378,Los Angeles,Los Angeles County,California,LosAngeles,54722.0,22970.0
2024,6037237900,Census Tract 2379,Los Angeles,Los Angeles County,California,LosAngeles,64116.0,12551.0
2024,6037238000,Census Tract 2380,Los Angeles,Los Angeles County,California,LosAngeles,157569.0,36982.0
2024,6037238100,Census Tract 2381,Los Angeles,Los Angeles County,California,LosAngeles,,
2024,6037238200,Census Tract 2382,Los Angeles,Los Angeles County,California,LosAngeles,,
2024,6037238310,Census Tract 2383.10,Los Angeles,Los Angeles County,California,LosAngeles,60066.0,19106.0
2024,6037238320,Census Tract 2383.20,Los Angeles,Los Angeles County,California,LosAngeles,70078.0,27027.0
2024,6037238400,Census Tract 2384,Los Angeles,Los Angeles County,California,LosAngeles,,
2024,6037239201,Census Tract 2392.01,Los Angeles,Los Angeles County,California,LosAngeles,48919.0,17229.0
2024,6037239202,Census Tract 2392.02,Los Angeles,Los Angeles County,California,LosAngeles,58839.0,16711.0
2024,6037239310,Census Tract 2393.10,Los Angeles,Los Angeles County,California,LosAngeles,65341.0,37740.0
2024,6037239320,Census Tract 2393.20,Los Angeles,Los Angeles County,California,LosAngeles,56643.0,9130.0
2024,6037239330,Census Tract 2393.30,Los Angeles,Los Angeles County,California,LosAngeles,84063.0,19250.0
2024,6037239501,Census Tract 2395.01,Los Angeles,Los Angeles County,California,LosAngeles,62688.0,6537.0
2024,6037239502,Census Tract 2395.02,Los Angeles,Los Angeles County,California,LosAngeles,51250.0,7543.0
2024,6037239601,Census Tract 2396.01,Los Angeles,Los Angeles County,California,LosAngeles,65417.0,16940.0
2024,6037239602,Census Tract 2396.02,Los Angeles,Los Angeles County,California,LosAngeles,61923.0,22924.0
2024,6037239701,Census Tract 2397.01,Los Angeles,Los Angeles County,California,LosAngeles,40903.0,19732.0
2024,6037239702,Census Tract 2397.02,Los Angeles,Los Angeles County,California,LosAngeles,63375.0,24690.0
2024,6037239801,Census Tract 2398.01,Los Angeles,Los Angeles County,California,LosAngeles,67639.0,18474.0
2024,6037239802,Census Tract 2398.02,Los Angeles,Los Angeles County,California,LosAngeles,68843.0,12097.0
2024,6037240010,Census Tract 2400.10,Los Angeles,Los Angeles County,California,LosAngeles,56434.0,13412.0
2024,6037240020,Census Tract 2400.20,Los Angeles,Los Angeles County,California,LosAngeles,79274.0,39608.0
2024,6037240200,Census Tract 2402,Los Angeles,Los Angeles County,California,LosAngeles,61277.0,20832.0
2024,6037240301,Census Tract 2403.01,Los Angeles,Los Angeles County,California,LosAngeles,70658.0,35873.0
2024,6037240302,Census Tract 2403.02,Los Angeles,Los Angeles County,California,LosAngeles,60288.0,22375.0
2024,6037240401,Census Tract 2404.01,Los Angeles,Los Angeles County,California,LosAngeles,61295.0,24754.0
2024,6037240402,Census Tract 2404.02,Los Angeles,Los Angeles County,California,LosAngeles,78750.0,35971.0
2024,6037240500,Census Tract 2405,Los Angeles,Los Angeles County,California,LosAngeles,68289.0,13289.0
2024,6037240600,Census Tract 2406,Los Angeles,Los Angeles County,California,LosAngeles,65642.0,8558.0
2024,6037240700,Census Tract 2407,Los Angeles,Los Angeles County,California,LosAngeles,66563.0,14438.0
2024,6037240800,Census Tract 2408,Los Angeles,Los Angeles County,California,LosAngeles,78173.0,36355.0
2024,6037240901,Census Tract 2409.01,Los Angeles,Los Angeles County,California,LosAngeles,49318.0,13145.0
2024,6037240902,Census Tract 2409.02,Los Angeles,Los Angeles County,California,LosAngeles,,
2024,6037241001,Census Tract 2410.01,Los Angeles,Los Angeles County,California,LosAngeles,141815.0,26739.0
2024,6037241002,Census Tract 2410.02,Los Angeles,Los Angeles County,California,LosAngeles,95682.0,44774.0
2024,6037241110,Census Tract 2411.10,Los Angeles,Los Angeles County,California,LosAngeles,75208.0,10913.0
2024,6037241120,Census Tract 2411.20,Los Angeles,Los Angeles County,California,LosAngeles,42866.0,25455.0
2024,6037241201,Census Tract 2412.01,Los Angeles,Los Angeles County,California,LosAngeles,64026.0,8491.0
2024,6037241202,Census Tract 2412.02,Los Angeles,Los Angeles County,California,LosAngeles,82631.0,20242.0
2024,6037241300,Census Tract 2413,Los Angeles,Los Angeles County,California,LosAngeles,46212.0,7249.0
2024,6037241400,Census Tract 2414,Los Angeles,Los Angeles County,California,LosAngeles,104896.0,33818.0
2024,6037242000,Census Tract 2420,Los Angeles,Los Angeles County,California,LosAngeles,55250.0,14175.0
2024,6037242100,Census Tract 2421,Los Angeles,Los Angeles County,California,LosAngeles,30951.0,2574.0
2024,6037242201,Census Tract 2422.01,Los Angeles,Los Angeles County,California,LosAngeles,87143.0,31256.0
2024,6037242202,Census Tract 2422.02,Los Angeles,Los Angeles County,California,LosAngeles,63750.0,25154.0
2024,6037242300,Census Tract 2423,Los Angeles,Los Angeles County,California,LosAngeles,54821.0,9014.0
2024,6037242600,Census Tract 2426,Los Angeles,Los Angeles County,California,LosAngeles,28255.0,7732.0
2024,6037242700,Census Tract 2427,Los Angeles,Los Angeles County,California,LosAngeles,59728.0,17662.0
2024,6037243001,Census Tract 2430.01,Los Angeles,Los Angeles County,California,LosAngeles,79219.0,18484.0
2024,6037243002,Census Tract 2430.02,Los Angeles,Los Angeles County,California,LosAngeles,74896.0,17680.0
2024,6037243100,Census Tract 2431,Los Angeles,Los Angeles County,California,LosAngeles,58333.0,20869.0
2024,6037261102,Census Tract 2611.02,Los Angeles,Los Angeles County,California,LosAngeles,36547.0,29338.0
2024,6037261103,Census Tract 2611.03,Los Angeles,Los Angeles County,California,LosAngeles,,
2024,6037261104,Census Tract 2611.04,Los Angeles,Los Angeles County,California,LosAngeles,,
2024,6037261200,Census Tract 2612,Los Angeles,Los Angeles County,California,LosAngeles,,
2024,6037262100,Census Tract 2621,Los Angeles,Los Angeles County,California,LosAngeles,206071.0,151928.0
2024,6037262200,Census Tract 2622,Los Angeles,Los Angeles County,California,LosAngeles,,
2024,6037262301,Census Tract 2623.01,Los Angeles,Los Angeles County,California,LosAngeles,,
2024,6037262302,Census Tract 2623.02,Los Angeles,Los Angeles County,California,LosAngeles,,
2024,6037262303,Census Tract 2623.03,Los Angeles,Los Angeles County,California,LosAngeles,166290.0,884.0
2024,6037262400,Census Tract 2624,Los Angeles,Los Angeles County,California,LosAngeles,,
2024,6037262501,Census Tract 2625.01,Los Angeles,Los Angeles County,California,LosAngeles,,
2024,6037262601,Census Tract 2626.01,Los Angeles,Los Angeles County,California,LosAngeles,,
2024,6037262604,Census Tract 2626.04,Los Angeles,Los Angeles County,California,LosAngeles,,
2024,6037262704,Census Tract 2627.04,Los Angeles,Los Angeles County,California,LosAngeles,166618.0,37613.0
2024,6037262706,Census Tract 2627.06,Los Angeles,Los Angeles County,California,LosAngeles,,
2024,6037262802,Census Tract 2628.02,Los Angeles,Los Angeles County,California,LosAngeles,,
2024,6037264000,Census Tract 2640,Los Angeles,Los Angeles County,California,LosAngeles,,
2024,6037264102,Census Tract 2641.02,Los Angeles,Los Angeles County,California,LosAngeles,,
2024,6037264103,Census Tract 2641.03,Los Angeles,Los Angeles County,California,LosAngeles,116585.0,87546.0
2024,6037264303,Census Tract 2643.03,Los Angeles,Los Angeles County,California,LosAngeles,101818.0,82166.0
2024,6037264304,Census Tract 2643.04,Los Angeles,Los Angeles County,California,LosAngeles,77875.0,35473.0
2024,6037264305,Census Tract 2643.05,Los Angeles,Los Angeles County,California,LosAngeles,,
2024,6037264306,Census Tract 2643.06,Los Angeles,Los Angeles County,California,LosAngeles,131285.0,111010.0
2024,6037265100,Census Tract 2651,Los Angeles,Los Angeles County,California,LosAngeles,,
2024,6037265201,Census Tract 2652.01,Los Angeles,Los Angeles County,California,LosAngeles,128229.0,9666.0
2024,6037265203,Census Tract 2652.03,Los Angeles,Los Angeles County,California,LosAngeles,24286.0,16455.0
2024,6037265204,Census Tract 2652.04,Los Angeles,Los Angeles County,California,LosAngeles,120250.0,72271.0
2024,6037265301,Census Tract 2653.01,Los Angeles,Los Angeles County,California,LosAngeles,,
2024,6037265303,Census Tract 2653.03,Los Angeles,Los Angeles County,California,LosAngeles,29520.0,13595.0
2024,6037265304,Census Tract 2653.04,Los Angeles,Los Angeles County,California,LosAngeles,6027.0,1018.0
2024,6037265306,Census Tract 2653.06,Los Angeles,Los Angeles County,California,LosAngeles,,
2024,6037265307,Census Tract 2653.07,Los Angeles,Los Angeles County,California,LosAngeles,36250.0,11583.0
2024,6037265410,Census Tract 2654.10,Los Angeles,Los Angeles County,California,LosAngeles,161375.0,157011.0
2024,6037265420,Census Tract 2654.20,Los Angeles,Los Angeles County,California,LosAngeles,,
2024,6037265521,Census Tract 2655.21,Los Angeles,Los Angeles County,California,LosAngeles,56719.0,21883.0
2024,6037265522,Census Tract 2655.22,Los Angeles,Los Angeles County,California,LosAngeles,,
2024,6037265523,Census Tract 2655.23,Los Angeles,Los Angeles County,California,LosAngeles,89500.0,77327.0
2024,6037265524,Census Tract 2655.24,Los Angeles,Los Angeles County,California,LosAngeles,124889.0,112539.0
2024,6037265601,Census Tract 2656.01,Los Angeles,Los Angeles County,California,LosAngeles,,
2024,6037265602,Census Tract 2656.02,Los Angeles,Los Angeles County,California,LosAngeles,97992.0,94780.0
2024,6037265701,Census Tract 2657.01,Los Angeles,Los Angeles County,California,LosAngeles,43287.0,35439.0
2024,6037265702,Census Tract 2657.02,Los Angeles,Los Angeles County,California,LosAngeles,,
2024,6037267101,Census Tract 2671.01,Los Angeles,Los Angeles County,California,LosAngeles,130313.0,62436.0
2024,6037267102,Census Tract 2671.02,Los Angeles,Los Angeles County,California,LosAngeles,,
2024,6037267201,Census Tract 2672.01,Los Angeles,Los Angeles County,California,LosAngeles,94219.0,38898.0
2024,6037267202,Census Tract 2672.02,Los Angeles,Los Angeles County,California,LosAngeles,,
2024,6037267300,Census Tract 2673,Los Angeles,Los Angeles County,California,LosAngeles,183750.0,100744.0
2024,6037267403,Census Tract 2674.03,Los Angeles,Los Angeles County,California,LosAngeles,57214.0,33261.0
2024,6037267404,Census Tract 2674.04,Los Angeles,Los Angeles County,California,LosAngeles,78112.0,28363.0
2024,6037267405,Census Tract 2674.05,Los Angeles,Los Angeles County,California,LosAngeles,59803.0,20379.0
2024,6037267406,Census Tract 2674.06,Los Angeles,Los Angeles County,California,LosAngeles,80372.0,23317.0
2024,6037267502,Census Tract 2675.02,Los Angeles,Los Angeles County,California,LosAngeles,56685.0,39263.0
2024,6037267503,Census Tract 2675.03,Los Angeles,Los Angeles County,California,LosAngeles,,
2024,6037267504,Census Tract 2675.04,Los Angeles,Los Angeles County,California,LosAngeles,,
2024,6037267600,Census Tract 2676,Los Angeles,Los Angeles County,California,LosAngeles,55816.0,47553.0
2024,6037267700,Census Tract 2677,Los Angeles,Los Angeles County,California,LosAngeles,66071.0,52215.0
2024,6037267800,Census Tract 2678,Los Angeles,Los Angeles County,California,LosAngeles,145962.0,82654.0
2024,6037267901,Census Tract 2679.01,Los Angeles,Los Angeles County,California,LosAngeles,,
2024,6037267902,Census Tract 2679.02,Los Angeles,Los Angeles County,California,LosAngeles,123750.0,40885.0
2024,6037269000,Census Tract 2690,Los Angeles,Los Angeles County,California,LosAngeles,134706.0,17744.0
2024,6037269100,Census Tract 2691,Los Angeles,Los Angeles County,California,LosAngeles,,
2024,6037269300,Census Tract 2693,Los Angeles,Los Angeles County,California,LosAngeles,65893.0,7882.0
2024,6037269500,Census Tract 2695,Los Angeles,Los Angeles County,California,LosAngeles,,
2024,6037269601,Census Tract 2696.01,Los Angeles,Los Angeles County,California,LosAngeles,73301.0,26561.0
2024,6037269602,Census Tract 2696.02,Los Angeles,Los Angeles County,California,LosAngeles,65000.0,55856.0
2024,6037269700,Census Tract 2697,Los Angeles,Los Angeles County,California,LosAngeles,81167.0,52937.0
2024,6037269800,Census Tract 2698,Los Angeles,Los Angeles County,California,LosAngeles,103393.0,20333.0
2024,6037269903,Census Tract 2699.03,Los Angeles,Los Angeles County,California,LosAngeles,61714.0,36066.0
2024,6037269905,Census Tract 2699.05,Los Angeles,Los Angeles County,California,LosAngeles,,
2024,6037269906,Census Tract 2699.06,Los Angeles,Los Angeles County,California,LosAngeles,68500.0,27970.0
2024,6037269907,Census Tract 2699.07,Los Angeles,Los Angeles County,California,LosAngeles,96250.0,57750.0
2024,6037269908,Census Tract 2699.08,Los Angeles,Los Angeles County,California,LosAngeles,67452.0,36306.0
2024,6037269909,Census Tract 2699.09,Los Angeles,Los Angeles County,California,LosAngeles,105404.0,48927.0
2024,6037270101,Census Tract 2701.01,Los Angeles,Los Angeles County,California,LosAngeles,144402.0,93625.0
2024,6037270102,Census Tract 2701.02,Los Angeles,Los Angeles County,California,LosAngeles,120652.0,47006.0
2024,6037270200,Census Tract 2702,Los Angeles,Los Angeles County,California,LosAngeles,75848.0,42020.0
2024,6037270300,Census Tract 2703,Los Angeles,Los Angeles County,California,LosAngeles,44703.0,31827.0
2024,6037271100,Census Tract 2711,Los Angeles,Los Angeles County,California,LosAngeles,40664.0,31628.0
2024,6037271200,Census Tract 2712,Los Angeles,Los Angeles County,California,LosAngeles,71159.0,15479.0
2024,6037271300,Census Tract 2713,Los Angeles,Los Angeles County,California,LosAngeles,93880.0,22394.0
2024,6037271400,Census Tract 2714,Los Angeles,Los Angeles County,California,LosAngeles,,
2024,6037271500,Census Tract 2715,Los Angeles,Los Angeles County,California,LosAngeles,103980.0,865.0
2024,6037271600,Census Tract 2716,Los Angeles,Los Angeles County,California,LosAngeles,165568.0,44975.0
2024,6037271702,Census Tract 2717.02,Los Angeles,Los Angeles County,California,LosAngeles,61989.0,27973.0
2024,6037271703,Census Tract 2717.03,Los Angeles,Los Angeles County,California,LosAngeles,,
2024,6037271704,Census Tract 2717.04,Los Angeles,Los Angeles County,California,LosAngeles,95625.0,84195.0
2024,6037271801,Census Tract 2718.01,Los Angeles,Los Angeles County,California,LosAngeles,122868.0,11662.0
2024,6037271803,Census Tract 2718.03,Los Angeles,Los Angeles County,California,LosAngeles,86134.0,46409.0
2024,6037271804,Census Tract 2718.04,Los Angeles,Los Angeles County,California,LosAngeles,147841.0,132044.0
2024,6037271901,Census Tract 2719.01,Los Angeles,Los Angeles County,California,LosAngeles,103608.0,64212.0
2024,6037271902,Census Tract 2719.02,Los Angeles,Los Angeles County,California,LosAngeles,51840.0,27761.0
2024,6037272100,Census Tract 2721,Los Angeles,Los Angeles County,California,LosAngeles,75240.0,53651.0
2024,6037272201,Census Tract 2722.01,Los Angeles,Los Angeles County,California,LosAngeles,113063.0,27212.0
2024,6037272202,Census Tract 2722.02,Los Angeles,Los Angeles County,California,LosAngeles,86742.0,39777.0
2024,6037272301,Census Tract 2723.01,Los Angeles,Los Angeles County,California,LosAngeles,106250.0,40669.0
2024,6037272302,Census Tract 2723.02,Los Angeles,Los Angeles County,California,LosAngeles,78451.0,8456.0
2024,6037273100,Census Tract 2731,Los Angeles,Los Angeles County,California,LosAngeles,,
2024,6037273200,Census Tract 2732,Los Angeles,Los Angeles County,California,LosAngeles,,
2024,6037273300,Census Tract 2733,Los Angeles,Los Angeles County,California,LosAngeles,108750.0,17032.0
2024,6037273403,Census Tract 2734.03,Los Angeles,Los Angeles County,California,LosAngeles,,
2024,6037273404,Census Tract 2734.04,Los Angeles,Los Angeles County,California,LosAngeles,,
2024,6037273502,Census Tract 2735.02,Los Angeles,Los Angeles County,California,LosAngeles,206029.0,875.0
2024,6037273600,Census Tract 2736,Los Angeles,Los Angeles County,California,LosAngeles,80319.0,61131.0
2024,6037273700,Census Tract 2737,Los Angeles,Los Angeles County,California,LosAngeles,,
2024,6037273800,Census Tract 2738,Los Angeles,Los Angeles County,California,LosAngeles,96932.0,33782.0
2024,6037273902,Census Tract 2739.02,Los Angeles,Los Angeles County,California,LosAngeles,92381.0,29406.0
2024,6037274100,Census Tract 2741,Los Angeles,Los Angeles County,California,LosAngeles,202692.0,190124.0
2024,6037274202,Census Tract 2742.02,Los Angeles,Los Angeles County,California,LosAngeles,112878.0,76056.0
2024,6037275101,Census Tract 2751.01,Los Angeles,Los Angeles County,California,LosAngeles,186080.0,35264.0
2024,6037275102,Census Tract 2751.02,Los Angeles,Los Angeles County,California,LosAngeles,56739.0,18888.0
2024,6037275200,Census Tract 2752,Los Angeles,Los Angeles County,California,LosAngeles,84167.0,26793.0
2024,6037275311,Census Tract 2753.11,Los Angeles,Los Angeles County,California,LosAngeles,51494.0,11510.0
2024,6037275312,Census Tract 2753.12,Los Angeles,Los Angeles County,California,LosAngeles,,
2024,6037275313,Census Tract 2753.13,Los Angeles,Los Angeles County,California,LosAngeles,,
2024,6037275400,Census Tract 2754,Los Angeles,Los Angeles County,California,LosAngeles,,
2024,6037275500,Census Tract 2755,Los Angeles,Los Angeles County,California,LosAngeles,34744.0,32676.0
2024,6037275603,Census Tract 2756.03,Los Angeles,Los Angeles County,California,LosAngeles,89453.0,62689.0
2024,6037275604,Census Tract 2756.04,Los Angeles,Los Angeles County,California,LosAngeles,135363.0,132681.0
2024,6037275605,Census Tract 2756.05,Los Angeles,Los Angeles County,California,LosAngeles,,
2024,6037276000,Census Tract 2760,Los Angeles,Los Angeles County,California,LosAngeles,159423.0,108571.0
2024,6037276101,Census Tract 2761.01,Los Angeles,Los Angeles County,California,LosAngeles,60800.0,52072.0
2024,6037276102,Census Tract 2761.02,Los Angeles,Los Angeles County,California,LosAngeles,104082.0,62638.0
2024,6037276400,Census Tract 2764,Los Angeles,Los Angeles County,California,LosAngeles,,
2024,6037276500,Census Tract 2765,Los Angeles,Los Angeles County,California,LosAngeles,161250.0,57520.0
2024,6037276601,Census Tract 2766.01,Los Angeles,Los Angeles County,California,LosAngeles,173750.0,132946.0
2024,6037276605,Census Tract 2766.05,Los Angeles,Los Angeles County,California,LosAngeles,,
2024,6037276606,Census Tract 2766.06,Los Angeles,Los Angeles County,California,LosAngeles,182708.0,84173.0
2024,6037276607,Census Tract 2766.07,Los Angeles,Los Angeles County,California,LosAngeles,,
2024,6037276608,Census Tract 2766.08,Los Angeles,Los Angeles County,California,LosAngeles,,
2024,6037277000,Census Tract 2770,Los Angeles,Los Angeles County,California,LosAngeles,,
2024,6037277100,Census Tract 2771,Los Angeles,Los Angeles County,California,LosAngeles,135905.0,52184.0
2024,6037277200,Census Tract 2772,Los Angeles,Los Angeles County,California,LosAngeles,,
2024,6037277400,Census Tract 2774,Los Angeles,Los Angeles County,California,LosAngeles,,
2024,6037278001,Census Tract 2780.01,Los Angeles,Los Angeles County,California,LosAngeles,,
2024,6037278102,Census Tract 2781.02,Los Angeles,Los Angeles County,California,LosAngeles,,
2024,6037291110,Census Tract 2911.10,Los Angeles,Los Angeles County,California,LosAngeles,75321.0,42279.0
2024,6037291120,Census Tract 2911.20,Los Angeles,Los Angeles County,California,LosAngeles,67500.0,38310.0
2024,6037291130,Census Tract 2911.30,Los Angeles,Los Angeles County,California,LosAngeles,87875.0,15590.0
2024,6037291210,Census Tract 2912.10,Los Angeles,Los Angeles County,California,LosAngeles,85156.0,23736.0
2024,6037291220,Census Tract 2912.20,Los Angeles,Los Angeles County,California,LosAngeles,64550.0,17132.0
2024,6037291300,Census Tract 2913,Los Angeles,Los Angeles County,California,LosAngeles,122348.0,82954.0
2024,6037292001,Census Tract 2920.01,Los Angeles,Los Angeles County,California,LosAngeles,,
2024,6037292002,Census Tract 2920.02,Los Angeles,Los Angeles County,California,LosAngeles,145156.0,136673.0
2024,6037293203,Census Tract 2932.03,Los Angeles,Los Angeles County,California,LosAngeles,52917.0,10283.0
2024,6037293204,Census Tract 2932.04,Los Angeles,Los Angeles County,California,LosAngeles,125000.0,41892.0
2024,6037293205,Census Tract 2932.05,Los Angeles,Los Angeles County,California,LosAngeles,65722.0,15203.0
2024,6037293206,Census Tract 2932.06,Los Angeles,Los Angeles County,California,LosAngeles,46250.0,33029.0
2024,6037293301,Census Tract 2933.01,Los Angeles,Los Angeles County,California,LosAngeles,128667.0,10804.0
2024,6037293302,Census Tract 2933.02,Los Angeles,Los Angeles County,California,LosAngeles,78395.0,22389.0
2024,6037293304,Census Tract 2933.04,Los Angeles,Los Angeles County,California,LosAngeles,56130.0,12980.0
2024,6037293306,Census Tract 2933.06,Los Angeles,Los Angeles County,California,LosAngeles,122500.0,21840.0
2024,6037293307,Census Tract 2933.07,Los Angeles,Los Angeles County,California,LosAngeles,51938.0,41147.0
2024,6037294110,Census Tract 2941.10,Los Angeles,Los Angeles County,California,LosAngeles,87995.0,15203.0
2024,6037294120,Census Tract 2941.20,Los Angeles,Los Angeles County,California,LosAngeles,48333.0,30584.0
2024,6037294200,Census Tract 2942,Los Angeles,Los Angeles County,California,LosAngeles,85875.0,20675.0
2024,6037294301,Census Tract 2943.01,Los Angeles,Los Angeles County,California,LosAngeles,101215.0,12066.0
2024,6037294302,Census Tract 2943.02,Los Angeles,Los Angeles County,California,LosAngeles,65688.0,11647.0
2024,6037294410,Census Tract 2944.10,Los Angeles,Los Angeles County,California,LosAngeles,58245.0,19917.0
2024,6037294421,Census Tract 2944.21,Los Angeles,Los Angeles County,California,LosAngeles,55417.0,13367.0
2024,6037294510,Census Tract 2945.10,Los Angeles,Los Angeles County,California,LosAngeles,64228.0,18986.0
2024,6037294520,Census Tract 2945.20,Los Angeles,Los Angeles County,California,LosAngeles,57115.0,13304.0
2024,6037294610,Census Tract 2946.10,Los Angeles,Los Angeles County,California,LosAngeles,68472.0,23829.0
2024,6037294620,Census Tract 2946.20,Los Angeles,Los Angeles County,California,LosAngeles,73182.0,26756.0
2024,6037294701,Census Tract 2947.01,Los Angeles,Los Angeles County,California,LosAngeles,38510.0,8139.0
2024,6037294810,Census Tract 2948.10,Los Angeles,Los Angeles County,California,LosAngeles,45227.0,12842.0
2024,6037294820,Census Tract 2948.20,Los Angeles,Los Angeles County,California,LosAngeles,35625.0,14407.0
2024,6037294830,Census Tract 2948.30,Los Angeles,Los Angeles County,California,LosAngeles,65278.0,33365.0
2024,6037294900,Census Tract 2949,Los Angeles,Los Angeles County,California,LosAngeles,42460.0,28561.0
2024,6037295103,Census Tract 2951.03,Los Angeles,Los Angeles County,California,LosAngeles,112396.0,47458.0
2024,6037296210,Census Tract 2962.10,Los Angeles,Los Angeles County,California,LosAngeles,67091.0,14843.0
2024,6037296220,Census Tract 2962.20,Los Angeles,Los Angeles County,California,LosAngeles,32170.0,28216.0
2024,6037296300,Census Tract 2963,Los Angeles,Los Angeles County,California,LosAngeles,54163.0,42243.0
2024,6037296401,Census Tract 2964.01,Los Angeles,Los Angeles County,California,LosAngeles,166620.0,38560.0
2024,6037296402,Census Tract 2964.02,Los Angeles,Los Angeles County,California,LosAngeles,150682.0,54653.0
2024,6037296500,Census Tract 2965,Los Angeles,Los Angeles County,California,LosAngeles,93693.0,26206.0
2024,6037296600,Census Tract 2966,Los Angeles,Los Angeles County,California,LosAngeles,34089.0,18740.0
2024,6037296901,Census Tract 2969.01,Los Angeles,Los Angeles County,California,LosAngeles,88580.0,50511.0
2024,6037296902,Census Tract 2969.02,Los Angeles,Los Angeles County,California,LosAngeles,48000.0,17662.0
2024,6037297001,Census Tract 2970.01,Los Angeles,Los Angeles County,California,LosAngeles,,
2024,6037297002,Census Tract 2970.02,Los Angeles,Los Angeles County,California,LosAngeles,105772.0,25832.0
2024,6037297110,Census Tract 2971.10,Los Angeles,Los Angeles County,California,LosAngeles,52191.0,5287.0
2024,6037297120,Census Tract 2971.20,Los Angeles,Los Angeles County,California,LosAngeles,76198.0,26721.0
2024,6037297201,Census Tract 2972.01,Los Angeles,Los Angeles County,California,LosAngeles,67994.0,22515.0
2024,6037297202,Census Tract 2972.02,Los Angeles,Los Angeles County,California,LosAngeles,96146.0,40743.0
2024,6037297300,Census Tract 2973,Los Angeles,Los Angeles County,California,LosAngeles,120833.0,29574.0
2024,6037297400,Census Tract 2974,Los Angeles,Los Angeles County,California,LosAngeles,217670.0,212617.0
2024,6037297501,Census Tract 2975.01,Los Angeles,Los Angeles County,California,LosAngeles,138000.0,73599.0
2024,6037297502,Census Tract 2975.02,Los Angeles,Los Angeles County,California,LosAngeles,107924.0,75142.0
2024,6037297601,Census Tract 2976.01,Los Angeles,Los Angeles County,California,LosAngeles,102500.0,48114.0
2024,6037297602,Census Tract 2976.02,Los Angeles,Los Angeles County,California,LosAngeles,83371.0,14521.0
2024,6037301702,Census Tract 3017.02,Los Angeles,Los Angeles County,California,LosAngeles,55408.0,41185.0
2024,6037320102,Census Tract 3201.02,Los Angeles,Los Angeles County,California,LosAngeles,123173.0,65352.0
2024,6037930400,Census Tract 9304,Los Angeles,Los Angeles County,California,LosAngeles,93833.0,35115.0
2024,6037980008,Census Tract 9800.08,Los Angeles,Los Angeles County,California,LosAngeles,,
2024,6037980009,Census Tract 9800.09,Los Angeles,Los Angeles County,California,LosAngeles,,
2024,6037980010,Census Tract 9800.10,Los Angeles,Los Angeles County,California,LosAngeles,72750.0,65013.0
2024,6037980014,Census Tract 9800.14,Los Angeles,Los Angeles County,California,LosAngeles,,
2024,6037980015,Census Tract 9800.15,Los Angeles,Los Angeles County,California,LosAngeles,49559.0,37941.0
2024,6037980017,Census Tract 9800.17,Los Angeles,Los Angeles County,California,LosAngeles,,
2024,6037980019,Census Tract 9800.19,Los Angeles,Los Angeles County,California,LosAngeles,,
2024,6037980020,Census Tract 9800.20,Los Angeles,Los Angeles County,California,LosAngeles,,
2024,6037980021,Census Tract 9800.21,Los Angeles,Los Angeles County,California,LosAngeles,,
2024,6037980022,Census Tract 9800.22,Los Angeles,Los Angeles County,California,LosAngeles,,
2024,6037980023,Census Tract 9800.23,Los Angeles,Los Angeles County,California,LosAngeles,,
2024,6037980024,Census Tract 9800.24,Los Angeles,Los Angeles County,California,LosAngeles,,
2024,6037980026,Census Tract 9800.26,Los Angeles,Los Angeles County,California,LosAngeles,,
2024,6037980028,Census Tract 9800.28,Los Angeles,Los Angeles County,California,LosAngeles,,
2024,6037980031,Census Tract 9800.31,Los Angeles,Los Angeles County,California,LosAngeles,,
2024,6037980039,Census Tract 9800.39,Los Angeles,Los Angeles County,California,LosAngeles,,
2024,6037990200,Census Tract 9902,Los Angeles,Los Angeles County,California,LosAngeles,,
2024,6037540000,Census Tract 5400,Lynwood,Los Angeles County,California,Lynwood,67604.0,22770.0
2024,6037540101,Census Tract 5401.01,Lynwood,Los Angeles County,California,Lynwood,91407.0,4008.0
2024,6037540102,Census Tract 5401.02,Lynwood,Los Angeles County,California,Lynwood,121667.0,21225.0
2024,6037540201,Census Tract 5402.01,Lynwood,Los Angeles County,California,Lynwood,56979.0,14777.0
2024,6037540202,Census Tract 5402.02,Lynwood,Los Angeles County,California,Lynwood,68133.0,8891.0
2024,6037540203,Census Tract 5402.03,Lynwood,Los Angeles County,California,Lynwood,84732.0,19172.0
2024,6037540300,Census Tract 5403,Lynwood,Los Angeles County,California,Lynwood,76510.0,19630.0
2024,6037540501,Census Tract 5405.01,Lynwood,Los Angeles County,California,Lynwood,82981.0,23985.0
2024,6037540502,Census Tract 5405.02,Lynwood,Los Angeles County,California,Lynwood,60341.0,17858.0
2024,6037541700,Census Tract 5417,Lynwood,Los Angeles County,California,Lynwood,96568.0,14456.0
2024,6037541801,Census Tract 5418.01,Lynwood,Los Angeles County,California,Lynwood,72750.0,19516.0
2024,6037541802,Census Tract 5418.02,Lynwood,Los Angeles County,California,Lynwood,83333.0,25361.0
2024,6037800406,Census Tract 8004.06,Malibu,Los Angeles County,California,Malibu,,
2024,6037800410,Census Tract 8004.10,Malibu,Los Angeles County,California,Malibu,,
2024,6037800411,Census Tract 8004.11,Malibu,Los Angeles County,California,Malibu,,
2024,6037800412,Census Tract 8004.12,Malibu,Los Angeles County,California,Malibu,112386.0,98340.0
2024,6037800504,Census Tract 8005.04,Malibu,Los Angeles County,California,Malibu,,
2024,6037800506,Census Tract 8005.06,Malibu,Los Angeles County,California,Malibu,,
2024,6037990100,Census Tract 9901,Malibu,Los Angeles County,California,Malibu,,
2024,6037990200,Census Tract 9902,Malibu,Los Angeles County,California,Malibu,,
2024,6037620201,Census Tract 6202.01,Manhattan Beach,Los Angeles County,California,ManhattanBeach,,
2024,6037620301,Census Tract 6203.01,Manhattan Beach,Los Angeles County,California,ManhattanBeach,234135.0,112353.0
2024,6037620303,Census Tract 6203.03,Manhattan Beach,Los Angeles County,California,ManhattanBeach,,
2024,6037620305,Census Tract 6203.05,Manhattan Beach,Los Angeles County,California,ManhattanBeach,104926.0,20101.0
2024,6037620400,Census Tract 6204,Manhattan Beach,Los Angeles County,California,ManhattanBeach,,
2024,6037620801,Census Tract 6208.01,Manhattan Beach,Los Angeles County,California,ManhattanBeach,,
2024,6037620802,Census Tract 6208.02,Manhattan Beach,Los Angeles County,California,ManhattanBeach,102019.0,66358.0
2024,6037620901,Census Tract 6209.01,Manhattan Beach,Los Angeles County,California,ManhattanBeach,,
2024,6037620904,Census Tract 6209.04,Manhattan Beach,Los Angeles County,California,ManhattanBeach,,
2024,6037990200,Census Tract 9902,Manhattan Beach,Los Angeles County,California,ManhattanBeach,,
2024,6037274202,Census Tract 2742.02,Marina del Rey,Los Angeles County,California,MarinadelRey,112878.0,76056.0
2024,6037702900,Census Tract 7029,Marina del Rey,Los Angeles County,California,MarinadelRey,158583.0,10456.0
2024,6037431300,Census Tract 4313,Mayflower Village,Los Angeles County,California,MayflowerVillage,86276.0,16265.0
2024,6037431400,Census Tract 4314,Mayflower Village,Los Angeles County,California,MayflowerVillage,58900.0,45738.0
2024,6037533300,Census Tract 5333,Maywood,Los Angeles County,California,Maywood,49886.0,22879.0
2024,6037533401,Census Tract 5334.01,Maywood,Los Angeles County,California,Maywood,61654.0,15143.0
2024,6037533402,Census Tract 5334.02,Maywood,Los Angeles County,California,Maywood,58250.0,18184.0
2024,6037533403,Census Tract 5334.03,Maywood,Los Angeles County,California,Maywood,65078.0,18414.0
2024,6037533701,Census Tract 5337.01,Maywood,Los Angeles County,California,Maywood,59250.0,14805.0
2024,6037533702,Census Tract 5337.02,Maywood,Los Angeles County,California,Maywood,68203.0,18529.0
2024,6037533703,Census Tract 5337.03,Maywood,Los Angeles County,California,Maywood,58984.0,12940.0
2024,6037430301,Census Tract 4303.01,Monrovia,Los Angeles County,California,Monrovia,177634.0,66444.0
2024,6037430302,Census Tract 4303.02,Monrovia,Los Angeles County,California,Monrovia,112153.0,56069.0
2024,6037430901,Census Tract 4309.01,Monrovia,Los Angeles County,California,Monrovia,85302.0,25671.0
2024,6037430902,Census Tract 4309.02,Monrovia,Los Angeles County,California,Monrovia,95203.0,23969.0
2024,6037431002,Census Tract 4310.02,Monrovia,Los Angeles County,California,Monrovia,71094.0,57514.0
2024,6037431003,Census Tract 4310.03,Monrovia,Los Angeles County,California,Monrovia,94755.0,66355.0
2024,6037431004,Census Tract 4310.04,Monrovia,Los Angeles County,California,Monrovia,97708.0,7571.0
2024,6037431100,Census Tract 4311,Monrovia,Los Angeles County,California,Monrovia,80313.0,9946.0
2024,6037431200,Census Tract 4312,Monrovia,Los Angeles County,California,Monrovia,107700.0,18219.0
2024,6037431300,Census Tract 4313,Monrovia,Los Angeles County,California,Monrovia,86276.0,16265.0
2024,6037431400,Census Tract 4314,Monrovia,Los Angeles County,California,Monrovia,58900.0,45738.0
2024,6037482522,Census Tract 4825.22,Montebello,Los Angeles County,California,Montebello,79660.0,18205.0
2024,6037530005,Census Tract 5300.05,Montebello,Los Angeles County,California,Montebello,130250.0,81505.0
2024,6037530006,Census Tract 5300.06,Montebello,Los Angeles County,California,Montebello,71542.0,11301.0
2024,6037530007,Census Tract 5300.07,Montebello,Los Angeles County,California,Montebello,85425.0,13120.0
2024,6037530101,Census Tract 5301.01,Montebello,Los Angeles County,California,Montebello,55809.0,20261.0
2024,6037530102,Census Tract 5301.02,Montebello,Los Angeles County,California,Montebello,72957.0,37311.0
2024,6037530202,Census Tract 5302.02,Montebello,Los Angeles County,California,Montebello,91150.0,31699.0
2024,6037530203,Census Tract 5302.03,Montebello,Los Angeles County,California,Montebello,60647.0,10205.0
2024,6037530204,Census Tract 5302.04,Montebello,Los Angeles County,California,Montebello,78021.0,31878.0
2024,6037531800,Census Tract 5318,Montebello,Los Angeles County,California,Montebello,84189.0,32408.0
2024,6037531902,Census Tract 5319.02,Montebello,Los Angeles County,California,Montebello,93255.0,18002.0
2024,6037532001,Census Tract 5320.01,Montebello,Los Angeles County,California,Montebello,57204.0,14828.0
2024,6037532002,Census Tract 5320.02,Montebello,Los Angeles County,California,Montebello,82531.0,8931.0
2024,6037532101,Census Tract 5321.01,Montebello,Los Angeles County,California,Montebello,54821.0,20150.0
2024,6037532102,Census Tract 5321.02,Montebello,Los Angeles County,California,Montebello,96638.0,8668.0
2024,6037532200,Census Tract 5322,Montebello,Los Angeles County,California,Montebello,94031.0,26337.0
2024,6037481711,Census Tract 4817.11,Monterey Park,Los Angeles County,California,MontereyPark,,
2024,6037481712,Census Tract 4817.12,Monterey Park,Los Angeles County,California,MontereyPark,112632.0,74692.0
2024,6037481713,Census Tract 4817.13,Monterey Park,Los Angeles County,California,MontereyPark,114219.0,60031.0
2024,6037481714,Census Tract 4817.14,Monterey Park,Los Angeles County,California,MontereyPark,50500.0,40028.0
2024,6037482001,Census Tract 4820.01,Monterey Park,Los Angeles County,California,MontereyPark,,
2024,6037482002,Census Tract 4820.02,Monterey Park,Los Angeles County,California,MontereyPark,73817.0,41816.0
2024,6037482101,Census Tract 4821.01,Monterey Park,Los Angeles County,California,MontereyPark,142794.0,80492.0
2024,6037482102,Census Tract 4821.02,Monterey Park,Los Angeles County,California,MontereyPark,76607.0,23983.0
2024,6037482201,Census Tract 4822.01,Monterey Park,Los Angeles County,California,MontereyPark,,
2024,6037482202,Census Tract 4822.02,Monterey Park,Los Angeles County,California,MontereyPark,111920.0,43582.0
2024,6037482600,Census Tract 4826,Monterey Park,Los Angeles County,California,MontereyPark,113894.0,42336.0
2024,6037482701,Census Tract 4827.01,Monterey Park,Los Angeles County,California,MontereyPark,62730.0,9345.0
2024,6037482702,Census Tract 4827.02,Monterey Park,Los Angeles County,California,MontereyPark,118828.0,39449.0
2024,6037482801,Census Tract 4828.01,Monterey Park,Los Angeles County,California,MontereyPark,87500.0,14198.0
2024,6037530400,Census Tract 5304,Monterey Park,Los Angeles County,California,MontereyPark,44500.0,37289.0
2024,6037431502,Census Tract 4315.02,North El Monte,Los Angeles County,California,NorthElMonte,98869.0,36506.0
2024,6037550101,Census Tract 5501.01,Norwalk,Los Angeles County,California,Norwalk,120505.0,13709.0
2024,6037550201,Census Tract 5502.01,Norwalk,Los Angeles County,California,Norwalk,96304.0,25975.0
2024,6037550202,Census Tract 5502.02,Norwalk,Los Angeles County,California,Norwalk,128500.0,23051.0
2024,6037550301,Census Tract 5503.01,Norwalk,Los Angeles County,California,Norwalk,107955.0,80433.0
2024,6037551900,Census Tract 5519,Norwalk,Los Angeles County,California,Norwalk,97691.0,20834.0
2024,6037552001,Census Tract 5520.01,Norwalk,Los Angeles County,California,Norwalk,104063.0,11994.0
2024,6037552002,Census Tract 5520.02,Norwalk,Los Angeles County,California,Norwalk,111190.0,12878.0
2024,6037552100,Census Tract 5521,Norwalk,Los Angeles County,California,Norwalk,86964.0,39215.0
2024,6037552200,Census Tract 5522,Norwalk,Los Angeles County,California,Norwalk,69856.0,13167.0
2024,6037552301,Census Tract 5523.01,Norwalk,Los Angeles County,California,Norwalk,106339.0,37837.0
2024,6037552302,Census Tract 5523.02,Norwalk,Los Angeles County,California,Norwalk,,
2024,6037552400,Census Tract 5524,Norwalk,Los Angeles County,California,Norwalk,69821.0,18734.0
2024,6037552601,Census Tract 5526.01,Norwalk,Los Angeles County,California,Norwalk,101944.0,30392.0
2024,6037552602,Census Tract 5526.02,Norwalk,Los Angeles County,California,Norwalk,114803.0,57359.0
2024,6037552700,Census Tract 5527,Norwalk,Los Angeles County,California,Norwalk,104674.0,14673.0
2024,6037552800,Census Tract 5528,Norwalk,Los Angeles County,California,Norwalk,106912.0,30615.0
2024,6037552900,Census Tract 5529,Norwalk,Los Angeles County,California,Norwalk,77054.0,22686.0
2024,6037553000,Census Tract 5530,Norwalk,Los Angeles County,California,Norwalk,152969.0,65629.0
2024,6037554600,Census Tract 5546,Norwalk,Los Angeles County,California,Norwalk,,
2024,6037554700,Census Tract 5547,Norwalk,Los Angeles County,California,Norwalk,117930.0,21110.0
2024,6037555300,Census Tract 5553,Norwalk,Los Angeles County,California,Norwalk,112543.0,70693.0
2024,6037577800,Census Tract 5778,Norwalk,Los Angeles County,California,Norwalk,132574.0,35061.0
2024,6037901218,Census Tract 9012.18,Palmdale,Los Angeles County,California,Palmdale,185625.0,18023.0
2024,6037910002,Census Tract 9100.02,Palmdale,Los Angeles County,California,Palmdale,72853.0,20369.0
2024,6037910210,Census Tract 9102.10,Palmdale,Los Angeles County,California,Palmdale,84490.0,60248.0
2024,6037910213,Census Tract 9102.13,Palmdale,Los Angeles County,California,Palmdale,139238.0,11946.0
2024,6037910214,Census Tract 9102.14,Palmdale,Los Angeles County,California,Palmdale,109219.0,20903.0
2024,6037910215,Census Tract 9102.15,Palmdale,Los Angeles County,California,Palmdale,100362.0,33643.0
2024,6037910216,Census Tract 9102.16,Palmdale,Los Angeles County,California,Palmdale,116161.0,34566.0
2024,6037910217,Census Tract 9102.17,Palmdale,Los Angeles County,California,Palmdale,99583.0,18641.0
2024,6037910218,Census Tract 9102.18,Palmdale,Los Angeles County,California,Palmdale,62321.0,48389.0
2024,6037910301,Census Tract 9103.01,Palmdale,Los Angeles County,California,Palmdale,101855.0,72462.0
2024,6037910302,Census Tract 9103.02,Palmdale,Los Angeles County,California,Palmdale,,
2024,6037910401,Census Tract 9104.01,Palmdale,Los Angeles County,California,Palmdale,85125.0,14050.0
2024,6037910404,Census Tract 9104.04,Palmdale,Los Angeles County,California,Palmdale,68065.0,22158.0
2024,6037910405,Census Tract 9104.05,Palmdale,Los Angeles County,California,Palmdale,55801.0,7709.0
2024,6037910501,Census Tract 9105.01,Palmdale,Los Angeles County,California,Palmdale,39125.0,16479.0
2024,6037910502,Census Tract 9105.02,Palmdale,Los Angeles County,California,Palmdale,39573.0,12446.0
2024,6037910504,Census Tract 9105.04,Palmdale,Los Angeles County,California,Palmdale,72188.0,13422.0
2024,6037910505,Census Tract 9105.05,Palmdale,Los Angeles County,California,Palmdale,84545.0,35374.0
2024,6037910601,Census Tract 9106.01,Palmdale,Los Angeles County,California,Palmdale,65327.0,18002.0
2024,6037910602,Census Tract 9106.02,Palmdale,Los Angeles County,California,Palmdale,65625.0,46260.0
2024,6037910605,Census Tract 9106.05,Palmdale,Los Angeles County,California,Palmdale,65804.0,14353.0
2024,6037910606,Census Tract 9106.06,Palmdale,Los Angeles County,California,Palmdale,81411.0,10356.0
2024,6037910607,Census Tract 9106.07,Palmdale,Los Angeles County,California,Palmdale,54366.0,10691.0
2024,6037910608,Census Tract 9106.08,Palmdale,Los Angeles County,California,Palmdale,72472.0,29298.0
2024,6037910706,Census Tract 9107.06,Palmdale,Los Angeles County,California,Palmdale,95625.0,28364.0
2024,6037910707,Census Tract 9107.07,Palmdale,Los Angeles County,California,Palmdale,88676.0,21230.0
2024,6037910709,Census Tract 9107.09,Palmdale,Los Angeles County,California,Palmdale,115357.0,31027.0
2024,6037910712,Census Tract 9107.12,Palmdale,Los Angeles County,California,Palmdale,103625.0,25023.0
2024,6037910713,Census Tract 9107.13,Palmdale,Los Angeles County,California,Palmdale,83783.0,18325.0
2024,6037910714,Census Tract 9107.14,Palmdale,Los Angeles County,California,Palmdale,81771.0,17253.0
2024,6037910715,Census Tract 9107.15,Palmdale,Los Angeles County,California,Palmdale,92366.0,23532.0
2024,6037910716,Census Tract 9107.16,Palmdale,Los Angeles County,California,Palmdale,96795.0,15672.0
2024,6037910717,Census Tract 9107.17,Palmdale,Los Angeles County,California,Palmdale,87273.0,23411.0
2024,6037910718,Census Tract 9107.18,Palmdale,Los Angeles County,California,Palmdale,128578.0,28144.0
2024,6037910719,Census Tract 9107.19,Palmdale,Los Angeles County,California,Palmdale,89605.0,29826.0
2024,6037910720,Census Tract 9107.20,Palmdale,Los Angeles County,California,Palmdale,42500.0,22130.0
2024,6037910721,Census Tract 9107.21,Palmdale,Los Angeles County,California,Palmdale,67697.0,23850.0
2024,6037910815,Census Tract 9108.15,Palmdale,Los Angeles County,California,Palmdale,96649.0,30633.0
2024,6037911100,Census Tract 9111,Palmdale,Los Angeles County,California,Palmdale,68254.0,16364.0
2024,6037980004,Census Tract 9800.04,Palmdale,Los Angeles County,California,Palmdale,,
2024,6037670324,Census Tract 6703.24,Palos Verdes Estates,Los Angeles County,California,PalosVerdesEstates,,
2024,6037670326,Census Tract 6703.26,Palos Verdes Estates,Los Angeles County,California,PalosVerdesEstates,,
2024,6037670328,Census Tract 6703.28,Palos Verdes Estates,Los Angeles County,California,PalosVerdesEstates,,
2024,6037990200,Census Tract 9902,Palos Verdes Estates,Los Angeles County,California,PalosVerdesEstates,,
2024,6037553502,Census Tract 5535.02,Paramount,Los Angeles County,California,Paramount,72964.0,18472.0
2024,6037553503,Census Tract 5535.03,Paramount,Los Angeles County,California,Paramount,56375.0,13877.0
2024,6037553504,Census Tract 5535.04,Paramount,Los Angeles County,California,Paramount,80000.0,32278.0
2024,6037553601,Census Tract 5536.01,Paramount,Los Angeles County,California,Paramount,66971.0,18685.0
2024,6037553602,Census Tract 5536.02,Paramount,Los Angeles County,California,Paramount,89200.0,23699.0
2024,6037553701,Census Tract 5537.01,Paramount,Los Angeles County,California,Paramount,74583.0,17546.0
2024,6037553702,Census Tract 5537.02,Paramount,Los Angeles County,California,Paramount,66374.0,11082.0
2024,6037553801,Census Tract 5538.01,Paramount,Los Angeles County,California,Paramount,66838.0,25792.0
2024,6037553802,Census Tract 5538.02,Paramount,Los Angeles County,California,Paramount,63833.0,18787.0
2024,6037553901,Census Tract 5539.01,Paramount,Los Angeles County,California,Paramount,88469.0,9424.0
2024,6037553902,Census Tract 5539.02,Paramount,Los Angeles County,California,Paramount,77885.0,11556.0
2024,6037460001,Census Tract 4600.01,Pasadena,Los Angeles County,California,Pasadena,214940.0,133104.0
2024,6037460002,Census Tract 4600.02,Pasadena,Los Angeles County,California,Pasadena,,
2024,6037460101,Census Tract 4601.01,Pasadena,Los Angeles County,California,Pasadena,151750.0,90033.0
2024,6037460401,Census Tract 4604.01,Pasadena,Los Angeles County,California,Pasadena,70368.0,10408.0
2024,6037460800,Census Tract 4608,Pasadena,Los Angeles County,California,Pasadena,125208.0,120054.0
2024,6037460900,Census Tract 4609,Pasadena,Los Angeles County,California,Pasadena,89070.0,26896.0
2024,6037461300,Census Tract 4613,Pasadena,Los Angeles County,California,Pasadena,,
2024,6037461400,Census Tract 4614,Pasadena,Los Angeles County,California,Pasadena,91157.0,20308.0
2024,6037461501,Census Tract 4615.01,Pasadena,Los Angeles County,California,Pasadena,69295.0,14158.0
2024,6037461502,Census Tract 4615.02,Pasadena,Los Angeles County,California,Pasadena,83021.0,17110.0
2024,6037461600,Census Tract 4616,Pasadena,Los Angeles County,California,Pasadena,48875.0,29007.0
2024,6037461700,Census Tract 4617,Pasadena,Los Angeles County,California,Pasadena,,
2024,6037461901,Census Tract 4619.01,Pasadena,Los Angeles County,California,Pasadena,53625.0,17837.0
2024,6037461902,Census Tract 4619.02,Pasadena,Los Angeles County,California,Pasadena,113125.0,102344.0
2024,6037462001,Census Tract 4620.01,Pasadena,Los Angeles County,California,Pasadena,68705.0,29705.0
2024,6037462002,Census Tract 4620.02,Pasadena,Los Angeles County,California,Pasadena,50288.0,18335.0
2024,6037462100,Census Tract 4621,Pasadena,Los Angeles County,California,Pasadena,93306.0,27679.0
2024,6037462201,Census Tract 4622.01,Pasadena,Los Angeles County,California,Pasadena,57292.0,25489.0
2024,6037462202,Census Tract 4622.02,Pasadena,Los Angeles County,California,Pasadena,106462.0,4960.0
2024,6037462301,Census Tract 4623.01,Pasadena,Los Angeles County,California,Pasadena,88472.0,18469.0
2024,6037462302,Census Tract 4623.02,Pasadena,Los Angeles County,California,Pasadena,62250.0,37339.0
2024,6037462400,Census Tract 4624,Pasadena,Los Angeles County,California,Pasadena,108412.0,27785.0
2024,6037462500,Census Tract 4625,Pasadena,Los Angeles County,California,Pasadena,99938.0,79716.0
2024,6037462600,Census Tract 4626,Pasadena,Los Angeles County,California,Pasadena,135074.0,23192.0
2024,6037462700,Census Tract 4627,Pasadena,Los Angeles County,California,Pasadena,58940.0,21445.0
2024,6037462800,Census Tract 4628,Pasadena,Los Angeles County,California,Pasadena,73988.0,12115.0
2024,6037462900,Census Tract 4629,Pasadena,Los Angeles County,California,Pasadena,71477.0,65628.0
2024,6037463000,Census Tract 4630,Pasadena,Los Angeles County,California,Pasadena,,
2024,6037463103,Census Tract 4631.03,Pasadena,Los Angeles County,California,Pasadena,131647.0,24809.0
2024,6037463200,Census Tract 4632,Pasadena,Los Angeles County,California,Pasadena,66875.0,49989.0
2024,6037463400,Census Tract 4634,Pasadena,Los Angeles County,California,Pasadena,186250.0,57487.0
2024,6037463500,Census Tract 4635,Pasadena,Los Angeles County,California,Pasadena,80375.0,59937.0
2024,6037463601,Census Tract 4636.01,Pasadena,Los Angeles County,California,Pasadena,78761.0,2707.0
2024,6037463602,Census Tract 4636.02,Pasadena,Los Angeles County,California,Pasadena,93636.0,52182.0
2024,6037463700,Census Tract 4637,Pasadena,Los Angeles County,California,Pasadena,,
2024,6037463800,Census Tract 4638,Pasadena,Los Angeles County,California,Pasadena,,
2024,6037463900,Census Tract 4639,Pasadena,Los Angeles County,California,Pasadena,95500.0,57270.0
2024,6037464000,Census Tract 4640,Pasadena,Los Angeles County,California,Pasadena,,
2024,6037800410,Census Tract 8004.10,Pepperdine University,Los Angeles County,California,PepperdineUniversity,,
2024,6037500300,Census Tract 5003,Pico Rivera,Los Angeles County,California,PicoRivera,123268.0,4983.0
2024,6037500402,Census Tract 5004.02,Pico Rivera,Los Angeles County,California,PicoRivera,65717.0,14496.0
2024,6037500403,Census Tract 5004.03,Pico Rivera,Los Angeles County,California,PicoRivera,88721.0,55330.0
2024,6037500404,Census Tract 5004.04,Pico Rivera,Los Angeles County,California,PicoRivera,103125.0,21817.0
2024,6037500500,Census Tract 5005,Pico Rivera,Los Angeles County,California,PicoRivera,63125.0,19837.0
2024,6037500600,Census Tract 5006,Pico Rivera,Los Angeles County,California,PicoRivera,113661.0,19000.0
2024,6037500700,Census Tract 5007,Pico Rivera,Los Angeles County,California,PicoRivera,80060.0,21090.0
2024,6037500800,Census Tract 5008,Pico Rivera,Los Angeles County,California,PicoRivera,115150.0,28213.0
2024,6037500900,Census Tract 5009,Pico Rivera,Los Angeles County,California,PicoRivera,69677.0,45099.0
2024,6037502401,Census Tract 5024.01,Pico Rivera,Los Angeles County,California,PicoRivera,67064.0,14525.0
2024,6037502402,Census Tract 5024.02,Pico Rivera,Los Angeles County,California,PicoRivera,94536.0,24318.0
2024,6037502500,Census Tract 5025,Pico Rivera,Los Angeles County,California,PicoRivera,98056.0,30621.0
2024,6037502602,Census Tract 5026.02,Pico Rivera,Los Angeles County,California,PicoRivera,78913.0,15235.0
2024,6037502603,Census Tract 5026.03,Pico Rivera,Los Angeles County,California,PicoRivera,125179.0,67720.0
2024,6037502604,Census Tract 5026.04,Pico Rivera,Los Angeles County,California,PicoRivera,123295.0,58480.0
2024,6037401303,Census Tract 4013.03,Pomona,Los Angeles County,California,Pomona,115500.0,89204.0
2024,6037401706,Census Tract 4017.06,Pomona,Los Angeles County,California,Pomona,122796.0,12818.0
2024,6037401707,Census Tract 4017.07,Pomona,Los Angeles County,California,Pomona,71200.0,30197.0
2024,6037402101,Census Tract 4021.01,Pomona,Los Angeles County,California,Pomona,132656.0,13520.0
2024,6037402102,Census Tract 4021.02,Pomona,Los Angeles County,California,Pomona,103224.0,12351.0
2024,6037402200,Census Tract 4022,Pomona,Los Angeles County,California,Pomona,84213.0,10954.0
2024,6037402301,Census Tract 4023.01,Pomona,Los Angeles County,California,Pomona,85216.0,26025.0
2024,6037402303,Census Tract 4023.03,Pomona,Los Angeles County,California,Pomona,61742.0,19418.0
2024,6037402304,Census Tract 4023.04,Pomona,Los Angeles County,California,Pomona,49375.0,10429.0
2024,6037402403,Census Tract 4024.03,Pomona,Los Angeles County,California,Pomona,89928.0,11003.0
2024,6037402404,Census Tract 4024.04,Pomona,Los Angeles County,California,Pomona,,
2024,6037402405,Census Tract 4024.05,Pomona,Los Angeles County,California,Pomona,113200.0,22745.0
2024,6037402406,Census Tract 4024.06,Pomona,Los Angeles County,California,Pomona,90313.0,25019.0
2024,6037402501,Census Tract 4025.01,Pomona,Los Angeles County,California,Pomona,60625.0,10936.0
2024,6037402503,Census Tract 4025.03,Pomona,Los Angeles County,California,Pomona,65023.0,9213.0
2024,6037402504,Census Tract 4025.04,Pomona,Los Angeles County,California,Pomona,49236.0,33493.0
2024,6037402601,Census Tract 4026.01,Pomona,Los Angeles County,California,Pomona,76420.0,16801.0
2024,6037402602,Census Tract 4026.02,Pomona,Los Angeles County,California,Pomona,65936.0,8116.0
2024,6037402702,Census Tract 4027.02,Pomona,Los Angeles County,California,Pomona,52607.0,4133.0
2024,6037402703,Census Tract 4027.03,Pomona,Los Angeles County,California,Pomona,94853.0,38587.0
2024,6037402705,Census Tract 4027.05,Pomona,Los Angeles County,California,Pomona,116713.0,10340.0
2024,6037402706,Census Tract 4027.06,Pomona,Los Angeles County,California,Pomona,108125.0,38639.0
2024,6037402801,Census Tract 4028.01,Pomona,Los Angeles County,California,Pomona,54157.0,14933.0
2024,6037402803,Census Tract 4028.03,Pomona,Los Angeles County,California,Pomona,90078.0,13774.0
2024,6037402804,Census Tract 4028.04,Pomona,Los Angeles County,California,Pomona,66042.0,14414.0
2024,6037402902,Census Tract 4029.02,Pomona,Los Angeles County,California,Pomona,87868.0,17345.0
2024,6037402903,Census Tract 4029.03,Pomona,Los Angeles County,California,Pomona,96439.0,12574.0
2024,6037402904,Census Tract 4029.04,Pomona,Los Angeles County,California,Pomona,104412.0,27302.0
2024,6037403000,Census Tract 4030,Pomona,Los Angeles County,California,Pomona,89548.0,31807.0
2024,6037403316,Census Tract 4033.16,Pomona,Los Angeles County,California,Pomona,139701.0,15258.0
2024,6037403317,Census Tract 4033.17,Pomona,Los Angeles County,California,Pomona,141786.0,55425.0
2024,6037403318,Census Tract 4033.18,Pomona,Los Angeles County,California,Pomona,175114.0,118656.0
2024,6037403327,Census Tract 4033.27,Pomona,Los Angeles County,California,Pomona,88750.0,18581.0
2024,6037408800,Census Tract 4088,Pomona,Los Angeles County,California,Pomona,65521.0,12452.0
2024,6037409000,Census Tract 4090,Pomona,Los Angeles County,California,Pomona,79603.0,23723.0
2024,6037901013,Census Tract 9010.13,Quartz Hill,Los Angeles County,California,QuartzHill,117298.0,24468.0
2024,6037901101,Census Tract 9011.01,Quartz Hill,Los Angeles County,California,QuartzHill,76551.0,16097.0
2024,6037901102,Census Tract 9011.02,Quartz Hill,Los Angeles County,California,QuartzHill,106500.0,13237.0
2024,6037910211,Census Tract 9102.11,Quartz Hill,Los Angeles County,California,QuartzHill,183750.0,79715.0
2024,6037910301,Census Tract 9103.01,Quartz Hill,Los Angeles County,California,QuartzHill,101855.0,72462.0
2024,6037670328,Census Tract 6703.28,Rancho Palos Verdes,Los Angeles County,California,RanchoPalosVerdes,,
2024,6037670405,Census Tract 6704.05,Rancho Palos Verdes,Los Angeles County,California,RanchoPalosVerdes,190536.0,143666.0
2024,6037670407,Census Tract 6704.07,Rancho Palos Verdes,Los Angeles County,California,RanchoPalosVerdes,158341.0,51704.0
2024,6037670413,Census Tract 6704.13,Rancho Palos Verdes,Los Angeles County,California,RanchoPalosVerdes,,
2024,6037670416,Census Tract 6704.16,Rancho Palos Verdes,Los Angeles County,California,RanchoPalosVerdes,,
2024,6037670417,Census Tract 6704.17,Rancho Palos Verdes,Los Angeles County,California,RanchoPalosVerdes,,
2024,6037670418,Census Tract 6704.18,Rancho Palos Verdes,Los Angeles County,California,RanchoPalosVerdes,127260.0,103609.0
2024,6037670603,Census Tract 6706.03,Rancho Palos Verdes,Los Angeles County,California,RanchoPalosVerdes,233787.0,56376.0
2024,6037670604,Census Tract 6706.04,Rancho Palos Verdes,Los Angeles County,California,RanchoPalosVerdes,,
2024,6037670701,Census Tract 6707.01,Rancho Palos Verdes,Los Angeles County,California,RanchoPalosVerdes,180753.0,27270.0
2024,6037670702,Census Tract 6707.02,Rancho Palos Verdes,Los Angeles County,California,RanchoPalosVerdes,,
2024,6037990200,Census Tract 9902,Rancho Palos Verdes,Los Angeles County,California,RanchoPalosVerdes,,
2024,6037990300,Census Tract 9903,Rancho Palos Verdes,Los Angeles County,California,RanchoPalosVerdes,,
2024,6037620501,Census Tract 6205.01,Redondo Beach,Los Angeles County,California,RedondoBeach,110764.0,89360.0
2024,6037620521,Census Tract 6205.21,Redondo Beach,Los Angeles County,California,RedondoBeach,75000.0,60654.0
2024,6037620522,Census Tract 6205.22,Redondo Beach,Los Angeles County,California,RedondoBeach,92917.0,24718.0
2024,6037620601,Census Tract 6206.01,Redondo Beach,Los Angeles County,California,RedondoBeach,132215.0,36166.0
2024,6037620602,Census Tract 6206.02,Redondo Beach,Los Angeles County,California,RedondoBeach,92415.0,65439.0
2024,6037620701,Census Tract 6207.01,Redondo Beach,Los Angeles County,California,RedondoBeach,,
2024,6037620703,Census Tract 6207.03,Redondo Beach,Los Angeles County,California,RedondoBeach,202841.0,108407.0
2024,6037620704,Census Tract 6207.04,Redondo Beach,Los Angeles County,California,RedondoBeach,,
2024,6037621201,Census Tract 6212.01,Redondo Beach,Los Angeles County,California,RedondoBeach,209643.0,82522.0
2024,6037621204,Census Tract 6212.04,Redondo Beach,Los Angeles County,California,RedondoBeach,82875.0,71298.0
2024,6037621301,Census Tract 6213.01,Redondo Beach,Los Angeles County,California,RedondoBeach,116174.0,71827.0
2024,6037621324,Census Tract 6213.24,Redondo Beach,Los Angeles County,California,RedondoBeach,,
2024,6037621326,Census Tract 6213.26,Redondo Beach,Los Angeles County,California,RedondoBeach,,
2024,6037621400,Census Tract 6214,Redondo Beach,Los Angeles County,California,RedondoBeach,,
2024,6037990200,Census Tract 9902,Redondo Beach,Los Angeles County,California,RedondoBeach,,
2024,6037670500,Census Tract 6705,Rolling Hills (Los Angeles County),Los Angeles County,California,RollingHills(LosAngelesCounty),221563.0,149249.0
2024,6037670201,Census Tract 6702.01,Rolling Hills Estates,Los Angeles County,California,RollingHillsEstates,,
2024,6037670202,Census Tract 6702.02,Rolling Hills Estates,Los Angeles County,California,RollingHillsEstates,191731.0,116656.0
2024,6037670405,Census Tract 6704.05,Rolling Hills Estates,Los Angeles County,California,RollingHillsEstates,190536.0,143666.0
2024,6037670406,Census Tract 6704.06,Rolling Hills Estates,Los Angeles County,California,RollingHillsEstates,,
2024,6037670417,Census Tract 6704.17,Rolling Hills Estates,Los Angeles County,California,RollingHillsEstates,,
2024,6037670702,Census Tract 6707.02,Rolling Hills Estates,Los Angeles County,California,RollingHillsEstates,,
2024,6037500300,Census Tract 5003,Rose Hills,Los Angeles County,California,RoseHills,123268.0,4983.0
2024,6037432201,Census Tract 4322.01,Rosemead,Los Angeles County,California,Rosemead,,
2024,6037432202,Census Tract 4322.02,Rosemead,Los Angeles County,California,Rosemead,84313.0,33489.0
2024,6037432901,Census Tract 4329.01,Rosemead,Los Angeles County,California,Rosemead,77406.0,69114.0
2024,6037432902,Census Tract 4329.02,Rosemead,Los Angeles County,California,Rosemead,98125.0,22064.0
2024,6037433601,Census Tract 4336.01,Rosemead,Los Angeles County,California,Rosemead,79688.0,21147.0
2024,6037433602,Census Tract 4336.02,Rosemead,Los Angeles County,California,Rosemead,44789.0,17428.0
2024,6037481300,Census Tract 4813,Rosemead,Los Angeles County,California,Rosemead,92784.0,21742.0
2024,6037482303,Census Tract 4823.03,Rosemead,Los Angeles County,California,Rosemead,88788.0,15841.0
2024,6037482304,Census Tract 4823.04,Rosemead,Los Angeles County,California,Rosemead,53450.0,8489.0
2024,6037482401,Census Tract 4824.01,Rosemead,Los Angeles County,California,Rosemead,85833.0,42302.0
2024,6037482403,Census Tract 4824.03,Rosemead,Los Angeles County,California,Rosemead,76375.0,20955.0
2024,6037482404,Census Tract 4824.04,Rosemead,Los Angeles County,California,Rosemead,66250.0,55791.0
2024,6037482502,Census Tract 4825.02,Rosemead,Los Angeles County,California,Rosemead,73375.0,49548.0
2024,6037482503,Census Tract 4825.03,Rosemead,Los Angeles County,California,Rosemead,83306.0,52841.0
2024,6037482521,Census Tract 4825.21,Rosemead,Los Angeles County,California,Rosemead,84615.0,13804.0
2024,6037482522,Census Tract 4825.22,Rosemead,Los Angeles County,California,Rosemead,79660.0,18205.0
2024,6037530007,Census Tract 5300.07,Rosemead,Los Angeles County,California,Rosemead,85425.0,13120.0
2024,6037980036,Census Tract 9800.36,Rosemead,Los Angeles County,California,Rosemead,94167.0,40922.0
2024,6037403326,Census Tract 4033.26,Rowland Heights,Los Angeles County,California,RowlandHeights,129063.0,74480.0
2024,6037408212,Census Tract 4082.12,Rowland Heights,Los Angeles County,California,RowlandHeights,130250.0,93270.0
2024,6037408213,Census Tract 4082.13,Rowland Heights,Los Angeles County,California,RowlandHeights,69750.0,9743.0
2024,6037408626,Census Tract 4086.26,Rowland Heights,Los Angeles County,California,RowlandHeights,138750.0,86295.0
2024,6037408627,Census Tract 4086.27,Rowland Heights,Los Angeles County,California,RowlandHeights,99813.0,44857.0
2024,6037408703,Census Tract 4087.03,Rowland Heights,Los Angeles County,California,RowlandHeights,208426.0,127132.0
2024,6037408705,Census Tract 4087.05,Rowland Heights,Los Angeles County,California,RowlandHeights,62723.0,60755.0
2024,6037408707,Census Tract 4087.07,Rowland Heights,Los Angeles County,California,RowlandHeights,162742.0,64988.0
2024,6037408722,Census Tract 4087.22,Rowland Heights,Los Angeles County,California,RowlandHeights,135500.0,84884.0
2024,6037408724,Census Tract 4087.24,Rowland Heights,Los Angeles County,California,RowlandHeights,66115.0,13100.0
2024,6037408725,Census Tract 4087.25,Rowland Heights,Los Angeles County,California,RowlandHeights,67330.0,40372.0
2024,6037980035,Census Tract 9800.35,Rowland Heights,Los Angeles County,California,RowlandHeights,68958.0,29262.0
2024,6037400304,Census Tract 4003.04,San Dimas,Los Angeles County,California,SanDimas,80000.0,31901.0
2024,6037400403,Census Tract 4004.03,San Dimas,Los Angeles County,California,SanDimas,123375.0,101463.0
2024,6037401202,Census Tract 4012.02,San Dimas,Los Angeles County,California,SanDimas,99519.0,42039.0
2024,6037401303,Census Tract 4013.03,San Dimas,Los Angeles County,California,SanDimas,115500.0,89204.0
2024,6037401304,Census Tract 4013.04,San Dimas,Los Angeles County,California,SanDimas,185385.0,127805.0
2024,6037401311,Census Tract 4013.11,San Dimas,Los Angeles County,California,SanDimas,140375.0,63474.0
2024,6037401312,Census Tract 4013.12,San Dimas,Los Angeles County,California,SanDimas,81691.0,55168.0
2024,6037403703,Census Tract 4037.03,San Dimas,Los Angeles County,California,SanDimas,190500.0,87444.0
2024,6037403802,Census Tract 4038.02,San Dimas,Los Angeles County,California,SanDimas,86799.0,26028.0
2024,6037320101,Census Tract 3201.01,San Fernando,Los Angeles County,California,SanFernando,109219.0,27731.0
2024,6037320102,Census Tract 3201.02,San Fernando,Los Angeles County,California,SanFernando,123173.0,65352.0
2024,6037320201,Census Tract 3202.01,San Fernando,Los Angeles County,California,SanFernando,70511.0,27844.0
2024,6037320202,Census Tract 3202.02,San Fernando,Los Angeles County,California,SanFernando,102614.0,37207.0
2024,6037320300,Census Tract 3203,San Fernando,Los Angeles County,California,SanFernando,69559.0,18546.0
2024,6037480002,Census Tract 4800.02,San Gabriel,Los Angeles County,California,SanGabriel,187045.0,71948.0
2024,6037480102,Census Tract 4801.02,San Gabriel,Los Angeles County,California,SanGabriel,121944.0,60090.0
2024,6037480201,Census Tract 4802.01,San Gabriel,Los Angeles County,California,SanGabriel,142868.0,37368.0
2024,6037480202,Census Tract 4802.02,San Gabriel,Los Angeles County,California,SanGabriel,77692.0,29693.0
2024,6037481101,Census Tract 4811.01,San Gabriel,Los Angeles County,California,SanGabriel,73315.0,12991.0
2024,6037481102,Census Tract 4811.02,San Gabriel,Los Angeles County,California,SanGabriel,116111.0,19697.0
2024,6037481103,Census Tract 4811.03,San Gabriel,Los Angeles County,California,SanGabriel,81750.0,33025.0
2024,6037481203,Census Tract 4812.03,San Gabriel,Los Angeles County,California,SanGabriel,109494.0,19235.0
2024,6037481401,Census Tract 4814.01,San Gabriel,Los Angeles County,California,SanGabriel,107083.0,24675.0
2024,6037481403,Census Tract 4814.03,San Gabriel,Los Angeles County,California,SanGabriel,,
2024,6037481404,Census Tract 4814.04,San Gabriel,Los Angeles County,California,SanGabriel,75909.0,9757.0
2024,6037482301,Census Tract 4823.01,San Gabriel,Los Angeles County,California,SanGabriel,45357.0,35109.0
2024,6037464101,Census Tract 4641.01,San Marino,Los Angeles County,California,SanMarino,141458.0,110001.0
2024,6037464102,Census Tract 4641.02,San Marino,Los Angeles County,California,SanMarino,247679.0,92010.0
2024,6037464200,Census Tract 4642,San Marino,Los Angeles County,California,SanMarino,,
2024,6037480002,Census Tract 4800.02,San Marino,Los Angeles County,California,SanMarino,187045.0,71948.0
2024,6037463300,Census Tract 4633,San Pasqual,Los Angeles County,California,SanPasqual,77917.0,31086.0
2024,6037910807,Census Tract 9108.07,Santa Clarita,Los Angeles County,California,SantaClarita,120859.0,16880.0
2024,6037910808,Census Tract 9108.08,Santa Clarita,Los Angeles County,California,SantaClarita,113056.0,19956.0
2024,6037910809,Census Tract 9108.09,Santa Clarita,Los Angeles County,California,SantaClarita,182778.0,128972.0
2024,6037910810,Census Tract 9108.10,Santa Clarita,Los Angeles County,California,SantaClarita,127850.0,47599.0
2024,6037920013,Census Tract 9200.13,Santa Clarita,Los Angeles County,California,SantaClarita,120987.0,67901.0
2024,6037920015,Census Tract 9200.15,Santa Clarita,Los Angeles County,California,SantaClarita,186600.0,55795.0
2024,6037920016,Census Tract 9200.16,Santa Clarita,Los Angeles County,California,SantaClarita,212313.0,86050.0
2024,6037920017,Census Tract 9200.17,Santa Clarita,Los Angeles County,California,SantaClarita,172778.0,13175.0
2024,6037920018,Census Tract 9200.18,Santa Clarita,Los Angeles County,California,SantaClarita,136250.0,90674.0
2024,6037920020,Census Tract 9200.20,Santa Clarita,Los Angeles County,California,SantaClarita,148000.0,62305.0
2024,6037920028,Census Tract 9200.28,Santa Clarita,Los Angeles County,California,SantaClarita,176800.0,127247.0
2024,6037920029,Census Tract 9200.29,Santa Clarita,Los Angeles County,California,SantaClarita,102390.0,31814.0
2024,6037920030,Census Tract 9200.30,Santa Clarita,Los Angeles County,California,SantaClarita,136500.0,65363.0
2024,6037920031,Census Tract 9200.31,Santa Clarita,Los Angeles County,California,SantaClarita,70417.0,40878.0
2024,6037920034,Census Tract 9200.34,Santa Clarita,Los Angeles County,California,SantaClarita,190030.0,111334.0
2024,6037920035,Census Tract 9200.35,Santa Clarita,Los Angeles County,California,SantaClarita,100158.0,44291.0
2024,6037920038,Census Tract 9200.38,Santa Clarita,Los Angeles County,California,SantaClarita,78750.0,13239.0
2024,6037920039,Census Tract 9200.39,Santa Clarita,Los Angeles County,California,SantaClarita,172083.0,61968.0
2024,6037920040,Census Tract 9200.40,Santa Clarita,Los Angeles County,California,SantaClarita,168056.0,139709.0
2024,6037920041,Census Tract 9200.41,Santa Clarita,Los Angeles County,California,SantaClarita,89091.0,77094.0
2024,6037920042,Census Tract 9200.42,Santa Clarita,Los Angeles County,California,SantaClarita,117386.0,49654.0
2024,6037920043,Census Tract 9200.43,Santa Clarita,Los Angeles County,California,SantaClarita,163929.0,56595.0
2024,6037920044,Census Tract 9200.44,Santa Clarita,Los Angeles County,California,SantaClarita,83333.0,20298.0
2024,6037920045,Census Tract 9200.45,Santa Clarita,Los Angeles County,California,SantaClarita,212399.0,46836.0
2024,6037920046,Census Tract 9200.46,Santa Clarita,Los Angeles County,California,SantaClarita,85246.0,19916.0
2024,6037920047,Census Tract 9200.47,Santa Clarita,Los Angeles County,California,SantaClarita,71998.0,16964.0
2024,6037920048,Census Tract 9200.48,Santa Clarita,Los Angeles County,California,SantaClarita,105188.0,14240.0
2024,6037920049,Census Tract 9200.49,Santa Clarita,Los Angeles County,California,SantaClarita,133066.0,14329.0
2024,6037920102,Census Tract 9201.02,Santa Clarita,Los Angeles County,California,SantaClarita,99886.0,14450.0
2024,6037920106,Census Tract 9201.06,Santa Clarita,Los Angeles County,California,SantaClarita,119821.0,36572.0
2024,6037920109,Census Tract 9201.09,Santa Clarita,Los Angeles County,California,SantaClarita,,
2024,6037920110,Census Tract 9201.10,Santa Clarita,Los Angeles County,California,SantaClarita,132692.0,55783.0
2024,6037920111,Census Tract 9201.11,Santa Clarita,Los Angeles County,California,SantaClarita,93594.0,20033.0
2024,6037920112,Census Tract 9201.12,Santa Clarita,Los Angeles County,California,SantaClarita,165743.0,11555.0
2024,6037920114,Census Tract 9201.14,Santa Clarita,Los Angeles County,California,SantaClarita,91004.0,35734.0
2024,6037920115,Census Tract 9201.15,Santa Clarita,Los Angeles County,California,SantaClarita,,
2024,6037920120,Census Tract 9201.20,Santa Clarita,Los Angeles County,California,SantaClarita,204635.0,132848.0
2024,6037920121,Census Tract 9201.21,Santa Clarita,Los Angeles County,California,SantaClarita,231397.0,101458.0
2024,6037920200,Census Tract 9202,Santa Clarita,Los Angeles County,California,SantaClarita,,
2024,6037920312,Census Tract 9203.12,Santa Clarita,Los Angeles County,California,SantaClarita,80208.0,53119.0
2024,6037920313,Census Tract 9203.13,Santa Clarita,Los Angeles County,California,SantaClarita,199199.0,74369.0
2024,6037920314,Census Tract 9203.14,Santa Clarita,Los Angeles County,California,SantaClarita,141641.0,10275.0
2024,6037920322,Census Tract 9203.22,Santa Clarita,Los Angeles County,California,SantaClarita,181667.0,56351.0
2024,6037920326,Census Tract 9203.26,Santa Clarita,Los Angeles County,California,SantaClarita,88659.0,56177.0
2024,6037920328,Census Tract 9203.28,Santa Clarita,Los Angeles County,California,SantaClarita,79063.0,42550.0
2024,6037920329,Census Tract 9203.29,Santa Clarita,Los Angeles County,California,SantaClarita,84197.0,20760.0
2024,6037920330,Census Tract 9203.30,Santa Clarita,Los Angeles County,California,SantaClarita,69706.0,42585.0
2024,6037920331,Census Tract 9203.31,Santa Clarita,Los Angeles County,California,SantaClarita,125980.0,24833.0
2024,6037920332,Census Tract 9203.32,Santa Clarita,Los Angeles County,California,SantaClarita,95104.0,50781.0
2024,6037920334,Census Tract 9203.34,Santa Clarita,Los Angeles County,California,SantaClarita,139141.0,73672.0
2024,6037920339,Census Tract 9203.39,Santa Clarita,Los Angeles County,California,SantaClarita,80494.0,23356.0
2024,6037920340,Census Tract 9203.40,Santa Clarita,Los Angeles County,California,SantaClarita,57337.0,20212.0
2024,6037920341,Census Tract 9203.41,Santa Clarita,Los Angeles County,California,SantaClarita,61458.0,14299.0
2024,6037920342,Census Tract 9203.42,Santa Clarita,Los Angeles County,California,SantaClarita,85333.0,37389.0
2024,6037920343,Census Tract 9203.43,Santa Clarita,Los Angeles County,California,SantaClarita,85389.0,23742.0
2024,6037930400,Census Tract 9304,Santa Clarita,Los Angeles County,California,SantaClarita,93833.0,35115.0
2024,6037502200,Census Tract 5022,Santa Fe Springs,Los Angeles County,California,SantaFeSprings,128611.0,22854.0
2024,6037502303,Census Tract 5023.03,Santa Fe Springs,Los Angeles County,California,SantaFeSprings,88824.0,30665.0
2024,6037502700,Census Tract 5027,Santa Fe Springs,Los Angeles County,California,SantaFeSprings,87757.0,5494.0
2024,6037502801,Census Tract 5028.01,Santa Fe Springs,Los Angeles County,California,SantaFeSprings,134260.0,25559.0
2024,6037502901,Census Tract 5029.01,Santa Fe Springs,Los Angeles County,California,SantaFeSprings,125469.0,17691.0
2024,6037503000,Census Tract 5030,Santa Fe Springs,Los Angeles County,California,SantaFeSprings,84670.0,38493.0
2024,6037504200,Census Tract 5042,Santa Fe Springs,Los Angeles County,California,SantaFeSprings,42427.0,12512.0
2024,6037980034,Census Tract 9800.34,Santa Fe Springs,Los Angeles County,California,SantaFeSprings,,
2024,6037264305,Census Tract 2643.05,Santa Monica,Los Angeles County,California,SantaMonica,,
2024,6037701201,Census Tract 7012.01,Santa Monica,Los Angeles County,California,SantaMonica,,
2024,6037701202,Census Tract 7012.02,Santa Monica,Los Angeles County,California,SantaMonica,,
2024,6037701302,Census Tract 7013.02,Santa Monica,Los Angeles County,California,SantaMonica,,
2024,6037701304,Census Tract 7013.04,Santa Monica,Los Angeles County,California,SantaMonica,,
2024,6037701402,Census Tract 7014.02,Santa Monica,Los Angeles County,California,SantaMonica,82653.0,26228.0
2024,6037701501,Census Tract 7015.01,Santa Monica,Los Angeles County,California,SantaMonica,219250.0,170553.0
2024,6037701502,Census Tract 7015.02,Santa Monica,Los Angeles County,California,SantaMonica,138661.0,71896.0
2024,6037701601,Census Tract 7016.01,Santa Monica,Los Angeles County,California,SantaMonica,,
2024,6037701602,Census Tract 7016.02,Santa Monica,Los Angeles County,California,SantaMonica,,
2024,6037701701,Census Tract 7017.01,Santa Monica,Los Angeles County,California,SantaMonica,52045.0,26418.0
2024,6037701702,Census Tract 7017.02,Santa Monica,Los Angeles County,California,SantaMonica,58750.0,54873.0
2024,6037701801,Census Tract 7018.01,Santa Monica,Los Angeles County,California,SantaMonica,63250.0,33041.0
2024,6037701802,Census Tract 7018.02,Santa Monica,Los Angeles County,California,SantaMonica,67438.0,41526.0
2024,6037701902,Census Tract 7019.02,Santa Monica,Los Angeles County,California,SantaMonica,77000.0,61893.0
2024,6037702002,Census Tract 7020.02,Santa Monica,Los Angeles County,California,SantaMonica,103207.0,15687.0
2024,6037702102,Census Tract 7021.02,Santa Monica,Los Angeles County,California,SantaMonica,98438.0,22343.0
2024,6037702201,Census Tract 7022.01,Santa Monica,Los Angeles County,California,SantaMonica,,
2024,6037702202,Census Tract 7022.02,Santa Monica,Los Angeles County,California,SantaMonica,83636.0,59473.0
2024,6037702300,Census Tract 7023,Santa Monica,Los Angeles County,California,SantaMonica,100047.0,72949.0
2024,6037990200,Census Tract 9902,Santa Monica,Los Angeles County,California,SantaMonica,,
2024,6037430501,Census Tract 4305.01,Sierra Madre,Los Angeles County,California,SierraMadre,170125.0,77504.0
2024,6037430502,Census Tract 4305.02,Sierra Madre,Los Angeles County,California,SierraMadre,166382.0,65192.0
2024,6037573401,Census Tract 5734.01,Signal Hill,Los Angeles County,California,SignalHill,,
2024,6037573402,Census Tract 5734.02,Signal Hill,Los Angeles County,California,SignalHill,98670.0,28316.0
2024,6037573403,Census Tract 5734.03,Signal Hill,Los Angeles County,California,SignalHill,124891.0,51771.0
2024,6037980018,Census Tract 9800.18,Signal Hill,Los Angeles County,California,SignalHill,,
2024,6037433506,Census Tract 4335.06,South El Monte,Los Angeles County,California,SouthElMonte,49432.0,4443.0
2024,6037433803,Census Tract 4338.03,South El Monte,Los Angeles County,California,SouthElMonte,90938.0,26658.0
2024,6037433804,Census Tract 4338.04,South El Monte,Los Angeles County,California,SouthElMonte,72627.0,9152.0
2024,6037434003,Census Tract 4340.03,South El Monte,Los Angeles County,California,SouthElMonte,76542.0,8284.0
2024,6037434004,Census Tract 4340.04,South El Monte,Los Angeles County,California,SouthElMonte,119286.0,17609.0
2024,6037434100,Census Tract 4341,South El Monte,Los Angeles County,California,SouthElMonte,92727.0,30569.0
2024,6037535501,Census Tract 5355.01,South Gate,Los Angeles County,California,SouthGate,58520.0,14303.0
2024,6037535502,Census Tract 5355.02,South Gate,Los Angeles County,California,SouthGate,67406.0,37032.0
2024,6037535503,Census Tract 5355.03,South Gate,Los Angeles County,California,SouthGate,88598.0,11835.0
2024,6037535603,Census Tract 5356.03,South Gate,Los Angeles County,California,SouthGate,47537.0,12770.0
2024,6037535604,Census Tract 5356.04,South Gate,Los Angeles County,California,SouthGate,74444.0,12721.0
2024,6037535605,Census Tract 5356.05,South Gate,Los Angeles County,California,SouthGate,72612.0,10187.0
2024,6037535606,Census Tract 5356.06,South Gate,Los Angeles County,California,SouthGate,62361.0,17176.0
2024,6037535607,Census Tract 5356.07,South Gate,Los Angeles County,California,SouthGate,74067.0,18848.0
2024,6037535701,Census Tract 5357.01,South Gate,Los Angeles County,California,SouthGate,93231.0,16071.0
2024,6037535702,Census Tract 5357.02,South Gate,Los Angeles County,California,SouthGate,72911.0,8295.0
2024,6037535802,Census Tract 5358.02,South Gate,Los Angeles County,California,SouthGate,105946.0,15069.0
2024,6037535803,Census Tract 5358.03,South Gate,Los Angeles County,California,SouthGate,73832.0,16836.0
2024,6037535804,Census Tract 5358.04,South Gate,Los Angeles County,California,SouthGate,81985.0,29058.0
2024,6037535901,Census Tract 5359.01,South Gate,Los Angeles County,California,SouthGate,63527.0,22077.0
2024,6037535902,Census Tract 5359.02,South Gate,Los Angeles County,California,SouthGate,100368.0,29146.0
2024,6037536000,Census Tract 5360,South Gate,Los Angeles County,California,SouthGate,57872.0,20570.0
2024,6037536102,Census Tract 5361.02,South Gate,Los Angeles County,California,SouthGate,86486.0,13454.0
2024,6037536103,Census Tract 5361.03,South Gate,Los Angeles County,California,SouthGate,75250.0,7739.0
2024,6037536104,Census Tract 5361.04,South Gate,Los Angeles County,California,SouthGate,68438.0,13681.0
2024,6037536201,Census Tract 5362.01,South Gate,Los Angeles County,California,SouthGate,107245.0,26303.0
2024,6037536202,Census Tract 5362.02,South Gate,Los Angeles County,California,SouthGate,75060.0,22338.0
2024,6037431100,Census Tract 4311,South Monrovia Island,Los Angeles County,California,SouthMonroviaIsland,80313.0,9946.0
2024,6037431200,Census Tract 4312,South Monrovia Island,Los Angeles County,California,SouthMonroviaIsland,107700.0,18219.0
2024,6037480500,Census Tract 4805,South Pasadena,Los Angeles County,California,SouthPasadena,68468.0,18762.0
2024,6037480601,Census Tract 4806.01,South Pasadena,Los Angeles County,California,SouthPasadena,140787.0,3820.0
2024,6037480602,Census Tract 4806.02,South Pasadena,Los Angeles County,California,SouthPasadena,94055.0,35972.0
2024,6037480702,Census Tract 4807.02,South Pasadena,Los Angeles County,California,SouthPasadena,118713.0,63263.0
2024,6037480703,Census Tract 4807.03,South Pasadena,Los Angeles County,California,SouthPasadena,114167.0,111713.0
2024,6037480704,Census Tract 4807.04,South Pasadena,Los Angeles County,California,SouthPasadena,119167.0,33097.0
2024,6037482404,Census Tract 4824.04,South San Gabriel,Los Angeles County,California,SouthSanGabriel,66250.0,55791.0
2024,6037482521,Census Tract 4825.21,South San Gabriel,Los Angeles County,California,SouthSanGabriel,84615.0,13804.0
2024,6037482522,Census Tract 4825.22,South San Gabriel,Los Angeles County,California,SouthSanGabriel,79660.0,18205.0
2024,6037408133,Census Tract 4081.33,South San Jose Hills,Los Angeles County,California,SouthSanJoseHills,87105.0,42876.0
2024,6037408137,Census Tract 4081.37,South San Jose Hills,Los Angeles County,California,SouthSanJoseHills,67857.0,21887.0
2024,6037408138,Census Tract 4081.38,South San Jose Hills,Los Angeles County,California,SouthSanJoseHills,82667.0,20060.0
2024,6037408139,Census Tract 4081.39,South San Jose Hills,Los Angeles County,California,SouthSanJoseHills,102604.0,26605.0
2024,6037408140,Census Tract 4081.40,South San Jose Hills,Los Angeles County,California,SouthSanJoseHills,78616.0,23190.0
2024,6037408141,Census Tract 4081.41,South San Jose Hills,Los Angeles County,California,SouthSanJoseHills,100313.0,15438.0
2024,6037502005,Census Tract 5020.05,South Whittier,Los Angeles County,California,SouthWhittier,94724.0,33854.0
2024,6037502901,Census Tract 5029.01,South Whittier,Los Angeles County,California,SouthWhittier,125469.0,17691.0
2024,6037503000,Census Tract 5030,South Whittier,Los Angeles County,California,SouthWhittier,84670.0,38493.0
2024,6037503103,Census Tract 5031.03,South Whittier,Los Angeles County,California,SouthWhittier,111458.0,17167.0
2024,6037503104,Census Tract 5031.04,South Whittier,Los Angeles County,California,SouthWhittier,88534.0,14493.0
2024,6037503105,Census Tract 5031.05,South Whittier,Los Angeles County,California,SouthWhittier,99500.0,29441.0
2024,6037503106,Census Tract 5031.06,South Whittier,Los Angeles County,California,SouthWhittier,94250.0,33059.0
2024,6037503201,Census Tract 5032.01,South Whittier,Los Angeles County,California,SouthWhittier,118344.0,34427.0
2024,6037503202,Census Tract 5032.02,South Whittier,Los Angeles County,California,SouthWhittier,109855.0,38701.0
2024,6037503302,Census Tract 5033.02,South Whittier,Los Angeles County,California,SouthWhittier,97761.0,9994.0
2024,6037503501,Census Tract 5035.01,South Whittier,Los Angeles County,California,SouthWhittier,106510.0,32595.0
2024,6037503502,Census Tract 5035.02,South Whittier,Los Angeles County,California,SouthWhittier,112583.0,39307.0
2024,6037504200,Census Tract 5042,South Whittier,Los Angeles County,California,SouthWhittier,42427.0,12512.0
2024,6037920326,Census Tract 9203.26,Stevenson Ranch,Los Angeles County,California,StevensonRanch,88659.0,56177.0
2024,6037920338,Census Tract 9203.38,Stevenson Ranch,Los Angeles County,California,StevensonRanch,157904.0,41530.0
2024,6037920339,Census Tract 9203.39,Stevenson Ranch,Los Angeles County,California,StevensonRanch,80494.0,23356.0
2024,6037910002,Census Tract 9100.02,Sun Village,Los Angeles County,California,SunVillage,72853.0,20369.0
2024,6037910706,Census Tract 9107.06,Sun Village,Los Angeles County,California,SunVillage,95625.0,28364.0
2024,6037911100,Census Tract 9111,Sun Village,Los Angeles County,California,SunVillage,68254.0,16364.0
2024,6037431501,Census Tract 4315.01,Temple City,Los Angeles County,California,TempleCity,64583.0,12880.0
2024,6037431502,Census Tract 4315.02,Temple City,Los Angeles County,California,TempleCity,98869.0,36506.0
2024,6037431800,Census Tract 4318,Temple City,Los Angeles County,California,TempleCity,,
2024,6037431900,Census Tract 4319,Temple City,Los Angeles County,California,TempleCity,87143.0,14038.0
2024,6037432001,Census Tract 4320.01,Temple City,Los Angeles County,California,TempleCity,125365.0,57071.0
2024,6037432002,Census Tract 4320.02,Temple City,Los Angeles County,California,TempleCity,67885.0,45365.0
2024,6037432101,Census Tract 4321.01,Temple City,Los Angeles County,California,TempleCity,162708.0,56913.0
2024,6037432102,Census Tract 4321.02,Temple City,Los Angeles County,California,TempleCity,114327.0,96302.0
2024,6037480012,Census Tract 4800.12,Temple City,Los Angeles County,California,TempleCity,76705.0,39095.0
2024,6037480101,Census Tract 4801.01,Temple City,Los Angeles County,California,TempleCity,69750.0,37387.0
2024,6037480102,Census Tract 4801.02,Temple City,Los Angeles County,California,TempleCity,121944.0,60090.0
2024,6037481201,Census Tract 4812.01,Temple City,Los Angeles County,California,TempleCity,115217.0,84870.0
2024,6037800101,Census Tract 8001.01,Topanga,Los Angeles County,California,Topanga,,
2024,6037800103,Census Tract 8001.03,Topanga,Los Angeles County,California,Topanga,163077.0,90364.0
2024,6037800104,Census Tract 8001.04,Topanga,Los Angeles County,California,Topanga,,
2024,6037800506,Census Tract 8005.06,Topanga,Los Angeles County,California,Topanga,,
2024,6037650001,Census Tract 6500.01,Torrance,Los Angeles County,California,Torrance,98611.0,30874.0
2024,6037650003,Census Tract 6500.03,Torrance,Los Angeles County,California,Torrance,97656.0,40672.0
2024,6037650004,Census Tract 6500.04,Torrance,Los Angeles County,California,Torrance,120417.0,60056.0
2024,6037650101,Census Tract 6501.01,Torrance,Los Angeles County,California,Torrance,69046.0,31915.0
2024,6037650102,Census Tract 6501.02,Torrance,Los Angeles County,California,Torrance,115625.0,84916.0
2024,6037650200,Census Tract 6502,Torrance,Los Angeles County,California,Torrance,178929.0,35784.0
2024,6037650300,Census Tract 6503,Torrance,Los Angeles County,California,Torrance,81575.0,42135.0
2024,6037650401,Census Tract 6504.01,Torrance,Los Angeles County,California,Torrance,139167.0,31175.0
2024,6037650501,Census Tract 6505.01,Torrance,Los Angeles County,California,Torrance,72461.0,53016.0
2024,6037650502,Census Tract 6505.02,Torrance,Los Angeles County,California,Torrance,107727.0,40599.0
2024,6037650603,Census Tract 6506.03,Torrance,Los Angeles County,California,Torrance,137577.0,91006.0
2024,6037650604,Census Tract 6506.04,Torrance,Los Angeles County,California,Torrance,65270.0,50152.0
2024,6037650605,Census Tract 6506.05,Torrance,Los Angeles County,California,Torrance,147660.0,38481.0
2024,6037650606,Census Tract 6506.06,Torrance,Los Angeles County,California,Torrance,65606.0,23126.0
2024,6037650607,Census Tract 6506.07,Torrance,Los Angeles County,California,Torrance,,
2024,6037650701,Census Tract 6507.01,Torrance,Los Angeles County,California,Torrance,175167.0,82815.0
2024,6037650702,Census Tract 6507.02,Torrance,Los Angeles County,California,Torrance,137778.0,27945.0
2024,6037650801,Census Tract 6508.01,Torrance,Los Angeles County,California,Torrance,135040.0,102602.0
2024,6037650802,Census Tract 6508.02,Torrance,Los Angeles County,California,Torrance,,
2024,6037650901,Census Tract 6509.01,Torrance,Los Angeles County,California,Torrance,100700.0,91267.0
2024,6037650903,Census Tract 6509.03,Torrance,Los Angeles County,California,Torrance,76529.0,2566.0
2024,6037650904,Census Tract 6509.04,Torrance,Los Angeles County,California,Torrance,128608.0,13822.0
2024,6037651001,Census Tract 6510.01,Torrance,Los Angeles County,California,Torrance,91607.0,38651.0
2024,6037651002,Census Tract 6510.02,Torrance,Los Angeles County,California,Torrance,108009.0,15812.0
2024,6037651101,Census Tract 6511.01,Torrance,Los Angeles County,California,Torrance,125189.0,32371.0
2024,6037651102,Census Tract 6511.02,Torrance,Los Angeles County,California,Torrance,,
2024,6037651201,Census Tract 6512.01,Torrance,Los Angeles County,California,Torrance,,
2024,6037651221,Census Tract 6512.21,Torrance,Los Angeles County,California,Torrance,51625.0,35954.0
2024,6037651222,Census Tract 6512.22,Torrance,Los Angeles County,California,Torrance,92404.0,43022.0
2024,6037651302,Census Tract 6513.02,Torrance,Los Angeles County,California,Torrance,,
2024,6037651304,Census Tract 6513.04,Torrance,Los Angeles County,California,Torrance,,
2024,6037651401,Census Tract 6514.01,Torrance,Los Angeles County,California,Torrance,184178.0,24389.0
2024,6037651402,Census Tract 6514.02,Torrance,Los Angeles County,California,Torrance,49707.0,12367.0
2024,6037980005,Census Tract 9800.05,Torrance,Los Angeles County,California,Torrance,,
2024,6037990200,Census Tract 9902,Torrance,Los Angeles County,California,Torrance,,
2024,6037406601,Census Tract 4066.01,Valinda,Los Angeles County,California,Valinda,152697.0,15053.0
2024,6037406602,Census Tract 4066.02,Valinda,Los Angeles County,California,Valinda,92266.0,51893.0
2024,6037407501,Census Tract 4075.01,Valinda,Los Angeles County,California,Valinda,77917.0,44985.0
2024,6037407502,Census Tract 4075.02,Valinda,Los Angeles County,California,Valinda,125450.0,21733.0
2024,6037407801,Census Tract 4078.01,Valinda,Los Angeles County,California,Valinda,106290.0,53492.0
2024,6037407802,Census Tract 4078.02,Valinda,Los Angeles County,California,Valinda,130952.0,34833.0
2024,6037407901,Census Tract 4079.01,Valinda,Los Angeles County,California,Valinda,101903.0,33252.0
2024,6037408003,Census Tract 4080.03,Valinda,Los Angeles County,California,Valinda,107284.0,12123.0
2024,6037408004,Census Tract 4080.04,Valinda,Los Angeles County,California,Valinda,92536.0,26390.0
2024,6037920106,Census Tract 9201.06,Val Verde,Los Angeles County,California,ValVerde,119821.0,36572.0
2024,6037980016,Census Tract 9800.16,Vernon,Los Angeles County,California,Vernon,71083.0,12163.0
2024,6037703100,Census Tract 7031,View Park-Windsor Hills,Los Angeles County,California,ViewPark-WindsorHills,159537.0,49533.0
2024,6037703200,Census Tract 7032,View Park-Windsor Hills,Los Angeles County,California,ViewPark-WindsorHills,,
2024,6037404501,Census Tract 4045.01,Vincent,Los Angeles County,California,Vincent,54609.0,14398.0
2024,6037404503,Census Tract 4045.03,Vincent,Los Angeles County,California,Vincent,88333.0,31854.0
2024,6037405301,Census Tract 4053.01,Vincent,Los Angeles County,California,Vincent,87076.0,10633.0
2024,6037405400,Census Tract 4054,Vincent,Los Angeles County,California,Vincent,114403.0,23307.0
2024,6037405500,Census Tract 4055,Vincent,Los Angeles County,California,Vincent,93910.0,38034.0
2024,6037405701,Census Tract 4057.01,Vincent,Los Angeles County,California,Vincent,91693.0,31017.0
2024,6037405702,Census Tract 4057.02,Vincent,Los Angeles County,California,Vincent,89583.0,20195.0
2024,6037405800,Census Tract 4058,Vincent,Los Angeles County,California,Vincent,118772.0,25357.0
2024,6037403401,Census Tract 4034.01,Walnut,Los Angeles County,California,Walnut,,
2024,6037403402,Census Tract 4034.02,Walnut,Los Angeles County,California,Walnut,99154.0,60082.0
2024,6037403403,Census Tract 4034.03,Walnut,Los Angeles County,California,Walnut,,
2024,6037403404,Census Tract 4034.04,Walnut,Los Angeles County,California,Walnut,105625.0,29654.0
2024,6037403407,Census Tract 4034.07,Walnut,Los Angeles County,California,Walnut,170234.0,25205.0
2024,6037403408,Census Tract 4034.08,Walnut,Los Angeles County,California,Walnut,96328.0,49550.0
2024,6037403409,Census Tract 4034.09,Walnut,Los Angeles County,California,Walnut,154833.0,48521.0
2024,6037403500,Census Tract 4035,Walnut,Los Angeles County,California,Walnut,,
2024,6037534700,Census Tract 5347,Walnut Park,Los Angeles County,California,WalnutPark,83500.0,18571.0
2024,6037534802,Census Tract 5348.02,Walnut Park,Los Angeles County,California,WalnutPark,72981.0,10471.0
2024,6037534803,Census Tract 5348.03,Walnut Park,Los Angeles County,California,WalnutPark,82917.0,6141.0
2024,6037534804,Census Tract 5348.04,Walnut Park,Los Angeles County,California,WalnutPark,72917.0,21086.0
2024,6037602700,Census Tract 6027,West Athens,Los Angeles County,California,WestAthens,138650.0,93821.0
2024,6037602801,Census Tract 6028.01,West Athens,Los Angeles County,California,WestAthens,65189.0,7394.0
2024,6037602802,Census Tract 6028.02,West Athens,Los Angeles County,California,WestAthens,86397.0,18178.0
2024,6037543502,Census Tract 5435.02,West Carson,Los Angeles County,California,WestCarson,90128.0,45115.0
2024,6037543503,Census Tract 5435.03,West Carson,Los Angeles County,California,WestCarson,53902.0,35057.0
2024,6037543603,Census Tract 5436.03,West Carson,Los Angeles County,California,WestCarson,121756.0,36714.0
2024,6037543605,Census Tract 5436.05,West Carson,Los Angeles County,California,WestCarson,89868.0,21920.0
2024,6037543606,Census Tract 5436.06,West Carson,Los Angeles County,California,WestCarson,42885.0,21906.0
2024,6037403500,Census Tract 4035,West Covina,Los Angeles County,California,WestCovina,,
2024,6037403601,Census Tract 4036.01,West Covina,Los Angeles County,California,WestCovina,124643.0,74685.0
2024,6037405301,Census Tract 4053.01,West Covina,Los Angeles County,California,WestCovina,87076.0,10633.0
2024,6037405302,Census Tract 4053.02,West Covina,Los Angeles County,California,WestCovina,101641.0,21059.0
2024,6037405400,Census Tract 4054,West Covina,Los Angeles County,California,WestCovina,114403.0,23307.0
2024,6037405500,Census Tract 4055,West Covina,Los Angeles County,California,WestCovina,93910.0,38034.0
2024,6037405600,Census Tract 4056,West Covina,Los Angeles County,California,WestCovina,101600.0,47449.0
2024,6037406201,Census Tract 4062.01,West Covina,Los Angeles County,California,WestCovina,56488.0,28573.0
2024,6037406300,Census Tract 4063,West Covina,Los Angeles County,California,WestCovina,85500.0,27986.0
2024,6037406413,Census Tract 4064.13,West Covina,Los Angeles County,California,WestCovina,133207.0,25263.0
2024,6037406500,Census Tract 4065,West Covina,Los Angeles County,California,WestCovina,93304.0,16690.0
2024,6037406601,Census Tract 4066.01,West Covina,Los Angeles County,California,WestCovina,152697.0,15053.0
2024,6037406602,Census Tract 4066.02,West Covina,Los Angeles County,California,WestCovina,92266.0,51893.0
2024,6037406701,Census Tract 4067.01,West Covina,Los Angeles County,California,WestCovina,93409.0,18457.0
2024,6037406702,Census Tract 4067.02,West Covina,Los Angeles County,California,WestCovina,89081.0,6302.0
2024,6037406801,Census Tract 4068.01,West Covina,Los Angeles County,California,WestCovina,127781.0,34238.0
2024,6037406903,Census Tract 4069.03,West Covina,Los Angeles County,California,WestCovina,82943.0,37345.0
2024,6037407400,Census Tract 4074,West Covina,Los Angeles County,California,WestCovina,130987.0,28524.0
2024,6037407801,Census Tract 4078.01,West Covina,Los Angeles County,California,WestCovina,106290.0,53492.0
2024,6037407902,Census Tract 4079.02,West Covina,Los Angeles County,California,WestCovina,81750.0,28663.0
2024,6037408003,Census Tract 4080.03,West Covina,Los Angeles County,California,WestCovina,107284.0,12123.0
2024,6037408004,Census Tract 4080.04,West Covina,Los Angeles County,California,WestCovina,92536.0,26390.0
2024,6037408005,Census Tract 4080.05,West Covina,Los Angeles County,California,WestCovina,134804.0,33151.0
2024,6037408006,Census Tract 4080.06,West Covina,Los Angeles County,California,WestCovina,80469.0,43068.0
2024,6037408133,Census Tract 4081.33,West Covina,Los Angeles County,California,WestCovina,87105.0,42876.0
2024,6037408134,Census Tract 4081.34,West Covina,Los Angeles County,California,WestCovina,163229.0,123153.0
2024,6037408135,Census Tract 4081.35,West Covina,Los Angeles County,California,WestCovina,89336.0,20593.0
2024,6037408136,Census Tract 4081.36,West Covina,Los Angeles County,California,WestCovina,128491.0,29725.0
2024,6037408137,Census Tract 4081.37,West Covina,Los Angeles County,California,WestCovina,67857.0,21887.0
2024,6037408141,Census Tract 4081.41,West Covina,Los Angeles County,California,WestCovina,100313.0,15438.0
2024,6037700101,Census Tract 7001.01,West Hollywood,Los Angeles County,California,WestHollywood,118207.0,67096.0
2024,6037700102,Census Tract 7001.02,West Hollywood,Los Angeles County,California,WestHollywood,44346.0,5226.0
2024,6037700200,Census Tract 7002,West Hollywood,Los Angeles County,California,WestHollywood,84379.0,67674.0
2024,6037700300,Census Tract 7003,West Hollywood,Los Angeles County,California,WestHollywood,110641.0,33378.0
2024,6037700400,Census Tract 7004,West Hollywood,Los Angeles County,California,WestHollywood,128173.0,44015.0
2024,6037700501,Census Tract 7005.01,West Hollywood,Los Angeles County,California,WestHollywood,,
2024,6037700502,Census Tract 7005.02,West Hollywood,Los Angeles County,California,WestHollywood,,
2024,6037800324,Census Tract 8003.24,Westlake Village,Los Angeles County,California,WestlakeVillage,,
2024,6037800325,Census Tract 8003.25,Westlake Village,Los Angeles County,California,WestlakeVillage,,
2024,6037800335,Census Tract 8003.35,Westlake Village,Los Angeles County,California,WestlakeVillage,,
2024,6037800338,Census Tract 8003.38,Westlake Village,Los Angeles County,California,WestlakeVillage,112330.0,105606.0
2024,6037600100,Census Tract 6001,Westmont,Los Angeles County,California,Westmont,67206.0,6036.0
2024,6037600201,Census Tract 6002.01,Westmont,Los Angeles County,California,Westmont,70331.0,22867.0
2024,6037600202,Census Tract 6002.02,Westmont,Los Angeles County,California,Westmont,85268.0,16640.0
2024,6037600302,Census Tract 6003.02,Westmont,Los Angeles County,California,Westmont,76326.0,53794.0
2024,6037600303,Census Tract 6003.03,Westmont,Los Angeles County,California,Westmont,51667.0,45666.0
2024,6037600304,Census Tract 6003.04,Westmont,Los Angeles County,California,Westmont,61594.0,4494.0
2024,6037600400,Census Tract 6004,Westmont,Los Angeles County,California,Westmont,,
2024,6037404703,Census Tract 4047.03,West Puente Valley,Los Angeles County,California,WestPuenteValley,84091.0,16434.0
2024,6037406903,Census Tract 4069.03,West Puente Valley,Los Angeles County,California,WestPuenteValley,82943.0,37345.0
2024,6037407001,Census Tract 4070.01,West Puente Valley,Los Angeles County,California,WestPuenteValley,87863.0,11466.0
2024,6037407002,Census Tract 4070.02,West Puente Valley,Los Angeles County,California,WestPuenteValley,118477.0,16107.0
2024,6037407301,Census Tract 4073.01,West Puente Valley,Los Angeles County,California,WestPuenteValley,73500.0,35483.0
2024,6037407302,Census Tract 4073.02,West Puente Valley,Los Angeles County,California,WestPuenteValley,113512.0,22809.0
2024,6037407501,Census Tract 4075.01,West Puente Valley,Los Angeles County,California,WestPuenteValley,77917.0,44985.0
2024,6037540800,Census Tract 5408,West Rancho Dominguez,Los Angeles County,California,WestRanchoDominguez,87539.0,29621.0
2024,6037540901,Census Tract 5409.01,West Rancho Dominguez,Los Angeles County,California,WestRanchoDominguez,91792.0,17997.0
2024,6037540902,Census Tract 5409.02,West Rancho Dominguez,Los Angeles County,California,WestRanchoDominguez,81875.0,39997.0
2024,6037541003,Census Tract 5410.03,West Rancho Dominguez,Los Angeles County,California,WestRanchoDominguez,64960.0,28798.0
2024,6037541100,Census Tract 5411,West Rancho Dominguez,Los Angeles County,California,WestRanchoDominguez,95223.0,11023.0
2024,6037541200,Census Tract 5412,West Rancho Dominguez,Los Angeles County,California,WestRanchoDominguez,62083.0,16165.0
2024,6037543000,Census Tract 5430,West Rancho Dominguez,Los Angeles County,California,WestRanchoDominguez,57431.0,54083.0
2024,6037501001,Census Tract 5010.01,West Whittier-Los Nietos,Los Angeles County,California,WestWhittier-LosNietos,108281.0,27119.0
2024,6037501002,Census Tract 5010.02,West Whittier-Los Nietos,Los Angeles County,California,WestWhittier-LosNietos,122281.0,18491.0
2024,6037501200,Census Tract 5012,West Whittier-Los Nietos,Los Angeles County,California,WestWhittier-LosNietos,107148.0,19739.0
2024,6037502100,Census Tract 5021,West Whittier-Los Nietos,Los Angeles County,California,WestWhittier-LosNietos,96319.0,21424.0
2024,6037502200,Census Tract 5022,West Whittier-Los Nietos,Los Angeles County,California,WestWhittier-LosNietos,128611.0,22854.0
2024,6037502303,Census Tract 5023.03,West Whittier-Los Nietos,Los Angeles County,California,WestWhittier-LosNietos,88824.0,30665.0
2024,6037500202,Census Tract 5002.02,Whittier,Los Angeles County,California,Whittier,,
2024,6037500203,Census Tract 5002.03,Whittier,Los Angeles County,California,Whittier,218750.0,29132.0
2024,6037501001,Census Tract 5010.01,Whittier,Los Angeles County,California,Whittier,108281.0,27119.0
2024,6037501002,Census Tract 5010.02,Whittier,Los Angeles County,California,Whittier,122281.0,18491.0
2024,6037501200,Census Tract 5012,Whittier,Los Angeles County,California,Whittier,107148.0,19739.0
2024,6037501301,Census Tract 5013.01,Whittier,Los Angeles County,California,Whittier,124625.0,26751.0
2024,6037501302,Census Tract 5013.02,Whittier,Los Angeles County,California,Whittier,98000.0,10465.0
2024,6037501400,Census Tract 5014,Whittier,Los Angeles County,California,Whittier,91250.0,37127.0
2024,6037501501,Census Tract 5015.01,Whittier,Los Angeles County,California,Whittier,155078.0,38078.0
2024,6037501503,Census Tract 5015.03,Whittier,Los Angeles County,California,Whittier,86419.0,10626.0
2024,6037501504,Census Tract 5015.04,Whittier,Los Angeles County,California,Whittier,59288.0,13477.0
2024,6037501600,Census Tract 5016,Whittier,Los Angeles County,California,Whittier,104167.0,58057.0
2024,6037501700,Census Tract 5017,Whittier,Los Angeles County,California,Whittier,100872.0,39227.0
2024,6037501802,Census Tract 5018.02,Whittier,Los Angeles County,California,Whittier,99375.0,22539.0
2024,6037501803,Census Tract 5018.03,Whittier,Los Angeles County,California,Whittier,62163.0,4803.0
2024,6037501804,Census Tract 5018.04,Whittier,Los Angeles County,California,Whittier,57222.0,14462.0
2024,6037501900,Census Tract 5019,Whittier,Los Angeles County,California,Whittier,130490.0,20176.0
2024,6037502003,Census Tract 5020.03,Whittier,Los Angeles County,California,Whittier,70417.0,21205.0
2024,6037502004,Census Tract 5020.04,Whittier,Los Angeles County,California,Whittier,67043.0,6183.0
2024,6037502005,Census Tract 5020.05,Whittier,Los Angeles County,California,Whittier,94724.0,33854.0
2024,6037502100,Census Tract 5021,Whittier,Los Angeles County,California,Whittier,96319.0,21424.0
2024,6037503301,Census Tract 5033.01,Whittier,Los Angeles County,California,Whittier,163672.0,44490.0
2024,6037503401,Census Tract 5034.01,Whittier,Los Angeles County,California,Whittier,115944.0,34142.0
2024,6037503402,Census Tract 5034.02,Whittier,Los Angeles County,California,Whittier,135380.0,85179.0
2024,6037503501,Census Tract 5035.01,Whittier,Los Angeles County,California,Whittier,106510.0,32595.0
2024,6037503502,Census Tract 5035.02,Whittier,Los Angeles County,California,Whittier,112583.0,39307.0
2024,6037504200,Census Tract 5042,Whittier,Los Angeles County,California,Whittier,42427.0,12512.0
2024,6037980036,Census Tract 9800.36,Whittier,Los Angeles County,California,Whittier,94167.0,40922.0
2024,6037540400,Census Tract 5404,Willowbrook,Los Angeles County,California,Willowbrook,86738.0,6542.0
2024,6037540600,Census Tract 5406,Willowbrook,Los Angeles County,California,Willowbrook,47313.0,16281.0
2024,6037540700,Census Tract 5407,Willowbrook,Los Angeles County,California,Willowbrook,76250.0,29713.0
2024,6037540800,Census Tract 5408,Willowbrook,Los Angeles County,California,Willowbrook,87539.0,29621.0
2024,6037541300,Census Tract 5413,Willowbrook,Los Angeles County,California,Willowbrook,103938.0,34383.0
2024,6037541401,Census Tract 5414.01,Willowbrook,Los Angeles County,California,Willowbrook,80882.0,25203.0
2024,6037541402,Census Tract 5414.02,Willowbrook,Los Angeles County,California,Willowbrook,61029.0,38795.0
2024,6037541500,Census Tract 5415,Willowbrook,Los Angeles County,California,Willowbrook,79063.0,36455.0
